{"type":"FeatureCollection","name":"roads_major_generated","crs":{"type":"name","properties":{"name":"urn:ogc:def:crs:OGC:1.3:CRS84"}},"xy_coordinate_resolution":1e-15,"features":[{"type":"Feature","properties":{"id":7,"group":"roads","name":"Silvered road"},"geometry":{"type":"MultiPolygon","coordinates":[[[[55.22310676594156,11.54968726189172],[54.82440805427274,11.348987862624835],[54.82440322124816,11.348986066855442],[54.08640327078277,11.163585996924729],[54.08639898373262,11.163585335733355],[54.08639475436105,11.163585506818459],[53.609394745349846,11.231985462351565],[53.60939434334724,11.231985524452716],[51.449397563703876,11.59558476927665],[48.13020315930012,11.095185268435818],[45.35640529242456,10.117785715760778],[45.35640240435422,10.117784900937743],[45.35639945108964,10.117784495526667],[42.79139951449906,9.948584266000914],[42.791399271274635,9.94858425148222],[40.90139931271724,9.847784088536493],[40.90139474416103,9.847784376567715],[38.96369477829749,10.210484222396632],[37.306794823400544,10.515584092200717],[37.306791780061005,10.515584941997178],[37.306789011662524,10.515586295454845],[37.30678661080276,10.515588107303243],[36.860386560068,10.929588113467771],[36.86038489759762,10.92958994793527],[36.86038358966822,10.92959201838306],[36.54448595042772,11.546987297033297],[35.690391163897885,11.90608505831676],[35.69040883610467,11.906114941682057],[36.54450879389225,11.54701490088643],[36.54451194512321,11.547013153137772],[36.544514543532884,11.547010796660958],[36.544516468866746,11.547007940513907],[36.86041528177975,10.92961017145498],[37.306810020287216,10.515615004411918],[38.9637051480474,10.210515790989977],[38.963705295171586,10.210515763635785],[40.90140302197975,9.847816034960315],[42.79140060714402,9.948615741982092],[45.35639756260358,10.117815306582168],[48.130194917950625,11.095214065303725],[48.13019884078715,11.095215037231487],[51.449398995110485,11.595614719392644],[51.44940239301967,11.59561496015511],[51.44940570590672,11.59561466939505],[53.609405456401255,11.232014508581193],[54.08640104595247,11.163615092558645],[54.82439424763476,11.349013300248844],[55.223091987302865,11.54971211274667],[55.22309456071019,11.549713213062615],[55.892694618802835,11.788213157020985],[55.8927053811998,11.788186842980128],[55.22310676594156,11.54968726189172]]]]}},{"type":"Feature","properties":{"id":13,"group":"roads","name":"Towblester Route"},"geometry":{"type":"MultiPolygon","coordinates":[[[[30.488398506072723,-3.344417102108571],[29.903402178237517,-3.42901660986048],[29.903400034761148,-3.429016797560181],[29.19600001464499,-3.450616844426782],[29.195998770991128,-3.45061684078391],[28.531798746264236,-3.426316881677889],[28.53179524837075,-3.426316419135605],[27.72899672440487,-3.240016811768437],[26.986502448457088,-3.193217220285263],[26.378106385977247,-3.429015738296031],[26.378101403596897,-3.429016931759139],[26.02712774636874,-3.464263114689244],[26.02712412259072,-3.464263128627886],[25.915101926914904,-3.453842465706712],[25.915098876773946,-3.453841921742105],[25.915095986274007,-3.453840881205082],[25.915093342775766,-3.453839375544198],[25.813491812647158,-3.383499859757063],[25.81348817262459,-3.383496444812829],[25.717096977457768,-3.261053578703831],[25.71709596147122,-3.261052132686487],[25.62852026918455,-3.119070510204992],[25.628518917615924,-3.119067808324259],[25.50868186293569,-2.809054558779359],[25.452029158313675,-2.724068663982969],[25.33805399905973,-2.669686805357223],[24.734960872031476,-2.604557988418797],[24.73495795939853,-2.604557430593883],[24.7349551981235,-2.604556415320015],[24.626691786525335,-2.554215442328029],[24.62668887078795,-2.554213724225658],[24.626686372369285,-2.554211491497745],[24.626684384954054,-2.554208827866264],[24.56561191479498,-2.452147514021344],[24.565610550384925,-2.452144617109454],[24.190183131387837,-1.380606240490474],[23.880583925053923,-0.605708238130634],[23.407186702149968,0.094487626751116],[23.07778939772763,0.316785796273975],[23.077786671400514,0.31678809638938],[23.07778451355332,0.316790904207346],[23.07778301622069,0.316794099971227],[22.942783007253826,0.713694124296618],[22.942782882696346,0.713694507841022],[22.741184392582255,1.367089568990034],[22.35689078950011,1.663184626172431],[21.959993506924043,1.7981836855676],[21.95998993012451,1.798185381752897],[21.959986871018323,1.798187829463816],[21.596386843212464,2.168087840312522],[21.596413156788238,2.168112159686839],[21.96001033555252,1.798215003922991],[22.35690647468731,1.663216301844999],[22.356909088294216,1.663215169843522],[22.356911460730146,1.663213635288443],[22.741211433256623,1.367113638312142],[22.741213895564695,1.367111312078343],[22.741215819645753,1.367108547685617],[22.741217130972984,1.367105452209186],[22.942817057399246,0.713705684722549],[23.077815211595283,0.316811085680604],[23.40721057896388,0.094514203758837],[23.407213066792167,0.094512158255264],[23.407215100533058,0.094509690237133],[23.880615062588816,-0.605690273885299],[23.880616735614623,-0.605693430088433],[24.190216716174408,-1.380593381321691],[24.19021700179132,-1.380594144822036],[24.56564398044601,-2.452131253341146],[24.626712982367895,-2.55418677699863],[24.734968925575586,-2.604524287537617],[25.338062124660077,-2.669653173332301],[25.338065151742942,-2.66965375631416],[25.338068012534656,-2.669654832070828],[25.45205020320844,-2.724040056866108],[25.45205284135673,-2.724041611513563],[25.45205514051542,-2.724043589460162],[25.45205702999141,-2.724045929889124],[25.508713280371712,-2.809037149048954],[25.50871492291534,-2.809040317814967],[25.628552061878814,-3.119053785621861],[25.7171264693903,-3.261033351736447],[25.813515550705873,-3.383473541101929],[25.91511114857356,-3.453808961123519],[26.0271267691119,-3.464229024730328],[26.378096024728872,-3.428983327406474],[26.98649362607745,-3.19318430113419],[26.986497616014706,-3.193183233136292],[26.98650173149588,-3.193183048104367],[27.72900170229566,-3.239983090922119],[27.729004798434644,-3.23998354454356],[28.531803032333684,-3.426283185183626],[29.196000607915103,-3.450583137118741],[29.903398889525434,-3.428983236243711],[30.488397814815443,-3.34438343172676],[30.488401463022548,-3.344383251707094],[30.48840505069438,-3.344383764678639],[30.967205021155184,-3.46048378735095],[30.967194978846695,-3.460516212649616],[30.488398506072723,-3.344417102108571]]]]}},{"type":"Feature","properties":{"id":22,"group":"roads","name":"Arcane route"},"geometry":{"type":"MultiPolygon","coordinates":[[[[-63.67580661571824,7.870485607488185],[-63.675808703460795,7.870486660396677],[-64.08800827502643,8.108086456264353],[-64.70900744104256,8.428486088950164],[-65.14910643382555,8.631885667921779],[-65.82770210315189,8.894684061852498],[-66.61339738338867,8.89198414586572],[-67.62859656119272,8.803784302047003],[-67.62860172277243,8.803784524918028],[-68.01469936022411,8.86948415949288],[-68.54029285508443,8.837984593178305],[-69.16218948520475,8.497786496373937],[-69.16218999158616,8.497786232292652],[-70.0738887326676,8.045986923839367],[-71.34378663082211,7.10818858612556],[-72.0682834629544,6.350391956778342],[-72.2806826372174,5.591695051671153],[-72.28068420220234,5.591691607588818],[-72.8431838851538,4.731292154758421],[-73.78098370769594,2.950192638573138],[-73.78098413592711,2.950191907207881],[-75.01578384791468,1.049392446347859],[-75.51888354778373,0.053093097957474],[-75.51888489783668,0.053090995686959],[-76.07328184126659,-0.646205153941824],[-76.03008226770469,-1.327498427741292],[-75.78348288788801,-2.017796625817176],[-75.78348218422926,-2.017799753039103],[-75.78348225644011,-2.017802891016104],[-75.92838226014864,-2.946603002958947],[-75.9283830196865,-2.946605705277285],[-75.92838437402969,-2.946608207744802],[-76.30278241860759,-3.483905411089492],[-76.35408183300775,-4.054499041192287],[-75.99858293038102,-4.965296128739432],[-75.99858253247423,-4.965297323478512],[-75.80868247610807,-5.647497385561521],[-75.80868204590452,-5.647499849262736],[-75.80868209717026,-5.64750231700625],[-75.80868262853053,-5.647504722615343],[-76.22268265250828,-6.876004873108821],[-76.2226837972235,-6.876007308700601],[-76.2226854482575,-6.876009515903602],[-76.91298535694615,-7.622109392299299],[-77.94888500123983,-8.782208965228223],[-78.9577848322485,-10.01160873778106],[-78.95778514908075,-10.011609101920852],[-79.89738302334669,-11.034006821767722],[-80.54628121046841,-13.160701267134828],[-80.29788212859786,-14.500795640416424],[-79.67598693019131,-15.398988491003308],[-78.18379313259759,-15.895786251067044],[-78.18379117809498,-15.895787006198782],[-76.96879113437912,-16.434886880347705],[-76.96878874754938,-16.434888133873983],[-76.96878661843597,-16.434889659171787],[-75.79429066705471,-17.415886061081316],[-74.78802066536295,-17.5691041669793],[-74.59485498417439,-17.25740158254755],[-74.59485268079007,-17.257398711054],[-74.59484963813901,-17.257396335169528],[-74.22561154421344,-17.027087888447667],[-74.22560826565898,-17.027086241316553],[-74.22560463683844,-17.027085177224155],[-74.22560081152693,-17.027084741262524],[-72.93860092715549,-16.984784632032085],[-72.93859753587087,-16.984784760089003],[-72.9385942250773,-16.984785385959455],[-72.93859110292217,-16.984786489199358],[-72.93858827139113,-16.984788033771256],[-72.14920031625306,-17.50554671087199],[-72.14922390239906,-17.50557077478674],[-72.93860617504967,-16.984815626591562],[-74.22559319114421,-17.02711508290183],[-74.59482322475968,-17.25741845856299],[-74.78799331685923,-17.5691281259163],[-74.78799514085652,-17.56913048142099],[-74.7879974679738,-17.569132526174617],[-74.78800022020718,-17.56913419163795],[-74.788003305303,-17.569135421985425],[-74.78800661985022,-17.569136175976347],[-74.7880100527467,-17.569136428337277],[-74.78801348892323,-17.569136170609273],[-75.79430338757875,-17.41591485511414],[-75.79430712299312,-17.41591395075353],[-75.79431055386539,-17.41591244993159],[-75.79431353350937,-17.415910416815642],[-76.96881138280506,-16.43491200358349],[-78.18380787087119,-15.895813416047162],[-79.67600685514877,-15.399013585249707],[-79.67600972215446,-15.399012392246794],[-79.67601230112923,-15.399010832108278],[-79.67601451566777,-15.399008951055182],[-79.67601630016166,-15.399006804816059],[-80.29791615249525,-14.50080682165853],[-80.29791756050287,-14.500804283739331],[-80.29791835752698,-14.500801596775837],[-80.54631820447193,-13.160701736681196],[-80.54631840279382,-13.160698758944672],[-80.54631784356077,-13.160695832296488],[-79.89741781589849,-11.033996126970635],[-79.89741662293424,-11.03399332036813],[-79.89741473727248,-11.03399079211387],[-78.95781501288599,-10.011591078039832],[-77.94891528618543,-8.78219139360705],[-77.94891468533727,-8.782190691477892],[-76.91301481269575,-7.622090801924652],[-76.9130144655651,-7.622090418512165],[-76.22271645995414,-6.875992575293012],[-75.80871854683376,-5.647498879506101],[-75.99861729702792,-4.965303279283898],[-76.35411698382363,-4.05450394260922],[-76.35411779541646,-4.054500939195568],[-76.35411787905748,-4.054497897362545],[-76.30281787105558,-3.483897966203274],[-76.30281714730778,-3.483894722510512],[-76.302815576826,-3.483891739420133],[-75.92841728301785,-2.946594193016329],[-75.78351821234077,-2.017800252457068],[-76.03011705844293,-1.327503433429438],[-76.03011784453186,-1.327499661288952],[-76.07331782560367,-0.646199738768918],[-76.07331764925637,-0.646196613691841],[-76.07331670159009,-0.646193636605347],[-76.07331502402039,-0.646190937615927],[-75.51891588379927,0.053108006917694],[-75.01581652685542,1.049406797454484],[-75.01581567688243,1.049408262879465],[-73.78101609062847,2.950207733086818],[-72.84321644832461,4.731307192377978],[-72.84321570660175,4.731308461703746],[-72.28071684141709,5.591706775422172],[-72.06831740888452,6.350404868030819],[-72.068316159368,6.350407859526836],[-72.06831417174587,6.350410492026134],[-71.3438142736569,7.108210458150992],[-71.34381227727374,7.10821220957865],[-70.07391242063218,8.04601221324974],[-70.07390993495358,8.046013731235407],[-69.16221026466278,8.497813639725956],[-68.54031056820838,8.838013524196084],[-68.54030695288068,8.838014992723204],[-68.54030296380037,8.838015655315584],[-68.01470296547723,8.869515699964296],[-68.0146982922854,8.869515441417105],[-67.62860087625387,8.803815917742252],[-66.6134034466501,8.892015781101241],[-66.61340177493472,8.892015856616675],[-65.82770176857619,8.894715922953687],[-65.82769794478567,8.894715574887408],[-65.82769421467955,8.894714516858885],[-65.14909416761685,8.631914565758933],[-65.1490929809645,8.631914062249942],[-64.708992947184,8.428514090896202],[-64.70899217902164,8.428513715714004],[-64.08799212874766,8.108113752787306],[-64.08799133165454,8.108113317580903],[-63.675792308279476,7.870513924228758],[-63.144822036755635,7.638853278553735],[-63.14483534258759,7.638824422420726],[-63.67580661571824,7.870485607488185]]]]}},{"type":"Feature","properties":{"id":23,"group":"roads","name":"Storm Road"},"geometry":{"type":"MultiPolygon","coordinates":[[[[-63.544382282552,6.401695998763495],[-63.61278203517538,5.372099936544054],[-63.384183689721276,4.365907331592265],[-62.40678794526686,3.498311192451288],[-62.40678568665994,3.498308780005015],[-62.406783939965926,3.498306053544089],[-62.40678276765488,3.498303110579672],[-62.406782211654246,3.498300056366148],[-62.33568219971163,2.523599973317099],[-62.335682316599055,2.523596871166015],[-62.33568308513901,2.523593884315856],[-62.33568447700995,2.523591122835317],[-62.54988450400839,2.193291100194514],[-62.54988547903464,2.193289771237561],[-63.068284880756615,1.567790527166633],[-63.56958440285443,0.772191334823804],[-63.56958657051744,0.772188668489998],[-63.569589336274106,0.77218650681488],[-63.569592576949,0.772184946070476],[-63.569596148215844,0.772184055765893],[-64.31128175136652,0.664713384028369],[-64.64148357275789,0.262792214397359],[-64.77085568882079,-0.165073647807839],[-64.70277000632092,-0.62465197688671],[-64.70276986215254,-0.624654587261304],[-64.70277018969264,-0.624657160768992],[-64.77511096012074,-0.948062993776114],[-64.70702570906974,-1.207637994270891],[-64.70702523013384,-1.207641412947719],[-64.70276984069721,-1.420410656222853],[-64.70276991387146,-1.420412399539082],[-64.74319567651474,-1.803393436639653],[-64.51234419689149,-2.385309291796838],[-63.15476977072193,-3.382636493081191],[-63.15479176808726,-3.382661199604864],[-64.51237014613244,-2.385330801645126],[-64.51237264507601,-2.385328609737589],[-64.51237465816655,-2.385326051457153],[-64.51237611231254,-2.385323219690103],[-64.74323067544015,-1.803399426639506],[-64.74323161625935,-1.803395915920431],[-64.74323167866609,-1.803392344604676],[-64.7028056138953,-1.420408645571213],[-64.70706094048583,-1.207642039783935],[-64.77514663478736,-0.948065301897045],[-64.77514712354433,-0.948061843596042],[-64.77514677895874,-0.948058411799591],[-64.70280581491923,-0.624651777331605],[-64.77089156575491,-0.165072921516117],[-64.77089169252531,-0.165069727591972],[-64.77089111358208,-0.165066610508544],[-64.64151725681677,0.262805017457591],[-64.64151616344144,0.262807660574946],[-64.64151455093679,0.262810057653808],[-64.31130693764123,0.664738338320333],[-64.31130479361592,0.664740483990607],[-64.31130222329507,0.664742212525368],[-64.31129931471293,0.664743464721843],[-64.3112961674891,0.664744197691943],[-63.56961169370946,0.772214796455751],[-63.06831565911273,1.567808607133765],[-63.06831445920398,1.567810263238819],[-62.549915047231984,2.193309588978638],[-62.33571812802313,2.523604843735566],[-62.40681728539481,3.498293484579842],[-63.38421195549462,4.365888831393665],[-63.38421447187627,4.365891534038184],[-63.384216340834115,4.365894615421726],[-63.38421747875725,4.365897937693404],[-63.612817451577506,5.372097857565841],[-63.612817806359864,5.372102266974412],[-63.5444178289288,6.401702172356576],[-63.54441714771179,6.401705726625317],[-63.14484591422591,7.638844471275433],[-63.14481146511559,7.638833229697387],[-63.544382282552,6.401695998763495]]]]}},{"type":"Feature","properties":{"id":26,"group":"roads","name":"Brataian highway"},"geometry":{"type":"MultiPolygon","coordinates":[[[[24.01599749487665,-11.146121592129777],[24.36866880358479,-11.174335311442253],[24.582625505548464,-11.156701529609837],[24.776595852149388,-11.104976115982716],[24.831841560160445,-11.07088834327686],[24.847121260322584,-11.02739997662123],[24.840067949444435,-10.948637941921803],[24.84006789821438,-10.948637142652881],[24.83418992805302,-10.795809693498521],[24.801273267460214,-10.614768005000263],[24.730737071054147,-10.29030142714836],[24.730736732335103,-10.290298908601072],[24.70252225274162,-9.754223224227987],[24.70252253439693,-9.75421930208713],[24.702523759525068,-9.754215537073],[24.979483356778076,-9.159293238431017],[24.979485414213,-9.159289902153951],[25.270182925667797,-8.79029310549113],[25.41238219536489,-8.087396973171392],[25.412383262683633,-8.087393625706246],[25.41238502571299,-8.087390543197822],[25.944285092202353,-7.349390547166349],[25.944287265140403,-7.34938806762769],[26.73988416457599,-6.596991085825255],[26.77088353418946,-6.505776547993342],[26.770883538526416,-6.396365889473556],[26.422183558434945,-5.676307297868998],[26.422182259311317,-5.676303354338143],[26.31328229048741,-5.097603433892968],[26.205282320949927,-4.555803515837398],[26.205282032154713,-4.555801079107895],[26.187282045540833,-4.104001049402688],[26.18728226314277,-4.103997715768208],[26.187283160550923,-4.103994469682235],[26.187284703370036,-4.103991435558563],[26.34928302549704,-3.851094081417443],[26.381681995598267,-3.697199008152809],[26.373582062271733,-3.421800931010507],[26.37361793772822,-3.421799068988758],[26.381717945339325,-3.697199050905701],[26.38171760016544,-3.697202907263937],[26.349317608555456,-3.851102899424602],[26.349316706265725,-3.851105825053281],[26.349315275977858,-3.851108566582368],[26.187318151090945,-4.104004102304788],[26.205317916765146,-4.555797690497965],[26.313317685305503,-5.09759644604762],[26.313317731879433,-5.097596686522092],[26.422217349477336,-5.676294593386442],[26.770918019147427,-6.396354528703981],[26.77091923607544,-6.396357955640436],[26.770919647004607,-6.396361561711362],[26.770919651754213,-6.505778578215845],[26.770919433467686,-6.505781224113962],[26.770918781779635,-6.505783813558662],[26.739917195185953,-6.597004909728613],[26.739915377240308,-6.597008656248752],[26.739912669439168,-6.59701190184616],[25.944313943438733,-7.349410787068211],[25.41241709255558,-8.087406509582168],[25.270217855160094,-8.790302993467568],[25.27021663330441,-8.790306716422512],[25.27021455217466,-8.790310092408108],[24.97951581382332,-9.159308537310125],[24.70255886230842,-9.754225352163536],[24.730773126259216,-10.290295693611972],[24.80130913751421,-10.61476126470565],[24.801309252163346,-10.614761838312429],[24.834226185153142,-10.795804918076033],[24.834226434647853,-10.79580719181537],[24.840104450427155,-10.948635366361206],[24.84715804593337,-11.027400463341213],[24.847157984946993,-11.027403895279958],[24.84715719307866,-11.027407249230857],[24.831874338605044,-11.070904614240483],[24.831872633520597,-11.070908098908735],[24.83187014434617,-11.07091114477122],[24.831866995532017,-11.070913599545168],[24.77661358606427,-11.105006133333085],[24.776611136772402,-11.105007405380999],[24.77660851001629,-11.10500831413911],[24.582633763808378,-11.15673492504859],[24.582630356304307,-11.156735514590766],[24.368670327381594,-11.174369595142615],[24.368667182894107,-11.174369599596911],[24.015985809802743,-11.146155109307504],[24.01598192477832,-11.146154392345036],[24.015978297536634,-11.146152908343424],[24.01597509790844,-11.146150726784946],[24.015972475703236,-11.14614794981212],[23.90583076368535,-11.00000737229681],[23.90586068540261,-10.999987510946873],[24.01599749487665,-11.146121592129777]]]]}},{"type":"Feature","properties":{"id":28,"group":"trails","name":"Raian trail"},"geometry":{"type":"MultiPolygon","coordinates":[[[[30.608213750407018,-10.205486726096488],[30.608213271390234,-10.205482348724027],[30.60837609464853,-10.200760482790852],[30.608376329269678,-10.20075828108765],[30.609231150152077,-10.195995709469969],[30.609231839694086,-10.195993142268176],[30.611877713358698,-10.188666109148167],[30.6118781016156,-10.188665135058374],[30.61554161886345,-10.180279752783395],[30.61554192676303,-10.180279089308089],[30.622828255359774,-10.165462200336673],[30.62282922882341,-10.165460488159153],[30.631296023685348,-10.15243465195466],[30.63129814432851,-10.152432008472804],[30.64562656557837,-10.137777943334228],[30.645630491382875,-10.137774906392922],[30.662564079031643,-10.128005530432686],[30.6625668126044,-10.128004231461363],[30.680477337409037,-10.121165668828722],[30.680479411488676,-10.121165007060899],[30.708158383975466,-10.114001039725009],[30.741047488853255,-10.101952558265372],[30.772308680847395,-10.089578338883005],[30.808778373629288,-10.072320362297255],[31.10966904891454,-9.826137115952758],[31.17958226151148,-9.547196424896207],[31.179583942203518,-9.547192297013304],[31.489183996872107,-9.013492288946665],[31.48918573096389,-9.013489840478204],[31.791585768046968,-8.657989846844826],[31.791588468581335,-8.657987281667616],[31.791591688496194,-8.65798528933014],[31.79159528276501,-8.657983959568195],[31.79159908950024,-8.657983352274835],[32.246094772933326,-8.630083651535738],[33.10288958644842,-8.171086508362173],[33.223886374530295,-8.075381866386493],[33.26296030722786,-8.005700030575836],[33.26556533935637,-7.905406532195435],[33.131682156388976,-7.176603056976652],[33.13168191693602,-7.176600463139963],[33.1316821244927,-7.176597857854554],[33.22168216019296,-6.641997822831015],[33.22168297276858,-6.641994855542309],[33.221684358537,-6.641992061433047],[33.48628277330582,-6.216294665488197],[33.51826695014613,-6.045964483025491],[33.5182680435512,-6.045960984414459],[33.58079206948598,-5.905281948673133],[33.580794171541825,-5.905278455855792],[33.67168545358985,-5.788790602167212],[33.67168751161263,-5.788788388216633],[33.80744343794186,-5.665603007643822],[33.854334098984936,-5.574426736487328],[33.87256860739922,-5.493673927538053],[33.64288365280911,-5.043607369631736],[33.642882281915824,-5.043603375743696],[33.62768499489311,-4.964830903459493],[33.55784053937129,-4.901593034528545],[33.48961871597639,-4.858025224809978],[32.771692344181545,-4.568415244951099],[32.771689592423506,-4.568413838780878],[32.77168716775129,-4.568411997690043],[32.35768712784945,-4.188611982824371],[32.35771287215114,-4.188588017176445],[32.771710573731426,-4.568385940288078],[33.4896354739637,-4.857995404831115],[33.48963843458275,-4.857996923922198],[33.55786285568253,-4.901566400795573],[33.55786512105125,-4.901568128312027],[33.62771454978547,-4.964810505252876],[33.62771681716092,-4.964813032576032],[33.62771847535538,-4.964815941794728],[33.62771945737077,-4.964819115364115],[33.642917314806326,-5.043594538306277],[33.87260379018768,-5.493664026267962],[33.87260502932837,-5.493667331178553],[33.872605469009166,-5.493670822680324],[33.8726050892237,-5.493674341903149],[33.854368924085065,-5.57443452095867],[33.85436753543033,-5.5744383286461],[33.807474533705204,-5.665619178859617],[33.807472879932405,-5.665621777538301],[33.80747075439995,-5.665624075460291],[33.671713619908154,-5.788810584468286],[33.58082456408546,-5.90529561608594],[33.51830214351639,-6.045971085184722],[33.48631777746218,-6.216302390368285],[33.486316955416214,-6.216305250504462],[33.48631559935688,-6.216307945275257],[33.221717318734996,-6.642005232528074],[33.13171830936581,-7.17659953106303],[33.2656013547325,-7.905401875328761],[33.26560160853051,-7.905405065287451],[33.26299644671442,-8.005703995969117],[33.26299588456273,-8.00570773370499],[33.26299441802271,-8.005711275624712],[33.22391691663075,-8.075399497511693],[33.22391498892051,-8.07540224880785],[33.22391252048329,-8.075404614936922],[33.102911710418425,-8.171112465544004],[33.10290893550373,-8.171114282986839],[32.24610896855066,-8.630114343042157],[32.24610508618889,-8.630115907837675],[32.24610092965986,-8.63011661513327],[31.791609124165078,-8.658016149005887],[31.489215251182227,-9.013509003231869],[31.179617194236908,-9.547205737852178],[31.109703258416864,-9.82614950551677],[31.10970203393464,-9.826152802329291],[31.10970009743679,-9.826155803911998],[31.109697532296533,-9.826158381035865],[30.808800740524894,-10.072346699911618],[30.80879690426091,-10.072349120465754],[30.772324563856454,-10.089608356001445],[30.772323415687385,-10.08960885420016],[30.741061409206864,-10.10198340087552],[30.741060943153162,-10.101983578444226],[30.708170706997475,-10.114032479356004],[30.708168880933123,-10.114033048448446],[30.680490036765313,-10.121196986602861],[30.66258195343163,-10.128034619808531],[30.645651869250347,-10.137801977593464],[30.63132638321983,-10.152453044924481],[30.622861051513574,-10.16547663424589],[30.615575321019293,-10.18029231241818],[30.61191216210637,-10.188676877790707],[30.609266922479044,-10.196002158349462],[30.6084125335093,-10.200762327356234],[30.608249825598165,-10.205480864712685],[30.609249322754806,-10.209360749773106],[30.609213802931013,-10.209368768519228],[30.608213750407018,-10.205486726096488]]]]}},{"type":"Feature","properties":{"id":30,"group":"roads","name":"Chatunkut Connector"},"geometry":{"type":"MultiPolygon","coordinates":[[[[36.667143796253356,-17.81053746367101],[36.661393802649734,-17.8716093399723],[36.652768812191276,-17.96321715540751],[36.64126882492584,-18.085360909974057],[36.64126882325914,-18.085360927663213],[36.626893840917724,-18.238040603668043],[36.62689383888265,-18.238040625266652],[36.609643860247665,-18.421256236484417],[36.609643857845484,-18.421256261979753],[36.5895188830136,-18.63500780841683],[36.58951888024565,-18.635007837793985],[36.56651891079869,-18.879295303674777],[36.546000191541474,-19.108079624419744],[36.52796272138641,-19.321360809334085],[36.51240650030073,-19.519138855931626],[36.499331528224396,-19.701413760823055],[36.48873780503223,-19.868185519287817],[36.48062533045867,-20.019454124519765],[36.47499410393242,-20.15521956635887],[36.47184412087353,-20.275481958976034],[36.47184406509576,-20.27548289759059],[36.46095033013952,-20.392800076329202],[36.460950206658076,-20.392801042989674],[36.44231272225868,-20.50717291037304],[36.442312525478556,-20.507173896193063],[36.41593129145786,-20.618600452307533],[36.415931017643246,-20.618601446830695],[36.381806033808054,-20.727082691752425],[36.38180568158572,-20.727083683386592],[36.33993694773187,-20.832619617178278],[36.33993651843041,-20.832620593798595],[36.29032403434794,-20.935211216506953],[36.29032353209975,-20.93521216616465],[36.23296729757868,-21.034857477818402],[36.23296672914885,-21.03485838946496],[36.16786674398519,-21.13155839007411],[36.11090425457735,-21.216170894202858],[36.07963072010247,-21.26262483421558],[36.07963064664135,-21.262624942360077],[36.07718331584125,-21.26619517702412],[36.07718316921862,-21.266195387176605],[36.07469879153174,-21.269694380642594],[36.074698644891065,-21.26969458369943],[36.07217943743914,-21.273124782224954],[36.072179291392246,-21.2731249778794],[36.06962747129696,-21.27648882772214],[36.06962732646485,-21.27648901569502],[36.06704511084806,-21.27978896311254],[36.06704496785686,-21.27978914315197],[36.06443457384041,-21.28302763440191],[36.06443443331742,-21.283027806282647],[36.06179807802317,-21.28620728762256],[36.061797940593166,-21.28620745114478],[36.05913784114305,-21.289330368832328],[36.05913770742459,-21.289330523820137],[36.0564560809405,-21.292399324112914],[36.05645595154278,-21.292399470412512],[36.05375501514684,-21.29541659956811],[36.053754890666525,-21.295416737045546],[36.051036861480625,-21.298384641321636],[36.05103674249925,-21.298384769860395],[36.048303837645484,-21.30130589551457],[36.04830372472699,-21.301306015012948],[36.04555816132753,-21.30418280830285],[36.045558055016144,-21.304182918671135],[36.04280205019299,-21.307017825854395],[36.04280195101132,-21.30701792701197],[36.040037721886605,-21.30981339434624],[36.04003763033396,-21.309813486218633],[36.03726739402993,-21.312571959961563],[36.037267310581,-21.312572042477466],[36.034493284219785,-21.31529596888672],[36.03449320932329,-21.31529604197504],[36.031717610027066,-21.31798786730828],[36.031717544104524,-21.31798793089524],[36.02894258899558,-21.32065010141014],[36.028942532440404,-21.320650155416516],[36.02617043864091,-21.323285117370748],[36.026170391817125,-21.3232851617092],[36.02340337644932,-21.325895361360455],[36.02340333969053,-21.325895395933067],[36.02064361987667,-21.328483279539025],[36.020643593484756,-21.328483304235025],[36.01789338634713,-21.3310513180534],[36.01789337059101,-21.33105133274711],[36.015154893251804,-21.333601923035573],[36.012430361036444,-21.336137537725953],[36.009722006465495,-21.338660608730734],[36.00703204434899,-21.341173584401453],[36.004362691908845,-21.34367891078361],[36.001716166320215,-21.346179033904235],[35.99909468470901,-21.348676399771435],[35.99650046414763,-21.35117345437639],[35.993935721655966,-21.353672643690448],[35.9914026741902,-21.356176413674262],[35.98890353864612,-21.35868721027401],[35.98644053184783,-21.361207479432032],[35.98401587054798,-21.363739667087742],[35.98163177142147,-21.366286219185742],[35.97929045106334,-21.36884958168139],[35.976994125983346,-21.37143220055139],[35.97474501260718,-21.374036521799027],[35.972545327271476,-21.376664991468772],[35.97039728622847,-21.379320055651892],[35.96830310564491,-21.382004160501804],[35.966265001607916,-21.38471975224302],[35.964285190131115,-21.387469277183406],[35.96236588716468,-21.39025518172307],[35.96050930860425,-21.393079912367597],[35.95871767030757,-21.39594591573264],[35.95699318810885,-21.39885563855284],[35.95533807783762,-21.401811527684877],[35.9537545553386,-21.404816030108343],[35.952244836491936,-21.407871592924614],[35.950811137234474,-21.41098066335064],[35.94945567358011,-21.41414568871125],[35.94818066163923,-21.417369116425988],[35.94698831763542,-21.4206533939954],[35.9458808579205,-21.42400096898225],[35.944860498985015,-21.427414288993035],[35.943929457465984,-21.43089580165651],[35.94308995014968,-21.434447954604614],[35.942344193971884,-21.438073195447814],[35.94169440601248,-21.441773971760448],[35.94114280348832,-21.44555273105832],[35.94069160374205,-21.449411920785824],[35.940343024229335,-21.453353988301718],[35.94009928250385,-21.4573813808695],[35.939962596201774,-21.46149654564968],[35.93993518302565,-21.46570192969587],[35.940019260711544,-21.46999997907925],[35.940213142482605,-21.47429447557904],[35.940512292894006,-21.478489293057294],[35.94091465682913,-21.48258701569219],[35.94141817925696,-21.48659022865399],[35.94202080521122,-21.490501517239096],[35.94272047980764,-21.49432346686212],[35.94351514826382,-21.498058663056735],[35.94440275591619,-21.50170969146373],[35.94538124823765,-21.5052791378215],[35.946448570851416,-21.50876958795008],[35.94760266954305,-21.512183627732966],[35.948841490267775,-21.515523843095565],[35.95016297915412,-21.51879281998201],[35.95156508250275,-21.521993144331656],[35.953045746779615,-21.525127402052007],[35.9546029186054,-21.528198178996895],[35.956234544739914,-21.531208060942742],[35.957938572062226,-21.534159633568123],[35.95971294754874,-21.537055482437697],[35.96155561824911,-21.539898192989586],[35.96346453126002,-21.54269035052523],[35.96543763369961,-21.5454345402047],[35.96747287268417,-21.548133347047223],[35.96956819530489,-21.55078935593399],[35.971721548605956,-21.553405151611965],[35.973930879570574,-21.555983318707295],[35.97619413510228,-21.55852644173142],[35.978509262017745,-21.561037105097757],[35.980874207036116,-21.563517893132317],[35.98328691677444,-21.56597139008764],[35.98574533774733,-21.56840018015893],[35.98824741636303,-21.570806847492797],[35.99079109892754,-21.573193976201974],[35.99337433164874,-21.57556415037738],[35.995995060635764,-21.57791995409337],[35.99865123191227,-21.580263971423996],[36.001340791413334,-21.582598786442727],[36.00406168499495,-21.584926983232045],[36.00681185844445,-21.587251145892644],[36.009589257474964,-21.589573858537825],[36.01239182774267,-21.591897705306884],[36.01521751483947,-21.59422527035697],[36.01806426431395,-21.596559137878053],[36.020930021660405,-21.598901892081372],[36.023812729099625,-21.601256114567608],[36.02671033204183,-21.603624389595392],[36.02671035131712,-21.603624405369857],[36.02962077919678,-21.606009304155585],[36.02962081105354,-21.606009330316585],[36.032542015908085,-21.608413442542243],[36.03254206003593,-21.608413478968803],[36.03547198748135,-21.61083938907004],[36.035472043533595,-21.610839435659614],[36.038408639185896,-21.61328972807213],[36.038408706780665,-21.613289784738157],[36.041349916255946,-21.61576704389762],[36.04134999497722,-21.61576711056662],[36.04429376389151,-21.618273920908756],[36.04429385329001,-21.618273997517232],[36.047238127259305,-21.62081294347774],[36.04723822685337,-21.620813029969],[36.050180951493786,-21.62338669598361],[36.05018106077008,-21.623386792304196],[36.053120181697686,-21.625997762808623],[36.05312030011227,-21.62599786890478],[36.05605376294315,-21.628648728334785],[36.0560538899224,-21.62864884414875],[36.05897964027272,-21.631342176940088],[36.058979775214844,-21.63134230240641],[36.061895758700715,-21.634080692994853],[36.06189590097716,-21.63408082803663],[36.064800063214726,-21.636866860857964],[36.064800212172266,-21.63686700538328],[36.06769049877767,-21.63970326487333],[36.067690653740584,-21.639703418771735],[36.07056501033004,-21.642592489366336],[36.070565170602904,-21.642592652505535],[36.07342154279262,-21.645537118640526],[36.073421707663485,-21.645537290863395],[36.07625804106962,-21.648539736974698],[36.076258209813524,-21.648539918096557],[36.079072450052315,-21.651602928620022],[36.0790726219353,-21.651603118426404],[36.081862714622986,-21.654729277798005],[36.08186288890646,-21.65472947604278],[36.08462677965922,-21.65792136869847],[36.08462695560468,-21.657921575102606],[36.087362590038815,-21.661181785478394],[36.087362766912754,-21.661181999729173],[36.090068090644394,-21.664513112261044],[36.09006826772345,-21.66451333401203],[36.092741226368936,-21.66791793313608],[36.09274132229589,-21.667918056473024],[36.16079731314814,-21.756116303379564],[36.16079733122904,-21.756116326817335],[36.249109827695015,-21.8705663151967],[36.24910984989595,-21.870566343973355],[36.3521410958237,-22.004091330353877],[36.35214112154312,-22.004091363691163],[36.46989111695688,-22.15669134804382],[36.46989231051251,-22.156693113566966],[36.55959231244412,-22.309680597026727],[36.55959333923079,-22.30968268470373],[36.621243347632834,-22.463057668111425],[36.62124407475804,-22.463060022904752],[36.65484408916413,-22.616822507279892],[36.654844406240684,-22.616825007401005],[36.66039442570335,-22.77097499382422],[36.66039429133462,-22.770977473939688],[36.637894314506994,-22.925514963383982],[36.637893775100075,-22.92551726491234],[36.58734380044839,-23.080442258098216],[36.58734296583224,-23.080444274790334],[36.50874299187765,-23.235756772129896],[36.508741989021814,-23.235758464216826],[36.402092014507055,-23.39145846584965],[36.402091836212,-23.39145872064936],[36.29509029807457,-23.541168097938566],[36.29509010413738,-23.541168363341406],[36.18773700233448,-23.684887116279626],[36.18773679100197,-23.684887392766857],[36.08003212548971,-23.82261552134567],[36.080031894803234,-23.822615809358325],[35.97197566553688,-23.954353313568106],[35.97197541331291,-23.954353613485058],[35.86356762024683,-24.080100493314614],[35.86356734405851,-24.080100805424724],[35.75480798714612,-24.199857060861028],[35.754807684306954,-24.199857385328198],[35.64569676350109,-24.31362301635617],[35.64569643105314,-24.31362335317601],[35.53623394630612,-24.421398359777953],[35.53623392071027,-24.42139838492437],[35.433451122429275,-24.522156203675348],[35.43345109306571,-24.522156232388703],[35.337347981249415,-24.615896863285357],[35.337347947186124,-24.615896896415606],[35.24792452183308,-24.70262033945472],[35.24792448181907,-24.702620378130003],[35.16518074292803,-24.78232663330866],[35.16518069524142,-24.782326679061708],[35.08911664281108,-24.855015746377113],[35.08911658501195,-24.85501580134698],[35.01973221904096,-24.92068768079658],[35.01973214755105,-24.920687748063955],[34.95702746803812,-24.97934243964529],[34.957027377387085,-24.979342523816708],[34.90100239282065,-25.030980019702714],[34.84521647926347,-25.08253313268436],[34.78966962829013,-25.13400187052695],[34.734361839883476,-25.18538623324573],[34.679293114060876,-25.23668622082395],[34.62446345081208,-25.287901833270574],[34.569872850139994,-25.339033070582108],[34.51552131204154,-25.390079932760877],[34.461409520833755,-25.441041775357395],[34.41324663387551,-25.498218517722734],[34.371031938799185,-25.561610888315496],[34.334765456351725,-25.631218933061998],[34.30444721880244,-25.70704268324457],[34.280077261979805,-25.789082156274173],[34.26165561992462,-25.877337358616806],[34.24918232215773,-25.9718082892162],[34.24265739329431,-26.072494935259833],[34.24223553688524,-26.168723766722362],[34.247916742345254,-26.260494698221354],[34.25970099059115,-26.347807726444493],[34.277588259523455,-26.430662851794615],[34.301578525042316,-26.509060080165593],[34.33167176311465,-26.582999424747626],[34.36786795304605,-26.65248090734658],[34.410167226299045,-26.717504780487637],[34.45800718914642,-26.781291390837197],[34.51138773913764,-26.843840565997862],[34.57030888927105,-26.905152308949145],[34.63477065159667,-26.965226620266478],[34.70477303673713,-27.024063498547214],[34.78031605363353,-27.08166294089146],[34.8613997094799,-27.138024943369253],[34.94802434306825,-27.19314971323197],[34.94802453020652,-27.193149833527126],[35.037757331586384,-27.251410767078266],[35.03775750537686,-27.251410880962005],[35.13059811902015,-27.31280775165225],[35.130598281205714,-27.312807859821834],[35.22654670711554,-27.377340667648838],[35.226546859174064,-27.377340770723528],[35.325603097353216,-27.44500951568458],[35.32560324054543,-27.445009614215117],[35.427767290996684,-27.51581429630742],[35.42776742640429,-27.51581439078442],[35.533039289130095,-27.589755010004808],[35.53303941768597,-27.589755100866356],[35.64141909268885,-27.666831657211464],[35.641419215201864,-27.666831744849542],[35.75290639438918,-27.747044017053305],[35.86414009346617,-27.820885759533777],[35.97512059028538,-27.888357181247137],[36.0858478787271,-27.949458287548744],[36.19632195361391,-28.004189085355204],[36.306542811377234,-28.05254958323519],[36.41651045083882,-28.094539791352382],[36.52622487404295,-28.13015972119788],[36.635686736317155,-28.159409558238867],[36.63568936475067,-28.159410419892705],[36.733226849625716,-28.1975901077536],[36.73322961707396,-28.197591401857],[36.81884210506863,-28.244700774407736],[36.81884479435386,-28.2447025191914],[36.89253228639865,-28.30074157661297],[36.892534647733385,-28.300743685519762],[36.9542971445206,-28.365712428233085],[36.954298992436435,-28.365714721452196],[37.00413649426777,-28.439613150056427],[37.00413777407382,-28.439615423887798],[37.0420502808576,-28.522443539034846],[37.042051055796264,-28.522445638614837],[37.06803856717233,-28.614203440893608],[37.06803895683601,-28.61420528769781],[37.0821014723304,-28.714892777575955],[37.08210156756279,-28.714893679517623],[37.08952658485162,-28.81870304476372],[37.089526618378656,-28.818703893917196],[37.090314137326,-28.925635134618243],[37.09031411918936,-28.925635929262235],[37.08446413966304,-29.0356890454921],[37.08446407923217,-29.035689785606092],[37.0719766011063,-29.148864777426816],[37.071976506815304,-29.148865464271427],[37.052851529971775,-29.265162331734224],[37.052851409201544,-29.265162967472374],[37.02708893353124,-29.3845817106192],[37.0270887925961,-29.38458229799794],[36.994688817998906,-29.50712291686272],[36.9946886622013,-29.507123458960834],[36.95565118858617,-29.632785953570764],[36.92149339647808,-29.74274064536155],[36.892215289012135,-29.83698752410883],[36.8678168661511,-29.915526589819162],[36.848298127863536,-29.978357842498284],[36.833659074124306,-30.02548128215087],[36.82389970491431,-30.056896908780683],[36.819020020220684,-30.072604722390437],[36.81901875434255,-30.072607564843864],[36.81367500623514,-30.081649752367863],[36.802987509810904,-30.09973412777289],[36.786956265144006,-30.12686069093904],[36.76558127224022,-30.163029441865035],[36.73886253110731,-30.208240380548823],[36.70680004175515,-30.26249350698782],[36.66939380419568,-30.325788821178712],[36.62664381844287,-30.398126323117626],[36.62664344485538,-30.398126920721904],[36.580616896778736,-30.46784879673054],[36.580616480420304,-30.467849394160595],[36.53131336892041,-30.534955645947758],[36.53131290932581,-30.534956239438888],[36.478733234318476,-30.59944686699346],[36.47873273173823,-30.59944745256203],[36.42287649314221,-30.6613224558677],[36.422875948611626,-30.661323029418195],[36.363743146349975,-30.720582408453474],[36.363742561725715,-30.720582965902775],[36.30133319572743,-30.777226720640805],[36.301332573684874,-30.777227258051884],[36.23564664388575,-30.83125538846083],[36.235645987873625,-30.83125590217703],[36.166683495608005,-30.882668407184195],[36.10634131629801,-30.927654348003127],[36.05461944827279,-30.966213725880344],[36.01151789165834,-30.99834654072255],[35.977036646345645,-31.02405279261153],[35.951175712318246,-31.043332481559837],[35.933935089796336,-31.056185607403734],[35.925314778270796,-31.06261217052286],[35.92531257733449,-31.062613580876334],[35.90959070347284,-31.071233894496284],[35.87814695617817,-31.0884745214999],[35.830981335277535,-31.11433546197955],[35.76809384073101,-31.14881671595333],[35.689484472561695,-31.191918283403588],[35.59515323076258,-31.243640164327882],[35.485100115347706,-31.303982358710993],[35.35932534067259,-31.37294474907761],[35.23737577755171,-31.443805446885513],[35.11925121446044,-31.516564567322636],[35.00495165016398,-31.591222110255448],[34.89447708335806,-31.66777807564856],[34.78782751268163,-31.746232463574174],[34.68500293673114,-31.826585274220925],[34.58600335407795,-31.908836507900407],[34.490828736880815,-31.992986188392507],[34.392658755097834,-32.084673400866194],[34.2914934197593,-32.18389814063899],[34.18733273853674,-32.29066040448487],[34.080176717472945,-32.4049601895707],[33.97002536137318,-32.52679749342788],[33.856878674096166,-32.656172313910695],[33.74073665876681,-32.79308464915907],[33.62159949789199,-32.9375342794229],[33.51947032804276,-33.0749726885187],[33.43434900443036,-33.205400014902835],[33.36623551377535,-33.32881621762816],[33.31512982701019,-33.44522124525852],[33.28103188810494,-33.5546150377466],[33.26394159934471,-33.65699753595746],[33.26385880967576,-33.752368706034765],[33.280783593179656,-33.84072997526852],[33.29559298591547,-33.91804717077949],[33.30828675119863,-33.98431905280339],[33.31886488900526,-34.03954562133736],[33.32732739931523,-34.08372687637895],[33.333674282112526,-34.116862817926],[33.33790553738492,-34.13895344597699],[33.34002116512426,-34.14999876053062],[33.34002138488958,-34.150001786119844],[33.34002088523027,-34.15000475162095],[33.340019682955685,-34.150007557269376],[33.34001781851231,-34.150010108678245],[33.32850844624761,-34.162674171652895],[33.30548970197507,-34.188002297322264],[33.27096158551607,-34.22599448588851],[33.22492409694291,-34.27665073728054],[33.167377236254794,-34.339971051510354],[33.09832100347505,-34.415955428566434],[33.01775539863881,-34.50460386842716],[32.925680420092064,-34.60591637293201],[32.92567940390647,-34.60591739349891],[32.8275778566502,-34.69601427632415],[32.827576614835884,-34.69601531180517],[32.72344849995515,-34.774896571172995],[32.723447014078715,-34.77489758542286],[32.6132923312832,-34.84256322108063],[32.61329060017469,-34.8425641688334],[32.49710934930275,-34.89901418045159],[32.49710739616991,-34.89901501259333],[32.37489957723762,-34.94424939977342],[32.37489745244862,-34.94425007188032],[32.246663065681794,-34.97826883417699],[32.246660842243834,-34.97826931586295],[32.112399888076816,-35.00107245281857],[32.11239764994269,-35.0010727341116],[31.972110151060622,-35.01266024347897],[31.841997677186967,-35.023530562534724],[31.72206020825822,-35.03368369293548],[31.612297745699994,-35.043119634546024],[31.512710291560822,-35.05183838716368],[31.423297848868213,-35.05983995047626],[31.344060422338515,-35.06712432397581],[31.274998019711838,-35.07369150678706],[31.21611057535736,-35.07954150513831],[31.164584012284973,-35.08466025859234],[31.120418386795865,-35.089047761549374],[31.083613698870398,-35.09270401401296],[31.054169948561498,-35.09562901597913],[31.032087135767828,-35.097822767459],[31.017365260624526,-35.099285268439935],[31.0100237325011,-35.100014591119916],[31.011377691230813,-35.10902744418182],[31.014090195373974,-35.12708369490272],[31.018158951655266,-35.154168071382124],[31.023583960083023,-35.190280573620505],[31.030365220668344,-35.235421201618635],[31.03850273342508,-35.2895899553775],[31.047996498369997,-35.35278683489834],[31.058846506913007,-35.42501178305969],[31.070463691594362,-35.49754603783522],[31.082848062919922,-35.5703896690932],[31.095999620928946,-35.64354267683666],[31.109918365659517,-35.71700506106488],[31.12460429714917,-35.79077682177706],[31.140057415434892,-35.86485795897162],[31.156277720553188,-35.93924847264745],[31.173265224118,-36.0139484135825],[31.173265306703126,-36.013948802096124],[31.190688762803795,-36.102022230963485],[31.190688817590132,-36.1020225241053],[31.208548214557325,-36.20346938937104],[31.208548253325482,-36.203469620613255],[31.226843591193674,-36.3182899222809],[31.226843620067513,-36.31829011138424],[31.2455748988822,-36.446483849455106],[31.245574921306964,-36.4464840088172],[31.26474214112326,-36.58805118329113],[31.264742159161763,-36.5880513210762],[31.284345320043773,-36.74299193195207],[31.284345334994814,-36.74299205375296],[31.30438443701531,-36.91130610102897],[31.304384449731362,-36.91130621080472],[31.324859445088197,-37.092993274139005],[31.358609338070494,-37.27808306295375],[31.405634186292804,-37.466576021561195],[31.46593399812847,-37.65847215227704],[31.53950878146797,-37.85377145604632],[31.626358543496778,-38.05247393269214],[31.726483290574436,-38.2545795811662],[31.83988302819428,-38.4600883997822],[31.966557634550462,-38.66900017892024],[32.09767573589786,-38.85603045165914],[32.233237330216845,-39.02117931355505],[32.37324231974162,-39.1644467533526],[32.51769058053166,-39.28583278308559],[32.66658197916755,-39.385337461815496],[32.819916423310005,-39.46296092119702],[32.97769394944045,-39.5187033656262],[33.1399166400637,-39.55256539396779],[33.30025674059524,-39.58326374263609],[33.4587124452824,-39.610798034384395],[33.61528375414551,-39.63516827017732],[33.76997066735904,-39.6563744510362],[33.92277318526944,-39.67441657803182],[34.0736913084175,-39.689294652274505],[34.2227250375535,-39.70100867490145],[34.36987469491137,-39.70955866557523],[34.517151243219864,-39.718052425523354],[34.6645543540942,-39.72648993551391],[34.81208402753486,-39.73487119554689],[34.95974026354228,-39.743196205622205],[35.1075230621169,-39.75146496573983],[35.25543242325926,-39.75967747589969],[35.403468346969795,-39.76783373610178],[35.55163083324897,-39.775933746345984],[35.55163086228211,-39.77593374793236],[35.681273022777255,-39.78302125609238],[35.681273047995695,-39.78302125747032],[35.79239489984454,-39.78909626447879],[35.884996464428724,-39.794158771497386],[35.95907771651097,-39.79820877714151],[36.01463865607572,-39.80124628140595],[36.05167928311085,-39.803271284286716],[36.07019959760754,-39.804283785781166],[36.070200402395955,-39.80431621421878],[36.051680088958996,-39.80330371555318],[36.014639464043604,-39.80127871832786],[35.959078526673686,-39.79824122248726],[35.88499727681045,-39.79419122802607],[35.79239571447429,-39.789128734940874],[35.681273839613915,-39.783053743223356],[35.55163165223888,-39.775966252867335],[35.403469144468104,-39.76786626343035],[35.25543319321714,-39.759710023630845],[35.107523804415145,-39.75149753379019],[34.959740978026495,-39.74322879390622],[34.81208471408346,-39.734903803980714],[34.664555012566225,-39.72652256401245],[34.51715187348975,-39.718085074002225],[34.36987529684062,-39.70959133394916],[34.22272527442246,-39.701041343373106],[34.22272465049112,-39.7010413007332],[34.07369024399791,-39.68932724664482],[34.07368963941274,-39.689327193092964],[33.922770857178485,-39.67444907595029],[33.92277027271891,-39.67444901264749],[33.76996711482349,-39.65640683243564],[33.769966551053045,-39.656406760520916],[33.61527901757345,-39.63520051722766],[33.61527847485713,-39.63520043780396],[33.45870656586709,-39.61083013141936],[33.45870604438991,-39.61083004554246],[33.30024975995978,-39.583295676058974],[33.30024925974676,-39.58329558472902],[33.13990859994319,-39.55259715214112],[33.13990812087911,-39.55259705629661],[32.9776830857652,-39.51873456060075],[32.97767912161208,-39.51873345468356],[32.81989783995349,-39.46298970340897],[32.81989445410565,-39.46298825950964],[32.666556928846546,-39.385363252812255],[32.66655425144202,-39.385361692169994],[32.517660484430884,-39.28585543058575],[32.517658470318565,-39.285853921720005],[32.37320846241603,-39.16446640592368],[32.373206986340755,-39.16446503898364],[32.23320073773729,-39.0211962696234],[32.2331996659411,-39.02119507501441],[32.097637176450334,-38.85604505264066],[32.09763639737329,-38.85604402753547],[31.96651766662677,-38.66901275258915],[31.96651709654999,-38.66901187983339],[31.83984212410648,-38.46009935265865],[31.83984183025111,-38.46009884497152],[31.726441860400044,-38.25458944381683],[31.72644157105487,-38.25458889094012],[31.626316603671757,-38.05248261588441],[31.626316324033592,-38.05248201579845],[31.53946635896975,-37.85377886693003],[31.539466095124258,-37.85377821813659],[31.46589113220356,-37.658478195552824],[31.465890891120186,-37.65847749729464],[31.40559093013592,-37.466580601101164],[31.405590719593402,-37.46657985360717],[31.35856576030521,-37.27808608391697],[31.358565588725217,-37.27808528865811],[31.324815630857376,-37.09299464558933],[31.324815507028173,-37.092993805518816],[31.304340556387253,-36.91130634408092],[31.28430154718681,-36.74299238214749],[31.2646984744823,-36.588051872819236],[31.245531339404568,-36.44648482087129],[31.22680014366576,-36.318291233184695],[31.208504890008413,-36.203471120044206],[31.190645583118265,-36.10202449754586],[31.173222231633908,-36.01395139234945],[31.156234791136555,-35.93925157889124],[31.156234768171597,-35.93925147577939],[31.140014470944887,-35.864860843358585],[31.14001444861229,-35.86486073866433],[31.124561338902183,-35.79077948134726],[31.12456131723937,-35.79077937506726],[31.109875395044345,-35.71700749285449],[31.10987537408952,-35.71700738498623],[31.095956639407945,-35.64354487787833],[31.095956619200038,-35.6435447684201],[31.082805072030368,-35.570391636417796],[31.082805052608954,-35.57039152536883],[31.07042069294944,-35.49754776847271],[31.070420674354843,-35.497547655833124],[31.058803502203766,-35.42501327404391],[31.058803484476925,-35.42501315981484],[31.04795350072849,-35.35278815911717],[31.038459765794393,-35.28959128943873],[31.03032227867199,-35.23542254399845],[31.02354103937676,-35.190281922788834],[31.018116047926153,-35.154169425834326],[31.014047304325405,-35.12708505309693],[31.011334808590558,-35.10902880462892],[31.0099785606599,-35.10000067998281],[31.00997846788597,-35.099997597214625],[31.009979115078014,-35.09999459701983],[31.00998047999466,-35.099991782502244],[31.009982515729597,-35.099989250384674],[31.009985152323377,-35.09998708768508],[31.009988299167567,-35.09998536872606],[31.009991848118716,-35.09998415258082],[31.009995677214725,-35.09998348104297],[31.017356613638743,-35.0992522316331],[31.0320784879742,-35.09778973266584],[31.05416129972602,-35.095595984190915],[31.08360504889513,-35.09267098620902],[31.120409735482887,-35.08901473872105],[31.16457535949096,-35.08462724172813],[31.216101920921332,-35.07950849523165],[31.27498941977646,-35.07365849923322],[31.274989540879865,-35.07365848746179],[31.34405203073129,-35.06709130549492],[31.34405212464106,-35.067091296714686],[31.423289612938063,-35.0598069280425],[31.42328968935883,-35.05980692111138],[31.512702176104273,-35.0518053657372],[31.51270224080343,-35.05180536001096],[31.612289726000444,-35.04308661793865],[31.612289782621367,-35.043086613027135],[31.72205226627317,-35.033650684260955],[31.72205231723128,-35.03365067991444],[31.841989799341423,-35.023497564459284],[31.841989846302035,-35.02349756051057],[31.972102326874197,-35.012627258371694],[31.972102371023333,-35.01262725470475],[32.112388716678566,-35.00103985991593],[32.24664739920223,-34.97823712703952],[32.37487958166636,-34.9442189678632],[32.497085344164496,-34.89898536144837],[32.61326474921644,-34.84253626904937],[32.72341783351097,-34.77487164239226],[32.82754460726834,-34.69599143302574],[32.92564505958656,-34.605895599426404],[33.01771959991416,-34.5045836331676],[33.09828524528578,-34.41593519779948],[33.16734151271346,-34.33995082462717],[33.224888402224536,-34.27663051363775],[33.270925913841715,-34.225974264820216],[33.305454047583446,-34.1879820781656],[33.32847280346375,-34.16265395366677],[33.339977621749334,-34.14999490869624],[33.33786321231238,-34.13895592744409],[33.3336319673811,-34.11686530443377],[33.327285099975064,-34.083729369922565],[33.318822610084666,-34.03954812392146],[33.30824449768793,-33.98432156639866],[33.29555076277014,-33.918049697379026],[33.28074140530359,-33.84073251684025],[33.26381642355913,-33.752370015865196],[33.26381619074995,-33.752367571578084],[33.26389902421605,-33.65699412652774],[33.26389919549403,-33.65699206914109],[33.28098984448749,-33.554607688328296],[33.280990244880805,-33.554606008791446],[33.31508870842982,-33.44521069244552],[33.315089215395425,-33.445209338421726],[33.36619549277122,-33.32880308664512],[33.366196032122026,-33.328801996132974],[33.43431012279978,-33.20538480895521],[33.43431065406685,-33.205383925706826],[33.51943255767585,-33.074955803119224],[33.51943306098996,-33.074955081210874],[33.621562777270704,-32.937516023186916],[33.62156324442605,-32.93751542684597],[33.740700773197915,-32.79306543335243],[33.74070091063166,-32.79306526905326],[33.856843124919436,-32.65615277568573],[33.85684327850841,-32.65615259737822],[33.96999017832106,-32.526777604138836],[33.969990350871065,-32.52677741009869],[34.080141936214254,-32.40493991698871],[34.08014213117739,-32.40493970523166],[34.187298402053514,-32.29063971225118],[34.187298623713254,-32.290639480494384],[34.291459580120936,-32.183876987641945],[34.29145983384029,-32.183876733264874],[34.39262547577455,-32.084651740537424],[34.39262576833056,-32.08465146054815],[34.490796095782066,-31.99296396794014],[34.49079643581991,-31.992963658958317],[34.58597144877536,-31.908813666461228],[34.585971849901114,-31.90881332268486],[34.68497186164242,-31.826561768350278],[34.68497227140636,-31.82656143818734],[34.78779728191422,-31.746208321997468],[34.78779769890011,-31.746208005840902],[34.894447708158474,-31.667753327777092],[34.894448130962246,-31.667753025895312],[35.00492313895847,-31.591196785938156],[35.00492356620676,-31.59119649848031],[35.11922357293123,-31.516538696609988],[35.11922400329773,-31.516538423613426],[35.23734900874398,-31.443779059809636],[35.23734944096327,-31.443778801208726],[35.35929944512754,-31.372917875450955],[35.35929987800646,-31.372917631087194],[35.485074880887666,-31.303955143354848],[35.595128015986226,-31.243612962456112],[35.68945927470154,-31.19189109309813],[35.76806865703823,-31.148789535270737],[35.8309561630003,-31.114308288965507],[35.87812179259127,-31.08844735417548],[35.909565545813926,-31.071206730895376],[35.925286253900666,-31.06258706000154],[35.93390553502467,-31.05616126773065],[35.9511461621794,-31.043308143815604],[35.97700710300608,-31.024028457872774],[36.01148835750289,-30.99832220990375],[36.0545899256674,-30.966189399910792],[36.10631180749637,-30.927630027896786],[36.16665400298586,-30.882644093865206],[36.23561617613154,-30.831231848366944],[36.30130148199843,-30.777204254641816],[36.36371026245279,-30.720561057168563],[36.42284252049668,-30.66130225210633],[36.478698258324606,-30.599427835405013],[36.53127747730168,-30.534937802939712],[36.58058017798127,-30.467832150642177],[36.626606360161226,-30.39811087461562],[36.669356196322795,-30.325773677946025],[36.70676245869983,-30.262478367244334],[36.7388249692508,-30.208225243847213],[36.76554372807978,-30.163014307595557],[36.786918735117524,-30.126845558620477],[36.80294999036736,-30.099718996927578],[36.813637493850464,-30.0816346224894],[36.818980438376194,-30.072593801131763],[36.82385967036487,-30.056887465323527],[36.83361905134286,-30.025471841347635],[36.84825812278014,-29.978348405431277],[36.8677768846793,-29.915517157508553],[36.892175337009924,-29.836978097600632],[36.9214534797274,-29.74273122575629],[36.95561131281195,-29.632776541925455],[36.99464875389776,-29.50711431075234],[37.02704862997598,-29.38457424434566],[37.05281102235408,-29.265156099088482],[37.07193593673237,-29.14885987794668],[37.084423379847884,-29.03568558344101],[37.09027335949941,-28.925633217362222],[37.0894858844871,-28.818702780421965],[37.0820609644282,-28.714894271853016],[37.06799867235027,-28.614208141888003],[37.0420117455397,-28.522452303244933],[37.00410026102299,-28.439626372377358],[36.95426431754357,-28.365730231405937],[36.89250392584101,-28.30076369529494],[36.81881896513401,-28.244726564862503],[36.733209209545215,-28.197618704092445],[36.63567441700887,-28.159440082580034],[36.52621324640047,-28.13019044490267],[36.526212017925765,-28.130190081741226],[36.416496375657964,-28.094569771138456],[36.416495236031274,-28.094569368981272],[36.30652646898831,-28.05257874461955],[36.30652542193505,-28.052578315437337],[36.19630353030052,-28.004217377317868],[36.196302575943825,-28.00421693196533],[36.08582755987518,-27.949485680102505],[36.08582669555779,-27.949485227929333],[35.975098555186584,-27.888383662347415],[35.97509777629273,-27.888383211049128],[35.86411651172655,-27.82091133177959],[35.86411581241089,-27.82091088742651],[35.75288142373559,-27.747068694505472],[35.752880797514926,-27.74706826168453],[35.64139334585206,-27.66685579915838],[35.533013771373334,-27.589779319771985],[35.42774201606081,-27.515838781682852],[35.325578080789995,-27.445034185305456],[35.22652196656834,-27.377365531100832],[35.13057367456797,-27.312832819587534],[35.03773320616213,-27.251436051351146],[34.948000562961234,-27.193175227048673],[34.861375646050945,-27.138050283178384],[34.86137494675441,-27.13804981798254],[34.780290562269684,-27.08168731377757],[34.78028984461317,-27.081686791240365],[34.70474608657775,-27.02408678644954],[34.70474535683376,-27.02408620223924],[34.634742225298474,-26.965248696898758],[34.63474149146654,-26.96524804748927],[34.57027898647676,-26.905173041643796],[34.570278258299865,-26.905172324758965],[34.511356379892696,-26.843859818462143],[34.51135566870783,-26.84385903355798],[34.45797441690918,-26.781309026872936],[34.457973735288746,-26.781308175603304],[34.41013311011002,-26.717520668602685],[34.41013247127267,-26.71751975519201],[34.36783247270795,-26.65249474795729],[34.36783169160519,-26.65249341149318],[34.33163482035236,-26.583010591271425],[34.331634218113386,-26.583009290962963],[34.301540474075544,-26.50906865792748],[34.30154003330135,-26.509067419788916],[34.27754941634859,-26.43066897409673],[34.277549114287964,-26.430667815248366],[34.259661624272525,-26.347811557035964],[34.25966143664141,-26.347810486555936],[34.24787707340951,-26.26049641593802],[34.247876977053714,-26.260495436528476],[34.24219574045483,-26.168723553598802],[34.24219571484787,-26.168722663432845],[34.24261760473994,-26.07249296826654],[34.24261763257636,-26.072492162633424],[34.249142648829164,-25.9718046552894],[34.249142735962664,-25.97180376926765],[34.26161618929078,-25.877331888139967],[34.26161635744695,-25.877330900167287],[34.28003824770577,-25.78907464531472],[34.28003852392317,-25.78907355158029],[34.30440885093404,-25.70703292306208],[34.30440926743818,-25.707031725638068],[34.334728030985765,-25.631206723508342],[34.33472862351935,-25.631205433628992],[34.37099582335227,-25.561596057928746],[34.37099662719915,-25.56159469937134],[34.413212263036776,-25.498200950117166],[34.41321330624171,-25.49819956138175],[34.46137737778956,-25.44102143855303],[34.461378672257375,-25.441020071931828],[34.51549117923192,-25.390057575458968],[34.51549119670245,-25.390057559028083],[34.56984276617277,-25.339010687578213],[34.569842783570444,-25.339010671260706],[34.6244334155366,-25.287879424833836],[34.624433432861586,-25.287879408628783],[34.67926312732368,-25.236663787224863],[34.679263144576126,-25.236663771131404],[34.73433190153426,-25.18536377475045],[34.73433191871426,-25.1853637587677],[34.78963973816861,-25.133979387409703],[34.789639755276326,-25.133979371536814],[34.84518663722694,-25.08251062520173],[34.84518665426247,-25.082510609437865],[34.90097259870953,-25.030957488125697],[34.90097261567305,-25.03095747246999],[34.956997577107,-24.97932001812833],[35.019702191590945,-24.92066541048049],[35.08908651101476,-24.85499360107819],[35.165150530865624,-24.782304593773002],[35.247894248138756,-24.7025983911781],[35.33731766075871,-24.61587499512617],[35.43342076723539,-24.5221344069502],[35.53620356647926,-24.421376627634928],[35.64566589990333,-24.313601813265915],[35.75477653671911,-24.199836525211424],[35.86353564053445,-24.080080599169182],[35.97194320848046,-23.95433403521019],[36.079999237955604,-23.822596833552936],[36.187703726610415,-23.684868994524837],[36.29505667233071,-23.541150518530067],[36.402058073218626,-23.391441406024533],[36.50870744922228,-23.23574235554634],[36.58730653625478,-23.08043170826828],[36.637855855012994,-22.92550886683723],[36.660355528330925,-22.770973758903924],[36.65480563796536,-22.616826250039303],[36.621206185656035,-22.463066174636566],[36.55955709003215,-22.30969338678638],[36.469858222827995,-22.156707798681957],[36.35210889129208,-22.004108652989594],[36.24907766118592,-21.870583670423922],[36.16076517779895,-21.756133684907695],[36.09270923814252,-21.66793549371323],[36.09003641504666,-21.664531066858057],[36.08733126808242,-21.661200171651956],[36.08459580981815,-21.657940170947576],[36.081832093910265,-21.654748479978636],[36.079042174007384,-21.65162251401263],[36.07622810375664,-21.648559688351416],[36.073391936806345,-21.645557418327925],[36.07053572681229,-21.642613119306603],[36.067661527441764,-21.63972420668096],[36.06477139237516,-21.63688809586906],[36.06186737531276,-21.634102202314],[36.05895152997454,-21.631363941477648],[36.056025910106406,-21.628670728840937],[36.0530925694758,-21.626019979894046],[36.050153561882574,-21.62340911014124],[36.04721094115295,-21.62083553509022],[36.04426676114116,-21.61829667024903],[36.04132307573804,-21.615789931128955],[36.03838193886099,-21.61331273323152],[36.0354454044646,-21.61086249205355],[36.03251552653469,-21.608436623078234],[36.029594359087675,-21.606032541770848],[36.0266839561904,-21.603647663591552],[36.02378637192114,-21.601279403959865],[36.020903663763846,-21.598925181023493],[36.018037885857304,-21.59658241014989],[36.01803786591436,-21.596582393823248],[36.015191089189415,-21.594248504093176],[36.01519105582252,-21.59424847667313],[36.01236532799923,-21.5919208782036],[36.012365281109716,-21.59192083945197],[36.00956265657344,-21.589596947806196],[36.009562596113994,-21.589596897459792],[36.00678512925017,-21.58727412820099],[36.00678505522882,-21.587274065972554],[36.004034800422794,-21.5849498346639],[36.00403471290763,-21.58494976024374],[36.00131372454485,-21.58262148244848],[36.00131362366902,-21.582621395507065],[35.9986239561349,-21.580286486788363],[35.99862384210197,-21.580286386979793],[35.99596754978198,-21.57794226290095],[35.995967422871644,-21.57794214986751],[35.99334656015124,-21.575586225991746],[35.993346420725004,-21.575586099369573],[35.99076304198966,-21.57321579126015],[35.99076289049657,-21.573215650686084],[35.988219050131775,-21.570828373906338],[35.988218887113625,-21.57082821902602],[35.985716639504936,-21.56842138913921],[35.98571646560112,-21.56842121961642],[35.98325786513409,-21.56599225218591],[35.98325768108529,-21.565992067713065],[35.98084478214541,-21.563538378302223],[35.98084458879612,-21.563538178612035],[35.97847944576905,-21.56105718278426],[35.97847924406835,-21.561056967662285],[35.976163911339654,-21.558546080981014],[35.976163702339946,-21.558545850278996],[35.9739002342952,-21.55600248830768],[35.97390001914846,-21.556002241957028],[35.97169047017325,-21.553423820259205],[35.97169025012453,-21.553423558284678],[35.9695366746046,-21.550807492423935],[35.96953645098244,-21.550807214956574],[35.967440903303334,-21.54815092049651],[35.967440677507135,-21.548150627785507],[35.965405212054385,-21.545451520289795],[35.96540498553834,-21.545451212712596],[35.963431656697665,-21.542706707744934],[35.963431430951935,-21.542706385814895],[35.961522293108864,-21.539913898939115],[35.96152206963796,-21.539913563310314],[35.959679177178046,-21.53707051009017],[35.95967895747707,-21.537070161558518],[35.95790436478583,-21.534173957557957],[35.957904150315414,-21.534173597058526],[35.95619991177836,-21.53122165784148],[35.95619970393912,-21.53122128644163],[35.954567873941656,-21.52821102757208],[35.95456767404906,-21.528210646460426],[35.953010306976566,-21.525139483502443],[35.953010116237365,-21.525139093973852],[35.9515292664752,-21.52200444249155],[35.95152908596641,-21.522004045928554],[35.95012680789988,-21.518803321486054],[35.95012663855137,-21.518802919337418],[35.948804986565555,-21.51553353749893],[35.94880482914642,-21.515533131256085],[35.94756585762654,-21.512192507585826],[35.94756571273644,-21.512192098758177],[35.94641147606757,-21.50877764882041],[35.946411344132926,-21.508777238910472],[35.94534389670009,-21.505286378269464],[35.9453437779752,-21.505285968748826],[35.94436517416331,-21.501716112968914],[35.94436506873589,-21.501715705255904],[35.943477362929904,-21.49806426990136],[35.94347727073089,-21.498063865341123],[35.942682517315525,-21.4943282659763],[35.94268243813213,-21.494327865823962],[35.94198269149227,-21.490505518013148],[35.94198262498383,-21.490505123420384],[35.94137993950418,-21.486593442727944],[35.94137988521959,-21.48659305473306],[35.94087631528487,-21.482589456723282],[35.94087627268104,-21.48258907624495],[35.94047387267585,-21.478490976482146],[35.94047384113636,-21.478490604316413],[35.94017466544537,-21.474295418364875],[35.940174644298615,-21.47429505518534],[35.93998074730641,-21.470000198609327],[35.93998073580846,-21.46999984322391],[35.93989665213873,-21.465701434330363],[35.93989664977657,-21.465701072242666],[35.93992406638181,-21.461495321456898],[35.93992407372862,-21.461494951550392],[35.940060773486465,-21.45737941261429],[35.94006079115141,-21.457379035629867],[35.940304556939516,-21.4533512622853],[35.94030458547333,-21.45335087907208],[35.940653200169336,-21.44940842506092],[35.940653240048384,-21.449408036573427],[35.94110448652994,-21.4455484556375],[35.94110453814019,-21.44554806292992],[35.941656199284864,-21.44176890881103],[35.94165626290659,-21.44176851302854],[35.942306121592004,-21.438067339468464],[35.942306197385804,-21.43806694183565],[35.94305203648958,-21.434441302576158],[35.94305212448432,-21.43444090438264],[35.943891726884075,-21.430888353165404],[35.943891826967494,-21.430887955748922],[35.94482297554089,-21.427406046315596],[35.944823087453415,-21.427405651043145],[35.94584356507809,-21.42399193713538],[35.945843688410285,-21.423991545382908],[35.94695127796396,-21.420643580742254],[35.94695141215777,-21.420643193873573],[35.948143896518204,-21.41735853224157],[35.94814404087244,-21.41735815158735],[35.94941920291739,-21.41413434670549],[35.949419356596835,-21.414133973543155],[35.95077497920421,-21.4109685791529],[35.950775141252464,-21.41096821468794],[35.952209007300155,-21.407858784530717],[35.95220917665563,-21.40785842988046],[35.953719069021595,-21.4048025176976],[35.9537192445356,-21.404802173877528],[35.955302946097895,-21.401797333410418],[35.955303126554824,-21.40179700132381],[35.956958420191604,-21.398840786313723],[35.956958604329586,-21.398840466744666],[35.958683272919025,-21.395930430932882],[35.95868345945099,-21.395930124542538],[35.96047528587134,-21.393063821670314],[35.9604754735053,-21.3930635289966],[35.962332240634986,-21.390238512805166],[35.962332428092964,-21.390238234265425],[35.964251918810355,-21.387452058496013],[35.96425210484575,-21.387451794392227],[35.96623210202932,-21.384702012786036],[35.96623228544196,-21.384701763312243],[35.968270571970336,-21.38198592961046],[35.96827075161891,-21.381985694861957],[35.970365110370665,-21.379301362805766],[35.9703652851832,-21.379301142789338],[35.9725134990371,-21.376645866119947],[35.972513668018514,-21.37664566076497],[35.97471351985326,-21.374016993223556],[35.97471368209073,-21.3740168023933],[35.97696295478515,-21.371412297721058],[35.976963109451404,-21.371412121223972],[35.97925958588439,-21.3688293331621],[35.979259732239036,-21.368829170762737],[35.981601195289485,-21.366265653052412],[35.981601332678665,-21.36626550448166],[35.98398556522553,-21.363718810864118],[35.98398569308037,-21.36371867582869],[35.98641047800263,-21.361186360045142],[35.986410595836624,-21.3611862382362],[35.98887371601334,-21.358665854027844],[35.98887382341888,-21.358665745128548],[35.991373061729064,-21.356154846236656],[35.991373158373655,-21.356154749928837],[35.993906297696405,-21.35365089009463],[35.9939063833182,-21.353650806064348],[35.99647120653258,-21.35115153902908],[35.996471280936156,-21.351151466971302],[35.99906557092137,-21.348654346476234],[35.999065633973345,-21.3486542860986],[36.0016871736085,-21.346156865884964],[36.00168722523329,-21.346156816910707],[36.00433379739753,-21.343656650719822],[36.00433383757328,-21.34365661288989],[36.00700322514579,-21.34115125446299],[36.00700325390078,-21.34115122753751],[36.009693239760686,-21.338638230615874],[36.009693257169864,-21.33863821437493],[36.012401624196414,-21.336115132699867],[36.01512615900777,-21.333579516529962],[36.01786462667968,-21.331028936188805],[36.020614813394424,-21.32846094239086],[36.02337450229134,-21.325873088735808],[36.02614147652723,-21.32326292885454],[36.028913519302755,-21.320628016380883],[36.031688413846155,-21.31796590496381],[36.034463943415574,-21.31527414826154],[36.03723789129592,-21.312550299940884],[36.040008040803365,-21.30979191366952],[36.042772175278834,-21.306996543117883],[36.04552807808827,-21.304161741955042],[36.04827353262133,-21.30128506384563],[36.05100632229215,-21.29836406244484],[36.05372423053305,-21.29539629139952],[36.05642504079636,-21.29237930434183],[36.05910653655044,-21.289310654888247],[36.06176650127791,-21.28618789663591],[36.06440271847115,-21.283008583162427],[36.06701297163185,-21.279770268020545],[36.06959504426483,-21.276470504739734],[36.072146719876066,-21.273106846822824],[36.07466578196854,-21.269676847745377],[36.07715001403732,-21.26617806095641],[36.079597236590594,-21.262607985865916],[36.11087074627862,-21.216154104526318],[36.16783325721702,-21.131541608140587],[36.23293296932376,-21.0348420582815],[36.29028869863764,-20.93519767641516],[36.33990074830462,-20.83260801325341],[36.38176912358962,-20.72707305726701],[36.4158938270077,-20.61859279640018],[36.44227485829741,-20.507167218794116],[36.46091221465367,-20.39279631344726],[36.471805891162546,-20.275480070736464],[36.47495589345358,-20.1552180312092],[36.47495590004743,-20.15521783612733],[36.48058716639034,-20.019452200252353],[36.48058717349474,-20.01945205074683],[36.48869969180963,-19.868183288811466],[36.48869969861067,-19.868183172637607],[36.49929346885148,-19.701411284641903],[36.499293474996776,-19.701411193726578],[36.512368497115006,-19.51913617966919],[36.512368502465634,-19.519136108479245],[36.52792477640996,-19.32135796835781],[36.52792478092786,-19.321357912977497],[36.54596230664397,-19.10807664678877],[36.54596231033831,-19.108076604371504],[36.56648108776895,-18.879292212111437],[36.56648109066986,-18.879292180540233],[36.58948111835534,-18.63500467689118],[36.6096061409423,-18.4212531257633],[36.62685616009168,-18.238037510532056],[36.64123117590236,-18.08535783117833],[36.65273118845462,-17.96321408770331],[36.661356197812715,-17.871606280102686],[36.66710620402383,-17.81053440838194],[36.6699812072156,-17.779998471523708],[36.670018792784745,-17.78000152847443],[36.667143796253356,-17.81053746367101]]]]}},{"type":"Feature","properties":{"id":32,"group":"roads","name":"Saple Town Connector"},"geometry":{"type":"MultiPolygon","coordinates":[[[[36.076477296251284,-39.10769835280137],[36.0764777521239,-39.10769530450523],[36.07647902038704,-39.10769242766714],[36.076481054729534,-39.10768982733606],[36.46528114709523,-38.71258985817304],[36.46528404069561,-38.71258751278079],[36.46528758732268,-38.71258567834385],[36.46529164185465,-38.71258442992413],[36.46529603838714,-38.71258381860474],[36.46530059702183,-38.712583869399715],[36.46530513122738,-38.712584580230676],[36.98730502030556,-38.83228459288043],[36.98730968139885,-38.832286042963766],[36.987313883268364,-38.832288155079965],[36.98731742660428,-38.83229082904366],[36.98732014333329,-38.832293938019056],[37.30952019407434,-39.29489386999697],[37.30952200911865,-39.294897283720836],[37.52372203584577,-39.86459695371998],[37.77842088089635,-40.446893996692296],[38.340918596512424,-41.00309161020716],[38.34091885488743,-41.00309186651654],[39.0510188701871,-41.70689175401094],[39.051020176101105,-41.70689315459036],[39.4794202213095,-42.209093072101176],[39.479421928375814,-42.209095422901214],[39.479423089954096,-42.209097887560766],[39.6540232218247,-42.697797819111074],[39.65402390858823,-42.69780223776239],[39.62702410845795,-43.24770215294548],[39.613524419496045,-43.629296892867096],[39.84841618551333,-43.863288631129414],[40.1499103840412,-43.977586435409236],[40.149914352362856,-43.977588243458484],[40.14991780811556,-43.97759047137175],[40.149920627883255,-43.97759303958299],[40.45772065994846,-44.31239298060495],[40.45772282430412,-44.31239586195251],[40.45772413114923,-44.31239889876682],[40.558524247897104,-44.66789885008237],[40.558524671392725,-44.66790196780285],[40.551324901051004,-45.23670132875222],[40.59182460773567,-45.59849750350776],[40.98692238316605,-46.10789437571292],[41.32171881292231,-46.52278983795106],[41.804111973566705,-46.71718707548116],[41.80411694467512,-46.71718955615896],[42.16591690484693,-46.93858951682166],[42.16592030837171,-46.9385919719255],[42.16592295050471,-46.93859472801419],[42.58801326602624,-47.474082408831876],[42.90928330178201,-47.44078553044641],[43.4519782758653,-46.9655901140801],[43.45198160879793,-46.96558781739304],[43.451985744578074,-46.965586052524486],[43.88038571628293,-46.82428610838941],[43.88039023614988,-46.8242849822298],[43.88039514508371,-46.824284454494084],[43.880400247474775,-46.82428454621118],[43.880405340004494,-46.82428525372637],[44.69850511839591,-46.98538527109427],[44.69850955758668,-46.9853863821081],[44.698513687730845,-46.98538793345952],[45.52201352629962,-47.34718787983932],[45.522019186563206,-47.347191043254284],[46.09801731466843,-47.75578966759038],[46.714514154748024,-48.0500881506969],[47.20231317203039,-48.2471877624006],[47.20231818798364,-48.2471902587533],[47.724318137955585,-48.56399019201298],[47.72432236511338,-48.56399336021455],[48.44432245107187,-49.23359320813375],[48.4442775489238,-49.23360679186416],[47.724279433006075,-48.56400835198706],[47.2022840973469,-48.247211145463254],[46.71448672456872,-48.050112208224114],[46.71448500824312,-48.050111454960515],[46.097984900327496,-47.75581140371284],[46.097980838637234,-47.75580904131941],[45.5219833098253,-47.34721075348146],[44.69849028534976,-46.98541384167942],[43.880405270797176,-46.82431687713702],[43.45201880159352,-46.96561245444559],[42.90932188689293,-47.44080994326326],[42.90931906779718,-47.440811938362536],[42.90931563913927,-47.440813551814706],[42.90931171052702,-47.44081473204065],[42.909307407550834,-47.44081544131078],[42.58800734000082,-47.47411547517018],[42.58800231338358,-47.4741156749447],[42.587997196562284,-47.474115263517895],[42.58799218905337,-47.47411425693219],[42.58798748611094,-47.47411269443656],[42.58798327111345,-47.47411063695629],[42.58797970841309,-47.4741081647171],[42.58797693692756,-47.47410537411725],[42.165879303655295,-46.93860818144051],[41.804085335374516,-46.717211850242435],[41.32168792352294,-46.5228129023303],[41.32168381670313,-46.52281089510262],[41.321680321497944,-46.52280847611693],[41.32167757000151,-46.52280573679382],[40.986877645490644,-46.107905660261125],[40.98687758843605,-46.10790558824244],[40.59177768293476,-45.598505496299715],[40.591775877472024,-45.59850244726371],[40.59177502329383,-45.59849930171867],[40.5512751628158,-45.23669926034079],[40.55127510375366,-45.236698085810595],[40.55847530206683,-44.66789958706948],[40.45767673872958,-44.31240421726638],[40.14988317398345,-43.97761113616945],[39.84838955125827,-43.86331355598798],[39.84838597895158,-43.86331194088962],[39.84838281141809,-43.86330998107018],[39.84838014010122,-43.86330773310763],[39.61348015280416,-43.62930769263929],[39.61347767036757,-43.62930458955523],[39.61347618069372,-43.629301282422226],[39.613475750012505,-43.629297918273544],[39.62697589011575,-43.24769788455472],[39.62697589324238,-43.24769780957009],[39.65397597469033,-42.69779997100446],[39.47937779544254,-42.20910463474324],[39.050980428762806,-41.706907564284975],[38.340881272681145,-41.00310826235004],[37.778381411129054,-40.4469083033133],[37.77837940210856,-40.44690592194065],[37.77837795143193,-40.446903380042905],[37.52367807293017,-39.86460329937693],[37.52367786666391,-39.86460279161754],[37.3094786410304,-39.294904477087044],[36.98728468065914,-38.832313070145766],[36.46531018223304,-38.71261896808316],[36.076522639568246,-39.10770642503419],[36.07022290851394,-39.80430158819256],[36.07017709148697,-39.80429841180401],[36.076477296251284,-39.10769835280137]]]]}},{"type":"Feature","properties":{"id":33,"group":"roads","name":"Rangy Connector"},"geometry":{"type":"MultiPolygon","coordinates":[[[[31.537166368023275,-10.431433759679122],[31.537167980532367,-10.431433761196345],[31.538643563439486,-10.431494819897763],[31.538645350033995,-10.431494974736415],[31.540873989020533,-10.431790091460757],[31.54087559845494,-10.431790372846978],[32.148904345946995,-10.563283781356091],[32.148906745662224,-10.563284459129855],[33.477292712959,-11.025879730325256],[33.95518470090772,-10.353591146212066],[33.95518704471505,-10.353588492661453],[33.95518992946815,-10.353586319597913],[33.95519323471456,-10.35358471775733],[33.95519682244424,-10.353583754024264],[33.95520054285218,-10.353583468639194],[34.68960049892835,-10.364383520143901],[34.68960367510399,-10.36438381526459],[34.68960673854355,-10.364384606861893],[34.68960959527417,-10.364385870653079],[34.68961215766389,-10.364387567870567],[35.21520689353923,-10.779283465437276],[35.950499899415625,-10.768483612716249],[35.950503523464214,-10.768483879587482],[35.95050700778646,-10.768484785729001],[35.950510214208244,-10.76848629520688],[35.95051301557591,-10.768488348161307],[35.95051530079854,-10.768490863180457],[36.24931527748603,-11.172590830380058],[36.24931694479558,-11.172593637264058],[36.24931796720078,-11.172596686308312],[36.24931830578973,-11.172599861468864],[36.24931832121453,-11.802590984002293],[36.76410980496447,-12.096886118134995],[37.262709568404034,-12.36418602166946],[37.26271213761247,-12.364187677778254],[37.262714341690774,-12.364189704570652],[37.262716114334744,-12.364192041075626],[37.45711323634601,-12.67468745585649],[38.044807828182215,-12.915885260013779],[38.044811405994224,-12.915887184552913],[38.04481438999763,-12.915889776278249],[38.044816624842014,-12.915892900261756],[38.33911568493905,-13.451391172693329],[38.70630846708279,-13.84468347843423],[39.488399203167894,-13.81318389883532],[39.48840231910179,-13.813183997925476],[39.48840536911299,-13.813184551889615],[39.488408266502105,-13.813185544980794],[40.00320820739598,-14.033685554553347],[40.00321119415656,-14.033687148248983],[40.00321377798382,-14.033689204542974],[40.003215865873,-14.033691649419081],[40.00321738267059,-14.033694394874086],[40.20301738556365,-14.501694345453215],[40.20301827387069,-14.501697174356364],[40.20301855255447,-14.501700097524056],[40.20301821231796,-14.501703017438341],[40.10851826061726,-14.926502988193233],[40.108517099920476,-14.926506283041379],[40.108515154292625,-14.92650928948159],[40.10851251304305,-14.926511869510378],[39.68281579894999,-15.262209334969523],[39.473117440376186,-15.735605769289748],[39.47311724767002,-15.73560618843447],[39.26791750749592,-16.165805751476363],[39.032117760476844,-16.758905293730603],[39.03211619689915,-16.75890823653152],[39.032113979775865,-16.75891084698811],[39.03211119856795,-16.75891301976833],[39.032107965497254,-16.758914667200386],[39.03210441101828,-16.758915722810283],[38.407506193345924,-16.88491541591282],[37.93950788184084,-17.06851479510529],[37.93950429326436,-17.06851583633195],[37.9395005294266,-17.06851623108216],[37.23121001996507,-17.079316154835432],[36.670015547997366,-17.780009402689732],[36.66998445200508,-17.779990597307854],[37.2311845481781,-17.079290611292084],[37.23118681910305,-17.079288287813913],[37.23118955517023,-17.079286377648554],[37.23119265982619,-17.079284948204034],[37.231196023510364,-17.079284049924198],[37.231199527521284,-17.079283714508477],[37.939495617282546,-17.06848383369393],[38.40749211880694,-16.88488524697329],[38.40749561495203,-16.88488422099719],[39.03208555783111,-16.758886310144707],[39.26788231958641,-16.16579468088547],[39.26788269361483,-16.165793825418152],[39.47308265257769,-15.735594019963338],[39.68278262274984,-15.262194212775299],[39.682784623773586,-15.2621909147972],[39.682787447618914,-15.262188102991896],[40.10848290077881,-14.92649174439229],[40.202980791111756,-14.501701423002489],[40.0031851635523,-14.033711624795348],[39.48839601510678,-13.813216301014634],[38.70630074713825,-13.844716164449892],[38.70629733471026,-13.84471602046923],[38.70629401321441,-13.844715329915292],[38.7062908959708,-13.844714116347802],[38.70628808933105,-13.844712421170257],[38.706285689049786,-13.84471030221733],[38.33908565487059,-13.45141027152581],[38.339083385960606,-13.451407151945038],[38.0447862142164,-12.915912312494974],[37.457092107764936,-12.67471475321243],[37.45708885407229,-12.674713022706413],[37.45708607743782,-12.674710734814003],[37.45708389670455,-12.674707987459543],[37.26268624627647,-12.36421174792772],[36.76409037684722,-12.0969139799149],[36.764090015873116,-12.09691378006862],[36.249289959836275,-11.802613779056406],[36.249287137500815,-11.802611774409632],[36.24928481681229,-11.802609310552207],[36.24928308827925,-11.802606483576405],[36.24928201931577,-11.80260340373635],[36.249281651612186,-11.80260019114809],[36.24928167903551,-11.172605077952747],[35.95049014596229,-10.768516546840871],[35.21520005878039,-10.779316441770721],[35.21519675429921,-10.779316215176436],[35.21519355668811,-10.779315454670261],[35.21519057123386,-10.779314185293122],[35.21518789623755,-10.779312448841393],[34.68959282461538,-10.364416391037162],[33.9552097055503,-10.353616696443892],[33.477315374875765,-11.025908854390297],[33.477313155843255,-11.025911404819732],[33.477310436022286,-11.025913521114996],[33.47730731894514,-11.025915122717464],[33.47730392326598,-11.02591614866076],[33.47730037824428,-11.025916559891431],[33.47729681882433,-11.025916340755602],[33.47729338049856,-11.025915499594845],[32.14889442770879,-10.563315955603443],[31.54086760248439,-10.431823041131132],[31.538640663858104,-10.43152814986138],[31.53716678452853,-10.431467161849158],[31.5359109160145,-10.43151671893449],[31.535909693004964,-10.431483348420752],[31.537166368023275,-10.431433759679122]]]]}},{"type":"Feature","properties":{"id":35,"group":"roads","name":"Everlust Highway"},"geometry":{"type":"MultiPolygon","coordinates":[[[[-11.902939458006795,28.590455081475856],[-11.902938273799125,28.590451139417585],[-11.88155519324651,28.468731998821333],[-11.855237594890092,28.373330672857314],[-11.855237054538161,28.373327778761603],[-11.84701274093464,28.291084561027393],[-11.847012697627385,28.291084051570895],[-11.830564077430495,28.055868448945922],[-11.830564162135389,28.05586516527295],[-11.871685756336433,27.71866836295186],[-11.889779257605172,27.48016342330275],[-11.889779276913696,27.480163189856547],[-11.909517670132907,27.259751366834255],[-11.909517774878463,27.259750464999303],[-11.939125352456827,27.05249755691432],[-11.939126159943498,27.05249426110093],[-11.939127598750147,27.052491178277222],[-12.050978385766197,26.863331779291965],[-12.05098036174136,26.863329064125168],[-12.200663021882542,26.693908037914788],[-12.200665470412511,26.69390573931238],[-12.348701079261886,26.57876693305011],[-12.47699895460964,26.39289951083762],[-12.477001529505504,26.39289654483819],[-12.628328455833554,26.25308362618302],[-12.689187897950285,26.185644787211956],[-12.689190657464358,26.18564230299862],[-12.768144144416622,26.128072051730015],[-12.768145336633328,26.128071252110203],[-12.853678279604452,26.07543559398506],[-12.853680298486259,26.075434518013726],[-12.947437561123506,26.032668046087377],[-12.947442621164909,26.03266655138493],[-13.10205985704857,26.009638452175263],[-13.102060882976337,26.00963832748316],[-13.189238369500371,26.001414036515555],[-13.330696376561741,25.983320570519382],[-13.330698950657133,25.983320415391656],[-13.580718309275134,25.98496528220081],[-13.5807223474975,25.98496573329437],[-13.858704397843496,26.045825716056502],[-13.858707573533751,26.04582670013169],[-13.858710531109336,26.045828206179394],[-13.858713177505052,26.045830186809198],[-13.965628305831494,26.14123138062622],[-14.286375653432097,26.351773239000376],[-14.286378538055192,26.35177555374773],[-14.65153659653248,26.70706448288587],[-14.822596756698605,26.802463425372917],[-15.00352434516412,26.822200984278723],[-15.210771605138367,26.76956675863371],[-15.429534822565438,26.651138549058206],[-15.676262274120631,26.438952944026255],[-15.86870908978951,26.231702536710436],[-15.932857717661593,26.105050134912748],[-15.93286007150848,26.10504663347932],[-16.06115949629418,25.957008843194647],[-16.06116034889444,25.957007927594983],[-16.199327953820355,25.818840327791797],[-16.324336830227146,25.644485855186073],[-16.32433826661987,25.644484105422222],[-16.469086334051298,25.489866857951426],[-16.469088317394803,25.489865041098714],[-16.627486698011456,25.365586897058407],[-16.853984257014574,25.10825871317984],[-16.853985777730244,25.1082571865625],[-17.117163061870528,24.874687352874037],[-17.561685327339752,24.334188517400634],[-17.561688029003594,24.334185877850594],[-17.561691260721265,24.334183863603634],[-18.719090455100538,23.77348425382291],[-20.68018856306668,22.57558542226478],[-21.316484650759573,22.035588759116504],[-21.49828312270177,21.631492213526954],[-21.498284808823986,21.63148929206864],[-21.498287048930543,21.631486761101968],[-21.85272840008649,21.303686154957887],[-21.85272879966166,21.30368579687636],[-21.9275700695161,21.238713707551632],[-21.970334141791664,21.200883952612184],[-21.998682355089528,21.146393674749458],[-22.015564689637447,21.047920055404237],[-22.023788901832948,20.94100538990935],[-22.022966482867012,20.80859453135441],[-22.022966622667237,20.808592226825233],[-22.045994262306312,20.62930568996045],[-22.013098062993414,20.51910340090898],[-22.013097362604395,20.519099601135338],[-22.004873476917627,20.407254679728688],[-21.860129292957133,20.23454854862302],[-21.860126518779524,20.23454410946813],[-21.80091230866935,20.101312128681975],[-21.710685561497385,19.98361034995398],[-21.71068366209035,19.983607312817124],[-21.634780479318696,19.83155311780093],[-21.634779043913262,19.83154916629606],[-21.634778560234388,19.8315450349106],[-21.635081757501002,19.63529922229674],[-21.63508217452452,19.635295469283417],[-21.6350833929697,19.63529191996814],[-21.635085358056028,19.635288733925815],[-21.746632955014206,19.492692485887492],[-21.746635136047736,19.492690180897533],[-21.746637718533464,19.492688313427724],[-22.019684993115575,19.331491732703242],[-22.14797969494206,19.25089634466769],[-22.198967041689457,19.13082938268545],[-22.197322218255458,18.90219696701632],[-22.180481842527062,18.14939963952843],[-22.180481938623085,18.1493973974408],[-22.236281967515037,17.633697383762858],[-22.236282549991305,17.63369443905444],[-22.23628363151589,17.633691653382087],[-22.236285181158543,17.633689106412543],[-22.988681815205123,16.61309372436518],[-22.981482002063377,16.1703039349939],[-22.756484108187177,15.749107860390309],[-22.75648296125818,15.749105240032574],[-22.75648223739146,15.749102489567795],[-22.58008252036339,14.763603902974118],[-22.408183010134987,14.268605279978607],[-22.40818203043074,14.268600230677379],[-22.377582076198593,13.62690075355663],[-22.301982152412688,12.914101274173076],[-22.301982079883015,12.914098454830661],[-22.342481862913623,12.171602761238555],[-22.239582688705273,11.938497158163042],[-22.084511067396928,11.789369196227549],[-22.084535494175764,11.789343769971124],[-22.239609771516605,11.938474299573375],[-22.23961214053681,11.93847706688604],[-22.239613924671787,11.938480233192253],[-22.34251636061827,12.171593219431015],[-22.342517625629064,12.17159731662746],[-22.34251789657123,12.171601565163543],[-22.302017995487876,12.914100136344203],[-22.3776178660766,13.626898708340946],[-22.377617948972144,13.626899785914922],[-22.408217843777035,14.268597187285565],[-22.580116996576063,14.76359471075715],[-22.580117734107553,14.763597534336368],[-22.756517252931737,15.749094694096534],[-22.981515892578088,16.1702921338403],[-22.98151748117039,16.17029617799001],[-22.981518065906105,16.17030044161873],[-22.98871808545503,16.613100429337763],[-22.988717748566295,16.61310415872828],[-22.988716625754893,16.613107703966516],[-22.98871476673992,16.61311090806613],[-22.236317532418735,17.63370721005533],[-22.180518181312742,18.149401487396425],[-22.197358616398663,18.90219779543752],[-22.19735862087992,18.90219808997902],[-22.199003498019515,19.130834227310512],[-22.199003168682303,19.130837731521343],[-22.199002140394178,19.130841074206803],[-22.148011353521696,19.250916168574758],[-22.148009703210633,19.25091916678372],[-22.14800747995702,19.250921770653775],[-22.14800476748404,19.25092388212847],[-22.019705349224786,19.331522236272615],[-22.019704941831773,19.331522484418013],[-21.746660247183133,19.492717548102316],[-21.635118231644025,19.63530667725594],[-21.634815073870314,19.831542356472667],[-21.710715536521942,19.983591083495075],[-21.800942550162468,20.101293208583744],[-21.80094481990321,20.10129702378175],[-21.86015887103735,20.234528631164377],[-22.004905224233408,20.407237348412572],[-22.00490739713637,20.407240550043294],[-22.004908855573373,20.407244096660868],[-22.0049095348477,20.407247830936274],[-22.013133720981546,20.519096675426344],[-22.04603045407393,20.629300711690675],[-22.046031143780596,20.629304350360226],[-22.046031063519813,20.629308016996347],[-22.02300312191281,20.808597081083274],[-22.023825555675103,20.94100749699016],[-22.023825504859953,20.941008941161414],[-22.01560119051558,21.047925120540032],[-22.01560099396705,21.047926708078652],[-21.99871809167349,21.146403717788164],[-21.99871745216584,21.1464062561558],[-21.99871643137808,21.146408657844262],[-21.970365575093307,21.200904028476454],[-21.970363910023444,21.20090661675436],[-21.97036179554352,21.200908862872485],[-21.927595323906452,21.238740742888524],[-21.92759520507159,21.23874084702902],[-21.852754082260184,21.303712812880697],[-21.498315473314197,21.631510906802806],[-21.31651690636871,22.03560777935729],[-21.31651500725437,22.035610990431238],[-21.31651243940379,22.035613711762146],[-20.68021245333415,22.57561371570717],[-20.680210293287626,22.57561527756876],[-18.719110271095953,23.773515303557506],[-18.719108776379258,23.773516118968445],[-17.561712242025614,24.334214441879023],[-17.117191599670843,24.87471135964054],[-17.117189726949352,24.874713302743128],[-16.85401224563311,25.10828332328411],[-16.62751436060897,25.365611901103794],[-16.62751203380004,25.36561409834262],[-16.46911344946955,25.48989240596584],[-16.32436708870762,25.644507843088125],[-16.19935806814221,25.81886254269483],[-16.199356241185573,25.818864694531353],[-16.061188083663293,25.957032856927206],[-15.93289047698541,26.10506856503013],[-15.868741734640082,26.23172122760066],[-15.868738990403484,26.231725162513765],[-15.676289869772218,26.438978070470814],[-15.676288458459199,26.438979428709963],[-15.429558809135143,26.651166930921907],[-15.429555647254016,26.65116910615713],[-15.210788681697254,26.769599341597004],[-15.210784395872933,26.769601012027774],[-15.003531473994745,26.822236673947057],[-15.003528069419723,26.82223721804669],[-15.003524601786673,26.82223714864693],[-14.82258950792671,26.802498778612694],[-14.822585657568426,26.80249796320008],[-14.822582047141285,26.802496401179585],[-14.651516144626314,26.707094269726912],[-14.651512092885925,26.707091257894884],[-14.286353529018397,26.35180185061378],[-13.965606524639735,26.141260236547833],[-13.965604291164016,26.141258521933725],[-13.8586918894486,26.045859767367716],[-13.5807167872058,25.985001319714005],[-13.330700720604955,25.983356479721266],[-13.189243655724473,26.001449825210226],[-13.189243024284202,26.001449895347985],[-13.102065722119951,26.009674169356117],[-12.947451620799836,26.03270180132923],[-12.853697805881882,26.075466697981774],[-12.768166443722585,26.12810138142324],[-12.689215047413903,26.185670107703793],[-12.628356314202026,26.25310816550427],[-12.628355179634614,26.253109313451176],[-12.477029118462035,26.39292143807362],[-12.348730827239422,26.578789488424917],[-12.348729116737807,26.578791597717277],[-12.348727094481918,26.578793432758392],[-12.200690638182838,26.693932899047507],[-12.051010221006472,26.8633513999231],[-11.939162073195279,27.052506377225605],[-11.90955508485819,27.25975542937857],[-11.889816784845822,27.480166680764402],[-11.871723309149745,27.718671891974456],[-11.87172323201016,27.71867267263848],[-11.830601856234047,28.05586822483097],[-11.847050390069253,28.291081921044345],[-11.855274547697753,28.373323416619165],[-11.881591991943537,28.468724119663833],[-11.881592358876235,28.468725748201297],[-11.902975249659752,28.5904436764104],[-11.967124142941897,28.738479555307382],[-11.967089156431193,28.738492873825336],[-11.902939458006795,28.590455081475856]]]]}},{"type":"Feature","properties":{"id":36,"group":"roads","name":"Barrel Road"},"geometry":{"type":"MultiPolygon","coordinates":[[[[-3.227412040073688,-28.982684872839545],[-2.457015439068643,-28.208688348735006],[-1.528215737789376,-27.13948882277964],[-1.528213434549592,-27.139486580257287],[-1.528210738306968,-27.13948473030473],[-0.486011592291386,-26.540985248300103],[0.065687649198269,-26.14678581181421],[0.065712350804537,-26.146814188184827],[-0.485987659676337,-26.54101421924219],[-0.485989209642448,-26.541015215556627],[-1.528186366029191,-27.139513618940136],[-2.456984197492264,-28.20871123637145],[-2.456984951145168,-28.208712045945898],[-3.227384921375484,-28.98271209516384],[-3.227388258533861,-28.982714751985043],[-3.22739217810173,-28.98271667706683],[-4.245292281210329,-29.35351671757256],[-4.245307718787391,-29.353483282427028],[-3.227412040073688,-28.982684872839545]]]]}},{"type":"Feature","properties":{"id":38,"group":"roads","name":"Port Moa Connector"},"geometry":{"type":"MultiPolygon","coordinates":[[[[-45.49409052842395,15.45481343883189],[-45.494087473475,15.454810996211577],[-45.00808743125294,14.980510995734486],[-45.008085495330995,14.980508791871301],[-45.008083939526905,14.980506357603144],[-44.69998392352712,14.400006330725668],[-44.70001607647286,14.399993669275256],[-45.008114697251564,14.980491091397775],[-45.494111125028006,15.454787642547005],[-45.87000943788824,15.699986573028584],[-45.86999056211276,15.700013426972482],[-45.49409052842395,15.45481343883189]]]]}},{"type":"Feature","properties":{"id":39,"group":"roads","name":"Three Sisters Connector"},"geometry":{"type":"MultiPolygon","coordinates":[[[[-41.13448173356668,-13.129202327454179],[-41.13448246001714,-13.129205253404598],[-41.13448372448767,-13.129208018212513],[-41.134485488192034,-13.129210537070408],[-41.1344876970305,-13.129212732715013],[-42.17744100831818,-13.989172845316965],[-42.17744138870045,-13.989173146927504],[-42.195909494126546,-14.00341997041554],[-42.195911720374866,-14.003421445257604],[-42.19591415622143,-14.003422602655576],[-42.20936949029379,-14.008699203511311],[-42.20937240965549,-14.008700093554632],[-42.21887029246923,-14.010810733635832],[-42.21887375515997,-14.010811190354747],[-42.232395046454506,-14.011404807238618],[-42.23239661533822,-14.011370705583266],[-42.21887708008802,-14.010777164277801],[-42.209382406936626,-14.008667236361163],[-42.19593103746494,-14.003392188830361],[-42.177465248024156,-13.98914715025517],[-41.13451733055045,-13.12919146201723],[-41.07151824366688,-12.706197701543223],[-41.0714817563328,-12.706202298455825],[-41.13448173356668,-13.129202327454179]]]]}},{"type":"Feature","properties":{"id":40,"group":"roads","name":"Unnamed route segment"},"geometry":{"type":"MultiPolygon","coordinates":[[[[-24.16926595946139,-9.501672090243872],[-24.250788057483526,-9.405507665061341],[-24.250789406052107,-9.405505854560136],[-25.241411721450476,-7.884014989815429],[-25.886700772720097,-7.678818447532929],[-26.5778886101226,-7.830915753505901],[-26.910775435450667,-8.351205538472087],[-26.92229907614974,-8.510058400314245],[-26.92229997019441,-8.51006277719856],[-26.947627653777914,-8.583935195689298],[-26.947628980574315,-8.58393814256275],[-26.947630830622785,-8.583940804204904],[-26.947633143022205,-8.58394309299807],[-26.94763584165152,-8.583944933598282],[-27.050001908952968,-8.640932225998514],[-27.050006679131272,-8.640934062263971],[-27.322195759200458,-8.703917287860124],[-27.32219702154054,-8.70391753333166],[-27.997193084821777,-8.810116896409763],[-28.9097820408421,-9.410409626840533],[-28.96198170177677,-11.127600578719978],[-28.96198210060291,-11.127603713712118],[-29.285082037139258,-12.55320378305309],[-29.285083390183306,-12.55320756199073],[-29.28508558942184,-12.553210955679427],[-30.470385630699983,-13.97251102999689],[-30.470388661519415,-13.972513874588184],[-31.837673474110975,-14.978937763257985],[-31.837695954129956,-14.978909938403234],[-30.470413024853126,-13.972487382085621],[-29.28511704397231,-12.553192240349444],[-28.962018244001356,-11.127597836565748],[-28.90981820173754,-9.410399488628913],[-28.90981778429521,-9.410396151092325],[-28.90981672515818,-9.410392952432419],[-28.90981506254236,-9.410390008063544],[-28.909812856438425,-9.410387424224716],[-28.909810186447245,-9.410385294146236],[-27.997210244263112,-8.810085307805242],[-27.99720675120517,-8.810083504240128],[-27.997202937976553,-8.81008248297367],[-27.322203614170544,-8.703882567505005],[-27.050017714835498,-8.640900061348383],[-26.947659902296234,-8.583917360229746],[-26.922335141650812,-8.510053480149425],[-26.910811330320232,-8.351198446522456],[-26.91081048010751,-8.35119418961472],[-26.91080860068001,-8.351190266007809],[-26.577915382958235,-7.830890511762272],[-26.577913204966634,-7.830887746694567],[-26.57791051466018,-7.830885457020015],[-26.57790741641505,-7.830883731571416],[-26.577904030434258,-7.830882637291249],[-25.88670407033363,-7.678782624919535],[-25.886700871182885,-7.678782206789528],[-25.88669764435717,-7.678782353898376],[-25.8866944923634,-7.678783061572862],[-25.241394506326067,-7.883983034377269],[-25.241391614542053,-7.883984231018636],[-25.24138897304357,-7.883985898325805],[-25.24138666067292,-7.883987986533726],[-25.24138474644879,-7.883990433314461],[-24.250759339905628,-9.405485730157691],[-24.16923658067036,-9.501650918215468],[-24.169234240757447,-9.501654454448534],[-24.149983660209962,-9.539992133885477],[-24.150016339791016,-9.540007866113287],[-24.16926595946139,-9.501672090243872]]]]}},{"type":"Feature","properties":{"id":42,"group":"roads","name":"Whitlean Connector"},"geometry":{"type":"MultiPolygon","coordinates":[[[[-32.10028404577067,-15.395408912229891],[-32.10028680417057,-15.395412277176748],[-32.10029032903523,-15.395414929017782],[-32.23169034011546,-15.471914930812336],[-32.23169060878633,-15.471915084149606],[-32.71588965303523,-15.741914535719156],[-32.916585810136944,-15.886811758453844],[-33.05518160192054,-16.108205052659255],[-33.068681175331925,-16.33679813473415],[-33.02098183505592,-16.51679558310646],[-33.02098129479131,-16.516799311712354],[-33.02098161904097,-16.51680307212945],[-33.08308159877455,-16.821003089515365],[-33.08308329851312,-16.821007745619994],[-33.25588283160506,-17.139606919224],[-33.31798246397519,-17.2917060417741],[-33.31798325751254,-17.291707717063854],[-33.4493832528185,-17.533807732978563],[-33.44938390281239,-17.5338088298569],[-33.58798390210727,-17.748908844008763],[-33.587986368946225,-17.748911877584796],[-33.58798946987347,-17.748914358640352],[-33.760789485004246,-17.859614362482443],[-33.76079148465298,-17.859615481559224],[-33.989390001757336,-17.970314755434597],[-34.280084143646135,-18.177310582409383],[-34.36288097186738,-18.392402378481123],[-34.356581192164526,-18.53009727650892],[-34.307981644629166,-18.71729545839778],[-34.24498167202893,-18.93869527810176],[-34.24498112914179,-18.938698172291446],[-34.224281108674404,-19.160098143564305],[-34.21078119369788,-19.2986971173048],[-34.182881398628574,-19.42289614534711],[-34.182881030723365,-19.42290048591896],[-34.190080945983276,-19.56149913586253],[-34.15998107437348,-19.81999779878044],[-34.160018925627,-19.820002201217854],[-34.190118896424835,-19.56150221094008],[-34.190118982931615,-19.561499506960693],[-34.182919082460984,-19.42290171100776],[-34.210818586991,-19.29870385806397],[-34.21081890282129,-19.298701888500826],[-34.22431888765779,-19.16010189397054],[-34.22431889481762,-19.160101818881127],[-34.24501873260977,-18.938703298253216],[-34.30801830263069,-18.71730472673511],[-34.30801840366566,-18.71730435536539],[-34.35661838249341,-18.530104359959363],[-34.35661888441878,-18.53010103651685],[-34.36291887039862,-18.392401042599577],[-34.36291867219275,-18.392397666009444],[-34.36291777542446,-18.392394376738398],[-34.280117765210534,-18.177294391038703],[-34.28011620136885,-18.177291296344475],[-34.28011402573686,-18.177288530314588],[-34.28011132047001,-18.177286197398914],[-33.98941134463719,-17.970286206174933],[-33.989408493063124,-17.970284517291066],[-33.76080955135313,-17.85958502123768],[-33.58801395564669,-17.74888783957651],[-33.44941644296431,-17.533791708102477],[-33.31801718573489,-17.291693101924263],[-33.25591752993085,-17.139593967987363],[-33.25591670726833,-17.13959223369994],[-33.083117901176955,-16.820994474452334],[-33.02101914769122,-16.516800704568023],[-33.06871814668947,-16.336804421021515],[-33.06871861460841,-16.336801844450278],[-33.06871866709542,-16.336799226715502],[-33.05521864861676,-16.108199237965625],[-33.05521786973868,-16.10819509243782],[-33.05521606452548,-16.10819122877222],[-32.91661606410108,-15.886791242737516],[-32.91661392094714,-15.886788464383171],[-32.916611250155576,-15.88678612325669],[-32.71591126571184,-15.741886128872487],[-32.715909349382905,-15.741884910438474],[-32.231709526220264,-15.471884991461524],[-32.100313590523704,-15.39538735560578],[-31.837700668211543,-14.978914963854072],[-31.837668760028947,-14.978932737806607],[-32.10028404577067,-15.395408912229891]]]]}},{"type":"Feature","properties":{"id":43,"group":"roads","name":"Thetbury Road"},"geometry":{"type":"MultiPolygon","coordinates":[[[[-33.247799880916425,-26.38798250851384],[-32.96070029706289,-26.375382513650315],[-32.96069928315946,-26.37538249129614],[-32.7437993101807,-26.37538248190607],[-32.74379506754794,-26.375382888566744],[-32.74379105511464,-26.375384093824916],[-32.74378746014262,-26.37538604143074],[-32.559287457260865,-26.50228602872044],[-32.559284910143724,-26.50228814202055],[-32.55928284783085,-26.50229063629185],[-32.55928133657994,-26.502293431398872],[-32.49538236665794,-26.65529090988364],[-32.37478602461219,-26.78938682011283],[-32.21549221187061,-26.884783104993364],[-32.04359902143124,-26.903682348567038],[-31.896903018352283,-26.891082685229144],[-31.770008886382744,-26.85958413692452],[-31.654812837818575,-26.776786972391772],[-31.578316097323036,-26.712889696978394],[-31.470017733250558,-26.51999263728011],[-31.469982266747866,-26.520007362719003],[-31.578282255525853,-26.712907377053313],[-31.57828416714259,-26.71291013374991],[-31.57828659900427,-26.712912557466108],[-31.65478660405844,-26.77681256187139],[-31.654787757217253,-26.776813455883286],[-31.769987767098627,-26.85961346109546],[-31.769991308735264,-26.85961551476951],[-31.769995232040916,-26.85961688712661],[-31.896895249354007,-26.891116885503823],[-31.896898762001488,-26.891117468351922],[-32.043598781662816,-26.903717463564895],[-32.04360315186108,-26.90371741328851],[-32.215503171317685,-26.88481740432142],[-32.21550758186222,-26.88481644753734],[-32.21551159079162,-26.884814619519062],[-32.37481159193076,-26.789414608402005],[-32.374815764852016,-26.789411191180523],[-32.49541575101675,-26.655311184269763],[-32.495417424814704,-26.655308982615473],[-32.49541868648457,-26.655306568506273],[-32.559316791006275,-26.502311051828997],[-32.74380736427926,-26.37541752142758],[-32.96070021002776,-26.375417508956975],[-33.24779973989228,-26.38801747510818],[-33.24780049819143,-26.38801749509481],[-33.470000526084206,-26.39001748549021],[-33.46999947391769,-26.389982514509718],[-33.247799880916425,-26.38798250851384]]]]}},{"type":"Feature","properties":{"id":44,"group":"roads","name":"Unnamed route"},"geometry":{"type":"MultiPolygon","coordinates":[[[[35.432112335573784,11.688289205955423],[35.43211043295981,11.688287627200031],[35.28091547352601,11.577591306890405],[35.21971758513435,11.384997943364638],[35.19001776763315,11.203199080632896],[35.19001690300928,11.203195893854565],[35.190015383568245,11.203192866146976],[35.08831552890953,11.04119309023552],[34.98751982672389,10.869300426433409],[35.07841668289496,10.66770739160947],[35.078417756947374,10.667703829403077],[35.078417880253824,10.66770006216205],[35.05861787642045,10.455300079617134],[35.0586173131954,10.455297128949658],[35.05861618546872,10.455294271893546],[34.956916479342354,10.252794852240642],[34.88671862941002,10.0818000975614],[34.91731754504132,9.950404743774618],[34.917317924654185,9.950401394397657],[34.91731753058688,9.950397984834433],[34.917316379848515,9.950394662251572],[34.91731452210834,9.950391570061427],[34.91731203755176,9.950388841731879],[34.91730903341946,9.95038659502558],[34.9173056393785,9.95038492691693],[34.91730200192552,9.950383909406371],[34.695006349958895,9.909884683586156],[34.56361146286894,9.818988206274023],[34.45201306921951,9.70738980034922],[34.36111507635956,9.60659201838708],[34.23241617520142,9.349194199422715],[34.23238382479874,9.34920580057846],[34.36108383641055,9.606605814082226],[34.36108659687514,9.606609838908469],[34.451986605937186,9.70740983978386],[34.4519872750886,9.707410544330497],[34.563587286104195,9.819010544048377],[34.56359001094909,9.819012814186923],[34.69499002272317,9.90991280932606],[34.694993830489246,9.909914881169765],[34.694997988892034,9.909916107259967],[34.91727842206051,9.950412525780989],[34.886682447114005,10.081795266791122],[34.8866820732902,10.081798339999578],[34.88668235275143,10.081801473701766],[34.886683275313565,10.081804553699298],[34.95688328059267,10.252804564438085],[34.956883805801006,10.252805717001326],[35.05858239987603,10.45530291863255],[35.07838175460357,10.667696065259214],[34.98748329990155,10.869292622251724],[34.98748239976609,10.869295320421582],[34.987482050837855,10.86929816514731],[34.987482264044644,10.86930106733726],[34.98748303270922,10.869303936100156],[34.987484332758406,10.869306681591548],[35.088284341805206,11.041206689741712],[35.08828460708518,11.041207126804238],[35.18998276311498,11.203204187252767],[35.21968223039365,11.38500093400147],[35.21968276423628,11.385003159985034],[35.28088276655933,11.577603173901258],[35.28088430514078,11.577606612526028],[35.28088660432218,11.577609730696334],[35.28088955268122,11.577612377300301],[35.43208856215557,11.688311637939638],[35.649887686076404,11.8926107929874],[35.64991231392443,11.89258920701398],[35.432112335573784,11.688289205955423]]]]}},{"type":"Feature","properties":{"id":46,"group":"roads","name":"Obsidian road"},"geometry":{"type":"MultiPolygon","coordinates":[[[[54.059413295142534,10.585791506346336],[54.059412971999755,10.585791194173279],[53.111713090377414,9.679491208815701],[53.111709191244664,9.679488262363604],[51.10020940309151,8.480688159258156],[51.10020713089126,8.480686961004995],[48.8088086389616,7.424087409976476],[46.620010061784626,5.985888082619884],[46.62000551440138,5.985885794000122],[44.55631034270532,5.236187349264596],[43.43131370129066,3.985190895615832],[43.43131279338471,3.985189943792149],[41.676312996640576,2.242789925816659],[41.67631038134258,2.242787727182407],[41.676307371874465,2.24278599453579],[39.59550985028748,1.266286956830729],[38.1096128845632,-0.007210627675647],[36.15751393187769,-2.257209715753806],[36.15751193705264,-2.257211711933354],[36.15750963000544,-2.257213401778967],[34.79850971918425,-3.106813483518889],[34.79850808085639,-3.106814403306323],[33.69510813086839,-3.658514479146069],[33.695106584638715,-3.658515170906944],[32.3577066208197,-4.188615268463158],[32.35770351013995,-4.188616210583846],[32.35770028503383,-4.188616624259136],[32.35769705063592,-4.188616496003696],[32.35769391238369,-4.188615829998501],[32.357690972580336,-4.188614647954471],[32.357688327059954,-4.188612988404825],[31.935589767582623,-3.865514119695596],[31.388392325092557,-3.607215358089895],[30.967193225394706,-3.460515696291266],[30.96720677460692,-3.46048430370946],[31.388406744215274,-3.607184319036289],[31.3884085576789,-3.607185060684711],[31.935608512807065,-3.86548507262447],[31.935611712668234,-3.865487018280868],[32.35770344360591,-4.188580739682275],[33.695092625789044,-3.65848514180765],[34.7984910752323,-3.106786017811463],[36.15748790476948,-2.257188132868276],[38.109586302575586,-0.007190293650279],[38.109588057360156,-0.007188557447859],[39.59548820543368,1.266311392797816],[39.595492500960795,1.266314154664047],[41.67628941776036,2.242812510322014],[43.431286733460155,3.985209594185427],[44.55628643658616,5.236209116468928],[44.55628874013617,5.236211254033025],[44.556291409862425,5.23621302561041],[44.556294358944115,5.236214373588534],[46.61999205203065,5.985913329829536],[48.8087901605488,7.424111814753235],[48.80879267238717,7.424113203741794],[51.10019169052927,8.480712503794495],[53.11168863912715,9.679510467164002],[54.05938686416882,10.585808651230826],[54.83068680134236,11.340008511760391],[54.8307131986586,11.339991488241395],[54.059413295142534,10.585791506346336]]]]}},{"type":"Feature","properties":{"id":49,"group":"roads","name":"The Shaky Sable road"},"geometry":{"type":"MultiPolygon","coordinates":[[[[-45.50938258910112,-3.967207413722482],[-45.57328192175284,-4.670100176880288],[-45.467082100285154,-5.522398482812286],[-45.467082001974205,-5.522401146443537],[-45.50938197304877,-6.354001205861531],[-45.50938250033753,-6.354004476839597],[-45.50938370439379,-6.354007574684066],[-45.509385538652886,-6.354010379591459],[-46.085385585730585,-7.057810421201586],[-46.0853881913096,-7.057812960287267],[-46.08539132058389,-7.057814924606313],[-47.09246706293718,-7.548303166115229],[-46.2338887774006,-8.187286942627486],[-46.23388848531022,-8.187287164918956],[-45.65878950385221,-8.634586311119387],[-44.72099064694436,-9.167385581794315],[-44.72098766105899,-9.167387693602562],[-44.720985194177274,-9.167390323045732],[-44.720983350061886,-9.1673933595235],[-44.401483285666416,-9.849593375741621],[-44.40148207009447,-9.849597093614058],[-44.272782336902694,-10.511095464921288],[-43.93168384910623,-11.321091706052485],[-43.378185320375785,-12.002389801264314],[-43.37818370348512,-12.00239218135018],[-42.973183628428515,-12.726892187697572],[-42.97318242164772,-12.72689490756059],[-42.973181739165156,-12.726897779312573],[-42.97318160133684,-12.726900717299587],[-42.9947812491281,-13.173294317304485],[-42.284950090025205,-13.988752938952269],[-42.270442840689,-14.002336997842564],[-42.25620067280472,-14.007480001931397],[-42.244726522811014,-14.010249623643706],[-42.23239392091849,-14.011370768517219],[-42.232397740874625,-14.011404744304338],[-42.244731796620414,-14.010283465785488],[-42.244734659832574,-14.010282993200024],[-42.25621126757976,-14.007512776831376],[-42.25621332016745,-14.00751216087508],[-42.270460143281426,-14.002367473810033],[-42.27046356381441,-14.002365839184531],[-42.27046653857159,-14.002363584152315],[-42.28497719032891,-13.988776335671469],[-42.28497843475812,-13.988775044962873],[-42.994814384619445,-13.173310691699815],[-42.99481622630927,-13.173308136124104],[-42.99481753960371,-13.17330531560276],[-42.994818281736485,-13.173302321983568],[-42.994818428540775,-13.17329925275107],[-42.97321860926358,-12.726903797291419],[-43.37821559452326,-12.002409070609138],[-43.931714611559165,-11.32111018526165],[-43.93171707531636,-11.321106086853241],[-44.272816996723094,-10.511106108906029],[-44.272817982994674,-10.511102872288266],[-44.40151755175804,-9.849604828493945],[-44.721014318907365,-9.167411596250558],[-45.658809319394244,-8.634614357233632],[-45.65881155391944,-8.634612865344543],[-46.233911369861524,-8.187312947608389],[-47.09251116639306,-7.54831301051575],[-47.0925137541431,-7.548310670337793],[-47.09251580308287,-7.548307912155846],[-47.09251723294639,-7.548304844020026],[-47.092517987719674,-7.548301586122697],[-47.092518037834985,-7.548298266090009],[-47.09251738132905,-7.548295013982193],[-47.09251604392016,-7.548291957198613],[-47.092514078000455,-7.548289215486866],[-47.09251156058365,-7.548286896251854],[-47.09250859028802,-7.548285090348181],[-46.085412076476445,-7.057786745813251],[-45.509417749010844,-6.353993670633809],[-45.46711806133371,-5.522400186532589],[-45.573317855119875,-4.670101569619313],[-45.57331791472046,-4.67009808040138],[-45.50941789884913,-3.967198131614978],[-45.50941718298699,-3.967194630330451],[-45.50941569132081,-3.967191371484058],[-45.50941349119865,-3.967188502211234],[-44.94001354145713,-3.36998852890595],[-44.93998645854328,-3.370011471094728],[-45.50938258910112,-3.967207413722482]]]]}},{"type":"Feature","properties":{"id":50,"group":"roads","name":"Dudbury route"},"geometry":{"type":"MultiPolygon","coordinates":[[[[-32.15159050851302,-6.606015348723179],[-32.49628577037329,-6.891311417768826],[-32.7221842088479,-7.281908718460079],[-32.72218514892867,-7.281910166301335],[-32.96158515930566,-7.612210182839771],[-32.96158766404893,-7.612212949957979],[-33.27298768399253,-7.889412959807371],[-33.27299055678663,-7.889415038606494],[-33.691490070745765,-8.13241474163593],[-34.19278888962466,-8.467213935530054],[-34.622988248736426,-8.816413400176684],[-34.62299124063384,-8.816415362175315],[-34.62299458244665,-8.816416710492367],[-34.62299814067755,-8.816417391265864],[-35.261994343329995,-8.874917018845242],[-35.60398123733216,-9.059409943909001],[-35.57698180913705,-9.554399199534316],[-35.57701819086305,-9.554400800464526],[-35.60401816116385,-9.059400823540223],[-35.60401803094345,-9.059397613522876],[-35.60401728763128,-9.059394484651019],[-35.604015956501605,-9.059391543313174],[-35.60401408281577,-9.059388889521298],[-35.604011730283204,-9.05938661351015],[-35.6040089788952,-9.059384792669128],[-35.26200900518685,-8.874884792601863],[-35.26200553361119,-8.874883351397003],[-35.26200182127016,-8.874882634566696],[-34.62300745789087,-8.816383127898531],[-34.19281178122042,-8.467186611042836],[-34.19281038725876,-8.467185583461385],[-33.69151042328419,-8.132385589626265],[-33.691509413258686,-8.132384959715324],[-33.273010988046906,-7.889385861264357],[-32.96161374071235,-7.612188303886896],[-32.72221535788256,-7.281890534957292],[-32.49631579729878,-6.891291302183958],[-32.49631400890942,-6.891288759333459],[-32.496311785933045,-6.891286565193024],[-32.15161180789001,-6.605986573753495],[-32.15160935821883,-6.605984866786419],[-32.151606645752935,-6.605983584785739],[-31.393844205915347,-6.320383095555948],[-31.393830818349766,-6.320415947418657],[-32.15159050851302,-6.606015348723179]]]]}},{"type":"Feature","properties":{"id":51,"group":"roads","name":"Lunar road"},"geometry":{"type":"MultiPolygon","coordinates":[[[[-40.86448518667235,-13.708788480105534],[-40.03378973788736,-14.21728562486054],[-40.03378644853367,-14.217288196330347],[-39.239986381031066,-15.002988159810839],[-39.239984919304256,-15.002989801603201],[-38.730588720471275,-15.65458483927591],[-37.838713692417166,-15.868778809780423],[-37.713618124308056,-15.377396201967082],[-37.713617685506634,-15.377394749029682],[-37.58851816931594,-15.020996196556347],[-37.51741836920042,-14.55659770453503],[-37.51741746408202,-14.556594278977181],[-37.517415837212354,-14.556591089856354],[-37.24021639285592,-14.128191973036651],[-37.07101848713101,-13.779896326622561],[-37.0710184612401,-13.369500098915715],[-37.071018186988724,-13.369497098021997],[-37.07101736503736,-13.369494184521175],[-37.071016020139055,-13.369491446153113],[-36.784816024408826,-12.896091477074648],[-36.78481379832764,-12.89608853447376],[-36.7848109765064,-12.896086086894705],[-36.78480768077667,-12.896084240011232],[-36.356407718586674,-12.70888423668032],[-36.35640753831917,-12.70888415870694],[-35.982011769471384,-12.5486859580728],[-35.64271723246939,-12.12929271392031],[-35.54461862986167,-11.637899843242257],[-35.651717993874406,-11.040303175847756],[-35.740817909862564,-10.620903433426287],[-35.740818260661364,-10.620899229001214],[-35.72281823725939,-10.200599251116865],[-35.72281746687905,-10.200594891234838],[-35.61571791122536,-9.86219634590038],[-35.577018086282045,-9.554397850776752],[-35.576981913717745,-9.554402149222408],[-35.6156819002367,-9.862202166496687],[-35.61568254055831,-9.86220508799584],[-35.722781855353944,-10.20060297682369],[-35.74078164578649,-10.62089864898808],[-35.65168205754426,-11.040296581053699],[-35.65168196199392,-11.040297068533743],[-35.54458191546057,-11.637897090607153],[-35.54458165988121,-11.637900154318599],[-35.5445819747752,-11.637903213229949],[-35.64268195293329,-12.129303242507865],[-35.64268322915253,-12.129307090900205],[-35.64268540388515,-12.129310559391165],[-35.981985419982,-12.548710583430823],[-35.981988582784034,-12.548713621658388],[-35.981992429011484,-12.548715844504397],[-36.356392371327054,-12.708915802763952],[-36.784786912361405,-12.896113406602776],[-37.07098153300804,-13.369504528157522],[-37.070981508198535,-13.779899922722818],[-37.07098193031626,-13.779903590430076],[-37.07098316847726,-13.779907095990282],[-37.240183164509936,-14.128207119669959],[-37.24018415738171,-14.128208881566177],[-37.51738216742721,-14.556605841735157],[-37.588481601617595,-15.02100232452482],[-37.58848232753749,-15.021005226303792],[-37.71358206119125,-15.377404533067487],[-37.83868184973559,-15.868803831150105],[-37.83868307154806,-15.868807105693215],[-37.83868496735008,-15.868810097330202],[-37.83868746166223,-15.868812686952007],[-37.83869045517588,-15.868814771455373],[-37.838693828707264,-15.868816267847892],[-37.83869744794254,-15.868817116552178],[-37.83870116878544,-15.86881728377794],[-37.83870484309427,-15.868816762867255],[-38.73060488277326,-15.65461670526239],[-38.730608818721336,-15.654615293166929],[-38.730612299306436,-15.654613091394628],[-38.73061514480538,-15.65461021363608],[-39.24001440525512,-15.003011061848868],[-40.03381207043632,-14.217313269300917],[-40.86451023989776,-13.708814322058416],[-40.86451299611964,-13.708812252734168],[-40.864515272059485,-13.708809730600366],[-40.86451698360811,-13.708806848864489],[-41.13451692397845,-13.12920685802973],[-41.1344830760228,-13.129193141968452],[-40.86448518667235,-13.708788480105534]]]]}},{"type":"Feature","properties":{"id":54,"group":"roads","name":"Clitham-Dima Eta Connector"},"geometry":{"type":"MultiPolygon","coordinates":[[[[-63.76038651526186,-4.004111145726738],[-63.76038887842602,-4.004113072926447],[-63.760391607792634,-4.0041145696711],[-64.31389074818739,-4.245314158874084],[-64.6513841123829,-4.437910359756239],[-64.74768251215256,-4.798804335693074],[-64.747683984308,-4.79880785685526],[-64.74768635708332,-4.798810936198217],[-65.13288639961377,-5.184010957777139],[-65.13288888208258,-5.184012981295661],[-65.13289176875494,-5.184014532865539],[-65.1328949546828,-5.184015556077856],[-65.1328983240384,-5.184016013732665],[-65.63869406608748,-5.208315773058897],[-66.2407854414177,-5.52151125009954],[-66.50538244540877,-6.099304689422869],[-66.60168199711194,-6.701401987051944],[-66.62598194079857,-7.231501205400681],[-66.6259825154413,-7.23150454216159],[-66.62598388439503,-7.231507672575339],[-66.62598598546913,-7.231510454429475],[-66.62598872321337,-7.23151276134633],[-67.42068737131298,-7.761611818886681],[-67.78158601995271,-8.122510445481444],[-68.16678586383696,-8.532010262919117],[-68.16678837664188,-8.532012424180476],[-68.16679134382758,-8.532014099755191],[-68.60059139017497,-8.724614089334917],[-68.60059461735216,-8.724615181709405],[-68.60059804474008,-8.724615709391209],[-68.96239256371526,-8.748915315912459],[-69.5158849859368,-9.134110004212024],[-69.7084819674036,-9.519303977780966],[-69.73278180046483,-9.976501172209895],[-69.73278230642146,-9.97650414705262],[-69.7327834698273,-9.976506967801242],[-69.7327852474531,-9.976509529643756],[-70.04598528067102,-10.338309561099726],[-70.04598775198275,-10.338311856339184],[-70.33488289989278,-10.555208213138398],[-70.40688192568265,-10.963802720174947],[-70.40688313275899,-10.963806365833149],[-70.59948192139288,-11.349903979912463],[-70.66968155328223,-12.238199973914414],[-70.5994817093783,-12.770098489165356],[-70.49958165005434,-13.493698468321785],[-70.49958154253585,-13.493700735480944],[-70.52748149417494,-14.143500804726617],[-70.52748196389862,-14.14350372475518],[-70.52748307968989,-14.143506511360046],[-70.86408128257827,-14.769003264560023],[-70.84068138121062,-15.371099662697059],[-70.84068158834316,-15.37110247824525],[-70.84068240061447,-15.37110521234059],[-71.17728239212452,-16.16580530877353],[-71.17728346974971,-16.165807336189108],[-71.39418348090356,-16.50330737583634],[-71.39418400824269,-16.50330813799673],[-72.14885498609839,-17.505481928640265],[-72.148886861501,-17.505465422810218],[-71.39421626850705,-16.503292236841435],[-71.17731715666845,-16.165793645068618],[-70.84071871928111,-15.371097480346732],[-70.86411856160687,-14.769000397770046],[-70.86411821960772,-14.768996822264167],[-70.8641169084616,-14.768993415790133],[-70.5275183650258,-14.143496207315552],[-70.49961850148972,-13.493700400212255],[-70.59951827836501,-12.770101597038746],[-70.59951830174853,-12.77010142453295],[-70.66971825131904,-12.23820147316464],[-70.6697183238673,-12.238198578553618],[-70.59951827300861,-11.34989867526829],[-70.59951782010889,-11.349896076993922],[-70.5995168576058,-11.349893590906142],[-70.4069177355519,-10.96379538814545],[-70.33491806026677,-10.555197325696138],[-70.33491733267999,-10.555194720527698],[-70.33491608862825,-10.555192272672638],[-70.33491436518077,-10.555190055070128],[-70.3349122136915,-10.555188133798437],[-70.0460136231786,-10.338289180486582],[-69.73281793888856,-9.976494173983697],[-69.70851817612876,-9.519298875859855],[-69.70851773912503,-9.519296086954839],[-69.70851672473157,-9.519293425415313],[-69.51591673698168,-9.134093466777895],[-69.51591458778947,-9.13409027982473],[-69.51591161025485,-9.134087644814889],[-68.96241167485326,-8.748887656127097],[-68.96240872331671,-8.748885985060095],[-68.96240543311626,-8.748884858092765],[-68.96240193198682,-8.748884318977185],[-68.60060548465246,-8.724584530594544],[-68.16681185507854,-8.531987328136088],[-67.78161417862276,-8.122489767022794],[-67.78161377281069,-8.12248934848774],[-67.42071381313556,-7.761589372469608],[-67.42071118790474,-7.761587229656858],[-66.62601770608289,-7.231491570204859],[-66.60171803857178,-6.701398846527369],[-66.60171786825315,-6.701397190288946],[-66.50541785783726,-6.099297251517063],[-66.5054167220959,-6.099293511017067],[-66.24081674244017,-5.521493567447616],[-66.2408149699567,-5.521490633416326],[-66.24081252362082,-5.521488121009144],[-66.240809513551,-5.521486143318669],[-65.63870957462572,-5.208286133558813],[-65.63870577133457,-5.208284659099456],[-65.63870165179205,-5.208284025274113],[-65.13290887036746,-5.183984338721529],[-64.74771647902952,-4.798791915844688],[-64.65141749057045,-4.437895699537089],[-64.65141642787763,-4.43789290287163],[-64.65141479575453,-4.437890352209934],[-64.65141265077449,-4.43788813596416],[-64.65141006728776,-4.437886330954762],[-64.31391010117221,-4.245286327603825],[-64.31390834210308,-4.245285447013595],[-63.760411307741315,-4.004086708244406],[-63.15111355110074,-3.398388885119],[-63.151086448899896,-3.398411114881966],[-63.76038651526186,-4.004111145726738]]]]}},{"type":"Feature","properties":{"id":55,"group":"roads","name":"Mystic highway"},"geometry":{"type":"MultiPolygon","coordinates":[[[[-34.185580773514516,-20.8367968210639],[-33.90478185978492,-21.557693811546475],[-33.90478101022664,-21.55769686263713],[-33.904780783801705,-21.557700016677714],[-33.904781187940024,-21.55770317017106],[-33.90478220938022,-21.55770621963794],[-34.265682166338124,-22.35870627648612],[-34.265684120422634,-22.358709555088435],[-34.265686781009485,-22.35871240857291],[-34.26569002972587,-22.35871470998443],[-34.265693722032296,-22.358716356930287],[-34.80659021009772,-22.538715169455475],[-35.20708191553147,-22.859108537920903],[-35.3267804954,-23.56020061415899],[-35.306980425759114,-24.401699039408225],[-35.287180338739795,-25.126198584415516],[-35.226880261312914,-25.89029819336332],[-35.22688024760711,-25.890300341410704],[-35.23716530642773,-26.050005685411513],[-35.22977852909993,-26.114376088926374],[-35.1949568272199,-26.1819090667632],[-35.12742576680953,-26.214619419942476],[-35.03456278256094,-26.217785198367615],[-34.764299724016574,-26.212482576462758],[-34.76429716240545,-26.212482670826983],[-34.34129720951642,-26.25208264767509],[-34.341295173830126,-26.252082932746042],[-34.01999567097383,-26.312382825932726],[-33.46999620001422,-26.389982727454925],[-33.47000379998843,-26.390017272544654],[-34.020003857602575,-26.312417241128184],[-34.02000479537705,-26.31241708685877],[-34.34130381877543,-26.252117256994374],[-34.764301563355424,-26.212517449622048],[-35.03456399832742,-26.217820032616228],[-35.03456518838923,-26.217820023791084],[-35.1274333784625,-26.214654058471243],[-35.12743780989541,-26.214653454574282],[-35.12744193353827,-26.21465198084105],[-35.19498242924643,-26.18193704927048],[-35.1949857169537,-26.181935027248404],[-35.19498843719773,-26.181932440413423],[-35.19499047440052,-26.181929398675294],[-35.229816031543756,-26.11438890439199],[-35.229817081343434,-26.114386325754765],[-35.229817645223804,-26.11438361809081],[-35.23720487694735,-26.050009087422637],[-35.237204943991706,-26.05000635657076],[-35.2269198211277,-25.89030073541556],[-35.28721962701937,-25.126201839011184],[-35.287219671986605,-25.12620099046091],[-35.307019572351635,-24.401701024820937],[-35.30701957559589,-24.401700896332787],[-35.32681946434063,-23.56020093654905],[-35.326819236952105,-23.560197844825066],[-35.20711916289142,-22.859097888682975],[-35.207118346796435,-22.859094861732885],[-35.20711695135206,-22.859091997037414],[-35.20711502062326,-22.859089385056986],[-35.20711261557793,-22.85908710827194],[-34.806612646955145,-22.538687127322163],[-34.80660960846913,-22.538685111674717],[-34.80660621384275,-22.538683647866943],[-34.265714494390785,-22.35868639421672],[-33.90482055406039,-21.557699982159402],[-34.185618049852316,-20.83680619508019],[-34.185618906926365,-20.836803126097774],[-34.18561913550343,-20.836799953198813],[-34.16001902798201,-19.82000000349795],[-34.159980972017976,-19.81999999650054],[-34.185580773514516,-20.8367968210639]]]]}},{"type":"Feature","properties":{"id":56,"group":"roads","name":"Samariland Road"},"geometry":{"type":"MultiPolygon","coordinates":[[[[-24.14416872881521,-9.576059636886137],[-24.144168517714355,-9.576063078801186],[-24.144168985102215,-9.576066495252821],[-24.163692406008217,-9.657721900148015],[-24.16369241320066,-9.657721930088613],[-24.443981709804824,-10.806302109907163],[-24.4439816815538,-11.29499999618894],[-24.443981791937624,-11.295001938862374],[-24.544781742441,-12.171601970048988],[-24.544782403510894,-12.171605097820766],[-24.544783627408016,-12.17160806253775],[-24.54478537498575,-12.17161076937286],[-24.84898538034936,-12.559510787852293],[-24.84898903203471,-12.55951428885517],[-25.38808449665302,-12.947411029853669],[-25.640982237798966,-13.639504924643314],[-25.99558174590046,-15.08940330075664],[-26.130580787157367,-15.915597867166037],[-25.97848382020195,-16.287290373203703],[-25.64098609194023,-16.64098795403464],[-25.640983225278333,-16.64099194507834],[-25.455583194261845,-16.995591941129796],[-25.455581747025906,-16.995595758177405],[-25.455581253395014,-16.99559979683406],[-25.45558120507212,-17.53469981365382],[-25.45558121021833,-17.534700214280477],[-25.47268112865478,-18.19259943939747],[-25.422281106784194,-18.951298664928064],[-25.422281226030268,-18.951302029674405],[-25.422282015820684,-18.95130532192746],[-25.422283447946775,-18.951308424098833],[-25.759783431203306,-19.5246084567062],[-25.759785270435323,-19.524611021114815],[-25.75978754770454,-19.524613257770493],[-25.75979019528809,-19.524615100158176],[-25.75979313445045,-19.524616493487738],[-26.29889318691695,-19.727116495071577],[-26.298893424827003,-19.727116582286587],[-27.007189811036163,-19.980015276082327],[-27.31048204425699,-20.250008368890672],[-27.412181053340042,-20.925002162704143],[-27.412181102484354,-20.925002465850195],[-27.496781053491894,-21.413702473949005],[-27.564280922880116,-21.80160196197702],[-27.647980786181858,-22.543201475583018],[-27.647981345655346,-22.54320423877749],[-27.817181294937644,-23.117404270350978],[-27.817182528268418,-23.117407311869872],[-27.817184338505623,-23.117410111955106],[-27.817186665876296,-23.117412578149484],[-28.103386681140993,-23.37031259372423],[-28.103387580532974,-23.370313339318614],[-28.40668637470945,-23.60611240248638],[-28.676685336456465,-23.893211305851015],[-28.676688642415062,-23.89321410435966],[-28.676692544296188,-23.893216162825045],[-29.486692637357017,-24.21361616750148],[-29.48669573155098,-24.213617118580164],[-29.85748798763114,-24.297315363641644],[-30.110382119684115,-24.651907152665252],[-30.262480760183564,-25.090203370727547],[-30.346180467243666,-25.63020191309496],[-30.346180699047,-25.630203098182413],[-30.41368066670492,-25.916403114928354],[-30.413681942308838,-25.916406648556865],[-30.413684005717617,-25.916409892128097],[-30.413686766910775,-25.916412704134423],[-30.413690105425395,-25.916414961896116],[-30.41369387561175,-25.916416566913583],[-30.78539064164312,-26.034315529230074],[-31.4699879705485,-26.52001360654008],[-31.47001202945016,-26.519986393459927],[-30.785412088249895,-26.034286423074043],[-30.785409219341197,-26.034284701450968],[-30.785406076532887,-26.03428343433625],[-30.4137169626363,-25.91638688584638],[-30.34621943929505,-25.630197491463928],[-30.262519467280065,-25.090198115451646],[-30.262518737530367,-25.09019519123781],[-30.110418698009546,-24.651895219007383],[-30.110416377569525,-24.651890749700993],[-29.85751637070975,-24.297290774695806],[-29.85751400827814,-24.29728805161172],[-29.85751112148805,-24.297285775780306],[-29.85750781839794,-24.29728403239058],[-29.85750422264922,-24.297282886701193],[-29.48670585588347,-24.213583241521004],[-28.67671166357237,-23.89318551564991],[-28.406714670739536,-23.606088713173122],[-28.40671239850468,-23.606086646913905],[-28.103412881481827,-23.37028702106515],[-27.817217274912217,-23.117390915611505],[-27.648019052921676,-22.543197124885147],[-27.56431913459866,-21.801598556872197],[-27.5643189867822,-21.801597522550278],[-27.496818949079024,-21.41369754093218],[-27.496818943908778,-21.413697511169744],[-27.41221892349288,-20.9249976855496],[-27.310518883030895,-20.249997867855146],[-27.310517810170808,-20.249993960566755],[-27.310515824693134,-20.24999036274726],[-27.31051302833649,-20.24998725875384],[-27.00721304414075,-19.979987273758375],[-27.007209979504676,-19.979985037954112],[-27.007206504563634,-19.979983417310873],[-26.298906694427085,-19.727083460581557],[-25.759813233537162,-19.524585910451922],[-25.422319231549952,-18.951296153703318],[-25.472718817676988,-18.192601354985722],[-25.47271884961838,-18.192599763976787],[-25.45561879473247,-17.534699986029715],[-25.45561874256649,-16.995604355597568],[-25.64101563213072,-16.64101024091032],[-25.978513888553092,-16.287312030330778],[-25.97851591467331,-16.287309469047578],[-25.978517419229384,-16.28730659743977],[-26.1306173856725,-15.915606597314184],[-26.13061830088827,-15.915603603544284],[-26.13061865112707,-15.915600498527368],[-26.130618425576504,-15.915597378120161],[-25.995618369141518,-15.089397412716906],[-25.995618079214253,-15.089395996588724],[-25.641017999142377,-13.639496061250675],[-25.641017411176794,-13.639494121090706],[-25.388117385017722,-12.947394153809714],[-25.38811583250672,-12.947390939122746],[-25.38811365410593,-12.947388082629912],[-25.388110935931767,-12.947385697253925],[-24.84901304717968,-12.559487213332922],[-24.544817687175883,-12.171593147603657],[-24.444018317661552,-11.294999029591006],[-24.44401828848415,-10.806300018107754],[-24.4440177792711,-10.80629582121217],[-24.16372788442909,-9.657713679374595],[-24.144205274013313,-9.576061699349449],[-24.150017991969683,-9.540002759355588],[-24.149982008030644,-9.539997240643258],[-24.14416872881521,-9.576059636886137]]]]}}]}