{"type":"FeatureCollection","name":"streets_major","crs":{"type":"name","properties":{"name":"urn:ogc:def:crs:OGC:1.3:CRS84"}},"features":[{"type":"Feature","properties":{"id":"street_joaquimmorais","group":null,"name":"Avenida Joaquim Morais","settlement_id":"settlement_seshai","country_id":"country_barrel","district_id":null,"status":null,"surface":null,"access":null,"bridge":null,"tunnel":null,"oneway":null,"route_id":null,"alt_name":null,"notes":null},"geometry":{"type":"LineString","coordinates":[[23.902634229509488,-11.001695719826923],[23.902659965392257,-11.001720375745844],[23.902688279595505,-11.001751352445059],[23.902716871093208,-11.001788462096894],[23.902756778388262,-11.001845547802645],[23.902796918415465,-11.001912613279732],[23.903056803545187,-11.002431639839113],[23.903734438075155,-11.003716196592936],[23.904328865257266,-11.004807396714448],[23.90439601623374,-11.004939399920307],[23.90481727798491,-11.005809696299135],[23.905133920350607,-11.006413215853293],[23.905937227524124,-11.00796122673341],[23.90618945561942,-11.008451871083164],[23.906558843540186,-11.009172471918571],[23.90686650310822,-11.009772741957963],[23.90712380968936,-11.010274695993019],[23.90740939213754,-11.010841903957779],[23.908207607438193,-11.012361359578655],[23.908247143342685,-11.012448710149666],[23.90827568888704,-11.012511778381747],[23.908300475232206,-11.012583844303602],[23.908324854176467,-11.01265472531006],[23.90835772701001,-11.012743683203556]]}},{"type":"Feature","properties":{"id":"alley_avenida","group":null,"name":"Avenida Alley","settlement_id":"stl_gunsey","country_id":"country_duvessa","district_id":null,"status":null,"surface":null,"access":null,"bridge":null,"tunnel":null,"oneway":null,"route_id":null,"alt_name":null,"notes":null},"geometry":{"type":"LineString","coordinates":[[-3.670562779167025,29.711106288242416],[-3.666613167330804,29.71260395984474]]}},{"type":"Feature","properties":{"id":"streel_stbth1","group":null,"name":"Street Botho1","settlement_id":"stl_botho","country_id":"country_duvessa","district_id":"district_gunsey","status":null,"surface":null,"access":null,"bridge":null,"tunnel":null,"oneway":null,"route_id":null,"alt_name":null,"notes":null},"geometry":{"type":"LineString","coordinates":[[-3.477145643474595,29.694704971373493],[-3.47687046764551,29.695671442578085]]}},{"type":"Feature","properties":{"id":"streel_stbth2","group":null,"name":"Street Botho2","settlement_id":"stl_botho","country_id":"country_duvessa","district_id":"district_gunsey","status":null,"surface":null,"access":null,"bridge":null,"tunnel":null,"oneway":null,"route_id":null,"alt_name":null,"notes":null},"geometry":{"type":"LineString","coordinates":[[-3.478047006888072,29.695236241212406],[-3.477771831058988,29.696202712416998]]}},{"type":"Feature","properties":{"id":"streel_stbth3","group":null,"name":"Street Botho3","settlement_id":"stl_botho","country_id":"country_duvessa","district_id":"district_gunsey","status":null,"surface":null,"access":null,"bridge":null,"tunnel":null,"oneway":null,"route_id":null,"alt_name":null,"notes":null},"geometry":{"type":"LineString","coordinates":[[-3.476134698285165,29.69450331001871],[-3.476046375666277,29.695504303246068]]}},{"type":"Feature","properties":{"id":"streel_stbth4","group":null,"name":"Street Botho4","settlement_id":"stl_botho","country_id":"country_duvessa","district_id":"district_gunsey","status":null,"surface":null,"access":null,"bridge":null,"tunnel":null,"oneway":null,"route_id":null,"alt_name":null,"notes":null},"geometry":{"type":"LineString","coordinates":[[-3.477634534363804,29.694914311437365],[-3.47735935853472,29.695880782641957]]}},{"type":"Feature","properties":{"id":"streel_stbth3","group":null,"name":"Street Botho3","settlement_id":"stl_botho","country_id":"country_duvessa","district_id":"district_gunsey","status":null,"surface":null,"access":null,"bridge":null,"tunnel":null,"oneway":null,"route_id":null,"alt_name":null,"notes":null},"geometry":{"type":"LineString","coordinates":[[-3.476631505515726,29.694558174789762],[-3.476442351828239,29.69554509383848]]}},{"type":"Feature","properties":{"id":"street_stbth6","group":null,"name":"Street Botho 6","settlement_id":"stl_botho","country_id":"country_duvessa","district_id":"dist_gunsey","status":"active","surface":"gravel","access":"public","bridge":"false","tunnel":"false","oneway":"false","route_id":null,"alt_name":null,"notes":null},"geometry":{"type":"LineString","coordinates":[[-3.473519181216081,29.6960809037367],[-3.47351546128528,29.696269203091134],[-3.473487118955354,29.696382572410837],[-3.473475782023384,29.696459096701638],[-3.473501290120317,29.696504444429518],[-3.473549472081191,29.69656396332236],[-3.473591985576079,29.696631984914184],[-3.473620327906005,29.696702840738997],[-3.473637333303962,29.69674818846689],[-3.473643001769947,29.696778892657644],[-3.473645836002939,29.696798850381633],[-3.473645717909898,29.696805699778032],[-3.473645850764569,29.696809419708828]]}},{"type":"Feature","properties":{"id":"street_GN2","group":null,"name":"GN-2","settlement_id":"stl_gunsey","country_id":"country_duvessa","district_id":"dst_gunsey","status":"active","surface":"paved","access":"public","bridge":null,"tunnel":null,"oneway":null,"route_id":null,"alt_name":null,"notes":null},"geometry":{"type":"LineString","coordinates":[[-3.670045275128524,29.713282654426404],[-3.668703300934521,29.7100516592332]]}},{"type":"Feature","properties":{"id":"street_gn4","group":null,"name":"GN-4","settlement_id":"stl_gunsey","country_id":"country_duvessa","district_id":"dst_gunsey","status":"active","surface":"paved","access":"public","bridge":null,"tunnel":null,"oneway":null,"route_id":null,"alt_name":null,"notes":null},"geometry":{"type":"LineString","coordinates":[[-3.668528741304154,29.713744801938937],[-3.667206787438305,29.710667293339238]]}},{"type":"Feature","properties":{"id":"street_gn6","group":null,"name":"GN-6","settlement_id":"stl_gunsey","country_id":"country_duvessa","district_id":"dst_gunsey","status":"active","surface":"paved","access":"public","bridge":null,"tunnel":null,"oneway":null,"route_id":null,"alt_name":null,"notes":null},"geometry":{"type":"LineString","coordinates":[[-3.6679153547104,29.713935163295616],[-3.666603976475477,29.710931684112406]]}},{"type":"Feature","properties":{"id":"street_gn9","group":null,"name":"GN-9","settlement_id":"stl_gunsey","country_id":"country_duvessa","district_id":"dst_gunsey","status":"active","surface":"paved","access":"public","bridge":null,"tunnel":null,"oneway":null,"route_id":null,"alt_name":null,"notes":null},"geometry":{"type":"LineString","coordinates":[[-3.6695334262422,29.71345925990391],[-3.668190321114497,29.710265419364017]]}},{"type":"Feature","properties":{"id":"street_market1","group":null,"name":"Market 1","settlement_id":"stl_genesis","country_id":"country_velu","district_id":"dst_genesis","status":"active","surface":"cobble","access":"pedestrian","bridge":null,"tunnel":null,"oneway":null,"route_id":null,"alt_name":null,"notes":null},"geometry":{"type":"LineString","coordinates":[[1.111826547751074,26.714157956005007],[1.111768010567016,26.71380123379636],[1.112578892897153,26.713682683349422],[1.112639556134885,26.714053523302848],[1.111639572272804,26.71418196159706]]}},{"type":"Feature","properties":{"id":"street_market2","group":null,"name":"Market 1","settlement_id":"stl_genesis","country_id":"country_velu","district_id":"dst_genesis","status":"active","surface":"cobble","access":"pedestrian","bridge":null,"tunnel":null,"oneway":null,"route_id":null,"alt_name":null,"notes":null},"geometry":{"type":"LineString","coordinates":[[1.112723652637047,26.714042820111665],[1.112639547922334,26.714053524236082]]}},{"type":"Feature","properties":{"id":"street_genst3","group":null,"name":"STGN-3","settlement_id":"stl_genesis","country_id":"country_velu","district_id":"dst_genesis","status":"active","surface":"paved","access":"public","bridge":null,"tunnel":null,"oneway":null,"route_id":null,"alt_name":null,"notes":null},"geometry":{"type":"LineString","coordinates":[[1.1117204987516,26.714620248891386],[1.112785398575089,26.71449318698063],[1.114192155444187,26.714357049219103],[1.115093689953845,26.714284442412957]]}},{"type":"Feature","properties":{"id":"street_beachcorridor","group":null,"name":"Beach Corridor","settlement_id":"settlement_zaynalqamar","country_id":"country_bibishirif","district_id":null,"status":"active","surface":"paved","access":"public","bridge":null,"tunnel":null,"oneway":null,"route_id":null,"alt_name":null,"notes":null},"geometry":{"type":"LineString","coordinates":[[-31.357501570817433,-6.458443982958751],[-31.349248103392874,-6.458087076259311],[-31.34210996940407,-6.45692712948613],[-31.338407062397376,-6.456124089412389],[-31.33100124838399,-6.454161102565467],[-31.322926234309154,-6.451439688982235]]}},{"type":"Feature","properties":{"id":"street_mupingaxis","group":null,"name":"Muping Axis","settlement_id":"settlement_pointgolqik","country_id":"country_velu","district_id":null,"status":"active","surface":"gravel","access":"public","bridge":null,"tunnel":null,"oneway":null,"route_id":null,"alt_name":null,"notes":null},"geometry":{"type":"LineString","coordinates":[[8.463381277830791,26.546718882328666],[8.461452829440471,26.546880639550924],[8.460033130608654,26.546592263225712],[8.459145818838769,26.546215155723512],[8.458739981737653,26.546093398317137],[8.458325055451624,26.54605987616378],[8.458076284258281,26.54614698879684],[8.457948491575918,26.54629127085757],[8.457816576548963,26.546324249614308],[8.457214561677521,26.546285026914802],[8.454173489355613,26.545999350423955]]}},{"type":"Feature","properties":{"id":"street_northernaxis","group":null,"name":"Northern Axis","settlement_id":"settlement_pointgolqik","country_id":"country_velu","district_id":null,"status":"active","surface":"gravel","access":"public","bridge":null,"tunnel":null,"oneway":null,"route_id":null,"alt_name":null,"notes":null},"geometry":{"type":"LineString","coordinates":[[8.458986972326132,26.545584768260362],[8.454228716207032,26.545100658932682]]}},{"type":"Feature","properties":{"id":"street_mudangaxis","group":null,"name":"Mudang Axis","settlement_id":"settlement_pointgolqik","country_id":"country_velu","district_id":null,"status":"active","surface":"gravel","access":"public","bridge":null,"tunnel":null,"oneway":null,"route_id":null,"alt_name":null,"notes":null},"geometry":{"type":"LineString","coordinates":[[8.463187199147276,26.544164190528598],[8.461265662114013,26.544512626265043],[8.459868146076442,26.54456808325066],[8.459047382689297,26.544634631633404],[8.458193345110782,26.54450153486792],[8.457312253060374,26.544294392849455],[8.454295677408647,26.54401101756096]]}},{"type":"Feature","properties":{"id":"street_northspan1","group":null,"name":"North Span 1","settlement_id":"settlement_dimaeta","country_id":"country_stsutodo","district_id":null,"status":"active","surface":"paved","access":"public","bridge":null,"tunnel":null,"oneway":null,"route_id":null,"alt_name":null,"notes":null},"geometry":{"type":"LineString","coordinates":[[-64.23056044882199,-17.502671352295575],[-64.1695510928841,-17.5397567540387],[-64.10382775389063,-17.577149334150977]]}},{"type":"Feature","properties":{"id":"street_firstcrescent","group":null,"name":"First Crescent","settlement_id":"settlement_dimaeta","country_id":"country_tsutodo","district_id":null,"status":"active","surface":"paved","access":"public","bridge":null,"tunnel":null,"oneway":null,"route_id":null,"alt_name":null,"notes":null},"geometry":{"type":"LineString","coordinates":[[-64.18856425523711,-17.72359119945779],[-64.18410725713919,-17.72534067863338]]}},{"type":"Feature","properties":{"id":"street_secondcrescent","group":null,"name":"Second Crescent","settlement_id":"settlement_dimaeta","country_id":"country_tsutodo","district_id":null,"status":"active","surface":"paved","access":"public","bridge":null,"tunnel":null,"oneway":null,"route_id":null,"alt_name":null,"notes":null},"geometry":{"type":"LineString","coordinates":[[-64.18818503978125,-17.72268101112147],[-64.18706736940352,-17.723119723682714],[-64.1868816246339,-17.723192632981593],[-64.18593451224365,-17.72356439742198],[-64.18478864152708,-17.724014179295907],[-64.18372804168332,-17.72443049029706]]}},{"type":"Feature","properties":{"id":"street_thirdcrescent","group":null,"name":"Third Crescent","settlement_id":"settlement_dimaeta","country_id":"country_tsutodo","district_id":null,"status":"active","surface":"paved","access":"public","bridge":null,"tunnel":null,"oneway":null,"route_id":null,"alt_name":null,"notes":null},"geometry":{"type":"LineString","coordinates":[[-64.19299783191796,-17.71975426382238],[-64.18336513048789,-17.723559435248802]]}},{"type":"Feature","properties":{"id":"street_valest","group":null,"name":"Vale Street","settlement_id":"settlement_dimaeta","country_id":"country_tsutodo","district_id":null,"status":"active","surface":"paved","access":"public","bridge":null,"tunnel":null,"oneway":null,"route_id":null,"alt_name":null,"notes":null},"geometry":{"type":"LineString","coordinates":[[-64.18670699867259,-17.722229715290396],[-64.18788031327794,-17.725066013304843]]}},{"type":"Feature","properties":{"id":"street_meridianthread","group":null,"name":"Meridian Thread","settlement_id":"settlement_dimaeta","country_id":"country_tsutodo","district_id":null,"status":"active","surface":"paved","access":"public","bridge":null,"tunnel":null,"oneway":null,"route_id":null,"alt_name":null,"notes":null},"geometry":{"type":"LineString","coordinates":[[-64.18336828481058,-17.717364564128225],[-64.18360326987671,-17.717710154907824],[-64.18374508503031,-17.718093890029326],[-64.18383684777676,-17.718519335490125],[-64.18402037326965,-17.718894728543773],[-64.18409545188038,-17.719303489868853],[-64.18428316597624,-17.719740592568122],[-64.18446250286617,-17.720171064926166],[-64.18455426561262,-17.720613194522684],[-64.1847795014448,-17.721213823408515],[-64.1851598930573,-17.721868725071833],[-64.18673981608096,-17.725493288911785]]}},{"type":"Feature","properties":{"id":"street_erustonst","group":null,"name":"Eruston Street","settlement_id":"settlement_dimaeta","country_id":"country_tsutodo","district_id":null,"status":"active","surface":"paved","access":"public","bridge":null,"tunnel":null,"oneway":null,"route_id":null,"alt_name":null,"notes":null},"geometry":{"type":"LineString","coordinates":[[-64.18444294593002,-17.72313057551357],[-64.18559411682101,-17.72593925217963]]}},{"type":"Feature","properties":{"id":"street_om","group":null,"name":"Om Street","settlement_id":"settlement_dimaeta","country_id":"country_tsutodo","district_id":null,"status":"active","surface":"paved","access":"public","bridge":null,"tunnel":null,"oneway":null,"route_id":null,"alt_name":null,"notes":null},"geometry":{"type":"LineString","coordinates":[[-64.1845107794151,-17.716913728224345],[-64.18633435736616,-17.721401409024153]]}},{"type":"Feature","properties":{"id":"street_may","group":null,"name":"May Street","settlement_id":"settlement_dimaeta","country_id":"country_tsutodo","district_id":null,"status":"active","surface":"paved","access":"public","bridge":null,"tunnel":null,"oneway":null,"route_id":null,"alt_name":null,"notes":null},"geometry":{"type":"LineString","coordinates":[[-64.18222918748278,-17.717814059444315],[-64.18405884223283,-17.7223068301004]]}},{"type":"Feature","properties":{"id":"street_waxingtransit","group":null,"name":"Waxing Transit","settlement_id":"settlement_dimaeta","country_id":"country_tsutodo","district_id":null,"status":"active","surface":"paved","access":"public","bridge":null,"tunnel":null,"oneway":null,"route_id":null,"alt_name":null,"notes":null},"geometry":{"type":"LineString","coordinates":[[-64.18584216536568,-17.717059740761858],[-64.18506730278595,-17.71828992862401],[-64.18472214972832,-17.718775854076778],[-64.18461578836309,-17.718874394753374],[-64.18456677871443,-17.71890724164556],[-64.18350733609635,-17.71927012159742],[-64.1833936754218,-17.719288891250102],[-64.18326333061151,-17.71928054918224],[-64.18276489205692,-17.71921589815634],[-64.18136029638116,-17.71874874235625]]}},{"type":"Feature","properties":{"id":"street_waningtransit","group":null,"name":"Waning Transit","settlement_id":"settlement_dimaeta","country_id":"country_tsutodo","district_id":null,"status":"active","surface":"paved","access":"public","bridge":null,"tunnel":null,"oneway":null,"route_id":null,"alt_name":null,"notes":null},"geometry":{"type":"LineString","coordinates":[[-64.1827050348765,-17.72197508177102],[-64.18347198722954,-17.72073994684648],[-64.18381401493492,-17.72025181650774],[-64.18391974176208,-17.720152595325658],[-64.18396853961895,-17.720119434608627],[-64.18502563177623,-17.71974976355015],[-64.18513916966326,-17.7197302649089],[-64.18526956532187,-17.71973777036574],[-64.18576840848749,-17.719799221516748],[-64.18717597304097,-17.720257354228647]]}},{"type":"Feature","properties":{"id":"street_westascension","group":null,"name":"West Ascension","settlement_id":"settlement_dimaeta","country_id":"country_tsutodo","district_id":null,"status":"active","surface":"paved","access":"public","bridge":null,"tunnel":null,"oneway":null,"route_id":null,"alt_name":null,"notes":null},"geometry":{"type":"LineString","coordinates":[[-64.18472214972832,-17.718775854076778],[-64.18510268899827,-17.719736529984093]]}},{"type":"Feature","properties":{"id":"street_eastascension","group":null,"name":"East Ascension","settlement_id":"settlement_dimaeta","country_id":"country_tsutodo","district_id":null,"status":"active","surface":"paved","access":"public","bridge":null,"tunnel":null,"oneway":null,"route_id":null,"alt_name":null,"notes":null},"geometry":{"type":"LineString","coordinates":[[-64.18350733609635,-17.71927012159742],[-64.18388064363299,-17.720188791820373]]}},{"type":"Feature","properties":{"id":"street_firstalignment","group":null,"name":"First Alignment","settlement_id":"settlement_dimaeta","country_id":"country_tsutodo","district_id":null,"status":"active","surface":"paved","access":"public","bridge":null,"tunnel":null,"oneway":null,"route_id":null,"alt_name":null,"notes":null},"geometry":{"type":"LineString","coordinates":[[-64.18601525208774,-17.72061611622642],[-64.18373913400555,-17.72152177721432]]}},{"type":"Feature","properties":{"id":"street_secondalignment","group":null,"name":"Second Alignment","settlement_id":"settlement_dimaeta","country_id":"country_tsutodo","district_id":null,"status":"active","surface":"paved","access":"public","bridge":null,"tunnel":null,"oneway":null,"route_id":null,"alt_name":null,"notes":null},"geometry":{"type":"LineString","coordinates":[[-64.1847856300533,-17.717590113860133],[-64.18250718860241,-17.718496699309906]]}},{"type":"Feature","properties":{"id":"street_easttransit","group":null,"name":"East Transit","settlement_id":"settlement_dimaeta","country_id":"country_tsutodo","district_id":null,"status":"active","surface":"paved","access":"public","bridge":null,"tunnel":null,"oneway":null,"route_id":null,"alt_name":null,"notes":null},"geometry":{"type":"LineString","coordinates":[[-64.18368875346614,-17.719716570487925],[-64.18203902830868,-17.720376540887308]]}},{"type":"Feature","properties":{"id":"street_westtransit","group":null,"name":"West Transit","settlement_id":"settlement_dimaeta","country_id":"country_tsutodo","district_id":null,"status":"active","surface":"paved","access":"public","bridge":null,"tunnel":null,"oneway":null,"route_id":null,"alt_name":null,"notes":null},"geometry":{"type":"LineString","coordinates":[[-64.18650230456353,-17.718643509234607],[-64.18491758917514,-17.71926924328186]]}},{"type":"Feature","properties":{"id":"street_jemelstreet","group":null,"name":"Jemel Street","settlement_id":"settlement_dimaeta","country_id":"country_tsutodo","district_id":null,"status":"active","surface":"paved","access":"public","bridge":null,"tunnel":null,"oneway":null,"route_id":null,"alt_name":null,"notes":null},"geometry":{"type":"LineString","coordinates":[[-64.1894044683609,-17.714982646300232],[-64.19089060958306,-17.717448324627565],[-64.1931131493147,-17.723105584818455]]}},{"type":"Feature","properties":{"id":"street_warrenstreet","group":null,"name":"Warren Street","settlement_id":"settlement_dimaeta","country_id":"country_tsutodo","district_id":null,"status":"active","surface":"paved","access":"public","bridge":null,"tunnel":null,"oneway":null,"route_id":null,"alt_name":null,"notes":null},"geometry":{"type":"LineString","coordinates":[[-64.18851227755401,-17.715334710675215],[-64.18998206645418,-17.7177732586294],[-64.19220989459616,-17.723443979957967]]}},{"type":"Feature","properties":{"id":"street_milostreet","group":null,"name":"Milo Street","settlement_id":"settlement_dimaeta","country_id":"country_tsutodo","district_id":null,"status":"active","surface":"paved","access":"public","bridge":null,"tunnel":null,"oneway":null,"route_id":null,"alt_name":null,"notes":null},"geometry":{"type":"LineString","coordinates":[[-64.18770675822229,-17.71565257391463],[-64.18920635063625,-17.718140569308222],[-64.191407913179,-17.72374443409119]]}},{"type":"Feature","properties":{"id":"street_prestonstreet","group":null,"name":"Preston Street","settlement_id":"settlement_dimaeta","country_id":"country_tsutodo","district_id":null,"status":"active","surface":"paved","access":"public","bridge":null,"tunnel":null,"oneway":null,"route_id":null,"alt_name":null,"notes":null},"geometry":{"type":"LineString","coordinates":[[-64.18684715825212,-17.715991777730554],[-64.1883489217369,-17.718483375179044],[-64.19054309435273,-17.72406842961689]]}},{"type":"Feature","properties":{"id":"street_firstorbit","group":null,"name":"First Orbit","settlement_id":"settlement_dimaeta","country_id":"country_tsutodo","district_id":null,"status":"active","surface":"paved","access":"public","bridge":null,"tunnel":null,"oneway":null,"route_id":null,"alt_name":null,"notes":null},"geometry":{"type":"LineString","coordinates":[[-64.19399933650581,-17.721415874522755],[-64.1894845591353,-17.723233265555017]]}},{"type":"Feature","properties":{"id":"street_secondorbit","group":null,"name":"Second Orbit","settlement_id":"settlement_dimaeta","country_id":"country_tsutodo","district_id":null,"status":"active","surface":"paved","access":"public","bridge":null,"tunnel":null,"oneway":null,"route_id":null,"alt_name":null,"notes":null},"geometry":{"type":"LineString","coordinates":[[-64.19353707534619,-17.7206489303684],[-64.19169012259695,-17.72132122753215],[-64.19151702468886,-17.721396306142886],[-64.1913501833317,-17.721446358550033],[-64.19100398751556,-17.72152352267772],[-64.19086008684499,-17.721548548881305],[-64.19079335030213,-17.721551677156747],[-64.19073816143072,-17.721548839447706],[-64.19060565377531,-17.721554805432195],[-64.19047843724044,-17.721573575084875],[-64.18900551795612,-17.722077454566847]]}},{"type":"Feature","properties":{"id":"street_thirdorbit","group":null,"name":"Third Orbit","settlement_id":"settlement_dimaeta","country_id":"country_tsutodo","district_id":null,"status":"active","surface":"paved","access":"public","bridge":null,"tunnel":null,"oneway":null,"route_id":null,"alt_name":null,"notes":null},"geometry":{"type":"LineString","coordinates":[[-64.20134668598948,-17.714485870920093],[-64.19725082818182,-17.716131792593153],[-64.19660212321301,-17.716328479756324],[-64.19597281409379,-17.716566901645916],[-64.19520833833253,-17.716903781949352],[-64.19479563113559,-17.717106078183846],[-64.19444898384961,-17.717297292476154],[-64.193843588351,-17.717512561662165],[-64.19201873134824,-17.718129823951493],[-64.18802291954499,-17.71971974623782]]}},{"type":"Feature","properties":{"id":"street_fourthorbit","group":null,"name":"Fourth Orbit","settlement_id":"settlement_dimaeta","country_id":"country_tsutodo","district_id":null,"status":"active","surface":"paved","access":"public","bridge":null,"tunnel":null,"oneway":null,"route_id":null,"alt_name":null,"notes":null},"geometry":{"type":"LineString","coordinates":[[-64.20090813550807,-17.71343372551133],[-64.19998759224997,-17.713795060926984],[-64.19980184748034,-17.713867970225863],[-64.1988547350901,-17.71423973466625],[-64.19770886437352,-17.714689516540176],[-64.19718009946719,-17.71486829384859],[-64.19664826452977,-17.71510582754133],[-64.19643405355859,-17.71520891904413],[-64.19633160435686,-17.71525586958752],[-64.19621041172145,-17.71529026778975],[-64.19605561145198,-17.715350826434737],[-64.1959218107937,-17.715390998980723],[-64.19577077933624,-17.715440044631332],[-64.19546786121653,-17.715563719729253],[-64.19516842943938,-17.71566977147689],[-64.19502662637818,-17.71572671053248],[-64.1949020050277,-17.71580442154939],[-64.19481717292719,-17.71587638833668],[-64.19473713805584,-17.71596526842779],[-64.19458121088437,-17.716147604635264],[-64.19452499354155,-17.716210439923117],[-64.19444990894786,-17.716268955837226],[-64.19437169629421,-17.716311239904623],[-64.19428451307007,-17.71635139719345],[-64.19411575312803,-17.71642354696966],[-64.19393397780054,-17.716503335014483],[-64.1938632624274,-17.716534423976647],[-64.19376668489865,-17.71656591322342],[-64.19366555239664,-17.71659744234957],[-64.1935510419142,-17.716616111015693],[-64.19334305353323,-17.716645635214203],[-64.19292882462004,-17.716708903291327],[-64.19274832081872,-17.716750437624288],[-64.19263958198928,-17.71678421854703],[-64.19251756761142,-17.716832511437712],[-64.19149029547403,-17.71725308837413],[-64.1876342949375,-17.718787380150363]]}},{"type":"Feature","properties":{"id":"street_fifthorbit","group":null,"name":"Fifth Orbit","settlement_id":"settlement_dimaeta","country_id":"country_tsutodo","district_id":null,"status":"active","surface":"paved","access":"public","bridge":null,"tunnel":null,"oneway":null,"route_id":null,"alt_name":null,"notes":null},"geometry":{"type":"LineString","coordinates":[[-64.2005473823714,-17.71256822707378],[-64.1997944640835,-17.712863765648553],[-64.19960871931387,-17.712936674947432],[-64.19866160692362,-17.71330843938782],[-64.19751573620705,-17.713758221261745],[-64.19557807540166,-17.714705440001826],[-64.19495525147852,-17.71494010247989],[-64.19483383477332,-17.714982604911846],[-64.19478205155433,-17.71500225652791],[-64.19473923455693,-17.715024205257926],[-64.19471600463935,-17.715040999460978],[-64.19469666252911,-17.715065190485284],[-64.19466356819926,-17.715108260966144],[-64.19458788120565,-17.715208541934043],[-64.1945149192481,-17.715295690792026],[-64.19447551169081,-17.715343773224703],[-64.19445835464751,-17.715361666078003],[-64.19444656388539,-17.715371718346283],[-64.19444053287869,-17.715376688302435],[-64.19443722399025,-17.715378826654696],[-64.19443561144426,-17.71537990656501],[-64.19443474397909,-17.715380434414808],[-64.19443391283001,-17.715380778688022],[-64.19443279671776,-17.71538120354487],[-64.19443180346043,-17.71538142770557],[-64.19442971054505,-17.715381845195623],[-64.19442549274702,-17.715382693417013],[-64.194416670882,-17.715383276489916],[-64.19439889928289,-17.715384495600837],[-64.19436649452365,-17.71538293729538],[-64.19428048132025,-17.71537781736506],[-64.1941298341093,-17.71536711119742],[-64.19398931361397,-17.715360599652715],[-64.19391037332436,-17.71535374848927],[-64.19387008455902,-17.715354856614216],[-64.19383041631863,-17.715364696187034],[-64.19313443613197,-17.715647587532867],[-64.19303764299188,-17.71568588286869],[-64.19295886057351,-17.715725706397027],[-64.1929174008741,-17.715757261131206],[-64.19287391656225,-17.715799841428723],[-64.19278850366072,-17.715894544563955],[-64.19269984015341,-17.71597561334798],[-64.19259988157971,-17.716040986818825],[-64.19246653422682,-17.716066259508462],[-64.19234202995364,-17.716057907682117],[-64.19208792169998,-17.71603612561515],[-64.19101443428033,-17.71646358020719],[-64.18728433503009,-17.71794777621546]]}},{"type":"Feature","properties":{"id":"street_sixthorbit","group":null,"name":"Sixth Orbit","settlement_id":"settlement_dimaeta","country_id":"country_tsutodo","district_id":null,"status":"active","surface":"paved","access":"public","bridge":null,"tunnel":null,"oneway":null,"route_id":null,"alt_name":null,"notes":null},"geometry":{"type":"LineString","coordinates":[[-64.20024072689706,-17.711832516675386],[-64.19823611496574,-17.712620739396748],[-64.19805037019611,-17.712693648695627],[-64.19710325780586,-17.713065413136015],[-64.1959573870893,-17.71351519500994],[-64.1956998706185,-17.713626120382745],[-64.19534978466501,-17.71379821890011],[-64.19517846612128,-17.713893259735464],[-64.1950272154521,-17.71400314082888],[-64.1949161510123,-17.714091470584293],[-64.1947634017118,-17.714238577531546],[-64.19473832954196,-17.714250937943206],[-64.19457829730203,-17.71432083599969],[-64.19388847612477,-17.714611363141717],[-64.19344755337539,-17.71480838088884],[-64.19254701426416,-17.71501840533925],[-64.19165197105151,-17.715206977894773],[-64.19050222012861,-17.71561375832348],[-64.18690764027225,-17.717044031545793]]}},{"type":"Feature","properties":{"id":"street_dimaeta_oldwellthread","group":null,"name":"Old Well Thread","settlement_id":"settlement_dimaeta","country_id":"country_stsutodo","district_id":null,"status":"public","surface":"paved","access":"active","bridge":null,"tunnel":null,"oneway":null,"route_id":null,"alt_name":null,"notes":null},"geometry":{"type":"LineString","coordinates":[[-64.19299783191796,-17.71975426382238],[-64.19303482531681,-17.7197167815127],[-64.19307246668066,-17.719679949966086],[-64.19311074456341,-17.71964378038233],[-64.1931496473255,-17.719608283759953],[-64.19318916313728,-17.71957347089283],[-64.1932292799827,-17.719539352366922],[-64.193269985663,-17.71950593855705],[-64.19331126780028,-17.71947323962375],[-64.19335311384141,-17.719441265510167],[-64.19339551106177,-17.71941002593905],[-64.19343844656913,-17.71937953040979],[-64.1934819073076,-17.71934978819551],[-64.19352588006154,-17.719320808340292],[-64.19357035145964,-17.719292599656374],[-64.19361530797896,-17.719265170721503],[-64.19366073594905,-17.719238529876325],[-64.19370662155606,-17.71921268522183],[-64.19375295084706,-17.719187644616913],[-64.19379970973411,-17.71916341567596],[-64.19384688399869,-17.719140005766562],[-64.19389445929598,-17.719117422007237],[-64.19394242115919,-17.719095671265297],[-64.193990755004,-17.71907476015475],[-64.19403944613295,-17.719054695034284],[-64.19408847973996,-17.71903548200534],[-64.19413784091479,-17.71901712691024],[-64.19418751464764,-17.718999635330448],[-64.1942374858336,-17.718983012584825],[-64.19428773927733,-17.718967263728054],[-64.1943382596977,-17.718952393549067],[-64.19438903173237,-17.718938406569624],[-64.19444003994246,-17.718925307042905],[-64.19449126881733,-17.71891309895224],[-64.1945427027792,-17.718901786009887],[-64.19459432618793,-17.718891371655907],[-64.19464612334578,-17.718881859057113],[-64.19469807850219,-17.718873251106118],[-64.19475017585853,-17.71886555042044],[-64.19480239957295,-17.718858759341714],[-64.19485473376515,-17.718852879934992],[-64.19490716252129,-17.71884791398809],[-64.1949596698987,-17.71884386301106],[-64.19501223993086,-17.718840728235733],[-64.19506485663217,-17.718838510615335],[-64.19511750400287,-17.71883721082421],[-64.19517016603382,-17.718836829257594],[-64.19522282671149,-17.71883736603152],[-64.1952754700227,-17.71883882098276],[-64.19532807995957,-17.718841193668894],[-64.19538064052439,-17.71884448336843],[-64.19543313573445,-17.718848689081025],[-64.19548554962691,-17.718853809527804],[-64.19553786626365,-17.718859843151733],[-64.19559006973614,-17.718866788118092],[-64.19564214417025,-17.718874642315047],[-64.19569407373109,-17.71888340335428],[-64.19574584262783,-17.718893068571713],[-64.1957974351185,-17.718903635028333],[-64.19584883551472,-17.718915099511076],[-64.19590002818661,-17.718927458533795],[-64.1959509975674,-17.718940708338337],[-64.19600172815821,-17.71895484489568],[-64.1960522045328,-17.718969863907155],[-64.19610241134222,-17.71898576080575],[-64.1961523333195,-17.719002530757507],[-64.19620195528428,-17.719020168662993],[-64.1962512621474,-17.719038669158838],[-64.19630023891555,-17.71905802661938],[-64.1963488706958,-17.719078235158367],[-64.19639714270009,-17.719099288630748],[-64.1964450402498,-17.719121180634545],[-64.19649254878014,-17.719143904512798],[-64.19653965384462,-17.71916745335559],[-64.19658634111948,-17.719191820002145],[-64.19663259640795,-17.71921699704301],[-64.19667840564463,-17.719242976822304],[-64.19672375489978,-17.719269751440052],[-64.1967686303835,-17.719297312754573],[-64.19681301844999,-17.719325652384978],[-64.19685690560163,-17.719354761713696],[-64.19690027849315,-17.719384631889113],[-64.19694312393563,-17.719415253828252],[-64.19698542890055,-17.719446618219536],[-64.19702718052373,-17.719478715525625],[-64.1970683661093,-17.719511535986314],[-64.19710897313344,-17.719545069621493],[-64.19714898924829,-17.7195793062342],[-64.1971884022857,-17.719614235413694],[-64.19722720026085,-17.71964984653866],[-64.19726537137602,-17.71968612878039],[-64.19730290402404,-17.71972307110612],[-64.19733978679191,-17.719760662282358],[-64.19737600846429,-17.719798890878316],[-64.19741155802679,-17.71983774526937],[-64.19744642466944,-17.719877213640604],[-64.19748059778993,-17.719917283990405],[-64.19751406699685,-17.719957944134112],[-64.1975468221128,-17.71999918170771],[-64.19757885317756,-17.720040984171607],[-64.19761015045107,-17.72008333881443],[-64.19764070441639,-17.720126232756908],[-64.19767050578261,-17.720169652955764],[-64.1976995454877,-17.720213586207713],[-64.19772781470117,-17.720258019153448],[-64.1977553048269,-17.720302938281723],[-64.19778200750565,-17.720348329933444],[-64.19780791461758,-17.72039418030583],[-64.19783301828485,-17.72044047545663],[-64.19785731087389,-17.72048720130832],[-64.19788078499774,-17.72053434365242],[-64.19790343351835,-17.720581888153802],[-64.19792524954872,-17.72062982035505],[-64.197946226455,-17.72067812568085],[-64.1979663578585,-17.720726789442427],[-64.19798563763761,-17.720775796842023],[-64.1980040599297,-17.720825132977378],[-64.1980216191329,-17.720874782846266],[-64.19803830990776,-17.720924731351072],[-64.19805412717893,-17.720974963303355],[-64.19806906613667,-17.7210254634285],[-64.1980831222383,-17.721076216370335],[-64.19809629120962,-17.721127206695808],[-64.19810856904618,-17.721178418899694],[-64.19811995201454,-17.721229837409293]]}},{"type":"Feature","properties":{"id":"street_dimaeta_stsutodo_pottersthread","group":null,"name":"Potter's Thread","settlement_id":"settlement_dimaeta","country_id":"country_stsutodo","district_id":null,"status":"active","surface":"paved","access":"public","bridge":null,"tunnel":null,"oneway":null,"route_id":null,"alt_name":null,"notes":null},"geometry":{"type":"LineString","coordinates":[[-64.19353707534619,-17.7206489303684],[-64.19363469863126,-17.720602073267465],[-64.19373304097726,-17.72055674472593],[-64.1938320784522,-17.720512955774673],[-64.19393178695493,-17.72047071706991],[-64.19403214222098,-17.7204300388906],[-64.19413311982849,-17.72039093113593],[-64.19423469520419,-17.720353403322935],[-64.19433684362929,-17.72031746458415],[-64.19443954024557,-17.72028312366541],[-64.19449975657793,-17.720258696748513],[-64.19456037392213,-17.720235282681493],[-64.19462137524322,-17.720212888044266],[-64.19468274339837,-17.720191519130267],[-64.19474446114164,-17.720171181944682],[-64.19480651112885,-17.720151882202742],[-64.19486887592245,-17.72013362532815],[-64.19493153799645,-17.72011641645152],[-64.19499447974127,-17.720100260408973],[-64.19505768346878,-17.720085161740737],[-64.19512113141717,-17.72007112468991],[-64.19518480575606,-17.720058153201233],[-64.19524868859142,-17.720046250920017],[-64.19531276197063,-17.72003542119109],[-64.19537700788752,-17.72002566705786],[-64.19544140828744,-17.720016991261485],[-64.1955059450723,-17.720009396240062],[-64.19557060010574,-17.720002884127982],[-64.1956353552181,-17.719997456755305],[-64.1957246741154,-17.719996419033635],[-64.19581396290054,-17.71999387833927],[-64.19590319628475,-17.719989835391804],[-64.1959923489949,-17.719984291336292],[-64.19608139578078,-17.719977247742953],[-64.19617031142211,-17.719968706606707],[-64.19625907073578,-17.71995867034661],[-64.19634764858297,-17.719947141805182],[-64.19643601987624,-17.719934124247594],[-64.19652415958667,-17.719919621360734],[-64.1966120427509,-17.719903637252184],[-64.19669964447824,-17.719886176449034],[-64.19678693995773,-17.719867243896616],[-64.19687390446514,-17.7198468449571],[-64.19696051336994,-17.719824985407964],[-64.19704674214238,-17.71980167144038],[-64.19713256636032,-17.71977690965743],[-64.19721796171623,-17.719750707072272],[-64.19898853417888,-17.71911089270961]]}},{"type":"Feature","properties":{"id":"street_dimaeta_stsutodo_littlemarkettrace","group":null,"name":"Little Market Trace","settlement_id":"settlement_dimaeta","country_id":"country_tsutodo","district_id":null,"status":"active","surface":"paved","access":"public","bridge":null,"tunnel":null,"oneway":null,"route_id":null,"alt_name":null,"notes":null},"geometry":{"type":"LineString","coordinates":[[-64.19399933650581,-17.721415874522755],[-64.19421499655677,-17.72132592852296],[-64.19443218406865,-17.72123973615009],[-64.19465083371419,-17.72115732332973],[-64.19487087972635,-17.721078714850613],[-64.19517234599495,-17.72095263241854],[-64.19520357636239,-17.72093782945267],[-64.19522650772049,-17.720925786031316],[-64.19524964541449,-17.720914143939623],[-64.19527298242124,-17.72090290671139],[-64.19529651165712,-17.720892077757526],[-64.19532022598011,-17.720881660365013],[-64.1953441181921,-17.72087165769591],[-64.19536818104089,-17.720862072786396],[-64.19539240722254,-17.720852908545837],[-64.19541678938351,-17.720844167755917],[-64.19544132012295,-17.720835853069786],[-64.19546599199485,-17.720827967011257],[-64.19549079751042,-17.72082051197403],[-64.19551572914027,-17.720813490220987],[-64.19554077931673,-17.72080690388349],[-64.19556594043615,-17.720800754960724],[-64.19559120486124,-17.720795045319115],[-64.19561656492331,-17.720789776691753],[-64.19564201292467,-17.720784950677853],[-64.19566754114088,-17.72078056874229],[-64.19569314182321,-17.720776632215138],[-64.19571880720095,-17.720773142291282],[-64.19574452948368,-17.720770100030037],[-64.19577030086376,-17.720767506354846],[-64.19579611351864,-17.720765362052976],[-64.19582195961323,-17.72076366777531],[-64.1958478313023,-17.720762424036113],[-64.19587372073285,-17.720761631212916],[-64.19589962004648,-17.72076128954636],[-64.1959255213818,-17.720761399140162],[-64.19595141687681,-17.720761959961052],[-64.19597729867131,-17.7207629718388],[-64.19600315890918,-17.720764434466265],[-64.19602898974094,-17.720766347399483],[-64.19605478332595,-17.720768710057815],[-64.19608053183494,-17.720771521724103],[-64.19610622745229,-17.720774781544907],[-64.19613186237842,-17.720778488530748],[-64.19615742883224,-17.720782641556426],[-64.19618291905334,-17.72078723936134],[-64.19620832530455,-17.72079228054989],[-64.19623363987414,-17.720797763591893],[-64.19625885507818,-17.720803686823047],[-64.19628396326296,-17.72081004844543],[-64.19630895680723,-17.720816846528056],[-64.19633382812452,-17.720824079007464],[-64.19635856966549,-17.72083174368833],[-64.19638317392018,-17.720839838244142],[-64.19640763342029,-17.720848360217907],[-64.19643194074146,-17.720857307022897],[-64.19645608850556,-17.720866675943427],[-64.19648006938283,-17.720876464135685],[-64.19650387609421,-17.7208866686286],[-64.19652750141348,-17.72089728632474],[-64.19655093816952,-17.72090831400124],[-64.1965741792484,-17.720919748310795],[-64.19659721759561,-17.72093158578268],[-64.19662004621816,-17.720943822823784],[-64.19664265818672,-17.720956455719723],[-64.19666504663776,-17.72096948063595],[-64.19668720477554,-17.720982893618924],[-64.19670912587428,-17.720996690597318],[-64.1967308032801,-17.721010867383246],[-64.19675223041313,-17.721025419673527],[-64.19677340076944,-17.72104034305102],[-64.19679430792308,-17.721055632985927],[-64.19681494552793,-17.721071284837194],[-64.19683530731976,-17.721087293853916],[-64.19685538711799,-17.721103655176773],[-64.19687517882767,-17.721120363839496],[-64.19689467644132,-17.721137414770407],[-64.19691387404066,-17.721154802793915],[-64.19693276579855,-17.721172522632127],[-64.19695134598065,-17.72119056890642],[-64.19696960894717,-17.72120893613909],[-64.19698754915466,-17.721227618755012],[-64.1970051611576,-17.72124661108333],[-64.1970224396101,-17.72126590735918],[-64.19703937926752,-17.721285501725433],[-64.19705597498806,-17.721305388234484],[-64.1970722217343,-17.721325560850048],[-64.19708811457478,-17.721346013449004],[-64.19710364868543,-17.72136673982324],[-64.19711881935108,-17.72138773368154],[-64.19713362196687,-17.721408988651504],[-64.19714805203967,-17.72143049828147],[-64.19716210518943,-17.721452256042483],[-64.1971757771505,-17.72147425533026],[-64.19718906377295,-17.721496489467217],[-64.19720196102381,-17.721518951704486],[-64.19721446498826,-17.721541635223947],[-64.19722657187091,-17.721564533140334]]}},{"type":"Feature","properties":{"id":"street_dimaeta_tsutodo_datepalmveil","group":null,"name":"Date Palm Veil","settlement_id":"settlement_dimaeta","country_id":"country_tsutodo","district_id":null,"status":"active","surface":"paved","access":"public","bridge":null,"tunnel":null,"oneway":null,"route_id":null,"alt_name":null,"notes":null},"geometry":{"type":"LineString","coordinates":[[-64.19589130432695,-17.72206477746516],[-64.19584790087534,-17.72201285607941],[-64.19580539703699,-17.721960195718268],[-64.1957638053912,-17.7219068119669],[-64.19572313824726,-17.72185272062457],[-64.1956834076409,-17.72179793769997],[-64.19564462533064,-17.721742479406448],[-64.19560680279434,-17.721686362157243],[-64.19556995122583,-17.72162960256062],[-64.19553408153159,-17.721572217414945],[-64.19549920432746,-17.721514223703718],[-64.19546532993557,-17.72145563859055],[-64.19543246838128,-17.72139647941409],[-64.19540062939018,-17.721336763682867],[-64.19536982238522,-17.721276509070137],[-64.19534005648391,-17.721215733408645],[-64.19531134049569,-17.721154454685337],[-64.19528368291924,-17.72109269103604],[-64.19525709193996,-17.72103046074011],[-64.19523157542767,-17.720967782215],[-64.19520714093412,-17.72090467401082],[-64.19518379569085,-17.72084115480485],[-64.19516154660705,-17.72077724339601],[-64.19514040026748,-17.72071295869929],[-64.19512036293051,-17.72064831974016],[-64.19510144052634,-17.720583345648933],[-64.19508363865519,-17.72051805565511],[-64.19506696258561,-17.720452469081685],[-64.19505141725301,-17.720386605339428],[-64.19503700725812,-17.720320483921135],[-64.19502373686568,-17.72025412439586],[-64.19501161000314,-17.72018754640314],[-64.19500063025951,-17.720120769647153],[-64.19499080088434,-17.720053813890914],[-64.19498212478669,-17.719986698950404],[-64.19497460453431,-17.719919444688724],[-64.19496824235286,-17.719852071010205],[-64.19496304012526,-17.719784597854524],[-64.19495899939115,-17.719717045190787],[-64.19495612134642,-17.719649433011643],[-64.19495440684284,-17.719581781327353],[-64.19495385638783,-17.719514110159864],[-64.1949544701443,-17.719446439536895],[-64.19495624793059,-17.719378789486],[-64.19495918922058,-17.71931118002865],[-64.19496329314376,-17.719243631174297],[-64.19496855848554,-17.719176162914454],[-64.19497498368763,-17.719108795216794],[-64.19498256684844,-17.719041548019216],[-64.19499130572368,-17.71897444122396],[-64.19500119772701,-17.718907494691713],[-64.19501223993086,-17.718840728235733],[-64.19501698031952,-17.71882356245776],[-64.19502142067532,-17.718806316633383],[-64.19502555964812,-17.71878899600631],[-64.19502939597943,-17.718771605843],[-64.19503292850283,-17.718754151431046],[-64.19503615614417,-17.718736638077587],[-64.19503907792212,-17.71871907110768],[-64.19504169294827,-17.718701455862682],[-64.19504400042749,-17.71868379769863],[-64.19504599965819,-17.718666101984613],[-64.19504769003248,-17.718648374101132],[-64.19504907103641,-17.71863061943847],[-64.19505014225007,-17.718612843395057],[-64.19505090334773,-17.718595051375825],[-64.195051354098,-17.718577248790556],[-64.1950514943638,-17.718559441052253],[-64.19505132410251,-17.718541633575477],[-64.19505084336586,-17.718523831774714],[-64.19505005230006,-17.718506041062728],[-64.19504895114562,-17.718488266848908],[-64.19504754023737,-17.718470514537625],[-64.19504582000428,-17.71845278952659],[-64.19504379096942,-17.718435097205216],[-64.19504145374972,-17.718417442952976],[-64.19503880905584,-17.718399832137766],[-64.1950358576919,-17.71838227011428],[-64.19503260055531,-17.718364762222368],[-64.19502903863639,-17.718347313785426],[-64.1950251730182,-17.718329930108773],[-64.19502100487607,-17.718312616478038],[-64.1950165354774,-17.718295378157542],[-64.19501176618108,-17.718278220388726],[-64.19500669843731,-17.718261148388518],[-64.19500133378693,-17.718244167347784],[-64.19499567386113,-17.718227282429723],[-64.19498972038083,-17.718210498768315],[-64.19498347515622,-17.71819382146674],[-64.19497694008622,-17.718177255595858],[-64.19497011715787,-17.71816080619263],[-64.1949630084457,-17.71814447825861],[-64.19495561611117,-17.718128276758417],[-64.194947942402,-17.718112206618237],[-64.1949399896514,-17.7180962727243],[-64.19493176027748,-17.718080479921415],[-64.19492325678242,-17.7180648330115],[-64.19491448175178,-17.718049336752102],[-64.19490543785368,-17.718033995854967],[-64.19489612783795,-17.718018814984596],[-64.19488655453537,-17.718003798756843],[-64.1948767208568,-17.717988951737492],[-64.1948666297922,-17.717974278440884],[-64.19485628440984,-17.717959783328535],[-64.19484568785532,-17.717945470807784],[-64.19483484335058,-17.71793134523045],[-64.19483010901254,-17.71791149253257],[-64.19482503064228,-17.717891725040946],[-64.19481960977127,-17.717872048716917],[-64.1948138480343,-17.717852469494336],[-64.19480774716897,-17.717832993277764],[-64.19480130901513,-17.717813625940703],[-64.19479453551435,-17.717794373323823],[-64.19478742870932,-17.717775241233184],[-64.19477999074329,-17.717756235438515],[-64.19477222385933,-17.717737361671446],[-64.19476413039973,-17.7177186256238],[-64.19475571280526,-17.717700032945856],[-64.19474697361443,-17.717681589244673],[-64.19473791546275,-17.717663300082364],[-64.19472854108193,-17.71764517097445],[-64.194718853299,-17.717627207388183],[-64.19470885503554,-17.717609414740892],[-64.19469854930678,-17.717591798398356],[-64.19468793922061,-17.717574363673194],[-64.1946770279768,-17.717557115823244],[-64.19466581886583,-17.717540060049995],[-64.1946543152681,-17.717523201497006],[-64.19464252065276,-17.71750654524836],[-64.19463043857678,-17.717490096327133],[-64.19461807268375,-17.71747385969387],[-64.19460542670292,-17.717457840245114],[-64.19459250444797,-17.717442042811886],[-64.1945793098159,-17.717426472158266],[-64.19456584678584,-17.71741113297995],[-64.19455211941789,-17.717396029902815],[-64.19453813185186,-17.71738116748154],[-64.19452388830601,-17.717366550198232],[-64.1945093930758,-17.717352182461067],[-64.19449465053263,-17.717338068602967],[-64.19447966512243,-17.717324212880293],[-64.1944644413644,-17.717310619471554],[-64.19444898384961,-17.717297292476154],[-64.19443329723964,-17.717284235913155],[-64.19441738626514,-17.717271453720066],[-64.19440125572443,-17.717258949751653],[-64.19438850979304,-17.71724792868845],[-64.1943759567267,-17.71723668844262],[-64.19436360029403,-17.71722523238865],[-64.19435144420461,-17.717213563965828],[-64.1943394921079,-17.717201686677193],[-64.19432774759211,-17.717189604088492],[-64.1943162141831,-17.71717731982711],[-64.19430489534341,-17.71716483758096],[-64.19429379447111,-17.717152161097413],[-64.19428291489885,-17.717139294182147],[-64.19427225989286,-17.717126240698004],[-64.19426183265192,-17.717113004563846],[-64.19425163630646,-17.71709958975336],[-64.19424167391759,-17.717086000293882],[-64.19423194847616,-17.717072240265182],[-64.19422246290189,-17.717058313798223],[-64.19421322004251,-17.717044225073955],[-64.19420422267287,-17.717029978322024],[-64.19419547349412,-17.71701557781953],[-64.19418697513288,-17.717001027889726],[-64.19417873014051,-17.716986332900724],[-64.19417074099228,-17.716971497264183],[-64.19416301008664,-17.716956525433996],[-64.19415553974456,-17.716941421904938],[-64.19414833220871,-17.716926191211318],[-64.19414138964295,-17.716910837925628],[-64.19413471413151,-17.716895366657162],[-64.19412830767848,-17.716879782050633],[-64.1941221722072,-17.716864088784778],[-64.19411630955963,-17.71684829157096],[-64.1941107214958,-17.716832395151748],[-64.19410540969338,-17.716816404299493],[-64.19410037574701,-17.716800323814894],[-64.19409562116797,-17.71678415852556],[-64.19409114738367,-17.71676791328456],[-64.19408695573722,-17.716751592968972],[-64.19408304748698,-17.716735202478404],[-64.1940794238063,-17.71671874673353],[-64.19407608578305,-17.716702230674624],[-64.19407303441936,-17.71668565926006],[-64.19407536304858,-17.71667457107611],[-64.19407749976956,-17.71666344431733],[-64.19407944394453,-17.716652282304917],[-64.19408119499319,-17.716641088370572],[-64.19408275239284,-17.716629865855538],[-64.19408411567866,-17.716618618109575],[-64.1940852844437,-17.716607348489983],[-64.1940862583391,-17.71659606036059],[-64.19408703707418,-17.716584757090747],[-64.19408762041648,-17.716573442054326],[-64.19408800819191,-17.71656211862871],[-64.1940882002847,-17.716550790193786],[-64.19408819663751,-17.71653946013094],[-64.19408799725144,-17.716528131822034],[-64.194087602186,-17.716516808648418],[-64.19408701155912,-17.7165054939899],[-64.19408622554708,-17.716494191223756],[-64.19408524438451,-17.7164829037237],[-64.19408406836426,-17.716471634858905],[-64.19408269783736,-17.716460387992964],[-64.19408113321289,-17.716449166482917],[-64.19407937495788,-17.716437973678232],[-64.19407742359714,-17.716426812919803],[-64.1940752797131,-17.71641568753897],[-64.19407294394573,-17.7164046008565],[-64.19407041699218,-17.716393556181618],[-64.19406769960673,-17.71638255681101],[-64.19406479260049,-17.716371606027835],[-64.19406169684113,-17.716360707100755],[-64.19405841325273,-17.716349863282947],[-64.19405494281538,-17.716339077811142],[-64.19405128656496,-17.716328353904657],[-64.1940474455928,-17.71631769476443],[-64.1940434210454,-17.716307103572074],[-64.19403921412399,-17.71629658348891],[-64.19403482608432,-17.716286137655032],[-64.19403025823615,-17.71627576918839],[-64.19402551194293,-17.71626548118382],[-64.19402058862133,-17.71625527671216],[-64.1940154897409,-17.716245158819294],[-64.19401021682363,-17.716235130525284],[-64.19400477144337,-17.716225194823433],[-64.1939991552255,-17.716215354679413],[-64.1939933698464,-17.716205613030372],[-64.1939874170329,-17.716195972784057],[-64.19398129856187,-17.716186436817953],[-64.19397501625954,-17.716177007978413],[-64.19396857200114,-17.716167689079818],[-64.19396196771017,-17.71615848290373],[-64.19395520535791,-17.716149392198066],[-64.19394828696285,-17.716140419676275],[-64.19394121459003,-17.71613156801654],[-64.19393399035046,-17.71612283986095],[-64.19392661640046,-17.716114237814747],[-64.19391909494107,-17.716105764445523],[-64.19391142821732,-17.71609742228246],[-64.19390361851765,-17.71608921381558],[-64.19389566817314,-17.716081141494996],[-64.1938850128133,-17.716073730008212],[-64.19387448591338,-17.71606613716896],[-64.19386409055964,-17.716058365203285],[-64.19385382979976,-17.716050416389756],[-64.19384370664197,-17.716042293058788],[-64.19383372405413,-17.716033997591953],[-64.19382388496294,-17.7160255324213],[-64.19381419225297,-17.716016900028617],[-64.19380464876593,-17.716008102944738],[-64.19379525729974,-17.71599914374876],[-64.19378602060776,-17.715990025067324],[-64.193776941398,-17.715980749573816],[-64.19376802233225,-17.715971319987606],[-64.19375926602541,-17.715961739073233],[-64.19375067504461,-17.715952009639604],[-64.19374225190855,-17.71594213453917],[-64.19373399908667,-17.715932116667087],[-64.19372591899855,-17.715921958960372],[-64.19371801401307,-17.715911664397034],[-64.1937102864478,-17.715901235995204],[-64.19370273856828,-17.715890676812258],[-64.19369537258738,-17.715879989943904],[-64.19368819066464,-17.7158691785233],[-64.19368119490564,-17.7158582457201],[-64.19367438736137,-17.71584719473956],[-64.19366777002766,-17.715836028821577],[-64.19366134484456,-17.715824751239747],[-64.19365511369578,-17.715813365300402],[-64.19364907840817,-17.715801874341647],[-64.19364324075113,-17.715790281732364],[-64.19363760243611,-17.715778590871246],[-64.19363216511617,-17.71576680518579],[-64.19362693038539,-17.715754928131297],[-64.19362189977848,-17.715742963189847],[-64.1936170747703,-17.715730913869294],[-64.19361245677543,-17.715718783702222],[-64.19360804714776,-17.715706576244923],[-64.19360384718011,-17.715694295076354],[-64.1935998581038,-17.71568194379707],[-64.19359608108833,-17.715669526028186],[-64.19359251724106,-17.715657045410317],[-64.19358916760682,-17.715644505602498],[-64.19358603316762,-17.71563191028111],[-64.19358311484245,-17.715619263138827],[-64.19358041348687,-17.7156065678835],[-64.19357792989287,-17.715593828237093],[-64.19357566478857,-17.71558104793458],[-64.19357361883804,-17.71556823072286],[-64.19357179264115,-17.71555538035965],[-64.19357018673325,-17.715542500612383],[-64.19356880158519,-17.715529595257113],[-64.19357020869855,-17.715516673549033],[-64.19357139438986,-17.715503729645302],[-64.19357235831163,-17.715490767339855],[-64.19357310018128,-17.715477790432015],[-64.1935736197814,-17.71546480272539],[-64.19357391695968,-17.71545180802675],[-64.19357399162902,-17.715438810144917],[-64.19357384376752,-17.71542581288964],[-64.19357347341854,-17.715412820070497],[-64.19357288069061,-17.715399835495752],[-64.19357206575748,-17.71538686297126],[-64.19357102885799,-17.715373906299348],[-64.1935697702961,-17.71536096927768],[-64.19356829044065,-17.71534805569818],[-64.19356658972544,-17.715335169345884],[-64.19356466864892,-17.715322313997863],[-64.19356252777419,-17.715309493422094],[-64.19356016772876,-17.715296711376354],[-64.19355758920437,-17.715283971607143],[-64.19355479295679,-17.71527127784855],[-64.19355177980562,-17.7152586338212],[-64.19354855063402,-17.715246043231122],[-64.19354510638851,-17.71523350976869],[-64.19354144807859,-17.71522103710754],[-64.19353757677654,-17.715208628903472],[-64.19353349361705,-17.71519628879341],[-64.19352919979696,-17.715184020394307],[-64.19352469657476,-17.7151718273021],[-64.1935199852704,-17.71515971309066],[-64.19351506726477,-17.715147681310725],[-64.19350994399939,-17.71513573548888],[-64.1935046169759,-17.71512387912652],[-64.1934990877557,-17.715112115698805],[-64.19349335795943,-17.715100448653665],[-64.1934874292665,-17.715088881410782],[-64.19348130341467,-17.71507741736058],[-64.19347498219946,-17.715066059863233],[-64.19346846747365,-17.715054812247693],[-64.19346176114675,-17.7150436778107],[-64.19345486518442,-17.715032659815822],[-64.19344778160789,-17.715021761492494],[-64.19344051249342,-17.715010986035082],[-64.19343305997162,-17.71500033660193],[-64.19342542622687,-17.714989816314446],[-64.19341761349665,-17.714979428256193],[-64.19340962407094,-17.714969175471964],[-64.19340146029147,-17.714959060966915],[-64.19339312455108,-17.714949087705662],[-64.19338461929306,-17.714939258611427],[-64.19337594701031,-17.71492957656517],[-64.19336711024475,-17.714920044404757],[-64.19335690431008,-17.714908107619856],[-64.19334649163059,-17.714896350747743],[-64.19333587537726,-17.71488477736875],[-64.19332505878307,-17.71487339100733],[-64.19331404514202,-17.714862195130994],[-64.1933028378081,-17.714851193149233],[-64.1932914401943,-17.714840388412497],[-64.19327985577156,-17.714829784211165],[-64.1932680880677,-17.714819383774554],[-64.19325614066632,-17.714809190269918],[-64.19324401720583,-17.7147992068015],[-64.19323172137815,-17.714789436409585],[-64.1932192569278,-17.714779882069553],[-64.19320662765055,-17.71477054669101],[-64.19319383739244,-17.714761433116866],[-64.19318089004851,-17.714752544122494],[-64.1931677895616,-17.71474388241487],[-64.19315453992124,-17.71473545063175],[-64.19314114516236,-17.714727251340886],[-64.19312760936408,-17.714719287039213],[-64.19311393664849,-17.71471156015211],[-64.19310013117934,-17.714704073032664],[-64.19308619716082,-17.71469682796093],[-64.19307213883631,-17.71468982714326],[-64.19305796048698,-17.71468307271163],[-64.19304366643061,-17.714676566722964],[-64.19302926102017,-17.714670311158553],[-64.19301474864255,-17.714664307923403],[-64.19300013371725,-17.71465855884569],[-64.19298542069497,-17.71465306567619],[-64.19297061405625,-17.714647830087745],[-64.19295571831022,-17.714642853674754],[-64.19294073799308,-17.71463813795269],[-64.1929256776668,-17.714633684357644],[-64.19291054191775,-17.71462949424587],[-64.19289533535522,-17.714625568893393],[-64.19288006261009,-17.714621909495598],[-64.19286472833338,-17.714618517166898],[-64.19284933719487,-17.714615392940352],[-64.19283389388164,-17.71461253776739],[-64.19281840309667,-17.714609952517502],[-64.19280286955737,-17.71460763797798],[-64.19278729799422,-17.71460559485367],[-64.19277169314921,-17.71460382376677],[-64.19275605977455,-17.714602325256628],[-64.19274040263106,-17.71460109977959],[-64.19272438814048,-17.714598303941365],[-64.19270842471806,-17.714595229894336],[-64.19269251719658,-17.714591878569134],[-64.19267667039186,-17.714588250980338],[-64.19266088910136,-17.71458434822616],[-64.19264517810268,-17.71458017148812],[-64.19262954215216,-17.714575722030677],[-64.19261398598341,-17.714571001200856],[-64.19259851430591,-17.714566010427838],[-64.19258313180352,-17.71456075122253],[-64.19256784313313,-17.714555225177087],[-64.19255265292324,-17.71454943396447],[-64.19253756577251,-17.714543379337908],[-64.1925225862484,-17.71453706313037],[-64.1925077188858,-17.714530487254013],[-64.19249296818568,-17.71452365369962],[-64.1924783386136,-17.714516564535973],[-64.19246383459854,-17.714509221909243],[-64.19244946053142,-17.714501628042328],[-64.19243522076384,-17.714493785234186],[-64.19242111960673,-17.71448569585915],[-64.19240716132909,-17.714477362366182],[-64.19239335015659,-17.714468787278165],[-64.19237969027044,-17.714459973191108],[-64.19236618580602,-17.714450922773384],[-64.19235284085167,-17.714441638764907],[-64.19233965944741,-17.714432123976312],[-64.19232664558378,-17.7144223812881],[-64.19231380320059,-17.714412413649757],[-64.19230113618572,-17.714402224078885],[-64.19228864837397,-17.714391815660264],[-64.19227634354593,-17.714381191544927],[-64.1922642254267,-17.714370354949217],[-64.19225229768493,-17.714359309153792],[-64.19224056393162,-17.714348057502644],[-64.19222902771904,-17.714336603402096],[-64.19221769253964,-17.714324950319746],[-64.19220656182503,-17.71431310178344],[-64.19219563894492,-17.714301061380198],[-64.1921810362456,-17.714279276933723],[-64.19216680428818,-17.714257248490224],[-64.19215294714861,-17.71423498235857],[-64.19213946879557,-17.71421248491572],[-64.19212637308922,-17.714189762604867],[-64.1921136637801,-17.71416682193362],[-64.19210134450815,-17.71414366947211],[-64.19208941880154,-17.714120311851136],[-64.1920778900758,-17.714096755760252],[-64.19206676163266,-17.714073007945842],[-64.19205603665934,-17.714049075209218],[-64.19204571822739,-17.714024964404636],[-64.192035809292,-17.71400068243736],[-64.19202631269104,-17.71397623626167],[-64.19201723114433,-17.713951632878874]]}},{"type":"Feature","properties":{"id":"street_dimaeta_tsutodo_eastgardenthread","group":null,"name":"East Garden Thread","settlement_id":"settlement_dimaeta","country_id":"country_tsutodo","district_id":null,"status":"active","surface":"paved","access":"public","bridge":null,"tunnel":null,"oneway":null,"route_id":null,"alt_name":null,"notes":null},"geometry":{"type":"LineString","coordinates":[[-64.19502100487607,-17.718312616478038],[-64.19505243517472,-17.718292306561825],[-64.19508421429707,-17.718272546912218],[-64.19511633261034,-17.718253343518693],[-64.19514878037893,-17.718234702202125],[-64.19518154776739,-17.718216628613003],[-64.19521462484337,-17.71819912822973],[-64.19524800158067,-17.718182206356968],[-64.19528166786222,-17.718165868124014],[-64.19531561348323,-17.718150118483262],[-64.19534982815422,-17.718134962208687],[-64.19538430150416,-17.718120403894407],[-64.19541902308357,-17.718106447953293],[-64.19545398236781,-17.718093098615622],[-64.1954891687601,-17.7180803599278],[-64.19552457159487,-17.718068235751137],[-64.19556018014094,-17.718056729760665],[-64.19559598360478,-17.718045845444053],[-64.19563197113372,-17.718035586100505],[-64.19566813181939,-17.71802595483981],[-64.19570445470085,-17.71801695458136],[-64.19574092876805,-17.71800858805328],[-64.19577754296509,-17.718000857791605],[-64.19581428619358,-17.717993766139507],[-64.19585114731606,-17.717987315246585],[-64.1958881151593,-17.71798150706821],[-64.19592517851774,-17.71797634336494],[-64.19596232615685,-17.717971825701973],[-64.19599954681657,-17.717967955448696],[-64.19603682921468,-17.717964733778242],[-64.1960741620503,-17.717962161667153],[-64.19611153400719,-17.71796023989508],[-64.1961489337573,-17.717958969044545],[-64.19618634996417,-17.717958349500762],[-64.19622377128628,-17.717958381451528],[-64.19626118638064,-17.717959064887154],[-64.1962985839061,-17.71796039960048],[-64.19633595252684,-17.717962385186937],[-64.19637328091582,-17.717965021044655],[-64.19641055775818,-17.71796830637466],[-64.1964477717547,-17.717972240181126],[-64.19648491162519,-17.717976821271638],[-64.19652196611193,-17.717982048257596],[-64.1965589239831,-17.717987919554616],[-64.19659577403615,-17.717994433383005],[-64.19663250510122,-17.718001587768317],[-64.19666910604451,-17.718009380541936],[-64.19670556577165,-17.718017809341745],[-64.19674187323112,-17.718026871612835],[-64.1967780174175,-17.71803656460828],[-64.1968139873749,-17.718046885389974],[-64.19684977220022,-17.71805783082951],[-64.1968853610465,-17.71806939760915],[-64.19692074312614,-17.718081582222805],[-64.19695590771427,-17.71809438097712],[-64.1969908441519,-17.71810778999258],[-64.19702554184921,-17.718121805204685],[-64.19705999028879,-17.7181364223652],[-64.19709417902871,-17.71815163704341],[-64.19712809770579,-17.718167444627497],[-64.19716173603874,-17.71818384032592],[-64.19719508383119,-17.718200819168867],[-64.1972281309749,-17.718218376009776],[-64.19726086745273,-17.71823650552687],[-64.19729328334168,-17.718255202224793],[-64.19732536881598,-17.718274460436263],[-64.19735711414998,-17.718294274323796],[-64.19738850972115,-17.718314637881473],[-64.19741954601295,-17.718335544936764],[-64.19745021361778,-17.71835698915239],[-64.19748050323979,-17.718378964028254],[-64.19751040569766,-17.718401462903405],[-64.19753991192748,-17.71842447895806],[-64.19756901298541,-17.718448005215667],[-64.19759770005045,-17.71847203454503],[-64.19762596442706,-17.718496559662455],[-64.19765379754784,-17.718521573133977],[-64.19768119097611,-17.718547067377592],[-64.19770813640848,-17.718573034665575],[-64.19773462567731,-17.7185994671268],[-64.19776065075328,-17.71862635674916],[-64.19778620374777,-17.718653695381956],[-64.19781127691522,-17.718681474738396],[-64.19783586265554,-17.718709686398093],[-64.19785995351639,-17.718738321809624],[-64.19788354219541,-17.718767372293122],[-64.19790662154251,-17.7187968290429],[-64.19792918456194,-17.71882668313013],[-64.19795122441448,-17.718856925505538],[-64.19797273441948,-17.718887547002154],[-64.19799370805688,-17.7189185383381],[-64.19801413896926,-17.718949890119386],[-64.19803402096365,-17.71898159284276],[-64.19805334801347,-17.719013636898605],[-64.1980721142604,-17.71904601257383],[-64.19809031401606,-17.71907871005483],[-64.19810794176381,-17.719111719430458],[-64.19812499216037,-17.71914503069502],[-64.19814146003752,-17.71917863375132],[-64.19815734040353,-17.719212518413713],[-64.19817262844481,-17.71924667441119],[-64.19818731952732,-17.7192810913905],[-64.19820140919792,-17.71931575891929],[-64.1982148931858,-17.719350666489248],[-64.19822776740376,-17.71938580351932]]}},{"type":"Feature","properties":{"id":"street_dimaeta_stsutodo_thirdcrescentsegmentb","group":null,"name":"Third Crescent Segment B","settlement_id":"settlement_dimaeta","country_id":"country_tsutodo","district_id":null,"status":"active","surface":"paved","access":"public","bridge":null,"tunnel":null,"oneway":null,"route_id":null,"alt_name":null,"notes":null},"geometry":{"type":"LineString","coordinates":[[-64.20200759726686,-17.71607152409773],[-64.20168178100694,-17.71619941483254],[-64.20149603623732,-17.71627232413142],[-64.20054892384707,-17.716644088571808],[-64.1994030531305,-17.717093870445733],[-64.19827610544513,-17.71753586505317]]}},{"type":"Feature","properties":{"id":"street_dimaeta_stsutodo_secondcrescentsegmentb","group":null,"name":"Second Crescent Segment B","settlement_id":"settlement_dimaeta","country_id":"country_tsutodo","district_id":null,"status":"active","surface":"paved","access":"public","bridge":null,"tunnel":null,"oneway":null,"route_id":null,"alt_name":null,"notes":null},"geometry":{"type":"LineString","coordinates":[[-64.20245138156601,-17.717136681607897],[-64.20113546453959,-17.717653210756875],[-64.19998959382302,-17.7181029926308],[-64.19878929322626,-17.718575145245055]]}},{"type":"Feature","properties":{"id":"street_dimaeta_stsutodo_firstcrescentsegmentb","group":null,"name":"First Crescent Segment B","settlement_id":"settlement_dimaeta","country_id":"country_tsutodo","district_id":null,"status":"active","surface":"paved","access":"public","bridge":null,"tunnel":null,"oneway":null,"route_id":null,"alt_name":null,"notes":null},"geometry":{"type":"LineString","coordinates":[[-64.20292226423072,-17.71824567629815],[-64.20256360574265,-17.71838645839907],[-64.20237786097303,-17.71845936769795],[-64.20143074858278,-17.718831132138337],[-64.20028487786621,-17.719280914012263],[-64.19916691813602,-17.719721509883897]]}},{"type":"Feature","properties":{"id":"street_walvisstreet","group":null,"name":"Walvis Street","settlement_id":"settlement_dimaeta","country_id":"country_tsutodo","district_id":null,"status":"active","surface":"paved","access":"public","bridge":null,"tunnel":null,"oneway":null,"route_id":null,"alt_name":null,"notes":null},"geometry":{"type":"LineString","coordinates":[[-64.1985649198454,-17.71136787174584],[-64.2021052549958,-17.719736784419194]]}},{"type":"Feature","properties":{"id":"street_leemanstreet","group":null,"name":"Leeman Street","settlement_id":"settlement_dimaeta","country_id":"country_tsutodo","district_id":null,"status":"active","surface":"paved","access":"public","bridge":null,"tunnel":null,"oneway":null,"route_id":null,"alt_name":null,"notes":null},"geometry":{"type":"LineString","coordinates":[[-64.1972172578219,-17.711899668065996],[-64.20076108487301,-17.720240364004102]]}},{"type":"Feature","properties":{"id":"street_hughestreet","group":null,"name":"Hughe Street","settlement_id":"settlement_dimaeta","country_id":"country_tsutodo","district_id":null,"status":"active","surface":"paved","access":"public","bridge":null,"tunnel":null,"oneway":null,"route_id":null,"alt_name":null,"notes":null},"geometry":{"type":"LineString","coordinates":[[-64.1959676571492,-17.712392768730577],[-64.19757186625208,-17.716002783349538]]}},{"type":"Feature","properties":{"id":"street_hughestreet","group":null,"name":"Hughe Street","settlement_id":"settlement_dimaeta","country_id":"country_tsutodo","district_id":null,"status":"active","surface":"paved","access":"public","bridge":null,"tunnel":null,"oneway":null,"route_id":null,"alt_name":null,"notes":null},"geometry":{"type":"LineString","coordinates":[[-64.19461913014634,-17.7129249063773],[-64.19506429469038,-17.713976203379495]]}},{"type":"Feature","properties":{"id":"street_dimaeta_stsutodo_noonlaterntrace","group":null,"name":"Noon Latern Trace","settlement_id":"settlement_dimaeta","country_id":"country_stsutodo","district_id":null,"status":"active","surface":"paved","access":"public","bridge":null,"tunnel":null,"oneway":null,"route_id":null,"alt_name":null,"notes":null},"geometry":{"type":"LineString","coordinates":[[-64.24964246916907,-17.69463356610072],[-64.25001187030364,-17.695407520920874],[-64.25104817919609,-17.697578754811236],[-64.25147305854827,-17.69856695190131]]}},{"type":"Feature","properties":{"id":"street_dimaeta_stsutodo_eastclockorbit","group":null,"name":"East Clock Orbit","settlement_id":"settlement_dimaeta","country_id":"country_tsutodo","district_id":null,"status":"active","surface":"paved","access":"public","bridge":null,"tunnel":null,"oneway":null,"route_id":null,"alt_name":null,"notes":null},"geometry":{"type":"LineString","coordinates":[[-64.25093489324371,-17.69727237903374],[-64.25090696962398,-17.697284520569156],[-64.25087926215616,-17.697297147589715],[-64.25085177928021,-17.69731025624911],[-64.25082452936769,-17.697323842554315],[-64.25079752071919,-17.697337902366804],[-64.25077076156178,-17.697352431403832],[-64.2507442600466,-17.697367425239705],[-64.25071802424624,-17.69738287930716],[-64.25069206215238,-17.697398788898735],[-64.25066638167334,-17.697415149168215],[-64.25064099063164,-17.697431955132107],[-64.25061589676162,-17.697449201671148],[-64.25059110770712,-17.697466883531877],[-64.25056663101914,-17.697484995328228],[-64.25054247415352,-17.69750353154317],[-64.25051864446866,-17.697522486530396],[-64.2504951492233,-17.69754185451603],[-64.25047199557436,-17.697561629600393],[-64.25044919057463,-17.69758180575981],[-64.25042674117074,-17.697602376848426],[-64.25040465420102,-17.697623336600085],[-64.25038293639335,-17.697644678630244],[-64.25036159436318,-17.697666396437917],[-64.25034063461152,-17.697688483407646],[-64.2503200635229,-17.697710932811525],[-64.2502998873635,-17.697733737811255],[-64.25028011227913,-17.697756891460205],[-64.2502607442935,-17.697780386705553],[-64.25024178930627,-17.697804216390416],[-64.25022325309132,-17.697828373256044],[-64.25020514129498,-17.697852849944024],[-64.25018745943424,-17.697877638998516],[-64.25017021289521,-17.697902732868535],[-64.25015340693132,-17.69792812391024],[-64.25013704666183,-17.697953804389286],[-64.25012113707025,-17.69797976648314],[-64.2501056830028,-17.6980060022835],[-64.25009068916692,-17.69803250379869],[-64.25007616012991,-17.698059262956082],[-64.25006210031741,-17.698086271604588],[-64.2500485140122,-17.698113521517108],[-64.25003540535282,-17.698141004393054],[-64.25002277833225,-17.698168711860877],[-64.25001063679684,-17.698196635480613],[-64.249998984445,-17.69822476674646],[-64.24998782482615,-17.698253097089356],[-64.24997716133963,-17.69828161787961],[-64.24996699723364,-17.698310320429506],[-64.24995733560425,-17.698339195995977],[-64.2499481793945,-17.698368235783242],[-64.24993953139344,-17.698397430945498],[-64.24993139423536,-17.69842677258962],[-64.24992377039891,-17.69845625177786],[-64.24991666220639,-17.698485859530567],[-64.24991007182301,-17.698515586828936],[-64.24990400125625,-17.69854542461774],[-64.24989845235531,-17.698575363808107],[-64.2498934268104,-17.69860539528026],[-64.24988892615238,-17.69863550988633],[-64.24988495175216,-17.698665698453112],[-64.24988150482041,-17.698695951784877],[-64.24987858640706,-17.698726260666167],[-64.24987619740114,-17.698756615864603],[-64.24987433853033,-17.698787008133696],[-64.24987301036087,-17.69881742821567],[-64.24987221329732,-17.69884786684427],[-64.2498719475825,-17.6988783147476],[-64.24987221329732,-17.698908762650927],[-64.24987301036087,-17.69893920127953],[-64.24987433853033,-17.698969621361503],[-64.24987619740114,-17.699000013630595],[-64.24987858640706,-17.699030368829032],[-64.24988150482041,-17.69906067771032],[-64.24988495175216,-17.699090931042086],[-64.24988892615238,-17.69912111960887],[-64.2498934268104,-17.699151234214938],[-64.24989845235531,-17.69918126568709],[-64.24990400125625,-17.699211204877457],[-64.24991007182301,-17.699241042666262],[-64.24991666220639,-17.69927076996463],[-64.24992377039891,-17.69930037771734],[-64.24993139423536,-17.699329856905578],[-64.24993953139344,-17.6993591985497],[-64.2499481793945,-17.699388393711956],[-64.24995733560425,-17.69941743349922],[-64.24996699723364,-17.699446309065692],[-64.24997716133963,-17.69947501161559],[-64.24998782482615,-17.699503532405842],[-64.249998984445,-17.69953186274874],[-64.25001063679684,-17.699559994014585],[-64.25002277833225,-17.69958791763432],[-64.25003540535282,-17.699615625102144],[-64.2500485140122,-17.69964310797809],[-64.25006210031741,-17.69967035789061],[-64.25007616012991,-17.699697366539116],[-64.25009068916692,-17.69972412569651],[-64.2501056830028,-17.699750627211696],[-64.25012113707025,-17.699776863012058],[-64.25013704666183,-17.699802825105913],[-64.25015340693132,-17.699828505584957],[-64.25017021289521,-17.699853896626664],[-64.25018745943424,-17.699878990496682],[-64.25020514129498,-17.699903779551175],[-64.25022325309132,-17.699928256239154],[-64.25024178930627,-17.699952413104782],[-64.2502607442935,-17.699976242789646],[-64.25028011227913,-17.699999738034993],[-64.2502998873635,-17.700022891683943],[-64.2503200635229,-17.700045696683674],[-64.25034063461152,-17.700068146087553],[-64.25036159436318,-17.70009023305728],[-64.25038293639335,-17.700111950864954],[-64.25040465420102,-17.700133292895114],[-64.25042674117074,-17.700154252646772],[-64.25044919057463,-17.700174823735388],[-64.25047199557436,-17.700194999894805],[-64.2504951492233,-17.70021477497917],[-64.25051864446866,-17.700234142964803],[-64.25054247415352,-17.70025309795203],[-64.25056663101914,-17.70027163416697],[-64.25059110770712,-17.70028974596332],[-64.25061589676162,-17.70030742782405],[-64.25064099063164,-17.70032467436309],[-64.25066638167334,-17.700341480326983],[-64.25069206215238,-17.700357840596464],[-64.25071802424624,-17.70037375018804],[-64.2507442600466,-17.700389204255494],[-64.25077076156178,-17.700404198091366],[-64.25079752071919,-17.700418727128394],[-64.25082452936769,-17.700432786940883],[-64.25085177928021,-17.700446373246088],[-64.25087926215616,-17.700459481905483],[-64.25090696962398,-17.700472108926043],[-64.25093489324371,-17.700484250461457],[-64.25096302450956,-17.700495902813298],[-64.25099135485246,-17.70050706243214],[-64.25101987564271,-17.700517725918665],[-64.25104857819261,-17.700527890024663],[-64.25107745375908,-17.70053755165405],[-64.25110649354635,-17.700546707863804],[-64.2511356887086,-17.700555355864854],[-64.25116503035272,-17.700563493022933],[-64.25119450954097,-17.700571116859383],[-64.25122411729366,-17.700578225051913],[-64.25125384459203,-17.700584815435295],[-64.25128368238084,-17.700590886002036],[-64.2513136215712,-17.700596434902987],[-64.25134365304336,-17.700601460447892],[-64.25137376764943,-17.70060596110592],[-64.25140395621621,-17.70060993550614],[-64.25143420954798,-17.700613382437897],[-64.25146451842926,-17.700616300851227],[-64.2514948736277,-17.700618689857155],[-64.2515252658968,-17.700620548727965],[-64.25155568597877,-17.70062187689743],[-64.25158612460737,-17.700622673960968],[-64.2516165725107,-17.700622939675796],[-64.25164702041403,-17.700622673960968],[-64.25167745904263,-17.70062187689743],[-64.2517078791246,-17.700620548727965],[-64.25173827139369,-17.700618689857155],[-64.25176862659214,-17.700616300851227],[-64.25179893547342,-17.700613382437897],[-64.25182918880519,-17.700609935506137],[-64.25185937737197,-17.70060596110592],[-64.25188949197803,-17.700601460447892],[-64.2519195234502,-17.700596434902987],[-64.25194946264055,-17.700590886002036],[-64.25197930042937,-17.700584815435295],[-64.25200902772774,-17.700578225051913],[-64.25203863548043,-17.700571116859383],[-64.25206811466867,-17.700563493022933],[-64.2520974563128,-17.700555355864854],[-64.25212665147505,-17.700546707863804],[-64.25215569126232,-17.70053755165405],[-64.25218456682879,-17.700527890024663],[-64.25221326937869,-17.700517725918665],[-64.25224179016894,-17.70050706243214],[-64.25227012051184,-17.700495902813298],[-64.25229825177769,-17.700484250461457],[-64.25232617539741,-17.700472108926043],[-64.25235388286524,-17.700459481905483],[-64.25236254918765,-17.700455348281732]]}},{"type":"Feature","properties":{"id":"street_dimaeta_stsutodo_westclockorbit","group":null,"name":"West Clock Orbit","settlement_id":"settlement_dimaeta","country_id":"country_tsutodo","district_id":null,"status":"active","surface":"paved","access":"public","bridge":null,"tunnel":null,"oneway":null,"route_id":null,"alt_name":null,"notes":null},"geometry":{"type":"LineString","coordinates":[[-64.25236254918765,-17.700455348281732],[-64.25238136574119,-17.700446373246088],[-64.2524086156537,-17.700432786940883],[-64.25243562430221,-17.700418727128394],[-64.25246238345962,-17.700404198091366],[-64.2524888849748,-17.700389204255494],[-64.25251512077516,-17.70037375018804],[-64.25254108286902,-17.700357840596464],[-64.25256676334806,-17.700341480326983],[-64.25259215438976,-17.70032467436309],[-64.25261724825978,-17.70030742782405],[-64.25264203731427,-17.70028974596332],[-64.25266651400226,-17.70027163416697],[-64.25269067086788,-17.70025309795203],[-64.25271450055274,-17.700234142964803],[-64.2527379957981,-17.70021477497917],[-64.25276114944704,-17.700194999894805],[-64.25278395444677,-17.700174823735388],[-64.25280640385066,-17.700154252646772],[-64.25282849082038,-17.700133292895114],[-64.25285020862805,-17.700111950864954],[-64.25287155065821,-17.70009023305728],[-64.25289251040988,-17.700068146087553],[-64.25291308149849,-17.700045696683674],[-64.2529332576579,-17.700022891683943],[-64.25295303274227,-17.699999738034993],[-64.2529724007279,-17.699976242789646],[-64.25299135571512,-17.699952413104782],[-64.25300989193008,-17.699928256239154],[-64.25302800372641,-17.699903779551175],[-64.25304568558715,-17.699878990496682],[-64.25306293212618,-17.699853896626664],[-64.25307973809008,-17.699828505584957],[-64.25309609835956,-17.699802825105913],[-64.25311200795115,-17.699776863012058],[-64.2531274620186,-17.699750627211696],[-64.25314245585447,-17.69972412569651],[-64.25315698489149,-17.699697366539116],[-64.25317104470399,-17.69967035789061],[-64.25318463100919,-17.69964310797809],[-64.25319773966858,-17.699615625102144],[-64.25321036668915,-17.69958791763432],[-64.25322250822455,-17.699559994014585],[-64.2532341605764,-17.69953186274874],[-64.25324532019525,-17.699503532405842],[-64.25325598368177,-17.69947501161559],[-64.25326614778776,-17.699446309065692],[-64.25327580941715,-17.69941743349922],[-64.2532849656269,-17.699388393711956],[-64.25329361362796,-17.6993591985497],[-64.25330175078604,-17.699329856905578],[-64.25330937462249,-17.69930037771734],[-64.25331648281501,-17.69927076996463],[-64.25332307319839,-17.699241042666262],[-64.25332914376514,-17.699211204877457],[-64.25333469266609,-17.69918126568709],[-64.253339718211,-17.699151234214938],[-64.25334421886902,-17.69912111960887],[-64.25334819326923,-17.699090931042086],[-64.25335164020099,-17.69906067771032],[-64.25335455861433,-17.699030368829032],[-64.25335694762026,-17.699000013630595],[-64.25335880649106,-17.698969621361503],[-64.25336013466053,-17.69893920127953],[-64.25336093172407,-17.698908762650927],[-64.25336119743889,-17.6988783147476],[-64.25336093172407,-17.69884786684427],[-64.25336013466053,-17.69881742821567],[-64.25335880649106,-17.698787008133696],[-64.25335694762026,-17.698756615864603],[-64.25335455861433,-17.698726260666167],[-64.25335164020099,-17.698695951784877],[-64.25334819326923,-17.698665698453112],[-64.25334421886902,-17.69863550988633],[-64.253339718211,-17.69860539528026],[-64.25333469266609,-17.698575363808107],[-64.25332914376514,-17.69854542461774],[-64.25332307319839,-17.698515586828936],[-64.25331648281501,-17.698485859530567],[-64.25330937462249,-17.69845625177786],[-64.25330175078604,-17.69842677258962],[-64.25329361362796,-17.698397430945498],[-64.2532849656269,-17.698368235783242],[-64.25327580941715,-17.698339195995977],[-64.25326614778776,-17.698310320429506],[-64.25325598368177,-17.69828161787961],[-64.25324532019525,-17.698253097089356],[-64.2532341605764,-17.69822476674646],[-64.25322250822455,-17.698196635480613],[-64.25321036668915,-17.698168711860877],[-64.25319773966858,-17.698141004393054],[-64.25318463100919,-17.698113521517108],[-64.25317104470399,-17.698086271604588],[-64.25315698489149,-17.698059262956082],[-64.25314245585447,-17.69803250379869],[-64.2531274620186,-17.6980060022835],[-64.25311200795115,-17.69797976648314],[-64.25309609835956,-17.697953804389286],[-64.25307973809008,-17.69792812391024],[-64.25306293212618,-17.697902732868535],[-64.25304568558715,-17.697877638998516],[-64.25302800372641,-17.697852849944024],[-64.25300989193008,-17.697828373256044],[-64.25299135571512,-17.697804216390416],[-64.2529724007279,-17.697780386705553],[-64.25295303274227,-17.697756891460205],[-64.2529332576579,-17.697733737811255],[-64.25291308149849,-17.697710932811525],[-64.25289251040988,-17.697688483407646],[-64.25287155065821,-17.697666396437917],[-64.25285020862805,-17.697644678630244],[-64.25282849082038,-17.697623336600085],[-64.25280640385066,-17.697602376848426],[-64.25278395444677,-17.69758180575981],[-64.25276114944704,-17.697561629600393],[-64.2527379957981,-17.69754185451603],[-64.25271450055274,-17.697522486530396],[-64.25269067086788,-17.69750353154317],[-64.25266651400226,-17.697484995328228],[-64.25264203731427,-17.697466883531877],[-64.25261724825978,-17.697449201671148],[-64.25259215438976,-17.697431955132107],[-64.25256676334806,-17.697415149168215],[-64.25254108286902,-17.697398788898735],[-64.25251512077516,-17.69738287930716],[-64.2524888849748,-17.697367425239705],[-64.25246238345962,-17.697352431403832],[-64.25243562430221,-17.697337902366804],[-64.2524086156537,-17.697323842554315],[-64.25238136574119,-17.69731025624911],[-64.25235388286524,-17.697297147589715],[-64.25232617539741,-17.697284520569156],[-64.25229825177769,-17.69727237903374],[-64.25227012051184,-17.6972607266819],[-64.25224179016894,-17.697249567063057],[-64.25221326937869,-17.697238903576533],[-64.25218456682879,-17.697228739470535],[-64.25215569126232,-17.697219077841147],[-64.25212665147505,-17.697209921631394],[-64.2520974563128,-17.697201273630345],[-64.25206811466867,-17.697193136472265],[-64.25203863548043,-17.697185512635816],[-64.25200902772774,-17.697178404443285],[-64.25197930042937,-17.697171814059903],[-64.25194946264055,-17.697165743493162],[-64.2519195234502,-17.69716019459221],[-64.25188949197803,-17.697155169047306],[-64.25185937737197,-17.697150668389277],[-64.25182918880519,-17.69714669398906],[-64.25179893547342,-17.6971432470573],[-64.25176862659214,-17.69714032864397],[-64.25173827139369,-17.697137939638043],[-64.2517078791246,-17.697136080767233],[-64.25167745904263,-17.69713475259777],[-64.25164702041403,-17.69713395553423],[-64.2516165725107,-17.697133689819402],[-64.25158612460737,-17.69713395553423],[-64.25155568597877,-17.69713475259777],[-64.2515252658968,-17.697136080767233],[-64.2514948736277,-17.697137939638043],[-64.25146451842926,-17.69714032864397],[-64.25143420954798,-17.6971432470573],[-64.25140395621621,-17.69714669398906],[-64.25137376764943,-17.697150668389277],[-64.25134365304336,-17.697155169047306],[-64.2513136215712,-17.69716019459221],[-64.25128368238084,-17.697165743493162],[-64.25125384459203,-17.697171814059903],[-64.25122411729366,-17.697178404443285],[-64.25119450954097,-17.697185512635816],[-64.25116503035272,-17.697193136472265],[-64.2511356887086,-17.697201273630345],[-64.25110649354635,-17.697209921631394],[-64.25107745375908,-17.697219077841147],[-64.25104857819261,-17.697228739470535],[-64.25101987564271,-17.697238903576533],[-64.25099135485246,-17.697249567063057],[-64.25096302450956,-17.6972607266819]]}},{"type":"Feature","properties":{"id":"settlement_dimaeta","group":null,"name":null,"settlement_id":null,"country_id":null,"district_id":null,"status":null,"surface":null,"access":null,"bridge":null,"tunnel":null,"oneway":null,"route_id":null,"alt_name":null,"notes":null},"geometry":null},{"type":"Feature","properties":{"id":"settlement_dimaeta","group":null,"name":null,"settlement_id":null,"country_id":null,"district_id":null,"status":null,"surface":null,"access":null,"bridge":null,"tunnel":null,"oneway":null,"route_id":null,"alt_name":null,"notes":null},"geometry":null},{"type":"Feature","properties":{"id":"street_dimaeta_stsutodo_bakerstrace","group":null,"name":"Bakers Trace","settlement_id":"settlement_dimaeta","country_id":"country_tsutodo","district_id":null,"status":"active","surface":"paved","access":"public","bridge":null,"tunnel":null,"oneway":null,"route_id":null,"alt_name":null,"notes":null},"geometry":{"type":"LineString","coordinates":[[-64.24538835977648,-17.697402694333423],[-64.24757036969383,-17.703455056230744]]}},{"type":"Feature","properties":{"id":"street_dimaeta_stsutodo_quiettrace","group":null,"name":"Quiet Trace","settlement_id":"settlement_dimaeta","country_id":"country_tsutodo","district_id":null,"status":"active","surface":"paved","access":"public","bridge":null,"tunnel":null,"oneway":null,"route_id":null,"alt_name":null,"notes":null},"geometry":{"type":"LineString","coordinates":[[-64.25495092554233,-17.69496172117955],[-64.25695868254594,-17.70052942456261]]}},{"type":"Feature","properties":{"id":"street_dimaeta_stsutodo_manochitrace","group":null,"name":"Manoch Trace","settlement_id":"settlement_dimaeta","country_id":"country_tsutodo","district_id":null,"status":"active","surface":"paved","access":"public","bridge":null,"tunnel":null,"oneway":null,"route_id":null,"alt_name":null,"notes":null},"geometry":{"type":"LineString","coordinates":[[-64.25227952679253,-17.689006967188384],[-64.25298695032322,-17.690570764544884],[-64.25350774039129,-17.691721998701514],[-64.25402575354755,-17.692867094346838],[-64.25441683807993,-17.69373160751521],[-64.25480010045436,-17.694578829387233]]}},{"type":"Feature","properties":{"id":"street_dimatea_stsutodo_windtrace","group":null,"name":"Wind Trace","settlement_id":"settlement_dimaeta","country_id":"country_stsutodo","district_id":null,"status":"active","surface":"paved","access":"public","bridge":null,"tunnel":null,"oneway":null,"route_id":null,"alt_name":null,"notes":null},"geometry":{"type":"LineString","coordinates":[[-64.25142332360458,-17.699083469039174],[-64.25109666582162,-17.699479227420007],[-64.24783405996783,-17.703499182849168]]}},{"type":"Feature","properties":{"id":"street_dimatea_stsutodo_hollowtrace","group":null,"name":"Hollow Trace","settlement_id":"settlement_dimaeta","country_id":"country_tsutodo","district_id":null,"status":"active","surface":"paved","access":"public","bridge":null,"tunnel":null,"oneway":null,"route_id":null,"alt_name":null,"notes":null},"geometry":{"type":"LineString","coordinates":[[-64.25133306274469,-17.698676328610432],[-64.2510668209232,-17.69858888100856],[-64.24552948454206,-17.69726156956786]]}},{"type":"Feature","properties":{"id":"street_dimaeta_stsutodo_lasttrace","group":null,"name":"Last Trace","settlement_id":"settlement_dimaeta","country_id":"country_tsutodo","district_id":null,"status":"active","surface":"paved","access":"public","bridge":null,"tunnel":null,"oneway":null,"route_id":null,"alt_name":null,"notes":null},"geometry":{"type":"LineString","coordinates":[[-64.2568057714162,-17.70069340167363],[-64.25215247904224,-17.699038575325567],[-64.25184903471671,-17.69891147058523]]}},{"type":"Feature","properties":{"id":"street_dimaeta_stsutodo_noonlaterntrace","group":null,"name":"Noon Latern Trace","settlement_id":"settlement_dimaeta","country_id":"country_stsutodo","district_id":null,"status":"active","surface":"paved","access":"public","bridge":null,"tunnel":null,"oneway":null,"route_id":null,"alt_name":null,"notes":null},"geometry":{"type":"LineString","coordinates":[[-64.25172370226389,-17.699080847674306],[-64.25303984024781,-17.702022150342255]]}},{"type":"Feature","properties":{"id":"street_dimaeta_stsutodo_marketcircle","group":null,"name":"Market Circle","settlement_id":"settlement_dimaeta","country_id":"country_tsutodo","district_id":null,"status":"active","surface":"paved","access":"public","bridge":null,"tunnel":null,"oneway":null,"route_id":null,"alt_name":null,"notes":null},"geometry":{"type":"LineString","coordinates":[[-64.25157137409494,-17.698549616217818],[-64.25156635730599,-17.698549659998683],[-64.25156134204516,-17.698549791327917],[-64.25155632984023,-17.6985500101655],[-64.25155132221785,-17.698550316444802],[-64.25154632070361,-17.698550710072496],[-64.25154132682079,-17.698551190928747],[-64.25153634209065,-17.698551758866984],[-64.25153136803156,-17.69855241371429],[-64.2515264061589,-17.69855315527115],[-64.2515214579837,-17.698553983311673],[-64.25151652501346,-17.698554897583683],[-64.25151160875083,-17.698555897808625],[-64.25150671069329,-17.698556983681804],[-64.2515018323328,-17.69855815487255],[-64.25149697515553,-17.698559411024007],[-64.25149214064086,-17.698560751753597],[-64.25148733026134,-17.6985621766529],[-64.25148254548255,-17.698563685287862],[-64.25147778776173,-17.698565277198995],[-64.25147305854827,-17.69856695190131],[-64.2514683592826,-17.69856870888475],[-64.25146369139627,-17.698570547614093],[-64.2514590563112,-17.698572467529203],[-64.25145445543905,-17.698574468045287],[-64.25144989018163,-17.698576548552985],[-64.25144536192934,-17.69857870841856],[-64.25144087206147,-17.698580946984062],[-64.25143642194587,-17.69858326356763],[-64.25143201293804,-17.698585657463585],[-64.2514276463809,-17.698588127942706],[-64.25142332360458,-17.69859067425253],[-64.25141904592599,-17.698593295617393],[-64.25141481464804,-17.698595991238776],[-64.25141063105954,-17.698598760295567],[-64.25140649643484,-17.69860160194436],[-64.25140241203374,-17.698604515319463],[-64.25139837909985,-17.69860749953346],[-64.25139439886206,-17.698610553677398],[-64.25139047253252,-17.698613676820855],[-64.2513866013074,-17.69861686801257],[-64.25138278636592,-17.69862012628045],[-64.25137902887005,-17.69862345063196],[-64.25137532996447,-17.69862684005453],[-64.25137169077573,-17.698630293515656],[-64.25136811241254,-17.698633809963397],[-64.25136459596473,-17.698637388326638],[-64.25136114250358,-17.69864102751533],[-64.25135775308101,-17.69864472642099],[-64.25135442872954,-17.698648483916855],[-64.25135117046158,-17.698652298858377],[-64.25134797927001,-17.69865617008347],[-64.25134485612645,-17.698660096412958],[-64.25134180198259,-17.698664076650786],[-64.25133881776861,-17.698668109584563],[-64.25133590439344,-17.698672193985843],[-64.25133306274469,-17.698676328610432],[-64.25133029368787,-17.698680512198898],[-64.25132759806641,-17.69868474347693],[-64.25132497670155,-17.69868902115558],[-64.25132243039187,-17.69869334393183],[-64.25131995991262,-17.698697710488965],[-64.25131756601667,-17.698702119496822],[-64.25131524943316,-17.69870656961244],[-64.2513130108676,-17.69871105948021],[-64.25131085100202,-17.698715587732515],[-64.25130877049436,-17.69872015299002],[-64.2513067699783,-17.698724753862063],[-64.25130485006306,-17.698729388947193],[-64.25130301133377,-17.698734056833544],[-64.25130125435044,-17.69873875609916],[-64.25129957964806,-17.69874348531267],[-64.251297987737,-17.69874824303347],[-64.25129647910202,-17.698753027812312],[-64.2512950542027,-17.698757838191753],[-64.25129371347316,-17.698762672706472],[-64.25129245732157,-17.698767529883806],[-64.25129128613088,-17.69877240824426],[-64.25129020025764,-17.698777306301764],[-64.25128920003273,-17.698782222564432],[-64.25128828576075,-17.698787155534625],[-64.25128745772017,-17.698792103709735],[-64.25128671616338,-17.698797065582536],[-64.25128606131614,-17.698802039641578],[-64.25128549337785,-17.69880702437171],[-64.25128501252155,-17.698812018254515],[-64.25128461889386,-17.698817019768825],[-64.25128431261457,-17.698822027391152],[-64.25128409377692,-17.698827039596097],[-64.25128396244779,-17.698832054856894],[-64.25128391866696,-17.69883707164584],[-64.25128396244779,-17.69884208843481],[-64.25128409377692,-17.698847103695602],[-64.25128431261457,-17.69885211590055],[-64.25128461889386,-17.698857123522878],[-64.25128501252155,-17.698862125037188],[-64.25128549337785,-17.698867118919992],[-64.25128606131614,-17.69887210365012],[-64.25128671616338,-17.698877077709163],[-64.25128745772017,-17.698882039581967],[-64.25128828576075,-17.698886987757078],[-64.25128920003273,-17.69889192072727],[-64.25129020025764,-17.698896836989935],[-64.25129128613088,-17.698901735047443],[-64.25129245732157,-17.698906613407893],[-64.25129371347316,-17.69891147058523],[-64.2512950542027,-17.69891630509995],[-64.25129647910202,-17.698921115479386],[-64.251297987737,-17.698925900258228],[-64.25129957964806,-17.698930657979034],[-64.25130125435044,-17.69893538719254],[-64.25130301133377,-17.69894008645816],[-64.25130485006306,-17.698944754344506],[-64.2513067699783,-17.69894938942964],[-64.25130877049436,-17.698953990301682],[-64.25131085100202,-17.698958555559187],[-64.2513130108676,-17.698963083811492],[-64.25131524943316,-17.698967573679262],[-64.25131756601667,-17.698972023794877],[-64.25131995991262,-17.698976432802738],[-64.25132243039187,-17.69898079935985],[-64.25132497670155,-17.698985122136122],[-64.25132759806641,-17.69898939981477],[-64.25133029368787,-17.6989936310928],[-64.25133306274469,-17.698997814681245],[-64.25133590439344,-17.699001949305856],[-64.25133881776861,-17.699006033707136],[-64.25134180198259,-17.699010066640916],[-64.25134485612645,-17.699014046878744],[-64.25134797927001,-17.69901797320823],[-64.25135117046158,-17.699021844433325],[-64.25135442872954,-17.699025659374847],[-64.25135775308101,-17.699029416870708],[-64.25136114250358,-17.69903311577637],[-64.25136459596473,-17.699036754965064],[-64.25136811241254,-17.699040333328302],[-64.25137169077573,-17.699043849776046],[-64.25137532996447,-17.699047303237172],[-64.25137902887005,-17.69905069265974],[-64.25138278636592,-17.699054017011253],[-64.2513866013074,-17.69905727527913],[-64.25139047253252,-17.699060466470847],[-64.25139439886206,-17.699063589614305],[-64.25139837909985,-17.69906664375824],[-64.25140241203374,-17.699069627972236],[-64.25140649643484,-17.69907254134734],[-64.25141063105954,-17.69907538299613],[-64.25141481464804,-17.699078152052927],[-64.25141904592599,-17.699080847674306],[-64.25142332360458,-17.699083469039174],[-64.2514276463809,-17.699086015348993],[-64.25143201293804,-17.699088485828113],[-64.25143642194587,-17.699090879724068],[-64.25144087206147,-17.699093196307636],[-64.25144536192934,-17.699095434873144],[-64.25144989018163,-17.699097594738713],[-64.25145445543905,-17.699099675246416],[-64.2514590563112,-17.6991016757625],[-64.25146369139627,-17.699103595677606],[-64.2514683592826,-17.699105434406952],[-64.25147305854827,-17.699107191390368],[-64.25147778776173,-17.699108866092708],[-64.25148254548255,-17.699110458003837],[-64.25148733026134,-17.699111966638803],[-64.25149214064086,-17.699113391538106],[-64.25149697515553,-17.699114732267695],[-64.2515018323328,-17.699115988419152],[-64.25150671069329,-17.699117159609898],[-64.25151160875083,-17.699118245483078],[-64.25151652501346,-17.69911924570802],[-64.2515214579837,-17.69912015998003],[-64.2515264061589,-17.699120988020553],[-64.25153136803156,-17.699121729577413],[-64.25153634209065,-17.69912238442472],[-64.25154132682079,-17.699122952362956],[-64.25154632070361,-17.699123433219203],[-64.25155132221785,-17.699123826846897],[-64.25155632984023,-17.699124133126197],[-64.25156134204516,-17.699124351963782],[-64.25156635730599,-17.69912448329302],[-64.25157137409494,-17.69912452707388],[-64.25157639088388,-17.69912448329302],[-64.25158140614471,-17.699124351963782],[-64.25158641834965,-17.699124133126197],[-64.25159142597202,-17.699123826846897],[-64.25159642748626,-17.699123433219203],[-64.25160142136909,-17.699122952362956],[-64.25160640609923,-17.69912238442472],[-64.25161138015821,-17.699121729577413],[-64.25161634203097,-17.699120988020553],[-64.25162129020617,-17.69912015998003],[-64.25162622317642,-17.69911924570802],[-64.25163113943904,-17.699118245483078],[-64.25163603749658,-17.699117159609898],[-64.25164091585705,-17.699115988419152],[-64.25164577303433,-17.699114732267695],[-64.251650607549,-17.699113391538106],[-64.25165541792853,-17.699111966638803],[-64.25166020270733,-17.699110458003837],[-64.25166496042813,-17.699108866092708],[-64.25166968964159,-17.699107191390368],[-64.25167438890728,-17.699105434406952],[-64.2516790567936,-17.699103595677606],[-64.25168369187867,-17.6991016757625],[-64.25168829275073,-17.699099675246416],[-64.25169285800823,-17.699097594738713],[-64.25169738626053,-17.699095434873144],[-64.25170187612841,-17.699093196307636],[-64.251706326244,-17.699090879724068],[-64.25171073525183,-17.699088485828113],[-64.25171510180897,-17.699086015348993],[-64.25171942458529,-17.699083469039174],[-64.25172370226389,-17.699080847674306],[-64.25172793354183,-17.699078152052927],[-64.25173211713032,-17.69907538299613],[-64.25173625175492,-17.69907254134734],[-64.25174033615613,-17.699069627972236],[-64.25174436909,-17.69906664375824],[-64.25174834932781,-17.699063589614305],[-64.25175227565735,-17.699060466470847],[-64.25175614688247,-17.69905727527913],[-64.25175996182395,-17.699054017011253],[-64.25176371931983,-17.69905069265974],[-64.2517674182254,-17.699047303237172],[-64.25177105741415,-17.699043849776046],[-64.25177463577734,-17.699040333328302],[-64.25177815222514,-17.699036754965064],[-64.25178160568629,-17.69903311577637],[-64.25178499510886,-17.699029416870708],[-64.25178831946033,-17.699025659374847],[-64.2517915777283,-17.699021844433325],[-64.25179476891986,-17.69901797320823],[-64.25179789206342,-17.699014046878744],[-64.25180094620728,-17.699010066640916],[-64.25180393042126,-17.699006033707136],[-64.25180684379643,-17.699001949305856],[-64.25180968544518,-17.698997814681245],[-64.251812454502,-17.6989936310928],[-64.25181515012345,-17.69898939981477],[-64.25181777148822,-17.698985122136122],[-64.25182031779799,-17.69898079935985],[-64.25182278827717,-17.698976432802738],[-64.2518251821732,-17.698972023794877],[-64.25182749875671,-17.698967573679262],[-64.25182973732227,-17.698963083811492],[-64.25183189718786,-17.698958555559187],[-64.25183397769551,-17.698953990301682],[-64.25183597821157,-17.69894938942964],[-64.2518378981267,-17.698944754344506],[-64.2518397368561,-17.69894008645816],[-64.25184149383944,-17.69893538719254],[-64.2518431685418,-17.698930657979034],[-64.25184476045285,-17.698925900258228],[-64.25184626908785,-17.698921115479386],[-64.25184769398717,-17.69891630509995],[-64.25184903471671,-17.69891147058523],[-64.25185029086819,-17.698906613407893],[-64.251851462059,-17.698901735047443],[-64.25185254793223,-17.698896836989935],[-64.25185354815713,-17.69889192072727],[-64.25185446242912,-17.698886987757078],[-64.25185529046969,-17.698882039581967],[-64.2518560320265,-17.698877077709163],[-64.25185668687374,-17.69887210365012],[-64.25185725481202,-17.698867118919992],[-64.25185773566832,-17.698862125037188],[-64.25185812929601,-17.698857123522878],[-64.25185843557529,-17.69885211590055],[-64.25185865441296,-17.698847103695602],[-64.25185878574209,-17.69884208843481],[-64.25185882952292,-17.69883707164584],[-64.25185878574209,-17.698832054856894],[-64.25185865441296,-17.698827039596097],[-64.25185843557529,-17.698822027391152],[-64.25185812929601,-17.698817019768825],[-64.25185773566832,-17.698812018254515],[-64.25185725481202,-17.69880702437171],[-64.25185668687374,-17.698802039641578],[-64.2518560320265,-17.698797065582536],[-64.25185529046969,-17.698792103709735],[-64.25185446242912,-17.698787155534625],[-64.25185354815713,-17.698782222564432],[-64.25185254793223,-17.698777306301764],[-64.251851462059,-17.69877240824426],[-64.25185029086819,-17.698767529883806],[-64.25184903471671,-17.698762672706472],[-64.25184769398717,-17.698757838191753],[-64.25184626908785,-17.698753027812312],[-64.25184476045285,-17.69874824303347],[-64.2518431685418,-17.69874348531267],[-64.25184149383944,-17.69873875609916],[-64.2518397368561,-17.698734056833544],[-64.2518378981267,-17.698729388947193],[-64.25183597821157,-17.698724753862063],[-64.25183397769551,-17.69872015299002],[-64.25183189718786,-17.698715587732515],[-64.25182973732227,-17.69871105948021],[-64.25182749875671,-17.69870656961244],[-64.2518251821732,-17.698702119496822],[-64.25182278827717,-17.698697710488965],[-64.25182031779799,-17.69869334393183],[-64.25181777148822,-17.69868902115558],[-64.25181515012345,-17.69868474347693],[-64.251812454502,-17.698680512198898],[-64.25180968544518,-17.698676328610432],[-64.25180684379643,-17.698672193985843],[-64.25180393042126,-17.698668109584563],[-64.25180094620728,-17.698664076650786],[-64.25179789206342,-17.698660096412958],[-64.25179476891986,-17.69865617008347],[-64.2517915777283,-17.698652298858377],[-64.25178831946033,-17.698648483916855],[-64.25178499510886,-17.69864472642099],[-64.25178160568629,-17.69864102751533],[-64.25177815222514,-17.698637388326638],[-64.25177463577734,-17.698633809963397],[-64.25177105741415,-17.698630293515656],[-64.2517674182254,-17.69862684005453],[-64.25176371931983,-17.69862345063196],[-64.25175996182395,-17.69862012628045],[-64.25175614688247,-17.69861686801257],[-64.25175227565735,-17.698613676820855],[-64.25174834932781,-17.698610553677398],[-64.25174436909,-17.69860749953346],[-64.25174033615613,-17.698604515319463],[-64.25173625175492,-17.69860160194436],[-64.25173211713032,-17.698598760295567],[-64.25172793354183,-17.698595991238776],[-64.25172370226389,-17.698593295617393],[-64.25171942458529,-17.69859067425253],[-64.25171510180897,-17.698588127942706],[-64.25171073525183,-17.698585657463585],[-64.251706326244,-17.69858326356763],[-64.25170187612841,-17.698580946984062],[-64.25169738626053,-17.69857870841856],[-64.25169285800823,-17.698576548552985],[-64.25168829275073,-17.698574468045287],[-64.25168369187867,-17.698572467529203],[-64.2516790567936,-17.698570547614093],[-64.25167438890728,-17.69856870888475],[-64.25166968964159,-17.69856695190131],[-64.25166496042813,-17.698565277198995],[-64.25166020270733,-17.698563685287862],[-64.25165541792853,-17.6985621766529],[-64.251650607549,-17.698560751753597],[-64.25164577303433,-17.698559411024007],[-64.25164091585705,-17.69855815487255],[-64.25163603749658,-17.698556983681804],[-64.25163113943904,-17.698555897808625],[-64.25162622317642,-17.698554897583683],[-64.25162129020617,-17.698553983311673],[-64.25161634203097,-17.69855315527115],[-64.25161138015821,-17.69855241371429],[-64.25160640609923,-17.698551758866984],[-64.25160142136909,-17.698551190928747],[-64.25159642748626,-17.698550710072496],[-64.25159142597202,-17.698550316444802],[-64.25158641834965,-17.6985500101655],[-64.25158140614471,-17.698549791327917],[-64.25157639088388,-17.698549659998683],[-64.25157137409494,-17.698549616217818]]}},{"type":"Feature","properties":{"id":"street_dimaeta_stsutodo_marketcircle","group":null,"name":"Market Circle","settlement_id":"settlement_dimaeta","country_id":"country_tsutodo","district_id":null,"status":"active","surface":"paved","access":"public","bridge":null,"tunnel":null,"oneway":null,"route_id":null,"alt_name":null,"notes":null},"geometry":{"type":"LineString","coordinates":[[-64.25488052618556,-17.69456246658728],[-64.25487693388781,-17.69456249793679],[-64.2548733426843,-17.69456259197577],[-64.25486975366901,-17.69456274867556],[-64.25486616793503,-17.694562967988436],[-64.25486258657484,-17.69456324984759],[-64.25485901067917,-17.6945635941672],[-64.25485544133733,-17.694564000842316],[-64.25485187963653,-17.694564469749128],[-64.25484832666189,-17.69456500074476],[-64.25484478349537,-17.69456559366747],[-64.25484125121646,-17.694566248336677],[-64.25483773090113,-17.69456696455293],[-64.25483422362167,-17.694567742098045],[-64.25483073044634,-17.694568580735254],[-64.25482725243937,-17.694569480209015],[-64.25482379066008,-17.69457044024539],[-64.2548203461629,-17.694571460551913],[-64.25481691999724,-17.69457254081781],[-64.2548135132066,-17.69457368071402],[-64.2548101268288,-17.694574879893295],[-64.25480676189525,-17.694576137990396],[-64.25480341943106,-17.694577454622067],[-64.25480010045436,-17.694578829387233],[-64.25479680597603,-17.69458026186715],[-64.25479353699978,-17.694581751625467],[-64.25479029452124,-17.694583298208407],[-64.25478707952809,-17.694584901144836],[-64.25478389299975,-17.69458655994651],[-64.25478073590685,-17.694588274108114],[-64.25477760921098,-17.694590043107496],[-64.25477451386458,-17.69459186640584],[-64.25477145081065,-17.694593743447737],[-64.25476842098215,-17.6945956736614],[-64.2547654253019,-17.694597656458868],[-64.25476246468247,-17.694599691236217],[-64.25475954002589,-17.69460177737356],[-64.25475665222267,-17.694603914235458],[-64.25475380215279,-17.694606101171054],[-64.25475099068416,-17.694608337514115],[-64.25474821867334,-17.694610622583482],[-64.25474548696472,-17.694612955683088],[-64.25474279639033,-17.694615336102213],[-64.25474014776982,-17.694617763115815],[-64.25473754190986,-17.694620235984555],[-64.25473497960434,-17.694622753955187],[-64.25473246163367,-17.694625316260733],[-64.25472998876492,-17.694627922120652],[-64.25472756175131,-17.694630570741225],[-64.25472518133222,-17.694633261315612],[-64.25472284823256,-17.694635993024264],[-64.25472056316327,-17.694638765035055],[-64.25471832682015,-17.69464157650364],[-64.25471613988461,-17.694644426573564],[-64.25471400302273,-17.694647314376702],[-64.25471191688533,-17.694650239033404],[-64.25470988210803,-17.694653199652773],[-64.25470789931055,-17.694656195332982],[-64.2547059690968,-17.69465922516154],[-64.25470409205492,-17.69466228821551],[-64.25470226875667,-17.69466538356185],[-64.2547004997572,-17.69466851025772],[-64.25469878559561,-17.694671667350647],[-64.25469712679396,-17.694674853879004],[-64.25469552385752,-17.694678068872093],[-64.25469397727456,-17.69468131135062],[-64.25469248751628,-17.694684580326918],[-64.25469105503636,-17.694687874805197],[-64.25468968027114,-17.694691193781924],[-64.25468836363947,-17.694694536246143],[-64.25468710554244,-17.694697901179644],[-64.25468590636315,-17.69470128755749],[-64.25468476646697,-17.694704694348125],[-64.25468368620106,-17.694708120513813],[-64.25468266589453,-17.694711565010945],[-64.2546817058582,-17.694715026790274],[-64.25468080638433,-17.694718504797272],[-64.25467996774718,-17.694721997972568],[-64.254679190202,-17.694725505252027],[-64.25467847398578,-17.694729025567398],[-64.2546778193166,-17.694732557846272],[-64.25467722639382,-17.694736101012708],[-64.25467669539826,-17.694739653987444],[-64.25467622649148,-17.694743215688195],[-64.25467581981633,-17.694746785030045],[-64.25467547549668,-17.694750360925713],[-64.25467519363755,-17.69475394228596],[-64.25467497432467,-17.694757528019878],[-64.25467481762485,-17.69476111703521],[-64.25467472358594,-17.694764708238697],[-64.25467469223643,-17.694768300536424],[-64.25467472358594,-17.694771892834165],[-64.25467481762485,-17.694775484037656],[-64.25467497432467,-17.694779073052985],[-64.25467519363755,-17.69478265878691],[-64.25467547549668,-17.69478624014715],[-64.25467581981633,-17.694789816042817],[-64.25467622649148,-17.694793385384664],[-64.25467669539826,-17.694796947085425],[-64.25467722639382,-17.69480050006016],[-64.2546778193166,-17.694804043226597],[-64.25467847398578,-17.69480757550547],[-64.254679190202,-17.694811095820832],[-64.25467996774718,-17.6948146031003],[-64.25468080638433,-17.694818096275583],[-64.2546817058582,-17.694821574282592],[-64.25468266589453,-17.694825036061914],[-64.25468368620106,-17.694828480559043],[-64.25468476646697,-17.69483190672473],[-64.25468590636315,-17.69483531351537],[-64.25468710554244,-17.694838699893218],[-64.25468836363947,-17.694842064826723],[-64.25468968027114,-17.694845407290934],[-64.25469105503636,-17.69484872626767],[-64.25469248751628,-17.69485202074594],[-64.25469397727456,-17.694855289722238],[-64.25469552385752,-17.694858532200776],[-64.25469712679396,-17.694861747193862],[-64.25469878559561,-17.694864933722215],[-64.2547004997572,-17.69486809081515],[-64.25470226875667,-17.694871217510997],[-64.25470409205492,-17.69487431285735],[-64.2547059690968,-17.69487737591132],[-64.25470789931055,-17.694880405739887],[-64.25470988210803,-17.694883401420075],[-64.25471191688533,-17.69488636203946],[-64.25471400302273,-17.694889286696167],[-64.25471613988461,-17.694892174499298],[-64.25471832682015,-17.69489502456923],[-64.25472056316327,-17.694897836037804],[-64.25472284823256,-17.6949006080486],[-64.25472518133222,-17.69490333975725],[-64.25472756175131,-17.694906030331637],[-64.25472998876492,-17.69490867895221],[-64.25473246163367,-17.694911284812136],[-64.25473497960434,-17.694913847117682],[-64.25473754190986,-17.694916365088314],[-64.25474014776982,-17.694918837957047],[-64.25474279639033,-17.69492126497065],[-64.25474548696472,-17.69492364538978],[-64.25474821867334,-17.694925978489383],[-64.25475099068416,-17.694928263558754],[-64.25475380215279,-17.694930499901815],[-64.25475665222267,-17.694932686837404],[-64.25475954002589,-17.694934823699306],[-64.25476246468247,-17.694936909836652],[-64.2547654253019,-17.694938944613995],[-64.25476842098215,-17.694940927411466],[-64.25477145081065,-17.694942857625126],[-64.25477451386458,-17.694944734667025],[-64.25477760921098,-17.69494655796537],[-64.25478073590685,-17.69494832696475],[-64.25478389299975,-17.694950041126354],[-64.25478707952809,-17.694951699928023],[-64.25479029452124,-17.69495330286446],[-64.25479353699978,-17.694954849447395],[-64.25479680597603,-17.694956339205717],[-64.25480010045436,-17.69495777168563],[-64.25480341943106,-17.694959146450792],[-64.25480676189525,-17.694960463082474],[-64.2548101268288,-17.69496172117955],[-64.2548135132066,-17.694962920358844],[-64.25481691999724,-17.69496406025506],[-64.2548203461629,-17.694965140520946],[-64.25482379066008,-17.694966160827477],[-64.25482725243937,-17.694967120863854],[-64.25483073044634,-17.694968020337605],[-64.25483422362167,-17.694968858974814],[-64.25483773090113,-17.694969636519932],[-64.25484125121646,-17.694970352736185],[-64.25484478349537,-17.6949710074054],[-64.25484832666189,-17.69497160032811],[-64.25485187963653,-17.694972131323738],[-64.25485544133733,-17.694972600230546],[-64.25485901067917,-17.694973006905666],[-64.25486258657484,-17.694973351225276],[-64.25486616793503,-17.69497363308442],[-64.25486975366901,-17.694973852397307],[-64.2548733426843,-17.694974009097095],[-64.25487693388781,-17.694974103136072],[-64.25488052618556,-17.694974134485587],[-64.25488411848329,-17.694974103136072],[-64.25488770968681,-17.694974009097095],[-64.25489129870212,-17.694973852397307],[-64.2548948844361,-17.69497363308442],[-64.25489846579627,-17.694973351225276],[-64.25490204169195,-17.694973006905666],[-64.2549056110338,-17.694972600230546],[-64.25490917273453,-17.694972131323738],[-64.25491272570923,-17.69497160032811],[-64.25491626887573,-17.6949710074054],[-64.25491980115464,-17.694970352736185],[-64.25492332146997,-17.694969636519932],[-64.25492682874945,-17.694968858974814],[-64.25493032192475,-17.694968020337605],[-64.25493379993173,-17.694967120863854],[-64.254937261711,-17.694966160827477],[-64.25494070620822,-17.694965140520946],[-64.25494413237386,-17.69496406025506],[-64.25494753916449,-17.694962920358844],[-64.25495092554233,-17.69496172117955],[-64.25495429047587,-17.694960463082474],[-64.25495763294008,-17.694959146450792],[-64.25496095191676,-17.69495777168563],[-64.25496424639503,-17.694956339205717],[-64.25496751537133,-17.694954849447395],[-64.25497075784988,-17.69495330286446],[-64.25497397284302,-17.694951699928023],[-64.25497715937135,-17.694950041126354],[-64.25498031646428,-17.69494832696475],[-64.25498344316013,-17.69494655796537],[-64.25498653850654,-17.694944734667025],[-64.25498960156048,-17.694942857625126],[-64.25499263138896,-17.694940927411466],[-64.25499562706919,-17.694938944613995],[-64.25499858768856,-17.694936909836652],[-64.25500151234523,-17.694934823699306],[-64.25500440014842,-17.694932686837404],[-64.25500725021833,-17.694930499901815],[-64.25501006168696,-17.694928263558754],[-64.25501283369779,-17.694925978489383],[-64.2550155654064,-17.69492364538978],[-64.25501825598079,-17.69492126497065],[-64.2550209046013,-17.694918837957047],[-64.25502351046126,-17.694916365088314],[-64.25502607276677,-17.694913847117682],[-64.25502859073745,-17.694911284812136],[-64.25503106360621,-17.69490867895221],[-64.25503349061981,-17.694906030331637],[-64.25503587103888,-17.69490333975725],[-64.25503820413857,-17.6949006080486],[-64.25504048920783,-17.694897836037804],[-64.25504272555096,-17.69489502456923],[-64.2550449124865,-17.694892174499298],[-64.25504704934838,-17.694889286696167],[-64.25504913548579,-17.69488636203946],[-64.25505117026309,-17.694883401420075],[-64.25505315306059,-17.694880405739887],[-64.25505508327429,-17.69487737591132],[-64.25505696031614,-17.69487431285735],[-64.25505878361444,-17.694871217510997],[-64.25506055261386,-17.69486809081515],[-64.2550622667755,-17.694864933722215],[-64.25506392557716,-17.694861747193862],[-64.25506552851361,-17.694858532200776],[-64.25506707509656,-17.694855289722238],[-64.25506856485484,-17.69485202074594],[-64.25506999733474,-17.69484872626767],[-64.2550713720999,-17.694845407290934],[-64.25507268873163,-17.694842064826723],[-64.25507394682866,-17.694838699893218],[-64.25507514600795,-17.69483531351537],[-64.25507628590412,-17.69483190672473],[-64.25507736617006,-17.694828480559043],[-64.25507838647658,-17.694825036061914],[-64.25507934651293,-17.694821574282592],[-64.2550802459867,-17.694818096275583],[-64.25508108462395,-17.6948146031003],[-64.2550818621691,-17.694811095820832],[-64.25508257838531,-17.69480757550547],[-64.25508323305453,-17.694804043226597],[-64.25508382597727,-17.69480050006016],[-64.25508435697287,-17.694796947085425],[-64.25508482587963,-17.694793385384664],[-64.25508523255478,-17.694789816042817],[-64.25508557687442,-17.69478624014715],[-64.25508585873357,-17.69478265878691],[-64.25508607804645,-17.694779073052985],[-64.25508623474629,-17.694775484037656],[-64.25508632878517,-17.694771892834165],[-64.25508636013468,-17.694768300536424],[-64.25508632878517,-17.694764708238697],[-64.25508623474629,-17.69476111703521],[-64.25508607804645,-17.694757528019878],[-64.25508585873357,-17.69475394228596],[-64.25508557687442,-17.694750360925713],[-64.25508523255478,-17.694746785030045],[-64.25508482587963,-17.694743215688195],[-64.25508435697287,-17.694739653987444],[-64.25508382597727,-17.694736101012708],[-64.25508323305453,-17.694732557846272],[-64.25508257838531,-17.694729025567398],[-64.2550818621691,-17.694725505252027],[-64.25508108462395,-17.694721997972568],[-64.2550802459867,-17.694718504797272],[-64.25507934651293,-17.694715026790274],[-64.25507838647658,-17.694711565010945],[-64.25507736617006,-17.694708120513813],[-64.25507628590412,-17.694704694348125],[-64.25507514600795,-17.69470128755749],[-64.25507394682866,-17.694697901179644],[-64.25507268873163,-17.694694536246143],[-64.2550713720999,-17.694691193781924],[-64.25506999733474,-17.694687874805197],[-64.25506856485484,-17.694684580326918],[-64.25506707509656,-17.69468131135062],[-64.25506552851361,-17.694678068872093],[-64.25506392557716,-17.694674853879004],[-64.2550622667755,-17.694671667350647],[-64.25506055261386,-17.69466851025772],[-64.25505878361444,-17.69466538356185],[-64.25505696031614,-17.69466228821551],[-64.25505508327429,-17.69465922516154],[-64.25505315306059,-17.694656195332982],[-64.25505117026309,-17.694653199652773],[-64.25504913548579,-17.694650239033404],[-64.25504704934838,-17.694647314376702],[-64.2550449124865,-17.694644426573564],[-64.25504272555096,-17.69464157650364],[-64.25504048920783,-17.694638765035055],[-64.25503820413857,-17.694635993024264],[-64.25503587103888,-17.694633261315612],[-64.25503349061981,-17.694630570741225],[-64.25503106360621,-17.694627922120652],[-64.25502859073745,-17.694625316260733],[-64.25502607276677,-17.694622753955187],[-64.25502351046126,-17.694620235984555],[-64.2550209046013,-17.694617763115815],[-64.25501825598079,-17.694615336102213],[-64.2550155654064,-17.694612955683088],[-64.25501283369779,-17.694610622583482],[-64.25501006168696,-17.694608337514115],[-64.25500725021833,-17.694606101171054],[-64.25500440014842,-17.694603914235458],[-64.25500151234523,-17.69460177737356],[-64.25499858768856,-17.694599691236217],[-64.25499562706919,-17.694597656458868],[-64.25499263138896,-17.6945956736614],[-64.25498960156048,-17.694593743447737],[-64.25498653850654,-17.69459186640584],[-64.25498344316013,-17.694590043107496],[-64.25498031646428,-17.694588274108114],[-64.25497715937135,-17.69458655994651],[-64.25497397284302,-17.694584901144836],[-64.25497075784988,-17.694583298208407],[-64.25496751537133,-17.694581751625467],[-64.25496424639503,-17.69458026186715],[-64.25496095191676,-17.694578829387233],[-64.25495763294008,-17.694577454622067],[-64.25495429047587,-17.694576137990396],[-64.25495092554233,-17.694574879893295],[-64.25494753916449,-17.69457368071402],[-64.25494413237386,-17.69457254081781],[-64.25494070620822,-17.694571460551913],[-64.254937261711,-17.69457044024539],[-64.25493379993173,-17.694569480209015],[-64.25493032192475,-17.694568580735254],[-64.25492682874945,-17.694567742098045],[-64.25492332146997,-17.69456696455293],[-64.25491980115464,-17.694566248336677],[-64.25491626887573,-17.69456559366747],[-64.25491272570923,-17.69456500074476],[-64.25490917273453,-17.694564469749128],[-64.2549056110338,-17.694564000842316],[-64.25490204169195,-17.6945635941672],[-64.25489846579627,-17.69456324984759],[-64.2548948844361,-17.694562967988436],[-64.25489129870212,-17.69456274867556],[-64.25488770968681,-17.69456259197577],[-64.25488411848329,-17.69456249793679],[-64.25488052618556,-17.69456246658728]]}},{"type":"Feature","properties":{"id":"street_dimaeta_stsutodo_marketcircle","group":null,"name":"Market Circle","settlement_id":"settlement_dimaeta","country_id":"country_tsutodo","district_id":null,"status":"active","surface":"paved","access":"public","bridge":null,"tunnel":null,"oneway":null,"route_id":null,"alt_name":null,"notes":null},"geometry":{"type":"LineString","coordinates":[[-64.24533162425104,-17.696999000093225],[-64.24532803195329,-17.696999031442736],[-64.24532444074978,-17.696999125481717],[-64.24532085173449,-17.696999282181505],[-64.24531726600051,-17.696999501494382],[-64.24531368464032,-17.696999783353537],[-64.24531010874465,-17.697000127673146],[-64.2453065394028,-17.697000534348263],[-64.24530297770201,-17.697001003255075],[-64.24529942472736,-17.697001534250706],[-64.24529588156085,-17.697002127173416],[-64.24529234928194,-17.697002781842624],[-64.24528882896661,-17.697003498058876],[-64.24528532168715,-17.69700427560399],[-64.24528182851182,-17.6970051142412],[-64.24527835050485,-17.69700601371496],[-64.24527488872556,-17.697006973751336],[-64.24527144422838,-17.69700799405786],[-64.24526801806272,-17.697009074323756],[-64.24526461127208,-17.697010214219965],[-64.24526122489428,-17.69701141339924],[-64.24525785996073,-17.697012671496342],[-64.24525451749653,-17.697013988128013],[-64.24525119851984,-17.69701536289318],[-64.2452479040415,-17.697016795373095],[-64.24524463506526,-17.697018285131414],[-64.24524139258672,-17.697019831714353],[-64.24523817759356,-17.697021434650782],[-64.24523499106523,-17.697023093452458],[-64.24523183397233,-17.69702480761406],[-64.24522870727645,-17.697026576613442],[-64.24522561193005,-17.697028399911787],[-64.24522254887613,-17.697030276953683],[-64.24521951904762,-17.697032207167346],[-64.24521652336738,-17.697034189964814],[-64.24521356274795,-17.697036224742163],[-64.24521063809136,-17.697038310879506],[-64.24520775028815,-17.697040447741404],[-64.24520490021827,-17.697042634677],[-64.24520208874964,-17.69704487102006],[-64.24519931673882,-17.69704715608943],[-64.2451965850302,-17.697049489189034],[-64.24519389445581,-17.69705186960816],[-64.2451912458353,-17.69705429662176],[-64.24518863997534,-17.6970567694905],[-64.24518607766981,-17.697059287461133],[-64.24518355969914,-17.69706184976668],[-64.2451810868304,-17.6970644556266],[-64.24517865981679,-17.69706710424717],[-64.2451762793977,-17.69706979482156],[-64.24517394629804,-17.69707252653021],[-64.24517166122875,-17.697075298541],[-64.24516942488563,-17.697078110009585],[-64.24516723795008,-17.69708096007951],[-64.2451651010882,-17.69708384788265],[-64.2451630149508,-17.69708677253935],[-64.24516098017351,-17.69708973315872],[-64.24515899737602,-17.69709272883893],[-64.24515706716228,-17.697095758667487],[-64.2451551901204,-17.697098821721458],[-64.24515336682215,-17.697101917067798],[-64.24515159782268,-17.697105043763667],[-64.24514988366109,-17.697108200856594],[-64.24514822485943,-17.69711138738495],[-64.245146621923,-17.69711460237804],[-64.24514507534003,-17.697117844856567],[-64.24514358558176,-17.697121113832864],[-64.24514215310184,-17.697124408311144],[-64.24514077833662,-17.69712772728787],[-64.24513946170495,-17.69713106975209],[-64.24513820360792,-17.69713443468559],[-64.24513700442863,-17.697137821063436],[-64.24513586453244,-17.697141227854072],[-64.24513478426654,-17.69714465401976],[-64.24513376396001,-17.69714809851689],[-64.24513280392368,-17.69715156029622],[-64.2451319044498,-17.69715503830322],[-64.24513106581266,-17.697158531478514],[-64.24513028826748,-17.697162038757973],[-64.24512957205125,-17.697165559073344],[-64.24512891738208,-17.69716909135222],[-64.2451283244593,-17.697172634518655],[-64.24512779346374,-17.69717618749339],[-64.24512732455696,-17.69717974919414],[-64.2451269178818,-17.69718331853599],[-64.24512657356216,-17.69718689443166],[-64.24512629170303,-17.697190475791906],[-64.24512607239015,-17.697194061525824],[-64.24512591569032,-17.697197650541156],[-64.24512582165141,-17.697201241744644],[-64.24512579030191,-17.69720483404237],[-64.24512582165141,-17.69720842634011],[-64.24512591569032,-17.697212017543603],[-64.24512607239015,-17.69721560655893],[-64.24512629170303,-17.697219192292856],[-64.24512657356216,-17.697222773653095],[-64.2451269178818,-17.697226349548764],[-64.24512732455696,-17.69722991889061],[-64.24512779346374,-17.697233480591372],[-64.2451283244593,-17.697237033566108],[-64.24512891738208,-17.697240576732543],[-64.24512957205125,-17.697244109011418],[-64.24513028826748,-17.697247629326778],[-64.24513106581266,-17.697251136606248],[-64.2451319044498,-17.69725462978153],[-64.24513280392368,-17.69725810778854],[-64.24513376396001,-17.69726156956786],[-64.24513478426654,-17.69726501406499],[-64.24513586453244,-17.697268440230676],[-64.24513700442863,-17.697271847021316],[-64.24513820360792,-17.697275233399164],[-64.24513946170495,-17.69727859833267],[-64.24514077833662,-17.69728194079688],[-64.24514215310184,-17.697285259773615],[-64.24514358558176,-17.697288554251887],[-64.24514507534003,-17.697291823228184],[-64.245146621923,-17.697295065706722],[-64.24514822485943,-17.69729828069981],[-64.24514988366109,-17.69730146722816],[-64.24515159782268,-17.697304624321095],[-64.24515336682215,-17.697307751016943],[-64.2451551901204,-17.697310846363298],[-64.24515706716228,-17.697313909417268],[-64.24515899737602,-17.697316939245834],[-64.24516098017351,-17.69731993492602],[-64.2451630149508,-17.697322895545405],[-64.2451651010882,-17.697325820202114],[-64.24516723795008,-17.697328708005244],[-64.24516942488563,-17.697331558075177],[-64.24517166122875,-17.69733436954375],[-64.24517394629804,-17.697337141554545],[-64.2451762793977,-17.697339873263196],[-64.24517865981679,-17.697342563837584],[-64.2451810868304,-17.697345212458156],[-64.24518355969914,-17.697347818318082],[-64.24518607766981,-17.69735038062363],[-64.24518863997534,-17.69735289859426],[-64.2451912458353,-17.697355371462994],[-64.24519389445581,-17.697357798476595],[-64.2451965850302,-17.697360178895725],[-64.24519931673882,-17.69736251199533],[-64.24520208874964,-17.6973647970647],[-64.24520490021827,-17.69736703340776],[-64.24520775028815,-17.69736922034335],[-64.24521063809136,-17.697371357205252],[-64.24521356274795,-17.6973734433426],[-64.24521652336738,-17.69737547811994],[-64.24521951904762,-17.697377460917412],[-64.24522254887613,-17.697379391131072],[-64.24522561193005,-17.697381268172972],[-64.24522870727645,-17.697383091471316],[-64.24523183397233,-17.697384860470695],[-64.24523499106523,-17.6973865746323],[-64.24523817759356,-17.69738823343397],[-64.24524139258672,-17.697389836370405],[-64.24524463506526,-17.69739138295334],[-64.2452479040415,-17.697392872711664],[-64.24525119851984,-17.697394305191576],[-64.24525451749653,-17.69739567995674],[-64.24525785996073,-17.69739699658842],[-64.24526122489428,-17.697398254685496],[-64.24526461127208,-17.69739945386479],[-64.24526801806272,-17.697400593761007],[-64.24527144422838,-17.697401674026892],[-64.24527488872556,-17.697402694333423],[-64.24527835050485,-17.6974036543698],[-64.24528182851182,-17.69740455384355],[-64.24528532168715,-17.69740539248076],[-64.24528882896661,-17.69740617002588],[-64.24529234928194,-17.69740688624213],[-64.24529588156085,-17.697407540911346],[-64.24529942472736,-17.697408133834056],[-64.24530297770201,-17.697408664829684],[-64.2453065394028,-17.697409133736492],[-64.24531010874465,-17.697409540411613],[-64.24531368464032,-17.697409884731222],[-64.24531726600051,-17.697410166590366],[-64.24532085173449,-17.697410385903254],[-64.24532444074978,-17.69741054260304],[-64.24532803195329,-17.69741063664202],[-64.24533162425104,-17.697410667991534],[-64.24533521654877,-17.69741063664202],[-64.24533880775229,-17.69741054260304],[-64.2453423967676,-17.697410385903254],[-64.24534598250158,-17.697410166590366],[-64.24534956386175,-17.697409884731222],[-64.24535313975743,-17.697409540411613],[-64.24535670909928,-17.697409133736492],[-64.2453602708,-17.697408664829684],[-64.24536382377471,-17.697408133834056],[-64.24536736694121,-17.697407540911346],[-64.24537089922012,-17.69740688624213],[-64.24537441953545,-17.69740617002588],[-64.24537792681492,-17.69740539248076],[-64.24538141999022,-17.69740455384355],[-64.24538489799721,-17.6974036543698],[-64.24538835977648,-17.697402694333423],[-64.2453918042737,-17.697401674026892],[-64.24539523043934,-17.697400593761007],[-64.24539863722997,-17.69739945386479],[-64.24540202360781,-17.697398254685496],[-64.24540538854134,-17.69739699658842],[-64.24540873100555,-17.69739567995674],[-64.24541204998224,-17.697394305191576],[-64.24541534446051,-17.697392872711664],[-64.24541861343681,-17.69739138295334],[-64.24542185591535,-17.697389836370405],[-64.2454250709085,-17.69738823343397],[-64.24542825743683,-17.6973865746323],[-64.24543141452976,-17.697384860470695],[-64.2454345412256,-17.697383091471316],[-64.24543763657202,-17.697381268172972],[-64.24544069962596,-17.697379391131072],[-64.24544372945444,-17.697377460917412],[-64.24544672513467,-17.69737547811994],[-64.24544968575404,-17.6973734433426],[-64.24545261041071,-17.697371357205252],[-64.2454554982139,-17.69736922034335],[-64.2454583482838,-17.69736703340776],[-64.24546115975244,-17.6973647970647],[-64.24546393176327,-17.69736251199533],[-64.24546666347187,-17.697360178895725],[-64.24546935404626,-17.697357798476595],[-64.24547200266677,-17.697355371462994],[-64.24547460852673,-17.69735289859426],[-64.24547717083225,-17.69735038062363],[-64.24547968880293,-17.697347818318082],[-64.24548216167169,-17.697345212458156],[-64.24548458868529,-17.697342563837584],[-64.24548696910436,-17.697339873263196],[-64.24548930220405,-17.697337141554545],[-64.2454915872733,-17.69733436954375],[-64.24549382361644,-17.697331558075177],[-64.24549601055197,-17.697328708005244],[-64.24549814741385,-17.697325820202114],[-64.24550023355127,-17.697322895545405],[-64.24550226832856,-17.69731993492602],[-64.24550425112606,-17.697316939245834],[-64.24550618133976,-17.697313909417268],[-64.24550805838162,-17.697310846363298],[-64.24550988167992,-17.697307751016943],[-64.24551165067933,-17.697304624321095],[-64.24551336484097,-17.69730146722816],[-64.24551502364264,-17.69729828069981],[-64.24551662657909,-17.697295065706722],[-64.24551817316204,-17.697291823228184],[-64.24551966292032,-17.697288554251887],[-64.24552109540022,-17.697285259773615],[-64.24552247016538,-17.69728194079688],[-64.24552378679711,-17.69727859833267],[-64.24552504489414,-17.697275233399164],[-64.24552624407343,-17.697271847021316],[-64.2455273839696,-17.697268440230676],[-64.24552846423553,-17.69726501406499],[-64.24552948454206,-17.69726156956786],[-64.2455304445784,-17.69725810778854],[-64.24553134405218,-17.69725462978153],[-64.24553218268943,-17.697251136606248],[-64.24553296023458,-17.697247629326778],[-64.24553367645079,-17.697244109011418],[-64.24553433112001,-17.697240576732543],[-64.24553492404274,-17.697237033566108],[-64.24553545503835,-17.697233480591372],[-64.24553592394511,-17.69722991889061],[-64.24553633062025,-17.697226349548764],[-64.2455366749399,-17.697222773653095],[-64.24553695679904,-17.697219192292856],[-64.24553717611192,-17.69721560655893],[-64.24553733281176,-17.697212017543603],[-64.24553742685065,-17.69720842634011],[-64.24553745820016,-17.69720483404237],[-64.24553742685065,-17.697201241744644],[-64.24553733281176,-17.697197650541156],[-64.24553717611192,-17.697194061525824],[-64.24553695679904,-17.697190475791906],[-64.2455366749399,-17.69718689443166],[-64.24553633062025,-17.69718331853599],[-64.24553592394511,-17.69717974919414],[-64.24553545503835,-17.69717618749339],[-64.24553492404274,-17.697172634518655],[-64.24553433112001,-17.69716909135222],[-64.24553367645079,-17.697165559073344],[-64.24553296023458,-17.697162038757973],[-64.24553218268943,-17.697158531478514],[-64.24553134405218,-17.69715503830322],[-64.2455304445784,-17.69715156029622],[-64.24552948454206,-17.69714809851689],[-64.24552846423553,-17.69714465401976],[-64.2455273839696,-17.697141227854072],[-64.24552624407343,-17.697137821063436],[-64.24552504489414,-17.69713443468559],[-64.24552378679711,-17.69713106975209],[-64.24552247016538,-17.69712772728787],[-64.24552109540022,-17.697124408311144],[-64.24551966292032,-17.697121113832864],[-64.24551817316204,-17.697117844856567],[-64.24551662657909,-17.69711460237804],[-64.24551502364264,-17.69711138738495],[-64.24551336484097,-17.697108200856594],[-64.24551165067933,-17.697105043763667],[-64.24550988167992,-17.697101917067798],[-64.24550805838162,-17.697098821721458],[-64.24550618133976,-17.697095758667487],[-64.24550425112606,-17.69709272883893],[-64.24550226832856,-17.69708973315872],[-64.24550023355127,-17.69708677253935],[-64.24549814741385,-17.69708384788265],[-64.24549601055197,-17.69708096007951],[-64.24549382361644,-17.697078110009585],[-64.2454915872733,-17.697075298541],[-64.24548930220405,-17.69707252653021],[-64.24548696910436,-17.69706979482156],[-64.24548458868529,-17.69706710424717],[-64.24548216167169,-17.6970644556266],[-64.24547968880293,-17.69706184976668],[-64.24547717083225,-17.697059287461133],[-64.24547460852673,-17.6970567694905],[-64.24547200266677,-17.69705429662176],[-64.24546935404626,-17.69705186960816],[-64.24546666347187,-17.697049489189034],[-64.24546393176327,-17.69704715608943],[-64.24546115975244,-17.69704487102006],[-64.2454583482838,-17.697042634677],[-64.2454554982139,-17.697040447741404],[-64.24545261041071,-17.697038310879506],[-64.24544968575404,-17.697036224742163],[-64.24544672513467,-17.697034189964814],[-64.24544372945444,-17.697032207167346],[-64.24544069962596,-17.697030276953683],[-64.24543763657202,-17.697028399911787],[-64.2454345412256,-17.697026576613442],[-64.24543141452976,-17.69702480761406],[-64.24542825743683,-17.697023093452458],[-64.2454250709085,-17.697021434650782],[-64.24542185591535,-17.697019831714353],[-64.24541861343681,-17.697018285131414],[-64.24541534446051,-17.697016795373095],[-64.24541204998224,-17.69701536289318],[-64.24540873100555,-17.697013988128013],[-64.24540538854134,-17.697012671496342],[-64.24540202360781,-17.69701141339924],[-64.24539863722997,-17.697010214219965],[-64.24539523043934,-17.697009074323756],[-64.2453918042737,-17.69700799405786],[-64.24538835977648,-17.697006973751336],[-64.24538489799721,-17.69700601371496],[-64.24538141999022,-17.6970051142412],[-64.24537792681492,-17.69700427560399],[-64.24537441953545,-17.697003498058876],[-64.24537089922012,-17.697002781842624],[-64.24536736694121,-17.697002127173416],[-64.24536382377471,-17.697001534250706],[-64.2453602708,-17.697001003255075],[-64.24535670909928,-17.697000534348263],[-64.24535313975743,-17.697000127673146],[-64.24534956386175,-17.696999783353537],[-64.24534598250158,-17.696999501494382],[-64.2453423967676,-17.696999282181505],[-64.24533880775229,-17.696999125481717],[-64.24533521654877,-17.696999031442736],[-64.24533162425104,-17.696999000093225]]}},{"type":"Feature","properties":{"id":"street_dimaeta_stsutodo_marketcircle","group":null,"name":"Market Circle","settlement_id":"settlement_dimaeta","country_id":"country_tsutodo","district_id":null,"status":"active","surface":"paved","access":"public","bridge":null,"tunnel":null,"oneway":null,"route_id":null,"alt_name":null,"notes":null},"geometry":{"type":"LineString","coordinates":[[-64.25700847828516,-17.700523310414635],[-64.25700488598741,-17.700523341764146],[-64.2570012947839,-17.700523435803127],[-64.25699770576861,-17.700523592502915],[-64.25699412003463,-17.700523811815792],[-64.25699053867444,-17.700524093674947],[-64.25698696277877,-17.700524437994556],[-64.25698339343693,-17.700524844669673],[-64.25697983173613,-17.700525313576485],[-64.25697627876148,-17.700525844572116],[-64.25697273559497,-17.700526437494826],[-64.25696920331606,-17.700527092164034],[-64.25696568300073,-17.700527808380286],[-64.25696217572127,-17.7005285859254],[-64.25695868254594,-17.70052942456261],[-64.25695520453897,-17.70053032403637],[-64.25695174275968,-17.700531284072746],[-64.2569482982625,-17.70053230437927],[-64.25694487209684,-17.700533384645166],[-64.2569414653062,-17.700534524541375],[-64.2569380789284,-17.70053572372065],[-64.25693471399485,-17.700536981817752],[-64.25693137153065,-17.700538298449423],[-64.25692805255396,-17.70053967321459],[-64.25692475807563,-17.700541105694505],[-64.25692148909938,-17.700542595452823],[-64.25691824662084,-17.700544142035763],[-64.25691503162768,-17.700545744972192],[-64.25691184509935,-17.700547403773868],[-64.25690868800645,-17.70054911793547],[-64.25690556131057,-17.700550886934852],[-64.25690246596417,-17.700552710233197],[-64.25689940291025,-17.700554587275093],[-64.25689637308174,-17.700556517488756],[-64.2568933774015,-17.700558500286224],[-64.25689041678207,-17.700560535063573],[-64.25688749212549,-17.700562621200916],[-64.25688460432227,-17.700564758062814],[-64.25688175425239,-17.70056694499841],[-64.25687894278376,-17.70056918134147],[-64.25687617077294,-17.70057146641084],[-64.25687343906432,-17.700573799510444],[-64.25687074848993,-17.70057617992957],[-64.25686809986942,-17.70057860694317],[-64.25686549400946,-17.70058107981191],[-64.25686293170394,-17.700583597782543],[-64.25686041373326,-17.70058616008809],[-64.25685794086452,-17.70058876594801],[-64.25685551385091,-17.70059141456858],[-64.25685313343182,-17.70059410514297],[-64.25685080033216,-17.70059683685162],[-64.25684851526287,-17.70059960886241],[-64.25684627891975,-17.700602420330995],[-64.2568440919842,-17.70060527040092],[-64.25684195512233,-17.70060815820406],[-64.25683986898493,-17.70061108286076],[-64.25683783420763,-17.70061404348013],[-64.25683585141014,-17.70061703916034],[-64.2568339211964,-17.700620068988897],[-64.25683204415452,-17.700623132042868],[-64.25683022085627,-17.700626227389208],[-64.2568284518568,-17.700629354085077],[-64.2568267376952,-17.700632511178004],[-64.25682507889356,-17.70063569770636],[-64.25682347595712,-17.70063891269945],[-64.25682192937415,-17.700642155177977],[-64.25682043961588,-17.700645424154274],[-64.25681900713596,-17.700648718632554],[-64.25681763237074,-17.70065203760928],[-64.25681631573907,-17.7006553800735],[-64.25681505764204,-17.700658745007],[-64.25681385846275,-17.700662131384846],[-64.25681271856656,-17.700665538175482],[-64.25681163830066,-17.70066896434117],[-64.25681061799413,-17.7006724088383],[-64.2568096579578,-17.70067587061763],[-64.25680875848393,-17.70067934862463],[-64.25680791984678,-17.700682841799924],[-64.2568071423016,-17.700686349079383],[-64.25680642608538,-17.700689869394754],[-64.2568057714162,-17.70069340167363],[-64.25680517849342,-17.700696944840065],[-64.25680464749786,-17.7007004978148],[-64.25680417859108,-17.70070405951555],[-64.25680377191593,-17.7007076288574],[-64.25680342759628,-17.70071120475307],[-64.25680314573715,-17.700714786113316],[-64.25680292642427,-17.700718371847234],[-64.25680276972444,-17.700721960862566],[-64.25680267568553,-17.700725552066054],[-64.25680264433603,-17.70072914436378],[-64.25680267568553,-17.70073273666152],[-64.25680276972444,-17.700736327865012],[-64.25680292642427,-17.70073991688034],[-64.25680314573715,-17.700743502614266],[-64.25680342759628,-17.700747083974505],[-64.25680377191593,-17.700750659870174],[-64.25680417859108,-17.70075422921202],[-64.25680464749786,-17.700757790912782],[-64.25680517849342,-17.700761343887518],[-64.2568057714162,-17.700764887053953],[-64.25680642608538,-17.700768419332828],[-64.2568071423016,-17.700771939648188],[-64.25680791984678,-17.700775446927658],[-64.25680875848393,-17.70077894010294],[-64.2568096579578,-17.70078241810995],[-64.25681061799413,-17.70078587988927],[-64.25681163830066,-17.7007893243864],[-64.25681271856656,-17.700792750552086],[-64.25681385846275,-17.700796157342726],[-64.25681505764204,-17.700799543720574],[-64.25681631573907,-17.70080290865408],[-64.25681763237074,-17.70080625111829],[-64.25681900713596,-17.700809570095025],[-64.25682043961588,-17.700812864573297],[-64.25682192937415,-17.700816133549594],[-64.25682347595712,-17.700819376028132],[-64.25682507889356,-17.70082259102122],[-64.2568267376952,-17.70082577754957],[-64.2568284518568,-17.700828934642505],[-64.25683022085627,-17.700832061338353],[-64.25683204415452,-17.700835156684708],[-64.2568339211964,-17.700838219738678],[-64.25683585141014,-17.700841249567244],[-64.25683783420763,-17.70084424524743],[-64.25683986898493,-17.700847205866815],[-64.25684195512233,-17.700850130523524],[-64.2568440919842,-17.700853018326654],[-64.25684627891975,-17.700855868396587],[-64.25684851526287,-17.70085867986516],[-64.25685080033216,-17.700861451875955],[-64.25685313343182,-17.700864183584606],[-64.25685551385091,-17.700866874158994],[-64.25685794086452,-17.700869522779566],[-64.25686041373326,-17.700872128639492],[-64.25686293170394,-17.70087469094504],[-64.25686549400946,-17.70087720891567],[-64.25686809986942,-17.700879681784404],[-64.25687074848993,-17.700882108798005],[-64.25687343906432,-17.700884489217135],[-64.25687617077294,-17.70088682231674],[-64.25687894278376,-17.70088910738611],[-64.25688175425239,-17.70089134372917],[-64.25688460432227,-17.70089353066476],[-64.25688749212549,-17.700895667526662],[-64.25689041678207,-17.70089775366401],[-64.2568933774015,-17.70089978844135],[-64.25689637308174,-17.700901771238822],[-64.25689940291025,-17.700903701452482],[-64.25690246596417,-17.700905578494382],[-64.25690556131057,-17.700907401792726],[-64.25690868800645,-17.700909170792105],[-64.25691184509935,-17.70091088495371],[-64.25691503162768,-17.70091254375538],[-64.25691824662084,-17.700914146691815],[-64.25692148909938,-17.70091569327475],[-64.25692475807563,-17.700917183033074],[-64.25692805255396,-17.700918615512986],[-64.25693137153065,-17.700919990278148],[-64.25693471399485,-17.70092130690983],[-64.2569380789284,-17.700922565006906],[-64.2569414653062,-17.7009237641862],[-64.25694487209684,-17.700924904082417],[-64.2569482982625,-17.700925984348302],[-64.25695174275968,-17.700927004654833],[-64.25695520453897,-17.70092796469121],[-64.25695868254594,-17.70092886416496],[-64.25696217572127,-17.70092970280217],[-64.25696568300073,-17.70093048034729],[-64.25696920331606,-17.70093119656354],[-64.25697273559497,-17.700931851232756],[-64.25697627876148,-17.700932444155466],[-64.25697983173613,-17.700932975151094],[-64.25698339343693,-17.700933444057902],[-64.25698696277877,-17.700933850733023],[-64.25699053867444,-17.700934195052632],[-64.25699412003463,-17.700934476911776],[-64.25699770576861,-17.700934696224664],[-64.2570012947839,-17.70093485292445],[-64.25700488598741,-17.70093494696343],[-64.25700847828516,-17.700934978312944],[-64.25701207058289,-17.70093494696343],[-64.25701566178641,-17.70093485292445],[-64.25701925080172,-17.700934696224664],[-64.2570228365357,-17.700934476911776],[-64.25702641789587,-17.700934195052632],[-64.25702999379155,-17.700933850733023],[-64.2570335631334,-17.700933444057902],[-64.25703712483413,-17.700932975151094],[-64.25704067780883,-17.700932444155466],[-64.25704422097533,-17.700931851232756],[-64.25704775325424,-17.70093119656354],[-64.25705127356957,-17.70093048034729],[-64.25705478084905,-17.70092970280217],[-64.25705827402435,-17.70092886416496],[-64.25706175203133,-17.70092796469121],[-64.2570652138106,-17.700927004654833],[-64.25706865830782,-17.700925984348302],[-64.25707208447346,-17.700924904082417],[-64.25707549126409,-17.7009237641862],[-64.25707887764193,-17.700922565006906],[-64.25708224257546,-17.70092130690983],[-64.25708558503968,-17.700919990278148],[-64.25708890401636,-17.700918615512986],[-64.25709219849463,-17.700917183033074],[-64.25709546747093,-17.70091569327475],[-64.25709870994947,-17.700914146691815],[-64.25710192494262,-17.70091254375538],[-64.25710511147095,-17.70091088495371],[-64.25710826856388,-17.700909170792105],[-64.25711139525973,-17.700907401792726],[-64.25711449060614,-17.700905578494382],[-64.25711755366008,-17.700903701452482],[-64.25712058348856,-17.700901771238822],[-64.25712357916879,-17.70089978844135],[-64.25712653978816,-17.70089775366401],[-64.25712946444483,-17.700895667526662],[-64.25713235224802,-17.70089353066476],[-64.25713520231793,-17.70089134372917],[-64.25713801378656,-17.70088910738611],[-64.25714078579739,-17.70088682231674],[-64.257143517506,-17.700884489217135],[-64.25714620808039,-17.700882108798005],[-64.2571488567009,-17.700879681784404],[-64.25715146256086,-17.70087720891567],[-64.25715402486637,-17.70087469094504],[-64.25715654283705,-17.700872128639492],[-64.25715901570581,-17.700869522779566],[-64.25716144271941,-17.700866874158994],[-64.25716382313848,-17.700864183584606],[-64.25716615623817,-17.700861451875955],[-64.25716844130743,-17.70085867986516],[-64.25717067765056,-17.700855868396587],[-64.2571728645861,-17.700853018326654],[-64.25717500144798,-17.700850130523524],[-64.25717708758539,-17.700847205866815],[-64.25717912236269,-17.70084424524743],[-64.25718110516019,-17.700841249567244],[-64.25718303537388,-17.700838219738678],[-64.25718491241574,-17.700835156684708],[-64.25718673571404,-17.700832061338353],[-64.25718850471345,-17.700828934642505],[-64.2571902188751,-17.70082577754957],[-64.25719187767676,-17.70082259102122],[-64.25719348061321,-17.700819376028132],[-64.25719502719616,-17.700816133549594],[-64.25719651695444,-17.700812864573297],[-64.25719794943434,-17.700809570095025],[-64.2571993241995,-17.70080625111829],[-64.25720064083123,-17.70080290865408],[-64.25720189892826,-17.700799543720574],[-64.25720309810755,-17.700796157342726],[-64.25720423800372,-17.700792750552086],[-64.25720531826965,-17.7007893243864],[-64.25720633857618,-17.70078587988927],[-64.25720729861253,-17.70078241810995],[-64.2572081980863,-17.70077894010294],[-64.25720903672355,-17.700775446927658],[-64.2572098142687,-17.700771939648188],[-64.25721053048491,-17.700768419332828],[-64.25721118515413,-17.700764887053953],[-64.25721177807687,-17.700761343887518],[-64.25721230907247,-17.700757790912782],[-64.25721277797923,-17.70075422921202],[-64.25721318465438,-17.700750659870174],[-64.25721352897402,-17.700747083974505],[-64.25721381083316,-17.700743502614266],[-64.25721403014605,-17.70073991688034],[-64.25721418684589,-17.700736327865012],[-64.25721428088477,-17.70073273666152],[-64.25721431223428,-17.70072914436378],[-64.25721428088477,-17.700725552066054],[-64.25721418684589,-17.700721960862566],[-64.25721403014605,-17.700718371847234],[-64.25721381083316,-17.700714786113316],[-64.25721352897402,-17.70071120475307],[-64.25721318465438,-17.7007076288574],[-64.25721277797923,-17.70070405951555],[-64.25721230907247,-17.7007004978148],[-64.25721177807687,-17.700696944840065],[-64.25721118515413,-17.70069340167363],[-64.25721053048491,-17.700689869394754],[-64.2572098142687,-17.700686349079383],[-64.25720903672355,-17.700682841799924],[-64.2572081980863,-17.70067934862463],[-64.25720729861253,-17.70067587061763],[-64.25720633857618,-17.7006724088383],[-64.25720531826965,-17.70066896434117],[-64.25720423800372,-17.700665538175482],[-64.25720309810755,-17.700662131384846],[-64.25720189892826,-17.700658745007],[-64.25720064083123,-17.7006553800735],[-64.2571993241995,-17.70065203760928],[-64.25719794943434,-17.700648718632554],[-64.25719651695444,-17.700645424154274],[-64.25719502719616,-17.700642155177977],[-64.25719348061321,-17.70063891269945],[-64.25719187767676,-17.70063569770636],[-64.2571902188751,-17.700632511178004],[-64.25718850471345,-17.700629354085077],[-64.25718673571404,-17.700626227389208],[-64.25718491241574,-17.700623132042868],[-64.25718303537388,-17.700620068988897],[-64.25718110516019,-17.70061703916034],[-64.25717912236269,-17.70061404348013],[-64.25717708758539,-17.70061108286076],[-64.25717500144798,-17.70060815820406],[-64.2571728645861,-17.70060527040092],[-64.25717067765056,-17.700602420330995],[-64.25716844130743,-17.70059960886241],[-64.25716615623817,-17.70059683685162],[-64.25716382313848,-17.70059410514297],[-64.25716144271941,-17.70059141456858],[-64.25715901570581,-17.70058876594801],[-64.25715654283705,-17.70058616008809],[-64.25715402486637,-17.700583597782543],[-64.25715146256086,-17.70058107981191],[-64.2571488567009,-17.70057860694317],[-64.25714620808039,-17.70057617992957],[-64.257143517506,-17.700573799510444],[-64.25714078579739,-17.70057146641084],[-64.25713801378656,-17.70056918134147],[-64.25713520231793,-17.70056694499841],[-64.25713235224802,-17.700564758062814],[-64.25712946444483,-17.700562621200916],[-64.25712653978816,-17.700560535063573],[-64.25712357916879,-17.700558500286224],[-64.25712058348856,-17.700556517488756],[-64.25711755366008,-17.700554587275093],[-64.25711449060614,-17.700552710233197],[-64.25711139525973,-17.700550886934852],[-64.25710826856388,-17.70054911793547],[-64.25710511147095,-17.700547403773868],[-64.25710192494262,-17.700545744972192],[-64.25709870994947,-17.700544142035763],[-64.25709546747093,-17.700542595452823],[-64.25709219849463,-17.700541105694505],[-64.25708890401636,-17.70053967321459],[-64.25708558503968,-17.700538298449423],[-64.25708224257546,-17.700536981817752],[-64.25707887764193,-17.70053572372065],[-64.25707549126409,-17.700534524541375],[-64.25707208447346,-17.700533384645166],[-64.25706865830782,-17.70053230437927],[-64.2570652138106,-17.700531284072746],[-64.25706175203133,-17.70053032403637],[-64.25705827402435,-17.70052942456261],[-64.25705478084905,-17.7005285859254],[-64.25705127356957,-17.700527808380286],[-64.25704775325424,-17.700527092164034],[-64.25704422097533,-17.700526437494826],[-64.25704067780883,-17.700525844572116],[-64.25703712483413,-17.700525313576485],[-64.2570335631334,-17.700524844669673],[-64.25702999379155,-17.700524437994556],[-64.25702641789587,-17.700524093674947],[-64.2570228365357,-17.700523811815792],[-64.25701925080172,-17.700523592502915],[-64.25701566178641,-17.700523435803127],[-64.25701207058289,-17.700523341764146],[-64.25700847828516,-17.700523310414635]]}},{"type":"Feature","properties":{"id":"street_dimaeta_stsutodo_marketcircle","group":null,"name":"Market Circle","settlement_id":"settlement_dimaeta","country_id":"country_tsutodo","district_id":null,"status":"active","surface":"paved","access":"public","bridge":null,"tunnel":null,"oneway":null,"route_id":null,"alt_name":null,"notes":null},"geometry":{"type":"LineString","coordinates":[[-64.24767638201482,-17.703425656412183],[-64.24767278971707,-17.703425687761694],[-64.24766919851356,-17.703425781800675],[-64.24766560949827,-17.703425938500462],[-64.24766202376429,-17.70342615781334],[-64.2476584424041,-17.703426439672494],[-64.24765486650843,-17.703426783992104],[-64.24765129716658,-17.70342719066722],[-64.24764773546579,-17.703427659574032],[-64.24764418249114,-17.703428190569664],[-64.24764063932463,-17.703428783492374],[-64.24763710704572,-17.70342943816158],[-64.24763358673039,-17.703430154377834],[-64.24763007945093,-17.70343093192295],[-64.2476265862756,-17.703431770560158],[-64.24762310826863,-17.70343267003392],[-64.24761964648934,-17.703433630070293],[-64.24761620199216,-17.703434650376817],[-64.2476127758265,-17.703435730642713],[-64.24760936903586,-17.703436870538923],[-64.24760598265806,-17.7034380697182],[-64.24760261772451,-17.7034393278153],[-64.24759927526031,-17.70344064444697],[-64.24759595628362,-17.703442019212137],[-64.24759266180529,-17.703443451692053],[-64.24758939282904,-17.70344494145037],[-64.2475861503505,-17.70344648803331],[-64.24758293535734,-17.70344809096974],[-64.24757974882901,-17.703449749771416],[-64.2475765917361,-17.703451463933018],[-64.24757346504023,-17.7034532329324],[-64.24757036969383,-17.703455056230744],[-64.24756730663991,-17.70345693327264],[-64.2475642768114,-17.703458863486304],[-64.24756128113115,-17.70346084628377],[-64.24755832051173,-17.70346288106112],[-64.24755539585514,-17.703464967198464],[-64.24755250805192,-17.703467104060362],[-64.24754965798205,-17.703469290995958],[-64.24754684651342,-17.70347152733902],[-64.2475440745026,-17.703473812408387],[-64.24754134279398,-17.70347614550799],[-64.24753865221959,-17.703478525927117],[-64.24753600359908,-17.70348095294072],[-64.24753339773912,-17.70348342580946],[-64.2475308354336,-17.70348594378009],[-64.24752831746292,-17.703488506085638],[-64.24752584459418,-17.703491111945556],[-64.24752341758057,-17.70349376056613],[-64.24752103716148,-17.703496451140516],[-64.24751870406182,-17.703499182849168],[-64.24751641899253,-17.70350195485996],[-64.24751418264941,-17.703504766328543],[-64.24751199571386,-17.70350761639847],[-64.24750985885198,-17.703510504201606],[-64.24750777271458,-17.703513428858308],[-64.24750573793729,-17.703516389477677],[-64.2475037551398,-17.703519385157886],[-64.24750182492606,-17.703522414986445],[-64.24749994788418,-17.703525478040415],[-64.24749812458593,-17.703528573386755],[-64.24749635558646,-17.703531700082625],[-64.24749464142486,-17.70353485717555],[-64.24749298262321,-17.703538043703908],[-64.24749137968678,-17.703541258696998],[-64.24748983310381,-17.703544501175525],[-64.24748834334554,-17.703547770151822],[-64.24748691086562,-17.7035510646301],[-64.2474855361004,-17.70355438360683],[-64.24748421946873,-17.703557726071047],[-64.2474829613717,-17.70356109100455],[-64.24748176219241,-17.703564477382393],[-64.24748062229622,-17.70356788417303],[-64.24747954203032,-17.703571310338717],[-64.24747852172379,-17.70357475483585],[-64.24747756168746,-17.703578216615178],[-64.24747666221359,-17.703581694622176],[-64.24747582357644,-17.703585187797472],[-64.24747504603125,-17.70358869507693],[-64.24747432981503,-17.7035922153923],[-64.24747367514586,-17.703595747671176],[-64.24747308222308,-17.703599290837612],[-64.24747255122752,-17.703602843812348],[-64.24747208232074,-17.7036064055131],[-64.24747167564558,-17.70360997485495],[-64.24747133132594,-17.703613550750617],[-64.24747104946681,-17.703617132110864],[-64.24747083015393,-17.70362071784478],[-64.2474706734541,-17.703624306860114],[-64.2474705794152,-17.7036278980636],[-64.24747054806569,-17.703631490361328],[-64.2474705794152,-17.70363508265907],[-64.2474706734541,-17.70363867386256],[-64.24747083015393,-17.70364226287789],[-64.24747104946681,-17.703645848611814],[-64.24747133132594,-17.703649429972053],[-64.24747167564558,-17.70365300586772],[-64.24747208232074,-17.703656575209568],[-64.24747255122752,-17.70366013691033],[-64.24747308222308,-17.703663689885065],[-64.24747367514586,-17.7036672330515],[-64.24747432981503,-17.703670765330376],[-64.24747504603125,-17.703674285645736],[-64.24747582357644,-17.703677792925205],[-64.24747666221359,-17.703681286100487],[-64.24747756168746,-17.703684764107496],[-64.24747852172379,-17.70368822588682],[-64.24747954203032,-17.703691670383947],[-64.24748062229622,-17.703695096549634],[-64.24748176219241,-17.703698503340274],[-64.2474829613717,-17.703701889718122],[-64.24748421946873,-17.703705254651627],[-64.2474855361004,-17.70370859711584],[-64.24748691086562,-17.703711916092573],[-64.24748834334554,-17.703715210570845],[-64.24748983310381,-17.703718479547142],[-64.24749137968678,-17.70372172202568],[-64.24749298262321,-17.703724937018766],[-64.24749464142486,-17.70372812354712],[-64.24749635558646,-17.703731280640053],[-64.24749812458593,-17.7037344073359],[-64.24749994788418,-17.703737502682255],[-64.24750182492606,-17.703740565736226],[-64.2475037551398,-17.70374359556479],[-64.24750573793729,-17.70374659124498],[-64.24750777271458,-17.703749551864362],[-64.24750985885198,-17.70375247652107],[-64.24751199571386,-17.703755364324202],[-64.24751418264941,-17.703758214394135],[-64.24751641899253,-17.703761025862708],[-64.24751870406182,-17.703763797873503],[-64.24752103716148,-17.703766529582154],[-64.24752341758057,-17.70376922015654],[-64.24752584459418,-17.703771868777114],[-64.24752831746292,-17.70377447463704],[-64.2475308354336,-17.703777036942586],[-64.24753339773912,-17.70377955491322],[-64.24753600359908,-17.70378202778195],[-64.24753865221959,-17.703784454795553],[-64.24754134279398,-17.703786835214682],[-64.2475440745026,-17.703789168314287],[-64.24754684651342,-17.70379145338366],[-64.24754965798205,-17.70379368972672],[-64.24755250805192,-17.70379587666231],[-64.24755539585514,-17.70379801352421],[-64.24755832051173,-17.703800099661557],[-64.24756128113115,-17.7038021344389],[-64.2475642768114,-17.70380411723637],[-64.24756730663991,-17.70380604745003],[-64.24757036969383,-17.70380792449193],[-64.24757346504023,-17.703809747790274],[-64.2475765917361,-17.703811516789653],[-64.24757974882901,-17.70381323095126],[-64.24758293535734,-17.703814889752927],[-64.2475861503505,-17.703816492689363],[-64.24758939282904,-17.7038180392723],[-64.24759266180529,-17.70381952903062],[-64.24759595628362,-17.703820961510534],[-64.24759927526031,-17.703822336275696],[-64.24760261772451,-17.703823652907378],[-64.24760598265806,-17.703824911004453],[-64.24760936903586,-17.703826110183748],[-64.2476127758265,-17.703827250079964],[-64.24761620199216,-17.70382833034585],[-64.24761964648934,-17.70382935065238],[-64.24762310826863,-17.70383031068876],[-64.2476265862756,-17.70383121016251],[-64.24763007945093,-17.70383204879972],[-64.24763358673039,-17.703832826344836],[-64.24763710704572,-17.70383354256109],[-64.24764063932463,-17.703834197230304],[-64.24764418249114,-17.703834790153014],[-64.24764773546579,-17.70383532114864],[-64.24765129716658,-17.70383579005545],[-64.24765486650843,-17.70383619673057],[-64.2476584424041,-17.70383654105018],[-64.24766202376429,-17.703836822909324],[-64.24766560949827,-17.70383704222221],[-64.24766919851356,-17.703837198922],[-64.24767278971707,-17.703837292960976],[-64.24767638201482,-17.70383732431049],[-64.24767997431255,-17.703837292960976],[-64.24768356551607,-17.703837198922],[-64.24768715453138,-17.70383704222221],[-64.24769074026536,-17.703836822909324],[-64.24769432162553,-17.70383654105018],[-64.2476978975212,-17.70383619673057],[-64.24770146686306,-17.70383579005545],[-64.24770502856379,-17.70383532114864],[-64.24770858153849,-17.703834790153014],[-64.24771212470499,-17.703834197230304],[-64.2477156569839,-17.70383354256109],[-64.24771917729923,-17.703832826344836],[-64.2477226845787,-17.70383204879972],[-64.247726177754,-17.70383121016251],[-64.24772965576099,-17.70383031068876],[-64.24773311754026,-17.70382935065238],[-64.24773656203747,-17.70382833034585],[-64.24773998820312,-17.703827250079964],[-64.24774339499375,-17.703826110183748],[-64.24774678137159,-17.703824911004453],[-64.24775014630512,-17.703823652907378],[-64.24775348876933,-17.703822336275696],[-64.24775680774601,-17.703820961510534],[-64.24776010222429,-17.70381952903062],[-64.24776337120059,-17.7038180392723],[-64.24776661367913,-17.703816492689363],[-64.24776982867228,-17.703814889752927],[-64.24777301520061,-17.70381323095126],[-64.24777617229354,-17.703811516789653],[-64.24777929898939,-17.703809747790274],[-64.2477823943358,-17.70380792449193],[-64.24778545738974,-17.70380604745003],[-64.24778848721822,-17.70380411723637],[-64.24779148289845,-17.7038021344389],[-64.24779444351782,-17.703800099661557],[-64.24779736817449,-17.70379801352421],[-64.24780025597768,-17.70379587666231],[-64.24780310604758,-17.70379368972672],[-64.24780591751622,-17.70379145338366],[-64.24780868952705,-17.703789168314287],[-64.24781142123565,-17.703786835214682],[-64.24781411181004,-17.703784454795553],[-64.24781676043055,-17.70378202778195],[-64.24781936629051,-17.70377955491322],[-64.24782192859603,-17.703777036942586],[-64.24782444656671,-17.70377447463704],[-64.24782691943547,-17.703771868777114],[-64.24782934644907,-17.70376922015654],[-64.24783172686814,-17.703766529582154],[-64.24783405996783,-17.703763797873503],[-64.24783634503709,-17.703761025862708],[-64.24783858138022,-17.703758214394135],[-64.24784076831575,-17.703755364324202],[-64.24784290517763,-17.70375247652107],[-64.24784499131505,-17.703749551864362],[-64.24784702609234,-17.70374659124498],[-64.24784900888984,-17.70374359556479],[-64.24785093910354,-17.703740565736226],[-64.2478528161454,-17.703737502682255],[-64.2478546394437,-17.7037344073359],[-64.24785640844311,-17.703731280640053],[-64.24785812260475,-17.70372812354712],[-64.24785978140642,-17.703724937018766],[-64.24786138434287,-17.70372172202568],[-64.24786293092582,-17.703718479547142],[-64.2478644206841,-17.703715210570845],[-64.247865853164,-17.703711916092573],[-64.24786722792916,-17.70370859711584],[-64.24786854456089,-17.703705254651627],[-64.24786980265792,-17.703701889718122],[-64.24787100183721,-17.703698503340274],[-64.24787214173338,-17.703695096549634],[-64.24787322199931,-17.703691670383947],[-64.24787424230584,-17.70368822588682],[-64.24787520234219,-17.703684764107496],[-64.24787610181596,-17.703681286100487],[-64.24787694045321,-17.703677792925205],[-64.24787771799836,-17.703674285645736],[-64.24787843421457,-17.703670765330376],[-64.24787908888379,-17.7036672330515],[-64.24787968180652,-17.703663689885065],[-64.24788021280213,-17.70366013691033],[-64.24788068170889,-17.703656575209568],[-64.24788108838403,-17.70365300586772],[-64.24788143270368,-17.703649429972053],[-64.24788171456282,-17.703645848611814],[-64.2478819338757,-17.70364226287789],[-64.24788209057554,-17.70363867386256],[-64.24788218461443,-17.70363508265907],[-64.24788221596394,-17.703631490361328],[-64.24788218461443,-17.7036278980636],[-64.24788209057554,-17.703624306860114],[-64.2478819338757,-17.70362071784478],[-64.24788171456282,-17.703617132110864],[-64.24788143270368,-17.703613550750617],[-64.24788108838403,-17.70360997485495],[-64.24788068170889,-17.7036064055131],[-64.24788021280213,-17.703602843812348],[-64.24787968180652,-17.703599290837612],[-64.24787908888379,-17.703595747671176],[-64.24787843421457,-17.7035922153923],[-64.24787771799836,-17.70358869507693],[-64.24787694045321,-17.703585187797472],[-64.24787610181596,-17.703581694622176],[-64.24787520234219,-17.703578216615178],[-64.24787424230584,-17.70357475483585],[-64.24787322199931,-17.703571310338717],[-64.24787214173338,-17.70356788417303],[-64.24787100183721,-17.703564477382393],[-64.24786980265792,-17.70356109100455],[-64.24786854456089,-17.703557726071047],[-64.24786722792916,-17.70355438360683],[-64.247865853164,-17.7035510646301],[-64.2478644206841,-17.703547770151822],[-64.24786293092582,-17.703544501175525],[-64.24786138434287,-17.703541258696998],[-64.24785978140642,-17.703538043703908],[-64.24785812260475,-17.70353485717555],[-64.24785640844311,-17.703531700082625],[-64.2478546394437,-17.703528573386755],[-64.2478528161454,-17.703525478040415],[-64.24785093910354,-17.703522414986445],[-64.24784900888984,-17.703519385157886],[-64.24784702609234,-17.703516389477677],[-64.24784499131505,-17.703513428858308],[-64.24784290517763,-17.703510504201606],[-64.24784076831575,-17.70350761639847],[-64.24783858138022,-17.703504766328543],[-64.24783634503709,-17.70350195485996],[-64.24783405996783,-17.703499182849168],[-64.24783172686814,-17.703496451140516],[-64.24782934644907,-17.70349376056613],[-64.24782691943547,-17.703491111945556],[-64.24782444656671,-17.703488506085638],[-64.24782192859603,-17.70348594378009],[-64.24781936629051,-17.70348342580946],[-64.24781676043055,-17.70348095294072],[-64.24781411181004,-17.703478525927117],[-64.24781142123565,-17.70347614550799],[-64.24780868952705,-17.703473812408387],[-64.24780591751622,-17.70347152733902],[-64.24780310604758,-17.703469290995958],[-64.24780025597768,-17.703467104060362],[-64.24779736817449,-17.703464967198464],[-64.24779444351782,-17.70346288106112],[-64.24779148289845,-17.70346084628377],[-64.24778848721822,-17.703458863486304],[-64.24778545738974,-17.70345693327264],[-64.2477823943358,-17.703455056230744],[-64.24777929898939,-17.7034532329324],[-64.24777617229354,-17.703451463933018],[-64.24777301520061,-17.703449749771416],[-64.24776982867228,-17.70344809096974],[-64.24776661367913,-17.70344648803331],[-64.24776337120059,-17.70344494145037],[-64.24776010222429,-17.703443451692053],[-64.24775680774601,-17.703442019212137],[-64.24775348876933,-17.70344064444697],[-64.24775014630512,-17.7034393278153],[-64.24774678137159,-17.7034380697182],[-64.24774339499375,-17.703436870538923],[-64.24773998820312,-17.703435730642713],[-64.24773656203747,-17.703434650376817],[-64.24773311754026,-17.703433630070293],[-64.24772965576099,-17.70343267003392],[-64.247726177754,-17.703431770560158],[-64.2477226845787,-17.70343093192295],[-64.24771917729923,-17.703430154377834],[-64.2477156569839,-17.70342943816158],[-64.24771212470499,-17.703428783492374],[-64.24770858153849,-17.703428190569664],[-64.24770502856379,-17.703427659574032],[-64.24770146686306,-17.70342719066722],[-64.2476978975212,-17.703426783992104],[-64.24769432162553,-17.703426439672494],[-64.24769074026536,-17.70342615781334],[-64.24768715453138,-17.703425938500462],[-64.24768356551607,-17.703425781800675],[-64.24767997431255,-17.703425687761694],[-64.24767638201482,-17.703425656412183]]}},{"type":"Feature","properties":{"id":"street_dimaeta_stsutodo_manochitrace","group":null,"name":"Manoch Trace","settlement_id":"settlement_dimaeta","country_id":"country_tsutodo","district_id":null,"status":"active","surface":"paved","access":"public","bridge":null,"tunnel":null,"oneway":null,"route_id":null,"alt_name":null,"notes":null},"geometry":{"type":"LineString","coordinates":[[-64.25473754190986,-17.694916365088314],[-64.25220012032582,-17.698112716148064],[-64.25177105741415,-17.698630293515656]]}},{"type":"Feature","properties":{"id":"street_dimatea_stsutodo_hollowtrace","group":null,"name":"Hollow Trace","settlement_id":"settlement_dimaeta","country_id":"country_tsutodo","district_id":null,"status":"active","surface":"paved","access":"public","bridge":null,"tunnel":null,"oneway":null,"route_id":null,"alt_name":null,"notes":null},"geometry":{"type":"LineString","coordinates":[[-64.24526122489428,-17.69701141339924],[-64.24376643600665,-17.69304635872078]]}},{"type":"Feature","properties":{"id":"street_dimaeta_stsutodo_tracemirelda","group":null,"name":"Trace Mirelda","settlement_id":"settlement_dimaeta","country_id":"country_tsutodo","district_id":null,"status":"active","surface":"paved","access":"public","bridge":null,"tunnel":null,"oneway":null,"route_id":null,"alt_name":null,"notes":null},"geometry":{"type":"LineString","coordinates":[[-64.24993953139344,-17.6993591985497],[-64.24654711202953,-17.700616789709]]}},{"type":"Feature","properties":{"id":"street_dimaeta_stsutodo_traceserya","group":null,"name":"Trace Serya","settlement_id":"settlement_dimaeta","country_id":"country_tsutodo","district_id":null,"status":"active","surface":"paved","access":"public","bridge":null,"tunnel":null,"oneway":null,"route_id":null,"alt_name":null,"notes":null},"geometry":{"type":"LineString","coordinates":[[-64.25581579415267,-17.697360085064734],[-64.25325598368177,-17.69828161787961]]}},{"type":"Feature","properties":{"id":"street_dimaeta_stsutodo_outeremberorbit","group":null,"name":"Outer Ember Orbit","settlement_id":"settlement_dimaeta","country_id":"country_tsutodo","district_id":null,"status":"active","surface":"paved","access":"public","bridge":null,"tunnel":null,"oneway":null,"route_id":null,"alt_name":null,"notes":null},"geometry":{"type":"LineString","coordinates":[[-64.25162681614194,-17.696167409623506],[-64.25157925928983,-17.696167824645862],[-64.25153171692399,-17.696169069586524],[-64.2514842035263,-17.69617114406627],[-64.25143673356979,-17.69617404745319],[-64.25138932151428,-17.696177778862882],[-64.25134198180194,-17.696182337158728],[-64.25129472885288,-17.696187720952224],[-64.25124757706084,-17.69619392860341],[-64.25120054078869,-17.696200958221382],[-64.25115363436414,-17.696208807664846],[-64.25110687207535,-17.69621747454279],[-64.25106026816657,-17.6962269562152],[-64.25101383683378,-17.696237249793853],[-64.2509675922204,-17.696248352143243],[-64.25092154841306,-17.696260259881477],[-64.25087571943706,-17.696272969381347],[-64.25083011925241,-17.696286476771412],[-64.25078476174937,-17.696300777937193],[-64.25073966074424,-17.696315868522415],[-64.25069482997523,-17.69633174393034],[-64.25065028309825,-17.696348399325167],[-64.25060603368269,-17.696365829633496],[-64.25056209520734,-17.69638402954589],[-64.2505184810563,-17.696402993518483],[-64.25047520451488,-17.696422715774656],[-64.25043227876552,-17.69644319030683],[-64.25038971688382,-17.696464410878253],[-64.25034753183452,-17.69648637102494],[-64.25030573646762,-17.696509064057615],[-64.25026434351439,-17.696532483063763],[-64.25022336558351,-17.696556620909725],[-64.25018281515727,-17.696581470242883],[-64.25014270458773,-17.69660702349389],[-64.25010304609295,-17.69663327287897],[-64.25006385175328,-17.696660210402307],[-64.25002513350768,-17.696687827858483],[-64.24998690315016,-17.696716116834942],[-64.24994917232601,-17.69674506871459],[-64.24991195252841,-17.69677467467841],[-64.24987525509489,-17.69680492570813],[-64.24983909120382,-17.696835812588994],[-64.2498034718711,-17.696867325912564],[-64.2497684079467,-17.69689945607957],[-64.24973391011144,-17.696932193302864],[-64.2496999888737,-17.69696552761036],[-64.2496666545662,-17.6969994488481],[-64.24963391734292,-17.697033946683362],[-64.24960178717592,-17.697069010607763],[-64.24957027385234,-17.697104629940483],[-64.24953938697146,-17.697140793831544],[-64.24950913594176,-17.69717749126507],[-64.24947952997793,-17.697214711062664],[-64.24945057809828,-17.69725244188681],[-64.24942228912184,-17.697290672244346],[-64.24939467166564,-17.697329390489926],[-64.24936773414231,-17.6973685848296],[-64.24934148475722,-17.69740824332439],[-64.24931593150623,-17.69744835389394],[-64.24929108217307,-17.697488904320174],[-64.2492669443271,-17.697529882251047],[-64.24924352532096,-17.697571275204282],[-64.24922083228827,-17.69761307057118],[-64.24919887214159,-17.69765525562047],[-64.24917765157016,-17.69769781750218],[-64.249157177038,-17.69774074325155],[-64.24913745478182,-17.697784019792973],[-64.24911849080922,-17.697827633943998],[-64.24910029089685,-17.697871572419338],[-64.24908286058852,-17.697915821834904],[-64.24906620519369,-17.69796036871189],[-64.24905032978576,-17.698005199480896],[-64.24903523920054,-17.698050300486027],[-64.24902093803476,-17.698095657989086],[-64.2490074306447,-17.698141258173735],[-64.24899472114481,-17.698187087149712],[-64.2489828134066,-17.698233130957078],[-64.2489717110572,-17.69827937557043],[-64.24896141747854,-17.69832580690322],[-64.24895193580613,-17.698372410812013],[-64.2489432689282,-17.698419173100802],[-64.24893541948472,-17.698466079525346],[-64.24892838986675,-17.698513115797496],[-64.24892218221557,-17.69856026758954],[-64.24891679842207,-17.698607520538587],[-64.24891224012623,-17.69865486025094],[-64.24890850871654,-17.69870227230645],[-64.24890560532961,-17.698749742262954],[-64.24890353084987,-17.698797255660647],[-64.24890228590921,-17.698844798026478],[-64.24890187088684,-17.69889235487859],[-64.24890228590921,-17.698939911730704],[-64.24890353084987,-17.698987454096535],[-64.24890560532961,-17.699034967494228],[-64.24890850871654,-17.699082437450734],[-64.24891224012623,-17.699129849506242],[-64.24891679842207,-17.699177189218595],[-64.24892218221557,-17.699224442167644],[-64.24892838986675,-17.699271593959686],[-64.24893541948472,-17.699318630231836],[-64.2489432689282,-17.69936553665638],[-64.24895193580613,-17.69941229894517],[-64.24896141747854,-17.699458902853962],[-64.2489717110572,-17.699505334186753],[-64.2489828134066,-17.699551578800104],[-64.24899472114481,-17.69959762260747],[-64.2490074306447,-17.699643451583448],[-64.24902093803476,-17.699689051768097],[-64.24903523920054,-17.69973440927116],[-64.24905032978576,-17.699779510276286],[-64.24906620519369,-17.699824341045293],[-64.24908286058852,-17.69986888792228],[-64.24910029089685,-17.699913137337845],[-64.24911849080922,-17.699957075813185],[-64.24913745478182,-17.700000689964213],[-64.249157177038,-17.700043966505632],[-64.24917765157016,-17.700086892255],[-64.24919887214159,-17.70012945413671],[-64.24922083228827,-17.700171639186003],[-64.24924352532096,-17.7002134345529],[-64.2492669443271,-17.700254827506136],[-64.24929108217307,-17.70029580543701],[-64.24931593150623,-17.700336355863243],[-64.24934148475722,-17.700376466432793],[-64.24936773414231,-17.70041612492758],[-64.24939467166564,-17.700455319267256],[-64.24942228912184,-17.700494037512836],[-64.24945057809828,-17.700532267870372],[-64.24947952997793,-17.70056999869452],[-64.24950913594176,-17.700607218492113],[-64.24953938697146,-17.70064391592564],[-64.24957027385234,-17.7006800798167],[-64.24960178717592,-17.70071569914942],[-64.24963391734292,-17.70075076307382],[-64.2496666545662,-17.700785260909083],[-64.2496999888737,-17.700819182146827],[-64.24973391011144,-17.70085251645432],[-64.2497684079467,-17.700885253677612],[-64.2498034718711,-17.70091738384462],[-64.24983909120382,-17.70094889716819],[-64.24987525509489,-17.700979784049053],[-64.24991195252841,-17.701010035078774],[-64.24994917232601,-17.70103964104259],[-64.24998690315016,-17.70106859292224],[-64.25002513350768,-17.7010968818987],[-64.25006385175328,-17.701124499354876],[-64.25010304609295,-17.701151436878217],[-64.25014270458773,-17.701177686263293],[-64.25018281515727,-17.7012032395143],[-64.25022336558351,-17.701228088847458],[-64.25026434351439,-17.70125222669342],[-64.25030573646762,-17.701275645699567],[-64.25034753183452,-17.701298338732244],[-64.25038971688382,-17.70132029887893],[-64.25043227876552,-17.701341519450352],[-64.25047520451488,-17.701361993982527],[-64.2505184810563,-17.701381716238703],[-64.25056209520734,-17.701400680211293],[-64.25060603368269,-17.701418880123686],[-64.25065028309825,-17.701436310432015],[-64.25069482997523,-17.701452965826846],[-64.25073966074424,-17.701468841234767],[-64.25078476174937,-17.70148393181999],[-64.25083011925241,-17.70149823298577],[-64.25087571943706,-17.701511740375835],[-64.25092154841306,-17.701524449875706],[-64.2509675922204,-17.70153635761394],[-64.25101383683378,-17.70154745996333],[-64.25106026816657,-17.701557753541987],[-64.25110687207535,-17.70156723521439],[-64.25115363436414,-17.701575902092337],[-64.25120054078869,-17.7015837515358],[-64.25124757706084,-17.701590781153772],[-64.25129472885288,-17.70159698880496],[-64.25134198180194,-17.701602372598455],[-64.25138932151428,-17.7016069308943],[-64.25143673356979,-17.70161066230399],[-64.2514842035263,-17.701613565690913],[-64.25153171692399,-17.701615640170658],[-64.25157925928983,-17.70161688511132],[-64.25162681614194,-17.70161730013368],[-64.25167437299405,-17.70161688511132],[-64.25172191535988,-17.701615640170658],[-64.25176942875757,-17.701613565690913],[-64.25181689871408,-17.70161066230399],[-64.25186431076958,-17.7016069308943],[-64.25191165048193,-17.701602372598455],[-64.25195890343099,-17.70159698880496],[-64.25200605522303,-17.701590781153772],[-64.25205309149518,-17.7015837515358],[-64.25209999791971,-17.701575902092337],[-64.25214676020852,-17.70156723521439],[-64.2521933641173,-17.701557753541987],[-64.2522397954501,-17.70154745996333],[-64.25228604006345,-17.70153635761394],[-64.25233208387081,-17.701524449875706],[-64.2523779128468,-17.701511740375835],[-64.25242351303145,-17.70149823298577],[-64.2524688705345,-17.70148393181999],[-64.25251397153963,-17.701468841234767],[-64.25255880230864,-17.701452965826846],[-64.25260334918562,-17.701436310432015],[-64.25264759860119,-17.701418880123686],[-64.25269153707652,-17.701400680211293],[-64.25273515122757,-17.701381716238703],[-64.25277842776899,-17.701361993982527],[-64.25282135351836,-17.701341519450352],[-64.25286391540006,-17.70132029887893],[-64.25290610044935,-17.701298338732244],[-64.25294789581625,-17.701275645699567],[-64.25298928876948,-17.70125222669342],[-64.25303026670035,-17.701228088847458],[-64.2530708171266,-17.7012032395143],[-64.25311092769613,-17.701177686263293],[-64.25315058619093,-17.701151436878217],[-64.25318978053059,-17.701124499354876],[-64.25322849877618,-17.7010968818987],[-64.25326672913371,-17.70106859292224],[-64.25330445995786,-17.70103964104259],[-64.25334167975547,-17.701010035078774],[-64.25337837718898,-17.700979784049053],[-64.25341454108003,-17.70094889716819],[-64.25345016041277,-17.70091738384462],[-64.25348522433717,-17.700885253677612],[-64.25351972217243,-17.70085251645432],[-64.25355364341017,-17.700819182146827],[-64.25358697771767,-17.700785260909083],[-64.25361971494095,-17.70075076307382],[-64.25365184510795,-17.70071569914942],[-64.25368335843153,-17.7006800798167],[-64.2537142453124,-17.70064391592564],[-64.25374449634211,-17.700607218492113],[-64.25377410230594,-17.70056999869452],[-64.25380305418558,-17.700532267870372],[-64.25383134316203,-17.700494037512836],[-64.25385896061822,-17.700455319267256],[-64.25388589814156,-17.70041612492758],[-64.25391214752665,-17.700376466432793],[-64.25393770077764,-17.700336355863243],[-64.2539625501108,-17.70029580543701],[-64.25398668795677,-17.700254827506136],[-64.25401010696291,-17.7002134345529],[-64.2540327999956,-17.700171639186003],[-64.25405476014228,-17.70012945413671],[-64.25407598071371,-17.700086892255],[-64.25409645524587,-17.700043966505632],[-64.25411617750206,-17.700000689964213],[-64.25413514147465,-17.699957075813185],[-64.25415334138702,-17.699913137337845],[-64.25417077169536,-17.69986888792228],[-64.25418742709019,-17.699824341045293],[-64.25420330249811,-17.699779510276286],[-64.25421839308333,-17.69973440927116],[-64.25423269424911,-17.699689051768097],[-64.25424620163918,-17.699643451583448],[-64.25425891113906,-17.69959762260747],[-64.25427081887727,-17.699551578800104],[-64.25428192122666,-17.699505334186753],[-64.25429221480533,-17.699458902853962],[-64.25430169647774,-17.69941229894517],[-64.25431036335567,-17.69936553665638],[-64.25431821279915,-17.699318630231836],[-64.25432524241711,-17.699271593959686],[-64.2543314500683,-17.699224442167644],[-64.2543368338618,-17.699177189218595],[-64.25434139215764,-17.699129849506242],[-64.25434512356733,-17.699082437450734],[-64.25434802695426,-17.699034967494228],[-64.254350101434,-17.698987454096535],[-64.25435134637466,-17.698939911730704],[-64.25435176139703,-17.69889235487859],[-64.25435134637466,-17.698844798026478],[-64.254350101434,-17.698797255660647],[-64.25434802695426,-17.698749742262954],[-64.25434512356733,-17.69870227230645],[-64.25434139215764,-17.69865486025094],[-64.2543368338618,-17.698607520538587],[-64.2543314500683,-17.69856026758954],[-64.25432524241711,-17.698513115797496],[-64.25431821279915,-17.698466079525346],[-64.25431036335567,-17.698419173100802],[-64.25430169647774,-17.698372410812013],[-64.25429221480533,-17.69832580690322],[-64.25428192122666,-17.69827937557043],[-64.25427081887727,-17.698233130957078],[-64.25425891113906,-17.698187087149712],[-64.25424620163918,-17.698141258173735],[-64.25423269424911,-17.698095657989086],[-64.25421839308333,-17.698050300486027],[-64.25420330249811,-17.698005199480896],[-64.25418742709019,-17.69796036871189],[-64.25417077169536,-17.697915821834904],[-64.25415334138702,-17.697871572419338],[-64.25413514147465,-17.697827633943998],[-64.25411617750206,-17.697784019792973],[-64.25409645524587,-17.69774074325155],[-64.25407598071371,-17.69769781750218],[-64.25405476014228,-17.69765525562047],[-64.2540327999956,-17.69761307057118],[-64.25401010696291,-17.697571275204282],[-64.25398668795677,-17.697529882251047],[-64.2539625501108,-17.697488904320174],[-64.25393770077764,-17.69744835389394],[-64.25391214752665,-17.69740824332439],[-64.25388589814156,-17.6973685848296],[-64.25385896061822,-17.697329390489926],[-64.25383134316203,-17.697290672244346],[-64.25380305418558,-17.69725244188681],[-64.25377410230594,-17.697214711062664],[-64.25374449634211,-17.69717749126507],[-64.2537142453124,-17.697140793831544],[-64.25368335843153,-17.697104629940483],[-64.25365184510795,-17.697069010607763],[-64.25361971494095,-17.697033946683362],[-64.25358697771767,-17.6969994488481],[-64.25355364341017,-17.69696552761036],[-64.25351972217243,-17.696932193302864],[-64.25348522433717,-17.69689945607957],[-64.25345016041277,-17.696867325912564],[-64.25341454108003,-17.696835812588994],[-64.25337837718898,-17.69680492570813],[-64.25334167975547,-17.69677467467841],[-64.25330445995786,-17.69674506871459],[-64.25326672913371,-17.696716116834942],[-64.25322849877618,-17.696687827858483],[-64.25318978053059,-17.696660210402307],[-64.25315058619093,-17.69663327287897],[-64.25311092769613,-17.69660702349389],[-64.2530708171266,-17.696581470242883],[-64.25303026670035,-17.696556620909725],[-64.25298928876948,-17.696532483063763],[-64.25294789581625,-17.696509064057615],[-64.25290610044935,-17.69648637102494],[-64.25286391540006,-17.696464410878253],[-64.25282135351836,-17.69644319030683],[-64.25277842776899,-17.696422715774656],[-64.25273515122757,-17.696402993518483],[-64.25269153707652,-17.69638402954589],[-64.25264759860119,-17.696365829633496],[-64.25260334918562,-17.696348399325167],[-64.25255880230864,-17.69633174393034],[-64.25251397153963,-17.696315868522415],[-64.2524688705345,-17.696300777937193],[-64.25242351303145,-17.696286476771412],[-64.2523779128468,-17.696272969381347],[-64.25233208387081,-17.696260259881477],[-64.25228604006345,-17.696248352143243],[-64.2522397954501,-17.696237249793853],[-64.2521933641173,-17.6962269562152],[-64.25214676020852,-17.69621747454279],[-64.25209999791971,-17.696208807664846],[-64.25205309149518,-17.696200958221382],[-64.25200605522303,-17.69619392860341],[-64.25195890343099,-17.696187720952224],[-64.25191165048193,-17.696182337158728],[-64.25186431076958,-17.696177778862882],[-64.25181689871408,-17.69617404745319],[-64.25176942875757,-17.69617114406627],[-64.25172191535988,-17.696169069586524],[-64.25167437299405,-17.696167824645862],[-64.25162681614194,-17.696167409623506]]}},{"type":"Feature","properties":{"id":"street_dimaeta_stsutodo_osentrace","group":null,"name":"Osen Trace","settlement_id":"settlement_dimaeta","country_id":"country_tsutodo","district_id":null,"status":"active","surface":"paved","access":"public","bridge":null,"tunnel":null,"oneway":null,"route_id":null,"alt_name":null,"notes":null},"geometry":{"type":"LineString","coordinates":[[-64.25591263165886,-17.70037577899184],[-64.25415098421773,-17.695655242818624]]}},{"type":"Feature","properties":{"id":"street_dimaeta_stsutodo_meronatrace","group":null,"name":"Merona Trace","settlement_id":"settlement_dimaeta","country_id":"country_tsutodo","district_id":null,"status":"active","surface":"paved","access":"public","bridge":null,"tunnel":null,"oneway":null,"route_id":null,"alt_name":null,"notes":null},"geometry":{"type":"LineString","coordinates":[[-64.24863913961426,-17.702507219847632],[-64.24687466029243,-17.697584011088537]]}},{"type":"Feature","properties":{"id":null,"group":null,"name":null,"settlement_id":null,"country_id":null,"district_id":null,"status":null,"surface":null,"access":null,"bridge":null,"tunnel":null,"oneway":null,"route_id":null,"alt_name":null,"notes":null},"geometry":{"type":"LineString","coordinates":[[-64.24939467166564,-17.697329390489926],[-64.24768810618487,-17.6962671603219],[-64.24634459004966,-17.693210485725395],[-64.24588763375762,-17.69217085050777]]}},{"type":"Feature","properties":{"id":null,"group":null,"name":null,"settlement_id":null,"country_id":null,"district_id":null,"status":null,"surface":null,"access":null,"bridge":null,"tunnel":null,"oneway":null,"route_id":null,"alt_name":null,"notes":null},"geometry":{"type":"LineString","coordinates":[[-64.25255880230864,-17.69633174393034],[-64.25302668362075,-17.69546746809621],[-64.25251405294988,-17.694485172787765],[-64.25248050960225,-17.69442089752124],[-64.25090336491195,-17.691398796195536],[-64.25031698624122,-17.69027518606066]]}},{"type":"Feature","properties":{"id":null,"group":null,"name":null,"settlement_id":null,"country_id":null,"district_id":null,"status":null,"surface":null,"access":null,"bridge":null,"tunnel":null,"oneway":null,"route_id":null,"alt_name":null,"notes":null},"geometry":{"type":"LineString","coordinates":[[-64.25355364341017,-17.700819182146827],[-64.25495678812855,-17.701390886512144]]}},{"type":"Feature","properties":{"id":null,"group":null,"name":null,"settlement_id":null,"country_id":null,"district_id":null,"status":null,"surface":null,"access":null,"bridge":null,"tunnel":null,"oneway":null,"route_id":null,"alt_name":null,"notes":null},"geometry":{"type":"LineString","coordinates":[[-64.25087571943706,-17.701511740375835],[-64.2495744694943,-17.70310366030691]]}},{"type":"Feature","properties":{"id":null,"group":null,"name":null,"settlement_id":null,"country_id":null,"district_id":null,"status":null,"surface":null,"access":null,"bridge":null,"tunnel":null,"oneway":null,"route_id":null,"alt_name":null,"notes":null},"geometry":{"type":"LineString","coordinates":[[-64.24863913961426,-17.702507219847632],[-64.25015483463287,-17.702393654641575]]}},{"type":"Feature","properties":{"id":null,"group":null,"name":null,"settlement_id":null,"country_id":null,"district_id":null,"status":null,"surface":null,"access":null,"bridge":null,"tunnel":null,"oneway":null,"route_id":null,"alt_name":null,"notes":null},"geometry":{"type":"LineString","coordinates":[[-64.25591263165886,-17.70037577899184],[-64.25438487691379,-17.70115786412053]]}},{"type":"Feature","properties":{"id":null,"group":null,"name":null,"settlement_id":null,"country_id":null,"district_id":null,"status":null,"surface":null,"access":null,"bridge":null,"tunnel":null,"oneway":null,"route_id":null,"alt_name":null,"notes":null},"geometry":{"type":"LineString","coordinates":[[-64.24853795365608,-17.702224893163844],[-64.24156940968169,-17.70468239212774]]}},{"type":"Feature","properties":{"id":null,"group":null,"name":null,"settlement_id":null,"country_id":null,"district_id":null,"status":null,"surface":null,"access":null,"bridge":null,"tunnel":null,"oneway":null,"route_id":null,"alt_name":null,"notes":null},"geometry":{"type":"LineString","coordinates":[[-64.24654711202953,-17.700616789709],[-64.24080194630267,-17.70263843252484]]}},{"type":"Feature","properties":{"id":null,"group":null,"name":null,"settlement_id":null,"country_id":null,"district_id":null,"status":null,"surface":null,"access":null,"bridge":null,"tunnel":null,"oneway":null,"route_id":null,"alt_name":null,"notes":null},"geometry":{"type":"LineString","coordinates":[[-64.24737921081476,-17.698991796104874],[-64.24036951689537,-17.701531249119476]]}},{"type":"Feature","properties":{"id":null,"group":null,"name":null,"settlement_id":null,"country_id":null,"district_id":null,"status":null,"surface":null,"access":null,"bridge":null,"tunnel":null,"oneway":null,"route_id":null,"alt_name":null,"notes":null},"geometry":{"type":"LineString","coordinates":[[-64.24816161181789,-17.701174833006547],[-64.24120641113696,-17.70367401600974]]}},{"type":"Feature","properties":{"id":null,"group":null,"name":null,"settlement_id":null,"country_id":null,"district_id":null,"status":null,"surface":null,"access":null,"bridge":null,"tunnel":null,"oneway":null,"route_id":null,"alt_name":null,"notes":null},"geometry":{"type":"LineString","coordinates":[[-64.24700165458165,-17.69793834757144],[-64.23993053812697,-17.70040729686394]]}},{"type":"Feature","properties":{"id":"street_dimaeta_stsutodo_bakerstrace","group":null,"name":"Bakers Trace","settlement_id":"settlement_dimaeta","country_id":"country_tsutodo","district_id":null,"status":"active","surface":"paved","access":"public","bridge":null,"tunnel":null,"oneway":null,"route_id":null,"alt_name":null,"notes":null},"geometry":{"type":"LineString","coordinates":[[-64.24217173182613,-17.693704560723265],[-64.24330527151585,-17.696744819951945],[-64.24608417583768,-17.70419810066781]]}},{"type":"Feature","properties":{"id":"street_dimaeta_stsutodo_bakerstrace","group":null,"name":"Bakers Trace","settlement_id":"settlement_dimaeta","country_id":"country_tsutodo","district_id":null,"status":"active","surface":"paved","access":"public","bridge":null,"tunnel":null,"oneway":null,"route_id":null,"alt_name":null,"notes":null},"geometry":{"type":"LineString","coordinates":[[-64.24152335114688,-17.696466208290232],[-64.24182483093284,-17.69728031288394],[-64.24456528232274,-17.704680524006523]]}},{"type":"Feature","properties":{"id":"street_dimaeta_stsutodo_bakerstrace","group":null,"name":"Bakers Trace","settlement_id":"settlement_dimaeta","country_id":"country_tsutodo","district_id":null,"status":"active","surface":"paved","access":"public","bridge":null,"tunnel":null,"oneway":null,"route_id":null,"alt_name":null,"notes":null},"geometry":{"type":"LineString","coordinates":[[-64.2392245208298,-17.69492099961095],[-64.24310413940327,-17.7051446048908]]}},{"type":"Feature","properties":{"id":null,"group":null,"name":null,"settlement_id":null,"country_id":null,"district_id":null,"status":null,"surface":null,"access":null,"bridge":null,"tunnel":null,"oneway":null,"route_id":null,"alt_name":null,"notes":null},"geometry":{"type":"LineString","coordinates":[[-64.24148922797957,-17.696076178702647],[-64.24217173182613,-17.693704560723265]]}},{"type":"Feature","properties":{"id":null,"group":null,"name":null,"settlement_id":null,"country_id":null,"district_id":null,"status":null,"surface":null,"access":null,"bridge":null,"tunnel":null,"oneway":null,"route_id":null,"alt_name":null,"notes":null},"geometry":{"type":"LineString","coordinates":[[-64.24128072605028,-17.69615001310824],[-64.2392245208298,-17.69492099961095]]}},{"type":"Feature","properties":{"id":null,"group":null,"name":null,"settlement_id":null,"country_id":null,"district_id":null,"status":null,"surface":null,"access":null,"bridge":null,"tunnel":null,"oneway":null,"route_id":null,"alt_name":null,"notes":null},"geometry":{"type":"LineString","coordinates":[[-64.24163634605878,-17.696206337784247],[-64.25018764373398,-17.692976142804707],[-64.25350774039129,-17.691721998701514]]}},{"type":"Feature","properties":{"id":"street_dimaeta_stsutodo_bakerstrace","group":null,"name":"Bakers Trace","settlement_id":"settlement_dimaeta","country_id":"country_tsutodo","district_id":null,"status":"active","surface":"paved","access":"public","bridge":null,"tunnel":null,"oneway":null,"route_id":null,"alt_name":null,"notes":null},"geometry":{"type":"LineString","coordinates":[[-64.2392245208298,-17.69492099961095],[-64.24310413940327,-17.7051446048908]]}},{"type":"Feature","properties":{"id":"street_dimaeta_stsutodo_marketcircle","group":null,"name":"Market Circle","settlement_id":"settlement_dimaeta","country_id":"country_tsutodo","district_id":null,"status":"active","surface":"paved","access":"public","bridge":null,"tunnel":null,"oneway":null,"route_id":null,"alt_name":null,"notes":null},"geometry":{"type":"LineString","coordinates":[[-64.24144292541568,-17.69607090319188],[-64.24143933311794,-17.696070934541392],[-64.24143574191443,-17.696071028580374],[-64.24143215289914,-17.69607118528016],[-64.24142856716516,-17.696071404593038],[-64.24142498580497,-17.696071686452193],[-64.2414214099093,-17.696072030771802],[-64.24141784056745,-17.69607243744692],[-64.24141427886666,-17.69607290635373],[-64.24141072589201,-17.696073437349362],[-64.2414071827255,-17.696074030272072],[-64.24140365044659,-17.69607468494128],[-64.24140013013125,-17.696075401157533],[-64.2413966228518,-17.696076178702647],[-64.24139312967647,-17.696077017339856],[-64.2413896516695,-17.696077916813618],[-64.2413861898902,-17.69607887684999],[-64.24138274539303,-17.696079897156515],[-64.24137931922736,-17.69608097742241],[-64.24137591243672,-17.69608211731862],[-64.24137252605892,-17.696083316497898],[-64.24136916112538,-17.696084574594998],[-64.24136581866118,-17.69608589122667],[-64.24136249968448,-17.696087265991835],[-64.24135920520615,-17.69608869847175],[-64.24135593622991,-17.69609018823007],[-64.24135269375137,-17.69609173481301],[-64.24134947875821,-17.69609333774944],[-64.24134629222988,-17.696094996551114],[-64.24134313513697,-17.696096710712716],[-64.2413400084411,-17.6960984797121],[-64.2413369130947,-17.696100303010443],[-64.24133385004077,-17.69610218005234],[-64.24133082021227,-17.696104110266003],[-64.24132782453202,-17.69610609306347],[-64.2413248639126,-17.69610812784082],[-64.24132193925601,-17.696110213978162],[-64.24131905145279,-17.69611235084006],[-64.24131620138292,-17.696114537775657],[-64.24131338991428,-17.696116774118718],[-64.24131061790347,-17.696119059188085],[-64.24130788619485,-17.69612139228769],[-64.24130519562046,-17.696123772706816],[-64.24130254699995,-17.696126199720418],[-64.24129994113999,-17.696128672589158],[-64.24129737883446,-17.69613119055979],[-64.24129486086379,-17.696133752865336],[-64.24129238799505,-17.696136358725255],[-64.24128996098143,-17.696139007345828],[-64.24128758056234,-17.696141697920215],[-64.24128524746268,-17.696144429628866],[-64.2412829623934,-17.696147201639658],[-64.24128072605028,-17.69615001310824],[-64.24127853911473,-17.696152863178167],[-64.24127640225285,-17.696155750981305],[-64.24127431611545,-17.696158675638006],[-64.24127228133815,-17.696161636257376],[-64.24127029854067,-17.696164631937584],[-64.24126836832693,-17.696167661766143],[-64.24126649128505,-17.696170724820114],[-64.2412646679868,-17.696173820166454],[-64.24126289898733,-17.696176946862323],[-64.24126118482573,-17.69618010395525],[-64.24125952602408,-17.696183290483606],[-64.24125792308764,-17.696186505476696],[-64.24125637650468,-17.696189747955223],[-64.2412548867464,-17.69619301693152],[-64.24125345426648,-17.6961963114098],[-64.24125207950127,-17.696199630386527],[-64.2412507628696,-17.696202972850745],[-64.24124950477257,-17.696206337784247],[-64.24124830559327,-17.69620972416209],[-64.24124716569709,-17.696213130952728],[-64.24124608543119,-17.696216557118415],[-64.24124506512466,-17.696220001615547],[-64.24124410508833,-17.696223463394876],[-64.24124320561445,-17.696226941401875],[-64.2412423669773,-17.69623043457717],[-64.24124158943212,-17.69623394185663],[-64.2412408732159,-17.696237462172],[-64.24124021854672,-17.696240994450875],[-64.24123962562395,-17.69624453761731],[-64.24123909462838,-17.696248090592047],[-64.2412386257216,-17.696251652292798],[-64.24123821904645,-17.696255221634647],[-64.2412378747268,-17.696258797530316],[-64.24123759286768,-17.696262378890562],[-64.2412373735548,-17.69626596462448],[-64.24123721685497,-17.696269553639812],[-64.24123712281606,-17.6962731448433],[-64.24123709146656,-17.696276737141027],[-64.24123712281606,-17.696280329438768],[-64.24123721685497,-17.69628392064226],[-64.2412373735548,-17.696287509657587],[-64.24123759286768,-17.696291095391512],[-64.2412378747268,-17.69629467675175],[-64.24123821904645,-17.69629825264742],[-64.2412386257216,-17.696301821989266],[-64.24123909462838,-17.696305383690028],[-64.24123962562395,-17.696308936664764],[-64.24124021854672,-17.6963124798312],[-64.2412408732159,-17.696316012110074],[-64.24124158943212,-17.696319532425434],[-64.2412423669773,-17.696323039704904],[-64.24124320561445,-17.696326532880185],[-64.24124410508833,-17.696330010887195],[-64.24124506512466,-17.696333472666517],[-64.24124608543119,-17.696336917163645],[-64.24124716569709,-17.696340343329332],[-64.24124830559327,-17.696343750119972],[-64.24124950477257,-17.69634713649782],[-64.2412507628696,-17.696350501431326],[-64.24125207950127,-17.696353843895537],[-64.24125345426648,-17.69635716287227],[-64.2412548867464,-17.696360457350544],[-64.24125637650468,-17.69636372632684],[-64.24125792308764,-17.69636696880538],[-64.24125952602408,-17.696370183798464],[-64.24126118482573,-17.696373370326818],[-64.24126289898733,-17.69637652741975],[-64.2412646679868,-17.6963796541156],[-64.24126649128505,-17.696382749461954],[-64.24126836832693,-17.696385812515924],[-64.24127029854067,-17.69638884234449],[-64.24127228133815,-17.696391838024677],[-64.24127431611545,-17.69639479864406],[-64.24127640225285,-17.69639772330077],[-64.24127853911473,-17.6964006111039],[-64.24128072605028,-17.696403461173833],[-64.2412829623934,-17.696406272642406],[-64.24128524746268,-17.6964090446532],[-64.24128758056234,-17.696411776361852],[-64.24128996098143,-17.69641446693624],[-64.24129238799505,-17.696417115556812],[-64.24129486086379,-17.69641972141674],[-64.24129737883446,-17.696422283722285],[-64.24129994113999,-17.696424801692917],[-64.24130254699995,-17.69642727456165],[-64.24130519562046,-17.69642970157525],[-64.24130788619485,-17.69643208199438],[-64.24131061790347,-17.696434415093986],[-64.24131338991428,-17.696436700163357],[-64.24131620138292,-17.696438936506418],[-64.24131905145279,-17.696441123442007],[-64.24132193925601,-17.69644326030391],[-64.2413248639126,-17.696445346441255],[-64.24132782453202,-17.696447381218597],[-64.24133082021227,-17.69644936401607],[-64.24133385004077,-17.69645129422973],[-64.2413369130947,-17.696453171271628],[-64.2413400084411,-17.696454994569972],[-64.24134313513697,-17.69645676356935],[-64.24134629222988,-17.696458477730957],[-64.24134947875821,-17.696460136532625],[-64.24135269375137,-17.69646173946906],[-64.24135593622991,-17.696463286051998],[-64.24135920520615,-17.69646477581032],[-64.24136249968448,-17.696466208290232],[-64.24136581866118,-17.696467583055394],[-64.24136916112538,-17.696468899687076],[-64.24137252605892,-17.69647015778415],[-64.24137591243672,-17.696471356963446],[-64.24137931922736,-17.696472496859663],[-64.24138274539303,-17.69647357712555],[-64.2413861898902,-17.69647459743208],[-64.2413896516695,-17.696475557468457],[-64.24139312967647,-17.696476456942207],[-64.2413966228518,-17.696477295579417],[-64.24140013013125,-17.696478073124535],[-64.24140365044659,-17.696478789340787],[-64.2414071827255,-17.696479444010002],[-64.24141072589201,-17.696480036932712],[-64.24141427886666,-17.69648056792834],[-64.24141784056745,-17.69648103683515],[-64.2414214099093,-17.69648144351027],[-64.24142498580497,-17.696481787829878],[-64.24142856716516,-17.696482069689022],[-64.24143215289914,-17.69648228900191],[-64.24143574191443,-17.696482445701697],[-64.24143933311794,-17.696482539740675],[-64.24144292541568,-17.69648257109019],[-64.24144651771341,-17.696482539740675],[-64.24145010891694,-17.696482445701697],[-64.24145369793224,-17.69648228900191],[-64.24145728366622,-17.696482069689022],[-64.2414608650264,-17.696481787829878],[-64.24146444092207,-17.69648144351027],[-64.24146801026393,-17.69648103683515],[-64.24147157196465,-17.69648056792834],[-64.24147512493936,-17.696480036932712],[-64.24147866810586,-17.696479444010002],[-64.24148220038477,-17.696478789340787],[-64.2414857207001,-17.696478073124535],[-64.24148922797957,-17.696477295579417],[-64.24149272115487,-17.696476456942207],[-64.24149619916186,-17.696475557468457],[-64.24149966094113,-17.69647459743208],[-64.24150310543834,-17.69647357712555],[-64.24150653160399,-17.696472496859663],[-64.24150993839461,-17.696471356963446],[-64.24151332477246,-17.69647015778415],[-64.24151668970599,-17.696468899687076],[-64.2415200321702,-17.696467583055394],[-64.24152335114688,-17.696466208290232],[-64.24152664562516,-17.69646477581032],[-64.24152991460146,-17.696463286051998],[-64.24153315708,-17.69646173946906],[-64.24153637207314,-17.696460136532625],[-64.24153955860147,-17.696458477730957],[-64.24154271569441,-17.69645676356935],[-64.24154584239025,-17.696454994569972],[-64.24154893773667,-17.696453171271628],[-64.2415520007906,-17.69645129422973],[-64.24155503061908,-17.69644936401607],[-64.24155802629932,-17.696447381218597],[-64.24156098691869,-17.696445346441255],[-64.24156391157535,-17.69644326030391],[-64.24156679937855,-17.696441123442007],[-64.24156964944845,-17.696438936506418],[-64.24157246091708,-17.696436700163357],[-64.24157523292791,-17.696434415093986],[-64.24157796463652,-17.69643208199438],[-64.24158065521091,-17.69642970157525],[-64.24158330383142,-17.69642727456165],[-64.24158590969138,-17.696424801692917],[-64.24158847199689,-17.696422283722285],[-64.24159098996758,-17.69641972141674],[-64.24159346283633,-17.696417115556812],[-64.24159588984993,-17.69641446693624],[-64.24159827026901,-17.696411776361852],[-64.2416006033687,-17.6964090446532],[-64.24160288843795,-17.696406272642406],[-64.24160512478109,-17.696403461173833],[-64.24160731171662,-17.6964006111039],[-64.2416094485785,-17.69639772330077],[-64.24161153471591,-17.69639479864406],[-64.24161356949321,-17.696391838024677],[-64.24161555229071,-17.69638884234449],[-64.24161748250441,-17.696385812515924],[-64.24161935954626,-17.696382749461954],[-64.24162118284457,-17.6963796541156],[-64.24162295184398,-17.69637652741975],[-64.24162466600562,-17.696373370326818],[-64.24162632480729,-17.696370183798464],[-64.24162792774374,-17.69636696880538],[-64.24162947432669,-17.69636372632684],[-64.24163096408496,-17.696360457350544],[-64.24163239656487,-17.69635716287227],[-64.24163377133003,-17.696353843895537],[-64.24163508796175,-17.696350501431326],[-64.24163634605878,-17.69634713649782],[-64.24163754523808,-17.696343750119972],[-64.24163868513425,-17.696340343329332],[-64.24163976540018,-17.696336917163645],[-64.24164078570671,-17.696333472666517],[-64.24164174574305,-17.696330010887195],[-64.24164264521683,-17.696326532880185],[-64.24164348385408,-17.696323039704904],[-64.24164426139923,-17.696319532425434],[-64.24164497761544,-17.696316012110074],[-64.24164563228466,-17.6963124798312],[-64.24164622520739,-17.696308936664764],[-64.241646756203,-17.696305383690028],[-64.24164722510976,-17.696301821989266],[-64.2416476317849,-17.69629825264742],[-64.24164797610455,-17.69629467675175],[-64.24164825796369,-17.696291095391512],[-64.24164847727657,-17.696287509657587],[-64.24164863397641,-17.69628392064226],[-64.24164872801529,-17.696280329438768],[-64.24164875936481,-17.696276737141027],[-64.24164872801529,-17.6962731448433],[-64.24164863397641,-17.696269553639812],[-64.24164847727657,-17.69626596462448],[-64.24164825796369,-17.696262378890562],[-64.24164797610455,-17.696258797530316],[-64.2416476317849,-17.696255221634647],[-64.24164722510976,-17.696251652292798],[-64.241646756203,-17.696248090592047],[-64.24164622520739,-17.69624453761731],[-64.24164563228466,-17.696240994450875],[-64.24164497761544,-17.696237462172],[-64.24164426139923,-17.69623394185663],[-64.24164348385408,-17.69623043457717],[-64.24164264521683,-17.696226941401875],[-64.24164174574305,-17.696223463394876],[-64.24164078570671,-17.696220001615547],[-64.24163976540018,-17.696216557118415],[-64.24163868513425,-17.696213130952728],[-64.24163754523808,-17.69620972416209],[-64.24163634605878,-17.696206337784247],[-64.24163508796175,-17.696202972850745],[-64.24163377133003,-17.696199630386527],[-64.24163239656487,-17.6961963114098],[-64.24163096408496,-17.69619301693152],[-64.24162947432669,-17.696189747955223],[-64.24162792774374,-17.696186505476696],[-64.24162632480729,-17.696183290483606],[-64.24162466600562,-17.69618010395525],[-64.24162295184398,-17.696176946862323],[-64.24162118284457,-17.696173820166454],[-64.24161935954626,-17.696170724820114],[-64.24161748250441,-17.696167661766143],[-64.24161555229071,-17.696164631937584],[-64.24161356949321,-17.696161636257376],[-64.24161153471591,-17.696158675638006],[-64.2416094485785,-17.696155750981305],[-64.24160731171662,-17.696152863178167],[-64.24160512478109,-17.69615001310824],[-64.24160288843795,-17.696147201639658],[-64.2416006033687,-17.696144429628866],[-64.24159827026901,-17.696141697920215],[-64.24159588984993,-17.696139007345828],[-64.24159346283633,-17.696136358725255],[-64.24159098996758,-17.696133752865336],[-64.24158847199689,-17.69613119055979],[-64.24158590969138,-17.696128672589158],[-64.24158330383142,-17.696126199720418],[-64.24158065521091,-17.696123772706816],[-64.24157796463652,-17.69612139228769],[-64.24157523292791,-17.696119059188085],[-64.24157246091708,-17.696116774118718],[-64.24156964944845,-17.696114537775657],[-64.24156679937855,-17.69611235084006],[-64.24156391157535,-17.696110213978162],[-64.24156098691869,-17.69610812784082],[-64.24155802629932,-17.69610609306347],[-64.24155503061908,-17.696104110266003],[-64.2415520007906,-17.69610218005234],[-64.24154893773667,-17.696100303010443],[-64.24154584239025,-17.6960984797121],[-64.24154271569441,-17.696096710712716],[-64.24153955860147,-17.696094996551114],[-64.24153637207314,-17.69609333774944],[-64.24153315708,-17.69609173481301],[-64.24152991460146,-17.69609018823007],[-64.24152664562516,-17.69608869847175],[-64.24152335114688,-17.696087265991835],[-64.2415200321702,-17.69608589122667],[-64.24151668970599,-17.696084574594998],[-64.24151332477246,-17.696083316497898],[-64.24150993839461,-17.69608211731862],[-64.24150653160399,-17.69608097742241],[-64.24150310543834,-17.696079897156515],[-64.24149966094113,-17.69607887684999],[-64.24149619916186,-17.696077916813618],[-64.24149272115487,-17.696077017339856],[-64.24148922797957,-17.696076178702647],[-64.2414857207001,-17.696075401157533],[-64.24148220038477,-17.69607468494128],[-64.24147866810586,-17.696074030272072],[-64.24147512493936,-17.696073437349362],[-64.24147157196465,-17.69607290635373],[-64.24146801026393,-17.69607243744692],[-64.24146444092207,-17.696072030771802],[-64.2414608650264,-17.696071686452193],[-64.24145728366622,-17.696071404593038],[-64.24145369793224,-17.69607118528016],[-64.24145010891694,-17.696071028580374],[-64.24144651771341,-17.696070934541392],[-64.24144292541568,-17.69607090319188]]}},{"type":"Feature","properties":{"id":null,"group":null,"name":null,"settlement_id":null,"country_id":null,"district_id":null,"status":null,"surface":null,"access":null,"bridge":null,"tunnel":null,"oneway":null,"route_id":null,"alt_name":null,"notes":null},"geometry":{"type":"LineString","coordinates":[[-64.23871955379784,-17.69730671736872],[-64.24124950477257,-17.69634713649782]]}},{"type":"Feature","properties":{"id":null,"group":null,"name":null,"settlement_id":null,"country_id":null,"district_id":null,"status":null,"surface":null,"access":null,"bridge":null,"tunnel":null,"oneway":null,"route_id":null,"alt_name":null,"notes":null},"geometry":{"type":"LineString","coordinates":[[-64.2390949052029,-17.69826775942522],[-64.24182483093284,-17.69728031288394],[-64.24330527151585,-17.696744819951945],[-64.24605516949781,-17.69575014921004],[-64.24833651244496,-17.694924960386064],[-64.24938211481759,-17.694531009794296]]}},{"type":"Feature","properties":{"id":null,"group":null,"name":null,"settlement_id":null,"country_id":null,"district_id":null,"status":null,"surface":null,"access":null,"bridge":null,"tunnel":null,"oneway":null,"route_id":null,"alt_name":null,"notes":null},"geometry":{"type":"LineString","coordinates":[[-64.2417934184812,-17.695019153652257],[-64.24525869699727,-17.693642027341948],[-64.24634459004966,-17.693210485725395],[-64.24734640266591,-17.69281235827173],[-64.2496574424633,-17.6918939346315],[-64.25090336491195,-17.691398796195536],[-64.25185812097635,-17.691019369350013],[-64.25195293074509,-17.690981691274096],[-64.25298695032322,-17.690570764544884]]}},{"type":"Feature","properties":{"id":null,"group":null,"name":null,"settlement_id":null,"country_id":null,"district_id":null,"status":null,"surface":null,"access":null,"bridge":null,"tunnel":null,"oneway":null,"route_id":null,"alt_name":null,"notes":null},"geometry":{"type":"LineString","coordinates":[[-64.23831309167498,-17.696266020067057],[-64.24025428997346,-17.695536502462545]]}},{"type":"Feature","properties":{"id":null,"group":null,"name":null,"settlement_id":null,"country_id":null,"district_id":null,"status":null,"surface":null,"access":null,"bridge":null,"tunnel":null,"oneway":null,"route_id":null,"alt_name":null,"notes":null},"geometry":{"type":"LineString","coordinates":[[-64.24488216838577,-17.692585848680643],[-64.24605516949781,-17.69575014921004]]}},{"type":"Feature","properties":{"id":null,"group":null,"name":null,"settlement_id":null,"country_id":null,"district_id":null,"status":null,"surface":null,"access":null,"bridge":null,"tunnel":null,"oneway":null,"route_id":null,"alt_name":null,"notes":null},"geometry":{"type":"LineString","coordinates":[[-64.24965446484651,-17.69429005484291],[-64.25090336491195,-17.691398796195536]]}},{"type":"Feature","properties":{"id":null,"group":null,"name":null,"settlement_id":null,"country_id":null,"district_id":null,"status":null,"surface":null,"access":null,"bridge":null,"tunnel":null,"oneway":null,"route_id":null,"alt_name":null,"notes":null},"geometry":{"type":"LineString","coordinates":[[-64.24937649788062,-17.694402360787038],[-64.24634459004966,-17.693210485725395]]}},{"type":"Feature","properties":{"id":null,"group":null,"name":null,"settlement_id":null,"country_id":null,"district_id":null,"status":null,"surface":null,"access":null,"bridge":null,"tunnel":null,"oneway":null,"route_id":null,"alt_name":null,"notes":null},"geometry":{"type":"LineString","coordinates":[[-64.24956095314377,-17.694265871072233],[-64.2495575868652,-17.6942659004493],[-64.24955422161199,-17.694265988571555],[-64.24955085840931,-17.69426613541216],[-64.24954749828157,-17.694266340926376],[-64.24954414225229,-17.694266605051606],[-64.24954079134382,-17.694266927707393],[-64.24953744657678,-17.694267308795457],[-64.2495341089701,-17.694267748199717],[-64.24953077954041,-17.69426824578632],[-64.24952745930186,-17.694268801403698],[-64.2495241492659,-17.6942694148826],[-64.24952085044073,-17.69427008603617],[-64.24951756383126,-17.694270814659948],[-64.24951429043857,-17.694271600531998],[-64.2495110312598,-17.69427244341294],[-64.24950778728771,-17.694273343046017],[-64.24950455951047,-17.6942742991572],[-64.24950134891128,-17.694275311455236],[-64.2494981564681,-17.694276379631777],[-64.24949498315341,-17.69427750336145],[-64.24949182993382,-17.69427868230195],[-64.2494886977698,-17.694279916094157],[-64.2494855876155,-17.694281204362255],[-64.24948250041825,-17.694282546713822],[-64.24947943711847,-17.694283942739958],[-64.24947639864928,-17.69428539201543],[-64.24947338593617,-17.69428689409877],[-64.2494703998969,-17.694288448532422],[-64.24946744144104,-17.69429005484291],[-64.24946451146972,-17.69429171254091],[-64.24946161087549,-17.69429342112149],[-64.24945874054185,-17.6942951800642],[-64.2494559013432,-17.694296988833234],[-64.2494530941443,-17.694298846877636],[-64.24945031980035,-17.69430075363143],[-64.24944757915635,-17.694302708513792],[-64.24944487304717,-17.694304710929245],[-64.2494422022971,-17.69430676026784],[-64.24943956771972,-17.694308855905327],[-64.24943697011749,-17.694310997203353],[-64.24943441028171,-17.694313183509657],[-64.2494318889921,-17.69431541415827],[-64.24942940701669,-17.694317688469717],[-64.2494269651115,-17.694320005751223],[-64.24942456402034,-17.694322365296916],[-64.24942220447466,-17.694324766388053],[-64.24941988719317,-17.69432720829325],[-64.2494176128817,-17.69432969026866],[-64.2494153822331,-17.69433221155827],[-64.24941319592679,-17.694334771394065],[-64.24941105462877,-17.69433736899628],[-64.24940895899127,-17.694340003573675],[-64.24940690965269,-17.69434267432373],[-64.24940490723722,-17.694345380432907],[-64.24940295235487,-17.6943481210769],[-64.24940104560108,-17.69435089542088],[-64.24939918755668,-17.694353702619754],[-64.24939737878762,-17.69435654181843],[-64.24939561984493,-17.694359412152046],[-64.24939391126435,-17.694362312746282],[-64.24939225356634,-17.69436524271759],[-64.24939064725586,-17.694368201173464],[-64.24938909282218,-17.694371187212738],[-64.24938759073886,-17.694374199925832],[-64.24938614146339,-17.69437723839504],[-64.24938474543727,-17.694380301694824],[-64.2493834030857,-17.694383388892067],[-64.24938211481759,-17.69438649904638],[-64.24938088102539,-17.694389631210374],[-64.24937970208488,-17.694392784429972],[-64.24937857835522,-17.69439595774467],[-64.24937751017868,-17.69439915018784],[-64.24937649788062,-17.694402360787038],[-64.24937554176947,-17.694405588564283],[-64.24937464213637,-17.694408832536364],[-64.24937379925544,-17.694412091715133],[-64.24937301338338,-17.694415365107815],[-64.24937228475959,-17.694418651717303],[-64.24937161360604,-17.69442195054246],[-64.24937100012714,-17.694425260578438],[-64.24937044450976,-17.69442858081696],[-64.24936994692315,-17.69443191024666],[-64.2493695075189,-17.694435247853352],[-64.24936912643084,-17.69443859262037],[-64.24936880377503,-17.694441943528872],[-64.24936853964981,-17.69444529955813],[-64.24936833413558,-17.694448659685875],[-64.24936818729499,-17.69445202288857],[-64.24936809917274,-17.69445538814175],[-64.24936806979566,-17.69445875442034],[-64.24936809917274,-17.694462120698926],[-64.24936818729499,-17.694465485952108],[-64.24936833413558,-17.694468849154802],[-64.24936853964981,-17.694472209282548],[-64.24936880377503,-17.694475565311805],[-64.24936912643084,-17.69447891622031],[-64.2493695075189,-17.694482260987325],[-64.24936994692315,-17.694485598594017],[-64.24937044450976,-17.694488928023716],[-64.24937100012714,-17.69449224826224],[-64.24937161360604,-17.694495558298218],[-64.24937228475959,-17.694498857123374],[-64.24937301338338,-17.694502143732862],[-64.24937379925544,-17.694505417125544],[-64.24937464213637,-17.694508676304313],[-64.24937554176947,-17.694511920276394],[-64.24937649788062,-17.69451514805364],[-64.24937751017868,-17.694518358652836],[-64.24937857835522,-17.694521551096006],[-64.24937970208488,-17.694524724410705],[-64.24938088102539,-17.6945278776303],[-64.24938211481759,-17.694531009794296],[-64.2493834030857,-17.694534119948607],[-64.24938474543727,-17.694537207145853],[-64.24938614146339,-17.694540270445636],[-64.24938759073886,-17.694543308914845],[-64.24938909282218,-17.69454632162794],[-64.24939064725586,-17.69454930766721],[-64.24939225356634,-17.694552266123086],[-64.24939391126435,-17.694555196094388],[-64.24939561984493,-17.69455809668863],[-64.24939737878762,-17.694560967022248],[-64.24939918755668,-17.694563806220923],[-64.24940104560108,-17.6945666134198],[-64.24940295235487,-17.694569387763778],[-64.24940490723722,-17.694572128407767],[-64.24940690965269,-17.694574834516946],[-64.24940895899127,-17.694577505267002],[-64.24941105462877,-17.694580139844398],[-64.24941319592679,-17.694582737446613],[-64.2494153822331,-17.69458529728241],[-64.2494176128817,-17.694587818572018],[-64.24941988719317,-17.69459030054743],[-64.24942220447466,-17.694592742452624],[-64.24942456402034,-17.69459514354376],[-64.2494269651115,-17.694597503089454],[-64.24942940701669,-17.69459982037096],[-64.2494318889921,-17.694602094682406],[-64.24943441028171,-17.69460432533102],[-64.24943697011749,-17.694606511637325],[-64.24943956771972,-17.69460865293535],[-64.2494422022971,-17.69461074857284],[-64.24944487304717,-17.694612797911432],[-64.24944757915635,-17.694614800326885],[-64.24945031980035,-17.694616755209246],[-64.2494530941443,-17.69461866196304],[-64.2494559013432,-17.694620520007444],[-64.24945874054185,-17.69462232877648],[-64.24946161087549,-17.694624087719188],[-64.24946451146972,-17.694625796299768],[-64.24946744144104,-17.694627453997768],[-64.2494703998969,-17.694629060308255],[-64.24947338593617,-17.694630614741907],[-64.24947639864928,-17.694632116825247],[-64.24947943711847,-17.69463356610072],[-64.24948250041825,-17.694634962126855],[-64.2494855876155,-17.694636304478422],[-64.2494886977698,-17.69463759274652],[-64.24949182993382,-17.69463882653873],[-64.24949498315341,-17.694640005479226],[-64.2494981564681,-17.6946411292089],[-64.24950134891128,-17.69464219738544],[-64.24950455951047,-17.694643209683477],[-64.24950778728771,-17.69464416579466],[-64.2495110312598,-17.694645065427736],[-64.24951429043857,-17.69464590830868],[-64.24951756383126,-17.69464669418073],[-64.24952085044073,-17.694647422804508],[-64.2495241492659,-17.694648093958076],[-64.24952745930186,-17.69464870743698],[-64.24953077954041,-17.69464926305436],[-64.2495341089701,-17.69464976064096],[-64.24953744657678,-17.69465020004522],[-64.24954079134382,-17.694650581133285],[-64.24954414225229,-17.69465090378907],[-64.24954749828157,-17.6946511679143],[-64.24955085840931,-17.694651373428517],[-64.24955422161199,-17.694651520269122],[-64.2495575868652,-17.69465160839138],[-64.24956095314377,-17.694651637768445],[-64.24956431942235,-17.69465160839138],[-64.24956768467555,-17.694651520269122],[-64.24957104787823,-17.694651373428517],[-64.24957440800597,-17.6946511679143],[-64.24957776403525,-17.69465090378907],[-64.24958111494372,-17.694650581133285],[-64.24958445971076,-17.69465020004522],[-64.24958779731745,-17.69464976064096],[-64.24959112674715,-17.69464926305436],[-64.24959444698568,-17.69464870743698],[-64.24959775702166,-17.694648093958076],[-64.24960105584681,-17.694647422804508],[-64.2496043424563,-17.69464669418073],[-64.24960761584897,-17.69464590830868],[-64.24961087502774,-17.694645065427736],[-64.24961411899983,-17.69464416579466],[-64.24961734677707,-17.694643209683477],[-64.24962055737626,-17.69464219738544],[-64.24962374981943,-17.6946411292089],[-64.24962692313413,-17.694640005479226],[-64.24963007635372,-17.69463882653873],[-64.24963320851774,-17.69463759274652],[-64.24963631867206,-17.694636304478422],[-64.24963940586929,-17.694634962126855],[-64.24964246916907,-17.69463356610072],[-64.24964550763828,-17.694632116825247],[-64.24964852035137,-17.694630614741907],[-64.24965150639065,-17.694629060308255],[-64.24965446484651,-17.694627453997768],[-64.24965739481782,-17.694625796299768],[-64.24966029541207,-17.694624087719188],[-64.2496631657457,-17.69462232877648],[-64.24966600494436,-17.694620520007444],[-64.24966881214324,-17.69461866196304],[-64.24967158648721,-17.694616755209246],[-64.2496743271312,-17.694614800326885],[-64.24967703324039,-17.694612797911432],[-64.24967970399044,-17.69461074857284],[-64.24968233856784,-17.69460865293535],[-64.24968493617006,-17.694606511637325],[-64.24968749600583,-17.69460432533102],[-64.24969001729545,-17.694602094682406],[-64.24969249927086,-17.69459982037096],[-64.24969494117606,-17.694597503089454],[-64.2496973422672,-17.69459514354376],[-64.24969970181289,-17.694592742452624],[-64.24970201909439,-17.69459030054743],[-64.24970429340584,-17.694587818572018],[-64.24970652405445,-17.69458529728241],[-64.24970871036076,-17.694582737446613],[-64.24971085165879,-17.694580139844398],[-64.24971294729627,-17.694577505267002],[-64.24971499663486,-17.694574834516946],[-64.24971699905032,-17.694572128407767],[-64.24971895393269,-17.694569387763778],[-64.24972086068647,-17.6945666134198],[-64.24972271873087,-17.694563806220923],[-64.24972452749992,-17.694560967022248],[-64.24972628644261,-17.69455809668863],[-64.24972799502319,-17.694555196094388],[-64.2497296527212,-17.694552266123086],[-64.24973125903168,-17.69454930766721],[-64.24973281346536,-17.69454632162794],[-64.2497343155487,-17.694543308914845],[-64.24973576482415,-17.694540270445636],[-64.24973716085029,-17.694537207145853],[-64.24973850320184,-17.694534119948607],[-64.24973979146995,-17.694531009794296],[-64.24974102526215,-17.6945278776303],[-64.24974220420266,-17.694524724410705],[-64.24974332793232,-17.694521551096006],[-64.24974439610887,-17.694518358652836],[-64.24974540840692,-17.69451514805364],[-64.24974636451807,-17.694511920276394],[-64.24974726415118,-17.694508676304313],[-64.24974810703212,-17.694505417125544],[-64.24974889290417,-17.694502143732862],[-64.24974962152795,-17.694498857123374],[-64.2497502926815,-17.694495558298218],[-64.24975090616041,-17.69449224826224],[-64.24975146177778,-17.694488928023716],[-64.24975195936439,-17.694485598594017],[-64.24975239876863,-17.694482260987325],[-64.2497527798567,-17.69447891622031],[-64.24975310251251,-17.694475565311805],[-64.24975336663775,-17.694472209282548],[-64.24975357215196,-17.694468849154802],[-64.24975371899255,-17.694465485952108],[-64.2497538071148,-17.694462120698926],[-64.24975383649189,-17.69445875442034],[-64.2497538071148,-17.69445538814175],[-64.24975371899255,-17.69445202288857],[-64.24975357215196,-17.694448659685875],[-64.24975336663775,-17.69444529955813],[-64.24975310251251,-17.694441943528872],[-64.2497527798567,-17.69443859262037],[-64.24975239876863,-17.694435247853352],[-64.24975195936439,-17.69443191024666],[-64.24975146177778,-17.69442858081696],[-64.24975090616041,-17.694425260578438],[-64.2497502926815,-17.69442195054246],[-64.24974962152795,-17.694418651717303],[-64.24974889290417,-17.694415365107815],[-64.24974810703212,-17.694412091715133],[-64.24974726415118,-17.694408832536364],[-64.24974636451807,-17.694405588564283],[-64.24974540840692,-17.694402360787038],[-64.24974439610887,-17.69439915018784],[-64.24974332793232,-17.69439595774467],[-64.24974220420266,-17.694392784429972],[-64.24974102526215,-17.694389631210374],[-64.24973979146995,-17.69438649904638],[-64.24973850320184,-17.694383388892067],[-64.24973716085029,-17.694380301694824],[-64.24973576482415,-17.69437723839504],[-64.2497343155487,-17.694374199925832],[-64.24973281346536,-17.694371187212738],[-64.24973125903168,-17.694368201173464],[-64.2497296527212,-17.69436524271759],[-64.24972799502319,-17.694362312746282],[-64.24972628644261,-17.694359412152046],[-64.24972452749992,-17.69435654181843],[-64.24972271873087,-17.694353702619754],[-64.24972086068647,-17.69435089542088],[-64.24971895393269,-17.6943481210769],[-64.24971699905032,-17.694345380432907],[-64.24971499663486,-17.69434267432373],[-64.24971294729627,-17.694340003573675],[-64.24971085165879,-17.69433736899628],[-64.24970871036076,-17.694334771394065],[-64.24970652405445,-17.69433221155827],[-64.24970429340584,-17.69432969026866],[-64.24970201909439,-17.69432720829325],[-64.24969970181289,-17.694324766388053],[-64.2496973422672,-17.694322365296916],[-64.24969494117606,-17.694320005751223],[-64.24969249927086,-17.694317688469717],[-64.24969001729545,-17.69431541415827],[-64.24968749600583,-17.694313183509657],[-64.24968493617006,-17.694310997203353],[-64.24968233856784,-17.694308855905327],[-64.24967970399044,-17.69430676026784],[-64.24967703324039,-17.694304710929245],[-64.2496743271312,-17.694302708513792],[-64.24967158648721,-17.69430075363143],[-64.24966881214324,-17.694298846877636],[-64.24966600494436,-17.694296988833234],[-64.2496631657457,-17.6942951800642],[-64.24966029541207,-17.69429342112149],[-64.24965739481782,-17.69429171254091],[-64.24965446484651,-17.69429005484291],[-64.24965150639065,-17.694288448532422],[-64.24964852035137,-17.69428689409877],[-64.24964550763828,-17.69428539201543],[-64.24964246916907,-17.694283942739958],[-64.24963940586929,-17.694282546713822],[-64.24963631867206,-17.694281204362255],[-64.24963320851774,-17.694279916094157],[-64.24963007635372,-17.69427868230195],[-64.24962692313413,-17.69427750336145],[-64.24962374981943,-17.694276379631777],[-64.24962055737626,-17.694275311455236],[-64.24961734677707,-17.6942742991572],[-64.24961411899983,-17.694273343046017],[-64.24961087502774,-17.69427244341294],[-64.24960761584897,-17.694271600531998],[-64.2496043424563,-17.694270814659948],[-64.24960105584681,-17.69427008603617],[-64.24959775702166,-17.6942694148826],[-64.24959444698568,-17.694268801403698],[-64.24959112674715,-17.69426824578632],[-64.24958779731745,-17.694267748199717],[-64.24958445971076,-17.694267308795457],[-64.24958111494372,-17.694266927707393],[-64.24957776403525,-17.694266605051606],[-64.24957440800597,-17.694266340926376],[-64.24957104787823,-17.69426613541216],[-64.24956768467555,-17.694265988571555],[-64.24956431942235,-17.6942659004493],[-64.24956095314377,-17.694265871072233]]}},{"type":"Feature","properties":{"id":"street_dimaeta_stsutodo_noonlaterntrace","group":null,"name":"Noon Latern Trace","settlement_id":"settlement_dimaeta","country_id":"country_stsutodo","district_id":null,"status":"active","surface":"paved","access":"public","bridge":null,"tunnel":null,"oneway":null,"route_id":null,"alt_name":null,"notes":null},"geometry":{"type":"LineString","coordinates":[[-64.24805272361064,-17.691277226164008],[-64.24948250041825,-17.694282546713822]]}},{"type":"Feature","properties":{"id":null,"group":null,"name":null,"settlement_id":null,"country_id":null,"district_id":null,"status":null,"surface":null,"access":null,"bridge":null,"tunnel":null,"oneway":null,"route_id":null,"alt_name":null,"notes":null},"geometry":{"type":"LineString","coordinates":[[-64.24974540840692,-17.694402360787038],[-64.25087356487877,-17.69400727840544],[-64.25402575354755,-17.692867094346838]]}},{"type":"Feature","properties":{"id":null,"group":null,"name":null,"settlement_id":null,"country_id":null,"district_id":null,"status":null,"surface":null,"access":null,"bridge":null,"tunnel":null,"oneway":null,"route_id":null,"alt_name":null,"notes":null},"geometry":{"type":"LineString","coordinates":[[-64.25441683807993,-17.69373160751521],[-64.25251405294988,-17.694485172787765],[-64.25001187030364,-17.695407520920874]]}},{"type":"Feature","properties":{"id":null,"group":null,"name":null,"settlement_id":null,"country_id":null,"district_id":null,"status":null,"surface":null,"access":null,"bridge":null,"tunnel":null,"oneway":null,"route_id":null,"alt_name":null,"notes":null},"geometry":{"type":"LineString","coordinates":[[-64.24875496414857,-17.69612412948834],[-64.24824840292649,-17.694957876840835]]}},{"type":"Feature","properties":{"id":null,"group":null,"name":null,"settlement_id":null,"country_id":null,"district_id":null,"status":null,"surface":null,"access":null,"bridge":null,"tunnel":null,"oneway":null,"route_id":null,"alt_name":null,"notes":null},"geometry":{"type":"LineString","coordinates":[[-64.25195293074509,-17.690981691274096],[-64.25132663607054,-17.689622737392998]]}},{"type":"Feature","properties":{"id":null,"group":null,"name":null,"settlement_id":null,"country_id":null,"district_id":null,"status":null,"surface":null,"access":null,"bridge":null,"tunnel":null,"oneway":null,"route_id":null,"alt_name":null,"notes":null},"geometry":{"type":"LineString","coordinates":[[-64.44289859249689,-22.10309724523214],[-64.44247795915349,-22.104135942419852]]}},{"type":"Feature","properties":{"id":null,"group":null,"name":null,"settlement_id":null,"country_id":null,"district_id":null,"status":null,"surface":null,"access":null,"bridge":null,"tunnel":null,"oneway":null,"route_id":null,"alt_name":null,"notes":null},"geometry":{"type":"LineString","coordinates":[[-64.45597477530825,-22.065026722236013],[-64.4548569349841,-22.06456726282811]]}},{"type":"Feature","properties":{"id":null,"group":null,"name":null,"settlement_id":null,"country_id":null,"district_id":null,"status":null,"surface":null,"access":null,"bridge":null,"tunnel":null,"oneway":null,"route_id":null,"alt_name":null,"notes":null},"geometry":{"type":"LineString","coordinates":[[-64.45579674829527,-22.06550276744448],[-64.45459663555359,-22.065033086449166]]}},{"type":"Feature","properties":{"id":null,"group":null,"name":null,"settlement_id":null,"country_id":null,"district_id":null,"status":null,"surface":null,"access":null,"bridge":null,"tunnel":null,"oneway":null,"route_id":null,"alt_name":null,"notes":null},"geometry":{"type":"LineString","coordinates":[[-64.4557162721057,-22.0657085824773],[-64.4544206057229,-22.06522409754202]]}},{"type":"Feature","properties":{"id":null,"group":null,"name":null,"settlement_id":null,"country_id":null,"district_id":null,"status":null,"surface":null,"access":null,"bridge":null,"tunnel":null,"oneway":null,"route_id":null,"alt_name":null,"notes":null},"geometry":{"type":"LineString","coordinates":[[-64.45554688683148,-22.066155374171984],[-64.45401611164392,-22.065647318198742]]}},{"type":"Feature","properties":{"id":null,"group":null,"name":null,"settlement_id":null,"country_id":null,"district_id":null,"status":null,"surface":null,"access":null,"bridge":null,"tunnel":null,"oneway":null,"route_id":null,"alt_name":null,"notes":null},"geometry":{"type":"LineString","coordinates":[[-64.45534629429721,-22.0666844820224],[-64.4537389582935,-22.06612297327311]]}},{"type":"Feature","properties":{"id":null,"group":null,"name":null,"settlement_id":null,"country_id":null,"district_id":null,"status":null,"surface":null,"access":null,"bridge":null,"tunnel":null,"oneway":null,"route_id":null,"alt_name":null,"notes":null},"geometry":{"type":"LineString","coordinates":[[-64.48487599606885,-22.083088447763267],[-64.45418688120569,-22.069742694387095]]}},{"type":"Feature","properties":{"id":"street_mupingaxis","group":null,"name":"Muping Axis","settlement_id":"settlement_pointgolqik","country_id":"country_velu","district_id":null,"status":"active","surface":"gravel","access":"public","bridge":null,"tunnel":null,"oneway":null,"route_id":null,"alt_name":null,"notes":null},"geometry":{"type":"LineString","coordinates":[[8.455494754845954,26.54397517101844],[8.455297666771921,26.546984516474538],[8.455294435280557,26.547037918587485]]}},{"type":"Feature","properties":{"id":null,"group":null,"name":null,"settlement_id":null,"country_id":null,"district_id":null,"status":null,"surface":null,"access":null,"bridge":null,"tunnel":null,"oneway":null,"route_id":null,"alt_name":null,"notes":null},"geometry":{"type":"LineString","coordinates":[[8.455034968052574,26.544080466075993],[8.455002005111368,26.544750131964648],[8.455442089493781,26.54477932032598]]}},{"type":"Feature","properties":{"id":null,"group":null,"name":null,"settlement_id":null,"country_id":null,"district_id":null,"status":null,"surface":null,"access":null,"bridge":null,"tunnel":null,"oneway":null,"route_id":null,"alt_name":null,"notes":null},"geometry":{"type":"LineString","coordinates":[[8.4564657412818,26.544750772408236],[8.45688627728308,26.544777354393826],[8.456850651045581,26.5452666213888],[8.456841964957347,26.54536653324964]]}},{"type":"Feature","properties":{"id":null,"group":null,"name":null,"settlement_id":null,"country_id":null,"district_id":null,"status":null,"surface":null,"access":null,"bridge":null,"tunnel":null,"oneway":null,"route_id":null,"alt_name":null,"notes":null},"geometry":{"type":"LineString","coordinates":[[8.45802697415393,26.54332584677282],[8.458054132591604,26.543345825921925],[8.458080946027025,26.543366265755996],[8.458107406646542,26.5433871603187],[8.458133506739319,26.5434085035212],[8.458159238699581,26.543430289143913],[8.45818459502883,26.543452510838332],[8.458209568338027,26.543475162128885],[8.458234151349753,26.5434982364148],[8.45825833690032,26.543521726972042],[8.458282117941867,26.543545626955282],[8.458305487544408,26.54356992939987],[8.458328438897851,26.543594627223882],[8.458350965313993,26.543619713230175],[8.458373060228457,26.543645180108484],[8.458394717202603,26.543671020437557],[8.458415929925419,26.54369722668732],[8.458436692215349,26.54372379122106],[8.458456998022095,26.543750706297658],[8.458476841428382,26.543777964073847],[8.458496216651685,26.543805556606497],[8.458515118045906,26.543833475854914],[8.458533540103032,26.543861713683217],[8.458551477454723,26.54389026186267],[8.458568924873896,26.54391911207411],[8.458585877276233,26.543948255910355],[8.458602329721666,26.54397768487865],[8.458618277415825,26.54400739040317],[8.45863371571142,26.54403736382748],[8.458648640109612,26.544067596417094],[8.45866304626131,26.544098079361984],[8.45867692996845,26.544128803779177],[8.458690287185203,26.54415976071534],[8.458703114019174,26.544190941149367],[8.45871540673252,26.544222335995034],[8.458727161743044,26.544253936103633],[8.458738375625245,26.54428573226664],[8.458749045111306,26.544317715218394],[8.458759167092055,26.544349875638815],[8.458768738617866,26.544382204156097],[8.458777756899519,26.54441469134945],[8.458786219309015,26.544447327751847],[8.458794123380342,26.544480103852777],[8.458801466810188,26.54451301010103],[8.458808247458618,26.544546036907455],[8.458814463349702,26.544579174647783],[8.458834675459903,26.54464937133682],[8.458853691837811,26.544719901344063],[8.458871506992173,26.544790744302965],[8.45888811577861,26.5448618797566],[8.458903513401092,26.544933287163584],[8.458917695413339,26.545004945904008],[8.458930657720089,26.545076835285382],[8.45894239657829,26.545148934548614],[8.45895290859818,26.54522122287401],[8.458962190744261,26.545293679387278],[8.45897024033618,26.545366283165556],[8.458977055049504,26.545439013243467],[8.458982632916385,26.545511848619157],[8.458986972326132,26.545584768260362],[8.458990072025683,26.545657751110493],[8.45899193111995,26.545730776094704],[8.458992549072098,26.545803822125986],[8.45899192570368,26.545876868111243],[8.458992521782713,26.545912881943224],[8.458992493845459,26.545948900697],[8.458991841900303,26.545984913560975],[8.458990566142937,26.546020909725314],[8.458988666956301,26.546056878385205],[8.458986144910465,26.54609280874408],[8.458983000762462,26.546128690016875],[8.458979235456056,26.54616451143326],[8.458974850121463,26.54620026224087],[8.458969846075012,26.54623593170853],[8.458964224818748,26.54627150912949],[8.458957988039977,26.54630698382462],[8.458951137610768,26.546342345145632],[8.458943675587388,26.546377582478268],[8.458935604209678,26.54641268524548],[8.458926925900391,26.54644764291062],[8.458917643264458,26.54648244498059],[8.458907759088211,26.546517081009],[8.45889727633854,26.5465515405993],[8.458886198162011,26.54658581340789],[8.45887452788391,26.546619889147255],[8.458862269007259,26.546653757589016],[8.458849425211751,26.546687408567028],[8.458836000352656,26.546720831980412],[8.458821998459658,26.54675401779661],[8.458807423735646,26.546786956054365],[8.458792280555455,26.546819636866747],[8.45878206224818,26.546844033017916],[8.458771429252156,26.54686825130421],[8.458760384661941,26.54689228467731],[8.458748931691876,26.546916126142705],[8.458737073675152,26.54693976876174],[8.458724814062846,26.546963205653633],[8.45871215642291,26.54698642999747],[8.458699104439136,26.547009435034205],[8.458685661910083,26.547032214068604],[8.458671832747973,26.547054760471216],[8.458657620977547,26.547077067680295],[8.458643030734903,26.5470991292037],[8.458628066266282,26.547120938620807],[8.458612731926841,26.547142489584346],[8.458597032179382,26.547163775822273],[8.458580971593047,26.547184791139593],[8.458564554841999,26.54720552942015],[8.458547786704058,26.547225984628422],[8.458530672059304,26.547246150811265],[8.458513215888665,26.547266022099652],[8.458495423272467,26.54728559271038],[8.458477299388948,26.547304856947758],[8.458458849512757,26.54732380920525],[8.45844007901342,26.547342443967125],[8.458420993353771,26.54736075581005],[8.458401598088372,26.54737873940467],[8.458381898861884,26.54739638951717]]}},{"type":"Feature","properties":{"id":null,"group":null,"name":null,"settlement_id":null,"country_id":null,"district_id":null,"status":null,"surface":null,"access":null,"bridge":null,"tunnel":null,"oneway":null,"route_id":null,"alt_name":null,"notes":null},"geometry":{"type":"LineString","coordinates":[[8.459680687618174,26.542733058962817],[8.459730441404957,26.542994508696495],[8.45978446519217,26.543255109603926],[8.459842744523865,26.543514791952262],[8.459905263805375,26.543773486254437],[8.459972006307492,26.544031123287784],[8.46004295417093,26.544287634112532],[8.46011808841112,26.54454295009027],[8.460197388923275,26.544797002902325],[8.460280834487781,26.545049724568003],[8.46036840277587,26.54530104746282],[8.460460070355596,26.545550904336586],[8.460555812698104,26.54579922833138],[8.460579732142014,26.54584235749403],[8.46060289966841,26.545885895181023],[8.460625308302335,26.545929828284642],[8.460646951297313,26.545974143578125],[8.460667822137376,26.54601882771964],[8.46068791453902,26.546063867256315],[8.460707222453111,26.54610924862828],[8.46072574006669,26.54615495817275],[8.460743461804736,26.546200982128127],[8.460760382331832,26.54624730663817],[8.460776496553787,26.54629391775614],[8.460791799619157,26.546340801449023],[8.460806286920707,26.54638794360173],[8.460819954096806,26.546435330021364],[8.46083279703273,26.54648294644148],[8.460844811861907,26.5465307785264],[8.460855994967085,26.54657881187551],[8.460866342981408,26.546627032027597],[8.460875852789442,26.54667542446522],[8.460884521528106,26.546723974619063],[8.46089234658754,26.546772667872318],[8.460899325611884,26.54682148956511],[8.46090545649999,26.54687042499889],[8.460969098929633,26.547516287866685]]}},{"type":"Feature","properties":{"id":null,"group":null,"name":null,"settlement_id":null,"country_id":null,"district_id":null,"status":null,"surface":null,"access":null,"bridge":null,"tunnel":null,"oneway":null,"route_id":null,"alt_name":null,"notes":null},"geometry":{"type":"LineString","coordinates":[[8.461636186226094,26.543219116057823],[8.461628034209,26.543367446850798],[8.461622321029722,26.54351589158499],[8.461619048231453,26.543664410164023],[8.461618216698202,26.543812962471577],[8.461619826654578,26.543961508382214],[8.461623877665716,26.544110007772233],[8.461630368637396,26.54425842053049],[8.461639297816344,26.544406706569244],[8.461650662790703,26.54455482583499],[8.461664460490677,26.544702738319256],[8.461680687189379,26.544850404069436],[8.461699338503813,26.544997783199562],[8.46172040939608,26.545144835901088],[8.461759696704872,26.545230997566453],[8.46179751932943,26.545317812163624],[8.461833866423108,26.545405254796204],[8.461868727562404,26.545493300387673],[8.46190209274996,26.54558192368862],[8.461933952417414,26.545671099283936],[8.46196429742816,26.545760801600146],[8.461993119079953,26.545851004912716],[8.462020409107414,26.54594168335344],[8.462046159684403,26.54603281091785],[8.462070363426253,26.54612436147269],[8.462093013391895,26.54621630876339],[8.462114103085845,26.546308626421613],[8.462133626460075,26.546401287972806],[8.462151577915732,26.546494266843794],[8.462167952304757,26.54658753637041],[8.46218274493136,26.54668106980512],[8.462195951553358,26.546774840324723],[8.462207568383402,26.54686882103801],[8.462217592090054,26.546962984993513],[8.462226019798749,26.5470573051872],[8.462232849092615,26.547151754570233],[8.462238078013172,26.547246306056742],[8.46227969639208,26.547598200208085]]}},{"type":"Feature","properties":{"id":null,"group":null,"name":null,"settlement_id":null,"country_id":null,"district_id":null,"status":null,"surface":null,"access":null,"bridge":null,"tunnel":null,"oneway":null,"route_id":null,"alt_name":null,"notes":null},"geometry":{"type":"LineString","coordinates":[[8.461680687189379,26.544850404069436],[8.461653813581394,26.544849979403335],[8.461626936644087,26.544850016664647],[8.46160006431689,26.544850515842366],[8.461573204537872,26.54485147678904],[8.461546365241396,26.544852899220803],[8.461519554355776,26.54485478271747],[8.461492779800933,26.544857126722654],[8.461466049486054,26.544859930543943],[8.461439371307257,26.544863193353084],[8.461412753145263,26.54486691418625],[8.46138620286306,26.544871091944305],[8.461359728303588,26.544875725393144],[8.461333337287416,26.54488081316405],[8.461307037610434,26.544886353754094],[8.461280837041551,26.544892345526595],[8.461254743320403,26.544898786711578],[8.461228764155058,26.54490567540633],[8.461202907219747,26.54491300957593],[8.461177180152593,26.54492078705387],[8.461151590553358,26.544929005542684],[8.461126145981195,26.54493766261464],[8.461100853952415,26.544946755712438],[8.46107572193827,26.54495628214999],[8.461068461610138,26.544965851801138],[8.461061368796399,26.54497554626249],[8.461054445642171,26.54498536260209],[8.461047694241268,26.54499529785113],[8.461041116635556,26.545005349004832],[8.461034714814339,26.545015513023365],[8.461028490713755,26.545025786832767],[8.4610224462162,26.54503616732586],[8.461016583149744,26.545046651363222],[8.46101090328759,26.5450572357741],[8.461005408347534,26.545067917357382],[8.461000099991441,26.545078692882576],[8.46099497982475,26.54508955909078],[8.460990049395983,26.545100512695658],[8.46098531019628,26.545111550384448],[8.460980763658942,26.545122668818955],[8.460976411159008,26.545133864636565],[8.46097225401283,26.54514513445126],[8.460968293477679,26.545156474854647],[8.460964530751362,26.545167882416976],[8.46096096697186,26.545179353688194],[8.460957603216995,26.545190885198974],[8.460954440504082,26.54520247346177],[8.460951479789639,26.54521411497188],[8.460948721969094,26.545225806208492],[8.460946167876513,26.545237543635753],[8.46094381828434,26.545249323703846],[8.460941673903182,26.545261142850055],[8.460939735381572,26.545272997499843],[8.460938003305792,26.54528488406794],[8.460936478199683,26.545296798959424],[8.46093516052449,26.545308738570796],[8.460934050678729,26.545320699291093],[8.460933148998054,26.545332677502962],[8.460932455755167,26.545344669583763],[8.460931971159729,26.54535667190666],[8.4609316953583,26.54536868084172],[8.460931628434292,26.545380692757004],[8.460931770407944,26.545392704019683],[8.46093212123632,26.545404710997115],[8.460932680813315,26.545416710057964],[8.460933448969694,26.54542869757328],[8.46093442547314,26.545440669917603],[8.460935610028319,26.545452623470077],[8.460937002276983,26.545464554615506],[8.460938601798066,26.54547645974549],[8.460940408107813,26.545488335259492],[8.460942420659933,26.545500177565923],[8.460944638845756,26.545511983083248],[8.460947061994425,26.545523748241052],[8.460949689373091,26.54553546948113],[8.460952520187142,26.54554714325856],[8.460955553580437,26.545558766042767],[8.460958788635567,26.545570334318608],[8.46096222437414,26.54558184458742],[8.46096585975706,26.545593293368086],[8.46096969368486,26.545604677198074],[8.460973724998022,26.545615992634517],[8.46097795247733,26.54562723625521],[8.460982374844244,26.545638404659687],[8.460986990761281,26.545649494470215],[8.461082444060017,26.545836224689012],[8.461180826601042,26.546021428313367],[8.461282113976466,26.54620505939579],[8.461386281057731,26.54638707237893],[8.46139593513902,26.546395070235377],[8.461405725906936,26.546402900168765],[8.46141565044099,26.546410559843505],[8.46142570578079,26.546418046974782],[8.461435888926925,26.546425359329263],[8.461446196841862,26.546432494725742],[8.461456626450849,26.546439451035802],[8.461467174642836,26.54644622618444],[8.461477838271401,26.546452818150694],[8.461488614155684,26.54645922496825],[8.461499499081345,26.54646544472601],[8.461510489801517,26.546471475568687],[8.461521583037774,26.546477315697334],[8.46153277548111,26.5464829633699],[8.461544063792932,26.546488416901738],[8.461555444606041,26.546493674666113],[8.461566914525655,26.546498735094683],[8.461578470130407,26.546503596677976],[8.46159010797337,26.546508257965822],[8.461601824583092,26.54651271756781],[8.46161361646462,26.546516974153686],[8.461625480100551,26.546521026453743],[8.461637411952077,26.546524873259226],[8.461649408460044,26.54652851342267],[8.461661466046008,26.546531945858245],[8.46167358111331,26.546535169542093],[8.46168575004814,26.546538183512617],[8.461697969220628,26.546540986870784],[8.46171023498591,26.546543578780373],[8.461722543685227,26.546545958468247],[8.461734891647014,26.546548125224568],[8.461747275187996,26.546550078403016],[8.46175969061428,26.54655181742097],[8.461772134222466,26.5465533417597],[8.461784602300748,26.546554650964516],[8.461797091130016,26.546555744644888],[8.461809596984976,26.546556622474586],[8.461822116135252,26.54655728419176],[8.461834644846505,26.546557729599026],[8.46184717938154,26.546557958563525],[8.461859716001426,26.54655797101696],[8.461872250966612,26.546557766955612],[8.46188478053804,26.546557346440355],[8.461897300978261,26.546556709596622],[8.46190980855255,26.546555856614376],[8.461922299530015,26.546554787748057],[8.461934770184723,26.546553503316495],[8.461947216796796,26.546552003702825],[8.461959635653532,26.546550289354368],[8.461972023050507,26.546548360782495],[8.461984375292678,26.54654621856248],[8.461996688695494,26.546543863333326],[8.462008959585985,26.546541295797578],[8.462021184303865,26.546538516721107],[8.462033359202618,26.54653552693288],[8.46204548065059,26.54653232732473],[8.46205754503207,26.54652891885106],[8.462069548748373,26.54652530252859],[8.462081488218903,26.54652147943603],[8.462093359882235,26.54651745071378],[8.462105160197165,26.546513217563557],[8.462116885643777,26.546508781248075],[8.46212853272448,26.546504143090644],[8.462140097965063,26.54649930447478],[8.462151577915732,26.546494266843794]]}},{"type":"Feature","properties":{"id":"street_dimaeta_infill_2_01","group":null,"name":null,"settlement_id":"settlement_dimaeta","country_id":"country_stsutodo","district_id":null,"status":"active","surface":"paved","access":"public","bridge":null,"tunnel":null,"oneway":null,"route_id":null,"alt_name":null,"notes":null},"geometry":{"type":"LineString","coordinates":[[-64.23677637472439,-17.695931453266642],[-64.23699306185911,-17.69667046345056],[-64.2373809984319,-17.697693106164273],[-64.23776747011766,-17.69868827617621],[-64.23800521019477,-17.69926624126669],[-64.23826137768762,-17.699735883416654],[-64.23875507863303,-17.700980830415542],[-64.23924130659172,-17.702075340910373],[-64.23969077038575,-17.703092709036387],[-64.24008798662653,-17.704038259710376],[-64.24068559732481,-17.70591277009318]]}},{"type":"Feature","properties":{"id":"street_dimaeta_infill_2_02","group":null,"name":null,"settlement_id":"settlement_dimaeta","country_id":"country_stsutodo","district_id":null,"status":"active","surface":"paved","access":"public","bridge":null,"tunnel":null,"oneway":null,"route_id":null,"alt_name":null,"notes":null},"geometry":{"type":"LineString","coordinates":[[-64.23521457791868,-17.696576073000852],[-64.23541991256934,-17.697305193874953],[-64.23583508966789,-17.69833929176055],[-64.23624620457272,-17.699341786459293],[-64.23650693186448,-17.699932742323185],[-64.23669134996996,-17.700362342561398],[-64.23724067749883,-17.701582527659323],[-64.23769991881996,-17.702648672513384],[-64.23810365394382,-17.703626015934315],[-64.23845922704126,-17.704561309772092],[-64.239083297571,-17.706421684503077]]}},{"type":"Feature","properties":{"id":"street_dimaeta_infill_2_03","group":null,"name":null,"settlement_id":"settlement_dimaeta","country_id":"country_stsutodo","district_id":null,"status":"active","surface":"paved","access":"public","bridge":null,"tunnel":null,"oneway":null,"route_id":null,"alt_name":null,"notes":null},"geometry":{"type":"LineString","coordinates":[[-64.23419680393457,-17.696996151459672],[-64.23443795833437,-17.697738989916378],[-64.23487395536534,-17.698784990610893],[-64.23529372607068,-17.699784804943985],[-64.23555319462744,-17.700368412452207],[-64.23566821215873,-17.700770586333764],[-64.2362334423003,-17.70195030436569],[-64.23665795971255,-17.703000132549406],[-64.23702337179785,-17.703964632865006],[-64.23735362697931,-17.70491049675884],[-64.23803912908619,-17.70675332805917]]}},{"type":"Feature","properties":{"id":"street_dimaeta_infill_2_04","group":null,"name":null,"settlement_id":"settlement_dimaeta","country_id":"country_stsutodo","district_id":null,"status":"active","surface":"paved","access":"public","bridge":null,"tunnel":null,"oneway":null,"route_id":null,"alt_name":null,"notes":null},"geometry":{"type":"LineString","coordinates":[[-64.23274943273181,-17.69759354289793],[-64.23305807197492,-17.698368121648873],[-64.23349283587167,-17.69940780550426],[-64.23389729156509,-17.700385881855464],[-64.23413675538802,-17.700954997278643],[-64.23421321308473,-17.701351147724655],[-64.23474632968704,-17.702474242410325],[-64.2351437271077,-17.70352190443676],[-64.23548443257292,-17.70447905498944],[-64.23580900478375,-17.705434571840847],[-64.23655422239834,-17.70722495667235]]}},{"type":"Feature","properties":{"id":"street_dimaeta_infill_2_05","group":null,"name":null,"settlement_id":"settlement_dimaeta","country_id":"country_stsutodo","district_id":null,"status":"active","surface":"paved","access":"public","bridge":null,"tunnel":null,"oneway":null,"route_id":null,"alt_name":null,"notes":null},"geometry":{"type":"LineString","coordinates":[[-64.23151563352572,-17.698102784121495],[-64.23189677911172,-17.698920604602623],[-64.2323091309045,-17.699941371679355],[-64.2326805996195,-17.70088609988838],[-64.23288896594342,-17.701433829629895],[-64.23297291156503,-17.701846042318245],[-64.23343869868042,-17.702911682502155],[-64.23382720674832,-17.703972250865938],[-64.23416707389649,-17.704935653706926],[-64.2345081980416,-17.705902802100173],[-64.23528842638892,-17.70762699245101]]}},{"type":"Feature","properties":{"id":"street_dimaeta_infill_2_06","group":null,"name":null,"settlement_id":"settlement_dimaeta","country_id":"country_stsutodo","district_id":null,"status":"active","surface":"paved","access":"public","bridge":null,"tunnel":null,"oneway":null,"route_id":null,"alt_name":null,"notes":null},"geometry":{"type":"LineString","coordinates":[[-64.22871031938831,-17.699260656161584],[-64.22914354546717,-17.700155873221266],[-64.22947386328502,-17.70109403527416],[-64.22977172100663,-17.70195257934363],[-64.22994276515107,-17.702475257792003],[-64.23015281298602,-17.70297129413643],[-64.23048409972267,-17.7039520386617],[-64.23091738397503,-17.70506479374304],[-64.23130205891061,-17.706033668063675],[-64.2316978445992,-17.706988316689113],[-64.23241036047452,-17.70854110930897]]}},{"type":"Feature","properties":{"id":"street_dimaeta_infill_2_07","group":null,"name":null,"settlement_id":"settlement_dimaeta","country_id":"country_stsutodo","district_id":null,"status":"active","surface":"paved","access":"public","bridge":null,"tunnel":null,"oneway":null,"route_id":null,"alt_name":null,"notes":null},"geometry":{"type":"LineString","coordinates":[[-64.22753023544296,-17.699747726820473],[-64.22792408320254,-17.700664768574637],[-64.22822610472811,-17.701561053301894],[-64.2285126904037,-17.702390445599928],[-64.22869652426245,-17.702921532693445],[-64.22897724622247,-17.703470416875007],[-64.22929132658793,-17.704435798076723],[-64.22975894865857,-17.70557022361363],[-64.23016527028292,-17.706528105681254],[-64.23057241244103,-17.707453567562673],[-64.23119967275368,-17.70892564186947]]}},{"type":"Feature","properties":{"id":"street_dimaeta_infill_2_08","group":null,"name":null,"settlement_id":"settlement_dimaeta","country_id":"country_stsutodo","district_id":null,"status":"active","surface":"paved","access":"public","bridge":null,"tunnel":null,"oneway":null,"route_id":null,"alt_name":null,"notes":null},"geometry":{"type":"LineString","coordinates":[[-64.22635945864705,-17.700230956024324],[-64.22668481852028,-17.701149614236094],[-64.22697990860904,-17.70200934452709],[-64.22727872832472,-17.702824174142382],[-64.2274956295251,-17.70338091954578],[-64.2278149600781,-17.703975227449092],[-64.22815798968796,-17.704945132479807],[-64.22865047359983,-17.70608990173611],[-64.22906076483176,-17.707020591267494],[-64.22945672904216,-17.70790155026579],[-64.22999853354978,-17.709307141677915]]}},{"type":"Feature","properties":{"id":"street_dimaeta_infill_2_09","group":null,"name":null,"settlement_id":"settlement_dimaeta","country_id":"country_stsutodo","district_id":null,"status":"active","surface":"paved","access":"public","bridge":null,"tunnel":null,"oneway":null,"route_id":null,"alt_name":null,"notes":null},"geometry":{"type":"LineString","coordinates":[[-64.22506618850163,-17.70076474342507],[-64.22532698137775,-17.70167623658771],[-64.22564316719613,-17.702521451176906],[-64.22597787590423,-17.703349880349187],[-64.2262420720774,-17.703957090368725],[-64.2265571905257,-17.704587940347892],[-64.22696029833558,-17.705575883860394],[-64.22745596739666,-17.70671395769137],[-64.22784536297277,-17.70759865168076],[-64.22820730656463,-17.708422525711107],[-64.22868867926772,-17.70977757647871]]}},{"type":"Feature","properties":{"id":"street_dimaeta_infill_2_10","group":null,"name":null,"settlement_id":"settlement_dimaeta","country_id":"country_stsutodo","district_id":null,"status":"active","surface":"paved","access":"public","bridge":null,"tunnel":null,"oneway":null,"route_id":null,"alt_name":null,"notes":null},"geometry":{"type":"LineString","coordinates":[[-64.22374531726543,-17.701309922965773],[-64.22397146151833,-17.702205288974188],[-64.2243269154505,-17.70305671324988],[-64.2247063864765,-17.703920517562057],[-64.22501572608442,-17.704592893164985],[-64.22528637874713,-17.70524283429974],[-64.22575463743638,-17.70625390736368],[-64.22622906396585,-17.70736621729279],[-64.22657735407094,-17.70819099543419],[-64.22689285850494,-17.708953268204425],[-64.22735721492668,-17.71027639597247]]}},{"type":"Feature","properties":{"id":"street_dimaeta_infill_2_11","group":null,"name":null,"settlement_id":"settlement_dimaeta","country_id":"country_stsutodo","district_id":null,"status":"active","surface":"paved","access":"public","bridge":null,"tunnel":null,"oneway":null,"route_id":null,"alt_name":null,"notes":null},"geometry":{"type":"LineString","coordinates":[[-64.221050831682,-17.70242205136447],[-64.22137436900708,-17.703329346923823],[-64.22183205015119,-17.70428947942075],[-64.22229680959674,-17.70530482476012],[-64.22266677936607,-17.70615084593397],[-64.22283519210453,-17.706814182966912],[-64.22331625401199,-17.707803997904072],[-64.2236787469221,-17.70877377771787],[-64.22391361035531,-17.709431864817194],[-64.22413558436416,-17.710055464116724],[-64.22464112014514,-17.711293953095236]]}},{"type":"Feature","properties":{"id":"street_dimaeta_infill_2_12","group":null,"name":null,"settlement_id":"settlement_dimaeta","country_id":"country_stsutodo","district_id":null,"status":"active","surface":"paved","access":"public","bridge":null,"tunnel":null,"oneway":null,"route_id":null,"alt_name":null,"notes":null},"geometry":{"type":"LineString","coordinates":[[-64.21966586211755,-17.70299368700188],[-64.22009778532468,-17.703936296242517],[-64.22058755406181,-17.704976006909813],[-64.2210714940402,-17.706079050831804],[-64.22145091879865,-17.707011124835578],[-64.22161349022345,-17.707674891753207],[-64.22202393756857,-17.708614562513045],[-64.22232788427134,-17.709491094214723],[-64.22252137394956,-17.71006686085296],[-64.22272054285703,-17.710633102008785],[-64.22324504342096,-17.71181697895732]]}},{"type":"Feature","properties":{"id":"street_dimaeta_infill_2_13","group":null,"name":null,"settlement_id":"settlement_dimaeta","country_id":"country_stsutodo","district_id":null,"status":"active","surface":"paved","access":"public","bridge":null,"tunnel":null,"oneway":null,"route_id":null,"alt_name":null,"notes":null},"geometry":{"type":"LineString","coordinates":[[-64.21828274597938,-17.7035645576517],[-64.21878933097621,-17.704506096372917],[-64.21925531195991,-17.705567664606566],[-64.21970743905358,-17.706689851756465],[-64.22006155824076,-17.707646245706147],[-64.2202440619306,-17.70827654129091],[-64.22058239209613,-17.709195250747808],[-64.22087966349464,-17.71003865776443],[-64.22107767513708,-17.71058612408526],[-64.22129722667597,-17.711150388986134],[-64.22185083498717,-17.712339304883525]]}},{"type":"Feature","properties":{"id":"street_dimaeta_infill_2_14","group":null,"name":null,"settlement_id":"settlement_dimaeta","country_id":"country_stsutodo","district_id":null,"status":"active","surface":"paved","access":"public","bridge":null,"tunnel":null,"oneway":null,"route_id":null,"alt_name":null,"notes":null},"geometry":{"type":"LineString","coordinates":[[-64.21697420912618,-17.70410344481564],[-64.21752054832632,-17.705052689510765],[-64.2179431092285,-17.70611714274072],[-64.21835318190533,-17.70723081826928],[-64.2186828224071,-17.70818357096879],[-64.21892230222933,-17.708784018113782],[-64.21918996587152,-17.70967456274193],[-64.21950870794187,-17.710509916179525],[-64.2197338656175,-17.71105531372761],[-64.21998811617533,-17.711640234777068],[-64.22053222298703,-17.712833309379253]]}},{"type":"Feature","properties":{"id":"street_dimaeta_infill_2_15","group":null,"name":null,"settlement_id":"settlement_dimaeta","country_id":"country_stsutodo","district_id":null,"status":"active","surface":"paved","access":"public","bridge":null,"tunnel":null,"oneway":null,"route_id":null,"alt_name":null,"notes":null},"geometry":{"type":"LineString","coordinates":[[-64.21570994070449,-17.70460233347068],[-64.21625209543095,-17.705583080632227],[-64.21663250874589,-17.706643300735237],[-64.21701220235998,-17.707737606768358],[-64.21733657196793,-17.70867806950832],[-64.21765286847571,-17.709271404896352],[-64.21787473634838,-17.710120398331668],[-64.21823059815554,-17.710962444110002],[-64.2184895881741,-17.711520378380744],[-64.21877446121937,-17.712132628437764],[-64.21926581232307,-17.71330775717843]]}},{"type":"Feature","properties":{"id":"street_dimaeta_infill_2_16","group":null,"name":null,"settlement_id":"settlement_dimaeta","country_id":"country_stsutodo","district_id":null,"status":"active","surface":"paved","access":"public","bridge":null,"tunnel":null,"oneway":null,"route_id":null,"alt_name":null,"notes":null},"geometry":{"type":"LineString","coordinates":[[-64.21318169535127,-17.70559999575682],[-64.21359943077718,-17.706664444137086],[-64.21394103389146,-17.707666091336105],[-64.21432048709529,-17.708681027271165],[-64.21469589642122,-17.709583480667185],[-64.21510615333584,-17.71022444699078],[-64.21537233863198,-17.710995571433028],[-64.21579965807453,-17.71189865759151],[-64.21609350061559,-17.712506697899794],[-64.21638526303659,-17.713167027203777],[-64.21673328297923,-17.714256543387936]]}},{"type":"Feature","properties":{"id":"street_dimaeta_infill_2_17","group":null,"name":null,"settlement_id":"settlement_dimaeta","country_id":"country_stsutodo","district_id":null,"status":"active","surface":"paved","access":"public","bridge":null,"tunnel":null,"oneway":null,"route_id":null,"alt_name":null,"notes":null},"geometry":{"type":"LineString","coordinates":[[-64.21157969833764,-17.70623215434102],[-64.2119249061344,-17.70732765993639],[-64.21227659578015,-17.70827449916427],[-64.21268097781642,-17.709239041266457],[-64.21309834171234,-17.71013408750824],[-64.21348975303825,-17.710821161523672],[-64.21383200188654,-17.711576234653126],[-64.2142713453209,-17.71252641658159],[-64.21455061918398,-17.713155381466493],[-64.2148154586454,-17.713822481090734],[-64.21512857145845,-17.714857732142125]]}},{"type":"Feature","properties":{"id":"street_dimaeta_infill_2_18","group":null,"name":null,"settlement_id":"settlement_dimaeta","country_id":"country_stsutodo","district_id":null,"status":"active","surface":"paved","access":"public","bridge":null,"tunnel":null,"oneway":null,"route_id":null,"alt_name":null,"notes":null},"geometry":{"type":"LineString","coordinates":[[-64.21057284436013,-17.70662946555915],[-64.21087765441578,-17.70774109961005],[-64.2112567090549,-17.70863821508938],[-64.21169184267514,-17.709564824046655],[-64.21214124506449,-17.71046086168915],[-64.21247384660705,-17.7111961961809],[-64.21289161459788,-17.711954194790593],[-64.21331791707345,-17.712944886705067],[-64.21356577837676,-17.713586337758766],[-64.21379488214315,-17.714245798005464],[-64.2141200114151,-17.71523557884424]]}},{"type":"Feature","properties":{"id":"street_dimaeta_infill_2_19","group":null,"name":null,"settlement_id":"settlement_dimaeta","country_id":"country_stsutodo","district_id":null,"status":"active","surface":"paved","access":"public","bridge":null,"tunnel":null,"oneway":null,"route_id":null,"alt_name":null,"notes":null},"geometry":{"type":"LineString","coordinates":[[-64.20896957465067,-17.707262126357517],[-64.20927931741373,-17.70836516912693],[-64.20968120365632,-17.709205190541685],[-64.21013356793156,-17.71009936255703],[-64.21059832926728,-17.711017097632837],[-64.21085616217103,-17.711793384769674],[-64.21132409855787,-17.712579237667743],[-64.2117256157822,-17.71360754677168],[-64.21193610636665,-17.71424375476591],[-64.21213487601581,-17.71487986981991],[-64.21251402504194,-17.715837245208824]]}},{"type":"Feature","properties":{"id":"street_dimaeta_infill_2_20","group":null,"name":null,"settlement_id":"settlement_dimaeta","country_id":"country_stsutodo","district_id":null,"status":"active","surface":"paved","access":"public","bridge":null,"tunnel":null,"oneway":null,"route_id":null,"alt_name":null,"notes":null},"geometry":{"type":"LineString","coordinates":[[-64.20790042035352,-17.70768402169254],[-64.20825934502456,-17.708759026867735],[-64.2086738917271,-17.709560207544243],[-64.20912536967704,-17.710443127533715],[-64.20958091365858,-17.7113916943139],[-64.2097773952886,-17.712191625154382],[-64.21024869849226,-17.713020381045336],[-64.21062093548852,-17.7140679473344],[-64.21080338107527,-17.714685875710398],[-64.21098920779522,-17.71528985532516],[-64.21144305911407,-17.71623847163713]]}},{"type":"Feature","properties":{"id":"street_dimaeta_infill_2_21","group":null,"name":null,"settlement_id":"settlement_dimaeta","country_id":"country_stsutodo","district_id":null,"status":"active","surface":"paved","access":"public","bridge":null,"tunnel":null,"oneway":null,"route_id":null,"alt_name":null,"notes":null},"geometry":{"type":"LineString","coordinates":[[-64.20509286749477,-17.708791900561955],[-64.20558891746792,-17.709767494985076],[-64.20595992635307,-17.710524522920323],[-64.20634777101567,-17.71142022234851],[-64.20674687782231,-17.71245555120697],[-64.20694460019733,-17.71323738714922],[-64.20730755639798,-17.7141714151227],[-64.20766997773597,-17.71521795849244],[-64.20785697062588,-17.71576474275483],[-64.20808073719377,-17.7163009272587],[-64.20863074899152,-17.717292074853074]]}},{"type":"Feature","properties":{"id":"street_dimaeta_infill_2_22","group":null,"name":null,"settlement_id":"settlement_dimaeta","country_id":"country_stsutodo","district_id":null,"status":"active","surface":"paved","access":"public","bridge":null,"tunnel":null,"oneway":null,"route_id":null,"alt_name":null,"notes":null},"geometry":{"type":"LineString","coordinates":[[-64.20379028295595,-17.709305909009448],[-64.20431880774564,-17.710231729031772],[-64.20464636478698,-17.710990285791755],[-64.20499369243602,-17.71190504321576],[-64.20537023577462,-17.712978250913224],[-64.20563030434143,-17.713722576021627],[-64.20592664568153,-17.71469611510728],[-64.20631599466981,-17.71572442637033],[-64.20653305635977,-17.716233509205544],[-64.20679268448217,-17.716748927822458],[-64.20732595728562,-17.71778090171696]]}},{"type":"Feature","properties":{"id":"street_dimaeta_infill_2_23","group":null,"name":null,"settlement_id":"settlement_dimaeta","country_id":"country_stsutodo","district_id":null,"status":"active","surface":"paved","access":"public","bridge":null,"tunnel":null,"oneway":null,"route_id":null,"alt_name":null,"notes":null},"geometry":{"type":"LineString","coordinates":[[-64.2024678111012,-17.70982776512293],[-64.20298187187043,-17.710716912819418],[-64.20326776216045,-17.71148565757482],[-64.20358654658575,-17.712417519905184],[-64.203959989144,-17.713516967555645],[-64.20429594236609,-17.71421517255481],[-64.20455527142276,-17.71520892645781],[-64.20498555744955,-17.716216336398084],[-64.20523668549295,-17.716695506156206],[-64.20552549353569,-17.717204950626563],[-64.20600124456567,-17.71827719178495]]}},{"type":"Feature","properties":{"id":"street_dimaeta_infill_2_24","group":null,"name":null,"settlement_id":"settlement_dimaeta","country_id":"country_stsutodo","district_id":null,"status":"active","surface":"paved","access":"public","bridge":null,"tunnel":null,"oneway":null,"route_id":null,"alt_name":null,"notes":null},"geometry":{"type":"LineString","coordinates":[[-64.20120589607048,-17.71032572511438],[-64.20166349405287,-17.71119863556864],[-64.20192310134371,-17.71198047430812],[-64.20223469951407,-17.712921329923766],[-64.20262719783425,-17.714031161366876],[-64.20302268167093,-17.71468521278067],[-64.20329071803876,-17.715676343763093],[-64.20376212479012,-17.716666904140677],[-64.20403734016475,-17.717129702710405],[-64.20433708466848,-17.71764884387565],[-64.20473719128039,-17.718750756416323]]}},{"type":"Feature","properties":{"id":"street_dimaeta_infill_2_25","group":null,"name":null,"settlement_id":"settlement_dimaeta","country_id":"country_stsutodo","district_id":null,"status":"active","surface":"paved","access":"public","bridge":null,"tunnel":null,"oneway":null,"route_id":null,"alt_name":null,"notes":null},"geometry":{"type":"LineString","coordinates":[[-64.23831309167498,-17.696266020067057],[-64.23699306185911,-17.69667046345056],[-64.23541991256934,-17.697305193874953],[-64.23443795833437,-17.697738989916378],[-64.23305807197492,-17.698368121648873],[-64.23189677911172,-17.698920604602623],[-64.23056175203999,-17.6995350813338],[-64.22914354546717,-17.700155873221266],[-64.22792408320254,-17.700664768574637],[-64.22668481852028,-17.701149614236094],[-64.22532698137775,-17.70167623658771],[-64.22397146151833,-17.702205288974188],[-64.22235837315269,-17.702884937030557],[-64.22137436900708,-17.703329346923823],[-64.22009778532468,-17.703936296242517],[-64.21878933097621,-17.704506096372917],[-64.21752054832632,-17.705052689510765],[-64.21625209543095,-17.705583080632227],[-64.2150547372539,-17.706079074039245],[-64.21359943077718,-17.706664444137086],[-64.2119249061344,-17.70732765993639],[-64.21087765441578,-17.70774109961005],[-64.20927931741373,-17.70836516912693],[-64.20825934502456,-17.708759026867735],[-64.20666029169828,-17.709370997052716],[-64.20558891746792,-17.709767494985076],[-64.20431880774564,-17.710231729031772],[-64.20298187187043,-17.710716912819418],[-64.20166349405287,-17.71119863556864],[-64.20024072689706,-17.711832516675383]]}},{"type":"Feature","properties":{"id":"street_dimaeta_infill_2_26","group":null,"name":null,"settlement_id":"settlement_dimaeta","country_id":"country_stsutodo","district_id":null,"status":"active","surface":"paved","access":"public","bridge":null,"tunnel":null,"oneway":null,"route_id":null,"alt_name":null,"notes":null},"geometry":{"type":"LineString","coordinates":[[-64.23871955379784,-17.697306717368722],[-64.2373809984319,-17.697693106164273],[-64.23583508966789,-17.69833929176055],[-64.23487395536534,-17.698784990610893],[-64.23349283587167,-17.69940780550426],[-64.2323091309045,-17.699941371679355],[-64.23093487546842,-17.700520192852462],[-64.22947386328502,-17.70109403527416],[-64.22822610472811,-17.701561053301894],[-64.22697990860904,-17.70200934452709],[-64.22564316719613,-17.702521451176906],[-64.2243269154505,-17.70305671324988],[-64.2227680864637,-17.703781399817494],[-64.22183205015119,-17.70428947942075],[-64.22058755406181,-17.704976006909813],[-64.21925531195991,-17.705567664606566],[-64.2179431092285,-17.70611714274072],[-64.21663250874589,-17.706643300735237],[-64.21540628258148,-17.70712064096342],[-64.21394103389146,-17.707666091336105],[-64.21227659578015,-17.70827449916427],[-64.2112567090549,-17.70863821508938],[-64.20968120365632,-17.709205190541685],[-64.2086738917271,-17.709560207544243],[-64.20706175996325,-17.71013782960126],[-64.20595992635307,-17.710524522920323],[-64.20464636478698,-17.710990285791755],[-64.20326776216045,-17.71148565757482],[-64.20192310134371,-17.71198047430812],[-64.2005473823714,-17.712568227073778]]}},{"type":"Feature","properties":{"id":"street_dimaeta_infill_2_27","group":null,"name":null,"settlement_id":"settlement_dimaeta","country_id":"country_stsutodo","district_id":null,"status":"active","surface":"paved","access":"public","bridge":null,"tunnel":null,"oneway":null,"route_id":null,"alt_name":null,"notes":null},"geometry":{"type":"LineString","coordinates":[[-64.239289297185,-17.698765476678215],[-64.23800521019477,-17.69926624126669],[-64.23650693186448,-17.699932742323185],[-64.23555319462744,-17.700368412452207],[-64.23413675538802,-17.700954997278643],[-64.23288896594342,-17.701433829629895],[-64.23144746409189,-17.701952722627347],[-64.22994276515107,-17.702475257792003],[-64.22869652426245,-17.702921532693445],[-64.2274956295251,-17.70338091954578],[-64.2262420720774,-17.703957090368725],[-64.22501572608442,-17.704592893164985],[-64.22354799337492,-17.705481855608486],[-64.22266677936607,-17.70615084593397],[-64.22145091879865,-17.707011124835578],[-64.22006155824076,-17.707646245706147],[-64.2186828224071,-17.70818357096879],[-64.21733657196793,-17.70867806950832],[-64.21611648232356,-17.709102651754804],[-64.21469589642122,-17.709583480667185],[-64.21309834171234,-17.71013408750824],[-64.21214124506449,-17.71046086168915],[-64.21059832926728,-17.711017097632837],[-64.20958091365858,-17.7113916943139],[-64.20791863283257,-17.71201160710325],[-64.20674687782231,-17.71245555120697],[-64.20537023577462,-17.712978250913224],[-64.203959989144,-17.713516967555645],[-64.20262719783425,-17.714031161366876],[-64.20134668598948,-17.714485870920093]]}},{"type":"Feature","properties":{"id":"street_dimaeta_infill_2_28","group":null,"name":null,"settlement_id":"settlement_dimaeta","country_id":"country_stsutodo","district_id":null,"status":"active","surface":"paved","access":"public","bridge":null,"tunnel":null,"oneway":null,"route_id":null,"alt_name":null,"notes":null},"geometry":{"type":"LineString","coordinates":[[-64.23993053812697,-17.70040729686394],[-64.23875507863303,-17.700980830415542],[-64.23724067749883,-17.701582527659323],[-64.2362334423003,-17.70195030436569],[-64.23474632968704,-17.702474242410325],[-64.23343869868042,-17.702911682502155],[-64.23197115509377,-17.703415768892178],[-64.23048409972267,-17.7039520386617],[-64.22929132658793,-17.704435798076723],[-64.22815798968796,-17.704945132479807],[-64.22696029833558,-17.705575883860394],[-64.22575463743638,-17.70625390736368],[-64.2242606398073,-17.70715422323597],[-64.22331625401199,-17.707803997904072],[-64.22202393756857,-17.708614562513045],[-64.22058239209613,-17.709195250747808],[-64.21918996587152,-17.70967456274193],[-64.21787473634838,-17.710120398331668],[-64.2167185143718,-17.71051518970534],[-64.21537233863198,-17.710995571433028],[-64.21383200188654,-17.711576234653126],[-64.21289161459788,-17.711954194790593],[-64.21132409855787,-17.712579237667743],[-64.21024869849226,-17.713020381045336],[-64.20852368566129,-17.713697220489017],[-64.20730755639798,-17.7141714151227],[-64.20592664568153,-17.71469611510728],[-64.20455527142276,-17.71520892645781],[-64.20329071803876,-17.715676343763093],[-64.20200759726686,-17.716071524097725]]}},{"type":"Feature","properties":{"id":"street_dimaeta_infill_2_29","group":null,"name":null,"settlement_id":"settlement_dimaeta","country_id":"country_stsutodo","district_id":null,"status":"active","surface":"paved","access":"public","bridge":null,"tunnel":null,"oneway":null,"route_id":null,"alt_name":null,"notes":null},"geometry":{"type":"LineString","coordinates":[[-64.24036951689537,-17.701531249119476],[-64.23924130659172,-17.702075340910373],[-64.23769991881996,-17.702648672513384],[-64.23665795971255,-17.703000132549406],[-64.2351437271077,-17.70352190443676],[-64.23382720674832,-17.703972250865938],[-64.23237332012843,-17.70450003593305],[-64.23091738397503,-17.70506479374304],[-64.22975894865857,-17.70557022361363],[-64.22865047359983,-17.70608990173611],[-64.22745596739666,-17.70671395769137],[-64.22622906396585,-17.70736621729279],[-64.22468406588781,-17.708201494749922],[-64.2236787469221,-17.70877377771787],[-64.22232788427134,-17.709491094214723],[-64.22087966349464,-17.71003865776443],[-64.21950870794187,-17.710509916179525],[-64.21823059815554,-17.710962444110002],[-64.2171144603004,-17.711379363280116],[-64.21579965807453,-17.71189865759151],[-64.2142713453209,-17.71252641658159],[-64.21331791707345,-17.712944886705067],[-64.2117256157822,-17.71360754677168],[-64.21062093548852,-17.7140679473344],[-64.20888186252736,-17.714753841735448],[-64.20766997773597,-17.71521795849244],[-64.20631599466981,-17.71572442637033],[-64.20498555744955,-17.716216336398084],[-64.20376212479012,-17.716666904140677],[-64.20245138156601,-17.717136681607897]]}},{"type":"Feature","properties":{"id":"street_dimaeta_infill_2_30","group":null,"name":null,"settlement_id":"settlement_dimaeta","country_id":"country_stsutodo","district_id":null,"status":"active","surface":"paved","access":"public","bridge":null,"tunnel":null,"oneway":null,"route_id":null,"alt_name":null,"notes":null},"geometry":{"type":"LineString","coordinates":[[-64.24080194630267,-17.70263843252484],[-64.23969077038575,-17.703092709036387],[-64.23810365394382,-17.703626015934315],[-64.23702337179785,-17.703964632865006],[-64.23548443257292,-17.70447905498944],[-64.23416707389649,-17.704935653706926],[-64.23273112234516,-17.70546907638301],[-64.23130205891061,-17.706033668063675],[-64.23016527028292,-17.706528105681254],[-64.22906076483176,-17.707020591267494],[-64.22784536297277,-17.70759865168076],[-64.22657735407094,-17.70819099543419],[-64.22497246124377,-17.70893857539658],[-64.22391361035531,-17.709431864817194],[-64.22252137394956,-17.71006686085296],[-64.22107767513708,-17.71058612408526],[-64.2197338656175,-17.71105531372761],[-64.2184895881741,-17.711520378380744],[-64.21740007371913,-17.711960692913355],[-64.21609350061559,-17.712506697899794],[-64.21455061918398,-17.713155381466493],[-64.21356577837676,-17.713586337758766],[-64.21193610636665,-17.71424375476591],[-64.21080338107527,-17.714685875710398],[-64.20905509616216,-17.715338283130073],[-64.20785697062588,-17.71576474275483],[-64.20653305635977,-17.716233509205544],[-64.20523668549295,-17.716695506156206],[-64.20403734016475,-17.717129702710405],[-64.20267319739618,-17.717669081272266]]}},{"type":"Feature","properties":{"id":"street_dimaeta_infill_2_31","group":null,"name":null,"settlement_id":"settlement_dimaeta","country_id":"country_stsutodo","district_id":null,"status":"active","surface":"paved","access":"public","bridge":null,"tunnel":null,"oneway":null,"route_id":null,"alt_name":null,"notes":null},"geometry":{"type":"LineString","coordinates":[[-64.24120641113696,-17.703674016009742],[-64.24008798662653,-17.704038259710376],[-64.23845922704126,-17.704561309772092],[-64.23735362697931,-17.70491049675884],[-64.23580900478375,-17.705434571840847],[-64.2345081980416,-17.705902802100173],[-64.23310038956718,-17.706437044754267],[-64.2316978445992,-17.706988316689113],[-64.23057241244103,-17.707453567562673],[-64.22945672904216,-17.70790155026579],[-64.22820730656463,-17.708422525711107],[-64.22689285850494,-17.708953268204425],[-64.22523380827579,-17.709623301295245],[-64.22413558436416,-17.710055464116724],[-64.22272054285703,-17.710633102008785],[-64.22129722667597,-17.711150388986134],[-64.21998811617533,-17.711640234777068],[-64.21877446121937,-17.712132628437764],[-64.21769929344954,-17.712600401857895],[-64.21638526303659,-17.713167027203777],[-64.2148154586454,-17.713822481090734],[-64.21379488214315,-17.714245798005464],[-64.21213487601581,-17.71487986981991],[-64.21098920779522,-17.71528985532516],[-64.20925052335734,-17.71590565398238],[-64.20808073719377,-17.7163009272587],[-64.20679268448217,-17.716748927822458],[-64.20552549353569,-17.717204950626563],[-64.20433708466848,-17.71764884387565],[-64.20292226423072,-17.71824567629815]]}},{"type":"Feature","properties":{"id":"street_dimaeta_infill_2_32","group":null,"name":null,"settlement_id":"settlement_dimaeta","country_id":"country_stsutodo","district_id":null,"status":"active","surface":"paved","access":"public","bridge":null,"tunnel":null,"oneway":null,"route_id":null,"alt_name":null,"notes":null},"geometry":{"type":"LineString","coordinates":[[-64.22753023544296,-17.699747726820473],[-64.22668481852028,-17.701149614236094],[-64.22564316719613,-17.702521451176906],[-64.2247063864765,-17.703920517562057]]}},{"type":"Feature","properties":{"id":"street_dimaeta_infill_2_33","group":null,"name":null,"settlement_id":"settlement_dimaeta","country_id":"country_stsutodo","district_id":null,"status":"active","surface":"paved","access":"public","bridge":null,"tunnel":null,"oneway":null,"route_id":null,"alt_name":null,"notes":null},"geometry":{"type":"LineString","coordinates":[[-64.21579965807453,-17.71189865759151],[-64.21455061918398,-17.713155381466493],[-64.21379488214315,-17.714245798005464],[-64.21251402504194,-17.715837245208824]]}}]}
