{"type":"FeatureCollection","name":"buildings_major","features":[{"type":"Feature","properties":{"id":"bldg_baropolice","name":"Baro Police Station","settlement_id":"stl_baro","country_id":"country_duvessa","district_id":"district_gunsey","building_type":"civic","status":"active","access":"restricted","wiki_id":null,"label_rank":3,"zoom_min":14,"notes":"Small town police station"},"geometry":{"type":"Polygon","coordinates":[[[-3.632484643117009,29.83709125563325],[-3.63201786924682,29.836792774382925],[-3.631855927291856,29.83701187232199],[-3.632322701162045,29.837323054902118],[-3.632484643117009,29.83709125563325]]]}},{"type":"Feature","properties":{"id":"bldg_batho_residential13","name":"13","settlement_id":"stl_botho","country_id":"country_duvessa","district_id":"dist_gunsey","building_type":"residential","status":"active","access":"private","wiki_id":null,"label_rank":4,"zoom_min":16,"notes":"Modest residential building"},"geometry":{"type":"Polygon","coordinates":[[[-3.475052061445964,29.696481874680817],[-3.474977033395126,29.69659120251278],[-3.474923942257737,29.696560494587885],[-3.474957679612753,29.69651170493118],[-3.474896154848401,29.69647190613696],[-3.474953303110316,29.696393377924135],[-3.475034337126821,29.696445779282776],[-3.475020875046933,29.696464418920645],[-3.475052061445964,29.696481874680817]]]}},{"type":"Feature","properties":{"id":"bldg_botho_residential14","name":"14","settlement_id":"stl_botho","country_id":"country_duvessa","district_id":"dist_gunsey","building_type":"residential","status":"active","access":"private","wiki_id":null,"label_rank":4,"zoom_min":16,"notes":null},"geometry":{"type":"Polygon","coordinates":[[[-3.474664416319875,29.696710015390764],[-3.474622455120097,29.69673260988295],[-3.474606854161205,29.696710553354862],[-3.474539070684641,29.69674874880594],[-3.474437395469794,29.6966347004168],[-3.474624606976497,29.69650860163183],[-3.474717674765746,29.696643307842397],[-3.474649353325082,29.696686344970374],[-3.474664416319875,29.696710015390764]]]}},{"type":"Feature","properties":{"id":"bldg_gunseylibrary","name":"Gunsey Library","settlement_id":"stl_gunsey","country_id":"country_duvessa","district_id":"dist_gunsey","building_type":"civic","status":"active","access":"public","wiki_id":null,"label_rank":3,"zoom_min":14,"notes":null},"geometry":{"type":"Polygon","coordinates":[[[-3.665819422349421,29.713340693180868],[-3.665770859577855,29.713208494524938],[-3.665646754717187,29.713257057296506],[-3.665514556061258,29.712954888940097],[-3.665312211179734,29.71303312896095],[-3.665635962990172,29.71379124778373],[-3.665805932690652,29.713699518104104],[-3.665684525761738,29.7134027456112],[-3.665819422349421,29.713340693180868]]]}},{"type":"Feature","properties":{"id":"bldg_matthewshouse","name":"Matthews House","settlement_id":"stl_botho","country_id":"country_duvessa","district_id":"distrct_gunsey","building_type":"residential","status":"active","access":"private","wiki_id":null,"label_rank":null,"zoom_min":14,"notes":null},"geometry":{"type":"Polygon","coordinates":[[[-3.475020760056624,29.69616821548444],[-3.475057437206253,29.69597676076338],[-3.474868183114168,29.695932014640846],[-3.47483737430848,29.6961242029049],[-3.475020760056624,29.69616821548444]]]}},{"type":"Feature","properties":{"id":"bldg_genesismarket","name":"Genesis Market","settlement_id":"stl_genesis","country_id":"country_velu","district_id":"dst_genesis","building_type":"commercial","status":"active","access":"public","wiki_id":null,"label_rank":4,"zoom_min":14,"notes":null},"geometry":{"type":"Polygon","coordinates":[[[8.460282567124738,26.544225820702454],[8.460277352219176,26.544409383245597],[8.460516408670607,26.54442121400119],[8.46051601295634,26.544370223973388],[8.46055496088749,26.54437152021227],[8.460552625833918,26.544293504788783],[8.46051609646983,26.54428898180666],[8.46052032827077,26.544243152165283],[8.460282567124738,26.544225820702454]]]}},{"type":"Feature","properties":{"id":"bldg_genesismarket1","name":null,"settlement_id":"stl_genesis","country_id":"country_velu","district_id":"dst_genesis","building_type":"commercial","status":"active","access":"public","wiki_id":null,"label_rank":4,"zoom_min":14,"notes":"Second building of the Genesis Market"},"geometry":{"type":"Polygon","coordinates":[[[1.112300333407432,26.713778973629285],[1.112310408903649,26.71386598927843],[1.112248124017946,26.71386782118683],[1.112267359056178,26.713970408057403],[1.112318652491463,26.71395758469858],[1.112332391804486,26.714045516301926],[1.112598018522927,26.71401071004227],[1.112542145316634,26.713741419507024],[1.112300333407432,26.713778973629285]]]}},{"type":"Feature","properties":{"id":"bldg_watchtower","name":"Genesis Port Tower","settlement_id":"stl_genesis","country_id":"country_velu","district_id":"dst_genesis","building_type":"industrial","status":"active","access":"restricted","wiki_id":null,"label_rank":4,"zoom_min":14,"notes":null},"geometry":{"type":"Polygon","coordinates":[[[1.111974864347826,26.713726153603673],[1.111945553813377,26.713535635129755],[1.112292395137686,26.713491669328082],[1.112314378038523,26.713677302712924],[1.111974864347826,26.713726153603673]]]}},{"type":"Feature","properties":{"id":"bldg_genesis-_stgn31","name":"STGN-3-1","settlement_id":"stl_genesis","country_id":"country_velu","district_id":"dst_genesis","building_type":"residential","status":"active","access":"private","wiki_id":null,"label_rank":4,"zoom_min":14,"notes":null},"geometry":{"type":"Polygon","coordinates":[[[1.111763191291502,26.714578255333986],[1.111732090104735,26.714382896456687],[1.111830149113952,26.714369821922123],[1.111847581826702,26.71456158176237],[1.111763191291502,26.714578255333986]]]}},{"type":"Feature","properties":{"id":"bldg_genesis-_stgn32","name":"STGN-3-2","settlement_id":"stl_genesis","country_id":"country_velu","district_id":"dst_genesis","building_type":"residential","status":"active","access":"private","wiki_id":null,"label_rank":4,"zoom_min":14,"notes":null},"geometry":{"type":"Polygon","coordinates":[[[1.111887348235979,26.71455472589183],[1.111865014539452,26.714352389209377],[1.111939103568638,26.714345851942095],[1.111960894459576,26.71454196996053],[1.111887348235979,26.71455472589183]]]}},{"type":"Feature","properties":{"id":"bldg_genesis-_stgn33","name":"STGN-3-3","settlement_id":"stl_genesis","country_id":"country_velu","district_id":"dst_genesis","building_type":"residential","status":"active","access":"private","wiki_id":null,"label_rank":4,"zoom_min":14,"notes":null},"geometry":{"type":"Polygon","coordinates":[[[1.112011013508731,26.714533253604156],[1.111984864439607,26.71433713558572],[1.112065490736074,26.714321881962064],[1.112093818894293,26.714528895425968],[1.112011013508731,26.714533253604156]]]}},{"type":"Feature","properties":{"id":"bldg_genesis-_stgn34","name":"STGN-3-4","settlement_id":"stl_genesis","country_id":"country_velu","district_id":"dst_genesis","building_type":"residential","status":"active","access":"private","wiki_id":null,"label_rank":4,"zoom_min":14,"notes":null},"geometry":{"type":"Polygon","coordinates":[[[1.112122147052511,26.714448269129498],[1.112329160516414,26.71442647823856],[1.11234441414007,26.714491850911376],[1.112135868937906,26.714524066478624],[1.112122147052511,26.714448269129498]]]}},{"type":"Feature","properties":{"id":"bldg_genesis-_stgn35","name":"STGN-3-5","settlement_id":"stl_genesis","country_id":"country_velu","district_id":"dst_genesis","building_type":"residential","status":"active","access":"private","wiki_id":null,"label_rank":4,"zoom_min":14,"notes":null},"geometry":{"type":"Polygon","coordinates":[[[1.112635594920218,26.714361377951903],[1.112602502462972,26.71412526047179],[1.11267100511799,26.71411704758727],[1.112701512365303,26.714354568298486],[1.112635594920218,26.714361377951903]]]}},{"type":"Feature","properties":{"id":"bldg_genesis-_stgn36","name":"STGN-3-6","settlement_id":"stl_genesis","country_id":"country_velu","district_id":"dst_genesis","building_type":"residential","status":"active","access":"private","wiki_id":null,"label_rank":4,"zoom_min":14,"notes":null},"geometry":{"type":"Polygon","coordinates":[[[1.112288943647977,26.71430227799132],[1.112111251607042,26.714326240140252],[1.112102535250667,26.714219464774658],[1.112028446221481,26.714232539309222],[1.1120219089542,26.714169345725505],[1.11227615186728,26.714138695198347],[1.112288943647977,26.71430227799132]]]}},{"type":"Feature","properties":{"id":"building_pgq_building1","name":"Community Center","settlement_id":"settlement_pointgolqik","country_id":"country_velu","district_id":null,"building_type":"civic","status":"active","access":"public","wiki_id":null,"label_rank":null,"zoom_min":16,"notes":null},"geometry":{"type":"Polygon","coordinates":[[[8.461534767976193,26.544621195538923],[8.461534248551096,26.544724741992525],[8.461233560377948,26.54470774638548],[8.461246631750189,26.54459985228829],[8.461353671971999,26.544603296231337],[8.461352469425574,26.544553269888624],[8.4614532336738,26.544558887653444],[8.461448444871777,26.544614296961022],[8.461534767976193,26.544621195538923]]]}},{"type":"Feature","properties":{"id":"building_pgq_building1","name":"Community Center","settlement_id":"settlement_pointgolqik","country_id":"country_velu","district_id":null,"building_type":"civic","status":"active","access":"public","wiki_id":null,"label_rank":null,"zoom_min":16,"notes":null},"geometry":{"type":"Polygon","coordinates":[[[8.456416881150705,26.547065822609554],[8.4564283202606,26.546943805437323],[8.45678102614906,26.546995281431848],[8.456754334892636,26.547121111640706],[8.456628504683778,26.54710585949418],[8.456624691647146,26.547164961561975],[8.456506487511554,26.547147802897143],[8.456517926621451,26.547082981274386],[8.456416881150705,26.547065822609554]]]}},{"type":"Feature","properties":{"id":"building_pgq_building1","name":"Community Center","settlement_id":"settlement_pointgolqik","country_id":"country_velu","district_id":null,"building_type":"civic","status":"active","access":"public","wiki_id":null,"label_rank":null,"zoom_min":16,"notes":null},"geometry":{"type":"Polygon","coordinates":[[[8.449803028597731,26.546509446515852],[8.449421003705101,26.546482723272334],[8.449418582208718,26.546614369943004],[8.449528221531324,26.546624609371264],[8.449522820905226,26.546678660070903],[8.449529400484096,26.546679768478803],[8.44952924983534,26.546680856338288],[8.449530837344174,26.546681095964566],[8.44953066441256,26.54668252382144],[8.449531153280738,26.546682586506133],[8.449532745735148,26.54668279069721],[8.44953239096531,26.546686390326148],[8.449535988264419,26.546686652634442],[8.449537589505272,26.546686769393915],[8.449537183999244,26.546696085251803],[8.449649212860763,26.546703835350314],[8.449648534690372,26.546640208244455],[8.449784573819947,26.546646407578045],[8.449803028597731,26.546509446515852]]]}},{"type":"Feature","properties":{"id":"building_pgq_building1","name":"Community Center","settlement_id":"settlement_pointgolqik","country_id":"country_velu","district_id":null,"building_type":"civic","status":"active","access":"public","wiki_id":null,"label_rank":null,"zoom_min":16,"notes":null},"geometry":{"type":"Polygon","coordinates":[[[8.457960804868492,26.544717730062864],[8.457965458227925,26.544563540281057],[8.458412629085867,26.544600117944423],[8.458389119511011,26.54476031225718],[8.458229836123266,26.544751172575133],[8.458229752604849,26.544825720663066],[8.458079897324827,26.544813578715562],[8.458089105309282,26.54473123839788],[8.457960804868492,26.544717730062864]]]}},{"type":"Feature","properties":{"id":"building_pgq_building1","name":"Community Center","settlement_id":"settlement_pointgolqik","country_id":"country_velu","district_id":null,"building_type":"civic","status":"active","access":"public","wiki_id":null,"label_rank":null,"zoom_min":16,"notes":null},"geometry":{"type":"Polygon","coordinates":[[[8.454759371933232,26.546252426625536],[8.45476095530238,26.546117439839005],[8.45515280740538,26.546142228181346],[8.455134822277724,26.546282773048674],[8.454995306333565,26.54627734647067],[8.454996436253413,26.546342575285124],[8.454865121188543,26.54633436966675],[8.454871849173571,26.546262175628677],[8.454759371933232,26.546252426625536]]]}},{"type":"Feature","properties":{"id":"building_pgq_building1","name":"Community Center","settlement_id":"settlement_pointgolqik","country_id":"country_velu","district_id":null,"building_type":"civic","status":"active","access":"public","wiki_id":null,"label_rank":null,"zoom_min":16,"notes":null},"geometry":{"type":"Polygon","coordinates":[[[8.454642473754227,26.546420203888324],[8.45453315062391,26.546419557288093],[8.454551379614838,26.54610210893108],[8.454665281053686,26.546116011912435],[8.454661543454616,26.546229020965466],[8.454714362058425,26.546227798766168],[8.45470833530511,26.54633417962863],[8.454649839086269,26.546329071099308],[8.454642473754227,26.546420203888324]]]}},{"type":"Feature","properties":{"id":null,"name":null,"settlement_id":"settlemen_pointgolqik","country_id":"country_velu","district_id":null,"building_type":"","status":null,"access":null,"wiki_id":null,"label_rank":null,"zoom_min":null,"notes":null},"geometry":{"type":"Polygon","coordinates":[[[8.44940064507962,26.546323277606778],[8.449410779729739,26.546157069344847],[8.449777654063993,26.54618950022522],[8.44975738476376,26.546353681557125],[8.44940064507962,26.546323277606778]]]}},{"type":"Feature","properties":{"id":null,"name":null,"settlement_id":null,"country_id":null,"district_id":null,"building_type":null,"status":null,"access":null,"wiki_id":null,"label_rank":null,"zoom_min":null,"notes":null},"geometry":{"type":"Polygon","coordinates":[[[-72.45564051451564,-22.06493552942908],[-72.45558168498422,-22.065062677125983],[-72.45542891797525,-22.065001949867757],[-72.45549344068712,-22.06487764876108],[-72.45564051451564,-22.06493552942908]]]}},{"type":"Feature","properties":{"id":null,"name":null,"settlement_id":null,"country_id":null,"district_id":null,"building_type":null,"status":null,"access":null,"wiki_id":null,"label_rank":null,"zoom_min":null,"notes":null},"geometry":{"type":"Polygon","coordinates":[[]]}},{"type":"Feature","properties":{"id":null,"name":null,"settlement_id":null,"country_id":null,"district_id":null,"building_type":null,"status":null,"access":null,"wiki_id":null,"label_rank":null,"zoom_min":null,"notes":null},"geometry":{"type":"Polygon","coordinates":[[[-72.45542891797525,-22.064902319209732],[-72.45536534412679,-22.06502662031641],[-72.45523724756647,-22.06497253510205],[-72.45533213390745,-22.06481027945898],[-72.45538052594135,-22.06482925672718],[-72.45535775321952,-22.0648700578538],[-72.45542891797525,-22.064902319209732]]]}},{"type":"Feature","properties":{"id":null,"name":null,"settlement_id":null,"country_id":null,"district_id":null,"building_type":null,"status":null,"access":null,"wiki_id":null,"label_rank":null,"zoom_min":null,"notes":null},"geometry":{"type":"Polygon","coordinates":[[[-72.45526666233218,-22.06478560901033],[-72.45511199759638,-22.064723932888693],[-72.45503798625042,-22.064845387405146],[-72.45511009986956,-22.064875751034254],[-72.45509112260136,-22.064912756707237],[-72.45516798053755,-22.064944069199765],[-72.45526666233218,-22.06478560901033]]]}},{"type":"Feature","properties":{"id":null,"name":null,"settlement_id":null,"country_id":null,"district_id":null,"building_type":null,"status":null,"access":null,"wiki_id":null,"label_rank":null,"zoom_min":null,"notes":null},"geometry":{"type":"Polygon","coordinates":[[[-72.45482828743684,-22.064720137435053],[-72.45482069652957,-22.064626199957484],[-72.4547182192813,-22.064628097684302],[-72.45472865677881,-22.064720137435053],[-72.45482828743684,-22.064720137435053]]]}},{"type":"Feature","properties":{"id":null,"name":null,"settlement_id":null,"country_id":null,"district_id":null,"building_type":null,"status":null,"access":null,"wiki_id":null,"label_rank":null,"zoom_min":null,"notes":null},"geometry":{"type":"Polygon","coordinates":[[[-72.45506360556249,-22.064691671532756],[-72.45497631012879,-22.06483589877104],[-72.45483777607095,-22.064788455600553],[-72.45489945219259,-22.064690722669347],[-72.45495163968013,-22.064708751074136],[-72.45498390103606,-22.064658461313414],[-72.45506360556249,-22.064691671532756]]]}},{"type":"Feature","properties":{"id":null,"name":null,"settlement_id":null,"country_id":null,"district_id":null,"building_type":null,"status":null,"access":null,"wiki_id":null,"label_rank":null,"zoom_min":null,"notes":null},"geometry":{"type":"Polygon","coordinates":[[[-72.45542176074476,-22.06542402877973],[-72.45538391113372,-22.06551865280732],[-72.45526799669992,-22.065478437595594],[-72.45531057751234,-22.065374351165246],[-72.45542176074476,-22.06542402877973]]]}},{"type":"Feature","properties":{"id":null,"name":null,"settlement_id":null,"country_id":null,"district_id":null,"building_type":null,"status":null,"access":null,"wiki_id":null,"label_rank":null,"zoom_min":null,"notes":null},"geometry":{"type":"Polygon","coordinates":[[[-72.45523132988924,-22.065346555357138],[-72.45519348027821,-22.065455372988865],[-72.45509530784958,-22.065418114778],[-72.45508880244769,-22.065436448183345],[-72.45501960862751,-22.065409243775413],[-72.45508525404665,-22.065264942133343],[-72.45523606109062,-22.065329996152308],[-72.45523132988924,-22.065346555357138]]]}},{"type":"Feature","properties":{"id":null,"name":null,"settlement_id":null,"country_id":null,"district_id":null,"building_type":null,"status":null,"access":null,"wiki_id":null,"label_rank":null,"zoom_min":null,"notes":null},"geometry":{"type":"Polygon","coordinates":[[[-72.45482740357146,-22.0651800762086],[-72.4547599839518,-22.065303087444462],[-72.45471385473836,-22.0652829798386],[-72.45472449994146,-22.065268786234462],[-72.45468191912904,-22.06524631302791],[-72.4546677255249,-22.06526523783343],[-72.4546334243149,-22.06525104422929],[-72.4547150375387,-22.065133946995147],[-72.45482740357146,-22.0651800762086]]]}},{"type":"Feature","properties":{"id":null,"name":null,"settlement_id":null,"country_id":null,"district_id":null,"building_type":null,"status":null,"access":null,"wiki_id":null,"label_rank":null,"zoom_min":null,"notes":null},"geometry":{"type":"Polygon","coordinates":[[[-72.45502493122905,-22.065258141031357],[-72.45497761921526,-22.065371689864467],[-72.4548285863718,-22.065316098248257],[-72.45488772638905,-22.06520254941515],[-72.45502493122905,-22.065258141031357]]]}},{"type":"Feature","properties":{"id":null,"name":null,"settlement_id":null,"country_id":null,"district_id":null,"building_type":null,"status":null,"access":null,"wiki_id":null,"label_rank":null,"zoom_min":null,"notes":null},"geometry":{"type":"Polygon","coordinates":[[[-72.45462987591387,-22.065105559786872],[-72.45451277867973,-22.06505233377135],[-72.45445363866249,-22.06517061380584],[-72.45456955309628,-22.065235667824805],[-72.45463933831662,-22.065113839389287],[-72.45462987591387,-22.065105559786872]]]}},{"type":"Feature","properties":{"id":null,"name":null,"settlement_id":null,"country_id":null,"district_id":null,"building_type":null,"status":null,"access":null,"wiki_id":null,"label_rank":null,"zoom_min":null,"notes":null},"geometry":{"type":"Polygon","coordinates":[[[-72.45554181497975,-22.06528061423791],[-72.45550159976803,-22.065358679060672],[-72.45545635765485,-22.065343302656185],[-72.45546700285794,-22.065323195050322],[-72.4554445296514,-22.06531373264756],[-72.45543625004898,-22.065331474652737],[-72.45540076603864,-22.065322012249975],[-72.45545754045519,-22.06521556021893],[-72.45550603526934,-22.06523685062514],[-72.45550130406795,-22.065256958231004],[-72.45554181497975,-22.06528061423791]]]}},{"type":"Feature","properties":{"id":null,"name":null,"settlement_id":null,"country_id":null,"district_id":null,"building_type":null,"status":null,"access":null,"wiki_id":null,"label_rank":null,"zoom_min":null,"notes":null},"geometry":{"type":"Polygon","coordinates":[[[-72.45474725823355,-22.06493421146577],[-72.45479976826566,-22.06495931257345],[-72.45481232029483,-22.064932761860987],[-72.45484537042688,-22.064946529133152],[-72.45483044102377,-22.06497543361418],[-72.4548446108459,-22.06498023557276],[-72.45481526376443,-22.065054015091377],[-72.45478517354711,-22.065039671179747],[-72.45479357107325,-22.06501605677667],[-72.45478708345635,-22.065012475962433],[-72.45477869478222,-22.065034316187067],[-72.45470435337747,-22.064999052226824],[-72.45473723111178,-22.064928838769077],[-72.45474725823355,-22.06493421146577]]]}},{"type":"Feature","properties":{"id":null,"name":null,"settlement_id":null,"country_id":null,"district_id":null,"building_type":null,"status":null,"access":null,"wiki_id":null,"label_rank":null,"zoom_min":null,"notes":null},"geometry":{"type":"Polygon","coordinates":[[[-72.45526947520035,-22.065120344791158],[-72.45522157178638,-22.065226205422032],[-72.45511748535603,-22.065185990210303],[-72.45516065756863,-22.065103194186158],[-72.4551914103776,-22.06511561358978],[-72.45518845337673,-22.065122118991678],[-72.4551979157795,-22.065126258792883],[-72.4552127007838,-22.065096688784262],[-72.45526947520035,-22.065120344791158]]]}},{"type":"Feature","properties":{"id":null,"name":null,"settlement_id":null,"country_id":null,"district_id":null,"building_type":null,"status":null,"access":null,"wiki_id":null,"label_rank":null,"zoom_min":null,"notes":null},"geometry":{"type":"Polygon","coordinates":[[[-72.45511038855398,-22.065066527375468],[-72.45509737775018,-22.065096688784262],[-72.45506721634139,-22.065083677980468],[-72.45508554974673,-22.065051150970984],[-72.45504888293604,-22.065037548767016],[-72.45500334512276,-22.065121527591508],[-72.4550068935238,-22.065123301792024],[-72.45500216232242,-22.065130398594093],[-72.45508081854535,-22.06515878580237],[-72.45508140994552,-22.065154646001165],[-72.45508791534742,-22.06515642020168],[-72.45512576495847,-22.06507244137719],[-72.45511038855398,-22.065066527375468]]]}},{"type":"Feature","properties":{"id":null,"name":null,"settlement_id":null,"country_id":null,"district_id":null,"building_type":null,"status":null,"access":null,"wiki_id":null,"label_rank":null,"zoom_min":null,"notes":null},"geometry":{"type":"Polygon","coordinates":[[[-72.45499565692053,-22.065013892760117],[-72.45490517269414,-22.06497604314908],[-72.45489393609087,-22.064997333555286],[-72.45492646310035,-22.065009161558738],[-72.45492468889984,-22.065015075560463],[-72.45489157049018,-22.06500206475667],[-72.45487501128534,-22.065032226165464],[-72.45491108669586,-22.06504287136857],[-72.45490458129397,-22.065047011169774],[-72.45487146288431,-22.065035183166327],[-72.45486200048155,-22.06506002197357],[-72.45497318371397,-22.065094914583746],[-72.45498560311759,-22.065071258576847],[-72.45495839870966,-22.065063570374605],[-72.45497554931467,-22.065030451964947],[-72.45498382891708,-22.065034591766153],[-72.45499565692053,-22.065013892760117]]]}},{"type":"Feature","properties":{"id":null,"name":null,"settlement_id":null,"country_id":null,"district_id":null,"building_type":null,"status":null,"access":null,"wiki_id":null,"label_rank":null,"zoom_min":null,"notes":null},"geometry":{"type":"Polygon","coordinates":[[[-72.45532624961692,-22.065622443537592],[-72.45530141080967,-22.065675078152942],[-72.45532802381743,-22.065687497556564],[-72.45531442161347,-22.06572061596622],[-72.45528544300501,-22.06570583096191],[-72.45528071180362,-22.06572002456605],[-72.45520678678207,-22.0656910459576],[-72.45522098038622,-22.0656608845488],[-72.4552446363931,-22.065669164151217],[-72.45524818479414,-22.06566265874932],[-72.45522630298777,-22.065654379146906],[-72.45526119559794,-22.065579862725173],[-72.45533157221847,-22.06561238973466],[-72.45532624961692,-22.065622443537592]]]}},{"type":"Feature","properties":{"id":null,"name":null,"settlement_id":null,"country_id":null,"district_id":null,"building_type":null,"status":null,"access":null,"wiki_id":null,"label_rank":null,"zoom_min":null,"notes":null},"geometry":{"type":"Polygon","coordinates":[[[-72.45529344102246,-22.0651567090292],[-72.4553460694932,-22.06518156085298],[-72.45535849547822,-22.065154950917545],[-72.45539161052284,-22.065168561311737],[-72.45537681835216,-22.065197536262765],[-72.45539101078577,-22.065202270974282],[-72.45536201389548,-22.06527618882675],[-72.4553318559979,-22.065261987763698],[-72.45534014145052,-22.065238333805198],[-72.4553336369264,-22.0652347837954],[-72.45532535191255,-22.06525666355343],[-72.45525084412253,-22.065221752515335],[-72.45528338853619,-22.065151383941362],[-72.45529344102246,-22.0651567090292]]]}},{"type":"Feature","properties":{"id":null,"name":null,"settlement_id":null,"country_id":null,"district_id":null,"building_type":null,"status":null,"access":null,"wiki_id":null,"label_rank":null,"zoom_min":null,"notes":null},"geometry":{"type":"Polygon","coordinates":[[[-72.45521388358415,-22.06556921752207],[-72.45516538877,-22.06566975555139],[-72.4550731303431,-22.065637819942076],[-72.45508140994552,-22.06562126073725],[-72.45510506595241,-22.06562717473897],[-72.4551334531607,-22.065579862725176],[-72.45513463596103,-22.065539647513447],[-72.45521388358415,-22.06556921752207]]]}},{"type":"Feature","properties":{"id":null,"name":null,"settlement_id":null,"country_id":null,"district_id":null,"building_type":null,"status":null,"access":null,"wiki_id":null,"label_rank":null,"zoom_min":null,"notes":null},"geometry":{"type":"Polygon","coordinates":[[[-72.45508850674759,-22.06552545390931],[-72.45497377511413,-22.065481690296544],[-72.45495485030861,-22.065513625905858],[-72.45497022671309,-22.065519539907584],[-72.45495248470792,-22.065549109916205],[-72.4549442051055,-22.065545561515172],[-72.45492764590067,-22.06557661002423],[-72.45497968911585,-22.065591690728624],[-72.45496667831206,-22.06561889513656],[-72.45503291513137,-22.065642255443375],[-72.45508850674759,-22.06552545390931]]]}},{"type":"Feature","properties":{"id":null,"name":null,"settlement_id":null,"country_id":null,"district_id":null,"building_type":null,"status":null,"access":null,"wiki_id":null,"label_rank":null,"zoom_min":null,"notes":null},"geometry":{"type":"Polygon","coordinates":[[[-72.45490872109515,-22.065462765491027],[-72.45484603267687,-22.065441475084818],[-72.45485076387826,-22.065429647081366],[-72.45478689265963,-22.065404808274124],[-72.45475968825168,-22.06546631389206],[-72.45480286046428,-22.06547991609603],[-72.45477624745652,-22.065545561515172],[-72.45487205428446,-22.06557867992483],[-72.45491345229654,-22.06546867949275],[-72.45490872109515,-22.065462765491027]]]}},{"type":"Feature","properties":{"id":null,"name":null,"settlement_id":null,"country_id":null,"district_id":null,"building_type":null,"status":null,"access":null,"wiki_id":null,"label_rank":null,"zoom_min":null,"notes":null},"geometry":{"type":"Polygon","coordinates":[[[-72.45474431184721,-22.065393275970766],[-72.45469404283254,-22.06551155600526],[-72.45457162299684,-22.06546838379267],[-72.4546218920115,-22.06535365215921],[-72.45474431184721,-22.065393275970766]]]}},{"type":"Feature","properties":{"id":null,"name":null,"settlement_id":null,"country_id":null,"district_id":null,"building_type":null,"status":null,"access":null,"wiki_id":null,"label_rank":null,"zoom_min":null,"notes":null},"geometry":{"type":"Polygon","coordinates":[[[-72.4545940962034,-22.065330587552484],[-72.45444506335993,-22.0652744045361],[-72.45439656854579,-22.065377899566283],[-72.45448586997183,-22.065405695374388],[-72.45447285916804,-22.065435856783182],[-72.45453495618615,-22.065454781588702],[-72.4545940962034,-22.065330587552484]]]}},{"type":"Feature","properties":{"id":null,"name":null,"settlement_id":null,"country_id":null,"district_id":null,"building_type":null,"status":null,"access":null,"wiki_id":null,"label_rank":null,"zoom_min":null,"notes":null},"geometry":{"type":"Polygon","coordinates":[[[-72.455270171367,-22.065857809133778],[-72.45512113852354,-22.06581049711998],[-72.45505845010526,-22.065952433161375],[-72.45520511734803,-22.065995013973794],[-72.455270171367,-22.065857809133778]]]}},{"type":"Feature","properties":{"id":null,"name":null,"settlement_id":null,"country_id":null,"district_id":null,"building_type":null,"status":null,"access":null,"wiki_id":null,"label_rank":null,"zoom_min":null,"notes":null},"geometry":{"type":"Polygon","coordinates":[[[-72.45502651449596,-22.065888561942742],[-72.454896406458,-22.065845981130327],[-72.45486565364904,-22.065898024345504],[-72.45500049288836,-22.065938239557234],[-72.45502651449596,-22.065888561942742]]]}},{"type":"Feature","properties":{"id":null,"name":null,"settlement_id":null,"country_id":null,"district_id":null,"building_type":null,"status":null,"access":null,"wiki_id":null,"label_rank":null,"zoom_min":null,"notes":null},"geometry":{"type":"Polygon","coordinates":[[[-72.45490347084973,-22.065805300232483],[-72.455033333854,-22.065848622596743],[-72.45506677561335,-22.065792038039085],[-72.45493216798936,-22.0657510542463],[-72.45490347084973,-22.065805300232483]]]}},{"type":"Feature","properties":{"id":null,"name":null,"settlement_id":null,"country_id":null,"district_id":null,"building_type":null,"status":null,"access":null,"wiki_id":null,"label_rank":null,"zoom_min":null,"notes":null},"geometry":{"type":"Polygon","coordinates":[[[-72.45487629885214,-22.065726518295488],[-72.45473199721006,-22.065675657880654],[-72.45467070129844,-22.06581905741091],[-72.45480533083145,-22.065868454336883],[-72.45487629885214,-22.065726518295488]]]}},{"type":"Feature","properties":{"id":null,"name":null,"settlement_id":null,"country_id":null,"district_id":null,"building_type":null,"status":null,"access":null,"wiki_id":null,"label_rank":null,"zoom_min":null,"notes":null},"geometry":{"type":"Polygon","coordinates":[[[-72.45467995399488,-22.065659098675827],[-72.45465511518763,-22.065704045088932],[-72.45463027638039,-22.065694582686174],[-72.45459597517039,-22.065759636705145],[-72.45461963117728,-22.06577264750894],[-72.45459715797072,-22.065809314319633],[-72.45450726514451,-22.06577501310963],[-72.45459006116866,-22.065625980266166],[-72.45467995399488,-22.065659098675827]]]}},{"type":"Feature","properties":{"id":null,"name":null,"settlement_id":null,"country_id":null,"district_id":null,"building_type":null,"status":null,"access":null,"wiki_id":null,"label_rank":null,"zoom_min":null,"notes":null},"geometry":{"type":"Polygon","coordinates":[[[-72.45453920075384,-22.065608238260992],[-72.45440790991556,-22.065560926247198],[-72.45437833990692,-22.06562361466548],[-72.45439726471245,-22.06562834586686],[-72.45438188830796,-22.065668561078585],[-72.45435823230106,-22.06566028147617],[-72.45432629669175,-22.065717055892726],[-72.45445522192935,-22.0657584539048],[-72.45448124353695,-22.06569576548652],[-72.45444457672625,-22.06568157188238],[-72.45445877033039,-22.065652001873758],[-72.45450608234418,-22.065663829877206],[-72.45453920075384,-22.065608238260992]]]}},{"type":"Feature","properties":{"id":null,"name":null,"settlement_id":null,"country_id":null,"district_id":null,"building_type":null,"status":null,"access":null,"wiki_id":null,"label_rank":null,"zoom_min":null,"notes":null},"geometry":{"type":"Polygon","coordinates":[[[-72.45422583566132,-22.065491712711285],[-72.45415833904278,-22.0654663022196],[-72.45401048899966,-22.0655136142334],[-72.45398091899104,-22.065594044656855],[-72.45413350023553,-22.065640173870307],[-72.45422583566132,-22.065491712711285]]]}},{"type":"Feature","properties":{"id":null,"name":null,"settlement_id":null,"country_id":null,"district_id":null,"building_type":null,"status":null,"access":null,"wiki_id":null,"label_rank":null,"zoom_min":null,"notes":null},"geometry":{"type":"Polygon","coordinates":[[[-72.45436887750417,-22.065551463844436],[-72.45423758666588,-22.065504151830638],[-72.45415952184311,-22.065652001873758],[-72.45421038225795,-22.065665012677552],[-72.45419973705485,-22.06568393748307],[-72.45424941466933,-22.065701679488242],[-72.45425769427175,-22.065678023481347],[-72.45430855468658,-22.065692217085484],[-72.45437360870555,-22.06555737784616],[-72.45436887750417,-22.065551463844436]]]}},{"type":"Feature","properties":{"id":null,"name":null,"settlement_id":null,"country_id":null,"district_id":null,"building_type":null,"status":null,"access":null,"wiki_id":null,"label_rank":null,"zoom_min":null,"notes":null},"geometry":{"type":"Polygon","coordinates":[[[-72.45517436453908,-22.06606953039552],[-72.45510223272429,-22.06622196841426],[-72.4549330732687,-22.066164154423117],[-72.45501113016161,-22.066017407464443],[-72.45517436453908,-22.06606953039552]]]}},{"type":"Feature","properties":{"id":null,"name":null,"settlement_id":null,"country_id":null,"district_id":null,"building_type":null,"status":null,"access":null,"wiki_id":null,"label_rank":null,"zoom_min":null,"notes":null},"geometry":{"type":"Polygon","coordinates":[[[8.456421956584908,26.54683898196699],[8.456804189387514,26.546869973815852],[8.456817963542562,26.546656474412593],[8.45644261781748,26.546625482563734],[8.456421956584908,26.54683898196699]]]}},{"type":"Feature","properties":{"id":null,"name":null,"settlement_id":null,"country_id":null,"district_id":null,"building_type":null,"status":null,"access":null,"wiki_id":null,"label_rank":null,"zoom_min":null,"notes":null},"geometry":{"type":"Polygon","coordinates":[[[8.455711643870531,26.54498366847255],[8.455743526582904,26.5445927917277],[8.455525197285203,26.54457860009286],[8.455493317973955,26.544962433737712],[8.455711643870531,26.54498366847255]]]}},{"type":"Feature","properties":{"id":null,"name":null,"settlement_id":null,"country_id":null,"district_id":null,"building_type":null,"status":null,"access":null,"wiki_id":null,"label_rank":null,"zoom_min":null,"notes":null},"geometry":{"type":"Polygon","coordinates":[[[8.455425258258135,26.54671355476183],[8.45580749106074,26.546744546610693],[8.45582126521579,26.546531047207434],[8.455445919490707,26.546500055358575],[8.455425258258135,26.54671355476183]]]}},{"type":"Feature","properties":{"id":null,"name":null,"settlement_id":null,"country_id":null,"district_id":null,"building_type":null,"status":null,"access":null,"wiki_id":null,"label_rank":null,"zoom_min":null,"notes":null},"geometry":{"type":"Polygon","coordinates":[[]]}},{"type":"Feature","properties":{"id":null,"name":null,"settlement_id":null,"country_id":null,"district_id":null,"building_type":null,"status":null,"access":null,"wiki_id":null,"label_rank":null,"zoom_min":null,"notes":null},"geometry":{"type":"Polygon","coordinates":[[]]}},{"type":"Feature","properties":{"id":null,"name":null,"settlement_id":null,"country_id":null,"district_id":null,"building_type":null,"status":null,"access":null,"wiki_id":null,"label_rank":null,"zoom_min":null,"notes":null},"geometry":{"type":"Polygon","coordinates":[[[8.456198211121624,26.544261005311522],[8.45617729707568,26.544652622139168],[8.456395938376671,26.544660688503587],[8.456417046438473,26.54427611210398],[8.456198211121624,26.544261005311522]]]}},{"type":"Feature","properties":{"id":null,"name":null,"settlement_id":null,"country_id":null,"district_id":null,"building_type":null,"status":null,"access":null,"wiki_id":null,"label_rank":null,"zoom_min":null,"notes":null},"geometry":{"type":"Polygon","coordinates":[[[8.454621494413,26.545203882483086],[8.455106124975815,26.545246158170514],[8.455072808374453,26.54568543336007],[8.454866749394535,26.54567759415975],[8.454879908052208,26.545382784233286],[8.454609175669637,26.545361786375306],[8.454621494413,26.545203882483086]]]}},{"type":"Feature","properties":{"id":null,"name":null,"settlement_id":null,"country_id":null,"district_id":null,"building_type":null,"status":null,"access":null,"wiki_id":null,"label_rank":null,"zoom_min":null,"notes":null},"geometry":{"type":"Polygon","coordinates":[[[8.45480067613467,26.545519690267525],[8.454781358105288,26.545790422650086],[8.455073928260214,26.5458175798798],[8.455059369745328,26.546010200230594],[8.454561860496241,26.545965124828715],[8.454590452904647,26.545502113418618],[8.45480067613467,26.545519690267525]]]}},{"type":"Feature","properties":{"id":null,"name":null,"settlement_id":null,"country_id":null,"district_id":null,"building_type":null,"status":null,"access":null,"wiki_id":null,"label_rank":null,"zoom_min":null,"notes":null},"geometry":{"type":"Polygon","coordinates":[[[8.45905820661804,26.54470865987669],[8.459116396139288,26.544712816271065],[8.459115615170102,26.544769155332002],[8.459146424554248,26.54477177067341],[8.45913790785185,26.544901214798703],[8.459016614978513,26.544896960021767],[8.459023174151168,26.544764474315436],[8.459054033661712,26.544761868206248],[8.45905820661804,26.54470865987669]]]}},{"type":"Feature","properties":{"id":null,"name":null,"settlement_id":null,"country_id":null,"district_id":null,"building_type":null,"status":null,"access":null,"wiki_id":null,"label_rank":null,"zoom_min":null,"notes":null},"geometry":{"type":"Polygon","coordinates":[[[8.455261258664908,26.544969629573696],[8.45526797797947,26.544806126252674],[8.455395644956159,26.544815085338758],[8.455393405184639,26.54497186934522],[8.455261258664908,26.544969629573696]]]}},{"type":"Feature","properties":{"id":null,"name":null,"settlement_id":null,"country_id":null,"district_id":null,"building_type":null,"status":null,"access":null,"wiki_id":null,"label_rank":null,"zoom_min":null,"notes":null},"geometry":{"type":"Polygon","coordinates":[[[8.457501807271056,26.545361893914905],[8.457508526585618,26.54519839059388],[8.457636193562307,26.545207349679966],[8.457633953790786,26.545364133686427],[8.457501807271056,26.545361893914905]]]}},{"type":"Feature","properties":{"id":null,"name":null,"settlement_id":null,"country_id":null,"district_id":null,"building_type":null,"status":null,"access":null,"wiki_id":null,"label_rank":null,"zoom_min":null,"notes":null},"geometry":{"type":"Polygon","coordinates":[[[8.461894022233446,26.5451411660097],[8.461900741548009,26.544977662688677],[8.462028408524697,26.54498662177476],[8.462026168753177,26.54514340578122],[8.461894022233446,26.5451411660097]]]}},{"type":"Feature","properties":{"id":null,"name":null,"settlement_id":null,"country_id":null,"district_id":null,"building_type":null,"status":null,"access":null,"wiki_id":null,"label_rank":null,"zoom_min":null,"notes":null},"geometry":{"type":"Polygon","coordinates":[[[8.454696459400623,26.542969941587145],[8.454859539213603,26.542983486319365],[8.454845253933554,26.543110667500887],[8.454688700409367,26.54310187913793],[8.454696459400623,26.542969941587145]]]}},{"type":"Feature","properties":{"id":null,"name":null,"settlement_id":null,"country_id":null,"district_id":null,"building_type":null,"status":null,"access":null,"wiki_id":null,"label_rank":null,"zoom_min":null,"notes":null},"geometry":{"type":"Polygon","coordinates":[[[8.45964158282573,26.546535011340755],[8.459804998794882,26.5465435965722],[8.459794583001871,26.54667115296528],[8.459637834776503,26.54666712368454],[8.45964158282573,26.546535011340755]]]}},{"type":"Feature","properties":{"id":null,"name":null,"settlement_id":null,"country_id":null,"district_id":null,"building_type":null,"status":null,"access":null,"wiki_id":null,"label_rank":null,"zoom_min":null,"notes":null},"geometry":{"type":"Polygon","coordinates":[[[8.458191985083193,26.547181244823772],[8.458355064896173,26.54719478955599],[8.458340779616124,26.547321970737514],[8.458184226091937,26.547313182374555],[8.458191985083193,26.547181244823772]]]}},{"type":"Feature","properties":{"id":null,"name":null,"settlement_id":null,"country_id":null,"district_id":null,"building_type":null,"status":null,"access":null,"wiki_id":null,"label_rank":null,"zoom_min":null,"notes":null},"geometry":{"type":"Polygon","coordinates":[[[8.454965608824157,26.545130893123197],[8.45497232813872,26.544967389802174],[8.455099995115408,26.54497634888826],[8.455097755343887,26.54513313289472],[8.454965608824157,26.545130893123197]]]}},{"type":"Feature","properties":{"id":null,"name":null,"settlement_id":null,"country_id":null,"district_id":null,"building_type":null,"status":null,"access":null,"wiki_id":null,"label_rank":null,"zoom_min":null,"notes":null},"geometry":{"type":"Polygon","coordinates":[[[8.458571356856037,26.54467034104091],[8.458734772825188,26.544678926272354],[8.458724357032178,26.544806482665436],[8.45856760880681,26.544802453384694],[8.458571356856037,26.54467034104091]]]}},{"type":"Feature","properties":{"id":"building_pgq_building1","name":"Community Center","settlement_id":"settlement_pointgolqik","country_id":"country_velu","district_id":null,"building_type":"civic","status":"active","access":"public","wiki_id":null,"label_rank":null,"zoom_min":16,"notes":null},"geometry":{"type":"Polygon","coordinates":[[[8.4607532695317,26.546922735782598],[8.460855572834724,26.546906730407063],[8.460886761865673,26.547206279188533],[8.46077816425744,26.547210586910285],[8.46076448860858,26.547104368049176],[8.460715294736097,26.54711353560028],[8.460704766239827,26.547013165566057],[8.460760229907287,26.547009053926136],[8.4607532695317,26.546922735782598]]]}},{"type":"Feature","properties":{"id":null,"name":null,"settlement_id":null,"country_id":null,"district_id":null,"building_type":null,"status":null,"access":null,"wiki_id":null,"label_rank":null,"zoom_min":null,"notes":null},"geometry":{"type":"Polygon","coordinates":[[[8.456012607925953,26.545034856768122],[8.456394840728558,26.545065848616986],[8.456408614883607,26.544852349213727],[8.456033269158524,26.544821357364867],[8.456012607925953,26.545034856768122]]]}},{"type":"Feature","properties":{"id":null,"name":null,"settlement_id":null,"country_id":null,"district_id":null,"building_type":null,"status":null,"access":null,"wiki_id":null,"label_rank":null,"zoom_min":null,"notes":null},"geometry":{"type":"Polygon","coordinates":[[[8.468986637894112,26.545410499794176],[8.468993306090864,26.545027070602227],[8.468779362910384,26.545026875500046],[8.468772257575612,26.54540343150153],[8.468986637894112,26.545410499794176]]]}},{"type":"Feature","properties":{"id":"building_pgq_building1","name":"Community Center","settlement_id":"settlement_pointgolqik","country_id":"country_velu","district_id":null,"building_type":"civic","status":"active","access":"public","wiki_id":null,"label_rank":null,"zoom_min":16,"notes":null},"geometry":{"type":"Polygon","coordinates":[[[8.45532232243647,26.544221739007725],[8.455425863045267,26.544220522378964],[8.45541391093543,26.544521453226835],[8.455305812857716,26.544510192561855],[8.455307461762025,26.544403109645653],[8.455257462611314,26.544405150726565],[8.455261390250062,26.544304306457235],[8.455316872055459,26.544308165636025],[8.45532232243647,26.544221739007725]]]}},{"type":"Feature","properties":{"id":null,"name":null,"settlement_id":null,"country_id":null,"district_id":null,"building_type":null,"status":null,"access":null,"wiki_id":null,"label_rank":null,"zoom_min":null,"notes":null},"geometry":{"type":"Polygon","coordinates":[[]]}},{"type":"Feature","properties":{"id":null,"name":null,"settlement_id":null,"country_id":null,"district_id":null,"building_type":null,"status":null,"access":null,"wiki_id":null,"label_rank":null,"zoom_min":null,"notes":null},"geometry":{"type":"Polygon","coordinates":[[[8.460154897144191,26.54558151335934],[8.460161616458754,26.54541801003832],[8.460289283435442,26.545426969124403],[8.460287043663921,26.545583753130863],[8.460154897144191,26.54558151335934]]]}},{"type":"Feature","properties":{"id":null,"name":null,"settlement_id":null,"country_id":null,"district_id":null,"building_type":null,"status":null,"access":null,"wiki_id":null,"label_rank":null,"zoom_min":null,"notes":null},"geometry":{"type":"Polygon","coordinates":[[[8.454613964695378,26.544839722825483],[8.454897295792765,26.54485652111189],[8.454919663190163,26.54450396832433],[8.454630762981784,26.54449479801127],[8.454625041894117,26.54461227101139],[8.454712514642296,26.544614625787638],[8.454705795327733,26.54475013196465],[8.45461956412418,26.544744532535848],[8.454613964695378,26.544839722825483]]]}},{"type":"Feature","properties":{"id":null,"name":null,"settlement_id":null,"country_id":null,"district_id":null,"building_type":null,"status":null,"access":null,"wiki_id":null,"label_rank":null,"zoom_min":null,"notes":null},"geometry":{"type":"Polygon","coordinates":[[[8.454645684654093,26.54423375550798],[8.454783430602625,26.544240474822544],[8.454789030031426,26.544107208417053],[8.454649044311374,26.544101608988253],[8.454645684654093,26.54423375550798]]]}},{"type":"Feature","properties":{"id":null,"name":null,"settlement_id":null,"country_id":null,"district_id":null,"building_type":null,"status":null,"access":null,"wiki_id":null,"label_rank":null,"zoom_min":null,"notes":null},"geometry":{"type":"Polygon","coordinates":[[[8.45507031814275,26.54451887555512],[8.455077037457313,26.544409126750597],[8.455193505576396,26.54441696595092],[8.455184546490313,26.544525594869683],[8.45507031814275,26.54451887555512]]]}},{"type":"Feature","properties":{"id":"bldg_genesismarket","name":"Genesis Market","settlement_id":"stl_genesis","country_id":"country_velu","district_id":"dst_genesis","building_type":"commercial","status":"active","access":"public","wiki_id":null,"label_rank":4,"zoom_min":14,"notes":null},"geometry":{"type":"Polygon","coordinates":[[[8.456457626269982,26.546263599940097],[8.456449680274416,26.546543295734594],[8.456816795202771,26.546567109418],[8.456813329651643,26.5464836284214],[8.456727632695872,26.5464736588559],[8.45672407475506,26.546354786097424],[8.45681345690185,26.546359839047053],[8.456807290694018,26.54628610797607],[8.456457626269982,26.546263599940097]]]}},{"type":"Feature","properties":{"id":null,"name":null,"settlement_id":null,"country_id":null,"district_id":null,"building_type":null,"status":null,"access":null,"wiki_id":null,"label_rank":null,"zoom_min":null,"notes":null},"geometry":{"type":"Polygon","coordinates":[[[8.457127667513301,26.54677856416063],[8.457136126982741,26.54667366673956],[8.456936483503942,26.54665167211902],[8.456922948352839,26.546898688626683],[8.45700415925947,26.546917299459455],[8.457022770092237,26.546780256054518],[8.457076910696658,26.54677856416063],[8.457127667513301,26.54677856416063]]]}},{"type":"Feature","properties":{"id":null,"name":null,"settlement_id":null,"country_id":null,"district_id":null,"building_type":null,"status":null,"access":null,"wiki_id":null,"label_rank":null,"zoom_min":null,"notes":null},"geometry":{"type":"Polygon","coordinates":[[[8.459915971607707,26.54480153238556],[8.45992269092227,26.544638029064537],[8.460050357898957,26.54464698815062],[8.460048118127437,26.54480377215708],[8.459915971607707,26.54480153238556]]]}},{"type":"Feature","properties":{"id":null,"name":null,"settlement_id":null,"country_id":null,"district_id":null,"building_type":null,"status":null,"access":null,"wiki_id":null,"label_rank":null,"zoom_min":null,"notes":null},"geometry":{"type":"Polygon","coordinates":[[[8.45482262660424,26.54423487539374],[8.454829345918803,26.54412512658922],[8.454945814037886,26.54413296578954],[8.454936854951804,26.544241594708303],[8.45482262660424,26.54423487539374]]]}},{"type":"Feature","properties":{"id":null,"name":null,"settlement_id":null,"country_id":null,"district_id":null,"building_type":null,"status":null,"access":null,"wiki_id":null,"label_rank":null,"zoom_min":null,"notes":null},"geometry":{"type":"Polygon","coordinates":[[[8.455324291953747,26.545690099522513],[8.455178738139447,26.545676098232644],[8.45518986705012,26.54557342318921],[8.455332258888212,26.545584495372484],[8.455324291953747,26.545690099522513]]]}},{"type":"Feature","properties":{"id":null,"name":null,"settlement_id":null,"country_id":null,"district_id":null,"building_type":null,"status":null,"access":null,"wiki_id":null,"label_rank":null,"zoom_min":null,"notes":null},"geometry":{"type":"Polygon","coordinates":[[[8.455311258018387,26.545821166255244],[8.455308628226636,26.5458911657056],[8.45513948927358,26.545876457805587],[8.455144360189564,26.54580701285919],[8.455311258018387,26.545821166255244]]]}},{"type":"Feature","properties":{"id":null,"name":null,"settlement_id":null,"country_id":null,"district_id":null,"building_type":null,"status":null,"access":null,"wiki_id":null,"label_rank":null,"zoom_min":null,"notes":null},"geometry":{"type":"Polygon","coordinates":[[[8.457089066350967,26.544397738223147],[8.457091866065369,26.54432774536312],[8.457260968815193,26.544342863820884],[8.457255929329271,26.54441229673803],[8.457089066350967,26.544397738223147]]]}},{"type":"Feature","properties":{"id":null,"name":null,"settlement_id":null,"country_id":null,"district_id":null,"building_type":null,"status":null,"access":null,"wiki_id":null,"label_rank":null,"zoom_min":null,"notes":null},"geometry":{"type":"Polygon","coordinates":[[[8.4555864835802,26.545205179685478],[8.455519558779498,26.545199472919524],[8.45554021259323,26.54502749341875],[8.455609353949226,26.5450356050951],[8.4555864835802,26.545205179685478]]]}},{"type":"Feature","properties":{"id":null,"name":null,"settlement_id":null,"country_id":null,"district_id":null,"building_type":null,"status":null,"access":null,"wiki_id":null,"label_rank":null,"zoom_min":null,"notes":null},"geometry":{"type":"Polygon","coordinates":[[[8.45607362599553,26.545257380620388],[8.456003825984174,26.54525148169924],[8.456026423917,26.545083215121473],[8.456095565272998,26.54509132679782],[8.45607362599553,26.545257380620388]]]}},{"type":"Feature","properties":{"id":null,"name":null,"settlement_id":null,"country_id":null,"district_id":null,"building_type":null,"status":null,"access":null,"wiki_id":null,"label_rank":null,"zoom_min":null,"notes":null},"geometry":{"type":"Polygon","coordinates":[[[8.46217211185556,26.546142025438158],[8.462157070482666,26.546073610557052],[8.462324479423955,26.546045351856804],[8.462337212243552,26.546113793084928],[8.46217211185556,26.546142025438158]]]}},{"type":"Feature","properties":{"id":null,"name":null,"settlement_id":null,"country_id":null,"district_id":null,"building_type":null,"status":null,"access":null,"wiki_id":null,"label_rank":null,"zoom_min":null,"notes":null},"geometry":{"type":"Polygon","coordinates":[[[8.455302855342339,26.545987454807964],[8.45530254848028,26.546057502967763],[8.455133014791063,26.54604841253408],[8.45513557993429,26.545978844247898],[8.455302855342339,26.545987454807964]]]}},{"type":"Feature","properties":{"id":null,"name":null,"settlement_id":null,"country_id":null,"district_id":null,"building_type":null,"status":null,"access":null,"wiki_id":null,"label_rank":null,"zoom_min":null,"notes":null},"geometry":{"type":"Polygon","coordinates":[[[8.455309783451298,26.545905721458958],[8.455307153659547,26.545975720909322],[8.455138014706492,26.5459610130093],[8.455142885622475,26.54589156806291],[8.455309783451298,26.545905721458958]]]}},{"type":"Feature","properties":{"id":null,"name":null,"settlement_id":null,"country_id":null,"district_id":null,"building_type":null,"status":null,"access":null,"wiki_id":null,"label_rank":null,"zoom_min":null,"notes":null},"geometry":{"type":"Polygon","coordinates":[[[8.45707153541277,26.54466378419101],[8.457075933375595,26.544594388069786],[8.457243437876995,26.544608909788746],[8.457238398391073,26.544678342705893],[8.45707153541277,26.54466378419101]]]}},{"type":"Feature","properties":{"id":null,"name":null,"settlement_id":null,"country_id":null,"district_id":null,"building_type":null,"status":null,"access":null,"wiki_id":null,"label_rank":null,"zoom_min":null,"notes":null},"geometry":{"type":"Polygon","coordinates":[[[8.4563195436065,26.545283258619637],[8.456248987227466,26.54527677365833],[8.456271517701058,26.545106929594613],[8.456340659057055,26.54511504127097],[8.4563195436065,26.545283258619637]]]}},{"type":"Feature","properties":{"id":null,"name":null,"settlement_id":null,"country_id":null,"district_id":null,"building_type":null,"status":null,"access":null,"wiki_id":null,"label_rank":null,"zoom_min":null,"notes":null},"geometry":{"type":"Polygon","coordinates":[[[8.455907418784127,26.545234773565202],[8.45583761877277,26.545228874644057],[8.455860216705599,26.545060608066287],[8.455929358061589,26.54506871974264],[8.455907418784127,26.545234773565202]]]}},{"type":"Feature","properties":{"id":null,"name":null,"settlement_id":null,"country_id":null,"district_id":null,"building_type":null,"status":null,"access":null,"wiki_id":null,"label_rank":null,"zoom_min":null,"notes":null},"geometry":{"type":"Polygon","coordinates":[[[8.456480912883048,26.545748987430798],[8.45648371259745,26.54567899457077],[8.456652815347274,26.545694113028535],[8.456647775861352,26.545763545945682],[8.456480912883048,26.545748987430798]]]}},{"type":"Feature","properties":{"id":null,"name":null,"settlement_id":null,"country_id":null,"district_id":null,"building_type":null,"status":null,"access":null,"wiki_id":null,"label_rank":null,"zoom_min":null,"notes":null},"geometry":{"type":"Polygon","coordinates":[[[8.456470273968323,26.545831299034187],[8.456473073682725,26.54576130617416],[8.456642176432549,26.545776424631924],[8.456637136946627,26.54584585754907],[8.456470273968323,26.545831299034187]]]}},{"type":"Feature","properties":{"id":null,"name":null,"settlement_id":null,"country_id":null,"district_id":null,"building_type":null,"status":null,"access":null,"wiki_id":null,"label_rank":null,"zoom_min":null,"notes":null},"geometry":{"type":"Polygon","coordinates":[[[8.456466914311042,26.545908571151656],[8.456469714025443,26.54583857829163],[8.456638816775268,26.545853696749393],[8.456633777289346,26.54592312966654],[8.456466914311042,26.545908571151656]]]}},{"type":"Feature","properties":{"id":null,"name":null,"settlement_id":null,"country_id":null,"district_id":null,"building_type":null,"status":null,"access":null,"wiki_id":null,"label_rank":null,"zoom_min":null,"notes":null},"geometry":{"type":"Polygon","coordinates":[[[8.455339454356718,26.54550344982476],[8.455336288040805,26.54557342705891],[8.455167266805244,26.54555742300651],[8.45517266992883,26.545488017440036],[8.455339454356718,26.54550344982476]]]}},{"type":"Feature","properties":{"id":null,"name":null,"settlement_id":null,"country_id":null,"district_id":null,"building_type":null,"status":null,"access":null,"wiki_id":null,"label_rank":null,"zoom_min":null,"notes":null},"geometry":{"type":"Polygon","coordinates":[[[8.455355830915282,26.545263316819064],[8.455352664599369,26.54533329405321],[8.45518364336381,26.545317290000813],[8.455189046487396,26.54524788443434],[8.455355830915282,26.545263316819064]]]}},{"type":"Feature","properties":{"id":null,"name":null,"settlement_id":null,"country_id":null,"district_id":null,"building_type":null,"status":null,"access":null,"wiki_id":null,"label_rank":null,"zoom_min":null,"notes":null},"geometry":{"type":"Polygon","coordinates":[[[8.455343218738383,26.54542619636616],[8.455340052422466,26.545496173600306],[8.455171031186907,26.545480169547908],[8.455176434310495,26.545410763981433],[8.455343218738383,26.54542619636616]]]}},{"type":"Feature","properties":{"id":null,"name":null,"settlement_id":null,"country_id":null,"district_id":null,"building_type":null,"status":null,"access":null,"wiki_id":null,"label_rank":null,"zoom_min":null,"notes":null},"geometry":{"type":"Polygon","coordinates":[[[8.455350929064506,26.545343924022614],[8.455347762748593,26.54541390125676],[8.455178741513032,26.54539789720436],[8.455184144636618,26.54532849163789],[8.455350929064506,26.545343924022614]]]}},{"type":"Feature","properties":{"id":null,"name":null,"settlement_id":null,"country_id":null,"district_id":null,"building_type":null,"status":null,"access":null,"wiki_id":null,"label_rank":null,"zoom_min":null,"notes":null},"geometry":{"type":"Polygon","coordinates":[[[8.455708129864112,26.546357014034257],[8.455635365167886,26.546349650725176],[8.45564986712508,26.546180493990164],[8.455719317950491,26.54618528035116],[8.455708129864112,26.546357014034257]]]}},{"type":"Feature","properties":{"id":null,"name":null,"settlement_id":null,"country_id":null,"district_id":null,"building_type":null,"status":null,"access":null,"wiki_id":null,"label_rank":null,"zoom_min":null,"notes":null},"geometry":{"type":"Polygon","coordinates":[[[8.455784816837642,26.546358856267886],[8.45571657471567,26.546354394223915],[8.455731076672862,26.546185237488896],[8.455800527498273,26.546190023849896],[8.455784816837642,26.546358856267886]]]}},{"type":"Feature","properties":{"id":null,"name":null,"settlement_id":null,"country_id":null,"district_id":null,"building_type":null,"status":null,"access":null,"wiki_id":null,"label_rank":null,"zoom_min":null,"notes":null},"geometry":{"type":"Polygon","coordinates":[[[8.455864722254889,26.54636891787896],[8.455796266350541,26.54636300145598],[8.455810768307737,26.546193844720964],[8.45588021913315,26.546198631081968],[8.455864722254889,26.54636891787896]]]}},{"type":"Feature","properties":{"id":null,"name":null,"settlement_id":null,"country_id":null,"district_id":null,"building_type":null,"status":null,"access":null,"wiki_id":null,"label_rank":null,"zoom_min":null,"notes":null},"geometry":{"type":"Polygon","coordinates":[[[8.456524408021368,26.54470812237808],[8.45652720773577,26.544638129518052],[8.456696310485594,26.544653247975816],[8.456691270999672,26.544722680892963],[8.456524408021368,26.54470812237808]]]}},{"type":"Feature","properties":{"id":null,"name":null,"settlement_id":null,"country_id":null,"district_id":null,"building_type":null,"status":null,"access":null,"wiki_id":null,"label_rank":null,"zoom_min":null,"notes":null},"geometry":{"type":"Polygon","coordinates":[[[8.455748463357269,26.54521707264034],[8.455678663345912,26.545211173719196],[8.455701261278733,26.54504290714143],[8.455770402634728,26.54505101881777],[8.455748463357269,26.54521707264034]]]}},{"type":"Feature","properties":{"id":null,"name":null,"settlement_id":null,"country_id":null,"district_id":null,"building_type":null,"status":null,"access":null,"wiki_id":null,"label_rank":null,"zoom_min":null,"notes":null},"geometry":{"type":"Polygon","coordinates":[[[8.456508524248337,26.54486897860033],[8.456511323962738,26.544798985740304],[8.456680426712563,26.544814104198068],[8.45667538722664,26.544883537115215],[8.456508524248337,26.54486897860033]]]}},{"type":"Feature","properties":{"id":null,"name":null,"settlement_id":null,"country_id":null,"district_id":null,"building_type":null,"status":null,"access":null,"wiki_id":null,"label_rank":null,"zoom_min":null,"notes":null},"geometry":{"type":"Polygon","coordinates":[[[8.45589912804135,26.546200040983447],[8.455960930751194,26.54620652421997],[8.455970341998318,26.54620751147993],[8.455958800182753,26.54633745821905],[8.455955321586076,26.54637662296676],[8.455885885758791,26.546371623737745],[8.45589912804135,26.546200040983447]]]}},{"type":"Feature","properties":{"id":null,"name":null,"settlement_id":null,"country_id":null,"district_id":null,"building_type":null,"status":null,"access":null,"wiki_id":null,"label_rank":null,"zoom_min":null,"notes":null},"geometry":{"type":"Polygon","coordinates":[[[8.455485258737244,26.54616128130792],[8.455556092804908,26.546169408687195],[8.455541072392668,26.546338520174025],[8.455471636565381,26.546333520945012],[8.455485258737244,26.54616128130792]]]}},{"type":"Feature","properties":{"id":null,"name":null,"settlement_id":null,"country_id":null,"district_id":null,"building_type":null,"status":null,"access":null,"wiki_id":null,"label_rank":null,"zoom_min":null,"notes":null},"geometry":{"type":"Polygon","coordinates":[[[8.455401491492582,26.54615657834999],[8.455405100754238,26.54615681587981],[8.455410796044074,26.54615719069365],[8.455415994892693,26.546157532836098],[8.455417235170346,26.546157614460252],[8.455468219173781,26.546160969778487],[8.455454838283726,26.54633021888349],[8.455385357270625,26.54632589277436],[8.455400790109369,26.546163938747977],[8.455400858547618,26.546163220548944],[8.455401292438198,26.54615866725012],[8.455401339192772,26.546158176602106],[8.455401491492582,26.54615657834999]]]}},{"type":"Feature","properties":{"id":null,"name":null,"settlement_id":null,"country_id":null,"district_id":null,"building_type":null,"status":null,"access":null,"wiki_id":null,"label_rank":null,"zoom_min":null,"notes":null},"geometry":{"type":"Polygon","coordinates":[[[8.455564751044628,26.54617231691365],[8.455635965001592,26.546179787410132],[8.455620944589354,26.54634889889697],[8.455551508762065,26.54634389966795],[8.455564751044628,26.54617231691365]]]}},{"type":"Feature","properties":{"id":null,"name":null,"settlement_id":null,"country_id":null,"district_id":null,"building_type":null,"status":null,"access":null,"wiki_id":null,"label_rank":null,"zoom_min":null,"notes":null},"geometry":{"type":"Polygon","coordinates":[[[8.455175273605052,26.546157489240024],[8.455316591013796,26.54616580202877],[8.455276214611297,26.546788073643743],[8.455023268325059,26.546765510359993],[8.455045831608809,26.54658381654875],[8.455142022450053,26.5465921293375],[8.455149147697554,26.546476937836257],[8.4552263378788,26.546481984886565],[8.455227228534737,26.546465062423756],[8.455150929009427,26.54646090602938],[8.455170820325362,26.546157192354702],[8.455175273605052,26.546157489240024]]]}},{"type":"Feature","properties":{"id":null,"name":null,"settlement_id":null,"country_id":null,"district_id":null,"building_type":null,"status":null,"access":null,"wiki_id":null,"label_rank":null,"zoom_min":null,"notes":null},"geometry":{"type":"Polygon","coordinates":[[[8.46204093744325,26.545506368190395],[8.462025896070356,26.54543795330929],[8.462193305011645,26.54540969460904],[8.462206037831242,26.545478135837165],[8.46204093744325,26.545506368190395]]]}},{"type":"Feature","properties":{"id":null,"name":null,"settlement_id":null,"country_id":null,"district_id":null,"building_type":null,"status":null,"access":null,"wiki_id":null,"label_rank":null,"zoom_min":null,"notes":null},"geometry":{"type":"Polygon","coordinates":[[[8.462135560223944,26.54597389625264],[8.462120518851052,26.545905481371534],[8.46228792779234,26.545877222671287],[8.462300660611936,26.54594566389941],[8.462135560223944,26.54597389625264]]]}},{"type":"Feature","properties":{"id":null,"name":null,"settlement_id":null,"country_id":null,"district_id":null,"building_type":null,"status":null,"access":null,"wiki_id":null,"label_rank":null,"zoom_min":null,"notes":null},"geometry":{"type":"Polygon","coordinates":[[[8.46207355321461,26.545657883483575],[8.462058511841716,26.54558946860247],[8.462225920783007,26.54556120990222],[8.462238653602604,26.545629651130344],[8.46207355321461,26.545657883483575]]]}},{"type":"Feature","properties":{"id":null,"name":null,"settlement_id":null,"country_id":null,"district_id":null,"building_type":null,"status":null,"access":null,"wiki_id":null,"label_rank":null,"zoom_min":null,"notes":null},"geometry":{"type":"Polygon","coordinates":[[[8.462105613650637,26.545813297321715],[8.462090572277743,26.54574488244061],[8.462257981219034,26.54571662374036],[8.46227071403863,26.545785064968484],[8.462105613650637,26.545813297321715]]]}},{"type":"Feature","properties":{"id":null,"name":null,"settlement_id":null,"country_id":null,"district_id":null,"building_type":null,"status":null,"access":null,"wiki_id":null,"label_rank":null,"zoom_min":null,"notes":null},"geometry":{"type":"Polygon","coordinates":[[[8.461198282973669,26.547366963857385],[8.461197986088356,26.54737943304051],[8.461206224655777,26.547379136155197],[8.461202662032028,26.54745959207488],[8.461196501661794,26.547459592074883],[8.461196501661794,26.547470279946133],[8.46104768789891,26.54745959207488],[8.46105006298141,26.547395464847384],[8.46105993441805,26.547395761732698],[8.461061715729924,26.54735924483926],[8.461198282973669,26.547366963857385]]]}},{"type":"Feature","properties":{"id":null,"name":null,"settlement_id":null,"country_id":null,"district_id":null,"building_type":null,"status":null,"access":null,"wiki_id":null,"label_rank":null,"zoom_min":null,"notes":null},"geometry":{"type":"Polygon","coordinates":[[[8.458751047728658,26.545359596800164],[8.458890779034338,26.545366539970633],[8.458886150254026,26.54544407204087],[8.458863006352463,26.545441757650707],[8.458861270559845,26.545476473503047],[8.458727035930785,26.545466637344884],[8.458731664711099,26.54538708018327],[8.45874902263727,26.54538852667712],[8.458751047728658,26.545359596800164]]]}},{"type":"Feature","properties":{"id":null,"name":null,"settlement_id":null,"country_id":null,"district_id":null,"building_type":null,"status":null,"access":null,"wiki_id":null,"label_rank":null,"zoom_min":null,"notes":null},"geometry":{"type":"Polygon","coordinates":[[[8.462397074283738,26.54380906273379],[8.462636220494204,26.54383450382001],[8.462626044059716,26.543961709251107],[8.462519191497593,26.543948988708],[8.462518555470437,26.54397442979422],[8.46241933523418,26.543962345278263],[8.462421243315646,26.543939448300666],[8.462390077985027,26.543936904192044],[8.462397074283738,26.54380906273379]]]}},{"type":"Feature","properties":{"id":null,"name":null,"settlement_id":null,"country_id":null,"district_id":null,"building_type":null,"status":null,"access":null,"wiki_id":null,"label_rank":null,"zoom_min":null,"notes":null},"geometry":{"type":"Polygon","coordinates":[[[8.461472629022591,26.547492862135634],[8.461484014050276,26.54734380963377],[8.461422853457115,26.547338519229378],[8.46142106687055,26.547381806985452],[8.461371375280395,26.547377588023096],[8.461375638779938,26.5473304401517],[8.4613132063274,26.547325172015903],[8.461302837070265,26.547459575866323],[8.461324503216895,26.547461741018985],[8.461322226721263,26.547477047868725],[8.461472629022591,26.547492862135634]]]}},{"type":"Feature","properties":{"id":null,"name":null,"settlement_id":null,"country_id":null,"district_id":null,"building_type":null,"status":null,"access":null,"wiki_id":null,"label_rank":null,"zoom_min":null,"notes":null},"geometry":{"type":"Polygon","coordinates":[[[8.45672570742798,26.544842557872588],[8.456738180134954,26.544842573668664],[8.45673769765519,26.544834343884506],[8.456818213430108,26.544836092395116],[8.456818352264326,26.544842251200716],[8.45682903742104,26.544842010331724],[8.456821706030587,26.54499102716745],[8.456757541563867,26.54499009790217],[8.456757615904495,26.5449802222819],[8.456721068140888,26.544979264391525],[8.45672570742798,26.544842557872588]]]}},{"type":"Feature","properties":{"id":null,"name":null,"settlement_id":null,"country_id":null,"district_id":null,"building_type":null,"status":null,"access":null,"wiki_id":null,"label_rank":null,"zoom_min":null,"notes":null},"geometry":{"type":"Polygon","coordinates":[[[8.461851211433974,26.54635447207485],[8.461846250718477,26.546412598551598],[8.461789927845416,26.546411038529016],[8.461786886682823,26.54644180879863],[8.461657572715907,26.546431502792935],[8.461663504477844,26.54631028035916],[8.46179588680614,26.546318671085157],[8.461798065901608,26.546349563685226],[8.461851211433974,26.54635447207485]]]}},{"type":"Feature","properties":{"id":null,"name":null,"settlement_id":null,"country_id":null,"district_id":null,"building_type":null,"status":null,"access":null,"wiki_id":null,"label_rank":null,"zoom_min":null,"notes":null},"geometry":{"type":"Polygon","coordinates":[[[8.458174048869994,26.547603639500508],[8.458188320166116,26.547472479493294],[8.458317441416742,26.547486750789414],[8.458297733436384,26.54763829836252],[8.458172010113405,26.54761994955322],[8.458174048869994,26.547603639500508]]]}},{"type":"Feature","properties":{"id":null,"name":null,"settlement_id":null,"country_id":null,"district_id":null,"building_type":null,"status":null,"access":null,"wiki_id":null,"label_rank":null,"zoom_min":null,"notes":null},"geometry":{"type":"Polygon","coordinates":[[[8.456121109529887,26.547200229366656],[8.456255667464752,26.547213821077246],[8.456232561556746,26.547357893209526],[8.456100721963999,26.547341583156815],[8.456121109529887,26.547200229366656]]]}},{"type":"Feature","properties":{"id":null,"name":null,"settlement_id":null,"country_id":null,"district_id":null,"building_type":null,"status":null,"access":null,"wiki_id":null,"label_rank":null,"zoom_min":null,"notes":null},"geometry":{"type":"Polygon","coordinates":[[[8.461223059533634,26.54584185268078],[8.461128519115697,26.545729716811508],[8.461234392644002,26.545634978435494],[8.461326554514478,26.545747702850765],[8.461337178034192,26.545759248398788],[8.461280651749526,26.545807020356442],[8.461274042219298,26.545799141608644],[8.461223059533634,26.54584185268078]]]}},{"type":"Feature","properties":{"id":null,"name":null,"settlement_id":null,"country_id":null,"district_id":null,"building_type":null,"status":null,"access":null,"wiki_id":null,"label_rank":null,"zoom_min":null,"notes":null},"geometry":{"type":"Polygon","coordinates":[[[8.458202605851758,26.544331307766814],[8.45820932516632,26.54416780444579],[8.458336992143009,26.544176763531876],[8.458334752371488,26.544333547538336],[8.458202605851758,26.544331307766814]]]}},{"type":"Feature","properties":{"id":null,"name":null,"settlement_id":null,"country_id":null,"district_id":null,"building_type":null,"status":null,"access":null,"wiki_id":null,"label_rank":null,"zoom_min":null,"notes":null},"geometry":{"type":"Polygon","coordinates":[[[8.45902707477023,26.544421999347843],[8.459033794084792,26.54425849602682],[8.45916146106148,26.544267455112905],[8.45915922128996,26.544424239119365],[8.45902707477023,26.544421999347843]]]}},{"type":"Feature","properties":{"id":null,"name":null,"settlement_id":null,"country_id":null,"district_id":null,"building_type":null,"status":null,"access":null,"wiki_id":null,"label_rank":null,"zoom_min":null,"notes":null},"geometry":{"type":"Polygon","coordinates":[[[8.458674792906807,26.545815216908114],[8.45868151222137,26.54565171358709],[8.458809179198058,26.545660672673176],[8.458806939426537,26.545817456679636],[8.458674792906807,26.545815216908114]]]}},{"type":"Feature","properties":{"id":null,"name":null,"settlement_id":null,"country_id":null,"district_id":null,"building_type":null,"status":null,"access":null,"wiki_id":null,"label_rank":null,"zoom_min":null,"notes":null},"geometry":{"type":"Polygon","coordinates":[[[8.45928571161742,26.54645487016807],[8.459124183912587,26.546428654032876],[8.459148339923162,26.5463029734484],[8.459303731973622,26.546323938941786],[8.45928571161742,26.54645487016807]]]}},{"type":"Feature","properties":{"id":null,"name":null,"settlement_id":null,"country_id":null,"district_id":null,"building_type":null,"status":null,"access":null,"wiki_id":null,"label_rank":null,"zoom_min":null,"notes":null},"geometry":{"type":"Polygon","coordinates":[[[8.463386391509932,26.54541870351967],[8.463547757147172,26.545445899407085],[8.463522838885591,26.545571431085957],[8.463367576926096,26.545549522978042],[8.463386391509932,26.54541870351967]]]}},{"type":"Feature","properties":{"id":null,"name":null,"settlement_id":null,"country_id":null,"district_id":null,"building_type":null,"status":null,"access":null,"wiki_id":null,"label_rank":null,"zoom_min":null,"notes":null},"geometry":{"type":"Polygon","coordinates":[[[8.462407397335967,26.54708503395451],[8.46241411665053,26.546921530633487],[8.462541783627218,26.54693048971957],[8.462539543855698,26.54708727372603],[8.462407397335967,26.54708503395451]]]}},{"type":"Feature","properties":{"id":null,"name":null,"settlement_id":null,"country_id":null,"district_id":null,"building_type":null,"status":null,"access":null,"wiki_id":null,"label_rank":null,"zoom_min":null,"notes":null},"geometry":{"type":"Polygon","coordinates":[[[8.457014950471864,26.546126910104622],[8.457021669786426,26.5459634067836],[8.457149336763115,26.545972365869684],[8.457147096991594,26.546129149876144],[8.457014950471864,26.546126910104622]]]}},{"type":"Feature","properties":{"id":null,"name":null,"settlement_id":null,"country_id":null,"district_id":null,"building_type":null,"status":null,"access":null,"wiki_id":null,"label_rank":null,"zoom_min":null,"notes":null},"geometry":{"type":"Polygon","coordinates":[[[8.457591063960056,26.54410691955212],[8.457597783274618,26.543943416231098],[8.457725450251306,26.543952375317183],[8.457723210479786,26.544109159323643],[8.457591063960056,26.54410691955212]]]}},{"type":"Feature","properties":{"id":null,"name":null,"settlement_id":null,"country_id":null,"district_id":null,"building_type":null,"status":null,"access":null,"wiki_id":null,"label_rank":null,"zoom_min":null,"notes":null},"geometry":{"type":"Polygon","coordinates":[[[8.459961195912399,26.54298128360009],[8.459967915226962,26.542817780279066],[8.46009558220365,26.54282673936515],[8.46009334243213,26.54298352337161],[8.459961195912399,26.54298128360009]]]}},{"type":"Feature","properties":{"id":null,"name":null,"settlement_id":null,"country_id":null,"district_id":null,"building_type":null,"status":null,"access":null,"wiki_id":null,"label_rank":null,"zoom_min":null,"notes":null},"geometry":{"type":"Polygon","coordinates":[[[8.461598390750272,26.547356396064252],[8.461761932293559,26.54736210997647],[8.461753758317833,26.547489829623665],[8.461596963503894,26.54748855385714],[8.461598390750272,26.547356396064252]]]}},{"type":"Feature","properties":{"id":null,"name":null,"settlement_id":null,"country_id":null,"district_id":null,"building_type":null,"status":null,"access":null,"wiki_id":null,"label_rank":null,"zoom_min":null,"notes":null},"geometry":{"type":"Polygon","coordinates":[[[8.461433441272469,26.543405796620586],[8.461440160587031,26.543242293299564],[8.46156782756372,26.543251252385648],[8.4615655877922,26.54340803639211],[8.461433441272469,26.543405796620586]]]}},{"type":"Feature","properties":{"id":null,"name":null,"settlement_id":null,"country_id":null,"district_id":null,"building_type":null,"status":null,"access":null,"wiki_id":null,"label_rank":null,"zoom_min":null,"notes":null},"geometry":{"type":"Polygon","coordinates":[[[8.460711699995489,26.545468732814903],[8.460718419310052,26.54530522949388],[8.46084608628674,26.545314188579965],[8.46084384651522,26.545470972586426],[8.460711699995489,26.545468732814903]]]}},{"type":"Feature","properties":{"id":null,"name":null,"settlement_id":null,"country_id":null,"district_id":null,"building_type":null,"status":null,"access":null,"wiki_id":null,"label_rank":null,"zoom_min":null,"notes":null},"geometry":{"type":"Polygon","coordinates":[[[8.462838360945094,26.54444659850345],[8.462845080259656,26.544283095182426],[8.462972747236345,26.54429205426851],[8.462970507464824,26.54444883827497],[8.462838360945094,26.54444659850345]]]}},{"type":"Feature","properties":{"id":null,"name":null,"settlement_id":null,"country_id":null,"district_id":null,"building_type":null,"status":null,"access":null,"wiki_id":null,"label_rank":null,"zoom_min":null,"notes":null},"geometry":{"type":"Polygon","coordinates":[[[8.460317575629709,26.547290497363335],[8.460480846752134,26.547301498533955],[8.460468545573637,26.547428886928905],[8.46031187408444,26.54742253982482],[8.460317575629709,26.547290497363335]]]}},{"type":"Feature","properties":{"id":null,"name":null,"settlement_id":null,"country_id":null,"district_id":null,"building_type":null,"status":null,"access":null,"wiki_id":null,"label_rank":null,"zoom_min":null,"notes":null},"geometry":{"type":"Polygon","coordinates":[[[8.459659837474408,26.54427076532813],[8.459898983684875,26.544296206414348],[8.459888807250387,26.544423411845447],[8.459781954688264,26.54441069130234],[8.459781318661108,26.544436132388558],[8.459682098424851,26.544424047872603],[8.459684006506317,26.544401150895006],[8.459652841175698,26.544398606786384],[8.459659837474408,26.54427076532813]]]}},{"type":"Feature","properties":{"id":null,"name":null,"settlement_id":null,"country_id":null,"district_id":null,"building_type":null,"status":null,"access":null,"wiki_id":null,"label_rank":null,"zoom_min":null,"notes":null},"geometry":{"type":"Polygon","coordinates":[[[8.45934653928539,26.542819700031618],[8.459585685495856,26.542845141117837],[8.459575509061368,26.542972346548936],[8.459468656499245,26.54295962600583],[8.45946802047209,26.542985067092047],[8.459368800235833,26.542972982576092],[8.459370708317298,26.542950085598495],[8.45933954298668,26.542947541489873],[8.45934653928539,26.542819700031618]]]}},{"type":"Feature","properties":{"id":null,"name":null,"settlement_id":null,"country_id":null,"district_id":null,"building_type":null,"status":null,"access":null,"wiki_id":null,"label_rank":null,"zoom_min":null,"notes":null},"geometry":{"type":"Polygon","coordinates":[[[8.457384303259424,26.546373161070235],[8.45762344946989,26.546398602156454],[8.457613273035403,26.546525807587553],[8.45750642047328,26.546513087044445],[8.457505784446123,26.546538528130665],[8.457406564209867,26.54652644361471],[8.457408472291332,26.546503546637112],[8.457377306960714,26.54650100252849],[8.457384303259424,26.546373161070235]]]}},{"type":"Feature","properties":{"id":null,"name":null,"settlement_id":null,"country_id":null,"district_id":null,"building_type":null,"status":null,"access":null,"wiki_id":null,"label_rank":null,"zoom_min":null,"notes":null},"geometry":{"type":"Polygon","coordinates":[[[8.456506896448758,26.545643512041018],[8.45652646925683,26.54540381418113],[8.45665388587322,26.545410870199],[8.45664378773315,26.545518002406187],[8.45666923676546,26.54551801477026],[8.45665958741991,26.545617501356983],[8.456636650558544,26.545616154973434],[8.456634870967275,26.54564737329139],[8.456506896448758,26.545643512041018]]]}},{"type":"Feature","properties":{"id":null,"name":null,"settlement_id":null,"country_id":null,"district_id":null,"building_type":null,"status":null,"access":null,"wiki_id":null,"label_rank":null,"zoom_min":null,"notes":null},"geometry":{"type":"Polygon","coordinates":[[[8.45926579804453,26.547630908152744],[8.459120228084359,26.54764884500015],[8.459098704686655,26.547508412428304],[8.45924346837489,26.54749278940888],[8.459258942245711,26.547490197465176],[8.459268080580195,26.547563640447407],[8.45925787072651,26.54756487310485],[8.45926579804453,26.547630908152744]]]}},{"type":"Feature","properties":{"id":null,"name":null,"settlement_id":null,"country_id":null,"district_id":null,"building_type":null,"status":null,"access":null,"wiki_id":null,"label_rank":null,"zoom_min":null,"notes":null},"geometry":{"type":"Polygon","coordinates":[[[8.457953944055946,26.543455271781355],[8.457939951458526,26.54360410213574],[8.458001010065454,26.543610462407294],[8.458003554174075,26.54356721256072],[8.458053164292204,26.543572300777964],[8.45804807607496,26.54361936678747],[8.458110406736198,26.543625727059027],[8.458123127279308,26.543491525329213],[8.45810150235602,26.54348898122059],[8.458104046464642,26.543473716568858],[8.457953944055946,26.543455271781355]]]}},{"type":"Feature","properties":{"id":null,"name":null,"settlement_id":null,"country_id":null,"district_id":null,"building_type":null,"status":null,"access":null,"wiki_id":null,"label_rank":null,"zoom_min":null,"notes":null},"geometry":{"type":"Polygon","coordinates":[[[8.460674691486906,26.542985324497824],[8.460660698889486,26.543134154852208],[8.460721757496414,26.543140515123763],[8.460724301605035,26.54309726527719],[8.460773911723164,26.543102353494433],[8.46076882350592,26.54314941950394],[8.460831154167158,26.543155779775496],[8.460843874710267,26.543021578045682],[8.46082224978698,26.54301903393706],[8.460824793895602,26.543003769285328],[8.460674691486906,26.542985324497824]]]}},{"type":"Feature","properties":{"id":null,"name":null,"settlement_id":null,"country_id":null,"district_id":null,"building_type":null,"status":null,"access":null,"wiki_id":null,"label_rank":null,"zoom_min":null,"notes":null},"geometry":{"type":"Polygon","coordinates":[[[8.457310649825333,26.545683714128323],[8.457317369139895,26.5455202108073],[8.457445036116583,26.545529169893385],[8.457442796345063,26.545685953899845],[8.457310649825333,26.545683714128323]]]}},{"type":"Feature","properties":{"id":null,"name":null,"settlement_id":null,"country_id":null,"district_id":null,"building_type":null,"status":null,"access":null,"wiki_id":null,"label_rank":null,"zoom_min":null,"notes":null},"geometry":{"type":"Polygon","coordinates":[[[8.457005395365652,26.544336584396888],[8.457000434650155,26.544394710873636],[8.456944111777094,26.544393150851054],[8.456941070614501,26.544423921120668],[8.456811756647586,26.544413615114973],[8.456817688409522,26.5442923926812],[8.456950070737818,26.544300783407195],[8.456952249833286,26.544331676007264],[8.457005395365652,26.544336584396888]]]}},{"type":"Feature","properties":{"id":null,"name":null,"settlement_id":"settlemen_pointgolqik","country_id":"country_velu","district_id":null,"building_type":"","status":null,"access":null,"wiki_id":null,"label_rank":null,"zoom_min":null,"notes":null},"geometry":{"type":"Polygon","coordinates":[[[8.45539809628261,26.546999786930694],[8.455408230932727,26.546833578668764],[8.455775105266982,26.546866009549138],[8.455754835966749,26.547030190881042],[8.45539809628261,26.546999786930694]]]}},{"type":"Feature","properties":{"id":null,"name":null,"settlement_id":null,"country_id":null,"district_id":null,"building_type":null,"status":null,"access":null,"wiki_id":null,"label_rank":null,"zoom_min":null,"notes":null},"geometry":{"type":"Polygon","coordinates":[[[8.460738374329068,26.54731504609422],[8.460902012827177,26.547316008959243],[8.46089755080133,26.547443912096362],[8.460740785055094,26.547447189605805],[8.460738374329068,26.54731504609422]]]}},{"type":"Feature","properties":{"id":null,"name":null,"settlement_id":null,"country_id":null,"district_id":null,"building_type":null,"status":null,"access":null,"wiki_id":null,"label_rank":null,"zoom_min":null,"notes":null},"geometry":{"type":"Polygon","coordinates":[[]]}},{"type":"Feature","properties":{"id":null,"name":null,"settlement_id":null,"country_id":null,"district_id":null,"building_type":null,"status":null,"access":null,"wiki_id":null,"label_rank":null,"zoom_min":null,"notes":null},"geometry":{"type":"Polygon","coordinates":[[[8.457327139203704,26.547258449762605],[8.457333858518266,26.547094946441582],[8.457461525494955,26.547103905527667],[8.457459285723434,26.547260689534127],[8.457327139203704,26.547258449762605]]]}},{"type":"Feature","properties":{"id":null,"name":null,"settlement_id":null,"country_id":null,"district_id":null,"building_type":null,"status":null,"access":null,"wiki_id":null,"label_rank":null,"zoom_min":null,"notes":null},"geometry":{"type":"Polygon","coordinates":[[[8.455184796016493,26.545723251443913],[8.455161646564722,26.545720993244615],[8.455157206014608,26.5457985363232],[8.455296953763767,26.54580514026203],[8.455298908619127,26.545776205554215],[8.455316270005657,26.54577760990576],[8.455319912750753,26.54570718097551],[8.455185987294588,26.545698207032203],[8.455184796016493,26.545723251443913]]]}},{"type":"Feature","properties":{"id":null,"name":null,"settlement_id":null,"country_id":null,"district_id":null,"building_type":null,"status":null,"access":null,"wiki_id":null,"label_rank":null,"zoom_min":null,"notes":null},"geometry":{"type":"Polygon","coordinates":[[[8.460006492738867,26.54361103264419],[8.460013212053429,26.543447529323167],[8.460140879030117,26.54345648840925],[8.460138639258597,26.543613272415712],[8.460006492738867,26.54361103264419]]]}},{"type":"Feature","properties":{"id":"bldg_genesismarket","name":"Genesis Market","settlement_id":"stl_genesis","country_id":"country_velu","district_id":"dst_genesis","building_type":"commercial","status":"active","access":"public","wiki_id":null,"label_rank":4,"zoom_min":14,"notes":null},"geometry":{"type":"Polygon","coordinates":[[[8.46240145224521,26.546534333674177],[8.462396237339648,26.54671789621732],[8.46263529379108,26.546729726972913],[8.462634898076812,26.54667873694511],[8.462673846007963,26.546680033183993],[8.46267151095439,26.546602017760506],[8.462634981590302,26.546597494778382],[8.462639213391242,26.546551665137006],[8.46240145224521,26.546534333674177]]]}},{"type":"Feature","properties":{"id":"building_pgq_building1","name":"Community Center","settlement_id":"settlement_pointgolqik","country_id":"country_velu","district_id":null,"building_type":"civic","status":"active","access":"public","wiki_id":null,"label_rank":null,"zoom_min":16,"notes":null},"geometry":{"type":"Polygon","coordinates":[[[8.456191353786561,26.546792996713663],[8.45629489439536,26.546791780084902],[8.456282942285522,26.547092710932773],[8.456174844207808,26.547081450267793],[8.456176493112117,26.54697436735159],[8.456126493961406,26.546976408432503],[8.456130421600154,26.546875564163173],[8.45618590340555,26.546879423341963],[8.456191353786561,26.546792996713663]]]}},{"type":"Feature","properties":{"id":null,"name":null,"settlement_id":null,"country_id":null,"district_id":null,"building_type":null,"status":null,"access":null,"wiki_id":null,"label_rank":null,"zoom_min":null,"notes":null},"geometry":{"type":"Polygon","coordinates":[[[8.459964709328258,26.543697467717113],[8.460128125297409,26.543706052948558],[8.460117709504399,26.54383360934164],[8.45996096127903,26.543829580060898],[8.459964709328258,26.543697467717113]]]}},{"type":"Feature","properties":{"id":null,"name":null,"settlement_id":null,"country_id":null,"district_id":null,"building_type":null,"status":null,"access":null,"wiki_id":null,"label_rank":null,"zoom_min":null,"notes":null},"geometry":{"type":"Polygon","coordinates":[[[8.45662445717623,26.546110679177037],[8.456621749770303,26.54618067566844],[8.456452627229426,26.54616578023521],[8.456457575143375,26.54609634073241],[8.45662445717623,26.546110679177037]]]}},{"type":"Feature","properties":{"id":null,"name":null,"settlement_id":null,"country_id":null,"district_id":null,"building_type":null,"status":null,"access":null,"wiki_id":null,"label_rank":null,"zoom_min":null,"notes":null},"geometry":{"type":"Polygon","coordinates":[[[8.456634987529803,26.54602835361471],[8.456632280123875,26.54609835010611],[8.456463157582998,26.546083454672882],[8.456468105496949,26.54601401517008],[8.456634987529803,26.54602835361471]]]}},{"type":"Feature","properties":{"id":null,"name":null,"settlement_id":null,"country_id":null,"district_id":null,"building_type":null,"status":null,"access":null,"wiki_id":null,"label_rank":null,"zoom_min":null,"notes":null},"geometry":{"type":"Polygon","coordinates":[[[8.456638245278295,26.545951077133747],[8.456635537872367,26.54602107362515],[8.456466415331493,26.54600617819192],[8.456471363245441,26.545936738689118],[8.456638245278295,26.545951077133747]]]}},{"type":"Feature","properties":{"id":null,"name":null,"settlement_id":null,"country_id":null,"district_id":null,"building_type":null,"status":null,"access":null,"wiki_id":null,"label_rank":null,"zoom_min":null,"notes":null},"geometry":{"type":"Polygon","coordinates":[[[8.45808628265662,26.546225090363578],[8.458144472177867,26.546229246757953],[8.458143691208681,26.54628558581889],[8.458174500592827,26.546288201160298],[8.45816598389043,26.54641764528559],[8.458044691017092,26.546413390508654],[8.458051250189747,26.546280904802323],[8.45808210970029,26.546278298693135],[8.45808628265662,26.546225090363578]]]}},{"type":"Feature","properties":{"id":null,"name":null,"settlement_id":null,"country_id":null,"district_id":null,"building_type":null,"status":null,"access":null,"wiki_id":null,"label_rank":null,"zoom_min":null,"notes":null},"geometry":{"type":"Polygon","coordinates":[[[8.456543047246248,26.544270869541563],[8.456706127059228,26.544284414273783],[8.456691841779179,26.544411595455305],[8.456535288254992,26.544402807092347],[8.456543047246248,26.544270869541563]]]}},{"type":"Feature","properties":{"id":null,"name":null,"settlement_id":null,"country_id":null,"district_id":null,"building_type":null,"status":null,"access":null,"wiki_id":null,"label_rank":null,"zoom_min":null,"notes":null},"geometry":{"type":"Polygon","coordinates":[[[8.457615911799373,26.544452879172702],[8.457601919201952,26.544601709527086],[8.45766297780888,26.54460806979864],[8.457665521917502,26.54456481995207],[8.45771513203563,26.54456990816931],[8.457710043818386,26.54461697417882],[8.457772374479624,26.544623334450375],[8.457785095022734,26.54448913272056],[8.457763470099447,26.54448658861194],[8.457766014208069,26.544471323960206],[8.457615911799373,26.544452879172702]]]}},{"type":"Feature","properties":{"id":null,"name":null,"settlement_id":null,"country_id":null,"district_id":null,"building_type":null,"status":null,"access":null,"wiki_id":null,"label_rank":null,"zoom_min":null,"notes":null},"geometry":{"type":"Polygon","coordinates":[[[8.455297346514294,26.54425156692551],[8.455305805983734,26.544146669504443],[8.455106162504935,26.5441246748839],[8.455092627353832,26.544371691391564],[8.455173838260462,26.544390302224336],[8.45519244909323,26.5442532588194],[8.455246589697651,26.54425156692551],[8.455297346514294,26.54425156692551]]]}},{"type":"Feature","properties":{"id":"building_pgq_building1","name":"Community Center","settlement_id":"settlement_pointgolqik","country_id":"country_velu","district_id":null,"building_type":"civic","status":"active","access":"public","wiki_id":null,"label_rank":null,"zoom_min":16,"notes":null},"geometry":{"type":"Polygon","coordinates":[[[8.462161364354234,26.547399655794173],[8.462160844929137,26.547503202247775],[8.46186015675599,26.54748620664073],[8.46187322812823,26.54737831254354],[8.46198026835004,26.547381756486587],[8.461979065803614,26.547331730143874],[8.462079830051842,26.547337347908694],[8.462075041249818,26.547392757216272],[8.462161364354234,26.547399655794173]]]}},{"type":"Feature","properties":{"id":null,"name":null,"settlement_id":null,"country_id":null,"district_id":null,"building_type":null,"status":null,"access":null,"wiki_id":null,"label_rank":null,"zoom_min":null,"notes":null},"geometry":{"type":"Polygon","coordinates":[[[8.457921680544828,26.545771673340617],[8.458303913347434,26.54580266518948],[8.458317687502483,26.54558916578622],[8.4579423417774,26.545558173937362],[8.457921680544828,26.545771673340617]]]}},{"type":"Feature","properties":{"id":null,"name":null,"settlement_id":null,"country_id":null,"district_id":null,"building_type":null,"status":null,"access":null,"wiki_id":null,"label_rank":null,"zoom_min":null,"notes":null},"geometry":{"type":"Polygon","coordinates":[[[8.46303191535096,26.546826618975395],[8.463271061561427,26.546852060061614],[8.463260885126939,26.546979265492713],[8.463154032564816,26.546966544949605],[8.46315339653766,26.546991986035824],[8.463054176301403,26.54697990151987],[8.463056084382869,26.54695700454227],[8.46302491905225,26.54695446043365],[8.46303191535096,26.546826618975395]]]}},{"type":"Feature","properties":{"id":null,"name":null,"settlement_id":null,"country_id":null,"district_id":null,"building_type":null,"status":null,"access":null,"wiki_id":null,"label_rank":null,"zoom_min":null,"notes":null},"geometry":{"type":"Polygon","coordinates":[[[8.455531057048963,26.54441220028532],[8.45591328985157,26.54444319213418],[8.455927064006618,26.544229692730923],[8.455551718281535,26.544198700882063],[8.455531057048963,26.54441220028532]]]}},{"type":"Feature","properties":{"id":null,"name":null,"settlement_id":null,"country_id":null,"district_id":null,"building_type":null,"status":null,"access":null,"wiki_id":null,"label_rank":null,"zoom_min":null,"notes":null},"geometry":{"type":"Polygon","coordinates":[[[8.455752612043623,26.547148892536107],[8.455738619446203,26.54729772289049],[8.45579967805313,26.547304083162047],[8.455802222161752,26.547260833315473],[8.455851832279881,26.547265921532716],[8.455846744062637,26.547312987542224],[8.455909074723875,26.54731934781378],[8.455921795266985,26.547185146083965],[8.455900170343698,26.547182601975344],[8.45590271445232,26.54716733732361],[8.455752612043623,26.547148892536107]]]}},{"type":"Feature","properties":{"id":"building_pgq_building1","name":"Community Center","settlement_id":"settlement_pointgolqik","country_id":"country_velu","district_id":null,"building_type":"civic","status":"active","access":"public","wiki_id":null,"label_rank":null,"zoom_min":16,"notes":null},"geometry":{"type":"Polygon","coordinates":[[[8.454889548493306,26.544992206552234],[8.454889029068209,26.545095753005835],[8.45458834089506,26.54507875739879],[8.454601412267301,26.5449708633016],[8.454708452489111,26.544974307244647],[8.454707249942686,26.544924280901935],[8.454808014190913,26.544929898666755],[8.45480322538889,26.544985307974333],[8.454889548493306,26.544992206552234]]]}},{"type":"Feature","properties":{"id":null,"name":null,"settlement_id":null,"country_id":null,"district_id":null,"building_type":null,"status":null,"access":null,"wiki_id":null,"label_rank":null,"zoom_min":null,"notes":null},"geometry":{"type":"Polygon","coordinates":[[[8.4544821726664,26.54697502338072],[8.454721318876867,26.54700046446694],[8.45471114244238,26.54712766989804],[8.454604289880256,26.54711494935493],[8.4546036538531,26.54714039044115],[8.454504433616844,26.547128305925195],[8.454506341698309,26.547105408947598],[8.45447517636769,26.547102864838976],[8.4544821726664,26.54697502338072]]]}},{"type":"Feature","properties":{"id":null,"name":null,"settlement_id":null,"country_id":null,"district_id":null,"building_type":null,"status":null,"access":null,"wiki_id":null,"label_rank":null,"zoom_min":null,"notes":null},"geometry":{"type":"Polygon","coordinates":[[[8.461948490852564,26.544585549224035],[8.461967519247393,26.544440117920697],[8.462108873037552,26.54445438921682],[8.462087805886135,26.5445984613491],[8.462086446715075,26.544614091816282],[8.462013051477877,26.544604577618866],[8.462014410648935,26.54459438383592],[8.461948490852564,26.544585549224035]]]}},{"type":"Feature","properties":{"id":null,"name":null,"settlement_id":null,"country_id":null,"district_id":null,"building_type":null,"status":null,"access":null,"wiki_id":null,"label_rank":null,"zoom_min":null,"notes":null},"geometry":{"type":"Polygon","coordinates":[[[8.461927884242982,26.543480005848906],[8.461913891645562,26.54362883620329],[8.46197495025249,26.543635196474845],[8.461977494361111,26.543591946628272],[8.46202710447924,26.543597034845515],[8.462022016261995,26.543644100855023],[8.462084346923234,26.543650461126578],[8.462097067466344,26.543516259396764],[8.462075442543057,26.543513715288142],[8.462077986651678,26.54349845063641],[8.461927884242982,26.543480005848906]]]}},{"type":"Feature","properties":{"id":null,"name":null,"settlement_id":null,"country_id":null,"district_id":null,"building_type":null,"status":null,"access":null,"wiki_id":null,"label_rank":null,"zoom_min":null,"notes":null},"geometry":{"type":"Polygon","coordinates":[[[8.45494332231036,26.54716812374972],[8.454957593606482,26.547036963742507],[8.455086714857108,26.547051235038627],[8.45506700687675,26.547202782611734],[8.45494128355377,26.547184433802432],[8.45494332231036,26.54716812374972]]]}},{"type":"Feature","properties":{"id":null,"name":null,"settlement_id":null,"country_id":null,"district_id":null,"building_type":null,"status":null,"access":null,"wiki_id":null,"label_rank":null,"zoom_min":null,"notes":null},"geometry":{"type":"Polygon","coordinates":[[[8.456483875854017,26.547249697501766],[8.456618433788883,26.547263289212356],[8.456595327880876,26.547407361344636],[8.45646348828813,26.547391051291925],[8.456483875854017,26.547249697501766]]]}},{"type":"Feature","properties":{"id":null,"name":null,"settlement_id":null,"country_id":null,"district_id":null,"building_type":null,"status":null,"access":null,"wiki_id":null,"label_rank":null,"zoom_min":null,"notes":null},"geometry":{"type":"Polygon","coordinates":[[[8.463073138796883,26.54734603439403],[8.46331228500735,26.54737147548025],[8.463302108572861,26.54749868091135],[8.463195256010739,26.547485960368242],[8.463194619983582,26.54751140145446],[8.463095399747326,26.547499316938506],[8.463097307828791,26.54747641996091],[8.463066142498173,26.547473875852287],[8.463073138796883,26.54734603439403]]]}},{"type":"Feature","properties":{"id":null,"name":null,"settlement_id":null,"country_id":null,"district_id":null,"building_type":null,"status":null,"access":null,"wiki_id":null,"label_rank":null,"zoom_min":null,"notes":null},"geometry":{"type":"Polygon","coordinates":[[[8.45526204792375,26.54722384976315],[8.45528107631858,26.54707841845981],[8.455422430108738,26.547092689755935],[8.455401362957321,26.547236761888215],[8.455400003786261,26.547252392355396],[8.455326608549063,26.54724287815798],[8.455327967720121,26.547232684375036],[8.45526204792375,26.54722384976315]]]}},{"type":"Feature","properties":{"id":null,"name":null,"settlement_id":null,"country_id":null,"district_id":null,"building_type":null,"status":null,"access":null,"wiki_id":null,"label_rank":null,"zoom_min":null,"notes":null},"geometry":{"type":"Polygon","coordinates":[[[8.45739903635352,26.547369245494945],[8.457533594288385,26.547382837205536],[8.457510488380379,26.547526909337815],[8.457378648787632,26.547510599285104],[8.45739903635352,26.547369245494945]]]}},{"type":"Feature","properties":{"id":null,"name":null,"settlement_id":null,"country_id":null,"district_id":null,"building_type":null,"status":null,"access":null,"wiki_id":null,"label_rank":null,"zoom_min":null,"notes":null},"geometry":{"type":"Polygon","coordinates":[[[8.461441239106883,26.543993552845457],[8.461447958421445,26.543830049524434],[8.461575625398133,26.54383900861052],[8.461573385626613,26.54399579261698],[8.461441239106883,26.543993552845457]]]}},{"type":"Feature","properties":{"id":null,"name":null,"settlement_id":null,"country_id":null,"district_id":null,"building_type":null,"status":null,"access":null,"wiki_id":null,"label_rank":null,"zoom_min":null,"notes":null},"geometry":{"type":"Polygon","coordinates":[[[8.454449574068137,26.54309308033842],[8.4544562933827,26.542929577017397],[8.454583960359388,26.54293853610348],[8.454581720587868,26.54309532010994],[8.454449574068137,26.54309308033842]]]}},{"type":"Feature","properties":{"id":null,"name":null,"settlement_id":null,"country_id":null,"district_id":null,"building_type":null,"status":null,"access":null,"wiki_id":null,"label_rank":null,"zoom_min":null,"notes":null},"geometry":{"type":"Polygon","coordinates":[[[8.455017895817422,26.54479401137868],[8.455181311786573,26.544802596610126],[8.455170895993563,26.544930153003207],[8.455014147768194,26.544926123722465],[8.455017895817422,26.54479401137868]]]}},{"type":"Feature","properties":{"id":null,"name":null,"settlement_id":null,"country_id":null,"district_id":null,"building_type":null,"status":null,"access":null,"wiki_id":null,"label_rank":null,"zoom_min":null,"notes":null},"geometry":{"type":"Polygon","coordinates":[[[8.456494425596047,26.545090096507025],[8.45650114491061,26.544926593186002],[8.456628811887297,26.544935552272086],[8.456626572115777,26.545092336278547],[8.456494425596047,26.545090096507025]]]}},{"type":"Feature","properties":{"id":null,"name":null,"settlement_id":null,"country_id":null,"district_id":null,"building_type":null,"status":null,"access":null,"wiki_id":null,"label_rank":null,"zoom_min":null,"notes":null},"geometry":{"type":"Polygon","coordinates":[[[8.459363028663757,26.54469124447655],[8.459602174874224,26.54471668556277],[8.459591998439736,26.544843890993867],[8.459485145877613,26.54483117045076],[8.459484509850457,26.54485661153698],[8.4593852896142,26.544844527021024],[8.459387197695666,26.544821630043426],[8.459356032365047,26.544819085934805],[8.459363028663757,26.54469124447655]]]}},{"type":"Feature","properties":{"id":null,"name":null,"settlement_id":null,"country_id":null,"district_id":null,"building_type":null,"status":null,"access":null,"wiki_id":null,"label_rank":null,"zoom_min":null,"notes":null},"geometry":{"type":"Polygon","coordinates":[[[8.459616017680444,26.547638687616626],[8.459635046075274,26.547493256313288],[8.459776399865433,26.54750752760941],[8.459755332714016,26.54765159974169],[8.459753973542956,26.547667230208873],[8.459680578305758,26.547657716011457],[8.459681937476816,26.547647522228512],[8.459616017680444,26.547638687616626]]]}},{"type":"Feature","properties":{"id":null,"name":null,"settlement_id":null,"country_id":null,"district_id":null,"building_type":null,"status":null,"access":null,"wiki_id":null,"label_rank":null,"zoom_min":null,"notes":null},"geometry":{"type":"Polygon","coordinates":[[[8.456152958207875,26.54526808861323],[8.456085306804043,26.545261209751192],[8.456105756129345,26.545093923114315],[8.456174897485338,26.54510203479067],[8.456152958207875,26.54526808861323]]]}},{"type":"Feature","properties":{"id":null,"name":null,"settlement_id":null,"country_id":null,"district_id":null,"building_type":null,"status":null,"access":null,"wiki_id":null,"label_rank":null,"zoom_min":null,"notes":null},"geometry":{"type":"Polygon","coordinates":[[[8.455460773889076,26.54502050566266],[8.455525784342354,26.545026194753365],[8.455508145247595,26.545198435325716],[8.455443814431415,26.545192728559766],[8.455460773889076,26.54502050566266]]]}},{"type":"Feature","properties":{"id":null,"name":null,"settlement_id":null,"country_id":null,"district_id":null,"building_type":null,"status":null,"access":null,"wiki_id":null,"label_rank":null,"zoom_min":null,"notes":null},"geometry":{"type":"Polygon","coordinates":[[[8.455987772810127,26.545242822162052],[8.455917972798774,26.5452369232409],[8.455940570731592,26.545068656663133],[8.45600971208759,26.54507676833948],[8.455987772810127,26.545242822162052]]]}},{"type":"Feature","properties":{"id":null,"name":null,"settlement_id":null,"country_id":null,"district_id":null,"building_type":null,"status":null,"access":null,"wiki_id":null,"label_rank":null,"zoom_min":null,"notes":null},"geometry":{"type":"Polygon","coordinates":[[[8.455667415897329,26.545212442842143],[8.455597897112103,26.545206736076192],[8.455618608979476,26.545034764902578],[8.45568868657042,26.5450412398636],[8.455667415897329,26.545212442842143]]]}},{"type":"Feature","properties":{"id":null,"name":null,"settlement_id":null,"country_id":null,"district_id":null,"building_type":null,"status":null,"access":null,"wiki_id":null,"label_rank":null,"zoom_min":null,"notes":null},"geometry":{"type":"Polygon","coordinates":[[[8.455825510658281,26.54522385355779],[8.455755710646928,26.545217954636648],[8.45577830857975,26.545049688058874],[8.455847449935746,26.545057799735222],[8.455825510658281,26.54522385355779]]]}},{"type":"Feature","properties":{"id":null,"name":null,"settlement_id":null,"country_id":null,"district_id":null,"building_type":null,"status":null,"access":null,"wiki_id":null,"label_rank":null,"zoom_min":null,"notes":null},"geometry":{"type":"Polygon","coordinates":[[[8.457077748714164,26.545151535187863],[8.457084468028727,26.54498803186684],[8.457212135005415,26.544996990952924],[8.457209895233895,26.545153774959385],[8.457077748714164,26.545151535187863]]]}},{"type":"Feature","properties":{"id":null,"name":null,"settlement_id":null,"country_id":null,"district_id":null,"building_type":null,"status":null,"access":null,"wiki_id":null,"label_rank":null,"zoom_min":null,"notes":null},"geometry":{"type":"Polygon","coordinates":[[[8.45693465883918,26.547034388452833],[8.457096024476419,26.54706158434025],[8.457071106214839,26.54718711601912],[8.456915844255343,26.547165207911206],[8.45693465883918,26.547034388452833]]]}},{"type":"Feature","properties":{"id":null,"name":null,"settlement_id":null,"country_id":null,"district_id":null,"building_type":null,"status":null,"access":null,"wiki_id":null,"label_rank":null,"zoom_min":null,"notes":null},"geometry":{"type":"Polygon","coordinates":[[[8.459569100417404,26.546144236167926],[8.459730466054644,26.546171432055342],[8.459705547793064,26.546296963734214],[8.459550285833568,26.5462750556263],[8.459569100417404,26.546144236167926]]]}},{"type":"Feature","properties":{"id":null,"name":null,"settlement_id":null,"country_id":null,"district_id":null,"building_type":null,"status":null,"access":null,"wiki_id":null,"label_rank":null,"zoom_min":null,"notes":null},"geometry":{"type":"Polygon","coordinates":[[[8.459445430079633,26.547240779829494],[8.459606795716873,26.54726797571691],[8.459581877455292,26.547393507395782],[8.459426615495797,26.547371599287867],[8.459445430079633,26.547240779829494]]]}},{"type":"Feature","properties":{"id":null,"name":null,"settlement_id":null,"country_id":null,"district_id":null,"building_type":null,"status":null,"access":null,"wiki_id":null,"label_rank":null,"zoom_min":null,"notes":null},"geometry":{"type":"Polygon","coordinates":[[[8.458719897431378,26.543769765682725],[8.458881263068617,26.54379696157014],[8.458856344807037,26.543922493249013],[8.458701082847542,26.5439005851411],[8.458719897431378,26.543769765682725]]]}},{"type":"Feature","properties":{"id":null,"name":null,"settlement_id":null,"country_id":null,"district_id":null,"building_type":null,"status":null,"access":null,"wiki_id":null,"label_rank":null,"zoom_min":null,"notes":null},"geometry":{"type":"Polygon","coordinates":[[[8.460212186173813,26.546366842775914],[8.460373551811053,26.54639403866333],[8.460348633549472,26.546519570342202],[8.460193371589977,26.546497662234287],[8.460212186173813,26.546366842775914]]]}},{"type":"Feature","properties":{"id":null,"name":null,"settlement_id":null,"country_id":null,"district_id":null,"building_type":null,"status":null,"access":null,"wiki_id":null,"label_rank":null,"zoom_min":null,"notes":null},"geometry":{"type":"Polygon","coordinates":[[[8.457023359341415,26.54630643558767],[8.457152514870574,26.54650930748847],[8.457046695989174,26.546580631718992],[8.456990046458005,26.54648914339806],[8.456969754787396,26.5465045024834],[8.456917364814801,26.54641937915182],[8.45693645978285,26.5464066004761],[8.456919025136893,26.546380643137226],[8.457023359341415,26.54630643558767]]]}},{"type":"Feature","properties":{"id":null,"name":null,"settlement_id":null,"country_id":null,"district_id":null,"building_type":null,"status":null,"access":null,"wiki_id":null,"label_rank":null,"zoom_min":null,"notes":null},"geometry":{"type":"Polygon","coordinates":[[[8.457792415374067,26.547407869562917],[8.458031561584534,26.547433310649136],[8.458021385150046,26.547560516080235],[8.457914532587923,26.547547795537128],[8.457913896560767,26.547573236623347],[8.45781467632451,26.54756115210739],[8.457816584405975,26.547538255129794],[8.457785419075357,26.547535711021172],[8.457792415374067,26.547407869562917]]]}},{"type":"Feature","properties":{"id":null,"name":null,"settlement_id":null,"country_id":null,"district_id":null,"building_type":null,"status":null,"access":null,"wiki_id":null,"label_rank":null,"zoom_min":null,"notes":null},"geometry":{"type":"Polygon","coordinates":[[[8.460278946406039,26.54751990354942],[8.460264953808618,26.547668733903805],[8.460326012415546,26.54767509417536],[8.460328556524168,26.547631844328787],[8.460378166642297,26.54763693254603],[8.460373078425052,26.547683998555538],[8.46043540908629,26.547690358827094],[8.4604481296294,26.54755615709728],[8.460426504706113,26.547553612988658],[8.460429048814735,26.547538348336925],[8.460278946406039,26.54751990354942]]]}},{"type":"Feature","properties":{"id":null,"name":null,"settlement_id":null,"country_id":null,"district_id":null,"building_type":null,"status":null,"access":null,"wiki_id":null,"label_rank":null,"zoom_min":null,"notes":null},"geometry":{"type":"Polygon","coordinates":[[[8.458061125015346,26.545236124645253],[8.458047132417926,26.545384954999637],[8.458108191024854,26.545391315271193],[8.458110735133475,26.54534806542462],[8.458160345251605,26.545353153641862],[8.45815525703436,26.54540021965137],[8.458217587695598,26.545406579922926],[8.458230308238708,26.54527237819311],[8.458208683315421,26.54526983408449],[8.458211227424043,26.545254569432757],[8.458061125015346,26.545236124645253]]]}},{"type":"Feature","properties":{"id":null,"name":null,"settlement_id":null,"country_id":null,"district_id":null,"building_type":null,"status":null,"access":null,"wiki_id":null,"label_rank":null,"zoom_min":null,"notes":null},"geometry":{"type":"Polygon","coordinates":[[[8.461004479054294,26.54425500663227],[8.460990486456874,26.544403836986653],[8.461051545063802,26.54441019725821],[8.461054089172423,26.544366947411635],[8.461103699290552,26.54437203562888],[8.461098611073307,26.544419101638386],[8.461160941734546,26.544425461909942],[8.461173662277655,26.544291260180128],[8.461152037354369,26.544288716071506],[8.46115458146299,26.544273451419773],[8.461004479054294,26.54425500663227]]]}},{"type":"Feature","properties":{"id":null,"name":null,"settlement_id":null,"country_id":null,"district_id":null,"building_type":null,"status":null,"access":null,"wiki_id":null,"label_rank":null,"zoom_min":null,"notes":null},"geometry":{"type":"Polygon","coordinates":[[[8.459561658446967,26.543389314267873],[8.459547665849547,26.543538144622257],[8.459608724456475,26.543544504893813],[8.459611268565096,26.54350125504724],[8.459660878683225,26.543506343264482],[8.45965579046598,26.54355340927399],[8.459718121127219,26.543559769545546],[8.459730841670329,26.54342556781573],[8.459709216747042,26.54342302370711],[8.459711760855663,26.543407759055377],[8.459561658446967,26.543389314267873]]]}},{"type":"Feature","properties":{"id":null,"name":null,"settlement_id":null,"country_id":null,"district_id":null,"building_type":null,"status":null,"access":null,"wiki_id":null,"label_rank":null,"zoom_min":null,"notes":null},"geometry":{"type":"Polygon","coordinates":[[[8.45692371888787,26.547305905535204],[8.45690972629045,26.547454735889588],[8.456970784897377,26.547461096161143],[8.456973329005999,26.54741784631457],[8.457022939124128,26.547422934531813],[8.457017850906883,26.54747000054132],[8.457080181568122,26.547476360812876],[8.457092902111231,26.547342159083062],[8.457071277187945,26.54733961497444],[8.457073821296566,26.547324350322707],[8.45692371888787,26.547305905535204]]]}},{"type":"Feature","properties":{"id":null,"name":null,"settlement_id":null,"country_id":null,"district_id":null,"building_type":null,"status":null,"access":null,"wiki_id":null,"label_rank":null,"zoom_min":null,"notes":null},"geometry":{"type":"Polygon","coordinates":[[[8.458727924588825,26.546718285149154],[8.458631131223404,26.54693844237311],[8.458513008168476,26.546890154430365],[8.45855754573966,26.546792196852802],[8.45853349662641,26.546783872578043],[8.45857511267897,26.546692994665552],[8.458596351674188,26.546701759221456],[8.458608230704298,26.546672834509444],[8.458727924588825,26.546718285149154]]]}},{"type":"Feature","properties":{"id":null,"name":null,"settlement_id":null,"country_id":null,"district_id":null,"building_type":null,"status":null,"access":null,"wiki_id":null,"label_rank":null,"zoom_min":null,"notes":null},"geometry":{"type":"Polygon","coordinates":[[[8.463354666687323,26.544590398924793],[8.463483822216482,26.544793270825593],[8.463378003335082,26.544864595056115],[8.463321353803913,26.54477310673518],[8.463301062133304,26.544788465820524],[8.46324867216071,26.544703342488944],[8.463267767128759,26.544690563813223],[8.4632503324828,26.54466460647435],[8.463354666687323,26.544590398924793]]]}},{"type":"Feature","properties":{"id":null,"name":null,"settlement_id":null,"country_id":null,"district_id":null,"building_type":null,"status":null,"access":null,"wiki_id":null,"label_rank":null,"zoom_min":null,"notes":null},"geometry":{"type":"Polygon","coordinates":[[[8.459378467660732,26.545826302559792],[8.459386927130172,26.545721405138725],[8.459187283651373,26.545699410518182],[8.45917374850027,26.545946427025847],[8.4592549594069,26.54596503785862],[8.459273570239668,26.54582799445368],[8.45932771084409,26.545826302559792],[8.459378467660732,26.545826302559792]]]}},{"type":"Feature","properties":{"id":null,"name":null,"settlement_id":null,"country_id":null,"district_id":null,"building_type":null,"status":null,"access":null,"wiki_id":null,"label_rank":null,"zoom_min":null,"notes":null},"geometry":{"type":"Polygon","coordinates":[[[8.456236536101756,26.545277033056784],[8.456171945887123,26.54527002929857],[8.456190103778788,26.545103495492175],[8.456255472188776,26.545109202258125],[8.456236536101756,26.545277033056784]]]}},{"type":"Feature","properties":{"id":null,"name":null,"settlement_id":null,"country_id":null,"district_id":null,"building_type":null,"status":null,"access":null,"wiki_id":null,"label_rank":null,"zoom_min":null,"notes":null},"geometry":{"type":"Polygon","coordinates":[[[8.456400735322084,26.545290262377854],[8.456335366912095,26.545285074408806],[8.45635352480376,26.54511854060241],[8.456418893213748,26.54512424736836],[8.456400735322084,26.545290262377854]]]}},{"type":"Feature","properties":{"id":null,"name":null,"settlement_id":null,"country_id":null,"district_id":null,"building_type":null,"status":null,"access":null,"wiki_id":null,"label_rank":null,"zoom_min":null,"notes":null},"geometry":{"type":"Polygon","coordinates":[[[8.456113239996705,26.54622395610568],[8.456183174577555,26.546227955262662],[8.456165159494146,26.54639677399543],[8.456095823169216,26.546390544994882],[8.456113239996705,26.54622395610568]]]}},{"type":"Feature","properties":{"id":null,"name":null,"settlement_id":null,"country_id":null,"district_id":null,"building_type":null,"status":null,"access":null,"wiki_id":null,"label_rank":null,"zoom_min":null,"notes":null},"geometry":{"type":"Polygon","coordinates":[[[8.456279332266398,26.546235611391097],[8.456349361006417,26.54623728901647],[8.456336954588698,26.546406612341986],[8.456267449824304,26.546402686258908],[8.456279332266398,26.546235611391097]]]}},{"type":"Feature","properties":{"id":null,"name":null,"settlement_id":null,"country_id":null,"district_id":null,"building_type":null,"status":null,"access":null,"wiki_id":null,"label_rank":null,"zoom_min":null,"notes":null},"geometry":{"type":"Polygon","coordinates":[[[8.45619775015082,26.546227085111084],[8.456267684731673,26.546231084268065],[8.45624966964826,26.54639990300083],[8.456180333323337,26.546393674000285],[8.45619775015082,26.546227085111084]]]}},{"type":"Feature","properties":{"id":null,"name":null,"settlement_id":null,"country_id":null,"district_id":null,"building_type":null,"status":null,"access":null,"wiki_id":null,"label_rank":null,"zoom_min":null,"notes":null},"geometry":{"type":"Polygon","coordinates":[[[8.456012869112028,26.546348477725132],[8.456010158317161,26.546371578551362],[8.456087599645583,26.54637753574654],[8.456096937142453,26.546237943996946],[8.456068046231733,26.546235423272147],[8.456069790071615,26.546218092693167],[8.455999445916323,26.54621307237203],[8.455987852809416,26.546346796563334],[8.456012869112028,26.546348477725132]]]}},{"type":"Feature","properties":{"id":null,"name":null,"settlement_id":null,"country_id":null,"district_id":null,"building_type":null,"status":null,"access":null,"wiki_id":null,"label_rank":null,"zoom_min":null,"notes":null},"geometry":{"type":"Polygon","coordinates":[[[8.462303341424654,26.54440855500805],[8.462539026478023,26.544360693599092],[8.462567684493361,26.544485045919846],[8.46246197031321,26.54450514055507],[8.462469036034395,26.5445295890516],[8.462370790665634,26.544547988462597],[8.462365704992951,26.544525582028445],[8.46233522333009,26.544532554728818],[8.462303341424654,26.54440855500805]]]}},{"type":"Feature","properties":{"id":null,"name":null,"settlement_id":null,"country_id":null,"district_id":null,"building_type":null,"status":null,"access":null,"wiki_id":null,"label_rank":null,"zoom_min":null,"notes":null},"geometry":{"type":"Polygon","coordinates":[[[8.461748882913115,26.545503228507208],[8.461881694920711,26.545893363779523],[8.461732281412166,26.545955619408083],[8.461715679911217,26.545901664529996],[8.461814251323103,26.54586016077762],[8.461765484414064,26.54570452170622],[8.46166068743932,26.545748100646215],[8.461695965628838,26.54584874724572],[8.46164512353218,26.54586534874667],[8.46159739421695,26.545731499145266],[8.461584943091237,26.545698296143367],[8.4617359129905,26.545638893897777],[8.461700634800982,26.545520608203514],[8.461748882913115,26.545503228507208]]]}},{"type":"Feature","properties":{"id":null,"name":null,"settlement_id":null,"country_id":null,"district_id":null,"building_type":null,"status":null,"access":null,"wiki_id":null,"label_rank":null,"zoom_min":null,"notes":null},"geometry":{"type":"Polygon","coordinates":[[]]}},{"type":"Feature","properties":{"id":null,"name":null,"settlement_id":null,"country_id":null,"district_id":null,"building_type":null,"status":null,"access":null,"wiki_id":null,"label_rank":null,"zoom_min":null,"notes":null},"geometry":{"type":"Polygon","coordinates":[[[8.460883829401276,26.545965347828627],[8.4608287035046,26.545811271157163],[8.460950403051907,26.545771668854883],[8.461007159742369,26.54591783629088],[8.460883829401276,26.545965347828627]]]}},{"type":"Feature","properties":{"id":null,"name":null,"settlement_id":null,"country_id":null,"district_id":null,"building_type":null,"status":null,"access":null,"wiki_id":null,"label_rank":null,"zoom_min":null,"notes":null},"geometry":{"type":"Polygon","coordinates":[[[8.461105985643039,26.545389875685395],[8.461112704957602,26.54522637236437],[8.46124037193429,26.545235331450456],[8.46123813216277,26.545392115456917],[8.461105985643039,26.545389875685395]]]}},{"type":"Feature","properties":{"id":null,"name":null,"settlement_id":null,"country_id":null,"district_id":null,"building_type":null,"status":null,"access":null,"wiki_id":null,"label_rank":null,"zoom_min":null,"notes":null},"geometry":{"type":"Polygon","coordinates":[[]]}},{"type":"Feature","properties":{"id":null,"name":null,"settlement_id":null,"country_id":null,"district_id":null,"building_type":null,"status":null,"access":null,"wiki_id":null,"label_rank":null,"zoom_min":null,"notes":null},"geometry":{"type":"Polygon","coordinates":[[[8.461353021368916,26.546694003265017],[8.461372049763746,26.54654857196168],[8.461513403553905,26.546562843257803],[8.461492336402488,26.546706915390082],[8.461490977231428,26.546722545857264],[8.46141758199423,26.54671303165985],[8.461418941165288,26.546702837876904],[8.461353021368916,26.546694003265017]]]}},{"type":"Feature","properties":{"id":null,"name":null,"settlement_id":null,"country_id":null,"district_id":null,"building_type":null,"status":null,"access":null,"wiki_id":null,"label_rank":null,"zoom_min":null,"notes":null},"geometry":{"type":"Polygon","coordinates":[[[8.461411613803065,26.546235196588903],[8.461324714344805,26.5461170406413],[8.461436634846255,26.546029528555046],[8.461521121975942,26.546148114089934],[8.461530956823257,26.54616033843567],[8.461471388248594,26.5462042584278],[8.46146531550529,26.54619595888893],[8.461411613803065,26.546235196588903]]]}},{"type":"Feature","properties":{"id":null,"name":null,"settlement_id":null,"country_id":null,"district_id":null,"building_type":null,"status":null,"access":null,"wiki_id":null,"label_rank":null,"zoom_min":null,"notes":null},"geometry":{"type":"Polygon","coordinates":[[[8.461016840974688,26.54701773253353],[8.461035869369518,26.54687230123019],[8.461177223159677,26.546886572526315],[8.46115615600826,26.547030644658594],[8.4611547968372,26.547046275125776],[8.461081401600001,26.54703676092836],[8.46108276077106,26.547026567145416],[8.461016840974688,26.54701773253353]]]}},{"type":"Feature","properties":{"id":null,"name":null,"settlement_id":null,"country_id":null,"district_id":null,"building_type":null,"status":null,"access":null,"wiki_id":null,"label_rank":null,"zoom_min":null,"notes":null},"geometry":{"type":"Polygon","coordinates":[[[8.459906291326137,26.54752814242958],[8.46014644405268,26.54754098091786],[8.460142966490418,26.547668545364633],[8.460035593093336,26.54766145763943],[8.460036294907168,26.54768689699586],[8.459936576713856,26.54768004333032],[8.459937278892857,26.547657077719013],[8.459906022929475,26.547656174904393],[8.459906291326137,26.54752814242958]]]}},{"type":"Feature","properties":{"id":null,"name":null,"settlement_id":null,"country_id":null,"district_id":null,"building_type":null,"status":null,"access":null,"wiki_id":null,"label_rank":null,"zoom_min":null,"notes":null},"geometry":{"type":"Polygon","coordinates":[[[8.460575800265417,26.546083455346114],[8.460668549854425,26.546305346473893],[8.460552137254084,26.546357623505195],[8.460511882296554,26.546257829614383],[8.460489272958558,26.546269511704683],[8.46045213231956,26.54617671480956],[8.460473123306645,26.546167371853965],[8.46046036004067,26.546138826287535],[8.460575800265417,26.546083455346114]]]}},{"type":"Feature","properties":{"id":null,"name":null,"settlement_id":null,"country_id":null,"district_id":null,"building_type":null,"status":null,"access":null,"wiki_id":null,"label_rank":null,"zoom_min":null,"notes":null},"geometry":{"type":"Polygon","coordinates":[[[8.457081891849176,26.54554442882465],[8.457140081370424,26.545548585219024],[8.457139300401238,26.54560492427996],[8.457170109785384,26.54560753962137],[8.457161593082986,26.54573698374666],[8.457040300209648,26.545732728969725],[8.457046859382304,26.545600243263394],[8.457077718892847,26.545597637154206],[8.457081891849176,26.54554442882465]]]}},{"type":"Feature","properties":{"id":null,"name":null,"settlement_id":null,"country_id":null,"district_id":null,"building_type":null,"status":null,"access":null,"wiki_id":null,"label_rank":null,"zoom_min":null,"notes":null},"geometry":{"type":"Polygon","coordinates":[[[8.456617982731727,26.54527024251766],[8.456624327174906,26.5452122507593],[8.456680596879226,26.545215152495913],[8.45668437042445,26.54518446343404],[8.456813402081393,26.545197848025893],[8.456804583309948,26.545318894684335],[8.456672438522402,26.545307351710182],[8.45667099620704,26.545276415955424],[8.456617982731727,26.54527024251766]]]}},{"type":"Feature","properties":{"id":null,"name":null,"settlement_id":null,"country_id":null,"district_id":null,"building_type":null,"status":null,"access":null,"wiki_id":null,"label_rank":null,"zoom_min":null,"notes":null},"geometry":{"type":"Polygon","coordinates":[[[8.457224153367855,26.544705126291362],[8.457223856482543,26.544717595474488],[8.457232095049964,26.544717298589173],[8.457228532426214,26.544797754508856],[8.45722237205598,26.54479775450886],[8.45722237205598,26.54480844238011],[8.457073558293096,26.544797754508856],[8.457075933375597,26.54473362728136],[8.457085804812236,26.544733924166675],[8.45708758612411,26.544697407273237],[8.457224153367855,26.544705126291362]]]}},{"type":"Feature","properties":{"id":null,"name":null,"settlement_id":null,"country_id":null,"district_id":null,"building_type":null,"status":null,"access":null,"wiki_id":null,"label_rank":null,"zoom_min":null,"notes":null},"geometry":{"type":"Polygon","coordinates":[[[8.454678199899355,26.54691513428326],[8.45468857583745,26.54678439746328],[8.454752906653628,26.546792698213757],[8.454769508154577,26.54663290876712],[8.454960425415496,26.54665781101854],[8.454937598351691,26.546811374902326],[8.455226049430689,26.546842502716604],[8.45520944792974,26.546987765849913],[8.454678199899355,26.54691513428326]]]}},{"type":"Feature","properties":{"id":null,"name":null,"settlement_id":null,"country_id":null,"district_id":null,"building_type":null,"status":null,"access":null,"wiki_id":null,"label_rank":null,"zoom_min":null,"notes":null},"geometry":{"type":"Polygon","coordinates":[[[8.45861778121841,26.543328101901235],[8.45895086902034,26.543138062625584],[8.45884180082824,26.542954008687804],[8.458514399591794,26.543140162759492],[8.45861778121841,26.543328101901235]]]}},{"type":"Feature","properties":{"id":null,"name":null,"settlement_id":null,"country_id":null,"district_id":null,"building_type":null,"status":null,"access":null,"wiki_id":null,"label_rank":null,"zoom_min":null,"notes":null},"geometry":{"type":"Polygon","coordinates":[[]]}},{"type":"Feature","properties":{"id":null,"name":null,"settlement_id":null,"country_id":null,"district_id":null,"building_type":null,"status":null,"access":null,"wiki_id":null,"label_rank":null,"zoom_min":null,"notes":null},"geometry":{"type":"Polygon","coordinates":[[[8.469459780671173,26.544895853264745],[8.469466448867925,26.544512424072796],[8.469252505687445,26.544512228970614],[8.469245400352673,26.5448887849721],[8.469459780671173,26.544895853264745]]]}},{"type":"Feature","properties":{"id":null,"name":null,"settlement_id":null,"country_id":null,"district_id":null,"building_type":null,"status":null,"access":null,"wiki_id":null,"label_rank":null,"zoom_min":null,"notes":null},"geometry":{"type":"Polygon","coordinates":[[[8.468820603520696,26.544673931655087],[8.468945114777815,26.544678082030323],[8.469015671156852,26.54461790158938],[8.4690322726578,26.544451886579886],[8.468837205021645,26.54444566101703],[8.468820603520696,26.544673931655087]]]}},{"type":"Feature","properties":{"id":null,"name":null,"settlement_id":null,"country_id":null,"district_id":null,"building_type":null,"status":null,"access":null,"wiki_id":null,"label_rank":null,"zoom_min":null,"notes":null},"geometry":{"type":"Polygon","coordinates":[[[8.454928958239654,26.54431220611432],[8.45479118607566,26.544306047676727],[8.454786129276457,26.544439335775284],[8.454926136633883,26.544444365217352],[8.454928958239654,26.54431220611432]]]}},{"type":"Feature","properties":{"id":null,"name":null,"settlement_id":null,"country_id":null,"district_id":null,"building_type":null,"status":null,"access":null,"wiki_id":null,"label_rank":null,"zoom_min":null,"notes":null},"geometry":{"type":"Polygon","coordinates":[[[8.454752013196524,26.544311806642412],[8.454745740770866,26.544421581894444],[8.454629241700442,26.54441421694944],[8.45463775843858,26.544305552454844],[8.454752013196524,26.544311806642412]]]}},{"type":"Feature","properties":{"id":"building_pgq_building1","name":"Community Center","settlement_id":"settlement_pointgolqik","country_id":"country_velu","district_id":null,"building_type":"civic","status":"active","access":"public","wiki_id":null,"label_rank":null,"zoom_min":16,"notes":null},"geometry":{"type":"Polygon","coordinates":[[[8.454523326445475,26.546459460509645],[8.454497493923204,26.546841546666325],[8.454629145881547,26.546843661236533],[8.454639129670072,26.546733998339803],[8.454693192813776,26.546739272938016],[8.454694285879109,26.5467326907929],[8.454695374086858,26.546732838905022],[8.454695610011383,26.54673125084184],[8.454697038267549,26.546731420444093],[8.45469709981233,26.546730931431103],[8.45469730029022,26.54672933850497],[8.454700900736482,26.546729684881708],[8.45470115465736,26.546726086980836],[8.454701267683403,26.546724485472122],[8.454710584461363,26.54672486925816],[8.454718073355963,26.546612822632607],[8.454654448004097,26.546613649140685],[8.454660330160713,26.546477595927765],[8.454523326445475,26.546459460509645]]]}},{"type":"Feature","properties":{"id":null,"name":null,"settlement_id":"settlemen_pointgolqik","country_id":"country_velu","district_id":null,"building_type":"","status":null,"access":null,"wiki_id":null,"label_rank":null,"zoom_min":null,"notes":null},"geometry":{"type":"Polygon","coordinates":[[[8.458473365348512,26.547609893930364],[8.45848349999863,26.547443685668433],[8.458850374332885,26.547476116548808],[8.458830105032652,26.54764029788071],[8.458473365348512,26.547609893930364]]]}},{"type":"Feature","properties":{"id":null,"name":null,"settlement_id":null,"country_id":null,"district_id":null,"building_type":null,"status":null,"access":null,"wiki_id":null,"label_rank":null,"zoom_min":null,"notes":null},"geometry":{"type":"Polygon","coordinates":[[[8.455248459307194,26.544584437554484],[8.455411539120174,26.544597982286703],[8.455397253840125,26.544725163468225],[8.455240700315938,26.544716375105267],[8.455248459307194,26.544584437554484]]]}},{"type":"Feature","properties":{"id":null,"name":null,"settlement_id":null,"country_id":null,"district_id":null,"building_type":null,"status":null,"access":null,"wiki_id":null,"label_rank":null,"zoom_min":null,"notes":null},"geometry":{"type":"Polygon","coordinates":[[[8.45505967922803,26.544707576305758],[8.455066398542593,26.544544072984735],[8.455194065519281,26.54455303207082],[8.455191825747761,26.54470981607728],[8.45505967922803,26.544707576305758]]]}},{"type":"Feature","properties":{"id":null,"name":null,"settlement_id":null,"country_id":null,"district_id":null,"building_type":null,"status":null,"access":null,"wiki_id":null,"label_rank":null,"zoom_min":null,"notes":null},"geometry":{"type":"Polygon","coordinates":[[[8.483438225106706,26.5397889400007],[8.4832597589715,26.539876097880686],[8.483359367977195,26.54007946626732],[8.48350878148574,26.54000060913781],[8.483566886739064,26.540129270770166],[8.483815909253305,26.54001721063876],[8.483645743868575,26.539689330995007],[8.483438225106706,26.5397889400007]]]}},{"type":"Feature","properties":{"id":null,"name":null,"settlement_id":null,"country_id":null,"district_id":null,"building_type":null,"status":null,"access":null,"wiki_id":null,"label_rank":null,"zoom_min":null,"notes":null},"geometry":{"type":"Polygon","coordinates":[[[8.482981683830594,26.539768188124516],[8.483189202592463,26.539672729494058],[8.48306884171058,26.53947351148266],[8.482633052310655,26.539676879869294],[8.482699458314453,26.539776488874992],[8.482936029702984,26.539668579118818],[8.482981683830594,26.539768188124516]]]}},{"type":"Feature","properties":{"id":null,"name":null,"settlement_id":null,"country_id":null,"district_id":null,"building_type":null,"status":null,"access":null,"wiki_id":null,"label_rank":null,"zoom_min":null,"notes":null},"geometry":{"type":"Polygon","coordinates":[[[8.48330541309911,26.539631225741683],[8.483641593493337,26.53949011298361],[8.483483879234317,26.53923694009413],[8.48317675146675,26.539402955103625],[8.48330541309911,26.539631225741683]]]}},{"type":"Feature","properties":{"id":null,"name":null,"settlement_id":null,"country_id":null,"district_id":null,"building_type":null,"status":null,"access":null,"wiki_id":null,"label_rank":null,"zoom_min":null,"notes":null},"geometry":{"type":"Polygon","coordinates":[[[8.477573744896299,26.543798202480005],[8.477287369004914,26.54410117987231],[8.47742018101251,26.544250593380855],[8.47766505315152,26.54401402199235],[8.47785597041244,26.54415513475042],[8.478038586922883,26.544005721241874],[8.477673353901995,26.54374009722668],[8.477573744896299,26.543798202480005]]]}},{"type":"Feature","properties":{"id":null,"name":null,"settlement_id":null,"country_id":null,"district_id":null,"building_type":null,"status":null,"access":null,"wiki_id":null,"label_rank":null,"zoom_min":null,"notes":null},"geometry":{"type":"Polygon","coordinates":[[[8.4686670396369,26.54816439722971],[8.468878708774007,26.548180998730658],[8.468893235087338,26.5479859310945],[8.468694017075943,26.54797763034403],[8.468501024627406,26.547965179218316],[8.46849479906455,26.548060637848774],[8.468675340387376,26.548075164162107],[8.4686670396369,26.54816439722971]]]}},{"type":"Feature","properties":{"id":null,"name":null,"settlement_id":null,"country_id":null,"district_id":null,"building_type":null,"status":null,"access":null,"wiki_id":null,"label_rank":null,"zoom_min":null,"notes":null},"geometry":{"type":"Polygon","coordinates":[[[8.468661802103249,26.548283683372578],[8.469206370437762,26.54832709403017],[8.469188992220948,26.548637949040426],[8.469087484927332,26.548631193752033],[8.469097512834212,26.548438436869713],[8.468761143722658,26.54840872273315],[8.468744745497524,26.548605404190972],[8.468633980237303,26.548596240348676],[8.468661802103249,26.548283683372578]]]}},{"type":"Feature","properties":{"id":null,"name":null,"settlement_id":null,"country_id":null,"district_id":null,"building_type":null,"status":null,"access":null,"wiki_id":null,"label_rank":null,"zoom_min":null,"notes":null},"geometry":{"type":"Polygon","coordinates":[[[8.46901567115684,26.548183073918278],[8.469040573408265,26.54787802133833],[8.469167159853004,26.547873870963095],[8.469150558352055,26.548017058908783],[8.469293746297744,26.548017058908783],[8.469287520734888,26.548199675419227],[8.46901567115684,26.548183073918278]]]}},{"type":"Feature","properties":{"id":null,"name":null,"settlement_id":null,"country_id":null,"district_id":null,"building_type":null,"status":null,"access":null,"wiki_id":null,"label_rank":null,"zoom_min":null,"notes":null},"geometry":{"type":"Polygon","coordinates":[[[8.464522889962385,26.547824066460244],[8.464520814774765,26.547965179218313],[8.464661927532836,26.54797555515641],[8.464649476407125,26.548006682970687],[8.46478436360234,26.548014983721163],[8.46478436360234,26.547851043899286],[8.464522889962385,26.547824066460244]]]}},{"type":"Feature","properties":{"id":"building_velu_pointgolqik_hcpqt1","name":"HC-VL-PQK-01","settlement_id":"settlement_pointgolqik","country_id":"country_velu","district_id":null,"building_type":"utility","status":"restricted","access":"staff_only","wiki_id":null,"label_rank":null,"zoom_min":null,"notes":"HC-VL-PQK-01, commonly called the Point Golqik Horizon Station, is a primary coastal station built on the higher ground above the settlement. Its compound consists of a low concrete timing house, a guyed transmission mast, a power shed, fuel store, and a small bunkhouse for rotating technicians. Though modest in size, it is one of the most important northern Veluan stations, extending reliable Horizon Chain coverage along a coast where ordinary landmarks are sparse and weather frequently obscures the sea."},"geometry":{"type":"Polygon","coordinates":[[[8.473416106502254,26.547425630437427],[8.473532317008901,26.547366487590295],[8.47359768541889,26.54747024697123],[8.473475249349388,26.54753042741217],[8.473416106502254,26.547425630437427]]]}},{"type":"Feature","properties":{"id":null,"name":null,"settlement_id":null,"country_id":null,"district_id":null,"building_type":null,"status":null,"access":null,"wiki_id":null,"label_rank":null,"zoom_min":null,"notes":null},"geometry":{"type":"Polygon","coordinates":[[[8.46000778983533,26.54726352131633],[8.460247942561875,26.54727635980461],[8.460244464999612,26.547403924251384],[8.46013709160253,26.54739683652618],[8.460137793416362,26.54742227588261],[8.46003807522305,26.54741542221707],[8.460038777402051,26.547392456605763],[8.46000752143867,26.547391553791144],[8.46000778983533,26.54726352131633]]]}},{"type":"Feature","properties":{"id":null,"name":null,"settlement_id":null,"country_id":null,"district_id":null,"building_type":null,"status":null,"access":null,"wiki_id":null,"label_rank":null,"zoom_min":null,"notes":null},"geometry":{"type":"Polygon","coordinates":[[[8.460531292770403,26.546748910435337],[8.46053099588509,26.546761379618463],[8.460539234452511,26.54676108273315],[8.460535671828762,26.54684153865283],[8.460529511458528,26.546841538652835],[8.460529511458528,26.546852226524084],[8.460380697695644,26.54684153865283],[8.460383072778145,26.546777411425335],[8.460392944214783,26.54677770831065],[8.460394725526658,26.546741191417212],[8.460531292770403,26.546748910435337]]]}},{"type":"Feature","properties":{"id":null,"name":null,"settlement_id":null,"country_id":null,"district_id":null,"building_type":null,"status":null,"access":null,"wiki_id":null,"label_rank":null,"zoom_min":null,"notes":null},"geometry":{"type":"Polygon","coordinates":[[[8.458924559091543,26.54698185618687],[8.458931278406105,26.54681835286585],[8.459058945382793,26.546827311951933],[8.459056705611273,26.546984095958393],[8.458924559091543,26.54698185618687]]]}},{"type":"Feature","properties":{"id":null,"name":null,"settlement_id":null,"country_id":null,"district_id":null,"building_type":null,"status":null,"access":null,"wiki_id":null,"label_rank":null,"zoom_min":null,"notes":null},"geometry":{"type":"Polygon","coordinates":[[[8.45844862540703,26.54613479576639],[8.45843463280961,26.546283626120772],[8.458495691416537,26.546289986392328],[8.458498235525159,26.546246736545754],[8.458547845643288,26.546251824762997],[8.458542757426043,26.546298890772505],[8.458605088087282,26.54630525104406],[8.458617808630391,26.546171049314246],[8.458596183707105,26.546168505205625],[8.458598727815726,26.546153240553892],[8.45844862540703,26.54613479576639]]]}},{"type":"Feature","properties":{"id":null,"name":null,"settlement_id":null,"country_id":null,"district_id":null,"building_type":null,"status":null,"access":null,"wiki_id":null,"label_rank":null,"zoom_min":null,"notes":null},"geometry":{"type":"Polygon","coordinates":[[[8.463268841650097,26.545923247176365],[8.463275560964659,26.545759743855342],[8.463403227941347,26.545768702941427],[8.463400988169827,26.545925486947887],[8.463268841650097,26.545923247176365]]]}}]}