{"type":"FeatureCollection","name":"streets_major","crs":{"type":"name","properties":{"name":"urn:ogc:def:crs:OGC:1.3:CRS84"}},"features":[{"type":"Feature","properties":{"id":"street_avenida","group":null,"name":"Avenida Joaquim Morais","settlement_id":"settlement_seshai","country_id":"country_barrel","district_id":null,"status":null,"surface":null,"access":null,"bridge":null,"tunnel":null,"oneway":null,"route_id":null,"alt_name":null,"notes":null},"geometry":{"type":"LineString","coordinates":[[23.902634229509488,-11.001695719826923],[23.902659965392257,-11.001720375745844],[23.902688279595505,-11.001751352445059],[23.902716871093208,-11.001788462096894],[23.902756778388262,-11.001845547802645],[23.902796918415465,-11.001912613279732],[23.903056803545187,-11.002431639839113],[23.903734438075155,-11.003716196592936],[23.904328865257266,-11.004807396714448],[23.90439601623374,-11.004939399920307],[23.90481727798491,-11.005809696299135],[23.905133920350607,-11.006413215853293],[23.905937227524124,-11.00796122673341],[23.90618945561942,-11.008451871083164],[23.906558843540186,-11.009172471918571],[23.90686650310822,-11.009772741957963],[23.90712380968936,-11.010274695993019],[23.90740939213754,-11.010841903957779],[23.908207607438193,-11.012361359578655],[23.908247143342685,-11.012448710149666],[23.90827568888704,-11.012511778381747],[23.908300475232206,-11.012583844303602],[23.908324854176467,-11.01265472531006],[23.90835772701001,-11.012743683203556]]}},{"type":"Feature","properties":{"id":"street_gunsey_velu_mainstreet","group":null,"name":"Main St","settlement_id":"settlement_gunsey","country_id":"country_duvessa","district_id":null,"status":null,"surface":null,"access":null,"bridge":null,"tunnel":null,"oneway":null,"route_id":null,"alt_name":null,"notes":null},"geometry":{"type":"LineString","coordinates":[[-3.671682519870166,29.713566359033063],[-3.66611335837927,29.71848477220374]]}},{"type":"Feature","properties":{"id":"street_churchstreet","group":null,"name":"Church Street","settlement_id":"settlement_gunsey","country_id":"country_duvessa","district_id":null,"status":null,"surface":null,"access":null,"bridge":null,"tunnel":null,"oneway":null,"route_id":null,"alt_name":null,"notes":null},"geometry":{"type":"LineString","coordinates":[[-3.673476860817753,29.723947065440044],[-3.665181082685349,29.704529229652984]]}},{"type":"Feature","properties":{"id":"street_candice","group":null,"name":"Candice Street","settlement_id":"settlement_gunsey","country_id":"country_duvessa","district_id":null,"status":null,"surface":null,"access":null,"bridge":null,"tunnel":null,"oneway":null,"route_id":null,"alt_name":null,"notes":null},"geometry":{"type":"LineString","coordinates":[[-3.666954987594372,29.70458973499525],[-3.671229793859867,29.71513818345649],[-3.671607723387014,29.715597363548717],[-3.672059110700954,29.715853149693285],[-3.672570682990085,29.716063797106457],[-3.67313491713251,29.716169120813042],[-3.674045214882289,29.71625187515393],[-3.675053313216754,29.716169120813042],[-3.676844943268176,29.716051652738223],[-3.681590906146982,29.715371669891752],[-3.684193906324035,29.71507826813769],[-3.685465313924965,29.714965421309206],[-3.685909178117006,29.715003036918702],[-3.686345519187148,29.715221207453773],[-3.686766814013492,29.715634979158217],[-3.687112877620845,29.71607132022836],[-3.687925374785937,29.717583467730055]]}},{"type":"Feature","properties":{"id":"street_st1","group":null,"name":"ST-1","settlement_id":"settlement_gunsey","country_id":"country_duvessa","district_id":null,"status":null,"surface":null,"access":null,"bridge":null,"tunnel":null,"oneway":null,"route_id":null,"alt_name":null,"notes":null},"geometry":{"type":"LineString","coordinates":[[-3.663586205311234,29.70573482320336],[-3.671377560949558,29.72330567350496]]}},{"type":"Feature","properties":{"id":"street_st2","group":null,"name":"ST-2","settlement_id":"settlement_gunsey","country_id":"country_duvessa","district_id":null,"status":null,"surface":null,"access":null,"bridge":null,"tunnel":null,"oneway":null,"route_id":null,"alt_name":null,"notes":null},"geometry":{"type":"LineString","coordinates":[[-3.671507568400279,29.712831651285374],[-3.667307249297123,29.71412900140077]]}},{"type":"Feature","properties":{"id":"street_st3","group":null,"name":"ST-3","settlement_id":"settlement_gunsey","country_id":"country_duvessa","district_id":null,"status":null,"surface":null,"access":null,"bridge":null,"tunnel":null,"oneway":null,"route_id":null,"alt_name":null,"notes":null},"geometry":{"type":"LineString","coordinates":[[-3.669095566916697,29.709900847629804],[-3.664687244621279,29.711726019622827]]}},{"type":"Feature","properties":{"id":"street_st4","group":null,"name":"ST-4","settlement_id":"settlement_gunsey","country_id":"country_duvessa","district_id":null,"status":null,"surface":null,"access":null,"bridge":null,"tunnel":null,"oneway":null,"route_id":null,"alt_name":null,"notes":null},"geometry":{"type":"LineString","coordinates":[[-3.667916468551812,29.70693570715351],[-3.66465662200879,29.70820166697604]]}},{"type":"Feature","properties":{"id":"street_stbaro1","group":null,"name":"Baro St1","settlement_id":"settlement_baro","country_id":"country_duvessa","district_id":"district_gunsey","status":null,"surface":null,"access":null,"bridge":null,"tunnel":null,"oneway":null,"route_id":null,"alt_name":null,"notes":null},"geometry":{"type":"LineString","coordinates":[[-3.631478769002922,29.83739757036226],[-3.63259208240642,29.838119898701436]]}},{"type":"Feature","properties":{"id":"street_stbaro2","group":null,"name":"Baro St2","settlement_id":"settlement_baro","country_id":"country_duvessa","district_id":"district_gunsey","status":null,"surface":null,"access":null,"bridge":null,"tunnel":null,"oneway":null,"route_id":null,"alt_name":null,"notes":null},"geometry":{"type":"LineString","coordinates":[[-3.631710709295317,29.83701983902893],[-3.632380022710516,29.837450585286234]]}},{"type":"Feature","properties":{"id":"street_stbaro3","group":null,"name":"Baro St3","settlement_id":"settlement_baro","country_id":"country_duvessa","district_id":"district_gunsey","status":null,"surface":null,"access":null,"bridge":null,"tunnel":null,"oneway":null,"route_id":null,"alt_name":null,"notes":null},"geometry":{"type":"LineString","coordinates":[[-3.63194927645321,29.836655361426594],[-3.632591668227326,29.837072439773813]]}},{"type":"Feature","properties":{"id":"street_stbaro4","group":null,"name":"Baro St4","settlement_id":"settlement_baro","country_id":"coutry_duvessa","district_id":"district_gunsey","status":null,"surface":null,"access":null,"bridge":null,"tunnel":null,"oneway":null,"route_id":null,"alt_name":null,"notes":null},"geometry":{"type":"LineString","coordinates":[[-3.632833962997061,29.836719973365202],[-3.632177903312857,29.836292540540647]]}},{"type":"Feature","properties":{"id":"street_stbaro5","group":null,"name":"Baro St5","settlement_id":"settlement_baro","country_id":"country_duvessa","district_id":"district_gunsey","status":null,"surface":null,"access":null,"bridge":null,"tunnel":null,"oneway":null,"route_id":null,"alt_name":null,"notes":null},"geometry":{"type":"LineString","coordinates":[[-3.632454184904574,29.835927950945816],[-3.633096576678691,29.836345029293035]]}},{"type":"Feature","properties":{"id":"street_stbaro6","group":null,"name":"Baro St6","settlement_id":"settlement_baro","country_id":"county_duvessa","district_id":"district_gunsey","status":null,"surface":null,"access":null,"bridge":null,"tunnel":null,"oneway":null,"route_id":null,"alt_name":null,"notes":null},"geometry":{"type":"LineString","coordinates":[[-3.632650097727325,29.835585261637416],[-3.633320989517325,29.835987230558004]]}},{"type":"Feature","properties":{"id":"street_glossy","group":null,"name":"Glossy Street","settlement_id":"settlement_botho","country_id":"country_duvessa","district_id":"district_gunsey","status":null,"surface":null,"access":null,"bridge":null,"tunnel":null,"oneway":null,"route_id":null,"alt_name":null,"notes":null},"geometry":{"type":"LineString","coordinates":[[-3.482071253680631,29.69909484500282],[-3.481094547544956,29.699319375148953],[-3.479724913653551,29.69952145228047],[-3.478692074981343,29.699397960700097],[-3.478141976123319,29.69915097753935],[-3.477984805021027,29.69879172930554],[-3.478141976123319,29.698275309969436],[-3.478546130386357,29.697725211111415],[-3.478692074981343,29.69717511225339],[-3.478579809908277,29.696490295307687],[-3.478085843586786,29.695659533767],[-3.477176496494951,29.695188020460122],[-3.476489302394953,29.694960075300607],[-3.47612581201371,29.69490905910675],[-3.47574319055977,29.694940944227913],[-3.475519994711638,29.69502384554293],[-3.475347815057365,29.69515776305181],[-3.475220274572719,29.69532356568185],[-3.475150127306163,29.695616908796538],[-3.475150127306163,29.696178086928985],[-3.475111865160769,29.696477807067904],[-3.47500345574882,29.696630855649477],[-3.474697358585668,29.69677115018259],[-3.474295606059031,29.696809412327983],[-3.473001070139868,29.696809412327983],[-3.47200944287174,29.696653175234292],[-3.471212314842699,29.69641403682558],[-3.470842447437223,29.695632851357118],[-3.470813750828178,29.694526437652808]]}},{"type":"Feature","properties":{"id":"street_stbth9","group":null,"name":"Street Botho9","settlement_id":"settlement_botho","country_id":"country_duvessa","district_id":"district_gunsey","status":null,"surface":null,"access":null,"bridge":null,"tunnel":"false","oneway":null,"route_id":null,"alt_name":null,"notes":null},"geometry":{"type":"LineString","coordinates":[[-3.47514375028193,29.69589430935064],[-3.474231835816707,29.695696621599435],[-3.473160495745676,29.695613720284417],[-3.472612071661695,29.695773145890225],[-3.472203942110826,29.69614939031993],[-3.472031762456553,29.69655114284657],[-3.47200944287174,29.696653175234292]]}},{"type":"Feature","properties":{"id":"street_massie","group":null,"name":"Massie Street","settlement_id":"settlement_botho","country_id":"country_duvessa","district_id":"dst_gunsey","status":"active","surface":"paved","access":null,"bridge":"public","tunnel":"false","oneway":"false","route_id":null,"alt_name":null,"notes":null},"geometry":{"type":"LineString","coordinates":[[-3.474341108783924,29.695718121913654],[-3.474256081794147,29.696061064105752],[-3.474256081794147,29.696562723345437],[-3.474295606059031,29.696809412327983]]}},{"type":"Feature","properties":{"id":"street_stbth12","group":null,"name":"Street Botho 12","settlement_id":"settlement_botho","country_id":"country_duvessa","district_id":"dst_gunsey","status":"active","surface":"paved","access":"public","bridge":"false","tunnel":"false","oneway":"false","route_id":null,"alt_name":null,"notes":null},"geometry":{"type":"LineString","coordinates":[[-3.473553192011992,29.695641597622856],[-3.473536186614037,29.695910849757148],[-3.473519181216081,29.6960809037367],[-3.473349127236528,29.696296305444136],[-3.473198912887922,29.69640967476384],[-3.473057201238294,29.696421011695808],[-3.473045864306324,29.69635582433698],[-3.473006185044428,29.69629913967713],[-3.472889981491733,29.696279300046182],[-3.472799286035971,29.696296305444136],[-3.472722761745171,29.696372829734937],[-3.472691585182254,29.696525878316535],[-3.472719927512179,29.6965768945104],[-3.472892815724725,29.696625076471275],[-3.47300901927742,29.69661940800529],[-3.473048698539316,29.69657972874339],[-3.473065703937272,29.696517375617557],[-3.473077040869242,29.696457856724713],[-3.473051532772309,29.696412508996833]]}},{"type":"Feature","properties":{"id":"street_st5","group":null,"name":"ST-5","settlement_id":"settlement_gunsey","country_id":"country_duvessa","district_id":"dst_gunsey","status":"active","surface":"paved","access":"public","bridge":null,"tunnel":null,"oneway":null,"route_id":null,"alt_name":null,"notes":null},"geometry":{"type":"LineString","coordinates":[[-3.670238556670572,29.71270227453713],[-3.667124666667091,29.713717498038854]]}},{"type":"Feature","properties":{"id":"street_st6","group":null,"name":"ST-6","settlement_id":"settlement_gunsey","country_id":"country_duvessa","district_id":"dst_gunsey","status":"active","surface":"paved","access":"public","bridge":null,"tunnel":null,"oneway":null,"route_id":null,"alt_name":null,"notes":null},"geometry":{"type":"LineString","coordinates":[[-3.670049495894872,29.712230720264206],[-3.668688408196233,29.712709631152425],[-3.666931879916696,29.713315834259284]]}},{"type":"Feature","properties":{"id":"street_st7","group":null,"name":"ST-7","settlement_id":"settlement_gunsey","country_id":"country_duvessa","district_id":"dst_gunsey","status":"active","surface":"paved","access":"public","bridge":null,"tunnel":null,"oneway":null,"route_id":null,"alt_name":null,"notes":null},"geometry":{"type":"LineString","coordinates":[[-3.669890902310975,29.711813368727633],[-3.668506860277825,29.712334536458926],[-3.666781633363531,29.712956911937834]]}},{"type":"Feature","properties":{"id":"street_st8","group":null,"name":"ST-8","settlement_id":"settlement_gunsey","country_id":"country_duvessa","district_id":"dst_gunsey","status":"active","surface":"paved","access":"public","bridge":null,"tunnel":null,"oneway":null,"route_id":null,"alt_name":null,"notes":null},"geometry":{"type":"LineString","coordinates":[[-3.669583704386636,29.711043181567618],[-3.668179760046732,29.71159022837282],[-3.666459554272573,29.712278310682485]]}},{"type":"Feature","properties":{"id":"street_st8","group":null,"name":"ST-8","settlement_id":"settlement_gunsey","country_id":"country_duvessa","district_id":"dst_gunsey","status":"active","surface":"paved","access":"public","bridge":null,"tunnel":null,"oneway":null,"route_id":null,"alt_name":null,"notes":null},"geometry":{"type":"LineString","coordinates":[[-3.669412752260012,29.71065640238114],[-3.668036587640684,29.71120344918634],[-3.666314244964944,29.711929995724493]]}},{"type":"Feature","properties":{"id":"street_st9","group":null,"name":"ST-9","settlement_id":"settlement_gunsey","country_id":"country_duvessa","district_id":"dst_gunsey","status":"active","surface":"paved","access":"public","bridge":null,"tunnel":null,"oneway":null,"route_id":null,"alt_name":null,"notes":null},"geometry":{"type":"LineString","coordinates":[[-3.669277059009504,29.71032411418501],[-3.667882730726724,29.71088398239971],[-3.666177483263644,29.711575270061747]]}},{"type":"Feature","properties":{"id":"street_genesisport","group":null,"name":"Genesis Port","settlement_id":"settlement_genesis","country_id":"country_velu","district_id":"dst_genesis","status":"active","surface":"paved","access":"public","bridge":null,"tunnel":null,"oneway":null,"route_id":null,"alt_name":null,"notes":null},"geometry":{"type":"LineString","coordinates":[[1.11053855793107,26.713608633693564],[1.114799039633342,26.71302515687129]]}},{"type":"Feature","properties":{"id":"street_genst1","group":null,"name":"STGN-1","settlement_id":"settlement_genesis","country_id":"country_velu","district_id":"dst_genesis","status":"active","surface":"paved","access":"public","bridge":null,"tunnel":null,"oneway":null,"route_id":null,"alt_name":null,"notes":null},"geometry":{"type":"LineString","coordinates":[[1.111524895224399,26.713480138060834],[1.111731313911525,26.71474617267521],[1.111442327749548,26.716012207289587],[1.110644175492657,26.718351619077026],[1.109873545727384,26.719535086216553],[1.109460708353131,26.71983783362434],[1.108745123571091,26.71998920732823],[1.108002016297435,26.71983783362434],[1.107616701414798,26.7194525187417],[1.10742404397348,26.717993826686005],[1.107671746398032,26.71678283705486],[1.108070822526477,26.716122297256057],[1.108469898654922,26.715324144999165],[1.108882736029176,26.714539753988085]]}},{"type":"Feature","properties":{"id":"street_genst2","group":null,"name":"STGN-2","settlement_id":"settlement_genesis","country_id":"country_velu","district_id":"dst_genesis","status":"active","surface":"paved","access":"public","bridge":null,"tunnel":null,"oneway":null,"route_id":null,"alt_name":null,"notes":null},"geometry":{"type":"LineString","coordinates":[[1.112625794889075,26.71331500311113],[1.112832213576201,26.71482874015006],[1.113355140916922,26.718365380322833],[1.113630365833091,26.7200992972947]]}},{"type":"Feature","properties":{"id":"strtmnr_beachtrace","group":null,"name":"Beach Trace","settlement_id":"settlement_zaynalqamar","country_id":"country_bibishirif","district_id":null,"status":"active","surface":"paved","access":"public","bridge":null,"tunnel":null,"oneway":null,"route_id":null,"alt_name":null,"notes":null},"geometry":{"type":"LineString","coordinates":[[-31.42063484365283,-6.447207526510635],[-31.41098211237859,-6.451140120733473],[-31.39775429544723,-6.455430223522023],[-31.378448832898748,-6.454715206390598],[-31.357355827521708,-6.45078261216776],[-31.344090988716484,-6.446035728081206],[-31.322677496647593,-6.439699846630671],[-31.313024765373356,-6.438984829499246],[-31.313024765373356,-6.438984829499246],[-31.297651897047714,-6.436124760973546],[-31.287641657207764,-6.430762132487858],[-31.2772739088021,-6.425041995436457],[-31.26190104047646,-6.420036875516481],[-31.250818274939373,-6.418964349819344],[-31.220072538288093,-6.412529195636518],[-31.20398465283103,-6.408954109979392],[-31.180389087494003,-6.405379024322268]]}},{"type":"Feature","properties":{"id":"street_secondarytrace","group":null,"name":"Secondary Trace","settlement_id":"settlement_zaynalqamar","country_id":"country_bibishirif","district_id":null,"status":"active","surface":"paved","access":"public","bridge":null,"tunnel":null,"oneway":null,"route_id":null,"alt_name":null,"notes":null},"geometry":{"type":"LineString","coordinates":[[-31.3438341984292,-6.45450462086648],[-31.338747288816066,-6.453258847083672]]}},{"type":"Feature","properties":{"id":"street_thirdthread","group":null,"name":"Third Thread","settlement_id":"settlement_zaynalqamar","country_id":"country_bibishirif","district_id":null,"status":"active","surface":"paved","access":"public","bridge":null,"tunnel":null,"oneway":null,"route_id":null,"alt_name":null,"notes":null},"geometry":{"type":"LineString","coordinates":[[-31.356148538583735,-6.454861626925528],[-31.341284276881797,-6.451127148675509],[-31.340020762548892,-6.450839986327122],[-31.330727480951094,-6.448468386767955]]}},{"type":"Feature","properties":{"id":"street_pilgrimpassage","group":null,"name":"Pilgrim Passage","settlement_id":"settlement_zaynalqamar","country_id":"country_bibishirif","district_id":null,"status":"active","surface":"paved","access":"public","bridge":null,"tunnel":null,"oneway":null,"route_id":null,"alt_name":null,"notes":null},"geometry":{"type":"LineString","coordinates":[[-31.34432981811638,-6.449520734583207],[-31.341347203057516,-6.448575931055245]]}},{"type":"Feature","properties":{"id":"street_beachtrace_gq","group":null,"name":"Beach Trace","settlement_id":"settlement_pointgolqik","country_id":"country_velu","district_id":null,"status":"active","surface":"gravel","access":"public","bridge":null,"tunnel":null,"oneway":null,"route_id":null,"alt_name":null,"notes":null},"geometry":{"type":"LineString","coordinates":[[8.449310109020889,26.54639848975354],[8.450904565391644,26.546543586454916],[8.451393142264177,26.546588047309335],[8.45347278847064,26.54681172389627],[8.45532816549725,26.547042102308914],[8.455548488825714,26.547069459410977],[8.456348777541024,26.5471821789657],[8.457619685575112,26.547361184598234],[8.460865673657192,26.547509823787156],[8.463388108498803,26.547667475964758],[8.46410873524379,26.54771251513632],[8.46734797032152,26.547969202394885],[8.467488867038487,26.54800751425005],[8.467630409190164,26.548043368153557],[8.46777255390091,26.54807675324462],[8.467915258112555,26.548107659410295],[8.468058478597447,26.54813607728856],[8.46820217197155,26.548161998271127],[8.468346294707574,26.548185414506072],[8.468490803148173,26.5482063189002],[8.468635653519163,26.548224705121193],[8.468780801942781,26.548240567599535],[8.468926204450982,26.54825390153021],[8.469071816998751,26.548264702874118],[8.469217595477451,26.54827296835935],[8.46936349572818,26.54827869548214],[8.46950947355515,26.548281882507634],[8.46965548473907,26.548282528470434],[8.469801485050553,26.548280633174862],[8.469947430263495,26.54827619719504],[8.470093276168493,26.5482692218747],[8.470238978586217,26.548259709326796],[8.470384493380806,26.54824766243285],[8.470529776473233,26.54823308484207],[8.470674783854658,26.548215980970284],[8.47081947159976,26.548196355998545],[8.470963795880039,26.54817421587162],[8.471107712977094,26.548149567296136],[8.471251179295871,26.548122417738597],[8.471394151377861,26.54809277542308],[8.471536585914274,26.54806064932878],[8.471678439759145,26.548026049187254],[8.471819669942414,26.547988985479506],[8.47196023368294,26.5479494694328],[8.47210008840146,26.547907513017243],[8.47223919173348,26.547863128942186],[8.472377501542125,26.54781633065236],[8.472514975930885,26.547767132323795],[8.472651573256313,26.547715548859546],[8.472787252140645,26.547661595885163],[8.472921971484325,26.547605289743966],[8.473055690478462,26.54754664749209],[8.473188368617187,26.547485686893317],[8.473319965709925,26.547422426413704],[8.473450441893567,26.547356885215972],[8.473579757644554,26.54728908315372],[8.473707873790834,26.547219040765413],[8.473834751523743,26.547146779268125],[8.473960352409753,26.547072320551163],[8.474084638402113,26.546995687169396],[8.47420757185238,26.54691690233644],[8.474329115521819,26.546835989917632],[8.474449232592685,26.546752974422784],[8.474567886679374,26.546667880998772],[8.474685041839445,26.54658073542191],[8.474800662584512,26.546491564090147],[8.474914713890989,26.546400394015073],[8.4750271612107,26.54630725281373],[8.475137970481347,26.546212168700244],[8.475247108136823,26.546115170477297],[8.475354541117389,26.546016287527376],[8.475460236879675,26.54591554980389],[8.47556416340655,26.545812987822096],[8.475666289216816,26.545708632649845],[8.475766583374744,26.54560251589818],[8.475865015499444,26.54549466971176],[8.475961555774068,26.54538512675912],[8.476158714180883,26.54513566413804],[8.476360175926795,26.54488966372823],[8.47656588022512,26.54464719975494],[8.476775765009076,26.544408345376382],[8.476989766950513,26.54417317266165],[8.477207821479016,26.543941752568976],[8.477429862801392,26.543714154924327],[8.477655823921516,26.543490448400316],[8.477885636660556,26.543270700495505],[8.478119231677532,26.543054977514032],[8.47835653849025,26.54284334454559],[8.478597485496557,26.542635865445813],[8.478841999995957,26.542432602816987],[8.479090008211534,26.54223361798918],[8.479341435312225,26.54203897100171],[8.47959620543539,26.541848720585058],[8.479854241709708,26.54166292414314],[8.480115466278363,26.541481637735973],[8.480379800322545,26.54130491606277],[8.480647164085228,26.541132812445444],[8.480917476895232,26.5409653788125],[8.481190657191569,26.540802665683387],[8.481466622548046,26.540644722153232],[8.481745289698141,26.540491595878052],[8.482026574560127,26.540343333060356],[8.482310392262436,26.540199978435215],[8.482596657169271,26.540061575256757],[8.482885282906446,26.53992816528512],[8.483176182387448,26.53979978877385],[8.483469267839705,26.539676484457754],[8.483764450831083,26.53955828954122]]}},{"type":"Feature","properties":{"id":"street_gq1","group":null,"name":"GQ1","settlement_id":"settlement_pointgolqik","country_id":"country_velu","district_id":null,"status":"active","surface":"gravel","access":"public","bridge":null,"tunnel":null,"oneway":null,"route_id":null,"alt_name":null,"notes":null},"geometry":{"type":"LineString","coordinates":[[8.454438015404492,26.546931574172344],[8.45464123010699,26.542906654811507]]}},{"type":"Feature","properties":{"id":"street_gq2","group":null,"name":"GQ2","settlement_id":"settlement_pointgolqik","country_id":"country_velu","district_id":null,"status":"active","surface":"gravel","access":"public","bridge":null,"tunnel":null,"oneway":null,"route_id":null,"alt_name":null,"notes":null},"geometry":{"type":"LineString","coordinates":[[8.456348777541024,26.5471821789657],[8.456491648700101,26.54422109973743]]}},{"type":"Feature","properties":{"id":"street_mupingaxis","group":null,"name":"Muping Axis","settlement_id":"settlement_pointgolqik","country_id":"country_velu","district_id":null,"status":"active","surface":"gravel","access":"public","bridge":null,"tunnel":null,"oneway":null,"route_id":null,"alt_name":null,"notes":null},"geometry":{"type":"LineString","coordinates":[[8.463388108498803,26.547667475964758],[8.463381277830791,26.546718882328666],[8.463625629600248,26.545849661417545],[8.463768101439076,26.545316646748635],[8.463683704030634,26.544804321670586],[8.463023465993128,26.543953093529435],[8.461766289266205,26.54326648162473],[8.460354103355133,26.54275235846359],[8.459396994665465,26.542724928573133],[8.458454506348613,26.543020330197628],[8.457746878481576,26.54350524931721],[8.457312253060374,26.544294392849455],[8.457134216108587,26.547292806897723]]}},{"type":"Feature","properties":{"id":"street_gq4","group":null,"name":"GQ4","settlement_id":"settlement_pointgolqik","country_id":"country_velu","district_id":null,"status":"active","surface":"gravel","access":"public","bridge":null,"tunnel":null,"oneway":null,"route_id":null,"alt_name":null,"notes":null},"geometry":{"type":"LineString","coordinates":[[8.468946557232869,26.548267205301418],[8.469143987866044,26.544333536411575]]}},{"type":"Feature","properties":{"id":"street_beach1","group":null,"name":"Beach 1","settlement_id":"settlement_dimaeta","country_id":"country_stsutodo","district_id":null,"status":"active","surface":"paved","access":"public","bridge":null,"tunnel":null,"oneway":null,"route_id":null,"alt_name":null,"notes":null},"geometry":{"type":"LineString","coordinates":[[-64.10382775389063,-17.577149334150977],[-64.01714880256806,-17.623229619264276],[-63.94229128703623,-17.667965186315172],[-63.92782678702309,-17.677061418282182],[-63.920818214851785,-17.68421910901033],[-63.91604642103302,-17.69227151107949],[-63.914704354021495,-17.704200995626397],[-63.91902879216975,-17.71956020698054],[-63.93095827671666,-17.74013856782395],[-63.94542277672978,-17.75281364515504],[-63.96720165609755,-17.780543559127636],[-63.968794858733865,-17.78264432283548],[-63.97042656552901,-17.784203291913304],[-63.97229912368559,-17.78562963173538],[-63.974268284290055,-17.786654438604792],[-63.97664743605244,-17.7870821719569],[-63.979293497893636,-17.787202155402476],[-63.983613073823435,-17.78676040803703],[-63.9882769102005,-17.785880275127404],[-64.00708846633093,-17.783609653143664],[-64.01965013213672,-17.781167130648313],[-64.0357243207308,-17.77776265390581],[-64.06800904320116,-17.76941828336607],[-64.07237334601052,-17.76825140438099],[-64.07575904937195,-17.767062624940134],[-64.08277835596064,-17.76397437349835],[-64.09535127003012,-17.75782983934542],[-64.10134044365337,-17.755349042403264],[-64.10834290467257,-17.752497826112112],[-64.13599629236661,-17.742524464733336],[-64.17789860683762,-17.728805557504394],[-64.18451768679553,-17.72632578691497],[-64.18673981608096,-17.725493288911785],[-64.18769458479662,-17.72513559458027],[-64.18788031327794,-17.725066013304843],[-64.18900877921519,-17.724643245086284],[-64.20473719128039,-17.718750756416323],[-64.20600124456567,-17.71827719178495],[-64.20732595728562,-17.71778090171696],[-64.20863074899152,-17.717292074853074],[-64.20976995445152,-17.716865283182184],[-64.21144305911407,-17.71623847163713],[-64.21251402504194,-17.715837245208824],[-64.2141200114151,-17.71523557884424],[-64.21512857145845,-17.714857732142125],[-64.21673328297923,-17.714256543387936],[-64.21811529960372,-17.713738784998363],[-64.21926581232307,-17.71330775717843],[-64.22053222298703,-17.712833309379253],[-64.22185083498717,-17.712339304883525],[-64.22324504342096,-17.71181697895732],[-64.22464112014514,-17.711293953095236],[-64.22570668664511,-17.710894749507354],[-64.22735721492668,-17.71027639597247],[-64.22868867926772,-17.70977757647871],[-64.22964274605982,-17.709420145115672],[-64.22999853354978,-17.709307141677915],[-64.23119967275368,-17.70892564186947],[-64.23241036047452,-17.70854110930897],[-64.23386952816986,-17.70807765578547],[-64.23528842638892,-17.70762699245101],[-64.23655422239834,-17.70722495667235],[-64.23803912908619,-17.70675332805917],[-64.239083297571,-17.706421684503077],[-64.24068559732481,-17.70591277009318],[-64.24750573793729,-17.70374659124498]]}},{"type":"Feature","properties":{"id":"street_connorspassage","group":null,"name":"Connors Passage","settlement_id":"settlement_dimaeta","country_id":"country_tsutodo","district_id":null,"status":"active","surface":"paved","access":"public","bridge":null,"tunnel":null,"oneway":null,"route_id":null,"alt_name":null,"notes":null},"geometry":{"type":"LineString","coordinates":[[-64.18114900100473,-17.718240308150666],[-64.18336513048789,-17.723559435248802],[-64.18372804168332,-17.72443049029706],[-64.18410725713919,-17.72534067863338],[-64.18451768679553,-17.72632578691497]]}},{"type":"Feature","properties":{"id":"street_tylersrspassage","group":null,"name":"Tylerss Passage","settlement_id":"settlement_dimaeta","country_id":"country_tsutodo","district_id":null,"status":"active","surface":"paved","access":"public","bridge":null,"tunnel":null,"oneway":null,"route_id":null,"alt_name":null,"notes":null},"geometry":{"type":"LineString","coordinates":[[-64.18560156638485,-17.716482509351163],[-64.18782212858581,-17.721809956073212],[-64.18781356673549,-17.721789414968168],[-64.18818503978125,-17.72268101112147],[-64.18856425523711,-17.72359119945779],[-64.18856425523711,-17.72359119945779],[-64.18900877921519,-17.724643245086284]]}},{"type":"Feature","properties":{"id":"street_karmelospassage","group":null,"name":"Karmelo's Passage","settlement_id":"settlement_dimaeta","country_id":"country_tsutodo","district_id":null,"status":"active","surface":"paved","access":"public","bridge":null,"tunnel":null,"oneway":null,"route_id":null,"alt_name":null,"notes":null},"geometry":{"type":"LineString","coordinates":[[-64.18652245172792,-17.716119909065924],[-64.18870638777884,-17.721359484408836],[-64.18869782592851,-17.721338943303792],[-64.18906929897427,-17.722230539457094],[-64.18944851443014,-17.723140727793414],[-64.18944851443014,-17.723140727793414],[-64.1899168640415,-17.724303040396308]]}},{"type":"Feature","properties":{"id":"street_austinspassage","group":null,"name":"Austin's Passage","settlement_id":"settlement_dimaeta","country_id":"country_tsutodo","district_id":null,"status":"active","surface":"paved","access":"public","bridge":null,"tunnel":null,"oneway":null,"route_id":null,"alt_name":null,"notes":null},"geometry":{"type":"LineString","coordinates":[[-64.18998399389275,-17.714753961704318],[-64.19466692423092,-17.722523478942062]]}},{"type":"Feature","properties":{"id":"street_dimaeta_lowespassage","group":null,"name":"Lowe's Passage","settlement_id":"settlement_dimaeta","country_id":"country_stsutodo","district_id":null,"status":"active","surface":"paved","access":"public","bridge":null,"tunnel":null,"oneway":null,"route_id":null,"alt_name":null,"notes":null},"geometry":{"type":"LineString","coordinates":[[-64.19936083178699,-17.720764954497422],[-64.19934521838373,-17.720642293277084],[-64.1993241808873,-17.720497205752544],[-64.19930062404158,-17.720352505921674],[-64.19927455496794,-17.720208237527935],[-64.19924598154716,-17.720064444184356],[-64.19921491241713,-17.719921169360354],[-64.1991813569702,-17.7197784563686],[-64.19914532535034,-17.719636348351926],[-64.1991068284501,-17.719494888270262],[-64.19906587790724,-17.719354118887676],[-64.19902248610134,-17.71921408275943],[-64.19897666614995,-17.71907482221912],[-64.19892843190465,-17.718936379365882],[-64.19887779794689,-17.71879879605165],[-64.19882477958355,-17.718662113868533],[-64.19876939284235,-17.718526374136204],[-64.19871165446696,-17.718391617889445],[-64.19865158191197,-17.718257885865714],[-64.19858919333761,-17.71812521849285],[-64.19852450760425,-17.71799365587684],[-64.19845754426669,-17.71786323778969],[-64.19838832356827,-17.717734003657423],[-64.19831686643472,-17.717605992548137],[-64.19824319446792,-17.71747924316021],[-64.19816732993924,-17.717353793810588],[-64.19808929578288,-17.717229682423216],[-64.19800911558896,-17.717106946517568],[-64.19792681359633,-17.716985623197296],[-64.19784241468527,-17.716865749139025],[-64.19775594437,-17.71674736058126],[-64.1976674287909,-17.716630493313435],[-64.19757689470664,-17.716515182665084],[-64.19748436948615,-17.716401463495178],[-64.19738988110021,-17.716289370181563],[-64.19729345811314,-17.716178936610593],[-64.19719512967406,-17.716070196166868],[-64.19709492550814,-17.715963181723144],[-64.19699287590757,-17.71585792563041],[-64.19688901172246,-17.715754459708084],[-64.19678336435142,-17.715652815234414],[-64.1966759657322,-17.715553022937016],[-64.19656684833187,-17.715455112983584],[-64.1964560451372,-17.715359114972763],[-64.19634358964448,-17.71526505792522],[-64.19622951584958,-17.71517297027485],[-64.19611385823755,-17.715082879860198],[-64.19599665177225,-17.714994813916025],[-64.19587793188573,-17.714908799065093],[-64.19575773446762,-17.714824861310106],[-64.19563609585416,-17.714743026025854],[-64.19551305281729,-17.714663317951533],[-64.19538864255352,-17.71458576118328],[-64.19526290267267,-17.71451037916688],[-64.19513587118651,-17.71443719469068],[-64.19500758649727,-17.714366229878703],[-64.19487808738603,-17.71429750618395],[-64.19474741300098,-17.714231044381922],[-64.19461560284566,-17.714166864564348],[-64.19448269676687,-17.714104986133094],[-64.19434873494278,-17.714045427794307],[-64.19421375787068,-17.713988207552763],[-64.19407780635481,-17.71393334270641],[-64.19394092149395,-17.713880849841164],[-64.19380314466906,-17.713830744825863],[-64.19366451753075,-17.713783042807503],[-64.19352508198666,-17.713737758206626],[-64.19338488018883,-17.71369490471299],[-64.19324395452092,-17.71365449528141],[-64.19310234758547,-17.713616542127856],[-64.19295910408584,-17.713579947159275]]}},{"type":"Feature","properties":{"id":"street_hentgespassage","group":null,"name":"Hentges Passage","settlement_id":"settlement_dimaeta","country_id":"country_tsutodo","district_id":null,"status":"active","surface":"paved","access":"public","bridge":null,"tunnel":null,"oneway":null,"route_id":null,"alt_name":null,"notes":null},"geometry":{"type":"LineString","coordinates":[[-64.19983770961868,-17.710865620509278],[-64.20024072689706,-17.71183251667538],[-64.2005473823714,-17.712568227073778],[-64.20090813550807,-17.71343372551133],[-64.20134668598948,-17.714485870920093],[-64.20198443653943,-17.716015925820336],[-64.20197587468911,-17.715995384715292],[-64.20200759726686,-17.716071524097725],[-64.20234734773487,-17.716886980868594],[-64.20245138156601,-17.717136681607897],[-64.20267319739618,-17.717669081272266],[-64.20272656319074,-17.717797169204914],[-64.20292226423072,-17.71824567629815],[-64.2033666865022,-17.719264202010454]]}},{"type":"Feature","properties":{"id":"street_hentgespassage","group":null,"name":"Hentges Passage","settlement_id":"settlement_dimaeta","country_id":"country_tsutodo","district_id":null,"status":"active","surface":"paved","access":"public","bridge":null,"tunnel":null,"oneway":null,"route_id":null,"alt_name":null,"notes":null},"geometry":{"type":"LineString","coordinates":[[-64.23798722713192,-17.695431683159377],[-64.23831309167498,-17.696266020067057],[-64.23871955379784,-17.697306717368722],[-64.2390949052029,-17.69826775942522],[-64.239289297185,-17.698765476678215],[-64.23993053812697,-17.70040729686394],[-64.24036951689537,-17.701531249119476],[-64.24080194630267,-17.70263843252484],[-64.24120641113696,-17.703674016009742],[-64.24193289395942,-17.70553408776192]]}},{"type":"Feature","properties":{"id":"street_dimaeta_tsutodo_nightlaterntrace","group":null,"name":"Night Latern Trace","settlement_id":"settlement_dimaeta","country_id":"country_tsutodo","district_id":null,"status":"active","surface":"paved","access":"public","bridge":null,"tunnel":null,"oneway":null,"route_id":null,"alt_name":null,"notes":null},"geometry":{"type":"LineString","coordinates":[[-64.25467622649148,-17.694793385384664],[-64.25405272246759,-17.695090281468648],[-64.25302668362075,-17.69546746809621],[-64.25257255721728,-17.695634411489372],[-64.25118751088418,-17.695826875589702],[-64.24959673594455,-17.696109222378606],[-64.24875496414857,-17.69612412948834],[-64.24847329339674,-17.69612911765357],[-64.24768810618487,-17.6962671603219],[-64.24736231783378,-17.696324436717408],[-64.24638535920934,-17.696668910301824],[-64.24550425112606,-17.69709272883893]]}},{"type":"Feature","properties":{"id":"street_dimaeta_tsutodo_nightlaterntrace","group":null,"name":"Night Latern Trace","settlement_id":"settlement_dimaeta","country_id":"country_tsutodo","district_id":null,"status":"active","surface":"paved","access":"public","bridge":null,"tunnel":null,"oneway":null,"route_id":null,"alt_name":null,"notes":null},"geometry":{"type":"LineString","coordinates":[[-64.26237083987894,-17.691869126274547],[-64.26061174248964,-17.692822810944975],[-64.2587886184833,-17.693565934448756],[-64.25796932736921,-17.693796943269902],[-64.25715459524976,-17.69389363265273],[-64.25578215850126,-17.694329683526554],[-64.25505315306059,-17.694656195332982]]}},{"type":"Feature","properties":{"id":"street_fourthcrescent","group":null,"name":"Fourth Crescent","settlement_id":"settlement_dimaeta","country_id":"country_tsutodo","district_id":null,"status":"active","surface":"paved","access":"public","bridge":null,"tunnel":null,"oneway":null,"route_id":null,"alt_name":null,"notes":null},"geometry":{"type":"LineString","coordinates":[[-64.24513478426654,-17.69726501406499],[-64.23947861147558,-17.699250193113752],[-64.23826137768762,-17.699735883416654],[-64.23669134996996,-17.700362342561398],[-64.23566821215873,-17.700770586333764],[-64.23421321308473,-17.701351147724655],[-64.23297291156503,-17.701846042318245],[-64.23158259147843,-17.702400796048114],[-64.23015281298602,-17.70297129413643],[-64.22982841086946,-17.703100734317776],[-64.22897724622247,-17.703470416875007],[-64.2278149600781,-17.70397522744909],[-64.22737723483465,-17.70416534270815],[-64.2265571905257,-17.704587940347892],[-64.22528637874713,-17.70524283429974],[-64.2252646804436,-17.705254016197788],[-64.22376254341863,-17.70614756322188],[-64.22344526587415,-17.706336295941313],[-64.22283519210453,-17.706814182966912],[-64.2226884367336,-17.70692914035599],[-64.22230180582453,-17.707245398559966],[-64.22190065034317,-17.707526591344603],[-64.22161349022345,-17.707674891753207],[-64.22125764669133,-17.7078586628885],[-64.22058028247059,-17.708147452674233],[-64.2202440619306,-17.70827654129091],[-64.21892230222933,-17.708784018113782],[-64.21765286847571,-17.709271404896352],[-64.21678060071504,-17.709606303646442],[-64.21649823661942,-17.7097105419095],[-64.21510615333584,-17.71022444699078],[-64.21348975303825,-17.710821161523672],[-64.21247384660705,-17.7111961961809],[-64.21085616217103,-17.711793384769678],[-64.2097773952886,-17.712191625154382],[-64.20809210367112,-17.71281377178589],[-64.20694460019733,-17.71323738714922],[-64.20563030434143,-17.713722576021627],[-64.20429594236609,-17.71421517255481],[-64.20302268167093,-17.71468521278067],[-64.20164219408635,-17.715194837163583],[-64.18301611350846,-17.722721728929248]]}},{"type":"Feature","properties":{"id":"street_beach1","group":null,"name":"Beach 1","settlement_id":"settlement_dimaeta","country_id":"country_stsutodo","district_id":null,"status":"active","surface":"paved","access":"public","bridge":null,"tunnel":null,"oneway":null,"route_id":null,"alt_name":null,"notes":null},"geometry":{"type":"LineString","coordinates":[[-64.25721118515413,-17.70069340167363],[-64.26633899941876,-17.697631301028785],[-64.27477718634947,-17.693713884193542],[-64.27987473693295,-17.690945102500457],[-64.29139593028869,-17.684562465546797],[-64.30717196906843,-17.675495673435446],[-64.31821706576567,-17.668621580241027],[-64.32183529382401,-17.666747384767714],[-64.32501648970319,-17.665405317756182],[-64.34037570105733,-17.659291456925896],[-64.34721272882018,-17.657137029039074],[-64.35228057550087,-17.655169319633206],[-64.3595653824675,-17.651888930945752],[-64.36592212669466,-17.647875536350618],[-64.37164089180736,-17.64293812185951],[-64.39425720626089,-17.626435668236283],[-64.41964279847826,-17.605312915926387],[-64.42234120113174,-17.60337199811225],[-64.42452827329868,-17.602179049657558],[-64.4313711581846,-17.599991977490625],[-64.45643964446167,-17.593381054804208],[-64.48044092670636,-17.58824724941303],[-64.48591541252966,-17.58681983830341],[-64.49147663047175,-17.585056456166782],[-64.5146870478319,-17.576822731431566],[-64.52160435503563,-17.57392462361735],[-64.52972873844831,-17.57013214420266],[-64.54115814237603,-17.564083315872914],[-64.54414695477927,-17.562253732844233],[-64.54618198777646,-17.560819218181045],[-64.54794873217361,-17.558984374360612],[-64.5513859085296,-17.555212821318317],[-64.55351582496215,-17.5532184568296],[-64.56455059816804,-17.544619286718703]]}},{"type":"Feature","properties":{"id":"street_beach1","group":null,"name":"Beach 1","settlement_id":"settlement_dimaeta","country_id":"country_stsutodo","district_id":null,"status":"active","surface":"paved","access":"public","bridge":null,"tunnel":null,"oneway":null,"route_id":null,"alt_name":null,"notes":null},"geometry":{"type":"LineString","coordinates":[[-64.2478819338757,-17.70364226287789],[-64.25681505764204,-17.700799543720574]]}},{"type":"Feature","properties":{"id":"street_flordclif_hav_qamarpassag","group":null,"name":"Qamar Passage","settlement_id":"settlement_flordclif","country_id":"country_hav","district_id":null,"status":"active","surface":"paved","access":"public","bridge":null,"tunnel":null,"oneway":null,"route_id":null,"alt_name":null,"notes":null},"geometry":{"type":"LineString","coordinates":[[-64.43017269065062,-22.099509806383328],[-64.50725625763513,-22.128489187610782]]}},{"type":"Feature","properties":{"id":null,"group":null,"name":null,"settlement_id":null,"country_id":null,"district_id":null,"status":null,"surface":null,"access":null,"bridge":null,"tunnel":null,"oneway":null,"route_id":null,"alt_name":null,"notes":null},"geometry":{"type":"LineString","coordinates":[[-64.48612797897367,-22.073869690316204],[-64.4897834069469,-22.075427741583486],[-64.48519914071817,-22.0825887849081],[-64.48162610968696,-22.088521364733513],[-64.48072723395583,-22.090139341049536],[-64.47964858307849,-22.09115806687814],[-64.47785083161624,-22.09151761717059],[-64.47659240559267,-22.09145769212185],[-64.47479465413042,-22.091217991926882],[-64.4646673208931,-22.087922114246098],[-64.44965813513753,-22.081688279031198]]}},{"type":"Feature","properties":{"id":null,"group":null,"name":null,"settlement_id":null,"country_id":null,"district_id":null,"status":null,"surface":null,"access":null,"bridge":null,"tunnel":null,"oneway":null,"route_id":null,"alt_name":null,"notes":null},"geometry":{"type":"LineString","coordinates":[[-64.4417078483219,-22.102658945673042],[-64.44306153183517,-22.10315150358644]]}},{"type":"Feature","properties":{"id":null,"group":null,"name":null,"settlement_id":null,"country_id":null,"district_id":null,"status":null,"surface":null,"access":null,"bridge":null,"tunnel":null,"oneway":null,"route_id":null,"alt_name":null,"notes":null},"geometry":{"type":"LineString","coordinates":[[-64.45628811368711,-22.06420022190444],[-64.4575577452134,-22.064466016686506],[-64.45882257088005,-22.064753813684067],[-64.46008220942734,-22.065063526145735],[-64.46133628115923,-22.065395060714092],[-64.46258440805768,-22.06574831745382],[-64.46382621389655,-22.066123189881832],[-64.46506132435516,-22.066519564999375],[-64.46628936713097,-22.06693732332608],[-64.46750997205191,-22.067376338935976],[-64.46872277118791,-22.06783647949547],[-64.4699273989618,-22.068317606303207],[-64.47112349225955,-22.0688195743319],[-64.4723106905397,-22.069342232272042],[-64.473488635942,-22.069885422577503],[-64.47465697339537,-22.070448981513042],[-64.47581535072484,-22.07103273920364],[-64.47696341875776,-22.071636519685722],[-64.47810083142905,-22.072260140960182]]}},{"type":"Feature","properties":{"id":null,"group":null,"name":"Main Road","settlement_id":null,"country_id":null,"district_id":null,"status":null,"surface":null,"access":null,"bridge":null,"tunnel":null,"oneway":null,"route_id":null,"alt_name":null,"notes":null},"geometry":{"type":"LineString","coordinates":[[30.609214263044734,-10.20936864579332],[30.613884563044735,-10.222796745793323],[30.61488016304473,-10.22564394579332],[30.61567326304474,-10.22782724579332],[30.61698956304474,-10.230718645793322],[30.620398263044734,-10.23661904579332],[30.62515706304474,-10.244525045793322],[30.629006263044737,-10.251517845793321],[30.629650063044735,-10.25268994579332],[30.630138163044734,-10.253707345793321],[30.63045736304474,-10.254443445793322],[30.630760463044737,-10.255179445793322],[30.63142696304473,-10.257142645793321],[30.632004963044736,-10.25907064579332],[30.636516463044735,-10.273401045793323],[30.63882856304474,-10.280842045793323],[30.641178163044735,-10.288303645793322],[30.64177496304474,-10.29019114579332],[30.643602863044734,-10.29604114579332],[30.64908526304474,-10.313540945793322],[30.652108163044737,-10.323220945793322],[30.653775163044735,-10.328512645793323],[30.656312563044736,-10.336563345793321],[30.657530263044734,-10.34049594579332],[30.65950566304474,-10.34672944579332],[30.661228363044735,-10.35225184579332],[30.662116863044737,-10.355090745793321],[30.66254326304474,-10.356413345793323],[30.663307763044735,-10.35884404579332],[30.66362686304474,-10.359890845793322],[30.664008763044734,-10.361110545793322],[30.66529996304473,-10.365234545793323],[30.66594636304474,-10.36728464579332],[30.666468363044736,-10.368865545793321],[30.668107463044734,-10.374198845793321],[30.668405463044735,-10.375456245793321],[30.66852816304474,-10.376453145793322],[30.66847996304473,-10.37758084579332],[30.668281263044733,-10.37864314579332],[30.667948863044735,-10.379639245793323],[30.665306863044734,-10.385292345793323],[30.664766863044733,-10.38637014579332],[30.664380263044734,-10.387197145793321],[30.66404866304474,-10.38790474579332],[30.66371546304474,-10.388602345793322],[30.663354663044736,-10.389385445793321],[30.66330636304474,-10.38950664579332],[30.663223263044735,-10.38974074579332],[30.663156163044732,-10.389943745793323],[30.663002663044736,-10.39041084579332],[30.662903363044734,-10.39073914579332],[30.662831663044734,-10.391019545793322],[30.662804763044733,-10.391117845793323],[30.66277666304474,-10.391245445793322],[30.662743163044738,-10.391414545793323],[30.662694863044734,-10.391727045793322],[30.662669363044735,-10.391909045793321],[30.662627063044738,-10.392338045793322],[30.662613663044738,-10.392502545793322],[30.662592263044736,-10.392765845793322],[30.66256336304474,-10.39329434579332],[30.662531863044734,-10.39376954579332],[30.662448063044735,-10.395264245793323],[30.66239506304474,-10.39624574579332],[30.66232876304474,-10.397344145793321],[30.66228846304473,-10.39831384579332],[30.662279063044735,-10.398888545793321],[30.662285163044736,-10.399362545793322],[30.662293863044738,-10.399838945793322],[30.66233276304473,-10.400494345793321],[30.662357563044736,-10.40087064579332],[30.662527863044737,-10.402644945793321],[30.66264786304474,-10.403888445793323],[30.662733763044734,-10.40477564579332],[30.66284236304473,-10.40593604579332],[30.662880563044737,-10.406343845793321],[30.662949663044735,-10.40700804579332],[30.663047563044735,-10.407828445793323],[30.663145463044735,-10.408458645793322],[30.663238663044737,-10.40905374579332],[30.66334456304473,-10.409632445793322],[30.66341836304474,-10.409990545793322],[30.663812663044737,-10.411640645793321],[30.66408756304473,-10.412681645793322],[30.66417596304474,-10.413019445793323],[30.664402763044734,-10.413886445793322],[30.664584463044733,-10.41458794579332],[30.665370963044737,-10.417594245793323],[30.665515663044737,-10.418266645793322],[30.665534963044735,-10.418362445793322],[30.665648663044735,-10.419007845793322],[30.66568486304473,-10.41925184579332],[30.66571296304474,-10.419489445793323],[30.665751863044733,-10.419894945793322],[30.66578276304473,-10.42028694579332],[30.66579746304474,-10.42052564579332],[30.665822963044732,-10.421869545793323],[30.665818963044735,-10.422367445793322],[30.665812863044735,-10.423067245793321],[30.665812263044735,-10.42327724579332],[30.665819563044735,-10.42379794579332],[30.665836363044733,-10.42445614579332],[30.665852463044736,-10.42533144579332],[30.665856463044733,-10.425667845793322],[30.665863163044733,-10.426657745793323],[30.665879263044737,-10.42735334579332],[30.66589826304474,-10.428037845793321],[30.665944363044737,-10.428828245793321],[30.666021463044736,-10.42954314579332],[30.666040263044735,-10.429731545793322],[30.666055663044737,-10.43027684579332],[30.666120663044737,-10.431409445793323],[30.66705006304474,-10.43136084579332],[30.667548263044736,-10.43133164579332],[30.66806466304473,-10.43127604579332],[30.66860236304474,-10.431201145793322],[30.669085163044734,-10.431130345793322],[30.669372163044734,-10.431099345793323],[30.66948086304474,-10.43108944579332],[30.669536463044736,-10.43108764579332],[30.66961696304473,-10.43109004579332],[30.669728963044733,-10.431106345793323],[30.669820163044733,-10.431124545793322],[30.669958263044734,-10.431153745793322],[30.670084363044737,-10.43119124579332],[30.670213063044734,-10.43123744579332],[30.67038136304474,-10.43132104579332],[30.670479963044734,-10.431378445793323],[30.670572463044735,-10.431432245793323],[30.670668563044735,-10.43150444579332],[30.670740763044734,-10.431558645793322],[30.671170663044734,-10.431913745793322],[30.67163876304474,-10.432295345793323],[30.67205216304474,-10.432632445793322],[30.67219316304474,-10.432747345793322],[30.672503963044733,-10.432996945793322],[30.672625063044734,-10.433094245793322],[30.67301466304474,-10.433403145793323],[30.673143363044737,-10.43349264579332],[30.67322986304474,-10.43355064579332],[30.673309663044733,-10.43360444579332],[30.67351086304474,-10.433727245793323],[30.67380926304473,-10.43389814579332],[30.673855863044736,-10.433923545793322],[30.674090263044732,-10.43405114579332],[30.67417606304474,-10.434093445793321],[30.674261163044733,-10.43413564579332],[30.674734563044737,-10.43435204579332],[30.675346863044737,-10.434634045793322],[30.675847063044735,-10.434821845793321],[30.676061063044735,-10.43490024579332],[30.676581563044735,-10.43509084579332],[30.676624863044736,-10.435106745793322],[30.67698496304473,-10.43521724579332],[30.677132463044735,-10.43526294579332],[30.677476163044737,-10.435360245793321],[30.677758763044736,-10.43544014579332],[30.679108663044737,-10.435815745793322],[30.680301563044736,-10.436148045793322],[30.68090566304474,-10.43632354579332],[30.681590363044734,-10.436509545793323],[30.682132763044734,-10.43664764579332],[30.682972963044733,-10.436872245793323],[30.684403263044736,-10.437284045793321],[30.685621063044735,-10.43761164579332],[30.687474463044737,-10.438111245793321],[30.688982863044735,-10.43853064579332],[30.689840163044735,-10.438765845793322],[30.691444063044734,-10.43921744579332],[30.692409663044735,-10.43947714579332],[30.693595863044735,-10.439800145793322],[30.69406996304474,-10.439922945793322],[30.695061063044733,-10.440194945793321],[30.697584963044733,-10.440889345793321],[30.70074666304474,-10.44176264579332],[30.703072163044737,-10.442390945793322],[30.704539963044738,-10.442793345793321],[30.707010663044734,-10.443472645793323],[30.719224763044735,-10.44680984579332],[30.72961856304474,-10.44967184579332],[30.751112663044736,-10.455567045793321],[30.759994663044736,-10.45799654579332],[30.760716163044734,-10.458176645793321],[30.761752863044734,-10.45849604579332],[30.762772163044737,-10.45875544579332],[30.763861063044736,-10.459062045793322],[30.76605326304474,-10.459646545793321],[30.76862596304474,-10.46037574579332],[30.77888006304474,-10.463172545793322],[30.78310526304473,-10.464341145793322],[30.800545663044737,-10.46910854579332],[30.802432563044732,-10.469611445793321],[30.804171963044737,-10.470085145793322],[30.81254216304474,-10.47235624579332],[30.81722696304473,-10.473641245793322],[30.824442063044735,-10.475617245793321],[30.84759356304474,-10.481933145793322],[30.86019166304473,-10.48537414579332],[30.862434463044735,-10.48598874579332],[30.88222286304473,-10.491386945793321],[30.882400163044736,-10.491435645793322],[30.88398186304474,-10.491857345793322],[30.88451086304474,-10.49197904579332],[30.885098663044737,-10.49207944579332],[30.885937763044737,-10.492149745793322],[30.88680496304474,-10.492154345793322],[30.887457563044734,-10.492130545793321],[30.888067463044734,-10.49207024579332],[30.888619963044732,-10.491993445793321],[30.88923156304473,-10.49187144579332],[30.89005366304474,-10.49165534579332],[30.89201326304473,-10.490948945793322],[30.895616263044737,-10.489642945793323],[30.896996563044738,-10.48914444579332],[30.89830206304474,-10.48870244579332],[30.899206663044737,-10.48844984579332],[30.90024306304474,-10.48820114579332],[30.90142486304474,-10.487991445793321],[30.90267856304473,-10.487834545793321],[30.905276063044738,-10.487546745793322],[30.906056463044735,-10.487440945793322],[30.912415063044733,-10.486765745793322],[30.933171463044737,-10.48448854579332],[30.93472026304474,-10.484317845793322],[30.93658636304474,-10.48411214579332],[30.953239863044736,-10.482276445793323],[30.966256463044736,-10.480868745793321],[30.96851666304474,-10.480606145793322],[30.969952563044735,-10.480431345793322],[30.970755263044737,-10.480305145793322],[30.97144386304474,-10.480170145793322],[30.97171746304474,-10.48011404579332],[30.972967963044738,-10.479809945793322],[30.974370763044732,-10.479406745793321],[30.97661516304474,-10.478755045793323],[30.98060906304474,-10.477571545793323],[30.98475576304473,-10.47636224579332],[30.986179963044734,-10.475938845793321],[30.98667346304474,-10.475821945793323],[30.987395163044738,-10.47566154579332],[30.98792076304474,-10.475559545793322],[30.98854076304474,-10.475465245793322],[30.989344963044736,-10.47538914579332],[30.990323963044737,-10.475326045793322],[30.99493466304473,-10.475234845793322],[31.008492863044737,-10.474953845793321],[31.012855863044734,-10.474844545793323],[31.01420906304473,-10.474776345793321],[31.01475086304474,-10.47473424579332],[31.01540266304474,-10.474659345793322],[31.016091963044737,-10.474561145793322],[31.016917563044736,-10.474424645793322],[31.017679863044734,-10.474275745793323],[31.01864456304473,-10.474047645793322],[31.02085976304474,-10.473448445793322],[31.02327226304473,-10.472799745793322],[31.02562126304474,-10.472175245793322],[31.027378663044736,-10.471687545793321],[31.030463263044737,-10.470859445793321],[31.032771263044737,-10.47025004579332],[31.03372746304474,-10.47000444579332],[31.034502663044734,-10.46981844579332],[31.035098063044735,-10.46969104579332],[31.035543363044738,-10.469600945793323],[31.03588266304473,-10.469534245793321],[31.036201863044738,-10.469479345793323],[31.03664576304473,-10.469405645793321],[31.037135263044732,-10.46933074579332],[31.03756166304474,-10.469273445793322],[31.038037763044734,-10.46920674579332],[31.03847366304474,-10.469158845793322],[31.03888936304473,-10.469112045793322],[31.03933866304473,-10.469065245793322],[31.040127263044738,-10.46900094579332],[31.041122363044735,-10.46894014579332],[31.04288186304474,-10.468789245793323],[31.04555876304474,-10.46860444579332],[31.04715866304474,-10.468485145793322],[31.050350463044737,-10.46824884579332],[31.051855163044735,-10.468144745793323],[31.052143563044737,-10.468126045793321],[31.052481463044735,-10.46809794579332],[31.052924063044735,-10.468055845793321],[31.053257963044736,-10.46802894579332],[31.053626763044733,-10.467992745793323],[31.05395266304474,-10.467949445793321],[31.054243663044737,-10.467903845793321],[31.054741263044733,-10.467826645793322],[31.055384963044737,-10.467723645793322],[31.05703586304473,-10.467434745793321],[31.057147163044732,-10.46741434579332],[31.057260563044736,-10.46739214579332],[31.057408063044733,-10.467359945793321],[31.058645163044737,-10.46708744579332],[31.05888796304474,-10.467034745793322],[31.059305063044732,-10.46693884579332],[31.060206263044734,-10.466742345793323],[31.063247863044737,-10.466123645793322],[31.066173563044735,-10.46549134579332],[31.067935063044736,-10.465110645793322],[31.071416763044738,-10.46439424579332],[31.072627563044733,-10.464167945793323],[31.073683263044735,-10.464004945793322],[31.074638363044734,-10.46389954579332],[31.075755463044736,-10.463808845793322],[31.07746676304474,-10.46371934579332],[31.07950356304474,-10.46366244579332],[31.09133096304474,-10.463209945793322],[31.097241963044738,-10.462994745793322],[31.109836163044733,-10.46252974579332],[31.11824696304474,-10.462229445793321],[31.12181656304473,-10.462083545793321],[31.122908263044735,-10.462007545793321],[31.124574963044736,-10.461842845793322],[31.12861376304474,-10.46141244579332],[31.133883763044736,-10.46087344579332],[31.13878156304473,-10.46033134579332],[31.14011396304474,-10.46019644579332],[31.144754763044737,-10.459707445793322],[31.14555076304474,-10.45961094579332],[31.14694616304473,-10.45947044579332],[31.148540963044738,-10.45928444579332],[31.151216163044737,-10.45902624579332],[31.15439466304474,-10.45867814579332],[31.157427663044736,-10.458334145793321],[31.160841063044735,-10.457961745793321],[31.162186863044738,-10.45777004579332],[31.163439163044735,-10.457561445793322],[31.165953863044734,-10.45706754579332],[31.188252163044737,-10.452769345793323],[31.188507463044736,-10.452720245793321],[31.19317426304474,-10.451817045793321],[31.19526766304473,-10.451406945793321],[31.196060763044734,-10.45121384579332],[31.196896963044736,-10.450966145793322],[31.197493763044733,-10.45075324579332],[31.198031463044735,-10.450548845793323],[31.198527763044737,-10.450318045793322],[31.198978163044735,-10.45011604579332],[31.199465163044735,-10.449846545793323],[31.199934763044737,-10.44959214579332],[31.201401163044736,-10.448718645793322],[31.20471876304474,-10.44665994579332],[31.212639863044735,-10.441792645793322],[31.215468963044735,-10.44005994579332],[31.216195463044734,-10.439662645793321],[31.217198963044737,-10.439198845793323],[31.218223263044734,-10.438813245793321],[31.218903163044736,-10.438594445793322],[31.219566163044732,-10.43840914579332],[31.22049636304473,-10.438208345793322],[31.221270263044737,-10.43807494579332],[31.22203766304473,-10.437972745793322],[31.224459763044734,-10.43777154579332],[31.22821296304474,-10.437478445793323],[31.229103863044735,-10.437415145793322],[31.230329263044737,-10.437314745793321],[31.236386163044735,-10.436834745793321],[31.248359663044738,-10.43590314579332],[31.253466163044735,-10.435524445793321],[31.256547163044736,-10.43526744579332],[31.25871926304474,-10.43510904579332],[31.25901296304474,-10.43509504579332],[31.259372363044733,-10.435083345793322],[31.259761263044737,-10.435090345793322],[31.26010996304474,-10.43510904579332],[31.260513663044733,-10.435142945793322],[31.26085966304474,-10.435175745793321],[31.26113856304474,-10.435206145793321],[31.26141756304473,-10.43524944579332],[31.261681763044734,-10.435297445793323],[31.26199956304474,-10.435367645793322],[31.262302663044736,-10.435444845793322],[31.262649963044737,-10.43554074579332],[31.26301206304474,-10.435655445793321],[31.264135963044737,-10.436048545793321],[31.268348363044737,-10.43755904579332],[31.274942563044732,-10.439900145793322],[31.277789763044737,-10.440926145793322],[31.281394663044736,-10.442221245793322],[31.281770763044733,-10.442359945793322],[31.282262363044737,-10.442537745793322],[31.28246746304474,-10.442602145793321],[31.282723663044735,-10.442670545793321],[31.282932863044735,-10.44271964579332],[31.28322386304474,-10.44277314579332],[31.283464863044735,-10.44281214579332],[31.283943663044738,-10.44286594579332],[31.284346863044732,-10.44291034579332],[31.28482656304473,-10.442939645793322],[31.285191263044737,-10.44295714579332],[31.285680763044738,-10.442930245793322],[31.28594906304474,-10.44290334579332],[31.286257463044734,-10.44285774579332],[31.28670776304473,-10.44277254579332],[31.28718396304474,-10.44264794579332],[31.287894263044734,-10.44243844579332],[31.289216363044737,-10.44191074579332],[31.297832363044733,-10.438609345793322],[31.302609063044734,-10.436804345793322],[31.303546063044735,-10.43650934579332],[31.304561463044735,-10.436243145793322],[31.305241863044735,-10.436079045793322],[31.30590566304474,-10.43595354579332],[31.307290963044736,-10.435733945793322],[31.318556463044736,-10.434002045793322],[31.31927286304473,-10.433891945793322],[31.326722963044737,-10.43274624579332],[31.341142563044734,-10.43054464579332],[31.352832663044737,-10.428747445793322],[31.374917863044736,-10.425365945793322],[31.377360063044733,-10.42500554579332],[31.378608563044736,-10.424818345793321],[31.379212063044733,-10.42472584579332],[31.37986926304474,-10.42462524579332],[31.38059476304474,-10.424514045793321],[31.38162336304474,-10.424359645793322],[31.382531363044734,-10.424226245793323],[31.38351436304474,-10.42406244579332],[31.38567886304473,-10.42373594579332],[31.388377163044737,-10.42331704579332],[31.389250263044737,-10.42318594579332],[31.39012066304474,-10.423040845793322],[31.39041436304474,-10.422980045793322],[31.39069996304474,-10.422900445793323],[31.390938763044737,-10.422830845793323],[31.391210963044735,-10.42272964579332],[31.391504663044735,-10.422609145793322],[31.391823863044735,-10.422461645793321],[31.392160463044732,-10.422288445793322],[31.392464863044736,-10.422098945793321],[31.392790763044736,-10.421864845793321],[31.393186463044735,-10.42153254579332],[31.393441263044735,-10.421289145793322],[31.393840863044737,-10.420845645793323],[31.39409036304474,-10.42051684579332],[31.394401463044737,-10.420034745793322],[31.395104163044735,-10.418844645793323],[31.39704606304474,-10.41561484579332],[31.397590563044737,-10.414681045793321],[31.39776226304474,-10.41431824579332],[31.39790036304474,-10.41396834579332],[31.398031863044736,-10.413513145793322],[31.398110963044736,-10.41305904579332],[31.39820486304474,-10.41183724579332],[31.398325563044736,-10.40948504579332],[31.398385863044737,-10.408764145793322],[31.398421063044736,-10.40854634579332],[31.39848516304474,-10.408345145793321],[31.398599363044738,-10.408122445793323],[31.398811463044737,-10.40782524579332],[31.399064063044733,-10.40760424579332],[31.399397463044735,-10.40739074579332],[31.399849763044735,-10.407220645793322],[31.40062606304474,-10.407001545793323],[31.400862863044736,-10.406911445793321],[31.401145863044732,-10.40674994579332],[31.401351063044736,-10.40659084579332],[31.40151196304474,-10.406428145793322],[31.40162736304474,-10.40627714579332],[31.401715863044735,-10.406118045793322],[31.401784263044732,-10.405947145793322],[31.40184326304474,-10.40580324579332],[31.401915163044734,-10.40554264579332],[31.401931863044737,-10.405183245793323],[31.401874063044737,-10.40476464579332],[31.401729363044737,-10.404078445793322],[31.40171686304474,-10.40381344579332],[31.401788263044736,-10.40346714579332],[31.401973363044732,-10.403125345793322],[31.402128863044737,-10.402961545793323],[31.402415863044737,-10.402753245793322],[31.402665363044733,-10.402659545793322],[31.40298456304474,-10.402591745793321],[31.403388563044736,-10.402582345793322],[31.403917963044734,-10.40257764579332],[31.404215663044738,-10.402535545793322],[31.40455626304474,-10.40243724579332],[31.404811063044733,-10.40231314579332],[31.405041763044736,-10.40216564579332],[31.405240263044732,-10.40198544579332],[31.405460163044737,-10.401725645793322],[31.405570163044736,-10.401528945793322],[31.405776663044733,-10.401060845793323],[31.405897363044737,-10.400826745793323],[31.406050263044733,-10.400618445793322],[31.406385563044736,-10.40030244579332],[31.40662966304474,-10.40003794579332],[31.406822763044737,-10.399752345793322],[31.407042663044734,-10.399330945793322],[31.407235863044733,-10.39897754579332],[31.407391363044738,-10.39875044579332],[31.40759526304474,-10.398553845793321],[31.407927863044733,-10.39830564579332],[31.408217463044735,-10.398109045793321],[31.40836506304474,-10.397966245793322],[31.40856616304474,-10.39770404579332],[31.40872986304474,-10.397437245793322],[31.408896063044736,-10.39716804579332],[31.409075863044734,-10.396943245793322],[31.40931456304473,-10.396741945793321],[31.409590763044733,-10.396582745793323],[31.410049463044736,-10.39635574579332],[31.411653463044736,-10.395452145793323],[31.412185463044736,-10.39516374579332],[31.413649263044732,-10.39436994579332],[31.414053963044736,-10.394150545793321],[31.41463606304474,-10.393799445793322],[31.41485866304474,-10.39360984579332],[31.415006163044737,-10.39339674579332],[31.41511886304474,-10.393134545793322],[31.415175163044736,-10.392893445793321],[31.415333363044738,-10.39168554579332],[31.41538576304474,-10.391431545793322],[31.415491663044733,-10.391126045793323],[31.415606963044738,-10.390894245793321],[31.415765263044733,-10.390667145793321],[31.415995963044736,-10.390437745793323],[31.416191763044736,-10.39028554579332],[31.416374063044735,-10.39018494579332],[31.416843463044735,-10.39000464579332],[31.41717206304473,-10.38984894579332],[31.417417463044735,-10.38969334579332],[31.417900363044737,-10.38929804579332],[31.41818206304474,-10.38908314579332],[31.418441963044735,-10.38889554579332],[31.41860476304474,-10.388803345793322],[31.419179363044734,-10.388575845793321],[31.419441563044735,-10.388493245793322],[31.419637063044732,-10.38840334579332],[31.419796563044734,-10.38828394579332],[31.419936063044737,-10.38812944579332],[31.420156663044736,-10.38776894579332],[31.420315163044734,-10.387453745793321],[31.420587863044737,-10.387017545793322],[31.420896363044733,-10.386623245793322],[31.42145686304474,-10.38597064579332],[31.421725463044737,-10.385679945793322],[31.421893663044735,-10.385555245793322],[31.422211163044736,-10.38539124579332],[31.422535763044735,-10.38529734579332],[31.42283726304474,-10.385270045793321],[31.42307976304474,-10.38526964579332],[31.423395563044735,-10.38531374579332],[31.423780363044735,-10.385432145793322],[31.423988263044734,-10.385544845793321],[31.424311863044736,-10.38580744579332],[31.42508496304474,-10.38652584579332],[31.425514063044737,-10.38691554579332],[31.42590516304473,-10.387222445793322],[31.426502763044738,-10.38766944579332],[31.427258263044735,-10.38809144579332],[31.428193963044734,-10.388596545793321],[31.430732663044736,-10.389792245793322],[31.434200163044736,-10.391485245793321],[31.43890366304474,-10.39374764579332],[31.440220963044737,-10.394353645793322],[31.441796163044735,-10.395006045793322],[31.443127163044736,-10.395460345793323],[31.44496246304473,-10.39603564579332],[31.45340906304473,-10.398654145793321],[31.46242126304473,-10.40146314579332],[31.463505863044738,-10.401757245793322],[31.46943366304474,-10.40308104579332],[31.47847436304474,-10.40509884579332],[31.479898563044735,-10.405403045793323],[31.48099026304473,-10.40556674579332],[31.481904863044733,-10.40564274579332],[31.482525063044733,-10.405672945793322],[31.483459163044735,-10.405676645793323],[31.484531463044732,-10.405627645793322],[31.48540836304474,-10.405523145793323],[31.486084863044738,-10.40541804579332],[31.48721776304474,-10.405170945793321],[31.489956263044732,-10.40443054579332],[31.49097606304474,-10.40422084579332],[31.491718163044737,-10.40414454579332],[31.49216166304474,-10.404122245793323],[31.492683563044736,-10.40411504579332],[31.493246463044734,-10.404165645793322],[31.494083263044736,-10.404284745793321],[31.494605063044737,-10.404399145793322],[31.495306363044733,-10.404617745793322],[31.495884663044734,-10.404868245793322],[31.496537663044734,-10.405203845793322],[31.49723076304474,-10.40564334579332],[31.49787636304474,-10.406122845793321],[31.49834146304474,-10.406604745793322],[31.499414363044735,-10.407820245793323],[31.50158656304474,-10.410204845793322],[31.504464563044735,-10.41352484579332],[31.506134863044736,-10.41531964579332],[31.50736536304474,-10.416726545793322],[31.508459663044732,-10.41780314579332],[31.50879106304474,-10.418096745793322],[31.50902866304473,-10.41830724579332],[31.509733763044736,-10.41893354579332],[31.51074396304473,-10.41972334579332],[31.511882563044736,-10.42048704579332],[31.512953763044735,-10.421142645793323],[31.51390996304474,-10.421677645793322],[31.51467306304474,-10.422052145793321],[31.515141063044737,-10.42227094579332],[31.515735163044738,-10.42254004579332],[31.516455363044734,-10.422838445793323],[31.517597963044736,-10.423280745793322],[31.520539063044737,-10.424435645793322],[31.521126463044737,-10.42467324579332],[31.521596463044737,-10.424876245793323],[31.522107463044733,-10.42513774579332],[31.522908463044736,-10.425573645793323],[31.523455263044738,-10.425907745793323],[31.524256563044737,-10.42644534579332],[31.52526846304474,-10.427154445793322],[31.52678726304474,-10.42821284579332],[31.52866076304474,-10.429543745793323],[31.529224063044737,-10.429911745793321],[31.529618363044733,-10.43013754579332],[31.530117163044736,-10.43039264579332],[31.530518163044732,-10.43056344579332],[31.531047963044735,-10.430760045793322],[31.531561563044733,-10.430925045793321],[31.532242863044736,-10.431085345793322],[31.532845063044732,-10.431202345793322],[31.533323763044734,-10.431256145793322],[31.534962663044737,-10.431425845793322],[31.53590946304473,-10.43151594579332]]}},{"type":"Feature","properties":{"id":null,"group":null,"name":"Slipway","settlement_id":null,"country_id":null,"district_id":null,"status":null,"surface":null,"access":null,"bridge":null,"tunnel":null,"oneway":null,"route_id":null,"alt_name":null,"notes":null},"geometry":{"type":"LineString","coordinates":[[30.676738163044732,-10.461852545793322],[30.676427863044736,-10.461555145793321]]}},{"type":"Feature","properties":{"id":null,"group":null,"name":"Voetbaai Street","settlement_id":null,"country_id":null,"district_id":null,"status":null,"surface":null,"access":null,"bridge":null,"tunnel":null,"oneway":null,"route_id":null,"alt_name":null,"notes":null},"geometry":{"type":"LineString","coordinates":[[30.675621963044733,-10.46253464579332],[30.675947263044733,-10.46235614579332],[30.676362663044735,-10.462106945793321],[30.676738163044732,-10.461852545793322],[30.676794563044737,-10.46183204579332],[30.67684216304474,-10.461820945793322],[30.676894763044736,-10.461817245793322]]}},{"type":"Feature","properties":{"id":null,"group":null,"name":"Voetbaai Street","settlement_id":null,"country_id":null,"district_id":null,"status":null,"surface":null,"access":null,"bridge":null,"tunnel":null,"oneway":null,"route_id":null,"alt_name":null,"notes":null},"geometry":{"type":"LineString","coordinates":[[30.677524863044738,-10.461260945793322],[30.677393463044737,-10.461356445793323],[30.677265763044737,-10.461446145793323],[30.677141063044736,-10.46154204579332]]}},{"type":"Feature","properties":{"id":null,"group":null,"name":"Duine Street","settlement_id":null,"country_id":null,"district_id":null,"status":null,"surface":null,"access":null,"bridge":null,"tunnel":null,"oneway":null,"route_id":null,"alt_name":null,"notes":null},"geometry":{"type":"LineString","coordinates":[[30.678257163044734,-10.46604804579332],[30.678470363044738,-10.464124345793321],[30.678807463044734,-10.46142224579332]]}},{"type":"Feature","properties":{"id":null,"group":null,"name":"Waterkant Street","settlement_id":null,"country_id":null,"district_id":null,"status":null,"surface":null,"access":null,"bridge":null,"tunnel":null,"oneway":null,"route_id":null,"alt_name":null,"notes":null},"geometry":{"type":"LineString","coordinates":[[30.677246263044736,-10.466472345793322],[30.676936063044735,-10.465549345793322],[30.676893063044737,-10.465446345793323],[30.676858263044736,-10.46535514579332],[30.676695963044736,-10.465018845793322],[30.67667186304473,-10.46496094579332],[30.676654363044733,-10.464896045793322],[30.676634263044733,-10.46480074579332],[30.676527963044734,-10.463982145793322],[30.676447863044736,-10.46347434579332],[30.676387963044732,-10.46295474579332],[30.676380863044734,-10.462867045793322],[30.676390163044736,-10.46276374579332],[30.676409663044737,-10.46267714579332],[30.676438463044732,-10.462614045793321],[30.67656926304474,-10.46240634579332],[30.676799863044735,-10.46211684579332],[30.676850163044733,-10.462020345793322],[30.676878363044736,-10.46191984579332],[30.676894763044736,-10.461817245793322]]}},{"type":"Feature","properties":{"id":null,"group":null,"name":"Meeu Street","settlement_id":null,"country_id":null,"district_id":null,"status":null,"surface":null,"access":null,"bridge":null,"tunnel":null,"oneway":null,"route_id":null,"alt_name":null,"notes":null},"geometry":{"type":"LineString","coordinates":[[30.678205563044735,-10.461940145793323],[30.678113163044735,-10.46194264579332],[30.678056163044737,-10.461952245793322],[30.67799686304474,-10.461969845793321],[30.677841363044735,-10.46203294579332],[30.677514263044735,-10.462161445793322],[30.677316763044736,-10.462049245793322],[30.676894763044736,-10.461817245793322]]}},{"type":"Feature","properties":{"id":null,"group":null,"name":"Engelbrecht Street","settlement_id":null,"country_id":null,"district_id":null,"status":null,"surface":null,"access":null,"bridge":null,"tunnel":null,"oneway":null,"route_id":null,"alt_name":null,"notes":null},"geometry":{"type":"LineString","coordinates":[[30.677396363044735,-10.465404045793322],[30.67744896304474,-10.465235345793323],[30.677460063044734,-10.465188445793322],[30.677610463044736,-10.464245945793321],[30.677763363044733,-10.462946745793323],[30.677841363044735,-10.46203294579332]]}},{"type":"Feature","properties":{"id":null,"group":null,"name":"Skulpie Street","settlement_id":null,"country_id":null,"district_id":null,"status":null,"surface":null,"access":null,"bridge":null,"tunnel":null,"oneway":null,"route_id":null,"alt_name":null,"notes":null},"geometry":{"type":"LineString","coordinates":[[30.678265063044734,-10.461394645793321],[30.678807463044734,-10.46142224579332],[30.679544463044735,-10.46145894579332]]}},{"type":"Feature","properties":{"id":null,"group":null,"name":"Frolie Street","settlement_id":null,"country_id":null,"district_id":null,"status":null,"surface":null,"access":null,"bridge":null,"tunnel":null,"oneway":null,"route_id":null,"alt_name":null,"notes":null},"geometry":{"type":"LineString","coordinates":[[30.677316763044736,-10.462049245793322],[30.67729206304473,-10.46172624579332],[30.67728066304474,-10.46167944579332],[30.67726056304474,-10.46163324579332],[30.677225063044737,-10.46159524579332],[30.677178763044736,-10.46155894579332],[30.677141063044736,-10.46154204579332]]}},{"type":"Feature","properties":{"id":null,"group":null,"name":null,"settlement_id":null,"country_id":null,"district_id":null,"status":null,"surface":null,"access":null,"bridge":null,"tunnel":null,"oneway":null,"route_id":null,"alt_name":null,"notes":null},"geometry":{"type":"LineString","coordinates":[[30.677494563044732,-10.45867004579332],[30.67751206304473,-10.45868554579332],[30.677519763044735,-10.45870074579332],[30.677526063044738,-10.458719745793323],[30.677539863044736,-10.45906394579332],[30.677545263044735,-10.459107845793321],[30.677561663044735,-10.459144645793321],[30.677587763044734,-10.459172745793323],[30.67762466304474,-10.459189645793321],[30.677743963044733,-10.459223145793322]]}},{"type":"Feature","properties":{"id":null,"group":null,"name":"Mossel Street","settlement_id":null,"country_id":null,"district_id":null,"status":null,"surface":null,"access":null,"bridge":null,"tunnel":null,"oneway":null,"route_id":null,"alt_name":null,"notes":null},"geometry":{"type":"LineString","coordinates":[[30.675947263044733,-10.46235614579332],[30.676114263044738,-10.462770645793322],[30.676194463044737,-10.462826845793321],[30.676380863044734,-10.462867045793322]]}},{"type":"Feature","properties":{"id":null,"group":null,"name":"Flamink Street","settlement_id":null,"country_id":null,"district_id":null,"status":null,"surface":null,"access":null,"bridge":null,"tunnel":null,"oneway":null,"route_id":null,"alt_name":null,"notes":null},"geometry":{"type":"LineString","coordinates":[[30.675267063044735,-10.468300345793322],[30.675395063044732,-10.46795114579332],[30.675537963044732,-10.46759214579332],[30.675564763044733,-10.467547645793323],[30.67560366304474,-10.467504945793321],[30.67595266304474,-10.467140545793322],[30.676070463044738,-10.467026545793322],[30.676537763044735,-10.466554045793321],[30.676557863044735,-10.466514245793322],[30.676571263044735,-10.466460445793322],[30.676573263044737,-10.46639674579332],[30.676563163044733,-10.46629734579332],[30.67653506304474,-10.46609674579332],[30.676425063044732,-10.465600745793322],[30.676347263044732,-10.46523114579332]]}},{"type":"Feature","properties":{"id":null,"group":null,"name":null,"settlement_id":null,"country_id":null,"district_id":null,"status":null,"surface":null,"access":null,"bridge":null,"tunnel":null,"oneway":null,"route_id":null,"alt_name":null,"notes":null},"geometry":{"type":"LineString","coordinates":[[30.677726963044734,-10.45927594579332],[30.677637063044735,-10.45926244579332],[30.67759546304474,-10.459252845793321],[30.677552963044732,-10.45923824579332],[30.677512663044737,-10.459211945793323],[30.677481863044733,-10.459179745793323],[30.67746306304474,-10.459142345793323],[30.67745636304474,-10.45910014579332],[30.677457763044735,-10.458772645793323],[30.677460763044735,-10.458719745793323],[30.677467063044737,-10.45870104579332],[30.677475463044736,-10.45868694579332],[30.677494563044732,-10.45867004579332]]}},{"type":"Feature","properties":{"id":null,"group":null,"name":"Kreef Street","settlement_id":null,"country_id":null,"district_id":null,"status":null,"surface":null,"access":null,"bridge":null,"tunnel":null,"oneway":null,"route_id":null,"alt_name":null,"notes":null},"geometry":{"type":"LineString","coordinates":[[30.675719163044732,-10.468413345793321],[30.675267063044735,-10.468300345793322],[30.674989363044737,-10.468214945793322],[30.674908263044735,-10.46817984579332],[30.674857263044736,-10.468144745793323],[30.674811063044736,-10.468094445793321],[30.674785563044736,-10.46804354579332],[30.674772863044737,-10.467986245793321],[30.67476946304474,-10.46793014579332],[30.674790963044735,-10.46778974579332],[30.67486136304474,-10.467557645793322],[30.674925663044732,-10.467403245793323],[30.67497196304474,-10.46732424579332],[30.67502226304474,-10.46726344579332],[30.675082663044734,-10.46720084579332],[30.675201963044735,-10.467089745793322],[30.675350863044734,-10.466949345793322],[30.67552206304474,-10.466820045793321],[30.675759863044732,-10.46658794579332],[30.675848363044736,-10.46646754579332],[30.675884563044733,-10.46638674579332],[30.675904763044734,-10.466299045793322],[30.67590336304474,-10.46614934579332],[30.675796063044736,-10.465472145793322]]}},{"type":"Feature","properties":{"id":null,"group":null,"name":null,"settlement_id":null,"country_id":null,"district_id":null,"status":null,"surface":null,"access":null,"bridge":null,"tunnel":null,"oneway":null,"route_id":null,"alt_name":null,"notes":null},"geometry":{"type":"LineString","coordinates":[[30.67521806304474,-10.448856945793322],[30.675077463044737,-10.448922845793321],[30.674972763044735,-10.44897444579332],[30.674855963044735,-10.449033345793323],[30.674768963044734,-10.44907664579332],[30.674704463044733,-10.449001945793322],[30.674556863044735,-10.448815945793323],[30.674448263044738,-10.448701345793323],[30.674276663044736,-10.44857494579332],[30.674056663044738,-10.44843814579332],[30.673917163044734,-10.448364445793322],[30.673776363044738,-10.448314045793323],[30.673558463044735,-10.448260845793323],[30.673310363044735,-10.448188345793321],[30.67319296304474,-10.44814444579332],[30.67280136304474,-10.447977145793322],[30.672597563044732,-10.44787544579332],[30.67240306304474,-10.447778345793322],[30.672079863044736,-10.44757594579332],[30.67197666304473,-10.44750334579332],[30.67188676304474,-10.44742734579332],[30.67156686304473,-10.447131945793322],[30.67150856304474,-10.44706644579332],[30.671454963044738,-10.44700444579332],[30.671202763044732,-10.446638245793322],[30.671158563044735,-10.44656334579332],[30.671076063044737,-10.446392545793321],[30.670960763044732,-10.44599604579332],[30.670876963044734,-10.445637445793322],[30.670832663044735,-10.445536845793322],[30.670774963044735,-10.44543384579332],[30.670560363044736,-10.44506884579332],[30.670259363044735,-10.44433124579332],[30.670121863044734,-10.443924645793322],[30.67010576304473,-10.44384634579332],[30.670046763044738,-10.44341374579332],[30.669973663044736,-10.442978245793322],[30.669926763044735,-10.44286414579332],[30.669866063044736,-10.442767645793323],[30.669785263044737,-10.44267404579332],[30.669689063044736,-10.44258744579332],[30.669596163044737,-10.44252664579332],[30.66921996304474,-10.442271645793321],[30.669094563044737,-10.442169545793321],[30.669006063044733,-10.442091445793322],[30.66884046304473,-10.441913645793322],[30.668779463044736,-10.441842245793323],[30.668643963044737,-10.441626945793322],[30.668610463044736,-10.441526345793323],[30.66859976304474,-10.441458545793322],[30.668608763044737,-10.441421645793321],[30.668626863044736,-10.441395345793323],[30.668653663044736,-10.44137924579332],[30.66868926304474,-10.44137014579332],[30.66875296304474,-10.44136404579332],[30.668805963044733,-10.441367845793321],[30.668846163044734,-10.441374245793321],[30.66891116304474,-10.44139414579332],[30.668966163044736,-10.441420445793321],[30.669019163044737,-10.441452945793321],[30.669137463044734,-10.44153744579332],[30.669216663044736,-10.441588945793322],[30.669285663044732,-10.44162224579332],[30.66935606304473,-10.44164624579332],[30.669433263044738,-10.441660345793322],[30.669503963044733,-10.44166324579332],[30.669582763044737,-10.441659145793322],[30.66968806304473,-10.44164164579332],[30.669842263044735,-10.44159304579332],[30.67000116304473,-10.44154044579332],[30.670154063044734,-10.441488945793322],[30.670206363044734,-10.441474845793321],[30.670359263044737,-10.441450345793323],[30.67073276304474,-10.441411745793323],[30.67102646304474,-10.44140814579332],[30.671294663044733,-10.441412245793321],[30.67144956304473,-10.44143214579332],[30.671597063044736,-10.441482445793321],[30.67176876304474,-10.441581345793322],[30.67189216304473,-10.441699545793321],[30.672008763044737,-10.441843445793323],[30.67207586304474,-10.441967445793322],[30.67212686304474,-10.442105445793322],[30.672157663044736,-10.442270445793321],[30.672141563044732,-10.442702145793321],[30.672105363044736,-10.443049645793321],[30.672106663044737,-10.443133845793321],[30.67212686304474,-10.44333504579332],[30.67231856304474,-10.44369654579332],[30.672395063044732,-10.44386034579332],[30.672436663044735,-10.443950445793321],[30.672458063044736,-10.444034645793321],[30.67253186304474,-10.444435945793321],[30.67257876304474,-10.44483834579332],[30.672626363044735,-10.445017345793323],[30.67266326304474,-10.445119145793322],[30.67270086304474,-10.44519524579332],[30.672813463044733,-10.44535664579332],[30.673115263044735,-10.44567834579332],[30.673259363044735,-10.445822845793321],[30.67330166304474,-10.44587194579332],[30.673331763044736,-10.445912345793323],[30.673449163044737,-10.44614164579332],[30.67348406304474,-10.446237545793322],[30.673572563044736,-10.446569845793322],[30.673632863044737,-10.446785045793321],[30.673762963044737,-10.44714424579332],[30.67384206304473,-10.447320845793323],[30.67394196304474,-10.44748994579332],[30.674003663044736,-10.44758294579332],[30.674094263044736,-10.447702245793321],[30.67430746304474,-10.44792924579332],[30.67452066304473,-10.448111745793321],[30.67486536304473,-10.44841474579332],[30.674953863044735,-10.44851294579332],[30.675038363044735,-10.44860534579332],[30.67521806304474,-10.448856945793322]]}},{"type":"Feature","properties":{"id":null,"group":null,"name":"Kamp Street","settlement_id":null,"country_id":null,"district_id":null,"status":null,"surface":null,"access":null,"bridge":null,"tunnel":null,"oneway":null,"route_id":null,"alt_name":null,"notes":null},"geometry":{"type":"LineString","coordinates":[[30.677141063044736,-10.46154204579332],[30.67694436304474,-10.46133374579332],[30.676928963044737,-10.46131154579332],[30.67691626304473,-10.461277045793322],[30.676914863044736,-10.461239645793322],[30.67691586304474,-10.46120994579332],[30.676921963044734,-10.46117964579332],[30.676933963044732,-10.46114074579332],[30.67701376304474,-10.460991045793323],[30.677210963044736,-10.460579345793322],[30.67741856304474,-10.46015654579332],[30.67768016304474,-10.459446645793323],[30.677726963044734,-10.45927594579332],[30.677743963044733,-10.459223145793322],[30.67782706304473,-10.45885934579332],[30.677860963044736,-10.458702045793322],[30.677918863044738,-10.458486245793322],[30.677973363044735,-10.45831884579332],[30.677999563044736,-10.458276145793322],[30.678033763044738,-10.458229945793322],[30.678193663044738,-10.45805494579332]]}},{"type":"Feature","properties":{"id":null,"group":null,"name":null,"settlement_id":null,"country_id":null,"district_id":null,"status":null,"surface":null,"access":null,"bridge":null,"tunnel":null,"oneway":null,"route_id":null,"alt_name":null,"notes":null},"geometry":{"type":"LineString","coordinates":[[30.677494563044732,-10.45867004579332],[30.677501263044732,-10.45855804579332],[30.677502663044734,-10.458474945793322],[30.67750736304474,-10.45838724579332],[30.677510063044735,-10.45830184579332],[30.677508663044733,-10.458101245793321],[30.677502663044734,-10.457917045793321],[30.677503263044734,-10.457793045793322],[30.677495263044733,-10.45767134579332],[30.677481863044733,-10.45755734579332],[30.677470463044735,-10.45732104579332],[30.67745566304474,-10.45718004579332],[30.677445463044734,-10.457059745793321],[30.677424863044735,-10.45682154579332],[30.677411463044734,-10.456652745793322],[30.677402063044738,-10.45654924579332],[30.67739366304474,-10.456521145793323],[30.677375563044734,-10.456493945793321],[30.677349063044737,-10.456475245793323],[30.677326263044733,-10.45646564579332],[30.677297163044734,-10.45645894579332],[30.677257263044737,-10.456460345793323]]}},{"type":"Feature","properties":{"id":null,"group":null,"name":null,"settlement_id":null,"country_id":null,"district_id":null,"status":null,"surface":null,"access":null,"bridge":null,"tunnel":null,"oneway":null,"route_id":null,"alt_name":null,"notes":null},"geometry":{"type":"LineString","coordinates":[[30.677257263044737,-10.456460345793323],[30.677202263044734,-10.456468545793323],[30.67718276304474,-10.456478445793321],[30.677161663044735,-10.456499845793322],[30.677147563044734,-10.45652554579332],[30.67713816304473,-10.45655074579332],[30.677132163044732,-10.456577345793322],[30.677123063044732,-10.456811045793321],[30.677123763044733,-10.457636845793322],[30.677132463044735,-10.457697045793322],[30.67714926304474,-10.45775494579332],[30.677194863044733,-10.457890645793322],[30.677225063044737,-10.458010045793321],[30.677242463044735,-10.458150845793321],[30.67724716304474,-10.458566745793322],[30.677220463044733,-10.459376645793322]]}},{"type":"Feature","properties":{"id":null,"group":null,"name":"Upington Street","settlement_id":null,"country_id":null,"district_id":null,"status":null,"surface":null,"access":null,"bridge":null,"tunnel":null,"oneway":null,"route_id":null,"alt_name":null,"notes":null},"geometry":{"type":"LineString","coordinates":[[30.677699763044735,-10.46583124579332],[30.677548263044734,-10.465758145793322],[30.67751336304474,-10.465732345793322],[30.67748986304474,-10.465701345793322],[30.677444263044734,-10.46555984579332],[30.677396363044735,-10.465404045793322],[30.677307463044734,-10.465135245793322],[30.677282663044736,-10.46506214579332],[30.677177063044738,-10.464736445793323],[30.677168063044732,-10.46470924579332],[30.67716266304474,-10.464685245793321],[30.677159663044733,-10.464636145793323],[30.677143863044734,-10.464484945793322],[30.677112363044735,-10.464145145793323],[30.67707146304474,-10.463466145793321],[30.67707076304474,-10.462905245793321],[30.677086863044735,-10.462809945793323],[30.67710236304474,-10.462735645793321],[30.677126463044736,-10.46267714579332],[30.677164663044735,-10.462614645793321],[30.677230363044735,-10.46251454579332],[30.677328263044735,-10.46238594579332],[30.677514263044735,-10.462161445793322]]}},{"type":"Feature","properties":{"id":null,"group":null,"name":null,"settlement_id":null,"country_id":null,"district_id":null,"status":null,"surface":null,"access":null,"bridge":null,"tunnel":null,"oneway":null,"route_id":null,"alt_name":null,"notes":null},"geometry":{"type":"LineString","coordinates":[[30.66534616304473,-10.428037245793321],[30.66589826304474,-10.428037845793321],[30.66644186304474,-10.428044345793323],[30.66676106304473,-10.428036145793323],[30.666926063044734,-10.42803374579332],[30.667066863044738,-10.428037245793321],[30.667361863044732,-10.428070045793321],[30.668214663044736,-10.42816114579332],[30.669121263044737,-10.428264145793323]]}},{"type":"Feature","properties":{"id":null,"group":null,"name":null,"settlement_id":null,"country_id":null,"district_id":null,"status":null,"surface":null,"access":null,"bridge":null,"tunnel":null,"oneway":null,"route_id":null,"alt_name":null,"notes":null},"geometry":{"type":"LineString","coordinates":[[30.666120663044737,-10.431409445793323],[30.666188763044737,-10.432185745793321],[30.666227963044733,-10.432555445793321],[30.66622056304473,-10.43261044579332],[30.666205863044738,-10.43266604579332],[30.666183063044734,-10.43270704579332],[30.666154663044736,-10.432752545793322],[30.666113263044736,-10.432801145793322],[30.666079063044734,-10.432832745793322],[30.666042863044737,-10.432864345793321],[30.665743163044738,-10.433080245793322],[30.665694263044735,-10.433110045793322],[30.665554563044736,-10.433212245793323]]}},{"type":"Feature","properties":{"id":null,"group":null,"name":"Beach Road","settlement_id":null,"country_id":null,"district_id":null,"status":null,"surface":null,"access":null,"bridge":null,"tunnel":null,"oneway":null,"route_id":null,"alt_name":null,"notes":null},"geometry":{"type":"LineString","coordinates":[[30.665743163044738,-10.433080245793322],[30.66569886304474,-10.43286844579332],[30.665602263044732,-10.43211844579332],[30.665537563044737,-10.431461745793323],[30.66543146304474,-10.430324945793322],[30.66538996304473,-10.42979554579332],[30.665240163044736,-10.42816364579332],[30.665242263044732,-10.428130845793321],[30.665252963044736,-10.428098745793323],[30.665283863044735,-10.428061245793321],[30.66534616304473,-10.428037245793321],[30.665332163044738,-10.42754644579332],[30.665324063044736,-10.42672564579332],[30.665338863044738,-10.426232945793322],[30.665291263044736,-10.42446614579332],[30.66526166304473,-10.423272545793322],[30.665250963044734,-10.422652345793322],[30.665250963044734,-10.42162034579332]]}},{"type":"Feature","properties":{"id":null,"group":null,"name":"Commercial Street","settlement_id":null,"country_id":null,"district_id":null,"status":null,"surface":null,"access":null,"bridge":null,"tunnel":null,"oneway":null,"route_id":null,"alt_name":null,"notes":null},"geometry":{"type":"LineString","coordinates":[[30.667162063044735,-10.42965904579332],[30.667234463044736,-10.42961104579332],[30.667300163044736,-10.429589945793323],[30.667383363044735,-10.429570045793321],[30.667695863044734,-10.429522145793323],[30.66833286304474,-10.42945194579332],[30.668769863044737,-10.42942064579332],[30.66925536304474,-10.429373345793321]]}},{"type":"Feature","properties":{"id":null,"group":null,"name":"2nd Street","settlement_id":null,"country_id":null,"district_id":null,"status":null,"surface":null,"access":null,"bridge":null,"tunnel":null,"oneway":null,"route_id":null,"alt_name":null,"notes":null},"geometry":{"type":"LineString","coordinates":[[30.665863163044733,-10.426657745793323],[30.666132063044735,-10.426668245793321],[30.666334563044735,-10.42667764579332],[30.66668576304474,-10.42670094579332],[30.667188863044736,-10.426741945793323],[30.66773466304474,-10.42680284579332],[30.668391863044732,-10.42687184579332],[30.66895376304474,-10.42692564579332]]}},{"type":"Feature","properties":{"id":null,"group":null,"name":"Market Street","settlement_id":null,"country_id":null,"district_id":null,"status":null,"surface":null,"access":null,"bridge":null,"tunnel":null,"oneway":null,"route_id":null,"alt_name":null,"notes":null},"geometry":{"type":"LineString","coordinates":[[30.66833286304474,-10.42945194579332],[30.668320763044733,-10.42919454579332],[30.668214663044736,-10.42816114579332],[30.66821076304474,-10.428040845793321],[30.668220163044737,-10.427896845793322],[30.668391863044732,-10.42687184579332]]}},{"type":"Feature","properties":{"id":null,"group":null,"name":"Saltpan Road","settlement_id":null,"country_id":null,"district_id":null,"status":null,"surface":null,"access":null,"bridge":null,"tunnel":null,"oneway":null,"route_id":null,"alt_name":null,"notes":null},"geometry":{"type":"LineString","coordinates":[[30.668641263044734,-10.42349544579332],[30.668618263044735,-10.423621145793321],[30.668330163044736,-10.424669745793322],[30.668000263044732,-10.425798845793322],[30.66773466304474,-10.42680284579332],[30.667613963044737,-10.427201845793322],[30.667361863044732,-10.428070045793321],[30.667175463044735,-10.42873934579332],[30.667080063044736,-10.42916744579332],[30.667069563044734,-10.429267045793322],[30.66706276304474,-10.429360645793322],[30.667082463044736,-10.42947024579332],[30.667116463044735,-10.429570045793321],[30.667162063044735,-10.42965904579332]]}},{"type":"Feature","properties":{"id":null,"group":null,"name":"3rd Street","settlement_id":null,"country_id":null,"district_id":null,"status":null,"surface":null,"access":null,"bridge":null,"tunnel":null,"oneway":null,"route_id":null,"alt_name":null,"notes":null},"geometry":{"type":"LineString","coordinates":[[30.665856463044733,-10.425667845793322],[30.666323863044738,-10.425666645793322],[30.667109763044735,-10.425699445793322],[30.668000263044732,-10.425798845793322],[30.668826163044734,-10.425905245793322]]}},{"type":"Feature","properties":{"id":null,"group":null,"name":"Bush Street","settlement_id":null,"country_id":null,"district_id":null,"status":null,"surface":null,"access":null,"bridge":null,"tunnel":null,"oneway":null,"route_id":null,"alt_name":null,"notes":null},"geometry":{"type":"LineString","coordinates":[[30.667109763044735,-10.425699445793322],[30.66726266304474,-10.424530445793321],[30.667440363044733,-10.42335504579332]]}},{"type":"Feature","properties":{"id":null,"group":null,"name":"4th Street","settlement_id":null,"country_id":null,"district_id":null,"status":null,"surface":null,"access":null,"bridge":null,"tunnel":null,"oneway":null,"route_id":null,"alt_name":null,"notes":null},"geometry":{"type":"LineString","coordinates":[[30.665291263044736,-10.42446614579332],[30.665836363044733,-10.42445614579332],[30.666655763044737,-10.424459645793322],[30.66674296304474,-10.424466745793323],[30.66684686304474,-10.424476045793321],[30.66726266304474,-10.424530445793321],[30.668330163044736,-10.424669745793322]]}},{"type":"Feature","properties":{"id":null,"group":null,"name":"Burden Street","settlement_id":null,"country_id":null,"district_id":null,"status":null,"surface":null,"access":null,"bridge":null,"tunnel":null,"oneway":null,"route_id":null,"alt_name":null,"notes":null},"geometry":{"type":"LineString","coordinates":[[30.673957463044736,-10.43660844579332],[30.673924563044736,-10.43657564579332],[30.67386896304474,-10.436535245793321],[30.67363556304474,-10.436413645793321],[30.67346346304474,-10.43632664579332],[30.672848363044736,-10.436016945793321],[30.672712863044737,-10.43594444579332],[30.672580163044735,-10.435869545793322],[30.672483563044736,-10.43579704579332],[30.672281063044736,-10.435639045793321],[30.671811663044735,-10.43524014579332],[30.671571563044736,-10.435059945793322],[30.671511263044735,-10.435029545793322],[30.671440163044736,-10.435021345793322],[30.67134496304473,-10.435021345793322],[30.671122163044735,-10.43505044579332]]}},{"type":"Feature","properties":{"id":null,"group":null,"name":"Wit Street","settlement_id":null,"country_id":null,"district_id":null,"status":null,"surface":null,"access":null,"bridge":null,"tunnel":null,"oneway":null,"route_id":null,"alt_name":null,"notes":null},"geometry":{"type":"LineString","coordinates":[[30.66982146304474,-10.432196845793323],[30.66971136304474,-10.432220845793323],[30.668806963044737,-10.432461845793322],[30.668326763044732,-10.432591745793323]]}},{"type":"Feature","properties":{"id":null,"group":null,"name":"Malherbe Street","settlement_id":null,"country_id":null,"district_id":null,"status":null,"surface":null,"access":null,"bridge":null,"tunnel":null,"oneway":null,"route_id":null,"alt_name":null,"notes":null},"geometry":{"type":"LineString","coordinates":[[30.669777863044736,-10.43192424579332],[30.669985063044734,-10.431903145793322],[30.670059463044737,-10.43190144579332],[30.67010776304474,-10.43190904579332],[30.670143963044737,-10.43191844579332],[30.670201663044736,-10.431942345793322],[30.670241863044737,-10.431976345793322],[30.670273463044737,-10.43200844579332],[30.670295563044732,-10.432039545793321],[30.670305563044735,-10.43207344579332],[30.67035526304474,-10.43227994579332],[30.670416163044735,-10.432531145793321],[30.670569563044737,-10.433379645793321],[30.670594563044737,-10.433418345793323],[30.67062816304474,-10.433445345793322],[30.670656263044734,-10.43345644579332],[30.670693863044733,-10.43346104579332],[30.670801763044736,-10.43345464579332],[30.67111696304474,-10.43340904579332],[30.671209463044733,-10.433426545793322],[30.67128596304474,-10.43345704579332],[30.67138386304474,-10.433514345793322],[30.672318363044738,-10.434259545793322],[30.672350763044733,-10.43430404579332],[30.672365563044735,-10.434349745793321],[30.67236156304473,-10.43439304579332],[30.672331563044736,-10.434487445793321],[30.671811663044735,-10.43524014579332]]}},{"type":"Feature","properties":{"id":null,"group":null,"name":null,"settlement_id":null,"country_id":null,"district_id":null,"status":null,"surface":null,"access":null,"bridge":null,"tunnel":null,"oneway":null,"route_id":null,"alt_name":null,"notes":null},"geometry":{"type":"LineString","coordinates":[[30.66961696304473,-10.43109004579332],[30.669777863044736,-10.43192424579332],[30.66982146304474,-10.432196845793323],[30.669840263044733,-10.43226354579332],[30.669919363044734,-10.432692945793322],[30.669938163044733,-10.43279184579332],[30.669985763044735,-10.43299834579332],[30.670018563044735,-10.43309314579332],[30.670045463044737,-10.43315514579332],[30.670139963044733,-10.43335524579332],[30.670294163044737,-10.43364244579332],[30.670396763044735,-10.43381614579332],[30.670596663044734,-10.43415904579332],[30.670896063044736,-10.434671145793322],[30.671122163044735,-10.43505044579332],[30.671486163044733,-10.43567394579332],[30.67197126304474,-10.436532945793322],[30.672026263044735,-10.436617145793322],[30.672073163044736,-10.43666284579332],[30.67210736304473,-10.43668564579332],[30.67214026304474,-10.43670144579332],[30.67218786304474,-10.43671024579332],[30.672330663044733,-10.43669444579332],[30.672555963044736,-10.436682145793322],[30.672596163044737,-10.436687345793322],[30.67263716304474,-10.43669904579332],[30.67269676304474,-10.43671544579332],[30.67273386304474,-10.43672914579332],[30.673010563044734,-10.436882745793321],[30.673545663044735,-10.437144245793322],[30.673813963044736,-10.43724784579332],[30.673869563044732,-10.437260645793321],[30.67392856304474,-10.437269445793321],[30.67399166304473,-10.43727124579332],[30.674045963044733,-10.437268845793321],[30.674114963044737,-10.43726304579332],[30.67423056304473,-10.437243945793321]]}},{"type":"Feature","properties":{"id":null,"group":null,"name":"North Road","settlement_id":null,"country_id":null,"district_id":null,"status":null,"surface":null,"access":null,"bridge":null,"tunnel":null,"oneway":null,"route_id":null,"alt_name":null,"notes":null},"geometry":{"type":"LineString","coordinates":[[30.66935186304474,-10.430192445793322],[30.66925536304474,-10.429373345793321],[30.669121263044737,-10.428264145793323],[30.66895376304474,-10.42692564579332],[30.668826163044734,-10.425905245793322],[30.668814263044737,-10.42584214579332],[30.66880226304474,-10.425746245793322],[30.66880896304474,-10.42567834579332],[30.668826363044737,-10.42561634579332],[30.669519763044732,-10.423826045793321],[30.66953446304474,-10.423746445793322],[30.669533163044733,-10.423668045793322],[30.669495563044734,-10.42361774579332]]}},{"type":"Feature","properties":{"id":null,"group":null,"name":"Robson Street","settlement_id":null,"country_id":null,"district_id":null,"status":null,"surface":null,"access":null,"bridge":null,"tunnel":null,"oneway":null,"route_id":null,"alt_name":null,"notes":null},"geometry":{"type":"LineString","coordinates":[[30.66705006304474,-10.43136084579332],[30.66712046304474,-10.43184004579332],[30.667398063044736,-10.433328245793321],[30.667424863044737,-10.43339144579332],[30.667455063044734,-10.43341544579332],[30.667491263044738,-10.43342364579332],[30.66754296304474,-10.433428345793322],[30.667613363044737,-10.43342424579332],[30.66792786304474,-10.433358745793322]]}},{"type":"Feature","properties":{"id":null,"group":null,"name":null,"settlement_id":null,"country_id":null,"district_id":null,"status":null,"surface":null,"access":null,"bridge":null,"tunnel":null,"oneway":null,"route_id":null,"alt_name":null,"notes":null},"geometry":{"type":"LineString","coordinates":[[30.668806963044737,-10.432461845793322],[30.66866006304474,-10.43155334579332],[30.66860236304474,-10.431201145793322]]}},{"type":"Feature","properties":{"id":null,"group":null,"name":"Burden Street","settlement_id":null,"country_id":null,"district_id":null,"status":null,"surface":null,"access":null,"bridge":null,"tunnel":null,"oneway":null,"route_id":null,"alt_name":null,"notes":null},"geometry":{"type":"LineString","coordinates":[[30.673957463044736,-10.43660844579332],[30.67398026304474,-10.43665224579332],[30.674023163044737,-10.43673884579332],[30.67423056304473,-10.437243945793321],[30.674415563044732,-10.43766734579332],[30.674627963044735,-10.43814284579332],[30.674733963044737,-10.438381545793321],[30.674783563044734,-10.43850674579332],[30.674810363044735,-10.438579245793322],[30.674829163044734,-10.43862374579332],[30.67488546304473,-10.438925545793323],[30.674984763044733,-10.43948594579332],[30.675067363044732,-10.44001914579332],[30.67526366304473,-10.441112245793322],[30.675464063044735,-10.442238045793323]]}},{"type":"Feature","properties":{"id":null,"group":null,"name":null,"settlement_id":null,"country_id":null,"district_id":null,"status":null,"surface":null,"access":null,"bridge":null,"tunnel":null,"oneway":null,"route_id":null,"alt_name":null,"notes":null},"geometry":{"type":"LineString","coordinates":[[30.66806466304473,-10.43127604579332],[30.668326763044732,-10.432591745793323],[30.668323463044736,-10.432662545793322],[30.668263063044733,-10.433327145793323],[30.668257663044734,-10.43350144579332],[30.668264463044736,-10.43357864579332],[30.668279163044737,-10.433638345793321],[30.668395863044736,-10.433992845793322],[30.668426763044735,-10.434061945793323],[30.668469663044732,-10.434102845793321],[30.66853536304474,-10.434125045793321],[30.668594363044733,-10.43411924579332],[30.668965863044733,-10.434015145793323]]}},{"type":"Feature","properties":{"id":null,"group":null,"name":null,"settlement_id":null,"country_id":null,"district_id":null,"status":null,"surface":null,"access":null,"bridge":null,"tunnel":null,"oneway":null,"route_id":null,"alt_name":null,"notes":null},"geometry":{"type":"LineString","coordinates":[[30.667461763044734,-10.43058804579332],[30.668954863044732,-10.430378445793322],[30.66937576304474,-10.43031454579332]]}},{"type":"Feature","properties":{"id":null,"group":null,"name":"Karee Avenue","settlement_id":null,"country_id":null,"district_id":null,"status":null,"surface":null,"access":null,"bridge":null,"tunnel":null,"oneway":null,"route_id":null,"alt_name":null,"notes":null},"geometry":{"type":"LineString","coordinates":[[30.664019763044735,-10.419803045793321],[30.66454556304474,-10.42022894579332],[30.665162363044736,-10.420684145793322],[30.665253663044737,-10.420741545793321]]}},{"type":"Feature","properties":{"id":null,"group":null,"name":"Beach Road","settlement_id":null,"country_id":null,"district_id":null,"status":null,"surface":null,"access":null,"bridge":null,"tunnel":null,"oneway":null,"route_id":null,"alt_name":null,"notes":null},"geometry":{"type":"LineString","coordinates":[[30.665250963044734,-10.42162034579332],[30.66514366304473,-10.42162674579332],[30.66509206304474,-10.421623245793322],[30.66503506304474,-10.42160394579332],[30.665000163044738,-10.421584645793322],[30.664949263044733,-10.42154894579332],[30.663963463044738,-10.42078124579332],[30.66309706304473,-10.420110745793322]]}},{"type":"Feature","properties":{"id":null,"group":null,"name":null,"settlement_id":null,"country_id":null,"district_id":null,"status":null,"surface":null,"access":null,"bridge":null,"tunnel":null,"oneway":null,"route_id":null,"alt_name":null,"notes":null},"geometry":{"type":"LineString","coordinates":[[30.66571296304474,-10.419489445793323],[30.665890663044735,-10.41942624579332],[30.66641456304474,-10.41925264579332],[30.666536463044736,-10.41921324579332],[30.666590763044738,-10.419181645793321],[30.666626963044735,-10.41915304579332],[30.66667586304473,-10.41910794579332],[30.666724863044735,-10.419050045793322],[30.666781163044732,-10.41895934579332],[30.667040063044738,-10.418582545793322],[30.66750606304474,-10.417907845793321],[30.667944963044732,-10.41727234579332],[30.667992163044737,-10.417204045793321],[30.668147763044736,-10.41697814579332],[30.668662063044735,-10.416292445793323],[30.668702963044737,-10.416223945793321],[30.668735163044737,-10.41616484579332],[30.668767363044736,-10.41610164579332],[30.66894036304474,-10.415743045793322],[30.66900406304474,-10.41559844579332],[30.669019463044734,-10.415541145793322],[30.66902956304473,-10.41548324579332],[30.66906306304473,-10.415216445793321],[30.669086063044738,-10.41502114579332]]}},{"type":"Feature","properties":{"id":null,"group":null,"name":null,"settlement_id":null,"country_id":null,"district_id":null,"status":null,"surface":null,"access":null,"bridge":null,"tunnel":null,"oneway":null,"route_id":null,"alt_name":null,"notes":null},"geometry":{"type":"LineString","coordinates":[[30.665534963044735,-10.418362445793322],[30.66489376304473,-10.418456945793322],[30.664046663044736,-10.418564945793323],[30.663260363044735,-10.418625445793323]]}},{"type":"Feature","properties":{"id":null,"group":null,"name":null,"settlement_id":null,"country_id":null,"district_id":null,"status":null,"surface":null,"access":null,"bridge":null,"tunnel":null,"oneway":null,"route_id":null,"alt_name":null,"notes":null},"geometry":{"type":"LineString","coordinates":[[30.666120663044737,-10.431409445793323],[30.665537563044737,-10.431461745793323]]}},{"type":"Feature","properties":{"id":null,"group":null,"name":"Diamond Street","settlement_id":null,"country_id":null,"district_id":null,"status":null,"surface":null,"access":null,"bridge":null,"tunnel":null,"oneway":null,"route_id":null,"alt_name":null,"notes":null},"geometry":{"type":"LineString","coordinates":[[30.665140563044737,-10.419706745793322],[30.664546863044734,-10.419226745793322],[30.664284963044736,-10.41900924579332],[30.664131163044736,-10.41885754579332],[30.66410766304473,-10.41882714579332],[30.664093563044737,-10.41879724579332],[30.664046663044736,-10.418564945793323]]}},{"type":"Feature","properties":{"id":null,"group":null,"name":null,"settlement_id":null,"country_id":null,"district_id":null,"status":null,"surface":null,"access":null,"bridge":null,"tunnel":null,"oneway":null,"route_id":null,"alt_name":null,"notes":null},"geometry":{"type":"LineString","coordinates":[[30.66454556304474,-10.42022894579332],[30.663963463044738,-10.42078124579332]]}},{"type":"Feature","properties":{"id":null,"group":null,"name":null,"settlement_id":null,"country_id":null,"district_id":null,"status":null,"surface":null,"access":null,"bridge":null,"tunnel":null,"oneway":null,"route_id":null,"alt_name":null,"notes":null},"geometry":{"type":"LineString","coordinates":[[30.669121263044737,-10.428264145793323],[30.669426963044735,-10.428287545793323],[30.669577363044738,-10.42834264579332],[30.669645363044737,-10.428372345793322],[30.669707463044737,-10.428432745793321],[30.66976116304474,-10.428524045793322],[30.669883163044737,-10.42982984579332],[30.669932763044734,-10.430248745793323]]}},{"type":"Feature","properties":{"id":null,"group":null,"name":null,"settlement_id":null,"country_id":null,"district_id":null,"status":null,"surface":null,"access":null,"bridge":null,"tunnel":null,"oneway":null,"route_id":null,"alt_name":null,"notes":null},"geometry":{"type":"LineString","coordinates":[[30.66756566304474,-10.439686345793321],[30.667423563044736,-10.440080345793321],[30.667375263044732,-10.440206645793323],[30.66743226304473,-10.44041434579332],[30.667451063044737,-10.440473445793321],[30.667463763044736,-10.440531945793323],[30.667466463044732,-10.440975345793321],[30.66746516304474,-10.441094645793322],[30.66744766304474,-10.44119994579332],[30.667361863044732,-10.441404145793323],[30.667312963044736,-10.44146144579332],[30.667239863044735,-10.441518145793323],[30.667173463044733,-10.44156904579332],[30.667131863044737,-10.44161004579332],[30.667104363044736,-10.44167144579332],[30.66709906304473,-10.441775545793321],[30.667136563044735,-10.442344145793323]]}},{"type":"Feature","properties":{"id":null,"group":null,"name":null,"settlement_id":null,"country_id":null,"district_id":null,"status":null,"surface":null,"access":null,"bridge":null,"tunnel":null,"oneway":null,"route_id":null,"alt_name":null,"notes":null},"geometry":{"type":"LineString","coordinates":[[30.680210963044736,-10.43427604579332],[30.68021236304473,-10.433837245793322],[30.68021366304474,-10.43338444579332],[30.680217663044736,-10.432964445793322],[30.68021366304474,-10.432517445793321],[30.680220563044735,-10.432084645793323],[30.680218963044737,-10.431644045793321],[30.680216363044735,-10.43121524579332],[30.680210963044736,-10.43089814579332],[30.680216363044735,-10.430777645793322],[30.680331263044735,-10.43029984579332]]}},{"type":"Feature","properties":{"id":null,"group":null,"name":"Diamant Street","settlement_id":null,"country_id":null,"district_id":null,"status":null,"surface":null,"access":null,"bridge":null,"tunnel":null,"oneway":null,"route_id":null,"alt_name":null,"notes":null},"geometry":{"type":"LineString","coordinates":[[30.676344563044736,-10.43782994579332],[30.675651963044736,-10.436866945793321],[30.675564763044733,-10.436728345793322],[30.675548663044736,-10.436695545793322],[30.675537963044732,-10.43664704579332],[30.67555066304473,-10.43659964579332],[30.675570763044732,-10.436558145793322],[30.67559626304474,-10.436518945793322],[30.675622363044738,-10.43649144579332],[30.67593856304474,-10.43621144579332]]}},{"type":"Feature","properties":{"id":null,"group":null,"name":null,"settlement_id":null,"country_id":null,"district_id":null,"status":null,"surface":null,"access":null,"bridge":null,"tunnel":null,"oneway":null,"route_id":null,"alt_name":null,"notes":null},"geometry":{"type":"LineString","coordinates":[[30.671076063044737,-10.446392545793321],[30.671784363044736,-10.446196245793322],[30.67222066304474,-10.44609484579332],[30.672528463044735,-10.446050945793322],[30.672673363044737,-10.446045745793322],[30.67281886304474,-10.446059745793322],[30.67295026304474,-10.44609424579332],[30.67348406304474,-10.446237545793322]]}},{"type":"Feature","properties":{"id":null,"group":null,"name":"Thys Louw Street","settlement_id":null,"country_id":null,"district_id":null,"status":null,"surface":null,"access":null,"bridge":null,"tunnel":null,"oneway":null,"route_id":null,"alt_name":null,"notes":null},"geometry":{"type":"LineString","coordinates":[[30.674733963044737,-10.438381545793321],[30.675679363044736,-10.438064445793321],[30.676344563044736,-10.43782994579332],[30.676926463044737,-10.43762964579332],[30.677272163044734,-10.43751074579332]]}},{"type":"Feature","properties":{"id":null,"group":null,"name":null,"settlement_id":null,"country_id":null,"district_id":null,"status":null,"surface":null,"access":null,"bridge":null,"tunnel":null,"oneway":null,"route_id":null,"alt_name":null,"notes":null},"geometry":{"type":"LineString","coordinates":[[30.670560363044736,-10.44506884579332],[30.67119186304474,-10.44483594579332],[30.671465663044735,-10.44476234579332],[30.67162656304474,-10.44473774579332],[30.67178216304474,-10.444726045793322],[30.67213356304474,-10.444744845793322],[30.672243463044737,-10.44476354579332],[30.67257876304474,-10.44483834579332]]}},{"type":"Feature","properties":{"id":null,"group":null,"name":"William Street","settlement_id":null,"country_id":null,"district_id":null,"status":null,"surface":null,"access":null,"bridge":null,"tunnel":null,"oneway":null,"route_id":null,"alt_name":null,"notes":null},"geometry":{"type":"LineString","coordinates":[[30.674843863044735,-10.435374645793322],[30.675490963044737,-10.435706945793322],[30.675560063044735,-10.43575024579332],[30.675585563044734,-10.435770145793322],[30.675619063044735,-10.43580344579332],[30.67564386304474,-10.43582804579332],[30.675671363044735,-10.43585664579332],[30.67593856304474,-10.43621144579332],[30.676926463044737,-10.43762964579332]]}},{"type":"Feature","properties":{"id":null,"group":null,"name":"Boom Street","settlement_id":null,"country_id":null,"district_id":null,"status":null,"surface":null,"access":null,"bridge":null,"tunnel":null,"oneway":null,"route_id":null,"alt_name":null,"notes":null},"geometry":{"type":"LineString","coordinates":[[30.67111696304474,-10.43340904579332],[30.671095563044737,-10.433299045793321],[30.670976163044735,-10.43265664579332],[30.670957363044735,-10.432570145793322],[30.670923863044735,-10.432506945793323],[30.670872863044735,-10.432449645793321],[30.670807163044735,-10.43240634579332],[30.670711963044738,-10.432354845793322],[30.67035526304474,-10.43227994579332]]}},{"type":"Feature","properties":{"id":null,"group":null,"name":null,"settlement_id":null,"country_id":null,"district_id":null,"status":null,"surface":null,"access":null,"bridge":null,"tunnel":null,"oneway":null,"route_id":null,"alt_name":null,"notes":null},"geometry":{"type":"LineString","coordinates":[[30.670046763044738,-10.44341374579332],[30.67076556304474,-10.443275345793323],[30.67106466304473,-10.44322744579332],[30.671251063044735,-10.443214545793323],[30.671362363044736,-10.44322044579332],[30.67212686304474,-10.44333504579332]]}},{"type":"Feature","properties":{"id":null,"group":null,"name":null,"settlement_id":null,"country_id":null,"district_id":null,"status":null,"surface":null,"access":null,"bridge":null,"tunnel":null,"oneway":null,"route_id":null,"alt_name":null,"notes":null},"geometry":{"type":"LineString","coordinates":[[30.670668563044735,-10.43150444579332],[30.670816463044737,-10.43134384579332],[30.670888163044737,-10.431270145793322],[30.671205463044735,-10.43094374579332],[30.671587663044733,-10.430577545793321],[30.672189863044736,-10.429978445793322],[30.672333363044736,-10.429859145793321],[30.672412463044736,-10.42981464579332],[30.672530463044737,-10.42976084579332],[30.672625763044735,-10.429740945793322],[30.672708863044733,-10.42972684579332],[30.673161463044735,-10.42971164579332],[30.673851463044734,-10.429723345793322],[30.674205563044737,-10.42974444579332],[30.674354363044735,-10.429770145793322],[30.67443146304474,-10.42979824579332],[30.67448716304473,-10.42982284579332],[30.674561563044733,-10.429862045793323],[30.674674263044736,-10.429925745793321],[30.674729863044732,-10.429954445793323],[30.67480766304473,-10.42998374579332],[30.674864663044737,-10.429986045793322],[30.67493176304474,-10.429980745793321],[30.67503636304474,-10.42996794579332],[30.67509666304474,-10.429948045793322],[30.675161763044734,-10.42992054579332],[30.67522296304473,-10.429884445793322],[30.67566796304473,-10.42958704579332],[30.67574106304474,-10.429556045793321],[30.67579206304474,-10.429539045793321],[30.67585706304473,-10.429523845793321],[30.675918763044734,-10.42951334579332],[30.676012663044737,-10.42950394579332],[30.676098463044738,-10.42950574579332],[30.676151463044732,-10.429516845793321],[30.67620446304474,-10.42953384579332],[30.67638486304473,-10.42961104579332],[30.676471963044733,-10.429646145793322],[30.676549763044733,-10.42966664579332],[30.676608163044733,-10.429677745793322],[30.67677036304474,-10.429708145793322],[30.67694746304474,-10.429722745793322],[30.67704536304474,-10.429723945793322],[30.677110363044733,-10.429724545793322],[30.677492163044732,-10.42969494579332],[30.677830563044736,-10.42965204579332],[30.67793646304473,-10.429644945793322],[30.678012963044736,-10.42964384579332],[30.678130963044737,-10.429660145793322],[30.67820466304474,-10.429678945793322],[30.67850646304474,-10.42977604579332],[30.678894063044737,-10.42987664579332],[30.679402363044737,-10.43004394579332],[30.679851563044735,-10.43016854579332]]}},{"type":"Feature","properties":{"id":null,"group":null,"name":"Wit Street","settlement_id":null,"country_id":null,"district_id":null,"status":null,"surface":null,"access":null,"bridge":null,"tunnel":null,"oneway":null,"route_id":null,"alt_name":null,"notes":null},"geometry":{"type":"LineString","coordinates":[[30.669085163044734,-10.431130345793322],[30.669233963044732,-10.43186104579332],[30.669249463044736,-10.43192484579332],[30.669269563044736,-10.431957845793322],[30.669284063044735,-10.431976045793322],[30.669310163044734,-10.431998545793322],[30.66937626304474,-10.43204244579332],[30.669417763044734,-10.432067545793322],[30.66971136304474,-10.432220845793323]]}},{"type":"Feature","properties":{"id":null,"group":null,"name":null,"settlement_id":null,"country_id":null,"district_id":null,"status":null,"surface":null,"access":null,"bridge":null,"tunnel":null,"oneway":null,"route_id":null,"alt_name":null,"notes":null},"geometry":{"type":"LineString","coordinates":[[30.670896063044736,-10.434671145793322],[30.670459263044734,-10.434798845793322],[30.670058663044735,-10.434915845793322],[30.66920056304474,-10.435120745793322]]}},{"type":"Feature","properties":{"id":null,"group":null,"name":"Emerald Street","settlement_id":null,"country_id":null,"district_id":null,"status":null,"surface":null,"access":null,"bridge":null,"tunnel":null,"oneway":null,"route_id":null,"alt_name":null,"notes":null},"geometry":{"type":"LineString","coordinates":[[30.670596663044734,-10.43415904579332],[30.669093963044737,-10.434547445793322]]}},{"type":"Feature","properties":{"id":null,"group":null,"name":null,"settlement_id":null,"country_id":null,"district_id":null,"status":null,"surface":null,"access":null,"bridge":null,"tunnel":null,"oneway":null,"route_id":null,"alt_name":null,"notes":null},"geometry":{"type":"LineString","coordinates":[[30.669085163044734,-10.431130345793322],[30.668954863044732,-10.430378445793322]]}},{"type":"Feature","properties":{"id":null,"group":null,"name":null,"settlement_id":null,"country_id":null,"district_id":null,"status":null,"surface":null,"access":null,"bridge":null,"tunnel":null,"oneway":null,"route_id":null,"alt_name":null,"notes":null},"geometry":{"type":"LineString","coordinates":[[30.668965863044733,-10.434015145793323],[30.66908376304474,-10.434325145793322],[30.669098563044734,-10.43436964579332],[30.669106663044737,-10.43441524579332],[30.66910266304474,-10.434487245793322],[30.669093963044737,-10.434547445793322],[30.66907846304474,-10.43459014579332],[30.66906236304473,-10.43464454579332],[30.669060363044736,-10.43469374579332],[30.66920056304474,-10.435120745793322],[30.66867206304474,-10.43525524579332],[30.66847386304474,-10.43529084579332],[30.66814486304473,-10.435349945793321]]}},{"type":"Feature","properties":{"id":null,"group":null,"name":null,"settlement_id":null,"country_id":null,"district_id":null,"status":null,"surface":null,"access":null,"bridge":null,"tunnel":null,"oneway":null,"route_id":null,"alt_name":null,"notes":null},"geometry":{"type":"LineString","coordinates":[[30.668954863044732,-10.430378445793322],[30.668769863044737,-10.42942064579332]]}},{"type":"Feature","properties":{"id":null,"group":null,"name":null,"settlement_id":null,"country_id":null,"district_id":null,"status":null,"surface":null,"access":null,"bridge":null,"tunnel":null,"oneway":null,"route_id":null,"alt_name":null,"notes":null},"geometry":{"type":"LineString","coordinates":[[30.66937576304474,-10.43031454579332],[30.669461563044734,-10.43029864579332]]}},{"type":"Feature","properties":{"id":null,"group":null,"name":null,"settlement_id":null,"country_id":null,"district_id":null,"status":null,"surface":null,"access":null,"bridge":null,"tunnel":null,"oneway":null,"route_id":null,"alt_name":null,"notes":null},"geometry":{"type":"LineString","coordinates":[[30.665890663044735,-10.41942624579332],[30.666718163044735,-10.419435645793323],[30.66732416304474,-10.419431945793322],[30.667424863044737,-10.41944024579332],[30.667487963044735,-10.41946484579332],[30.667529563044738,-10.419490645793323],[30.667550963044732,-10.41951754579332],[30.667573763044736,-10.41956194579332],[30.667584463044733,-10.421413245793323],[30.667592563044735,-10.422248645793323],[30.667585863044735,-10.422352845793322],[30.66757516304473,-10.42241894579332],[30.667555663044737,-10.42249444579332],[30.66754296304474,-10.422543545793323],[30.667524863044733,-10.42257104579332],[30.667501363044735,-10.422598545793322],[30.66746516304474,-10.42261964579332]]}},{"type":"Feature","properties":{"id":null,"group":null,"name":null,"settlement_id":null,"country_id":null,"district_id":null,"status":null,"surface":null,"access":null,"bridge":null,"tunnel":null,"oneway":null,"route_id":null,"alt_name":null,"notes":null},"geometry":{"type":"LineString","coordinates":[[30.66667586304473,-10.41910794579332],[30.666718163044735,-10.419435645793323],[30.666732863044736,-10.420741545793321],[30.666710063044732,-10.422451145793323],[30.666731563044735,-10.422497945793323],[30.66676776304473,-10.422543545793323],[30.66681206304473,-10.422577545793322],[30.66684556304473,-10.42258744579332],[30.66746516304474,-10.42261964579332]]}},{"type":"Feature","properties":{"id":null,"group":null,"name":"Rooi Street","settlement_id":null,"country_id":null,"district_id":null,"status":null,"surface":null,"access":null,"bridge":null,"tunnel":null,"oneway":null,"route_id":null,"alt_name":null,"notes":null},"geometry":{"type":"LineString","coordinates":[[30.673832063044735,-10.44018914579332],[30.673805863044734,-10.440101945793321],[30.673785063044733,-10.440053945793322],[30.673743563044738,-10.44001884579332],[30.673667063044732,-10.439977945793322],[30.67360876304474,-10.439955145793322],[30.673556463044733,-10.43994104579332],[30.673494063044735,-10.439929945793322],[30.67341966304474,-10.43991824579332],[30.673330463044735,-10.43990244579332],[30.672704863044736,-10.440225345793321],[30.67206916304474,-10.44058334579332],[30.67191896304473,-10.44066064579332],[30.671652063044732,-10.440756545793322],[30.671503163044733,-10.440802145793322],[30.67139596304473,-10.440819745793322],[30.67129936304474,-10.44081264579332],[30.671147863044737,-10.440764745793322],[30.670819963044735,-10.440631345793323],[30.670518163044733,-10.44051374579332],[30.669802063044735,-10.44011424579332],[30.66973026304474,-10.44008144579332],[30.66964916304474,-10.44005344579332],[30.669407063044737,-10.439999545793322],[30.669271263044735,-10.43996924579332],[30.668087463044735,-10.43970474579332],[30.667982763044733,-10.439684845793321],[30.66786886304473,-10.43967314579332],[30.66756566304474,-10.439686345793321]]}},{"type":"Feature","properties":{"id":null,"group":null,"name":null,"settlement_id":null,"country_id":null,"district_id":null,"status":null,"surface":null,"access":null,"bridge":null,"tunnel":null,"oneway":null,"route_id":null,"alt_name":null,"notes":null},"geometry":{"type":"LineString","coordinates":[[30.676061063044735,-10.43490024579332],[30.676048863044734,-10.43498504579332],[30.676038163044737,-10.435099745793321],[30.67603546304474,-10.435169345793321],[30.676044163044736,-10.43523364579332],[30.676060263044732,-10.435288645793323],[30.676082363044735,-10.43532494579332],[30.676862063044737,-10.43635614579332],[30.677685263044737,-10.437445245793322],[30.677758163044736,-10.43755784579332],[30.677811763044737,-10.43765144579332],[30.67825696304473,-10.438497345793321],[30.67868076304474,-10.43920284579332]]}},{"type":"Feature","properties":{"id":null,"group":null,"name":"Staff Street","settlement_id":null,"country_id":null,"district_id":null,"status":null,"surface":null,"access":null,"bridge":null,"tunnel":null,"oneway":null,"route_id":null,"alt_name":null,"notes":null},"geometry":{"type":"LineString","coordinates":[[30.67933326304474,-10.431225145793322],[30.680216363044735,-10.43121524579332],[30.681814363044737,-10.43123384579332],[30.68325796304474,-10.43126724579332],[30.683297563044732,-10.43125964579332],[30.683335063044737,-10.43124624579332],[30.68336996304474,-10.43123044579332],[30.683396163044733,-10.431207545793322]]}},{"type":"Feature","properties":{"id":null,"group":null,"name":"Motlomelo Street","settlement_id":null,"country_id":null,"district_id":null,"status":null,"surface":null,"access":null,"bridge":null,"tunnel":null,"oneway":null,"route_id":null,"alt_name":null,"notes":null},"geometry":{"type":"LineString","coordinates":[[30.67936676304474,-10.43080214579332],[30.679392963044734,-10.43078054579332],[30.679422463044737,-10.430766445793322],[30.679465363044734,-10.430761845793322],[30.679516963044733,-10.430759445793322],[30.680216363044735,-10.430777645793322],[30.680770263044735,-10.43077294579332],[30.681813663044736,-10.43076234579332],[30.682356763044737,-10.430767045793322],[30.683404863044736,-10.43079514579332]]}},{"type":"Feature","properties":{"id":null,"group":null,"name":"Sizwe Street","settlement_id":null,"country_id":null,"district_id":null,"status":null,"surface":null,"access":null,"bridge":null,"tunnel":null,"oneway":null,"route_id":null,"alt_name":null,"notes":null},"geometry":{"type":"LineString","coordinates":[[30.680210963044736,-10.43427604579332],[30.681797363044737,-10.434250145793323],[30.681799763044737,-10.43382794579332],[30.681802263044737,-10.433378245793323],[30.681804563044736,-10.43296634579332],[30.681806963044735,-10.432540545793321],[30.681809463044736,-10.43210574579332],[30.681811963044737,-10.431651745793323],[30.681814363044737,-10.43123384579332],[30.681813663044736,-10.43076234579332],[30.681819663044735,-10.43030834579332],[30.681812263044733,-10.429877845793323],[30.681824463044734,-10.42944684579332],[30.681826863044733,-10.42901634579332],[30.681800163044734,-10.428577845793322]]}},{"type":"Feature","properties":{"id":null,"group":null,"name":"Mbangi Street","settlement_id":null,"country_id":null,"district_id":null,"status":null,"surface":null,"access":null,"bridge":null,"tunnel":null,"oneway":null,"route_id":null,"alt_name":null,"notes":null},"geometry":{"type":"LineString","coordinates":[[30.680706863044733,-10.429000345793321],[30.681826863044733,-10.42901634579332],[30.68341686304474,-10.429039645793322]]}},{"type":"Feature","properties":{"id":null,"group":null,"name":"Smokey Street","settlement_id":null,"country_id":null,"district_id":null,"status":null,"surface":null,"access":null,"bridge":null,"tunnel":null,"oneway":null,"route_id":null,"alt_name":null,"notes":null},"geometry":{"type":"LineString","coordinates":[[30.679323863044736,-10.432529745793323],[30.68021366304474,-10.432517445793321],[30.68103436304473,-10.43252554579332],[30.681806963044735,-10.432540545793321]]}},{"type":"Feature","properties":{"id":null,"group":null,"name":"Dondolo Street","settlement_id":null,"country_id":null,"district_id":null,"status":null,"surface":null,"access":null,"bridge":null,"tunnel":null,"oneway":null,"route_id":null,"alt_name":null,"notes":null},"geometry":{"type":"LineString","coordinates":[[30.68061196304474,-10.429423245793322],[30.681824463044734,-10.42944684579332],[30.683403763044737,-10.42946114579332]]}},{"type":"Feature","properties":{"id":null,"group":null,"name":"Lilian Mvimbi Street","settlement_id":null,"country_id":null,"district_id":null,"status":null,"surface":null,"access":null,"bridge":null,"tunnel":null,"oneway":null,"route_id":null,"alt_name":null,"notes":null},"geometry":{"type":"LineString","coordinates":[[30.679337263044737,-10.433382145793322],[30.68021366304474,-10.43338444579332],[30.681802263044737,-10.433378245793323]]}},{"type":"Feature","properties":{"id":null,"group":null,"name":"Mqingoi Street","settlement_id":null,"country_id":null,"district_id":null,"status":null,"surface":null,"access":null,"bridge":null,"tunnel":null,"oneway":null,"route_id":null,"alt_name":null,"notes":null},"geometry":{"type":"LineString","coordinates":[[30.683393463044737,-10.42988364579332],[30.682852963044738,-10.429895345793321],[30.682549863044734,-10.429889545793321],[30.681812263044733,-10.429877845793323],[30.680476363044733,-10.42988944579332]]}},{"type":"Feature","properties":{"id":null,"group":null,"name":"Xhalisa Street","settlement_id":null,"country_id":null,"district_id":null,"status":null,"surface":null,"access":null,"bridge":null,"tunnel":null,"oneway":null,"route_id":null,"alt_name":null,"notes":null},"geometry":{"type":"LineString","coordinates":[[30.679325163044737,-10.43295334579332],[30.680217663044736,-10.432964445793322],[30.681804563044736,-10.43296634579332]]}},{"type":"Feature","properties":{"id":null,"group":null,"name":null,"settlement_id":null,"country_id":null,"district_id":null,"status":null,"surface":null,"access":null,"bridge":null,"tunnel":null,"oneway":null,"route_id":null,"alt_name":null,"notes":null},"geometry":{"type":"LineString","coordinates":[[30.66538996304473,-10.42979554579332],[30.666040263044735,-10.429731545793322]]}},{"type":"Feature","properties":{"id":null,"group":null,"name":"Rowland Street","settlement_id":null,"country_id":null,"district_id":null,"status":null,"surface":null,"access":null,"bridge":null,"tunnel":null,"oneway":null,"route_id":null,"alt_name":null,"notes":null},"geometry":{"type":"LineString","coordinates":[[30.667548263044736,-10.43133164579332],[30.66792786304474,-10.433358745793322]]}},{"type":"Feature","properties":{"id":null,"group":null,"name":null,"settlement_id":null,"country_id":null,"district_id":null,"status":null,"surface":null,"access":null,"bridge":null,"tunnel":null,"oneway":null,"route_id":null,"alt_name":null,"notes":null},"geometry":{"type":"LineString","coordinates":[[30.665944363044737,-10.428828245793321],[30.666514263044732,-10.428774445793321],[30.66698906304474,-10.42873944579332],[30.667175463044735,-10.42873934579332]]}},{"type":"Feature","properties":{"id":null,"group":null,"name":"Duine Street","settlement_id":null,"country_id":null,"district_id":null,"status":null,"surface":null,"access":null,"bridge":null,"tunnel":null,"oneway":null,"route_id":null,"alt_name":null,"notes":null},"geometry":{"type":"LineString","coordinates":[[30.674415563044732,-10.43766734579332],[30.67412906304473,-10.43771234579332],[30.67401376304474,-10.43774154579332],[30.673910463044734,-10.437783645793322],[30.673846163044736,-10.43782114579332],[30.673762763044735,-10.43791604579332],[30.67336196304474,-10.43855354579332],[30.673345863044737,-10.43860614579332],[30.673347263044732,-10.438664645793322],[30.673370063044736,-10.438711445793322],[30.673805863044734,-10.43892324579332]]}},{"type":"Feature","properties":{"id":null,"group":null,"name":"Thwalo Street","settlement_id":null,"country_id":null,"district_id":null,"status":null,"surface":null,"access":null,"bridge":null,"tunnel":null,"oneway":null,"route_id":null,"alt_name":null,"notes":null},"geometry":{"type":"LineString","coordinates":[[30.67932586304474,-10.432106145793322],[30.680220563044735,-10.432084645793323],[30.681023763044735,-10.43209534579332],[30.681809463044736,-10.43210574579332]]}},{"type":"Feature","properties":{"id":null,"group":null,"name":"Kanarie Street","settlement_id":null,"country_id":null,"district_id":null,"status":null,"surface":null,"access":null,"bridge":null,"tunnel":null,"oneway":null,"route_id":null,"alt_name":null,"notes":null},"geometry":{"type":"LineString","coordinates":[[30.673805863044734,-10.43892324579332],[30.673793863044736,-10.439034345793322],[30.673783063044738,-10.439343245793323],[30.673800563044736,-10.43940754579332],[30.673843463044733,-10.43944614579332],[30.673899763044737,-10.43946954579332],[30.673962763044734,-10.439475345793321],[30.674984763044733,-10.43948594579332]]}},{"type":"Feature","properties":{"id":null,"group":null,"name":"Makhubalo Street","settlement_id":null,"country_id":null,"district_id":null,"status":null,"surface":null,"access":null,"bridge":null,"tunnel":null,"oneway":null,"route_id":null,"alt_name":null,"notes":null},"geometry":{"type":"LineString","coordinates":[[30.67933256304474,-10.43165634579332],[30.680218963044737,-10.431644045793321],[30.681811963044737,-10.431651745793323]]}},{"type":"Feature","properties":{"id":null,"group":null,"name":null,"settlement_id":null,"country_id":null,"district_id":null,"status":null,"surface":null,"access":null,"bridge":null,"tunnel":null,"oneway":null,"route_id":null,"alt_name":null,"notes":null},"geometry":{"type":"LineString","coordinates":[[30.680210963044736,-10.43427604579332],[30.680202763044733,-10.43457454579332],[30.68021436304474,-10.43462874579332],[30.68023246304473,-10.43466794579332],[30.680250563044737,-10.434688445793322],[30.680279363044733,-10.434705445793321],[30.68032616304474,-10.43471964579332],[30.681686063044737,-10.43473364579332],[30.681725063044738,-10.434728245793321],[30.681751963044732,-10.43471414579332],[30.68176596304474,-10.43469834579332],[30.681782063044736,-10.43466914579332],[30.681796163044737,-10.434624645793322],[30.681800863044735,-10.434573245793322],[30.681797363044737,-10.434250145793323]]}},{"type":"Feature","properties":{"id":null,"group":null,"name":"Flosse Street","settlement_id":null,"country_id":null,"district_id":null,"status":null,"surface":null,"access":null,"bridge":null,"tunnel":null,"oneway":null,"route_id":null,"alt_name":null,"notes":null},"geometry":{"type":"LineString","coordinates":[[30.67228376304473,-10.439050745793322],[30.672081163044737,-10.438888145793323],[30.67189886304473,-10.438765245793322],[30.67186666304474,-10.43873014579332],[30.671849263044734,-10.438672845793322],[30.671863963044736,-10.43862134579332],[30.673010563044734,-10.436882745793321]]}},{"type":"Feature","properties":{"id":null,"group":null,"name":null,"settlement_id":null,"country_id":null,"district_id":null,"status":null,"surface":null,"access":null,"bridge":null,"tunnel":null,"oneway":null,"route_id":null,"alt_name":null,"notes":null},"geometry":{"type":"LineString","coordinates":[[30.683427863044734,-10.428686345793322],[30.683406163044737,-10.42864694579332],[30.683387363044737,-10.428625845793322],[30.68336256304474,-10.42860714579332],[30.68332366304473,-10.42859014579332],[30.681800163044734,-10.428577845793322],[30.680811763044737,-10.428548645793322],[30.68038136304473,-10.428500645793322]]}},{"type":"Feature","properties":{"id":null,"group":null,"name":"Hlazo Street","settlement_id":null,"country_id":null,"district_id":null,"status":null,"surface":null,"access":null,"bridge":null,"tunnel":null,"oneway":null,"route_id":null,"alt_name":null,"notes":null},"geometry":{"type":"LineString","coordinates":[[30.680331263044735,-10.43029984579332],[30.680652263044735,-10.430324745793323],[30.680846663044733,-10.430327145793322],[30.68143276304474,-10.430314245793321],[30.681819663044735,-10.43030834579332],[30.682383563044738,-10.430311945793322],[30.683396163044733,-10.430343545793322]]}},{"type":"Feature","properties":{"id":null,"group":null,"name":null,"settlement_id":null,"country_id":null,"district_id":null,"status":null,"surface":null,"access":null,"bridge":null,"tunnel":null,"oneway":null,"route_id":null,"alt_name":null,"notes":null},"geometry":{"type":"LineString","coordinates":[[30.683396163044733,-10.431207545793322],[30.68341426304474,-10.431148545793322],[30.683404863044736,-10.43079514579332],[30.683396163044733,-10.430343545793322],[30.683393463044737,-10.42988364579332],[30.683403763044737,-10.42946114579332],[30.68341686304474,-10.429039645793322],[30.683427863044734,-10.428686345793322]]}},{"type":"Feature","properties":{"id":null,"group":null,"name":null,"settlement_id":null,"country_id":null,"district_id":null,"status":null,"surface":null,"access":null,"bridge":null,"tunnel":null,"oneway":null,"route_id":null,"alt_name":null,"notes":null},"geometry":{"type":"LineString","coordinates":[[30.674832963044736,-10.44232414579332],[30.674997663044735,-10.44230254579332],[30.675464063044735,-10.442238045793323],[30.67609866304474,-10.442165945793322],[30.676720663044733,-10.44209344579332],[30.67738026304474,-10.44200614579332],[30.677817863044737,-10.44195204579332],[30.678015863044735,-10.441927545793321],[30.678384463044736,-10.441889045793323],[30.678503063044737,-10.441875545793321],[30.67860956304473,-10.441867945793321],[30.678885363044735,-10.44187094579332],[30.679003363044735,-10.441881445793323],[30.679089863044737,-10.441890245793322],[30.679518963044735,-10.441944045793322]]}},{"type":"Feature","properties":{"id":null,"group":null,"name":"Henry Street","settlement_id":null,"country_id":null,"district_id":null,"status":null,"surface":null,"access":null,"bridge":null,"tunnel":null,"oneway":null,"route_id":null,"alt_name":null,"notes":null},"geometry":{"type":"LineString","coordinates":[[30.674454963044738,-10.440103745793321],[30.674832963044736,-10.44232414579332]]}},{"type":"Feature","properties":{"id":null,"group":null,"name":"Gravenor Street","settlement_id":null,"country_id":null,"district_id":null,"status":null,"surface":null,"access":null,"bridge":null,"tunnel":null,"oneway":null,"route_id":null,"alt_name":null,"notes":null},"geometry":{"type":"LineString","coordinates":[[30.675679363044736,-10.438064445793321],[30.67622456304474,-10.439313945793321],[30.676244663044734,-10.439367245793322],[30.67626146304474,-10.439419845793322],[30.67638246304473,-10.440124445793321],[30.676720663044733,-10.44209344579332]]}},{"type":"Feature","properties":{"id":null,"group":null,"name":null,"settlement_id":null,"country_id":null,"district_id":null,"status":null,"surface":null,"access":null,"bridge":null,"tunnel":null,"oneway":null,"route_id":null,"alt_name":null,"notes":null},"geometry":{"type":"LineString","coordinates":[[30.675067363044732,-10.44001914579332],[30.674454963044738,-10.440103745793321],[30.674192663044735,-10.440139745793322],[30.673832063044735,-10.44018914579332]]}},{"type":"Feature","properties":{"id":null,"group":null,"name":null,"settlement_id":null,"country_id":null,"district_id":null,"status":null,"surface":null,"access":null,"bridge":null,"tunnel":null,"oneway":null,"route_id":null,"alt_name":null,"notes":null},"geometry":{"type":"LineString","coordinates":[[30.675726663044735,-10.445896845793323],[30.675689763044737,-10.44560804579332],[30.67560606304474,-10.44507304579332],[30.67550766304474,-10.444547645793323],[30.67539446304474,-10.443935245793321],[30.675305263044734,-10.44344844579332],[30.675209063044733,-10.44293104579332],[30.675180863044737,-10.442779045793321],[30.67544736304474,-10.442497945793322],[30.675461163044737,-10.442475145793322],[30.675472563044735,-10.442445645793322],[30.67547526304473,-10.442414645793322],[30.675464063044735,-10.442238045793323]]}},{"type":"Feature","properties":{"id":null,"group":null,"name":null,"settlement_id":null,"country_id":null,"district_id":null,"status":null,"surface":null,"access":null,"bridge":null,"tunnel":null,"oneway":null,"route_id":null,"alt_name":null,"notes":null},"geometry":{"type":"LineString","coordinates":[[30.67488546304473,-10.438925545793323],[30.675235463044736,-10.43884834579332],[30.67527036304473,-10.438846045793321],[30.675303863044732,-10.438861245793321],[30.67534146304473,-10.438891645793321],[30.675364263044735,-10.43893144579332],[30.675578863044734,-10.439373645793323],[30.67560166304473,-10.439468445793322],[30.675617763044734,-10.439544445793322],[30.675702163044733,-10.44002184579332],[30.675973063044736,-10.44153804579332],[30.67609866304474,-10.442165945793322]]}},{"type":"Feature","properties":{"id":null,"group":null,"name":null,"settlement_id":null,"country_id":null,"district_id":null,"status":null,"surface":null,"access":null,"bridge":null,"tunnel":null,"oneway":null,"route_id":null,"alt_name":null,"notes":null},"geometry":{"type":"LineString","coordinates":[[30.66644186304474,-10.428044345793323],[30.666514263044732,-10.428774445793321],[30.666661863044737,-10.429994845793322]]}},{"type":"Feature","properties":{"id":null,"group":null,"name":null,"settlement_id":null,"country_id":null,"district_id":null,"status":null,"surface":null,"access":null,"bridge":null,"tunnel":null,"oneway":null,"route_id":null,"alt_name":null,"notes":null},"geometry":{"type":"LineString","coordinates":[[30.673330463044735,-10.43990244579332],[30.673540363044737,-10.43974924579332],[30.673624863044736,-10.43966494579332],[30.673843463044733,-10.43944614579332]]}},{"type":"Feature","properties":{"id":null,"group":null,"name":null,"settlement_id":null,"country_id":null,"district_id":null,"status":null,"surface":null,"access":null,"bridge":null,"tunnel":null,"oneway":null,"route_id":null,"alt_name":null,"notes":null},"geometry":{"type":"LineString","coordinates":[[30.674832963044736,-10.44232414579332],[30.674977363044732,-10.44238804579332],[30.675012863044735,-10.442415545793322],[30.675034963044737,-10.44243944579332],[30.675180863044737,-10.442779045793321]]}},{"type":"Feature","properties":{"id":null,"group":null,"name":"Tuna Street","settlement_id":null,"country_id":null,"district_id":null,"status":null,"surface":null,"access":null,"bridge":null,"tunnel":null,"oneway":null,"route_id":null,"alt_name":null,"notes":null},"geometry":{"type":"LineString","coordinates":[[30.678755363044736,-10.445239745793321],[30.675689763044737,-10.44560804579332]]}},{"type":"Feature","properties":{"id":null,"group":null,"name":"Makriel Street","settlement_id":null,"country_id":null,"district_id":null,"status":null,"surface":null,"access":null,"bridge":null,"tunnel":null,"oneway":null,"route_id":null,"alt_name":null,"notes":null},"geometry":{"type":"LineString","coordinates":[[30.678859163044734,-10.44466234579332],[30.67560606304474,-10.44507304579332]]}},{"type":"Feature","properties":{"id":null,"group":null,"name":"Maasbanker Street","settlement_id":null,"country_id":null,"district_id":null,"status":null,"surface":null,"access":null,"bridge":null,"tunnel":null,"oneway":null,"route_id":null,"alt_name":null,"notes":null},"geometry":{"type":"LineString","coordinates":[[30.678189963044737,-10.44417384579332],[30.67550766304474,-10.444547645793323]]}},{"type":"Feature","properties":{"id":null,"group":null,"name":"Snoek Street","settlement_id":null,"country_id":null,"district_id":null,"status":null,"surface":null,"access":null,"bridge":null,"tunnel":null,"oneway":null,"route_id":null,"alt_name":null,"notes":null},"geometry":{"type":"LineString","coordinates":[[30.678075963044733,-10.44363574579332],[30.676422363044736,-10.44388254579332],[30.676201763044737,-10.44390654579332],[30.676004663044736,-10.443918845793322],[30.67539446304474,-10.443935245793321]]}},{"type":"Feature","properties":{"id":null,"group":null,"name":"Stokvis Street","settlement_id":null,"country_id":null,"district_id":null,"status":null,"surface":null,"access":null,"bridge":null,"tunnel":null,"oneway":null,"route_id":null,"alt_name":null,"notes":null},"geometry":{"type":"LineString","coordinates":[[30.677994163044737,-10.44309754579332],[30.675305263044734,-10.44344844579332]]}},{"type":"Feature","properties":{"id":null,"group":null,"name":null,"settlement_id":null,"country_id":null,"district_id":null,"status":null,"surface":null,"access":null,"bridge":null,"tunnel":null,"oneway":null,"route_id":null,"alt_name":null,"notes":null},"geometry":{"type":"LineString","coordinates":[[30.675761263044734,-10.45086904579332],[30.67562976304474,-10.45059294579332],[30.675574763044736,-10.45047714579332],[30.67551246304474,-10.450371845793322],[30.675201963044735,-10.449862945793322],[30.67487406304474,-10.44922244579332],[30.674841863044733,-10.449174545793321],[30.674768963044734,-10.44907664579332]]}},{"type":"Feature","properties":{"id":null,"group":null,"name":null,"settlement_id":null,"country_id":null,"district_id":null,"status":null,"surface":null,"access":null,"bridge":null,"tunnel":null,"oneway":null,"route_id":null,"alt_name":null,"notes":null},"geometry":{"type":"LineString","coordinates":[[30.666738263044735,-10.43792754579332],[30.666963163044734,-10.438691145793323],[30.667073563044738,-10.439065945793322],[30.667253963044736,-10.439729945793323],[30.66735766304474,-10.440135745793322],[30.667375263044732,-10.440206645793323]]}},{"type":"Feature","properties":{"id":null,"group":null,"name":null,"settlement_id":null,"country_id":null,"district_id":null,"status":null,"surface":null,"access":null,"bridge":null,"tunnel":null,"oneway":null,"route_id":null,"alt_name":null,"notes":null},"geometry":{"type":"LineString","coordinates":[[30.667253963044736,-10.439729945793323],[30.66756566304474,-10.439686345793321]]}},{"type":"Feature","properties":{"id":null,"group":null,"name":null,"settlement_id":null,"country_id":null,"district_id":null,"status":null,"surface":null,"access":null,"bridge":null,"tunnel":null,"oneway":null,"route_id":null,"alt_name":null,"notes":null},"geometry":{"type":"LineString","coordinates":[[30.677850163044738,-10.44090864579332],[30.678015863044735,-10.441927545793321]]}},{"type":"Feature","properties":{"id":null,"group":null,"name":null,"settlement_id":null,"country_id":null,"district_id":null,"status":null,"surface":null,"access":null,"bridge":null,"tunnel":null,"oneway":null,"route_id":null,"alt_name":null,"notes":null},"geometry":{"type":"LineString","coordinates":[[30.677027863044735,-10.440116545793321],[30.67738026304474,-10.44200614579332]]}},{"type":"Feature","properties":{"id":null,"group":null,"name":"Kobus Meiring Street","settlement_id":null,"country_id":null,"district_id":null,"status":null,"surface":null,"access":null,"bridge":null,"tunnel":null,"oneway":null,"route_id":null,"alt_name":null,"notes":null},"geometry":{"type":"LineString","coordinates":[[30.677728663044732,-10.454597245793321],[30.67765686304473,-10.454603045793322],[30.677601863044735,-10.454594245793322],[30.677558263044737,-10.45457794579332],[30.67752816304474,-10.45455334579332],[30.677510663044735,-10.45450474579332],[30.677459063044736,-10.454255645793323],[30.677265963044732,-10.45323794579332],[30.677163963044734,-10.452804445793321],[30.67714366304473,-10.452740045793321],[30.676930363044733,-10.45204984579332],[30.676748363044737,-10.451265545793321],[30.676628263044734,-10.45073074579332]]}},{"type":"Feature","properties":{"id":null,"group":null,"name":"Dougall Street","settlement_id":null,"country_id":null,"district_id":null,"status":null,"surface":null,"access":null,"bridge":null,"tunnel":null,"oneway":null,"route_id":null,"alt_name":null,"notes":null},"geometry":{"type":"LineString","coordinates":[[30.675719163044732,-10.468413345793321],[30.675957163044735,-10.46782494579332],[30.675977763044735,-10.46779154579332],[30.675998563044736,-10.467766545793323],[30.676322363044733,-10.467425745793323],[30.67684216304474,-10.46689594579332],[30.67714726304473,-10.46657734579332],[30.677246263044736,-10.466472345793322],[30.677614663044736,-10.46609614579332],[30.67764546304474,-10.46604294579332],[30.677664263044733,-10.465995545793321],[30.677699763044735,-10.46583124579332],[30.677847463044735,-10.464787445793322],[30.677941663044734,-10.464067345793323]]}},{"type":"Feature","properties":{"id":null,"group":null,"name":null,"settlement_id":null,"country_id":null,"district_id":null,"status":null,"surface":null,"access":null,"bridge":null,"tunnel":null,"oneway":null,"route_id":null,"alt_name":null,"notes":null},"geometry":{"type":"LineString","coordinates":[[30.677220463044733,-10.459376645793322],[30.67720696304474,-10.459644145793321],[30.677206263044738,-10.45970204579332],[30.677225063044737,-10.459736545793321],[30.67726526304473,-10.459758745793321],[30.677308563044733,-10.459764845793321],[30.677348463044737,-10.459759345793321],[30.677373263044736,-10.459740645793323],[30.677392663044735,-10.459711345793322],[30.677412763044735,-10.45966224579332],[30.677432863044736,-10.459572145793322],[30.677429263044736,-10.459535645793322],[30.677417163044737,-10.45950874579332],[30.677381963044738,-10.459472745793322],[30.67734576304474,-10.45944584579332],[30.677296063044736,-10.45941424579332],[30.677220463044733,-10.459376645793322]]}},{"type":"Feature","properties":{"id":null,"group":null,"name":null,"settlement_id":null,"country_id":null,"district_id":null,"status":null,"surface":null,"access":null,"bridge":null,"tunnel":null,"oneway":null,"route_id":null,"alt_name":null,"notes":null},"geometry":{"type":"LineString","coordinates":[[30.66792786304474,-10.433358745793322],[30.667911763044735,-10.433481545793322],[30.667909063044732,-10.433575145793322],[30.667918463044735,-10.43366404579332],[30.66796676304473,-10.433984645793322],[30.66799836304473,-10.43416664579332],[30.66802396304473,-10.434314245793322],[30.668169563044735,-10.43476734579332],[30.668239663044737,-10.43498564579332],[30.668264463044736,-10.435082745793322],[30.668278563044737,-10.435137145793322],[30.668269763044734,-10.43518864579332],[30.66825376304473,-10.435227845793323],[30.668222863044733,-10.435277545793321],[30.668194663044737,-10.43530854579332],[30.66814486304473,-10.435349945793321],[30.667856063044738,-10.435513845793322],[30.667790363044737,-10.435569445793321],[30.667753463044733,-10.435628545793323],[30.667725363044738,-10.43570344579332],[30.66773206304474,-10.43587304579332],[30.66776556304474,-10.436185445793322],[30.66783926304474,-10.436593745793322],[30.667853563044737,-10.43669624579332],[30.667862063044737,-10.436757545793322],[30.667867463044736,-10.43688514579332],[30.667844663044733,-10.43699514579332],[30.667821863044736,-10.437100445793321],[30.667800463044735,-10.437205645793322],[30.667796363044737,-10.437306345793322],[30.66779776304473,-10.437925245793322],[30.66776816304474,-10.438401645793322],[30.667728063044734,-10.438819445793323],[30.667721063044738,-10.438892645793322],[30.667671663044736,-10.43931864579332],[30.667656963044735,-10.43941814579332],[30.667635463044732,-10.439514045793322],[30.66756566304474,-10.439686345793321]]}},{"type":"Feature","properties":{"id":null,"group":null,"name":null,"settlement_id":null,"country_id":null,"district_id":null,"status":null,"surface":null,"access":null,"bridge":null,"tunnel":null,"oneway":null,"route_id":null,"alt_name":null,"notes":null},"geometry":{"type":"LineString","coordinates":[[30.678189963044737,-10.44417384579332],[30.67862846304473,-10.444113045793321],[30.67868016304473,-10.444117145793323],[30.678720363044732,-10.44412824579332],[30.678756563044736,-10.44415924579332],[30.67878476304473,-10.44421544579332],[30.678859163044734,-10.44466234579332],[30.678930963044735,-10.44513904579332],[30.678929563044733,-10.44516944579332],[30.678919563044737,-10.445199345793322],[30.678894063044737,-10.445219145793322],[30.678755363044736,-10.445239745793321]]}},{"type":"Feature","properties":{"id":null,"group":null,"name":null,"settlement_id":null,"country_id":null,"district_id":null,"status":null,"surface":null,"access":null,"bridge":null,"tunnel":null,"oneway":null,"route_id":null,"alt_name":null,"notes":null},"geometry":{"type":"LineString","coordinates":[[30.677817863044737,-10.44195204579332],[30.677900263044734,-10.44251844579332],[30.677908363044736,-10.44256834579332],[30.677994163044737,-10.44309754579332],[30.678075963044733,-10.44363574579332],[30.678189963044737,-10.44417384579332]]}},{"type":"Feature","properties":{"id":null,"group":null,"name":null,"settlement_id":null,"country_id":null,"district_id":null,"status":null,"surface":null,"access":null,"bridge":null,"tunnel":null,"oneway":null,"route_id":null,"alt_name":null,"notes":null},"geometry":{"type":"LineString","coordinates":[[30.67868076304474,-10.43920284579332],[30.678744463044737,-10.439244345793322],[30.678798163044732,-10.439269545793321],[30.67886456304474,-10.439289445793323],[30.678930963044735,-10.43929584579332],[30.679038863044738,-10.439298145793321],[30.67911736304474,-10.439293545793321],[30.679274263044732,-10.439281245793323]]}},{"type":"Feature","properties":{"id":null,"group":null,"name":null,"settlement_id":null,"country_id":null,"district_id":null,"status":null,"surface":null,"access":null,"bridge":null,"tunnel":null,"oneway":null,"route_id":null,"alt_name":null,"notes":null},"geometry":{"type":"LineString","coordinates":[[30.670572463044735,-10.431432245793323],[30.670500063044734,-10.43133804579332],[30.670450463044737,-10.43128184579332],[30.670292163044735,-10.43110584579332],[30.670066863044738,-10.430885245793322],[30.670025963044736,-10.430840245793322],[30.670005863044736,-10.430790445793322],[30.669987763044738,-10.430743645793322],[30.669972963044735,-10.430680445793323],[30.669932763044734,-10.430248745793323],[30.669863063044737,-10.430248945793322],[30.669784663044737,-10.43025424579332],[30.669461563044734,-10.43029864579332]]}},{"type":"Feature","properties":{"id":null,"group":null,"name":"Karee Avenue","settlement_id":null,"country_id":null,"district_id":null,"status":null,"surface":null,"access":null,"bridge":null,"tunnel":null,"oneway":null,"route_id":null,"alt_name":null,"notes":null},"geometry":{"type":"LineString","coordinates":[[30.664019763044735,-10.419803045793321],[30.66355986304474,-10.419462545793321]]}},{"type":"Feature","properties":{"id":null,"group":null,"name":null,"settlement_id":null,"country_id":null,"district_id":null,"status":null,"surface":null,"access":null,"bridge":null,"tunnel":null,"oneway":null,"route_id":null,"alt_name":null,"notes":null},"geometry":{"type":"LineString","coordinates":[[30.67638246304473,-10.440124445793321],[30.676834063044737,-10.44006044579332],[30.676954763044733,-10.440046345793322],[30.67698026304474,-10.44005224579332],[30.677003063044737,-10.44006104579332],[30.677015863044737,-10.440079145793321],[30.677027863044735,-10.440116545793321]]}},{"type":"Feature","properties":{"id":null,"group":null,"name":"Carnation Street","settlement_id":null,"country_id":null,"district_id":null,"status":null,"surface":null,"access":null,"bridge":null,"tunnel":null,"oneway":null,"route_id":null,"alt_name":null,"notes":null},"geometry":{"type":"LineString","coordinates":[[30.670929863044734,-10.435851045793322],[30.670808563044737,-10.435552445793322],[30.670540263044735,-10.43496744579332],[30.670459263044734,-10.434798845793322]]}},{"type":"Feature","properties":{"id":null,"group":null,"name":"Crysanthemium Street","settlement_id":null,"country_id":null,"district_id":null,"status":null,"surface":null,"access":null,"bridge":null,"tunnel":null,"oneway":null,"route_id":null,"alt_name":null,"notes":null},"geometry":{"type":"LineString","coordinates":[[30.670058663044735,-10.434915845793322],[30.67027746304474,-10.435530245793322],[30.670388763044734,-10.435861345793322],[30.670410163044735,-10.435895345793321],[30.670442363044735,-10.43591164579332],[30.67047856304474,-10.435924545793322]]}},{"type":"Feature","properties":{"id":null,"group":null,"name":null,"settlement_id":null,"country_id":null,"district_id":null,"status":null,"surface":null,"access":null,"bridge":null,"tunnel":null,"oneway":null,"route_id":null,"alt_name":null,"notes":null},"geometry":{"type":"LineString","coordinates":[[30.681023763044735,-10.43209534579332],[30.68103436304473,-10.43252554579332]]}},{"type":"Feature","properties":{"id":null,"group":null,"name":"Bobo Street","settlement_id":null,"country_id":null,"district_id":null,"status":null,"surface":null,"access":null,"bridge":null,"tunnel":null,"oneway":null,"route_id":null,"alt_name":null,"notes":null},"geometry":{"type":"LineString","coordinates":[[30.67934066304474,-10.433820245793322],[30.67986096304473,-10.433829045793322],[30.68021236304473,-10.433837245793322]]}},{"type":"Feature","properties":{"id":null,"group":null,"name":"Bobo Street","settlement_id":null,"country_id":null,"district_id":null,"status":null,"surface":null,"access":null,"bridge":null,"tunnel":null,"oneway":null,"route_id":null,"alt_name":null,"notes":null},"geometry":{"type":"LineString","coordinates":[[30.68021236304473,-10.433837245793322],[30.681089463044735,-10.433837245793322],[30.681799763044737,-10.43382794579332]]}},{"type":"Feature","properties":{"id":null,"group":null,"name":null,"settlement_id":null,"country_id":null,"district_id":null,"status":null,"surface":null,"access":null,"bridge":null,"tunnel":null,"oneway":null,"route_id":null,"alt_name":null,"notes":null},"geometry":{"type":"LineString","coordinates":[[30.667432163044737,-10.43851394579332],[30.667540263044735,-10.43863774579332],[30.667626063044736,-10.43873834579332],[30.667655563044733,-10.43876874579332],[30.667683763044735,-10.438789845793321],[30.667728063044734,-10.438819445793323]]}},{"type":"Feature","properties":{"id":null,"group":null,"name":null,"settlement_id":null,"country_id":null,"district_id":null,"status":null,"surface":null,"access":null,"bridge":null,"tunnel":null,"oneway":null,"route_id":null,"alt_name":null,"notes":null},"geometry":{"type":"LineString","coordinates":[[30.666963163044734,-10.438691145793323],[30.667359163044736,-10.43853834579332],[30.667432163044737,-10.43851394579332],[30.66776816304474,-10.438401645793322]]}},{"type":"Feature","properties":{"id":null,"group":null,"name":"Sapphire Street","settlement_id":null,"country_id":null,"district_id":null,"status":null,"surface":null,"access":null,"bridge":null,"tunnel":null,"oneway":null,"route_id":null,"alt_name":null,"notes":null},"geometry":{"type":"LineString","coordinates":[[30.66799836304473,-10.43416664579332],[30.667439663044732,-10.434294745793322],[30.667375263044732,-10.43432284579332],[30.667326963044736,-10.434366145793321],[30.667277363044732,-10.434426945793321],[30.667249263044738,-10.434458545793321],[30.667215663044736,-10.43449014579332],[30.667179463044732,-10.43451354579332],[30.66677646304474,-10.43460014579332],[30.66673426304473,-10.43462234579332],[30.666688663044738,-10.434664445793322],[30.666660463044735,-10.434712445793322],[30.666653763044735,-10.43477674579332],[30.66670876304474,-10.43496864579332]]}},{"type":"Feature","properties":{"id":null,"group":null,"name":"Joseph Ambrosini Street","settlement_id":null,"country_id":null,"district_id":null,"status":null,"surface":null,"access":null,"bridge":null,"tunnel":null,"oneway":null,"route_id":null,"alt_name":null,"notes":null},"geometry":{"type":"LineString","coordinates":[[30.66776556304474,-10.436185445793322],[30.668360963044734,-10.436011145793321],[30.66872686304474,-10.43591834579332]]}},{"type":"Feature","properties":{"id":null,"group":null,"name":null,"settlement_id":null,"country_id":null,"district_id":null,"status":null,"surface":null,"access":null,"bridge":null,"tunnel":null,"oneway":null,"route_id":null,"alt_name":null,"notes":null},"geometry":{"type":"LineString","coordinates":[[30.66847386304474,-10.43529084579332],[30.668599063044738,-10.435568245793322],[30.66872686304474,-10.43591834579332],[30.66873786304474,-10.435948545793321],[30.66888266304474,-10.436303645793322]]}},{"type":"Feature","properties":{"id":null,"group":null,"name":"Lantana Street","settlement_id":null,"country_id":null,"district_id":null,"status":null,"surface":null,"access":null,"bridge":null,"tunnel":null,"oneway":null,"route_id":null,"alt_name":null,"notes":null},"geometry":{"type":"LineString","coordinates":[[30.667853563044737,-10.43669624579332],[30.668650663044737,-10.436486145793323],[30.668723063044737,-10.436454545793323],[30.668770063044732,-10.436433545793323],[30.668838463044736,-10.436396045793321],[30.668869963044735,-10.43636794579332],[30.668882063044734,-10.436351645793321],[30.668884063044736,-10.436333445793322],[30.66888266304474,-10.436303645793322]]}},{"type":"Feature","properties":{"id":null,"group":null,"name":null,"settlement_id":null,"country_id":null,"district_id":null,"status":null,"surface":null,"access":null,"bridge":null,"tunnel":null,"oneway":null,"route_id":null,"alt_name":null,"notes":null},"geometry":{"type":"LineString","coordinates":[[30.674177863044733,-10.43630844579332],[30.67372006304474,-10.436054445793323],[30.673251963044734,-10.435816945793322],[30.672513063044732,-10.435446045793322]]}},{"type":"Feature","properties":{"id":null,"group":null,"name":null,"settlement_id":null,"country_id":null,"district_id":null,"status":null,"surface":null,"access":null,"bridge":null,"tunnel":null,"oneway":null,"route_id":null,"alt_name":null,"notes":null},"geometry":{"type":"LineString","coordinates":[[30.665554563044736,-10.433212245793323],[30.665430463044736,-10.43342174579332],[30.665370363044737,-10.433504945793322],[30.665340863044733,-10.433529545793322],[30.665297263044735,-10.43354004579332],[30.665266363044736,-10.43354064579332],[30.66522816304473,-10.43352484579332],[30.665198663044734,-10.43349264579332],[30.665187963044737,-10.433459945793322]]}},{"type":"Feature","properties":{"id":null,"group":null,"name":null,"settlement_id":null,"country_id":null,"district_id":null,"status":null,"surface":null,"access":null,"bridge":null,"tunnel":null,"oneway":null,"route_id":null,"alt_name":null,"notes":null},"geometry":{"type":"LineString","coordinates":[[30.665187963044737,-10.433459945793322],[30.665185263044734,-10.433421345793322],[30.665199363044735,-10.433381545793322],[30.66523736304474,-10.433342245793321],[30.665554563044736,-10.433212245793323]]}},{"type":"Feature","properties":{"id":null,"group":null,"name":"Flosse Street","settlement_id":null,"country_id":null,"district_id":null,"status":null,"surface":null,"access":null,"bridge":null,"tunnel":null,"oneway":null,"route_id":null,"alt_name":null,"notes":null},"geometry":{"type":"LineString","coordinates":[[30.673545663044735,-10.437144245793322],[30.67228376304473,-10.439050745793322]]}},{"type":"Feature","properties":{"id":null,"group":null,"name":null,"settlement_id":null,"country_id":null,"district_id":null,"status":null,"surface":null,"access":null,"bridge":null,"tunnel":null,"oneway":null,"route_id":null,"alt_name":null,"notes":null},"geometry":{"type":"LineString","coordinates":[[30.673540363044737,-10.43974924579332],[30.67345046304473,-10.439667345793323],[30.67327076304474,-10.439562045793322],[30.67278796304474,-10.439365445793323],[30.672424563044736,-10.43918644579332],[30.67228376304473,-10.439050745793322]]}},{"type":"Feature","properties":{"id":null,"group":null,"name":null,"settlement_id":null,"country_id":null,"district_id":null,"status":null,"surface":null,"access":null,"bridge":null,"tunnel":null,"oneway":null,"route_id":null,"alt_name":null,"notes":null},"geometry":{"type":"LineString","coordinates":[[30.671849263044734,-10.438672845793322],[30.671661463044735,-10.43886944579332],[30.671536763044735,-10.438972345793323],[30.671382463044736,-10.43906364579332],[30.67095466304474,-10.439220345793322],[30.67026936304474,-10.439483645793322],[30.66948756304474,-10.439790145793323],[30.66941646304474,-10.43983224579332],[30.669271263044735,-10.43996924579332]]}},{"type":"Feature","properties":{"id":null,"group":null,"name":"Duine Street","settlement_id":null,"country_id":null,"district_id":null,"status":null,"surface":null,"access":null,"bridge":null,"tunnel":null,"oneway":null,"route_id":null,"alt_name":null,"notes":null},"geometry":{"type":"LineString","coordinates":[[30.674627963044735,-10.43814284579332],[30.674424163044733,-10.43821304579332],[30.674349063044737,-10.43824584579332],[30.67426726304474,-10.438300745793322],[30.674204163044735,-10.43836284579332],[30.673805863044734,-10.43892324579332]]}},{"type":"Feature","properties":{"id":null,"group":null,"name":"Rooi Street","settlement_id":null,"country_id":null,"district_id":null,"status":null,"surface":null,"access":null,"bridge":null,"tunnel":null,"oneway":null,"route_id":null,"alt_name":null,"notes":null},"geometry":{"type":"LineString","coordinates":[[30.673832063044735,-10.44018914579332],[30.67418746304473,-10.442252345793323],[30.674211563044736,-10.442312545793323],[30.67424706304473,-10.442346445793321],[30.674288063044735,-10.442366345793323],[30.674350363044738,-10.442383345793322],[30.674406663044735,-10.44238744579332],[30.674832963044736,-10.44232414579332]]}},{"type":"Feature","properties":{"id":null,"group":null,"name":"Sapphire Street","settlement_id":null,"country_id":null,"district_id":null,"status":null,"surface":null,"access":null,"bridge":null,"tunnel":null,"oneway":null,"route_id":null,"alt_name":null,"notes":null},"geometry":{"type":"LineString","coordinates":[[30.668965863044733,-10.434015145793323],[30.670294163044737,-10.43364244579332]]}},{"type":"Feature","properties":{"id":null,"group":null,"name":"North Road","settlement_id":null,"country_id":null,"district_id":null,"status":null,"surface":null,"access":null,"bridge":null,"tunnel":null,"oneway":null,"route_id":null,"alt_name":null,"notes":null},"geometry":{"type":"LineString","coordinates":[[30.66937576304474,-10.43031454579332],[30.66935186304474,-10.430192445793322]]}},{"type":"Feature","properties":{"id":null,"group":null,"name":"Voetbaai Street","settlement_id":null,"country_id":null,"district_id":null,"status":null,"surface":null,"access":null,"bridge":null,"tunnel":null,"oneway":null,"route_id":null,"alt_name":null,"notes":null},"geometry":{"type":"LineString","coordinates":[[30.676894763044736,-10.461817245793322],[30.676899163044737,-10.46177704579332],[30.67690916304474,-10.461743145793323],[30.676936663044735,-10.461705745793322],[30.677141063044736,-10.46154204579332]]}},{"type":"Feature","properties":{"id":null,"group":null,"name":"Mossel Street","settlement_id":null,"country_id":null,"district_id":null,"status":null,"surface":null,"access":null,"bridge":null,"tunnel":null,"oneway":null,"route_id":null,"alt_name":null,"notes":null},"geometry":{"type":"LineString","coordinates":[[30.674192663044735,-10.440139745793322],[30.674151263044735,-10.439907745793322]]}},{"type":"Feature","properties":{"id":null,"group":null,"name":"Galjoen Street","settlement_id":null,"country_id":null,"district_id":null,"status":null,"surface":null,"access":null,"bridge":null,"tunnel":null,"oneway":null,"route_id":null,"alt_name":null,"notes":null},"geometry":{"type":"LineString","coordinates":[[30.675209063044733,-10.44293104579332],[30.677908363044736,-10.44256834579332]]}},{"type":"Feature","properties":{"id":null,"group":null,"name":"Kamp Street","settlement_id":null,"country_id":null,"district_id":null,"status":null,"surface":null,"access":null,"bridge":null,"tunnel":null,"oneway":null,"route_id":null,"alt_name":null,"notes":null},"geometry":{"type":"LineString","coordinates":[[30.676985663044732,-10.454635845793321],[30.67712246304474,-10.455287345793321],[30.677137163044733,-10.45539034579332],[30.677209863044737,-10.456209845793323],[30.677257263044737,-10.456460345793323]]}},{"type":"Feature","properties":{"id":null,"group":null,"name":null,"settlement_id":null,"country_id":null,"district_id":null,"status":null,"surface":null,"access":null,"bridge":null,"tunnel":null,"oneway":null,"route_id":null,"alt_name":null,"notes":null},"geometry":{"type":"LineString","coordinates":[[30.676628263044734,-10.45073074579332],[30.67661286304474,-10.45066194579332],[30.676584663044736,-10.450590645793321],[30.676546463044737,-10.450526845793322],[30.676087063044733,-10.450050145793321],[30.675655963044733,-10.449621445793321],[30.67558956304474,-10.449534845793321],[30.67552586304474,-10.449442445793322],[30.675489663044736,-10.44936934579332],[30.67535486304473,-10.449089745793321],[30.675306563044735,-10.448994945793322],[30.67521806304474,-10.448856945793322]]}},{"type":"Feature","properties":{"id":null,"group":null,"name":"Luwalala Street","settlement_id":null,"country_id":null,"district_id":null,"status":null,"surface":null,"access":null,"bridge":null,"tunnel":null,"oneway":null,"route_id":null,"alt_name":null,"notes":null},"geometry":{"type":"LineString","coordinates":[[30.680476363044733,-10.42988944579332],[30.68061196304474,-10.429423245793322],[30.680706863044733,-10.429000345793321],[30.680811763044737,-10.428548645793322]]}},{"type":"Feature","properties":{"id":null,"group":null,"name":"Smith Street","settlement_id":null,"country_id":null,"district_id":null,"status":null,"surface":null,"access":null,"bridge":null,"tunnel":null,"oneway":null,"route_id":null,"alt_name":null,"notes":null},"geometry":{"type":"LineString","coordinates":[[30.68038136304473,-10.428500645793322],[30.680339763044735,-10.428506445793323],[30.680314963044736,-10.428524045793322],[30.68029216304474,-10.428556845793322],[30.680003763044738,-10.429532645793321],[30.67991196304473,-10.429871945793321],[30.679876363044734,-10.42997374579332],[30.679852963044738,-10.430080845793322],[30.679852863044736,-10.43012474579332],[30.679851563044735,-10.43016854579332],[30.679907863044733,-10.43019494579332],[30.680025963044734,-10.43023174579332],[30.680331263044735,-10.43029984579332]]}},{"type":"Feature","properties":{"id":null,"group":null,"name":"Luwalala Street","settlement_id":null,"country_id":null,"district_id":null,"status":null,"surface":null,"access":null,"bridge":null,"tunnel":null,"oneway":null,"route_id":null,"alt_name":null,"notes":null},"geometry":{"type":"LineString","coordinates":[[30.680331263044735,-10.43029984579332],[30.680476363044733,-10.42988944579332]]}},{"type":"Feature","properties":{"id":null,"group":null,"name":null,"settlement_id":null,"country_id":null,"district_id":null,"status":null,"surface":null,"access":null,"bridge":null,"tunnel":null,"oneway":null,"route_id":null,"alt_name":null,"notes":null},"geometry":{"type":"LineString","coordinates":[[30.67934466304473,-10.434277745793322],[30.67934066304474,-10.433820245793322],[30.679337263044737,-10.433382145793322],[30.679325163044737,-10.43295334579332],[30.679323863044736,-10.432529745793323],[30.67932586304474,-10.432106145793322],[30.67933256304474,-10.43165634579332],[30.67933326304474,-10.431225145793322],[30.679330563044736,-10.430893445793322],[30.679335263044734,-10.430847245793322],[30.67934666304474,-10.430823845793322],[30.67936676304474,-10.43080214579332]]}},{"type":"Feature","properties":{"id":null,"group":null,"name":null,"settlement_id":null,"country_id":null,"district_id":null,"status":null,"surface":null,"access":null,"bridge":null,"tunnel":null,"oneway":null,"route_id":null,"alt_name":null,"notes":null},"geometry":{"type":"LineString","coordinates":[[30.679108663044737,-10.435815745793322],[30.679186363044735,-10.435655445793321],[30.679240063044737,-10.43551854579332],[30.679278963044737,-10.43540394579332],[30.679310463044736,-10.43529454579332],[30.679323863044736,-10.43523364579332],[30.67934066304474,-10.43509324579332],[30.67935136304473,-10.43482414579332],[30.67934466304473,-10.434277745793322]]}},{"type":"Feature","properties":{"id":null,"group":null,"name":"Sizwe Street","settlement_id":null,"country_id":null,"district_id":null,"status":null,"surface":null,"access":null,"bridge":null,"tunnel":null,"oneway":null,"route_id":null,"alt_name":null,"notes":null},"geometry":{"type":"LineString","coordinates":[[30.67934466304473,-10.434277745793322],[30.679502463044734,-10.434271045793322],[30.680210963044736,-10.43427604579332]]}},{"type":"Feature","properties":{"id":null,"group":null,"name":null,"settlement_id":null,"country_id":null,"district_id":null,"status":null,"surface":null,"access":null,"bridge":null,"tunnel":null,"oneway":null,"route_id":null,"alt_name":null,"notes":null},"geometry":{"type":"LineString","coordinates":[[30.664546863044734,-10.419226745793322],[30.664223663044737,-10.419591145793321],[30.664115063044733,-10.419704645793322],[30.664019763044735,-10.419803045793321]]}},{"type":"Feature","properties":{"id":null,"group":null,"name":"Kotze Street","settlement_id":null,"country_id":null,"district_id":null,"status":null,"surface":null,"access":null,"bridge":null,"tunnel":null,"oneway":null,"route_id":null,"alt_name":null,"notes":null},"geometry":{"type":"LineString","coordinates":[[30.665250963044734,-10.42162034579332],[30.665259063044736,-10.420947445793322],[30.665253663044737,-10.420741545793321],[30.665245663044736,-10.420266445793322],[30.66522816304473,-10.42014594579332],[30.665140563044737,-10.419706745793322],[30.66489376304473,-10.418456945793322]]}},{"type":"Feature","properties":{"id":null,"group":null,"name":"5th Street","settlement_id":null,"country_id":null,"district_id":null,"status":null,"surface":null,"access":null,"bridge":null,"tunnel":null,"oneway":null,"route_id":null,"alt_name":null,"notes":null},"geometry":{"type":"LineString","coordinates":[[30.66526166304473,-10.423272545793322],[30.665812263044735,-10.42327724579332],[30.66627356304474,-10.42327604579332],[30.666704763044734,-10.42327844579332],[30.666823463044736,-10.423287745793322],[30.666960863044736,-10.423303545793322],[30.667440363044733,-10.42335504579332],[30.668641263044734,-10.42349544579332]]}},{"type":"Feature","properties":{"id":null,"group":null,"name":"Commercial Street","settlement_id":null,"country_id":null,"district_id":null,"status":null,"surface":null,"access":null,"bridge":null,"tunnel":null,"oneway":null,"route_id":null,"alt_name":null,"notes":null},"geometry":{"type":"LineString","coordinates":[[30.66543146304474,-10.430324945793322],[30.666055663044737,-10.43027684579332],[30.66616696304473,-10.43024754579332],[30.666248763044734,-10.43021714579332],[30.66633726304474,-10.43017854579332],[30.666661863044737,-10.429994845793322],[30.666830763044736,-10.42989064579332],[30.667044063044735,-10.42974564579332],[30.667162063044735,-10.42965904579332]]}},{"type":"Feature","properties":{"id":null,"group":null,"name":null,"settlement_id":null,"country_id":null,"district_id":null,"status":null,"surface":null,"access":null,"bridge":null,"tunnel":null,"oneway":null,"route_id":null,"alt_name":null,"notes":null},"geometry":{"type":"LineString","coordinates":[[30.667162063044735,-10.42965904579332],[30.667338363044735,-10.429973145793321],[30.667362563044733,-10.43001534579332],[30.667384663044736,-10.430072645793322],[30.66741346304474,-10.43016094579332],[30.667420263044733,-10.430211245793322],[30.667461763044734,-10.43058804579332],[30.667548263044736,-10.43133164579332]]}},{"type":"Feature","properties":{"id":null,"group":null,"name":"5th Street","settlement_id":null,"country_id":null,"district_id":null,"status":null,"surface":null,"access":null,"bridge":null,"tunnel":null,"oneway":null,"route_id":null,"alt_name":null,"notes":null},"geometry":{"type":"LineString","coordinates":[[30.669495563044734,-10.42361774579332],[30.669458063044736,-10.423575645793322],[30.669415063044738,-10.423546345793321],[30.669346763044736,-10.423530045793322],[30.668641263044734,-10.42349544579332]]}},{"type":"Feature","properties":{"id":null,"group":null,"name":"Robson Street","settlement_id":null,"country_id":null,"district_id":null,"status":null,"surface":null,"access":null,"bridge":null,"tunnel":null,"oneway":null,"route_id":null,"alt_name":null,"notes":null},"geometry":{"type":"LineString","coordinates":[[30.668263063044733,-10.433327145793323],[30.668040463044733,-10.433350545793322],[30.66792786304474,-10.433358745793322]]}},{"type":"Feature","properties":{"id":null,"group":null,"name":"Galjoen Street","settlement_id":null,"country_id":null,"district_id":null,"status":null,"surface":null,"access":null,"bridge":null,"tunnel":null,"oneway":null,"route_id":null,"alt_name":null,"notes":null},"geometry":{"type":"LineString","coordinates":[[30.677908363044736,-10.44256834579332],[30.679013763044736,-10.44240414579332],[30.679101863044735,-10.44238834579332],[30.679137163044736,-10.442359645793323],[30.67913986304474,-10.442130345793322],[30.679089863044737,-10.441890245793322]]}},{"type":"Feature","properties":{"id":null,"group":null,"name":"Butler Street","settlement_id":null,"country_id":null,"district_id":null,"status":null,"surface":null,"access":null,"bridge":null,"tunnel":null,"oneway":null,"route_id":null,"alt_name":null,"notes":null},"geometry":{"type":"LineString","coordinates":[[30.675346863044737,-10.434634045793322],[30.674843863044735,-10.435374645793322],[30.67429406304474,-10.43615034579332],[30.674177863044733,-10.43630844579332],[30.673957463044736,-10.43660844579332]]}},{"type":"Feature","properties":{"id":null,"group":null,"name":"Lantana Street","settlement_id":null,"country_id":null,"district_id":null,"status":null,"surface":null,"access":null,"bridge":null,"tunnel":null,"oneway":null,"route_id":null,"alt_name":null,"notes":null},"geometry":{"type":"LineString","coordinates":[[30.67047856304474,-10.435924545793322],[30.67054436304474,-10.43593624579332],[30.670614063044738,-10.43593044579332],[30.670717363044737,-10.435918745793321],[30.670929863044734,-10.435851045793322],[30.671486163044733,-10.43567394579332]]}},{"type":"Feature","properties":{"id":null,"group":null,"name":"Emerald Street","settlement_id":null,"country_id":null,"district_id":null,"status":null,"surface":null,"access":null,"bridge":null,"tunnel":null,"oneway":null,"route_id":null,"alt_name":null,"notes":null},"geometry":{"type":"LineString","coordinates":[[30.66670876304474,-10.43496864579332],[30.666751663044735,-10.435097345793322],[30.66676906304474,-10.43514064579332],[30.666802663044734,-10.43516524579332],[30.666857663044738,-10.43517924579332],[30.666908563044736,-10.43517924579332],[30.667324363044735,-10.435052945793322],[30.668169563044735,-10.43476734579332]]}},{"type":"Feature","properties":{"id":"street_dimaeta_infill_1_01","group":null,"name":null,"settlement_id":"settlement_dimaeta","country_id":"country_stsutodo","district_id":null,"status":"active","surface":"paved","access":"public","bridge":null,"tunnel":null,"oneway":null,"route_id":null,"alt_name":null,"notes":null},"geometry":{"type":"LineString","coordinates":[[-64.23013260222906,-17.698673619753635],[-64.23056175203999,-17.6995350813338],[-64.23093487546842,-17.700520192852462],[-64.23126595524872,-17.701422402975897],[-64.23144746409189,-17.701952722627347],[-64.23158259147843,-17.70240079604811],[-64.23197115509377,-17.703415768892178],[-64.23237332012843,-17.70450003593305],[-64.23273112234516,-17.70546907638301],[-64.23310038956718,-17.706437044754267],[-64.23386952816986,-17.70807765578547]]}},{"type":"Feature","properties":{"id":"street_dimaeta_infill_1_02","group":null,"name":null,"settlement_id":"settlement_dimaeta","country_id":"country_stsutodo","district_id":null,"status":"active","surface":"paved","access":"public","bridge":null,"tunnel":null,"oneway":null,"route_id":null,"alt_name":null,"notes":null},"geometry":{"type":"LineString","coordinates":[[-64.22210792055529,-17.70198574598464],[-64.22235837315269,-17.702884937030557],[-64.2227680864637,-17.703781399817494],[-64.22319756324411,-17.704717126601533],[-64.22354799337492,-17.705481855608486],[-64.22376254341863,-17.706147563221876],[-64.2242606398073,-17.70715422323597],[-64.22468406588781,-17.708201494749922],[-64.22497246124377,-17.70893857539658],[-64.22523380827579,-17.709623301295245],[-64.22570668664511,-17.710894749507354]]}},{"type":"Feature","properties":{"id":"street_dimaeta_infill_1_03","group":null,"name":null,"settlement_id":"settlement_dimaeta","country_id":"country_stsutodo","district_id":null,"status":"active","surface":"paved","access":"public","bridge":null,"tunnel":null,"oneway":null,"route_id":null,"alt_name":null,"notes":null},"geometry":{"type":"LineString","coordinates":[[-64.21456137417609,-17.70505556539576],[-64.2150547372539,-17.706079074039245],[-64.21540628258148,-17.70712064096342],[-64.2157756818915,-17.708182064740466],[-64.21611648232356,-17.709102651754804],[-64.21649823661942,-17.709710541909498],[-64.2167185143718,-17.71051518970534],[-64.2171144603004,-17.711379363280116],[-64.21740007371913,-17.711960692913355],[-64.21769929344954,-17.712600401857895],[-64.21811529960372,-17.713738784998363]]}},{"type":"Feature","properties":{"id":"street_dimaeta_infill_1_04","group":null,"name":null,"settlement_id":"settlement_dimaeta","country_id":"country_stsutodo","district_id":null,"status":"active","surface":"paved","access":"public","bridge":null,"tunnel":null,"oneway":null,"route_id":null,"alt_name":null,"notes":null},"geometry":{"type":"LineString","coordinates":[[-64.20623014589101,-17.708343123008255],[-64.20666029169828,-17.709370997052716],[-64.20706175996325,-17.71013782960126],[-64.20748765984717,-17.711018376430776],[-64.20791863283257,-17.71201160710325],[-64.20809210367112,-17.71281377178589],[-64.20852368566129,-17.713697220489017],[-64.20888186252736,-17.714753841735448],[-64.20905509616216,-17.715338283130073],[-64.20925052335734,-17.71590565398238],[-64.20976995445152,-17.716865283182184]]}},{"type":"Feature","properties":{"id":"street_dimaeta_infill_1_05","group":null,"name":null,"settlement_id":"settlement_dimaeta","country_id":"country_stsutodo","district_id":null,"status":"active","surface":"paved","access":"public","bridge":null,"tunnel":null,"oneway":null,"route_id":null,"alt_name":null,"notes":null},"geometry":{"type":"LineString","coordinates":[[-64.2390949052029,-17.69826775942522],[-64.23776747011766,-17.69868827617621],[-64.23624620457272,-17.699341786459293],[-64.23529372607068,-17.699784804943985],[-64.23389729156509,-17.700385881855464],[-64.2326805996195,-17.70088609988838],[-64.23126595524872,-17.701422402975897],[-64.22977172100663,-17.70195257934363],[-64.2285126904037,-17.702390445599928],[-64.22727872832472,-17.702824174142382],[-64.22597787590423,-17.703349880349187],[-64.2247063864765,-17.703920517562057],[-64.22319756324411,-17.704717126601533],[-64.22229680959674,-17.70530482476012],[-64.2210714940402,-17.706079050831804],[-64.21970743905358,-17.706689851756465],[-64.21835318190533,-17.70723081826928],[-64.21701220235998,-17.707737606768358],[-64.2157756818915,-17.708182064740466],[-64.21432048709529,-17.708681027271165],[-64.21268097781642,-17.709239041266457],[-64.21169184267514,-17.709564824046655],[-64.21013356793156,-17.71009936255703],[-64.20912536967704,-17.710443127533715],[-64.20748765984717,-17.711018376430776],[-64.20634777101567,-17.71142022234851],[-64.20499369243602,-17.71190504321576],[-64.20358654658575,-17.712417519905184],[-64.20223469951407,-17.712921329923766],[-64.20090813550807,-17.71343372551133]]}}]}
