{"type":"FeatureCollection","name":"streets_major","crs":{"type":"name","properties":{"name":"urn:ogc:def:crs:OGC:1.3:CRS84"}},"features":[{"type":"Feature","properties":{"id":null,"group":null,"name":"Avenida Joaquim Morais","settlement_id":"settlement_seshai","country_id":"country_barrel","district_id":null,"status":null,"surface":null,"access":null,"bridge":null,"tunnel":null,"oneway":null,"route_id":null,"alt_name":null,"notes":null},"geometry":{"type":"LineString","coordinates":[[23.902634229509488,-11.001695719826923],[23.902659965392257,-11.001720375745844],[23.902688279595505,-11.001751352445059],[23.902716871093208,-11.001788462096894],[23.902756778388262,-11.001845547802645],[23.902796918415465,-11.001912613279732],[23.903056803545187,-11.002431639839113],[23.903734438075155,-11.003716196592936],[23.904328865257266,-11.004807396714448],[23.90439601623374,-11.004939399920307],[23.90481727798491,-11.005809696299135],[23.905133920350607,-11.006413215853293],[23.905937227524124,-11.00796122673341],[23.90618945561942,-11.008451871083164],[23.906558843540186,-11.009172471918571],[23.90686650310822,-11.009772741957963],[23.90712380968936,-11.010274695993019],[23.90740939213754,-11.010841903957779],[23.908207607438193,-11.012361359578655],[23.908247143342685,-11.012448710149666],[23.90827568888704,-11.012511778381747],[23.908300475232206,-11.012583844303602],[23.908324854176467,-11.01265472531006],[23.90835772701001,-11.012743683203556]]}},{"type":"Feature","properties":{"id":null,"group":null,"name":null,"settlement_id":"settlement_seshai","country_id":"country_barrel","district_id":null,"status":null,"surface":null,"access":null,"bridge":null,"tunnel":null,"oneway":null,"route_id":null,"alt_name":null,"notes":null},"geometry":{"type":"LineString","coordinates":[[23.90276792031307,-11.0014734628157],[23.902745525259096,-11.001447649804309],[23.90272403632096,-11.0014320323289],[23.902700265057497,-11.001420896035373],[23.90268777773178,-11.001418572956311],[23.9026597300816,-11.00141350646646],[23.9026189256565,-11.00141905433922],[23.9025813228315,-11.00143681039599],[23.902550346132283,-11.001465124599239],[23.90252883039772,-11.001501638201727],[23.902518758491592,-11.001543036350316],[23.902521449244333,-11.00158812293202],[23.902538628773204,-11.00163151087721],[23.902568706495117,-11.00166643852592],[23.90259952236882,-11.001685668240636],[23.902634229509488,-11.001695719826923],[23.90267998578037,-11.001694461385743],[23.902723092850646,-11.001677741323167],[23.9027584985523,-11.001647237613714],[23.902782361722448,-11.001606456746746],[23.90279093077904,-11.001572715062299],[23.90279109228889,-11.001557426376468],[23.90279128346892,-11.00153778118748],[23.902783510992045,-11.001504104955462],[23.90276792031307,-11.0014734628157]]}},{"type":"Feature","properties":{"id":null,"group":null,"name":"Estrada do Bairro 5 de Abril","settlement_id":"settlement_seshai","country_id":"country_barrel","district_id":null,"status":null,"surface":null,"access":null,"bridge":null,"tunnel":null,"oneway":null,"route_id":null,"alt_name":null,"notes":null},"geometry":{"type":"LineString","coordinates":[[23.895994375509467,-10.99375794851764],[23.896043278919908,-10.993656908988509],[23.89616155036093,-10.993412559144556],[23.896326285505577,-10.993193848806168],[23.896495562198968,-10.993017090635004],[23.89691636342847,-10.99260988451367],[23.89710997222272,-10.992400336727254],[23.897463001682947,-10.992060131406586],[23.897712601897254,-10.991786654199096],[23.898463209458217,-10.990999190212978],[23.89878985943621,-10.990635132577605],[23.89903941693547,-10.99036489391538],[23.89972128070267,-10.989596390172398],[23.900038421801355,-10.989245324119455],[23.90054107077001,-10.98868881211212],[23.900960286159794,-10.988235388406334],[23.901313772326628,-10.987853065257863],[23.9020396758259,-10.987101776392151],[23.902972867886,-10.98605917597062],[23.90327708873861,-10.985729245367558],[23.90398272030286,-10.984983846209037],[23.904945873958095,-10.983938624181707],[23.905012334171918,-10.983865010528223],[23.905971696654294,-10.982812247479195],[23.906938406788925,-10.981759819103672],[23.907859957363968,-10.980777419394986],[23.90878119036942,-10.979731774139811],[23.909740599831636,-10.978701435358726],[23.910016118807274,-10.978392394998792],[23.91050480784114,-10.977863739233495],[23.910884008316295,-10.977453628419646],[23.911076484260537,-10.977243583993658],[23.91143156447688,-10.976856054214206],[23.911883979208678,-10.97636242051352],[23.913698121849347,-10.974421814994795],[23.914038966569645,-10.974050024359297],[23.914225207391798,-10.973846832907302],[23.9152398710571,-10.972724647389523],[23.915384929130777,-10.972581205257416]]}},{"type":"Feature","properties":{"id":null,"group":null,"name":null,"settlement_id":"settlement_seshai","country_id":"country_barrel","district_id":null,"status":null,"surface":null,"access":null,"bridge":null,"tunnel":null,"oneway":null,"route_id":null,"alt_name":null,"notes":null},"geometry":{"type":"LineString","coordinates":[[23.89906986266891,-11.003449512792415],[23.89923756503998,-11.003331013109982],[23.89970014360914,-11.003095928875378],[23.900852094995702,-11.002510498014388],[23.901154965569738,-11.002365348624519],[23.90214750091965,-11.001865743501266],[23.902432084269716,-11.001722560692013],[23.902568706495117,-11.00166643852592]]}},{"type":"Feature","properties":{"id":null,"group":null,"name":"Rua do Arquivo Hist\u00f3rico","settlement_id":"settlement_seshai","country_id":"country_barrel","district_id":null,"status":null,"surface":null,"access":null,"bridge":null,"tunnel":null,"oneway":null,"route_id":null,"alt_name":null,"notes":null},"geometry":{"type":"LineString","coordinates":[[23.89425127151157,-10.996353080759459],[23.894030728623804,-10.996613132551712],[23.893723289067175,-10.997001448169502],[23.8932375613758,-10.997616011795039],[23.89303941126091,-10.997794359158267],[23.892756266106346,-10.997951175074054],[23.892173895981742,-10.998238240394091],[23.89202386795424,-10.998312981219375],[23.891322448348607,-10.998645864888001],[23.890507956132442,-10.99903237760422],[23.88943817329292,-10.999509028090703],[23.88805319301461,-11.000151455579758]]}},{"type":"Feature","properties":{"id":null,"group":null,"name":"Avenida Joaquim Morais","settlement_id":"settlement_seshai","country_id":"country_barrel","district_id":null,"status":null,"surface":null,"access":null,"bridge":null,"tunnel":null,"oneway":null,"route_id":null,"alt_name":null,"notes":null},"geometry":{"type":"LineString","coordinates":[[23.9026189256565,-11.00141905433922],[23.901954986131734,-11.000946345118393],[23.901571167386333,-11.000679328675677],[23.901510123364428,-11.000636810357399],[23.899503983864,-10.999240898929397],[23.898515645896044,-10.998553254718264],[23.897957865824317,-10.998165007681468],[23.896586246960492,-10.997222711521868],[23.89624088958345,-10.996985453156103],[23.895861855176005,-10.996718336163067],[23.895598324010592,-10.996544570876377],[23.895381317622384,-10.996381747943484],[23.895183841550985,-10.996240701528343],[23.895142366752367,-10.99621256185742],[23.895053328650764,-10.996147337119293],[23.894718672685578,-10.99590499842044]]}},{"type":"Feature","properties":{"id":null,"group":null,"name":null,"settlement_id":"settlement_seshai","country_id":"country_barrel","district_id":null,"status":null,"surface":null,"access":null,"bridge":null,"tunnel":null,"oneway":null,"route_id":null,"alt_name":null,"notes":null},"geometry":{"type":"LineString","coordinates":[[23.89465151911038,-10.996001214933255],[23.894671364943793,-10.995989471301097],[23.89469478018741,-10.995966263406615],[23.894710946253728,-10.995937361705977],[23.894718672685578,-10.99590499842044],[23.894718800602607,-10.995884531040605],[23.894715639756242,-10.995864316712758],[23.894699933634822,-10.995828380550613],[23.89467348523376,-10.995800154993379],[23.894639326684008,-10.995782690644585],[23.89460134763338,-10.995778169393294],[23.894569384587825,-10.995784812714678],[23.894540550529033,-10.99580050752444],[23.8945170683279,-10.995824109774968],[23.894501032482093,-10.995853439310409],[23.89449363344878,-10.995886263909508],[23.894495829181086,-10.995921123323726],[23.89450796185562,-10.995953612679038],[23.894530200713422,-10.995982137811879],[23.89455989678198,-10.996001988844906],[23.89459434348163,-10.996011184761581],[23.894629844648048,-10.996008793698504],[23.89465151911038,-10.996001214933255]]}},{"type":"Feature","properties":{"id":null,"group":null,"name":"Avenida 5 de Abril","settlement_id":"settlement_seshai","country_id":"country_barrel","district_id":null,"status":null,"surface":null,"access":null,"bridge":null,"tunnel":null,"oneway":null,"route_id":null,"alt_name":null,"notes":null},"geometry":{"type":"LineString","coordinates":[[23.896014590561354,-10.997208316685192],[23.896154281317134,-10.99746806506873],[23.896527848632374,-10.99825784156938],[23.89698111450262,-10.999216238324841],[23.897333037846483,-10.999960245965962],[23.897731631057788,-11.000802755705902],[23.8979290404467,-11.001220190770514],[23.89814825750626,-11.001683625351436],[23.898167042282257,-11.001723532896985],[23.89846927471126,-11.002362338195063],[23.898502647536727,-11.00243281907559],[23.898574668851527,-11.002585124000706],[23.89876409034108,-11.002985683833067]]}},{"type":"Feature","properties":{"id":null,"group":null,"name":"Avenida 5 de Abril","settlement_id":"settlement_seshai","country_id":"country_barrel","district_id":null,"status":null,"surface":null,"access":null,"bridge":null,"tunnel":null,"oneway":null,"route_id":null,"alt_name":null,"notes":null},"geometry":{"type":"LineString","coordinates":[[23.899198219657904,-11.003982113893972],[23.899269080299767,-11.00413767040921],[23.899453769630814,-11.00454280262343],[23.900092955222252,-11.005945084349651],[23.900493394486187,-11.006823915599607],[23.900934221629697,-11.00779105352645],[23.901365805192366,-11.008737958652873],[23.90161942794735,-11.009294465776055],[23.901696870152694,-11.009464427256493],[23.90183444862257,-11.009764693762492],[23.902033487957283,-11.010202996104756],[23.90212593865788,-11.010405833793467],[23.902396549077377,-11.010993118818693],[23.90246605914327,-11.011144084479486],[23.90255700503302,-11.011349811033774],[23.902625990636405,-11.01150565777428],[23.902744116488364,-11.01176397614974],[23.903003721769675,-11.01233184502361],[23.903340046110706,-11.013091258868378],[23.903556576409454,-11.013697762388343]]}},{"type":"Feature","properties":{"id":null,"group":null,"name":null,"settlement_id":"settlement_seshai","country_id":"country_barrel","district_id":null,"status":null,"surface":null,"access":null,"bridge":null,"tunnel":null,"oneway":null,"route_id":null,"alt_name":null,"notes":null},"geometry":{"type":"LineString","coordinates":[[23.901682983257878,-11.012759597140448],[23.9016470169917,-11.012671534051147],[23.90135589189274,-11.01195894699909],[23.901257021708783,-11.011753295019464],[23.90122892269992,-11.011694765576443],[23.9009083782342,-11.01102820330966],[23.900807923122972,-11.01081934072175],[23.900483474003263,-11.010144711009453],[23.900459034099487,-11.010093903026775],[23.90037950674683,-11.009928456206982],[23.900111534672508,-11.009371034187872],[23.899709401515448,-11.008438258237287]]}},{"type":"Feature","properties":{"id":null,"group":null,"name":"Avenida Joaquim Morais","settlement_id":"settlement_seshai","country_id":"country_barrel","district_id":null,"status":null,"surface":null,"access":null,"bridge":null,"tunnel":null,"oneway":null,"route_id":null,"alt_name":null,"notes":null},"geometry":{"type":"LineString","coordinates":[[23.908581746649826,-11.012751695754684],[23.908531433253735,-11.01267823711208],[23.908431357127835,-11.012534050534946],[23.908307465540712,-11.012312079873286],[23.907815936620676,-11.011377717239839],[23.90749906925403,-11.010777912436634],[23.907331524924228,-11.010454604723222],[23.907066258494766,-11.009942778970252],[23.906785498128077,-11.009400936090355],[23.906313697273156,-11.008515262813521],[23.905992564489285,-11.007912502301277],[23.905540239354192,-11.007017862623993],[23.90488149176969,-11.00576663773617],[23.90458397740545,-11.005160381475939],[23.904213878927717,-11.004440978600783],[23.90351402227932,-11.00312779812511],[23.90296209261706,-11.002047363727325],[23.90286869365584,-11.001864448408003],[23.902837828156656,-11.001785771594644],[23.90281422846009,-11.00170731412641],[23.90280475538539,-11.001654381519675],[23.90279093077904,-11.001572715062299]]}},{"type":"Feature","properties":{"id":null,"group":null,"name":"Avenida Pereira da Cruz","settlement_id":"settlement_seshai","country_id":"country_barrel","district_id":null,"status":null,"surface":null,"access":null,"bridge":null,"tunnel":null,"oneway":null,"route_id":null,"alt_name":null,"notes":null},"geometry":{"type":"LineString","coordinates":[[23.89303941126091,-10.997794359158267],[23.89330377884951,-10.998288180409428],[23.89359011951884,-10.998908869914008],[23.89388367634293,-10.999556953890838],[23.894150491895058,-11.00013791444125],[23.894315918283127,-11.000498189225457],[23.894681705048132,-11.001224467355758],[23.894730793345364,-11.001333218903216],[23.894750568048153,-11.001388204911702],[23.894900311872934,-11.00168313249085],[23.895107896820157,-11.002122480063605],[23.895323382389403,-11.00258578823259],[23.895545159182806,-11.003056250456265],[23.89589119120032,-11.00379134617986],[23.896334854573745,-11.004734013597929],[23.89666708114182,-11.005413615361803],[23.8971432997792,-11.006381995126883],[23.897531817640353,-11.007191249080574],[23.89772146967263,-11.00758626934164],[23.897869692175302,-11.007894936119413],[23.898022701091293,-11.00821364581746],[23.89841862754184,-11.009089783646662],[23.89914157776044,-11.010561466289566],[23.899222185783653,-11.010722937917393]]}},{"type":"Feature","properties":{"id":null,"group":null,"name":"Rua Gerrilheiro Faria","settlement_id":"settlement_seshai","country_id":"country_barrel","district_id":null,"status":null,"surface":null,"access":null,"bridge":null,"tunnel":null,"oneway":null,"route_id":null,"alt_name":null,"notes":null},"geometry":{"type":"LineString","coordinates":[[23.89888906526969,-11.012974038380097],[23.898112796342854,-11.01128709318738],[23.89803382531231,-11.011127928127344],[23.897320229281938,-11.009629230133942],[23.897287769847296,-11.009561135823585],[23.89689498045687,-11.0087238716211],[23.896759669876428,-11.008440117736864],[23.89641297232046,-11.007723876642896],[23.896335440876445,-11.007556232927865],[23.895588495464686,-11.005952267138998],[23.895269708405575,-11.005264601281954],[23.894741582002816,-11.004125219663397],[23.894255135855786,-11.00314120730268],[23.893687703749098,-11.00189280792576],[23.89325866397928,-11.000990660135255],[23.892842080017733,-11.000095800200409],[23.89202386795424,-10.998312981219375]]}},{"type":"Feature","properties":{"id":null,"group":null,"name":null,"settlement_id":"settlement_seshai","country_id":"country_barrel","district_id":null,"status":null,"surface":null,"access":null,"bridge":null,"tunnel":null,"oneway":null,"route_id":null,"alt_name":null,"notes":null},"geometry":{"type":"LineString","coordinates":[[23.900596412674968,-11.019121477370252],[23.900613145760026,-11.019252324624194],[23.900681798103317,-11.019306785029631],[23.900681798103317,-11.019306785029631],[23.900743509853104,-11.019345968060897],[23.90156718647289,-11.019697506573745],[23.901662606200247,-11.01973470409558],[23.90169668486168,-11.019756820714559],[23.9017634845617,-11.019815023807919],[23.901919074944786,-11.02002533615347],[23.901966807124268,-11.020131321666828],[23.90223996505351,-11.020675525255289],[23.902567919320642,-11.022079837442327],[23.90284328956493,-11.023265157436487],[23.902982406827544,-11.023849083936355],[23.90310646551321,-11.024319183641214],[23.903234895685824,-11.024881820798509],[23.903336120855375,-11.025351390841262],[23.903500432890556,-11.026056951026565],[23.903874532495507,-11.027824513069486]]}},{"type":"Feature","properties":{"id":null,"group":null,"name":"Rua Eurico Gon\u00e7alves","settlement_id":"settlement_seshai","country_id":"country_barrel","district_id":null,"status":null,"surface":null,"access":null,"bridge":null,"tunnel":null,"oneway":null,"route_id":null,"alt_name":null,"notes":null},"geometry":{"type":"LineString","coordinates":[[23.89026061836468,-10.99626015911921],[23.890966971535544,-10.997875591816047],[23.891025007646586,-10.998004525945799],[23.89117039184398,-10.998327519761762],[23.891322448348607,-10.998645864888001],[23.89213162381585,-11.000432322540231],[23.89253356488044,-11.001341736703633],[23.89293247230899,-11.002264836153014],[23.893514763647566,-11.003524887277774],[23.893627001753643,-11.003767701316796],[23.893972436923427,-11.004515273168508],[23.89449054072576,-11.005652750192457],[23.89479370442552,-11.006347602191912],[23.895184908410084,-11.007246774523818],[23.89549635392898,-11.007959160247115],[23.895573578750525,-11.00814115512874],[23.89591312952677,-11.008855878481057],[23.896395384808855,-11.009931481652725],[23.896858059099767,-11.0109641005856],[23.897144686185786,-11.01158250580352],[23.897213110153398,-11.011744647348657],[23.898169346994155,-11.013821519880704],[23.8982136117048,-11.013921642232813],[23.89858226352676,-11.014754706698604],[23.89887809204885,-11.015423462622326],[23.898893270013254,-11.015465496411078]]}},{"type":"Feature","properties":{"id":null,"group":null,"name":null,"settlement_id":"settlement_seshai","country_id":"country_barrel","district_id":null,"status":null,"surface":null,"access":null,"bridge":null,"tunnel":null,"oneway":null,"route_id":null,"alt_name":null,"notes":null},"geometry":{"type":"LineString","coordinates":[[23.89928824910046,-11.013335154579195],[23.899227034332416,-11.013310966313988],[23.899161537863993,-11.013305424416846],[23.899093052549944,-11.013320472731014],[23.89903170696874,-11.013355599496688],[23.89898288622869,-11.013407763232571],[23.89895280305668,-11.013466658502008],[23.898943178370384,-11.013544850671778],[23.89894279254392,-11.013596109340678],[23.898962762691525,-11.013657112973394],[23.898997667922654,-11.013710205014608],[23.89904964741132,-11.013754734361758],[23.899111889051323,-11.013781835620957],[23.89917920479832,-11.013789207880219],[23.89924126704855,-11.013777937694048],[23.89929844787691,-11.01375001542931],[23.899346450348734,-11.013707450153568],[23.89938267212918,-11.013651828641354],[23.899402987485953,-11.01358833339524],[23.899404088840893,-11.013507172585623],[23.89937926705566,-11.013430536243217],[23.89934032152231,-11.01337614961405],[23.89928824910046,-11.013335154579195]]}},{"type":"Feature","properties":{"id":null,"group":null,"name":"Avenida Joaquim Morais","settlement_id":"settlement_seshai","country_id":"country_barrel","district_id":null,"status":null,"surface":null,"access":null,"bridge":null,"tunnel":null,"oneway":null,"route_id":null,"alt_name":null,"notes":null},"geometry":{"type":"LineString","coordinates":[[23.89465151911038,-10.996001214933255],[23.89500020057683,-10.996237414795555],[23.895480918455046,-10.996568759210884],[23.895489168414574,-10.996575130095255],[23.895774084729492,-10.99678244855438],[23.895894801991545,-10.996874961216445],[23.89652141103664,-10.997313641401323],[23.89721738102069,-10.997800816432807],[23.89831891151215,-10.99856316240177],[23.898421560553185,-10.998634248225773],[23.89920968827525,-10.999193364978982],[23.899986316294914,-10.99974434190143],[23.90061527843142,-11.000182305873505],[23.90182294447561,-11.001042397453343],[23.90248386283892,-11.00150303055793],[23.902518758491592,-11.001543036350316]]}},{"type":"Feature","properties":{"id":null,"group":null,"name":null,"settlement_id":"settlement_seshai","country_id":"country_barrel","district_id":null,"status":null,"surface":null,"access":null,"bridge":null,"tunnel":null,"oneway":null,"route_id":null,"alt_name":null,"notes":null},"geometry":{"type":"LineString","coordinates":[[23.897284011136822,-11.016168942015671],[23.897363539697157,-11.016128280878316],[23.897490861190764,-11.016076158260706],[23.897943331478903,-11.015921517003765],[23.898134367107527,-11.015860940452217],[23.89829140095285,-11.01580706679054],[23.898941917658938,-11.015584011965206],[23.89988221556599,-11.015243913235448],[23.899988000548976,-11.01521349174017],[23.901229896222294,-11.014882101476882],[23.902616502684754,-11.014521624489735],[23.902897247859745,-11.01443509861662],[23.903330105502846,-11.014323684251242],[23.903629017487862,-11.014258601955557]]}},{"type":"Feature","properties":{"id":null,"group":null,"name":null,"settlement_id":"settlement_seshai","country_id":"country_barrel","district_id":null,"status":null,"surface":null,"access":null,"bridge":null,"tunnel":null,"oneway":null,"route_id":null,"alt_name":null,"notes":null},"geometry":{"type":"LineString","coordinates":[[23.890812102149784,-10.992106465948694],[23.890457508303733,-10.99113206039435],[23.890277455004462,-10.990575365693974],[23.8901067559158,-10.989905033417319],[23.890049403815787,-10.989751161923461],[23.889951389643603,-10.989561377118871],[23.889713737192494,-10.989305687829923],[23.889654233079337,-10.989248723450554],[23.889624500886377,-10.989192046764853],[23.889556315192685,-10.98903806017071],[23.889530744901194,-10.98883978218355],[23.88952879298458,-10.988811252899968],[23.889510082302483,-10.98840590138538],[23.88949986229375,-10.987954724567022],[23.889505853186517,-10.987308306521793],[23.889492506176886,-10.987204710588795],[23.88946889284064,-10.986746391027406],[23.889471809596277,-10.986484280931197],[23.889472106228826,-10.98626209557612],[23.889472476523597,-10.98600482753908],[23.88947225603793,-10.985958334621493],[23.88946171711549,-10.985731266567566],[23.889468309646297,-10.985298159019102],[23.88946775346062,-10.985210630905573],[23.88945799378371,-10.984537499388924],[23.889446316035652,-10.9842036338019]]}},{"type":"Feature","properties":{"id":null,"group":null,"name":null,"settlement_id":"settlement_seshai","country_id":"country_barrel","district_id":null,"status":null,"surface":null,"access":null,"bridge":null,"tunnel":null,"oneway":null,"route_id":null,"alt_name":null,"notes":null},"geometry":{"type":"LineString","coordinates":[[23.891404763298947,-10.982817000462877],[23.891456785276716,-10.983286026521668],[23.891497285065203,-10.983651462189243],[23.891553772283864,-10.984160500266523],[23.89160059225999,-10.984583100479302],[23.89165192584788,-10.985046025216977],[23.891692468579524,-10.985418974083327],[23.891745422876927,-10.985905807465901],[23.891788334048325,-10.98630005329196],[23.891842925908666,-10.98681607260244],[23.89187490387088,-10.987161803740658],[23.891908643960726,-10.987533597589902],[23.891972267993726,-10.988188183995529],[23.892002786004813,-10.988722329248244],[23.892034420444148,-10.988921332570445],[23.892057309881146,-10.989190360066573],[23.892071288928097,-10.98936192077375],[23.892126029937753,-10.989893788672628],[23.892190068212795,-10.990433625313965],[23.892215114225138,-10.990820780576453],[23.892222829414628,-10.990959935511146],[23.892219886614022,-10.991046565240023],[23.892216888053504,-10.99113531555627],[23.89226056063742,-10.991295080337789],[23.89229595730852,-10.991364991965405],[23.89240210218922,-10.991551694306846],[23.892569529936026,-10.991815949277662],[23.89277015041182,-10.992166680677297],[23.892923948632557,-10.99242578142469],[23.893625084428887,-10.993620910327824],[23.893255677219113,-10.993832357350424],[23.892932616901856,-10.993999639391951],[23.892746093265856,-10.99411190048589]]}},{"type":"Feature","properties":{"id":null,"group":null,"name":null,"settlement_id":"settlement_seshai","country_id":"country_barrel","district_id":null,"status":null,"surface":null,"access":null,"bridge":null,"tunnel":null,"oneway":null,"route_id":null,"alt_name":null,"notes":null},"geometry":{"type":"LineString","coordinates":[[23.892173895981742,-10.998238240394091],[23.892024999981317,-10.997923981979639],[23.891822004155326,-10.99748926797638],[23.89173952237062,-10.997300598940253],[23.89158258478628,-10.996981729351514],[23.891057593254224,-10.995865702017056],[23.890463617031212,-10.994636834918264],[23.890013932567154,-10.993706331235956],[23.889650343039552,-10.992998176630362]]}},{"type":"Feature","properties":{"id":null,"group":null,"name":"Rua Gerrilheiro Faria","settlement_id":"settlement_seshai","country_id":"country_barrel","district_id":null,"status":null,"surface":null,"access":null,"bridge":null,"tunnel":null,"oneway":null,"route_id":null,"alt_name":null,"notes":null},"geometry":{"type":"LineString","coordinates":[[23.899881595204878,-11.0151125559549],[23.899464177626772,-11.014205281307682],[23.899412914715455,-11.014092610442223]]}},{"type":"Feature","properties":{"id":null,"group":null,"name":null,"settlement_id":"settlement_seshai","country_id":"country_barrel","district_id":null,"status":null,"surface":null,"access":null,"bridge":null,"tunnel":null,"oneway":null,"route_id":null,"alt_name":null,"notes":null},"geometry":{"type":"LineString","coordinates":[[23.889721108306162,-10.992779131596087],[23.890812102149784,-10.992106465948694],[23.892058724231926,-10.991236467153119],[23.892216888053504,-10.99113531555627],[23.892973091951948,-10.99091945360042],[23.893098860491943,-10.990880659086027],[23.893637796011305,-10.990691098868759],[23.894177488611263,-10.990501261471092],[23.89468293606844,-10.990333300320739],[23.895251411232078,-10.990155551513904],[23.895706003726747,-10.98998960599938],[23.89620293905017,-10.989820402440511],[23.896681261712402,-10.989657471747282],[23.89689064390537,-10.98958621560882],[23.89721308785343,-10.989475731807492],[23.897372709483633,-10.989435889302904],[23.897484893059865,-10.989388093746374],[23.897703414246674,-10.989317375001214],[23.897830866188894,-10.989276431962455],[23.898290235974645,-10.989128946607465],[23.89874581285434,-10.988979904376233],[23.899166584460577,-10.988842297307425],[23.89926218118255,-10.988804972962178],[23.899461989614057,-10.988757246232797],[23.89957572427426,-10.98878335307229],[23.899642382214004,-10.988823274483455],[23.89972208852259,-10.988918967034738],[23.900038421801355,-10.989245324119455],[23.900386051082133,-10.989600628401934],[23.90077468796403,-10.989970096958142],[23.901099001410966,-10.990299634752848],[23.901435939336945,-10.990607986879539],[23.90177646744919,-10.99091968722406],[23.90210434868718,-10.991249120773922],[23.902468974298486,-10.991605282231095],[23.902690368228694,-10.99182828879528],[23.902922415542037,-10.992062030136015],[23.903375426191083,-10.992476509558724],[23.903744848158713,-10.992785305575271],[23.90405676744122,-10.993119737722647],[23.904360396580735,-10.993482684489596],[23.90464329801345,-10.993850023541928],[23.90467361216203,-10.993893714415076],[23.904913943712046,-10.994171260566304],[23.904975325281217,-10.994254205807078],[23.905077508493417,-10.994375826698146],[23.905155021715327,-10.994473682665916],[23.905236394778445,-10.994659323379658],[23.90544534225072,-10.994877376592964],[23.905810502336827,-10.995349868933122],[23.90617228592596,-10.995808196201164],[23.907458799806843,-10.997333573523107],[23.90758592001861,-10.99752637303494],[23.907839636207754,-10.997927604882335],[23.907877529007525,-10.997987594345787],[23.908143354199016,-10.99844535071939],[23.908203662714772,-10.998540589802364]]}},{"type":"Feature","properties":{"id":null,"group":null,"name":null,"settlement_id":"settlement_seshai","country_id":"country_barrel","district_id":null,"status":null,"surface":null,"access":null,"bridge":null,"tunnel":null,"oneway":null,"route_id":null,"alt_name":null,"notes":null},"geometry":{"type":"LineString","coordinates":[[23.88812295609999,-10.993728404989735],[23.889519481029925,-10.992933153677217]]}},{"type":"Feature","properties":{"id":null,"group":null,"name":null,"settlement_id":"settlement_seshai","country_id":"country_barrel","district_id":null,"status":null,"surface":null,"access":null,"bridge":null,"tunnel":null,"oneway":null,"route_id":null,"alt_name":null,"notes":null},"geometry":{"type":"LineString","coordinates":[[23.892643375947735,-10.994680428104001],[23.89268452847813,-10.994511533701363],[23.892656876483354,-10.99439242430969],[23.892658874261635,-10.99430299691522],[23.89268462633589,-10.994214052659242],[23.892746093265856,-10.99411190048589]]}},{"type":"Feature","properties":{"id":null,"group":null,"name":null,"settlement_id":"settlement_seshai","country_id":"country_barrel","district_id":null,"status":null,"surface":null,"access":null,"bridge":null,"tunnel":null,"oneway":null,"route_id":null,"alt_name":null,"notes":null},"geometry":{"type":"LineString","coordinates":[[23.889542910458953,-10.99296482246083],[23.88957457091871,-10.992987441375213],[23.88961157539089,-10.992998897336069],[23.889650343039552,-10.992998176630362],[23.889681774005467,-10.992988095738436],[23.88971127763939,-10.992968457368207],[23.889734655595678,-10.992941287326627],[23.889749846855434,-10.992908568591517],[23.889755889770996,-10.992872977958317],[23.889752151940517,-10.992837045262569],[23.889740294599118,-10.992805921261304],[23.889721108306162,-10.992779131596087],[23.889695820806143,-10.992758406192763],[23.88965992863602,-10.99274338613537],[23.889621172070903,-10.992740457200387],[23.88958324912235,-10.992749942977781],[23.889547355903357,-10.99277316229798],[23.889520767452844,-10.99280729313886],[23.889506372522323,-10.992848464439245],[23.88950597723146,-10.992892012731346],[23.889519481029925,-10.992933153677217],[23.889542910458953,-10.99296482246083]]}},{"type":"Feature","properties":{"id":null,"group":null,"name":null,"settlement_id":"settlement_seshai","country_id":"country_barrel","district_id":null,"status":null,"surface":null,"access":null,"bridge":null,"tunnel":null,"oneway":null,"route_id":null,"alt_name":null,"notes":null},"geometry":{"type":"LineString","coordinates":[[23.90062577447932,-11.018904936994236],[23.901933443233347,-11.018991453349532],[23.903197089336853,-11.019076783854612],[23.904811319470806,-11.0192049036994]]}},{"type":"Feature","properties":{"id":null,"group":null,"name":"Avenida Eduardo Mondlane","settlement_id":"settlement_seshai","country_id":"country_barrel","district_id":null,"status":null,"surface":null,"access":null,"bridge":null,"tunnel":null,"oneway":null,"route_id":null,"alt_name":null,"notes":null},"geometry":{"type":"LineString","coordinates":[[23.897131155840665,-11.015989117689063],[23.897098721355203,-11.015869500574265],[23.897073497824884,-11.015795230368138],[23.89691399188545,-11.015326009412423],[23.89681581750278,-11.015037403434334],[23.896695559888222,-11.014690680841849],[23.896530177127644,-11.014370174488551],[23.89597049786448,-11.013632884584656],[23.895624672422255,-11.013165399393966],[23.895466564678205,-11.012928693244337],[23.89527429368577,-11.012540734218842]]}},{"type":"Feature","properties":{"id":null,"group":null,"name":"Avenida Praia Azul","settlement_id":"settlement_seshai","country_id":"country_barrel","district_id":null,"status":null,"surface":null,"access":null,"bridge":null,"tunnel":null,"oneway":null,"route_id":null,"alt_name":null,"notes":null},"geometry":{"type":"LineString","coordinates":[[23.89612422578835,-11.01654064585674],[23.89628164644404,-11.017095627826862],[23.89655490250825,-11.018056831667561],[23.896730325111772,-11.018665890063918],[23.89682575619771,-11.018975432238484],[23.89689079627932,-11.01912584180528],[23.89689889841345,-11.019354119017073],[23.89689696871086,-11.019583533001498],[23.89688778463135,-11.019825205616169],[23.896865620828972,-11.020177973040777],[23.896854597515606,-11.020354011691541],[23.896792766771796,-11.021544965833865],[23.89678418763577,-11.021717362232973],[23.89675377588209,-11.022333768921154],[23.896749012183765,-11.022429928305403],[23.896736587689368,-11.022758788704255],[23.896700944494132,-11.02378236479456],[23.89667779509904,-11.02432433689302],[23.89665758884673,-11.024795806878664],[23.89664664008564,-11.025066392049418],[23.89663845619572,-11.025368484607991],[23.896593486521137,-11.026409951947077],[23.89657808716079,-11.02671690526551]]}},{"type":"Feature","properties":{"id":null,"group":null,"name":"Avenida N'gola Kiluange","settlement_id":"settlement_seshai","country_id":"country_barrel","district_id":null,"status":null,"surface":null,"access":null,"bridge":null,"tunnel":null,"oneway":null,"route_id":null,"alt_name":null,"notes":null},"geometry":{"type":"LineString","coordinates":[[23.90161942794735,-11.009294465776055],[23.90037950674683,-11.009928456206982],[23.89914157776044,-11.010561466289566],[23.899053157716477,-11.010606703617352],[23.89803382531231,-11.011127928127344],[23.897964521958148,-11.011163326645697],[23.897144686185786,-11.01158250580352]]}},{"type":"Feature","properties":{"id":null,"group":null,"name":"Avenida N'gola Kiluange","settlement_id":"settlement_seshai","country_id":"country_barrel","district_id":null,"status":null,"surface":null,"access":null,"bridge":null,"tunnel":null,"oneway":null,"route_id":null,"alt_name":null,"notes":null},"geometry":{"type":"LineString","coordinates":[[23.897213110153398,-11.011744647348657],[23.8980475108957,-11.011320333831026],[23.898112796342854,-11.01128709318738],[23.899222185783653,-11.010722937917393],[23.900459034099487,-11.010093903026775],[23.901696870152694,-11.009464427256493]]}},{"type":"Feature","properties":{"id":null,"group":null,"name":"Avenida Hospital Sanat\u00f3rio","settlement_id":"settlement_seshai","country_id":"country_barrel","district_id":null,"status":null,"surface":null,"access":null,"bridge":null,"tunnel":null,"oneway":null,"route_id":null,"alt_name":null,"notes":null},"geometry":{"type":"LineString","coordinates":[[23.89871982885359,-11.013646396146076],[23.898169346994155,-11.013821519880704],[23.89734443772984,-11.014114062946998],[23.896530177127644,-11.014370174488551],[23.8965093118113,-11.01437657203292],[23.896155326882603,-11.014484642011428],[23.895547101988754,-11.014667103455313]]}},{"type":"Feature","properties":{"id":null,"group":null,"name":null,"settlement_id":"settlement_seshai","country_id":"country_barrel","district_id":null,"status":null,"surface":null,"access":null,"bridge":null,"tunnel":null,"oneway":null,"route_id":null,"alt_name":null,"notes":null},"geometry":{"type":"LineString","coordinates":[[23.897219250950553,-11.016234932683755],[23.89722831071803,-11.016358999805156],[23.89729102694673,-11.016836130368691],[23.897404250900337,-11.017690843254009],[23.89748193402741,-11.018344469517071],[23.897484527378605,-11.018708540628985]]}},{"type":"Feature","properties":{"id":null,"group":null,"name":null,"settlement_id":"settlement_seshai","country_id":"country_barrel","district_id":null,"status":null,"surface":null,"access":null,"bridge":null,"tunnel":null,"oneway":null,"route_id":null,"alt_name":null,"notes":null},"geometry":{"type":"LineString","coordinates":[[23.89698111450262,-10.999216238324841],[23.896365834348824,-10.99950238170209],[23.89578215821055,-10.999781009348983],[23.894315918283127,-11.000498189225457],[23.89325866397928,-11.000990660135255],[23.89253356488044,-11.001341736703633],[23.891731662387574,-11.001734748563425],[23.891155676306262,-11.002020057753843],[23.890780874409725,-11.002221460008915],[23.89069435168539,-11.002264483702085]]}},{"type":"Feature","properties":{"id":null,"group":null,"name":null,"settlement_id":"settlement_seshai","country_id":"country_barrel","district_id":null,"status":null,"surface":null,"access":null,"bridge":null,"tunnel":null,"oneway":null,"route_id":null,"alt_name":null,"notes":null},"geometry":{"type":"LineString","coordinates":[[23.899881595204878,-11.0151125559549],[23.89988221556599,-11.015243913235448],[23.900196062345792,-11.016735495284419],[23.90031870666913,-11.017438545133256],[23.900404414070458,-11.018070001799511],[23.90041308550226,-11.018127058405355],[23.90050241736699,-11.018799297215558],[23.90053148066915,-11.01889217269385]]}},{"type":"Feature","properties":{"id":null,"group":null,"name":null,"settlement_id":"settlement_seshai","country_id":"country_barrel","district_id":null,"status":null,"surface":null,"access":null,"bridge":null,"tunnel":null,"oneway":null,"route_id":null,"alt_name":null,"notes":null},"geometry":{"type":"LineString","coordinates":[[23.889731503937252,-11.00159577355268],[23.890265915810176,-11.001331299073605],[23.890736584676276,-11.001117266135761],[23.891331233636915,-11.000825388312673],[23.89213162381585,-11.000432322540231],[23.892842080017733,-11.000095800200409],[23.89388367634293,-10.999556953890838],[23.894332796930534,-10.999336016483884],[23.894757804534297,-10.999129851145511],[23.895328985843765,-10.998845957641329],[23.89593583548532,-10.998547935439916],[23.896527848632374,-10.99825784156938]]}},{"type":"Feature","properties":{"id":null,"group":null,"name":null,"settlement_id":"settlement_seshai","country_id":"country_barrel","district_id":null,"status":null,"surface":null,"access":null,"bridge":null,"tunnel":null,"oneway":null,"route_id":null,"alt_name":null,"notes":null},"geometry":{"type":"LineString","coordinates":[[23.899038486642148,-11.0035064642186],[23.899059617485065,-11.003477594035406],[23.89906986266891,-11.003449512792415],[23.899072261485564,-11.00341208625532],[23.899062852016026,-11.003376103455505],[23.899042724395255,-11.003345299577784],[23.899013857906578,-11.003322952187972],[23.89898301617126,-11.003312238301536],[23.898943017083575,-11.003312445628286],[23.89890558719413,-11.003327390974597],[23.898875516382656,-11.003355148969792],[23.898856893208194,-11.003391950836221],[23.898852401398976,-11.003414821639662],[23.898856770012166,-11.003459584517351],[23.898877578633783,-11.003498922809975],[23.898911508602126,-11.003526694328627],[23.898941397926084,-11.00353704364326],[23.898976264843387,-11.003537790689183],[23.89900980150455,-11.003527255872726],[23.899038486642148,-11.0035064642186]]}},{"type":"Feature","properties":{"id":null,"group":null,"name":"Rua Comandante Gika","settlement_id":"settlement_seshai","country_id":"country_barrel","district_id":null,"status":null,"surface":null,"access":null,"bridge":null,"tunnel":null,"oneway":null,"route_id":null,"alt_name":null,"notes":null},"geometry":{"type":"LineString","coordinates":[[23.898565763940447,-11.003622673070662],[23.897331852518903,-11.004237397662479],[23.897291859429213,-11.004257283656969],[23.896334854573745,-11.004734013597929],[23.895269708405575,-11.005264601281954],[23.89449054072576,-11.005652750192457],[23.893703832024233,-11.006044690275818],[23.893137851689918,-11.006326626777835],[23.89263284128145,-11.006578038566229],[23.89230678600652,-11.006740856279297]]}},{"type":"Feature","properties":{"id":null,"group":null,"name":null,"settlement_id":"settlement_seshai","country_id":"country_barrel","district_id":null,"status":null,"surface":null,"access":null,"bridge":null,"tunnel":null,"oneway":null,"route_id":null,"alt_name":null,"notes":null},"geometry":{"type":"LineString","coordinates":[[23.90062577447932,-11.018904936994236],[23.900616213465316,-11.018740212293562],[23.900528836299266,-11.018052279243875],[23.900478963029215,-11.017768932782921],[23.90038033227994,-11.017100085247758],[23.900318315616346,-11.016717404462458],[23.899988000548976,-11.01521349174017],[23.899881595204878,-11.0151125559549]]}},{"type":"Feature","properties":{"id":null,"group":null,"name":null,"settlement_id":"settlement_seshai","country_id":"country_barrel","district_id":null,"status":null,"surface":null,"access":null,"bridge":null,"tunnel":null,"oneway":null,"route_id":null,"alt_name":null,"notes":null},"geometry":{"type":"LineString","coordinates":[[23.90062577447932,-11.018904936994236],[23.90053148066915,-11.01889217269385],[23.899872972436317,-11.01883970215647],[23.89942737202036,-11.018832611366939],[23.898987444862602,-11.018814210664004],[23.898047739171776,-11.018748178061212],[23.897484527378605,-11.018708540628985],[23.89703232485122,-11.018682984138152],[23.896730325111772,-11.018665890063918],[23.895961395293902,-11.018768524147866],[23.895824245846303,-11.018787128690946],[23.89574224818183,-11.018796332658606],[23.895616813973177,-11.018811651904688]]}},{"type":"Feature","properties":{"id":null,"group":null,"name":null,"settlement_id":"settlement_seshai","country_id":"country_barrel","district_id":null,"status":null,"surface":null,"access":null,"bridge":null,"tunnel":null,"oneway":null,"route_id":null,"alt_name":null,"notes":null},"geometry":{"type":"LineString","coordinates":[[23.893390632492945,-11.009195824762575],[23.89373237993199,-11.009024818277595],[23.894266933337082,-11.008767873736677],[23.89482485557622,-11.008492176393428],[23.895573578750525,-11.00814115512874],[23.89641297232046,-11.007723876642896],[23.897531817640353,-11.007191249080574],[23.89840609844744,-11.006768026632717],[23.898445114997354,-11.006750307749225],[23.898506003073575,-11.006719667707205],[23.899470748432254,-11.006260075286786],[23.900092955222252,-11.005945084349651]]}},{"type":"Feature","properties":{"id":null,"group":null,"name":"Rua Kahumba","settlement_id":"settlement_seshai","country_id":"country_barrel","district_id":null,"status":null,"surface":null,"access":null,"bridge":null,"tunnel":null,"oneway":null,"route_id":null,"alt_name":null,"notes":null},"geometry":{"type":"LineString","coordinates":[[23.890736584676276,-11.001117266135761],[23.891155676306262,-11.002020057753843],[23.89156180960446,-11.002902391570544],[23.89215842497104,-11.004198752779605],[23.89259853692824,-11.005211920463225],[23.893137851689918,-11.006326626777835],[23.89345596905984,-11.007012860323318],[23.893870867657835,-11.007905101183955],[23.894022024158662,-11.008238305313963],[23.894266933337082,-11.008767873736677],[23.894604594524896,-11.009498505245876],[23.895069931996108,-11.010504088508416],[23.89556736131996,-11.011612190271688]]}},{"type":"Feature","properties":{"id":null,"group":null,"name":null,"settlement_id":"settlement_seshai","country_id":"country_barrel","district_id":null,"status":null,"surface":null,"access":null,"bridge":null,"tunnel":null,"oneway":null,"route_id":null,"alt_name":null,"notes":null},"geometry":{"type":"LineString","coordinates":[[23.900934221629697,-11.00779105352645],[23.900337337323567,-11.00810983679937],[23.899709401515448,-11.008438258237287],[23.89937773047543,-11.008604281130925],[23.899320810088085,-11.008633059065268],[23.89841862754184,-11.009089783646662],[23.897287769847296,-11.009561135823585],[23.897224692264874,-11.009587346863164],[23.896395384808855,-11.009931481652725],[23.8956272915506,-11.010272925347387],[23.895069931996108,-11.010504088508416],[23.894503824223357,-11.010741373652557],[23.894152954757956,-11.010922495899262]]}},{"type":"Feature","properties":{"id":null,"group":null,"name":null,"settlement_id":"settlement_seshai","country_id":"country_barrel","district_id":null,"status":null,"surface":null,"access":null,"bridge":null,"tunnel":null,"oneway":null,"route_id":null,"alt_name":null,"notes":null},"geometry":{"type":"LineString","coordinates":[[23.89908073619484,-11.007962105105758],[23.90002741495165,-11.007469725829782]]}},{"type":"Feature","properties":{"id":null,"group":null,"name":null,"settlement_id":"settlement_seshai","country_id":"country_barrel","district_id":null,"status":null,"surface":null,"access":null,"bridge":null,"tunnel":null,"oneway":null,"route_id":null,"alt_name":null,"notes":null},"geometry":{"type":"LineString","coordinates":[[23.895107896820157,-11.002122480063605],[23.89601699168077,-11.001663277597995],[23.896103088417558,-11.001619775851893],[23.896365772304343,-11.001487886558838],[23.897021493360306,-11.001158908342585],[23.897731631057788,-11.000802755705902],[23.89882364411147,-11.000297928853822],[23.899301920956795,-11.000079710387077]]}},{"type":"Feature","properties":{"id":null,"group":null,"name":null,"settlement_id":"settlement_seshai","country_id":"country_barrel","district_id":null,"status":null,"surface":null,"access":null,"bridge":null,"tunnel":null,"oneway":null,"route_id":null,"alt_name":null,"notes":null},"geometry":{"type":"LineString","coordinates":[[23.889435443323297,-10.99665104530607],[23.89026061836468,-10.99626015911921],[23.891057593254224,-10.995865702017056]]}},{"type":"Feature","properties":{"id":null,"group":null,"name":null,"settlement_id":"settlement_seshai","country_id":"country_barrel","district_id":null,"status":null,"surface":null,"access":null,"bridge":null,"tunnel":null,"oneway":null,"route_id":null,"alt_name":null,"notes":null},"geometry":{"type":"LineString","coordinates":[[23.894730793345364,-11.001333218903216],[23.895029636890158,-11.001198644627305],[23.895741127124932,-11.000851850443642],[23.89587317733301,-11.000720501509324]]}},{"type":"Feature","properties":{"id":null,"group":null,"name":null,"settlement_id":"settlement_seshai","country_id":"country_barrel","district_id":null,"status":null,"surface":null,"access":null,"bridge":null,"tunnel":null,"oneway":null,"route_id":null,"alt_name":null,"notes":null},"geometry":{"type":"LineString","coordinates":[[23.89646673167662,-11.002580908948882],[23.896556524463666,-11.002532963194167],[23.896815841317878,-11.002394619205798],[23.897432089709973,-11.002065734835163],[23.89814825750626,-11.001683625351436]]}},{"type":"Feature","properties":{"id":null,"group":null,"name":"Rua Comandante Cowboy","settlement_id":"settlement_seshai","country_id":"country_barrel","district_id":null,"status":null,"surface":null,"access":null,"bridge":null,"tunnel":null,"oneway":null,"route_id":null,"alt_name":null,"notes":null},"geometry":{"type":"LineString","coordinates":[[23.900337337323567,-11.00810983679937],[23.90002741495165,-11.007469725829782],[23.899784137680353,-11.0069657922833],[23.899470748432254,-11.006260075286786],[23.8986265270001,-11.004450626759333]]}},{"type":"Feature","properties":{"id":null,"group":null,"name":null,"settlement_id":"settlement_seshai","country_id":"country_barrel","district_id":null,"status":null,"surface":null,"access":null,"bridge":null,"tunnel":null,"oneway":null,"route_id":null,"alt_name":null,"notes":null},"geometry":{"type":"LineString","coordinates":[[23.899269080299767,-11.00413767040921],[23.8986265270001,-11.004450626759333],[23.8976753685665,-11.004923987820462]]}},{"type":"Feature","properties":{"id":null,"group":null,"name":null,"settlement_id":"settlement_seshai","country_id":"country_barrel","district_id":null,"status":null,"surface":null,"access":null,"bridge":null,"tunnel":null,"oneway":null,"route_id":null,"alt_name":null,"notes":null},"geometry":{"type":"LineString","coordinates":[[23.893029840197098,-11.008378599420787],[23.89336313495681,-11.008203013393025],[23.893810582997624,-11.007969823125695],[23.893870867657835,-11.007905101183955],[23.893985483757582,-11.007830433656348],[23.894423568031712,-11.007611172490702],[23.895184908410084,-11.007246774523818]]}},{"type":"Feature","properties":{"id":null,"group":null,"name":null,"settlement_id":"settlement_seshai","country_id":"country_barrel","district_id":null,"status":null,"surface":null,"access":null,"bridge":null,"tunnel":null,"oneway":null,"route_id":null,"alt_name":null,"notes":null},"geometry":{"type":"LineString","coordinates":[[23.89463989934706,-11.012078011588091],[23.894979985665028,-11.011907230218117],[23.89556736131996,-11.011612190271688],[23.896113244616135,-11.011338100364977],[23.896858059099767,-11.0109641005856]]}},{"type":"Feature","properties":{"id":null,"group":null,"name":null,"settlement_id":"settlement_seshai","country_id":"country_barrel","district_id":null,"status":null,"surface":null,"access":null,"bridge":null,"tunnel":null,"oneway":null,"route_id":null,"alt_name":null,"notes":null},"geometry":{"type":"LineString","coordinates":[[23.892942924684608,-11.007267979587677],[23.89345596905984,-11.007012860323318],[23.894013781512363,-11.006735420009367],[23.89479370442552,-11.006347602191912],[23.895588495464686,-11.005952267138998]]}},{"type":"Feature","properties":{"id":null,"group":null,"name":null,"settlement_id":"settlement_seshai","country_id":"country_barrel","district_id":null,"status":null,"surface":null,"access":null,"bridge":null,"tunnel":null,"oneway":null,"route_id":null,"alt_name":null,"notes":null},"geometry":{"type":"LineString","coordinates":[[23.89655490250825,-11.018056831667561],[23.897404250900337,-11.017690843254009],[23.898097438768524,-11.017421376448272],[23.898521569333965,-11.01726040193645],[23.89875835131286,-11.017169353078845],[23.900196062345792,-11.016735495284419],[23.900318315616346,-11.016717404462458]]}},{"type":"Feature","properties":{"id":null,"group":null,"name":null,"settlement_id":"settlement_seshai","country_id":"country_barrel","district_id":null,"status":null,"surface":null,"access":null,"bridge":null,"tunnel":null,"oneway":null,"route_id":null,"alt_name":null,"notes":null},"geometry":{"type":"LineString","coordinates":[[23.896139992493882,-11.000581604893352],[23.89612169892975,-11.000547765190174],[23.89578215821055,-10.999781009348983],[23.895328985843765,-10.998845957641329],[23.894911797030424,-10.998112372019857],[23.894568565872046,-10.997526855690527],[23.894030728623804,-10.996613132551712]]}},{"type":"Feature","properties":{"id":null,"group":null,"name":null,"settlement_id":"settlement_seshai","country_id":"country_barrel","district_id":null,"status":null,"surface":null,"access":null,"bridge":null,"tunnel":null,"oneway":null,"route_id":null,"alt_name":null,"notes":null},"geometry":{"type":"LineString","coordinates":[[23.891808710779724,-11.005612662905598],[23.892126345120875,-11.00545105261719],[23.89259853692824,-11.005211920463225],[23.893184110043983,-11.004914951565656],[23.893972436923427,-11.004515273168508],[23.894741582002816,-11.004125219663397]]}},{"type":"Feature","properties":{"id":null,"group":null,"name":"Rua Nzinga Mbandi","settlement_id":"settlement_seshai","country_id":"country_barrel","district_id":null,"status":null,"surface":null,"access":null,"bridge":null,"tunnel":null,"oneway":null,"route_id":null,"alt_name":null,"notes":null},"geometry":{"type":"LineString","coordinates":[[23.891361005621366,-11.004598814563305],[23.891673982264617,-11.00444432507894],[23.89215842497104,-11.004198752779605],[23.892733650277236,-11.003914937316488],[23.893514763647566,-11.003524887277774],[23.894255135855786,-11.00314120730268],[23.895323382389403,-11.00258578823259]]}},{"type":"Feature","properties":{"id":null,"group":null,"name":null,"settlement_id":"settlement_seshai","country_id":"country_barrel","district_id":null,"status":null,"surface":null,"access":null,"bridge":null,"tunnel":null,"oneway":null,"route_id":null,"alt_name":null,"notes":null},"geometry":{"type":"LineString","coordinates":[[23.89078460631584,-11.003293308362405],[23.89108593641086,-11.003135725673513],[23.89156180960446,-11.002902391570544],[23.89215004300437,-11.002617234653677],[23.89293247230899,-11.002264836153014],[23.893687703749098,-11.00189280792576],[23.894750568048153,-11.001388204911702]]}},{"type":"Feature","properties":{"id":null,"group":null,"name":"Rua da Identifica\u00e7\u00e3o","settlement_id":"settlement_seshai","country_id":"country_barrel","district_id":null,"status":null,"surface":null,"access":null,"bridge":null,"tunnel":null,"oneway":null,"route_id":null,"alt_name":null,"notes":null},"geometry":{"type":"LineString","coordinates":[[23.898747877294205,-11.007463653501016],[23.897869692175302,-11.007894936119413],[23.896759669876428,-11.008440117736864],[23.89591312952677,-11.008855878481057],[23.89515898810757,-11.009226266021127],[23.894604594524896,-11.009498505245876],[23.894064475686907,-11.009763735072344],[23.893720877337795,-11.009932500099776]]}},{"type":"Feature","properties":{"id":null,"group":null,"name":"Rua da Radio","settlement_id":"settlement_seshai","country_id":"country_barrel","district_id":null,"status":null,"surface":null,"access":null,"bridge":null,"tunnel":null,"oneway":null,"route_id":null,"alt_name":null,"notes":null},"geometry":{"type":"LineString","coordinates":[[23.89937773047543,-11.008604281130925],[23.89908073619484,-11.007962105105758],[23.89882538362806,-11.007412201599092],[23.898506003073575,-11.006719667707205],[23.8976753685665,-11.004923987820462],[23.897331852518903,-11.004237397662479]]}},{"type":"Feature","properties":{"id":null,"group":null,"name":null,"settlement_id":"settlement_seshai","country_id":"country_barrel","district_id":null,"status":null,"surface":null,"access":null,"bridge":null,"tunnel":null,"oneway":null,"route_id":null,"alt_name":null,"notes":null},"geometry":{"type":"LineString","coordinates":[[23.894808842380414,-10.995473098204954],[23.89469148991675,-10.99554476534717],[23.89460973629608,-10.995571051189511],[23.89450270879053,-10.995604608946525],[23.894361587731428,-10.995615540400127],[23.894178262501985,-10.995589485261487]]}},{"type":"Feature","properties":{"id":null,"group":null,"name":null,"settlement_id":"settlement_seshai","country_id":"country_barrel","district_id":null,"status":null,"surface":null,"access":null,"bridge":null,"tunnel":null,"oneway":null,"route_id":null,"alt_name":null,"notes":null},"geometry":{"type":"LineString","coordinates":[[23.8941431131823,-10.99569255579716],[23.894265217715002,-10.995853364326454],[23.894303504392223,-10.995978539485119],[23.894309568859857,-10.996082014662012],[23.89429666348352,-10.996190282022106],[23.89425127151157,-10.996353080759459]]}},{"type":"Feature","properties":{"id":null,"group":null,"name":null,"settlement_id":"settlement_seshai","country_id":"country_barrel","district_id":null,"status":null,"surface":null,"access":null,"bridge":null,"tunnel":null,"oneway":null,"route_id":null,"alt_name":null,"notes":null},"geometry":{"type":"LineString","coordinates":[[23.89425127151157,-10.996353080759459],[23.894379902029037,-10.99627592403598],[23.894510577168184,-10.996213010539744],[23.894674648576878,-10.996185791009108],[23.894872404747183,-10.996202124628024],[23.89500020057683,-10.996237414795555]]}},{"type":"Feature","properties":{"id":null,"group":null,"name":null,"settlement_id":"settlement_seshai","country_id":"country_barrel","district_id":null,"status":null,"surface":null,"access":null,"bridge":null,"tunnel":null,"oneway":null,"route_id":null,"alt_name":null,"notes":null},"geometry":{"type":"LineString","coordinates":[[23.895053328650764,-10.996147337119293],[23.89497055800946,-10.996021303508947],[23.894932342668596,-10.995926772679457],[23.894910429840667,-10.995834198395922],[23.89489775217806,-10.995715907158424],[23.894905912145298,-10.995513720252479]]}},{"type":"Feature","properties":{"id":null,"group":null,"name":null,"settlement_id":"settlement_seshai","country_id":"country_barrel","district_id":null,"status":null,"surface":null,"access":null,"bridge":null,"tunnel":null,"oneway":null,"route_id":null,"alt_name":null,"notes":null},"geometry":{"type":"LineString","coordinates":[[23.899767760842536,-11.011351533196667],[23.899739694241177,-11.011417668179],[23.899750386280306,-11.011496875566909],[23.89979367515788,-11.011544798036358],[23.89986726365646,-11.011565407084792],[23.9009083782342,-11.01102820330966],[23.90111963097274,-11.010920242388682],[23.90212593865788,-11.010405833793467]]}},{"type":"Feature","properties":{"id":null,"group":null,"name":null,"settlement_id":"settlement_seshai","country_id":"country_barrel","district_id":null,"status":null,"surface":null,"access":null,"bridge":null,"tunnel":null,"oneway":null,"route_id":null,"alt_name":null,"notes":null},"geometry":{"type":"LineString","coordinates":[[23.89230678600652,-11.006740856279297],[23.892098650829023,-11.006845390713277],[23.892037475423674,-11.00683530806577],[23.891993851986644,-11.006800109120594],[23.891690620577904,-11.006333262922414],[23.891367851235206,-11.005836321556242],[23.891808710779724,-11.005612662905598]]}},{"type":"Feature","properties":{"id":null,"group":null,"name":"Rua da Marginal","settlement_id":"settlement_seshai","country_id":"country_barrel","district_id":null,"status":null,"surface":null,"access":null,"bridge":null,"tunnel":null,"oneway":null,"route_id":null,"alt_name":null,"notes":null},"geometry":{"type":"LineString","coordinates":[[23.89391034245483,-11.010372828363042],[23.893534107676455,-11.010548020947201],[23.89328168986363,-11.010672017349439],[23.893197856158835,-11.01076611176978],[23.89316122686342,-11.010815172494578],[23.893104838191174,-11.010917882609185],[23.893079191958538,-11.011085656864513]]}},{"type":"Feature","properties":{"id":null,"group":null,"name":"Acesso aos Frigor\u00edficos YANMING ANGOLA","settlement_id":"settlement_seshai","country_id":"country_barrel","district_id":null,"status":null,"surface":null,"access":null,"bridge":null,"tunnel":null,"oneway":null,"route_id":null,"alt_name":null,"notes":null},"geometry":{"type":"LineString","coordinates":[[23.89542141355293,-11.021462546909358],[23.895168422750086,-11.022197467465386],[23.895060527625862,-11.02245717087732],[23.8948925072759,-11.022756164074561],[23.89479638882875,-11.022927390428016],[23.894521833325644,-11.023319767944848],[23.894222766582406,-11.023630693149823],[23.89399973449877,-11.02387673052436],[23.8938716327086,-11.023974668981339],[23.89370778039454,-11.024070493191093],[23.89306513381952,-11.02437085623745],[23.892877145670184,-11.024456496565048],[23.89271819787991,-11.024518058322375],[23.892588232955568,-11.024563646242289],[23.89245414323373,-11.024570801415155],[23.89235548322791,-11.024539545323737],[23.892263958119862,-11.02447582551051],[23.89216061804331,-11.02436161553469],[23.892104769454775,-11.024318965034585],[23.892046767142272,-11.024292583568663],[23.891986233831297,-11.024298433206457],[23.891289667755313,-11.024473096859754]]}},{"type":"Feature","properties":{"id":null,"group":null,"name":null,"settlement_id":"settlement_seshai","country_id":"country_barrel","district_id":null,"status":null,"surface":null,"access":null,"bridge":null,"tunnel":null,"oneway":null,"route_id":null,"alt_name":null,"notes":null},"geometry":{"type":"LineString","coordinates":[[23.891361005621366,-11.004598814563305],[23.890770471537603,-11.004899911268549]]}},{"type":"Feature","properties":{"id":null,"group":null,"name":null,"settlement_id":"settlement_seshai","country_id":"country_barrel","district_id":null,"status":null,"surface":null,"access":null,"bridge":null,"tunnel":null,"oneway":null,"route_id":null,"alt_name":null,"notes":null},"geometry":{"type":"LineString","coordinates":[[23.891367851235206,-11.005836321556242],[23.89109314806117,-11.005405762819048],[23.890922851882685,-11.005138687901482],[23.890770471537603,-11.004899911268549],[23.89056650537557,-11.00458441701386],[23.88998165640307,-11.003679346492095]]}},{"type":"Feature","properties":{"id":null,"group":null,"name":null,"settlement_id":"settlement_seshai","country_id":"country_barrel","district_id":null,"status":null,"surface":null,"access":null,"bridge":null,"tunnel":null,"oneway":null,"route_id":null,"alt_name":null,"notes":null},"geometry":{"type":"LineString","coordinates":[[23.90246605914327,-11.011144084479486],[23.901257021708783,-11.011753295019464],[23.900193990814333,-11.012296515027789]]}},{"type":"Feature","properties":{"id":null,"group":null,"name":null,"settlement_id":"settlement_seshai","country_id":"country_barrel","district_id":null,"status":null,"surface":null,"access":null,"bridge":null,"tunnel":null,"oneway":null,"route_id":null,"alt_name":null,"notes":null},"geometry":{"type":"LineString","coordinates":[[23.900193990814333,-11.012296515027789],[23.900162542402338,-11.012361061502386],[23.90017526013435,-11.012439091363927],[23.900227150612462,-11.012496690220527],[23.90029196630815,-11.012504449446801],[23.90135589189274,-11.01195894699909],[23.90255700503302,-11.011349811033774]]}},{"type":"Feature","properties":{"id":null,"group":null,"name":null,"settlement_id":"settlement_seshai","country_id":"country_barrel","district_id":null,"status":null,"surface":null,"access":null,"bridge":null,"tunnel":null,"oneway":null,"route_id":null,"alt_name":null,"notes":null},"geometry":{"type":"LineString","coordinates":[[23.90183444862257,-11.009764693762492],[23.90230648250055,-11.00953425787544],[23.902456786453843,-11.009401139538529],[23.90282351691294,-11.0090154864167],[23.90306037052343,-11.00870596695496],[23.90324624887153,-11.008427249159137],[23.903466549037223,-11.007949383407077],[23.90351286060373,-11.007906023877464],[23.90357808935616,-11.007918519070817],[23.903779648672927,-11.0080683732727],[23.903850474239267,-11.008148864757668],[23.90416592959182,-11.008829270467928]]}},{"type":"Feature","properties":{"id":null,"group":null,"name":"Rua Lisandro Figueiredo","settlement_id":"settlement_seshai","country_id":"country_barrel","district_id":null,"status":null,"surface":null,"access":null,"bridge":null,"tunnel":null,"oneway":null,"route_id":null,"alt_name":null,"notes":null},"geometry":{"type":"LineString","coordinates":[[23.9033985896323,-11.009956629433173],[23.903101773424083,-11.010430530940386],[23.90306237417194,-11.010471412585783],[23.903001984696616,-11.01050568737637],[23.90295585808403,-11.01049897130521],[23.90291114070347,-11.010455877850077],[23.902575456381438,-11.00970225282001],[23.902516322153748,-11.009631759464892],[23.902418669634862,-11.009566492125774],[23.90230648250055,-11.00953425787544]]}},{"type":"Feature","properties":{"id":null,"group":null,"name":null,"settlement_id":"settlement_seshai","country_id":"country_barrel","district_id":null,"status":null,"surface":null,"access":null,"bridge":null,"tunnel":null,"oneway":null,"route_id":null,"alt_name":null,"notes":null},"geometry":{"type":"LineString","coordinates":[[23.90116454499572,-11.017952281977639],[23.901151430125584,-11.017918408681641],[23.90112366485541,-11.01789614683598],[23.901088678801145,-11.017891322314572],[23.90105587139764,-11.017905328180326],[23.90103391836388,-11.017934261626518],[23.901028876230548,-11.017970529337934],[23.90104200784006,-11.018004304044915],[23.90106975637086,-11.018026664479589],[23.901104742425126,-11.018031489001],[23.901137549828626,-11.018017483135242],[23.901159502862388,-11.017988549689054],[23.90116454499572,-11.017952281977639]]}},{"type":"Feature","properties":{"id":null,"group":null,"name":null,"settlement_id":"settlement_seshai","country_id":"country_barrel","district_id":null,"status":null,"surface":null,"access":null,"bridge":null,"tunnel":null,"oneway":null,"route_id":null,"alt_name":null,"notes":null},"geometry":{"type":"LineString","coordinates":[[23.900616213465316,-11.018740212293562],[23.90124212428942,-11.018797088389295],[23.902113592632627,-11.018904786378084],[23.902171307387892,-11.018879693410447],[23.90220413280775,-11.018838101322121],[23.902213624035245,-11.018782201352533],[23.90194701737776,-11.017087663321036],[23.901906818580464,-11.01705619021035],[23.901845704248696,-11.017031410411082],[23.90177445255838,-11.017031687226936],[23.901034243432225,-11.017123475949333],[23.90100320727858,-11.017155127286856],[23.901088678801145,-11.017891322314572]]}},{"type":"Feature","properties":{"id":null,"group":null,"name":null,"settlement_id":"settlement_seshai","country_id":"country_barrel","district_id":null,"status":null,"surface":null,"access":null,"bridge":null,"tunnel":null,"oneway":null,"route_id":null,"alt_name":null,"notes":null},"geometry":{"type":"LineString","coordinates":[[23.891543731721946,-10.99067686468291],[23.89140695553238,-10.990139486860553],[23.89110957841098,-10.989163232950101],[23.891039236712214,-10.98891799794971],[23.891021911750922,-10.988770922643436],[23.89101760924994,-10.988422891756176],[23.891025542984,-10.988078662783163],[23.89103118677558,-10.987730596341777],[23.891022905229306,-10.987550569910415],[23.890993830521648,-10.98692010723001],[23.89097130433038,-10.985973885405752],[23.89095143194886,-10.985523402633103],[23.890933645855192,-10.985122163920028],[23.89092595255777,-10.984699715410532],[23.890917611167982,-10.984241655947994],[23.89088716472136,-10.983748906768508],[23.89086284034954,-10.983356903905086],[23.890748715844236,-10.982403548437645],[23.890710508757927,-10.982084348941157],[23.890674885647922,-10.981775021276647],[23.890632120615646,-10.981430095818009],[23.89057084351726,-10.980922983111395],[23.890490646200387,-10.980480109686628],[23.89046848957914,-10.980294583046668],[23.890458420135303,-10.980189007830344],[23.89045501606589,-10.980102720506181],[23.8904578549169,-10.97976340805294],[23.890455895541958,-10.979558691539562],[23.89044706211955,-10.979143555356305],[23.890443283555545,-10.978590519577669],[23.890444217856693,-10.978087985273287],[23.8904344459131,-10.97797647612963],[23.89042080730955,-10.977806494693905],[23.890391582200138,-10.977539535833813],[23.89036090719665,-10.977408958599344],[23.889829483199165,-10.975152158336826]]}},{"type":"Feature","properties":{"id":null,"group":null,"name":null,"settlement_id":"settlement_seshai","country_id":"country_barrel","district_id":null,"status":null,"surface":null,"access":null,"bridge":null,"tunnel":null,"oneway":null,"route_id":null,"alt_name":null,"notes":null},"geometry":{"type":"LineString","coordinates":[[23.90439601623374,-11.004939399920307],[23.902810515575904,-11.005652863860536],[23.900493394486187,-11.006823915599607]]}},{"type":"Feature","properties":{"id":null,"group":null,"name":null,"settlement_id":"settlement_seshai","country_id":"country_barrel","district_id":null,"status":null,"surface":null,"access":null,"bridge":null,"tunnel":null,"oneway":null,"route_id":null,"alt_name":null,"notes":null},"geometry":{"type":"LineString","coordinates":[[23.901028876230548,-11.017970529337934],[23.900602589660036,-11.018040255443513],[23.900528836299266,-11.018052279243875],[23.900404414070458,-11.018070001799511]]}},{"type":"Feature","properties":{"id":null,"group":null,"name":null,"settlement_id":"settlement_seshai","country_id":"country_barrel","district_id":null,"status":null,"surface":null,"access":null,"bridge":null,"tunnel":null,"oneway":null,"route_id":null,"alt_name":null,"notes":null},"geometry":{"type":"LineString","coordinates":[[23.8974922923545,-10.991471833670271],[23.897293712622524,-10.990952565849152],[23.89709321066649,-10.990313790015524],[23.89689064390537,-10.98958621560882]]}},{"type":"Feature","properties":{"id":null,"group":null,"name":null,"settlement_id":"settlement_seshai","country_id":"country_barrel","district_id":null,"status":null,"surface":null,"access":null,"bridge":null,"tunnel":null,"oneway":null,"route_id":null,"alt_name":null,"notes":null},"geometry":{"type":"LineString","coordinates":[[23.894752598143686,-10.992388459374258],[23.894571037023386,-10.991868125318494],[23.894376773541797,-10.991205152347906],[23.894177488611263,-10.990501261471092],[23.893807102301253,-10.989454389868964]]}},{"type":"Feature","properties":{"id":null,"group":null,"name":null,"settlement_id":"settlement_seshai","country_id":"country_barrel","district_id":null,"status":null,"surface":null,"access":null,"bridge":null,"tunnel":null,"oneway":null,"route_id":null,"alt_name":null,"notes":null},"geometry":{"type":"LineString","coordinates":[[23.893890779191963,-10.993542377895846],[23.893671742204337,-10.992711082991459],[23.893514419773112,-10.992226612370441],[23.893311046967863,-10.991558745503408],[23.893098860491943,-10.990880659086027]]}},{"type":"Feature","properties":{"id":null,"group":null,"name":null,"settlement_id":"settlement_seshai","country_id":"country_barrel","district_id":null,"status":null,"surface":null,"access":null,"bridge":null,"tunnel":null,"oneway":null,"route_id":null,"alt_name":null,"notes":null},"geometry":{"type":"LineString","coordinates":[[23.89687579276489,-10.98864078977163],[23.896385088526873,-10.988788229287334],[23.895888057852734,-10.988934696071844],[23.895367451245892,-10.989070668315033],[23.89491667464515,-10.98918188030278],[23.89436418465297,-10.989309091853126],[23.893807102301253,-10.989454389868964],[23.89334513503811,-10.989569381946016],[23.89276599645666,-10.989701806239395],[23.892126029937753,-10.989893788672628],[23.89140695553238,-10.990139486860553],[23.890925442923873,-10.990313439089181],[23.890277455004462,-10.990575365693974]]}},{"type":"Feature","properties":{"id":null,"group":null,"name":null,"settlement_id":"settlement_seshai","country_id":"country_barrel","district_id":null,"status":null,"surface":null,"access":null,"bridge":null,"tunnel":null,"oneway":null,"route_id":null,"alt_name":null,"notes":null},"geometry":{"type":"LineString","coordinates":[[23.893671742204337,-10.992711082991459],[23.89419426991705,-10.992554237814794],[23.894441275711085,-10.99248003809971],[23.894752598143686,-10.992388459374258],[23.895271740009083,-10.992215114620688],[23.89582731606724,-10.992002819134154],[23.895860523482614,-10.991992431277588],[23.896419810939367,-10.991797704954966],[23.8974922923545,-10.991471833670271],[23.897712601897254,-10.991786654199096]]}},{"type":"Feature","properties":{"id":null,"group":null,"name":null,"settlement_id":"settlement_seshai","country_id":"country_barrel","district_id":null,"status":null,"surface":null,"access":null,"bridge":null,"tunnel":null,"oneway":null,"route_id":null,"alt_name":null,"notes":null},"geometry":{"type":"LineString","coordinates":[[23.898520140057087,-10.989873537208315],[23.89773790610561,-10.990139955235396],[23.89709321066649,-10.990313790015524],[23.896334725469213,-10.990582516001442],[23.896046948842898,-10.990667442283275],[23.895969765528722,-10.990688316813536],[23.895456977466154,-10.990837382580523],[23.894893573399326,-10.991028874166457],[23.894376773541797,-10.991205152347906],[23.89384814126967,-10.99138540594944],[23.893311046967863,-10.991558745503408]]}},{"type":"Feature","properties":{"id":null,"group":null,"name":null,"settlement_id":"settlement_seshai","country_id":"country_barrel","district_id":null,"status":null,"surface":null,"access":null,"bridge":null,"tunnel":null,"oneway":null,"route_id":null,"alt_name":null,"notes":null},"geometry":{"type":"LineString","coordinates":[[23.895642164496483,-10.993395577571874],[23.895477096020276,-10.992895794250664],[23.895271740009083,-10.992215114620688],[23.89509111606586,-10.991678507836223],[23.894893573399326,-10.991028874166457],[23.89468293606844,-10.990333300320739],[23.89436418465297,-10.989309091853126],[23.89423671124819,-10.988864480178652],[23.894114524818928,-10.988438313771603],[23.894008059403202,-10.988048593211122],[23.893900334839596,-10.987667483373425],[23.893845586123287,-10.987473785727428],[23.893704267906372,-10.986959574475545],[23.89360301974896,-10.986546294835808],[23.893488262593472,-10.986109826686612]]}},{"type":"Feature","properties":{"id":null,"group":null,"name":null,"settlement_id":"settlement_seshai","country_id":"country_barrel","district_id":null,"status":null,"surface":null,"access":null,"bridge":null,"tunnel":null,"oneway":null,"route_id":null,"alt_name":null,"notes":null},"geometry":{"type":"LineString","coordinates":[[23.893625084428887,-10.993620910327824],[23.893890779191963,-10.993542377895846],[23.894079768443323,-10.993560164488319],[23.894292021485505,-10.993517999383265],[23.894646401568632,-10.99344762746642],[23.894744929871237,-10.993408569386759],[23.895007419089207,-10.99339491579941],[23.895031794589435,-10.993391142871022],[23.895545884242075,-10.993392720543529],[23.895642164496483,-10.993395577571874],[23.895736718519558,-10.99339844579783],[23.89590792386884,-10.993469000020784]]}},{"type":"Feature","properties":{"id":null,"group":null,"name":null,"settlement_id":"settlement_seshai","country_id":"country_barrel","district_id":null,"status":null,"surface":null,"access":null,"bridge":null,"tunnel":null,"oneway":null,"route_id":null,"alt_name":null,"notes":null},"geometry":{"type":"LineString","coordinates":[[23.90232424105567,-10.993644731173436],[23.902714061435212,-10.993245552314164],[23.90290904874242,-10.99304222302452],[23.90308769047948,-10.992824048118123],[23.903375426191083,-10.992476509558724],[23.90369287286337,-10.992149331716789],[23.903999747659984,-10.991795406810628],[23.904322578870303,-10.991438308127286],[23.904382184605037,-10.991375195241222],[23.904691280995575,-10.991047613921008],[23.905008980149578,-10.990696845482358],[23.905354640383106,-10.990303861903882],[23.90565721247517,-10.989943019141581],[23.9059753451198,-10.9895956715341],[23.9062987775567,-10.989257135407879],[23.90659889541437,-10.988951967386111],[23.906897072667082,-10.988625372184114],[23.906919933549897,-10.988600650128443],[23.9072282602712,-10.98829373151882],[23.90751673655213,-10.987956766112077],[23.90783711204534,-10.987585455832999]]}},{"type":"Feature","properties":{"id":null,"group":null,"name":null,"settlement_id":"settlement_seshai","country_id":"country_barrel","district_id":null,"status":null,"surface":null,"access":null,"bridge":null,"tunnel":null,"oneway":null,"route_id":null,"alt_name":null,"notes":null},"geometry":{"type":"LineString","coordinates":[[23.90107522038715,-10.995001395251094],[23.900599308401127,-10.99524750309648],[23.900301077166464,-10.995396990288807],[23.89903671720272,-10.99603393145728],[23.898811838860727,-10.996146273351975],[23.89844005005228,-10.996329929584956],[23.897920526739266,-10.996585571692663],[23.897607866205266,-10.996646798161454],[23.896920491210896,-10.996734472941789],[23.896345304764246,-10.996745647985147],[23.89624088958345,-10.996985453156103]]}},{"type":"Feature","properties":{"id":null,"group":null,"name":null,"settlement_id":"settlement_seshai","country_id":"country_barrel","district_id":null,"status":null,"surface":null,"access":null,"bridge":null,"tunnel":null,"oneway":null,"route_id":null,"alt_name":null,"notes":null},"geometry":{"type":"LineString","coordinates":[[23.898811838860727,-10.996146273351975],[23.898458674159404,-10.995811025467962],[23.898137819287175,-10.995506519817813],[23.898038356269794,-10.995414877261254],[23.8977385652606,-10.995168518009738],[23.897125875875155,-10.99464486898896],[23.896605281785494,-10.99414334837741],[23.896522740980206,-10.994066142189428],[23.896101670502905,-10.993706685720372],[23.896043278919908,-10.993656908988509]]}},{"type":"Feature","properties":{"id":null,"group":null,"name":null,"settlement_id":"settlement_seshai","country_id":"country_barrel","district_id":null,"status":null,"surface":null,"access":null,"bridge":null,"tunnel":null,"oneway":null,"route_id":null,"alt_name":null,"notes":null},"geometry":{"type":"LineString","coordinates":[[23.89419426991705,-10.992554237814794],[23.89404803944515,-10.992060594493061],[23.89384814126967,-10.99138540594944],[23.893637796011305,-10.990691098868759],[23.893414309907136,-10.989966058448339],[23.893367725378102,-10.989769081161182],[23.89334513503811,-10.989569381946016],[23.89334289426273,-10.989165001087262],[23.893337873178325,-10.989053588571306],[23.893328143744046,-10.988841466912564],[23.893316460431837,-10.988596048371665],[23.893309146759314,-10.988443775556647],[23.893288408378265,-10.988208078421426],[23.89326696856248,-10.987965162007203],[23.893248550364362,-10.9877558251973],[23.893229860527626,-10.987543906486469],[23.893182594038382,-10.98703014525886],[23.893131585181006,-10.986617281229822],[23.893113045837694,-10.986133856796489],[23.8930430433501,-10.985744444249523],[23.89300038363392,-10.985278224978561],[23.892957506169388,-10.984894533718517],[23.892909754466285,-10.984394383316285],[23.892867981800716,-10.984004185181472],[23.892805991249222,-10.983537118086158],[23.892803637495852,-10.983418956841053],[23.892781586646915,-10.98313363987685],[23.892741713056562,-10.982648621736171],[23.892712362812194,-10.982357906732847]]}},{"type":"Feature","properties":{"id":null,"group":null,"name":null,"settlement_id":"settlement_seshai","country_id":"country_barrel","district_id":null,"status":null,"surface":null,"access":null,"bridge":null,"tunnel":null,"oneway":null,"route_id":null,"alt_name":null,"notes":null},"geometry":{"type":"LineString","coordinates":[[23.891883245476496,-10.980528200706278],[23.891962770711192,-10.981295235508004],[23.892002183831128,-10.981644967699797],[23.892015269898764,-10.981899448926676],[23.89203896709071,-10.98218940696346],[23.892060949727526,-10.982415983691471],[23.892091537522962,-10.982732266613503],[23.89213902278705,-10.983211882678393],[23.892177047108863,-10.98359667711826],[23.892225010539942,-10.98408124306761],[23.892259104574258,-10.984477237634273],[23.89231689538906,-10.984968442298058],[23.892351431580025,-10.985337936968545],[23.89239714801179,-10.985826178648313],[23.892434313197587,-10.986223201820138],[23.89243495331043,-10.986759475733596],[23.892504638570603,-10.987101770350137],[23.892539899640386,-10.987443697384691],[23.892546711473724,-10.987615055486124],[23.89260443348375,-10.988107262779405],[23.892651328148588,-10.9885431631584],[23.89268512550343,-10.988896100530756],[23.892704804810744,-10.98910159421646],[23.89271974689638,-10.98924836636667],[23.89276599645666,-10.989701806239395],[23.89283013206611,-10.990182525027873],[23.892854267514455,-10.990349825745543],[23.892973091951948,-10.99091945360042]]}},{"type":"Feature","properties":{"id":null,"group":null,"name":null,"settlement_id":"settlement_seshai","country_id":"country_barrel","district_id":null,"status":null,"surface":null,"access":null,"bridge":null,"tunnel":null,"oneway":null,"route_id":null,"alt_name":null,"notes":null},"geometry":{"type":"LineString","coordinates":[[23.898528634778707,-11.00141652944992],[23.898987504594913,-11.0012008988821]]}},{"type":"Feature","properties":{"id":null,"group":null,"name":null,"settlement_id":"settlement_seshai","country_id":"country_barrel","district_id":null,"status":null,"surface":null,"access":null,"bridge":null,"tunnel":null,"oneway":null,"route_id":null,"alt_name":null,"notes":null},"geometry":{"type":"LineString","coordinates":[[23.898167042282257,-11.001723532896985],[23.898270512852186,-11.001675678000076],[23.89842845963212,-11.00160268742049],[23.89858245557661,-11.001536836231576]]}},{"type":"Feature","properties":{"id":null,"group":null,"name":null,"settlement_id":"settlement_seshai","country_id":"country_barrel","district_id":null,"status":null,"surface":null,"access":null,"bridge":null,"tunnel":null,"oneway":null,"route_id":null,"alt_name":null,"notes":null},"geometry":{"type":"LineString","coordinates":[[23.899239928733447,-10.993571807521771],[23.898742924692595,-10.992957037806043],[23.898689886130192,-10.99288230500937],[23.898259180862613,-10.992387830649587],[23.897741076219308,-10.991824453974008],[23.897712601897254,-10.991786654199096]]}},{"type":"Feature","properties":{"id":null,"group":null,"name":null,"settlement_id":"settlement_seshai","country_id":"country_barrel","district_id":null,"status":null,"surface":null,"access":null,"bridge":null,"tunnel":null,"oneway":null,"route_id":null,"alt_name":null,"notes":null},"geometry":{"type":"LineString","coordinates":[[23.895653607765475,-10.995566017762624],[23.896045667757473,-10.995604083267676],[23.896401521453793,-10.995638537103698],[23.896448230250098,-10.995643019106346],[23.8970226052249,-10.995698752295024],[23.897997605667832,-10.995765401723222],[23.898458674159404,-10.995811025467962]]}},{"type":"Feature","properties":{"id":null,"group":null,"name":null,"settlement_id":"settlement_seshai","country_id":"country_barrel","district_id":null,"status":null,"surface":null,"access":null,"bridge":null,"tunnel":null,"oneway":null,"route_id":null,"alt_name":null,"notes":null},"geometry":{"type":"LineString","coordinates":[[23.90065940823951,-10.99427463639984],[23.900264172305462,-10.994556959913627],[23.900162698214444,-10.994629497275394],[23.899976625264674,-10.994766584099573],[23.899726691676218,-10.99493329909998],[23.899330602946314,-10.995263657629526],[23.89926714704052,-10.995344070116243],[23.89920148119462,-10.995421368736427],[23.898960851896042,-10.995664113995215],[23.898810096093584,-10.995805270107468]]}},{"type":"Feature","properties":{"id":null,"group":null,"name":null,"settlement_id":"settlement_seshai","country_id":"country_barrel","district_id":null,"status":null,"surface":null,"access":null,"bridge":null,"tunnel":null,"oneway":null,"route_id":null,"alt_name":null,"notes":null},"geometry":{"type":"LineString","coordinates":[[23.896586246960492,-10.997222711521868],[23.896810641137495,-10.997085741074951],[23.896862483153054,-10.997051029327327],[23.896877963018916,-10.997031545648191],[23.896920491210896,-10.996734472941789],[23.89697002227764,-10.996231872500658],[23.8970226052249,-10.995698752295024],[23.897075139801284,-10.99516531958297],[23.897125875875155,-10.99464486898896],[23.89750422681514,-10.994173450930102],[23.897682247804163,-10.993981035578674],[23.898074838368547,-10.993600787542832],[23.898124963389062,-10.993563045625574]]}},{"type":"Feature","properties":{"id":null,"group":null,"name":null,"settlement_id":"settlement_seshai","country_id":"country_barrel","district_id":null,"status":null,"surface":null,"access":null,"bridge":null,"tunnel":null,"oneway":null,"route_id":null,"alt_name":null,"notes":null},"geometry":{"type":"LineString","coordinates":[[23.900210077719937,-10.993368333434947],[23.89993750350622,-10.993595511664576],[23.89967156499674,-10.993846334289511],[23.899456588590752,-10.994059861418616],[23.89917927065639,-10.994360380408501],[23.89895143564817,-10.994607225195825],[23.898775574153,-10.994792298436781],[23.898462889537516,-10.995121299137747],[23.89830065214069,-10.995318727294492],[23.898137819287175,-10.995506519817813]]}},{"type":"Feature","properties":{"id":null,"group":null,"name":null,"settlement_id":"settlement_seshai","country_id":"country_barrel","district_id":null,"status":null,"surface":null,"access":null,"bridge":null,"tunnel":null,"oneway":null,"route_id":null,"alt_name":null,"notes":null},"geometry":{"type":"LineString","coordinates":[[23.89903941693547,-10.99036489391538],[23.899091017165947,-10.990507239959282],[23.89937124171155,-10.990781619266151],[23.89952489577685,-10.990909545018905],[23.899716488595267,-10.991071501654854],[23.900041903146654,-10.99139574912169],[23.900399714462342,-10.99172752584235],[23.900740787699085,-10.9920437817153],[23.901062833370645,-10.99236218276025],[23.90138258909973,-10.992676746336844],[23.90232424105567,-10.993644731173436],[23.902663340778975,-10.993966636404288],[23.903000701454207,-10.994298186618902],[23.903332062977793,-10.994623849543856],[23.903394037472072,-10.994684783459359],[23.90342698351161,-10.994717155182805],[23.903591414703968,-10.99490168361687],[23.90393639950514,-10.995288692579248],[23.9041375081133,-10.995500343276678],[23.904371054467607,-10.995722268828143],[23.9043931374714,-10.995769633698497]]}},{"type":"Feature","properties":{"id":null,"group":null,"name":null,"settlement_id":"settlement_seshai","country_id":"country_barrel","district_id":null,"status":null,"surface":null,"access":null,"bridge":null,"tunnel":null,"oneway":null,"route_id":null,"alt_name":null,"notes":null},"geometry":{"type":"LineString","coordinates":[[23.897957865824317,-10.998165007681468],[23.898893799291294,-10.997713810789424],[23.898950553447783,-10.997653155239629],[23.89896348247393,-10.99760747493443],[23.8989700799784,-10.997584150206464],[23.898961192667887,-10.997522391112302],[23.89844005005228,-10.996329929584956]]}},{"type":"Feature","properties":{"id":null,"group":null,"name":null,"settlement_id":"settlement_seshai","country_id":"country_barrel","district_id":null,"status":null,"surface":null,"access":null,"bridge":null,"tunnel":null,"oneway":null,"route_id":null,"alt_name":null,"notes":null},"geometry":{"type":"LineString","coordinates":[[23.899985342229687,-10.992848986181727],[23.89964050108514,-10.99318338017843],[23.899239928733447,-10.993571807521771],[23.899119996786375,-10.993670017389267],[23.898624296735083,-10.994195758427367],[23.898258133681647,-10.994584043668258],[23.898092817402155,-10.994766748697568],[23.89790663441528,-10.994977963032785],[23.8977385652606,-10.995168518009738],[23.89763813005991,-10.995196703475195],[23.89747029680637,-10.995195897864914],[23.897075139801284,-10.99516531958297],[23.896635033595917,-10.995124675050736],[23.896456972832734,-10.995108236844818],[23.896409836201624,-10.99510388506268],[23.89611173142366,-10.995076396313117],[23.89594824878933,-10.995061317577303]]}},{"type":"Feature","properties":{"id":null,"group":null,"name":null,"settlement_id":"settlement_seshai","country_id":"country_barrel","district_id":null,"status":null,"surface":null,"access":null,"bridge":null,"tunnel":null,"oneway":null,"route_id":null,"alt_name":null,"notes":null},"geometry":{"type":"LineString","coordinates":[[23.895401395136904,-10.995979736459315],[23.895536773493454,-10.995775617864918],[23.895617730236985,-10.995627377871408],[23.895653607765475,-10.995566017762624],[23.89594824878933,-10.995061317577303],[23.895973136870126,-10.995018682105751],[23.89623550475955,-10.994546944699355],[23.89636244788286,-10.994283780979497],[23.896522740980206,-10.994066142189428]]}},{"type":"Feature","properties":{"id":null,"group":null,"name":null,"settlement_id":"settlement_seshai","country_id":"country_barrel","district_id":null,"status":null,"surface":null,"access":null,"bridge":null,"tunnel":null,"oneway":null,"route_id":null,"alt_name":null,"notes":null},"geometry":{"type":"LineString","coordinates":[[23.898528634778707,-11.00141652944992],[23.898428464122855,-11.001200614976792],[23.898390618645085,-11.001179177397344],[23.898352900035473,-11.001175511815664],[23.898310027430554,-11.001196227504092],[23.898282127538646,-11.001229121364187],[23.898283906747814,-11.001271213102267],[23.89842845963212,-11.00160268742049]]}},{"type":"Feature","properties":{"id":null,"group":null,"name":null,"settlement_id":"settlement_seshai","country_id":"country_barrel","district_id":null,"status":null,"surface":null,"access":null,"bridge":null,"tunnel":null,"oneway":null,"route_id":null,"alt_name":null,"notes":null},"geometry":{"type":"LineString","coordinates":[[23.90107522038715,-10.995001395251094],[23.90065940823951,-10.99427463639984],[23.900210077719937,-10.993368333434947],[23.900167757194705,-10.993283045844144],[23.899985342229687,-10.992848986181727],[23.89974458348227,-10.992338582933758],[23.89969035238733,-10.992255938887741],[23.899481584190777,-10.992070881247784],[23.89937030191771,-10.991989707941205],[23.898903370262722,-10.99150906466436],[23.898463209458217,-10.990999190212978]]}},{"type":"Feature","properties":{"id":null,"group":null,"name":null,"settlement_id":"settlement_seshai","country_id":"country_barrel","district_id":null,"status":null,"surface":null,"access":null,"bridge":null,"tunnel":null,"oneway":null,"route_id":null,"alt_name":null,"notes":null},"geometry":{"type":"LineString","coordinates":[[23.89943168275714,-11.024391062050139],[23.899406669152302,-11.02412857121302],[23.899399001694114,-11.023784229101032],[23.899337123438443,-11.023437174160893],[23.899294896711915,-11.02312611668459],[23.899215181006067,-11.022762847079143],[23.89903651737044,-11.02194885455749],[23.898963708164313,-11.021747424595706],[23.898886210199063,-11.021579583702657],[23.898822947365304,-11.021466498275366],[23.89876226978484,-11.021335797046493],[23.898752881912124,-11.021265635605186],[23.898755389945116,-11.021203072678698],[23.898761661943066,-11.021005433912155],[23.898779584047336,-11.020890918157],[23.898847990224528,-11.020652910667788],[23.89886839427207,-11.020473596070378]]}},{"type":"Feature","properties":{"id":null,"group":null,"name":null,"settlement_id":"settlement_seshai","country_id":"country_barrel","district_id":null,"status":null,"surface":null,"access":null,"bridge":null,"tunnel":null,"oneway":null,"route_id":null,"alt_name":null,"notes":null},"geometry":{"type":"LineString","coordinates":[[23.901727749412856,-11.020625274509332],[23.901251533973355,-11.020684393162739],[23.901026440003143,-11.020716162087378],[23.900908690309674,-11.020739987697329],[23.90073340376801,-11.020757391384013],[23.900646827495567,-11.020731432781393],[23.90056881542228,-11.020705812546804],[23.900490058971087,-11.02066545983443],[23.900337281807673,-11.020573589608894],[23.900221774164404,-11.0205358214431],[23.90004157803578,-11.020524193664855],[23.899677596276586,-11.020529845122677],[23.89886839427207,-11.020473596070378],[23.898000229447945,-11.020447401067806],[23.897956848435573,-11.020440644014805],[23.897454713116566,-11.02039494487465],[23.896854597515606,-11.020354011691541]]}},{"type":"Feature","properties":{"id":null,"group":null,"name":null,"settlement_id":"settlement_seshai","country_id":"country_barrel","district_id":null,"status":null,"surface":null,"access":null,"bridge":null,"tunnel":null,"oneway":null,"route_id":null,"alt_name":null,"notes":null},"geometry":{"type":"LineString","coordinates":[[23.898779584047336,-11.020890918157],[23.898496027157766,-11.020842266020587],[23.89814860399606,-11.020733068782942],[23.89803546618359,-11.02069448581533],[23.897996309378485,-11.020677187127117],[23.89800006604609,-11.020636542478655],[23.898000229447945,-11.020447401067806]]}},{"type":"Feature","properties":{"id":null,"group":null,"name":null,"settlement_id":"settlement_seshai","country_id":"country_barrel","district_id":null,"status":null,"surface":null,"access":null,"bridge":null,"tunnel":null,"oneway":null,"route_id":null,"alt_name":null,"notes":null},"geometry":{"type":"LineString","coordinates":[[23.898097438768524,-11.017421376448272],[23.898084731941044,-11.018032674752323],[23.898047739171776,-11.018748178061212],[23.898007971018075,-11.01946270298306],[23.897981154809074,-11.01989663687311],[23.897956848435573,-11.020440644014805]]}},{"type":"Feature","properties":{"id":null,"group":null,"name":null,"settlement_id":"settlement_seshai","country_id":"country_barrel","district_id":null,"status":null,"surface":null,"access":null,"bridge":null,"tunnel":null,"oneway":null,"route_id":null,"alt_name":null,"notes":null},"geometry":{"type":"LineString","coordinates":[[23.899464177626772,-11.014205281307682],[23.899558371935488,-11.014175021892516],[23.900034626303842,-11.014021883142938]]}},{"type":"Feature","properties":{"id":null,"group":null,"name":null,"settlement_id":"settlement_seshai","country_id":"country_barrel","district_id":null,"status":null,"surface":null,"access":null,"bridge":null,"tunnel":null,"oneway":null,"route_id":null,"alt_name":null,"notes":null},"geometry":{"type":"LineString","coordinates":[[23.900384395693454,-11.014332921073251],[23.900220977690783,-11.014383174992542],[23.900191644688938,-11.014379107437666],[23.900149292053616,-11.01435852748914],[23.900118430933276,-11.014310889361017],[23.90007136349386,-11.01414841811388],[23.900034626303842,-11.014021883142938],[23.899998074980193,-11.013888279547409],[23.899900925986767,-11.013532700227035]]}},{"type":"Feature","properties":{"id":null,"group":null,"name":null,"settlement_id":"settlement_seshai","country_id":"country_barrel","district_id":null,"status":null,"surface":null,"access":null,"bridge":null,"tunnel":null,"oneway":null,"route_id":null,"alt_name":null,"notes":null},"geometry":{"type":"LineString","coordinates":[[23.89328168986363,-11.010672017349439],[23.893194056228282,-11.010696493377612],[23.893140505655587,-11.01068750248421],[23.89306878861503,-11.010673195629433],[23.893057378265354,-11.0106681139053],[23.89295137026511,-11.01062039552431]]}},{"type":"Feature","properties":{"id":null,"group":null,"name":null,"settlement_id":"settlement_seshai","country_id":"country_barrel","district_id":null,"status":null,"surface":null,"access":null,"bridge":null,"tunnel":null,"oneway":null,"route_id":null,"alt_name":null,"notes":null},"geometry":{"type":"LineString","coordinates":[[23.90214750091965,-11.001865743501266],[23.902262705520904,-11.001911270414741],[23.902328158111352,-11.001952914362722],[23.90241290748808,-11.001968723952974],[23.90248728378631,-11.001946459940271],[23.902557050985624,-11.001942380982062],[23.90263638188934,-11.001966805103653],[23.902817552142373,-11.002388481685188],[23.902889668259988,-11.002450021798772],[23.902931440444792,-11.002466851670338],[23.9029761756136,-11.00247160715887],[23.903056803545187,-11.002431639839113]]}},{"type":"Feature","properties":{"id":null,"group":null,"name":"Rua 14 de Abril","settlement_id":"settlement_seshai","country_id":"country_barrel","district_id":null,"status":null,"surface":null,"access":null,"bridge":null,"tunnel":null,"oneway":null,"route_id":null,"alt_name":null,"notes":null},"geometry":{"type":"LineString","coordinates":[[23.89808247929744,-11.015753742200538],[23.89734443772984,-11.014114062946998],[23.896113244616135,-11.011338100364977],[23.8956272915506,-11.010272925347387],[23.89515898810757,-11.009226266021127],[23.89482485557622,-11.008492176393428],[23.894423568031712,-11.007611172490702],[23.894013781512363,-11.006735420009367],[23.893703832024233,-11.006044690275818],[23.893267257595245,-11.005095517716189],[23.893184110043983,-11.004914951565656],[23.892846881890577,-11.00416623739953],[23.892733650277236,-11.003914937316488],[23.89215004300437,-11.002617234653677],[23.891731662387574,-11.001734748563425],[23.891331233636915,-11.000825388312673]]}},{"type":"Feature","properties":{"id":null,"group":null,"name":null,"settlement_id":"settlement_seshai","country_id":"country_barrel","district_id":null,"status":null,"surface":null,"access":null,"bridge":null,"tunnel":null,"oneway":null,"route_id":null,"alt_name":null,"notes":null},"geometry":{"type":"LineString","coordinates":[[23.896635033595917,-10.995124675050736],[23.89668207327738,-10.994592540849272]]}},{"type":"Feature","properties":{"id":null,"group":null,"name":null,"settlement_id":"settlement_seshai","country_id":"country_barrel","district_id":null,"status":null,"surface":null,"access":null,"bridge":null,"tunnel":null,"oneway":null,"route_id":null,"alt_name":null,"notes":null},"geometry":{"type":"LineString","coordinates":[[23.89572124977695,-10.996835553618077],[23.895161142866673,-10.997159364132198],[23.894845309445564,-10.99733426338923],[23.894568565872046,-10.997526855690527],[23.89330377884951,-10.998288180409428]]}},{"type":"Feature","properties":{"id":null,"group":null,"name":null,"settlement_id":"settlement_seshai","country_id":"country_barrel","district_id":null,"status":null,"surface":null,"access":null,"bridge":null,"tunnel":null,"oneway":null,"route_id":null,"alt_name":null,"notes":null},"geometry":{"type":"LineString","coordinates":[[23.890966971535544,-10.997875591816047],[23.891822004155326,-10.99748926797638]]}},{"type":"Feature","properties":{"id":null,"group":null,"name":null,"settlement_id":"settlement_seshai","country_id":"country_barrel","district_id":null,"status":null,"surface":null,"access":null,"bridge":null,"tunnel":null,"oneway":null,"route_id":null,"alt_name":null,"notes":null},"geometry":{"type":"LineString","coordinates":[[23.896409836201624,-10.99510388506268],[23.89645395723326,-10.994569226681502]]}},{"type":"Feature","properties":{"id":null,"group":null,"name":null,"settlement_id":"settlement_seshai","country_id":"country_barrel","district_id":null,"status":null,"surface":null,"access":null,"bridge":null,"tunnel":null,"oneway":null,"route_id":null,"alt_name":null,"notes":null},"geometry":{"type":"LineString","coordinates":[[23.900301077166464,-10.995396990288807],[23.899976625264674,-10.994766584099573]]}},{"type":"Feature","properties":{"id":null,"group":null,"name":null,"settlement_id":"settlement_seshai","country_id":"country_barrel","district_id":null,"status":null,"surface":null,"access":null,"bridge":null,"tunnel":null,"oneway":null,"route_id":null,"alt_name":null,"notes":null},"geometry":{"type":"LineString","coordinates":[[23.899456588590752,-10.994059861418616],[23.899119996786375,-10.993670017389267]]}},{"type":"Feature","properties":{"id":null,"group":null,"name":null,"settlement_id":"settlement_seshai","country_id":"country_barrel","district_id":null,"status":null,"surface":null,"access":null,"bridge":null,"tunnel":null,"oneway":null,"route_id":null,"alt_name":null,"notes":null},"geometry":{"type":"LineString","coordinates":[[23.898960851896042,-10.995664113995215],[23.898462889537516,-10.995121299137747]]}},{"type":"Feature","properties":{"id":null,"group":null,"name":null,"settlement_id":"settlement_seshai","country_id":"country_barrel","district_id":null,"status":null,"surface":null,"access":null,"bridge":null,"tunnel":null,"oneway":null,"route_id":null,"alt_name":null,"notes":null},"geometry":{"type":"LineString","coordinates":[[23.898258133681647,-10.994584043668258],[23.897682247804163,-10.993981035578674]]}},{"type":"Feature","properties":{"id":null,"group":null,"name":null,"settlement_id":"settlement_seshai","country_id":"country_barrel","district_id":null,"status":null,"surface":null,"access":null,"bridge":null,"tunnel":null,"oneway":null,"route_id":null,"alt_name":null,"notes":null},"geometry":{"type":"LineString","coordinates":[[23.899330602946314,-10.995263657629526],[23.898775574153,-10.994792298436781]]}},{"type":"Feature","properties":{"id":null,"group":null,"name":null,"settlement_id":"settlement_seshai","country_id":"country_barrel","district_id":null,"status":null,"surface":null,"access":null,"bridge":null,"tunnel":null,"oneway":null,"route_id":null,"alt_name":null,"notes":null},"geometry":{"type":"LineString","coordinates":[[23.900162698214444,-10.994629497275394],[23.89967156499674,-10.993846334289511]]}},{"type":"Feature","properties":{"id":null,"group":null,"name":null,"settlement_id":"settlement_seshai","country_id":"country_barrel","district_id":null,"status":null,"surface":null,"access":null,"bridge":null,"tunnel":null,"oneway":null,"route_id":null,"alt_name":null,"notes":null},"geometry":{"type":"LineString","coordinates":[[23.89799610396607,-10.99267078567517],[23.89749019250059,-10.99209832184303],[23.897463001682947,-10.992060131406586]]}},{"type":"Feature","properties":{"id":null,"group":null,"name":null,"settlement_id":"settlement_seshai","country_id":"country_barrel","district_id":null,"status":null,"surface":null,"access":null,"bridge":null,"tunnel":null,"oneway":null,"route_id":null,"alt_name":null,"notes":null},"geometry":{"type":"LineString","coordinates":[[23.900599308401127,-10.99524750309648],[23.900264172305462,-10.994556959913627]]}},{"type":"Feature","properties":{"id":null,"group":null,"name":null,"settlement_id":"settlement_seshai","country_id":"country_barrel","district_id":null,"status":null,"surface":null,"access":null,"bridge":null,"tunnel":null,"oneway":null,"route_id":null,"alt_name":null,"notes":null},"geometry":{"type":"LineString","coordinates":[[23.898624296735083,-10.994195758427367],[23.898124963389062,-10.993563045625574]]}},{"type":"Feature","properties":{"id":null,"group":null,"name":null,"settlement_id":"settlement_seshai","country_id":"country_barrel","district_id":null,"status":null,"surface":null,"access":null,"bridge":null,"tunnel":null,"oneway":null,"route_id":null,"alt_name":null,"notes":null},"geometry":{"type":"LineString","coordinates":[[23.896401521453793,-10.995638537103698],[23.896456972832734,-10.995108236844818]]}},{"type":"Feature","properties":{"id":null,"group":null,"name":null,"settlement_id":"settlement_seshai","country_id":"country_barrel","district_id":null,"status":null,"surface":null,"access":null,"bridge":null,"tunnel":null,"oneway":null,"route_id":null,"alt_name":null,"notes":null},"geometry":{"type":"LineString","coordinates":[[23.896392700601982,-10.996166611617927],[23.89697002227764,-10.996231872500658],[23.8979461465624,-10.996312811679715]]}},{"type":"Feature","properties":{"id":null,"group":null,"name":null,"settlement_id":"settlement_seshai","country_id":"country_barrel","district_id":null,"status":null,"surface":null,"access":null,"bridge":null,"tunnel":null,"oneway":null,"route_id":null,"alt_name":null,"notes":null},"geometry":{"type":"LineString","coordinates":[[23.895861855176005,-10.996718336163067],[23.8959743060546,-10.996030352369726],[23.896006845558745,-10.995839303604562],[23.896045667757473,-10.995604083267676],[23.89611173142366,-10.995076396313117]]}},{"type":"Feature","properties":{"id":null,"group":null,"name":null,"settlement_id":"settlement_seshai","country_id":"country_barrel","district_id":null,"status":null,"surface":null,"access":null,"bridge":null,"tunnel":null,"oneway":null,"route_id":null,"alt_name":null,"notes":null},"geometry":{"type":"LineString","coordinates":[[23.896345304764246,-10.996745647985147],[23.896392700601982,-10.996166611617927],[23.896423792582667,-10.995872973015661],[23.896448230250098,-10.995643019106346]]}},{"type":"Feature","properties":{"id":null,"group":null,"name":null,"settlement_id":"settlement_seshai","country_id":"country_barrel","district_id":null,"status":null,"surface":null,"access":null,"bridge":null,"tunnel":null,"oneway":null,"route_id":null,"alt_name":null,"notes":null},"geometry":{"type":"LineString","coordinates":[[23.90061527843142,-11.000182305873505],[23.899239527481413,-11.001049956162245],[23.899197314987223,-11.00105901791341],[23.899170018419646,-11.001033995575423],[23.899007110783575,-11.00067800283377],[23.89882364411147,-11.000297928853822]]}},{"type":"Feature","properties":{"id":null,"group":null,"name":null,"settlement_id":"settlement_seshai","country_id":"country_barrel","district_id":null,"status":null,"surface":null,"access":null,"bridge":null,"tunnel":null,"oneway":null,"route_id":null,"alt_name":null,"notes":null},"geometry":{"type":"LineString","coordinates":[[23.896495562198968,-10.993017090635004],[23.896527211803292,-10.993054110934114],[23.897051344447668,-10.993668009517837],[23.89750422681514,-10.994173450930102],[23.898092817402155,-10.994766748697568]]}},{"type":"Feature","properties":{"id":null,"group":null,"name":null,"settlement_id":"settlement_seshai","country_id":"country_barrel","district_id":null,"status":null,"surface":null,"access":null,"bridge":null,"tunnel":null,"oneway":null,"route_id":null,"alt_name":null,"notes":null},"geometry":{"type":"LineString","coordinates":[[23.89710997222272,-10.992400336727254],[23.897134000574844,-10.99242967285334],[23.89764287073716,-10.993051021715019],[23.898074838368547,-10.993600787542832]]}},{"type":"Feature","properties":{"id":null,"group":null,"name":null,"settlement_id":"settlement_seshai","country_id":"country_barrel","district_id":null,"status":null,"surface":null,"access":null,"bridge":null,"tunnel":null,"oneway":null,"route_id":null,"alt_name":null,"notes":null},"geometry":{"type":"LineString","coordinates":[[23.897920526739266,-10.996585571692663],[23.8979461465624,-10.996312811679715],[23.897997605667832,-10.995765401723222],[23.898038356269794,-10.995414877261254]]}},{"type":"Feature","properties":{"id":null,"group":null,"name":null,"settlement_id":"settlement_seshai","country_id":"country_barrel","district_id":null,"status":null,"surface":null,"access":null,"bridge":null,"tunnel":null,"oneway":null,"route_id":null,"alt_name":null,"notes":null},"geometry":{"type":"LineString","coordinates":[[23.89623550475955,-10.994546944699355],[23.89645395723326,-10.994569226681502],[23.89668207327738,-10.994592540849272],[23.897125875875155,-10.99464486898896]]}},{"type":"Feature","properties":{"id":null,"group":null,"name":null,"settlement_id":"settlement_seshai","country_id":"country_barrel","district_id":null,"status":null,"surface":null,"access":null,"bridge":null,"tunnel":null,"oneway":null,"route_id":null,"alt_name":null,"notes":null},"geometry":{"type":"LineString","coordinates":[[23.896605281785494,-10.99414334837741],[23.897051344447668,-10.993668009517837],[23.89743617396089,-10.993266563225355],[23.89764287073716,-10.993051021715019],[23.89799610396607,-10.99267078567517],[23.898259180862613,-10.992387830649587]]}},{"type":"Feature","properties":{"id":null,"group":null,"name":null,"settlement_id":"settlement_seshai","country_id":"country_barrel","district_id":null,"status":null,"surface":null,"access":null,"bridge":null,"tunnel":null,"oneway":null,"route_id":null,"alt_name":null,"notes":null},"geometry":{"type":"LineString","coordinates":[[23.89875835131286,-11.017169353078845],[23.898899693338397,-11.017578282806074],[23.89897065890943,-11.017769662344502],[23.89899594568037,-11.017931376967265],[23.898987444862602,-11.018814210664004],[23.89886839427207,-11.020473596070378]]}},{"type":"Feature","properties":{"id":null,"group":null,"name":null,"settlement_id":"settlement_seshai","country_id":"country_barrel","district_id":null,"status":null,"surface":null,"access":null,"bridge":null,"tunnel":null,"oneway":null,"route_id":null,"alt_name":null,"notes":null},"geometry":{"type":"LineString","coordinates":[[23.890234836078132,-11.00202691153055],[23.889731503937252,-11.00159577355268],[23.88943488417364,-11.0013337237562],[23.889275911729435,-11.001197693384665],[23.889117021134858,-11.001061778341505],[23.88805319301461,-11.000151455579758],[23.887710509445192,-10.99986200841488],[23.887494482720992,-10.999668922463993],[23.886383898026214,-10.998694062327498],[23.884750112733826,-10.997285603638584],[23.884498122959368,-10.997068356789196],[23.88301989101323,-10.995790377816984],[23.88290173499011,-10.995688156908162],[23.882257680683832,-10.99513118744709],[23.879928645108986,-10.993139316301388],[23.879849103069944,-10.993070733766984],[23.878960285657246,-10.992293382927993],[23.87847563140187,-10.991861561873911],[23.877256686436194,-10.99079070844759],[23.876641376813613,-10.990301608295926],[23.876164020904795,-10.989913424658564],[23.875628011466876,-10.989491344509236],[23.875234229940013,-10.989148591727915],[23.875057778505376,-10.988970339739947],[23.87486738608713,-10.988748742521839],[23.874675367303546,-10.988499685607156],[23.874503636738133,-10.988223136908179],[23.874325111740713,-10.987894008976678],[23.87416098721558,-10.987521884924444],[23.87330446744615,-10.98523646178538],[23.87319553299559,-10.984993904378808],[23.87304137736397,-10.984722571204944],[23.87291385228288,-10.9845602337364],[23.87280047633292,-10.984432249464042],[23.87266589970878,-10.984285755156183],[23.872447356764173,-10.984120034121421],[23.87222032442318,-10.98397265075688],[23.872012008053407,-10.983866177567371],[23.871795451644722,-10.98378254735838],[23.87149742746178,-10.983696039344977]]}},{"type":"Feature","properties":{"id":null,"group":null,"name":"Avenida Eduardo Mondlane","settlement_id":"settlement_seshai","country_id":"country_barrel","district_id":null,"status":null,"surface":null,"access":null,"bridge":null,"tunnel":null,"oneway":null,"route_id":null,"alt_name":null,"notes":null},"geometry":{"type":"LineString","coordinates":[[23.89040154307448,-11.002425643304264],[23.89078460631584,-11.003293308362405],[23.891129887821034,-11.004075239294249],[23.891151913217655,-11.004125333025431],[23.891361005621366,-11.004598814563305],[23.891808710779724,-11.005612662905598],[23.89230678600652,-11.006740856279297],[23.893029840197098,-11.008378599420787],[23.893390632492945,-11.009195824762575],[23.893720877337795,-11.009932500099776],[23.89391034245483,-11.010372828363042],[23.894152954757956,-11.010922495899262],[23.89463989934706,-11.012078011588091]]}},{"type":"Feature","properties":{"id":null,"group":null,"name":null,"settlement_id":"settlement_seshai","country_id":"country_barrel","district_id":null,"status":null,"surface":null,"access":null,"bridge":null,"tunnel":null,"oneway":null,"route_id":null,"alt_name":null,"notes":null},"geometry":{"type":"LineString","coordinates":[[23.89069435168539,-11.002264483702085],[23.89064797341186,-11.002232367105997],[23.890597331796474,-11.002207438271466],[23.890543498273495,-11.00218876337377],[23.890495431398126,-11.00217674773845]]}},{"type":"Feature","properties":{"id":null,"group":null,"name":null,"settlement_id":"settlement_seshai","country_id":"country_barrel","district_id":null,"status":null,"surface":null,"access":null,"bridge":null,"tunnel":null,"oneway":null,"route_id":null,"alt_name":null,"notes":null},"geometry":{"type":"LineString","coordinates":[[23.895007419089207,-10.99339491579941],[23.895127352064936,-10.993783575781055],[23.895221873476938,-10.99400289261277],[23.895225134759574,-10.994022515406545],[23.895224160637344,-10.994050953604201]]}},{"type":"Feature","properties":{"id":null,"group":null,"name":null,"settlement_id":"settlement_seshai","country_id":"country_barrel","district_id":null,"status":null,"surface":null,"access":null,"bridge":null,"tunnel":null,"oneway":null,"route_id":null,"alt_name":null,"notes":null},"geometry":{"type":"LineString","coordinates":[[23.894744929871237,-10.993408569386759],[23.8946761971141,-10.99315863743983],[23.894441275711085,-10.99248003809971]]}},{"type":"Feature","properties":{"id":null,"group":null,"name":null,"settlement_id":"settlement_seshai","country_id":"country_barrel","district_id":null,"status":null,"surface":null,"access":null,"bridge":null,"tunnel":null,"oneway":null,"route_id":null,"alt_name":null,"notes":null},"geometry":{"type":"LineString","coordinates":[[23.893255677219113,-10.993832357350424],[23.893435759048014,-10.994330936827435],[23.89359203992089,-10.994909358739864]]}},{"type":"Feature","properties":{"id":null,"group":null,"name":null,"settlement_id":"settlement_seshai","country_id":"country_barrel","district_id":null,"status":null,"surface":null,"access":null,"bridge":null,"tunnel":null,"oneway":null,"route_id":null,"alt_name":null,"notes":null},"geometry":{"type":"LineString","coordinates":[[23.89315073995076,-10.994715046140268],[23.89305914517026,-10.9944360775288],[23.892932616901856,-10.993999639391951]]}},{"type":"Feature","properties":{"id":null,"group":null,"name":null,"settlement_id":"settlement_seshai","country_id":"country_barrel","district_id":null,"status":null,"surface":null,"access":null,"bridge":null,"tunnel":null,"oneway":null,"route_id":null,"alt_name":null,"notes":null},"geometry":{"type":"LineString","coordinates":[[23.894646401568632,-10.99344762746642],[23.894762738109616,-10.993889131044245],[23.8949413895659,-10.994479770034804]]}},{"type":"Feature","properties":{"id":null,"group":null,"name":null,"settlement_id":"settlement_seshai","country_id":"country_barrel","district_id":null,"status":null,"surface":null,"access":null,"bridge":null,"tunnel":null,"oneway":null,"route_id":null,"alt_name":null,"notes":null},"geometry":{"type":"LineString","coordinates":[[23.894702827718053,-10.994848336697366],[23.894381994308393,-10.99502938576045],[23.894054864839497,-10.995150738595523]]}},{"type":"Feature","properties":{"id":null,"group":null,"name":null,"settlement_id":"settlement_seshai","country_id":"country_barrel","district_id":null,"status":null,"surface":null,"access":null,"bridge":null,"tunnel":null,"oneway":null,"route_id":null,"alt_name":null,"notes":null},"geometry":{"type":"LineString","coordinates":[[23.893890779191963,-10.993542377895846],[23.894086420638615,-10.994098067777301],[23.894381994308393,-10.99502938576045]]}},{"type":"Feature","properties":{"id":null,"group":null,"name":null,"settlement_id":"settlement_seshai","country_id":"country_barrel","district_id":null,"status":null,"surface":null,"access":null,"bridge":null,"tunnel":null,"oneway":null,"route_id":null,"alt_name":null,"notes":null},"geometry":{"type":"LineString","coordinates":[[23.894178262501985,-10.995589485261487],[23.894054864839497,-10.995150738595523],[23.893776036181468,-10.994211004878206],[23.893625084428887,-10.993620910327824]]}},{"type":"Feature","properties":{"id":null,"group":null,"name":null,"settlement_id":"settlement_seshai","country_id":"country_barrel","district_id":null,"status":null,"surface":null,"access":null,"bridge":null,"tunnel":null,"oneway":null,"route_id":null,"alt_name":null,"notes":null},"geometry":{"type":"LineString","coordinates":[[23.89268452847813,-10.994511533701363],[23.89315073995076,-10.994715046140268],[23.89359203992089,-10.994909358739864],[23.894054864839497,-10.995150738595523]]}},{"type":"Feature","properties":{"id":null,"group":null,"name":null,"settlement_id":"settlement_seshai","country_id":"country_barrel","district_id":null,"status":null,"surface":null,"access":null,"bridge":null,"tunnel":null,"oneway":null,"route_id":null,"alt_name":null,"notes":null},"geometry":{"type":"LineString","coordinates":[[23.89487103325438,-10.995386993645294],[23.894827854071742,-10.995248816048747],[23.894702827718053,-10.994848336697366],[23.894435985687114,-10.993983770065743],[23.894292021485505,-10.993517999383265]]}},{"type":"Feature","properties":{"id":null,"group":null,"name":null,"settlement_id":"settlement_seshai","country_id":"country_barrel","district_id":null,"status":null,"surface":null,"access":null,"bridge":null,"tunnel":null,"oneway":null,"route_id":null,"alt_name":null,"notes":null},"geometry":{"type":"LineString","coordinates":[[23.89305914517026,-10.9944360775288],[23.893435759048014,-10.994330936827435],[23.893776036181468,-10.994211004878206],[23.894086420638615,-10.994098067777301],[23.894435985687114,-10.993983770065743],[23.894762738109616,-10.993889131044245],[23.895127352064936,-10.993783575781055]]}},{"type":"Feature","properties":{"id":null,"group":null,"name":"Avenida 5 de Abril","settlement_id":"settlement_seshai","country_id":"country_barrel","district_id":null,"status":null,"surface":null,"access":null,"bridge":null,"tunnel":null,"oneway":null,"route_id":null,"alt_name":null,"notes":null},"geometry":{"type":"LineString","coordinates":[[23.895489168414574,-10.996575130095255],[23.895617969040767,-10.996712630635958],[23.89572124977695,-10.996835553618077],[23.89589900790959,-10.997054498511329],[23.896014590561354,-10.997208316685192]]}},{"type":"Feature","properties":{"id":null,"group":null,"name":"Avenida 5 de Abril","settlement_id":"settlement_seshai","country_id":"country_barrel","district_id":null,"status":null,"surface":null,"access":null,"bridge":null,"tunnel":null,"oneway":null,"route_id":null,"alt_name":null,"notes":null},"geometry":{"type":"LineString","coordinates":[[23.896014590561354,-10.997208316685192],[23.895774084729492,-10.99678244855438]]}},{"type":"Feature","properties":{"id":null,"group":null,"name":null,"settlement_id":"settlement_seshai","country_id":"country_barrel","district_id":null,"status":null,"surface":null,"access":null,"bridge":null,"tunnel":null,"oneway":null,"route_id":null,"alt_name":null,"notes":null},"geometry":{"type":"LineString","coordinates":[[23.90107522038715,-10.995001395251094],[23.90136205856157,-10.995398716332456],[23.90206774769474,-10.996139293767516],[23.903248347488134,-10.997396558694987],[23.9047840306019,-10.998763307162744]]}},{"type":"Feature","properties":{"id":null,"group":null,"name":null,"settlement_id":"settlement_seshai","country_id":"country_barrel","district_id":null,"status":null,"surface":null,"access":null,"bridge":null,"tunnel":null,"oneway":null,"route_id":null,"alt_name":null,"notes":null},"geometry":{"type":"LineString","coordinates":[[23.897091014697455,-11.016220158266936],[23.897128962458755,-11.01624039603886],[23.897159128849058,-11.01624612656207],[23.897189761980638,-11.016244328994375],[23.897219250950553,-11.016234932683755],[23.897245769091207,-11.01621854036188],[23.897267735283886,-11.016196100745596],[23.897284011136822,-11.016168942015671],[23.897295150782693,-11.016127826589244],[23.89729314276401,-11.016085290276983],[23.897278022520826,-11.016045903499428],[23.8972514549828,-11.0160136004667],[23.897216289994986,-11.015991907988006],[23.897174099439784,-11.01598291871375],[23.897131155840665,-11.015989117689063],[23.897099131607487,-11.016005082290192],[23.897072392274456,-11.016029348688136],[23.897053129080987,-11.016060361739864],[23.897041786715313,-11.016103268507873],[23.897044825300476,-11.01614750126723],[23.897061898737253,-11.016187929694805],[23.897091014697455,-11.016220158266936]]}},{"type":"Feature","properties":{"id":null,"group":null,"name":null,"settlement_id":"settlement_seshai","country_id":"country_barrel","district_id":null,"status":null,"surface":null,"access":null,"bridge":null,"tunnel":null,"oneway":null,"route_id":null,"alt_name":null,"notes":null},"geometry":{"type":"LineString","coordinates":[[23.897053129080987,-11.016060361739864],[23.89700783469393,-11.016088172142613],[23.89691290396663,-11.016128145346308],[23.896798043594963,-11.016174979255194],[23.89622516586078,-11.016373281100066],[23.896091229438998,-11.016416571802523]]}},{"type":"Feature","properties":{"id":null,"group":null,"name":null,"settlement_id":"settlement_seshai","country_id":"country_barrel","district_id":null,"status":null,"surface":null,"access":null,"bridge":null,"tunnel":null,"oneway":null,"route_id":null,"alt_name":null,"notes":null},"geometry":{"type":"LineString","coordinates":[[23.89612422578835,-11.01654064585674],[23.896257723063673,-11.016490383271435],[23.896797166648327,-11.016312168179542],[23.896920267743234,-11.01627474652227],[23.897024765641344,-11.016251308107439],[23.897128962458755,-11.01624039603886]]}},{"type":"Feature","properties":{"id":null,"group":null,"name":null,"settlement_id":"settlement_seshai","country_id":"country_barrel","district_id":null,"status":null,"surface":null,"access":null,"bridge":null,"tunnel":null,"oneway":null,"route_id":null,"alt_name":null,"notes":null},"geometry":{"type":"LineString","coordinates":[[23.89425127151157,-10.996353080759459],[23.894435919675253,-10.996132984176906],[23.89450909894804,-10.996066394357605],[23.89459434348163,-10.996011184761581]]}},{"type":"Feature","properties":{"id":null,"group":null,"name":"Avenida Joaquim Morais","settlement_id":"settlement_seshai","country_id":"country_barrel","district_id":null,"status":null,"surface":null,"access":null,"bridge":null,"tunnel":null,"oneway":null,"route_id":null,"alt_name":null,"notes":null},"geometry":{"type":"LineString","coordinates":[[23.894540550529033,-10.99580050752444],[23.894178262501985,-10.995589485261487],[23.892643375947735,-10.994680428104001],[23.892226839151554,-10.994430475633667],[23.890546184375946,-10.99342231950725],[23.889755889770996,-10.992872977958317]]}},{"type":"Feature","properties":{"id":null,"group":null,"name":"Avenida Joaquim Morais","settlement_id":"settlement_seshai","country_id":"country_barrel","district_id":null,"status":null,"surface":null,"access":null,"bridge":null,"tunnel":null,"oneway":null,"route_id":null,"alt_name":null,"notes":null},"geometry":{"type":"LineString","coordinates":[[23.88971127763939,-10.992968457368207],[23.890425557812893,-10.993483997641842],[23.892164575892355,-10.99452417524174],[23.89345395690122,-10.995289508367879],[23.8941431131823,-10.99569255579716],[23.89449363344878,-10.995886263909508]]}},{"type":"Feature","properties":{"id":null,"group":null,"name":null,"settlement_id":"settlement_seshai","country_id":"country_barrel","district_id":null,"status":null,"surface":null,"access":null,"bridge":null,"tunnel":null,"oneway":null,"route_id":null,"alt_name":null,"notes":null},"geometry":{"type":"LineString","coordinates":[[23.894495829181086,-10.995921123323726],[23.894457677400627,-10.99601678675273],[23.894413991476608,-10.99610501894664],[23.89425127151157,-10.996353080759459]]}},{"type":"Feature","properties":{"id":null,"group":null,"name":"Mo\u00e7\u00e2medes-Virei","settlement_id":"settlement_seshai","country_id":"country_barrel","district_id":null,"status":null,"surface":null,"access":null,"bridge":null,"tunnel":null,"oneway":null,"route_id":null,"alt_name":null,"notes":null},"geometry":{"type":"LineString","coordinates":[[23.895994375509467,-10.99375794851764],[23.895929927829616,-10.993823890814848],[23.895851067202884,-10.993958590635014],[23.89577571826513,-10.99407917918165],[23.895322179418645,-10.994721015839001],[23.89502994761066,-10.995152384614418],[23.89487103325438,-10.995386993645294],[23.894808842380414,-10.995473098204954],[23.89460134763338,-10.995778169393294]]}},{"type":"Feature","properties":{"id":null,"group":null,"name":"Mo\u00e7\u00e2medes-Virei","settlement_id":"settlement_seshai","country_id":"country_barrel","district_id":null,"status":null,"surface":null,"access":null,"bridge":null,"tunnel":null,"oneway":null,"route_id":null,"alt_name":null,"notes":null},"geometry":{"type":"LineString","coordinates":[[23.894699933634822,-10.995828380550613],[23.894905912145298,-10.995513720252479],[23.89500848193542,-10.995356471029414],[23.89537629495709,-10.99479298999061],[23.895855303839983,-10.994095532049148],[23.895911619784826,-10.993984289366889],[23.895971010005386,-10.99384597938279],[23.895994375509467,-10.99375794851764]]}},{"type":"Feature","properties":{"id":null,"group":null,"name":null,"settlement_id":"settlement_seshai","country_id":"country_barrel","district_id":null,"status":null,"surface":null,"access":null,"bridge":null,"tunnel":null,"oneway":null,"route_id":null,"alt_name":null,"notes":null},"geometry":{"type":"LineString","coordinates":[[23.903602815250732,-11.014084357292031],[23.903304326243067,-11.014183389419674],[23.902577676310745,-11.014384693110276],[23.902273593476977,-11.01446887939306],[23.90118133989065,-11.014771411627951],[23.899881595204878,-11.0151125559549],[23.89979480246107,-11.015141637729645],[23.898893270013254,-11.015465496411078],[23.898252487643656,-11.015693348391117],[23.89808247929744,-11.015753742200538],[23.897456064035424,-11.015944171109897],[23.897216289994986,-11.015991907988006]]}},{"type":"Feature","properties":{"id":null,"group":null,"name":null,"settlement_id":"settlement_seshai","country_id":"country_barrel","district_id":null,"status":null,"surface":null,"access":null,"bridge":null,"tunnel":null,"oneway":null,"route_id":null,"alt_name":null,"notes":null},"geometry":{"type":"LineString","coordinates":[[23.89040154307448,-11.002425643304264],[23.890444786705423,-11.002445157360295],[23.890474610919124,-11.002455292757531],[23.89050257671967,-11.002460243918986],[23.890536262416095,-11.002460181818918],[23.890569084825767,-11.002452061509619],[23.890599332609483,-11.002436403873133],[23.890622020556744,-11.002414492527915],[23.890644970678228,-11.002387452706845],[23.890659639322738,-11.00235900677799],[23.890675154286505,-11.002327965903337],[23.89069435168539,-11.002264483702085]]}},{"type":"Feature","properties":{"id":null,"group":null,"name":null,"settlement_id":"settlement_seshai","country_id":"country_barrel","district_id":null,"status":null,"surface":null,"access":null,"bridge":null,"tunnel":null,"oneway":null,"route_id":null,"alt_name":null,"notes":null},"geometry":{"type":"LineString","coordinates":[[23.90580435515333,-10.999940006236312],[23.90460574055926,-11.000565491124132],[23.902940289732392,-11.001350176833999],[23.902859421793682,-11.00138797334824],[23.902805336131156,-11.00140901666332],[23.90272403632096,-11.0014320323289]]}},{"type":"Feature","properties":{"id":null,"group":null,"name":null,"settlement_id":"settlement_seshai","country_id":"country_barrel","district_id":null,"status":null,"surface":null,"access":null,"bridge":null,"tunnel":null,"oneway":null,"route_id":null,"alt_name":null,"notes":null},"geometry":{"type":"LineString","coordinates":[[23.90279109228889,-11.001557426376468],[23.902839297594564,-11.001518445631163],[23.902883386404216,-11.00148160602118],[23.902945671237863,-11.00144034999741],[23.90448979187752,-11.000694603800515],[23.9046322306265,-11.000628717513695],[23.905845724544175,-10.999997441621751]]}},{"type":"Feature","properties":{"id":null,"group":null,"name":"Avenida Hospital Ngola Kimbanda","settlement_id":"settlement_seshai","country_id":"country_barrel","district_id":null,"status":null,"surface":null,"access":null,"bridge":null,"tunnel":null,"oneway":null,"route_id":null,"alt_name":null,"notes":null},"geometry":{"type":"LineString","coordinates":[[23.899840512906383,-11.013331143511149],[23.89958606052893,-11.013388864197278],[23.89946877746269,-11.01339978584431],[23.89934032152231,-11.01337614961405]]}},{"type":"Feature","properties":{"id":null,"group":null,"name":"Rua Comandante Gika","settlement_id":"settlement_seshai","country_id":"country_barrel","district_id":null,"status":null,"surface":null,"access":null,"bridge":null,"tunnel":null,"oneway":null,"route_id":null,"alt_name":null,"notes":null},"geometry":{"type":"LineString","coordinates":[[23.898565763940447,-11.003622673070662],[23.898698474464993,-11.00357704416891],[23.89878501807944,-11.00355420882791],[23.8988706447226,-11.003535579335658],[23.898911508602126,-11.003526694328627]]}},{"type":"Feature","properties":{"id":null,"group":null,"name":"Avenida 5 de Abril","settlement_id":"settlement_seshai","country_id":"country_barrel","district_id":null,"status":null,"surface":null,"access":null,"bridge":null,"tunnel":null,"oneway":null,"route_id":null,"alt_name":null,"notes":null},"geometry":{"type":"LineString","coordinates":[[23.89898301617126,-11.003312238301536],[23.898921978740002,-11.003229655785315],[23.898880376731057,-11.003167616500573],[23.89876409034108,-11.002985683833067]]}},{"type":"Feature","properties":{"id":null,"group":null,"name":"Avenida 5 de Abril","settlement_id":"settlement_seshai","country_id":"country_barrel","district_id":null,"status":null,"surface":null,"access":null,"bridge":null,"tunnel":null,"oneway":null,"route_id":null,"alt_name":null,"notes":null},"geometry":{"type":"LineString","coordinates":[[23.89876409034108,-11.002985683833067],[23.89882767523732,-11.003198429364087],[23.89884381576182,-11.00328079333357],[23.898856893208194,-11.003391950836221]]}},{"type":"Feature","properties":{"id":null,"group":null,"name":"Rua Comandante Gika","settlement_id":"settlement_seshai","country_id":"country_barrel","district_id":null,"status":null,"surface":null,"access":null,"bridge":null,"tunnel":null,"oneway":null,"route_id":null,"alt_name":null,"notes":null},"geometry":{"type":"LineString","coordinates":[[23.898852401398976,-11.003414821639662],[23.898754270212127,-11.00349634537956],[23.898680742878796,-11.003553037277165],[23.898565763940447,-11.003622673070662]]}},{"type":"Feature","properties":{"id":null,"group":null,"name":"Avenida 5 de Abril","settlement_id":"settlement_seshai","country_id":"country_barrel","district_id":null,"status":null,"surface":null,"access":null,"bridge":null,"tunnel":null,"oneway":null,"route_id":null,"alt_name":null,"notes":null},"geometry":{"type":"LineString","coordinates":[[23.898941397926084,-11.00353704364326],[23.899007508301406,-11.003632760665123],[23.899057107560058,-11.003714009686906],[23.899104335254712,-11.003802057655978],[23.899198219657904,-11.003982113893972]]}},{"type":"Feature","properties":{"id":null,"group":null,"name":"Avenida 5 de Abril","settlement_id":"settlement_seshai","country_id":"country_barrel","district_id":null,"status":null,"surface":null,"access":null,"bridge":null,"tunnel":null,"oneway":null,"route_id":null,"alt_name":null,"notes":null},"geometry":{"type":"LineString","coordinates":[[23.899198219657904,-11.003982113893972],[23.899138649430366,-11.003789930523222],[23.89910973862988,-11.00369555947038],[23.899087656789014,-11.003615331094448],[23.899059617485065,-11.003477594035406]]}},{"type":"Feature","properties":{"id":null,"group":null,"name":null,"settlement_id":"settlement_seshai","country_id":"country_barrel","district_id":null,"status":null,"surface":null,"access":null,"bridge":null,"tunnel":null,"oneway":null,"route_id":null,"alt_name":null,"notes":null},"geometry":{"type":"LineString","coordinates":[[23.902521449244333,-11.00158812293202],[23.90239109422874,-11.001659306707634],[23.900815798320803,-11.002455445390549],[23.899218537497173,-11.003246536056206],[23.899013857906578,-11.003322952187972]]}},{"type":"Feature","properties":{"id":null,"group":null,"name":"Rua Gerrilheiro Faria","settlement_id":"settlement_seshai","country_id":"country_barrel","district_id":null,"status":null,"surface":null,"access":null,"bridge":null,"tunnel":null,"oneway":null,"route_id":null,"alt_name":null,"notes":null},"geometry":{"type":"LineString","coordinates":[[23.89917920479832,-11.013789207880219],[23.899245678718952,-11.013835589642536],[23.89931020555804,-11.013905984294578],[23.899412914715455,-11.014092610442223]]}},{"type":"Feature","properties":{"id":null,"group":null,"name":"Rua Gerrilheiro Faria","settlement_id":"settlement_seshai","country_id":"country_barrel","district_id":null,"status":null,"surface":null,"access":null,"bridge":null,"tunnel":null,"oneway":null,"route_id":null,"alt_name":null,"notes":null},"geometry":{"type":"LineString","coordinates":[[23.899412914715455,-11.014092610442223],[23.899360329871847,-11.013922609370983],[23.89935035301903,-11.013797372226303],[23.899346450348734,-11.013707450153568]]}},{"type":"Feature","properties":{"id":null,"group":null,"name":null,"settlement_id":"settlement_seshai","country_id":"country_barrel","district_id":null,"status":null,"surface":null,"access":null,"bridge":null,"tunnel":null,"oneway":null,"route_id":null,"alt_name":null,"notes":null},"geometry":{"type":"LineString","coordinates":[[23.89871982885359,-11.013646396146076],[23.898872163426518,-11.013656640553915],[23.89893832253726,-11.013682175472471],[23.898997667922654,-11.013710205014608]]}},{"type":"Feature","properties":{"id":null,"group":null,"name":null,"settlement_id":"settlement_seshai","country_id":"country_barrel","district_id":null,"status":null,"surface":null,"access":null,"bridge":null,"tunnel":null,"oneway":null,"route_id":null,"alt_name":null,"notes":null},"geometry":{"type":"LineString","coordinates":[[23.89895280305668,-11.013466658502008],[23.898867308002693,-11.013550226293315],[23.898804249577186,-11.013602609830539],[23.89871982885359,-11.013646396146076]]}},{"type":"Feature","properties":{"id":null,"group":null,"name":"Rua Gerrilheiro Faria","settlement_id":"settlement_seshai","country_id":"country_barrel","district_id":null,"status":null,"surface":null,"access":null,"bridge":null,"tunnel":null,"oneway":null,"route_id":null,"alt_name":null,"notes":null},"geometry":{"type":"LineString","coordinates":[[23.89888906526969,-11.012974038380097],[23.898961973064825,-11.013175485081259],[23.89897848970089,-11.013274750486776],[23.89898288622869,-11.013407763232571]]}},{"type":"Feature","properties":{"id":null,"group":null,"name":"Rua Gerrilheiro Faria","settlement_id":"settlement_seshai","country_id":"country_barrel","district_id":null,"status":null,"surface":null,"access":null,"bridge":null,"tunnel":null,"oneway":null,"route_id":null,"alt_name":null,"notes":null},"geometry":{"type":"LineString","coordinates":[[23.899161537863993,-11.013305424416846],[23.899078141503153,-11.013233854541909],[23.89900969523201,-11.01316025863192],[23.89888906526969,-11.012974038380097]]}},{"type":"Feature","properties":{"id":null,"group":null,"name":"Avenida Hospital Ngola Kimbanda","settlement_id":"settlement_seshai","country_id":"country_barrel","district_id":null,"status":null,"surface":null,"access":null,"bridge":null,"tunnel":null,"oneway":null,"route_id":null,"alt_name":null,"notes":null},"geometry":{"type":"LineString","coordinates":[[23.899402987485953,-11.01358833339524],[23.8994917987841,-11.013484636706181],[23.899558605553366,-11.01343765686391],[23.899840512906383,-11.013331143511149]]}},{"type":"Feature","properties":{"id":null,"group":null,"name":null,"settlement_id":"settlement_seshai","country_id":"country_barrel","district_id":null,"status":null,"surface":null,"access":null,"bridge":null,"tunnel":null,"oneway":null,"route_id":null,"alt_name":null,"notes":null},"geometry":{"type":"LineString","coordinates":[[23.902077785774956,-11.027382410827713],[23.901916542379873,-11.026121123062158],[23.901818198823296,-11.025574244570276],[23.901763271126516,-11.025098436417629],[23.901604108774926,-11.024077589599628],[23.90152411479288,-11.023486559741801],[23.901456152592885,-11.022907107285278],[23.901312797074016,-11.022197599388765],[23.90129000178005,-11.022157416624143],[23.901264677220816,-11.02214348081776],[23.901201877981716,-11.022137585432365],[23.90098120655972,-11.02212598269497],[23.900785492593574,-11.022097621216641],[23.90071393925228,-11.022083545018642],[23.900466305365942,-11.022012692930904],[23.90028922267,-11.02189072949869],[23.900059263491773,-11.021705623944076],[23.899574763813426,-11.021282450786035],[23.899089006834455,-11.020867280077315],[23.898847990224528,-11.020652910667788]]}},{"type":"Feature","properties":{"id":null,"group":null,"name":null,"settlement_id":"settlement_seshai","country_id":"country_barrel","district_id":null,"status":null,"surface":null,"access":null,"bridge":null,"tunnel":null,"oneway":null,"route_id":null,"alt_name":null,"notes":null},"geometry":{"type":"LineString","coordinates":[[23.890234836078132,-11.00202691153055],[23.890306356032344,-11.002133183004375],[23.89033142268215,-11.002177910099832],[23.890348220785786,-11.002216973173372],[23.89037534243412,-11.002326660849029]]}},{"type":"Feature","properties":{"id":null,"group":null,"name":null,"settlement_id":"settlement_seshai","country_id":"country_barrel","district_id":null,"status":null,"surface":null,"access":null,"bridge":null,"tunnel":null,"oneway":null,"route_id":null,"alt_name":null,"notes":null},"geometry":{"type":"LineString","coordinates":[[23.89037534243412,-11.002326660849029],[23.89040154307448,-11.002425643304264]]}},{"type":"Feature","properties":{"id":null,"group":null,"name":null,"settlement_id":"settlement_seshai","country_id":"country_barrel","district_id":null,"status":null,"surface":null,"access":null,"bridge":null,"tunnel":null,"oneway":null,"route_id":null,"alt_name":null,"notes":null},"geometry":{"type":"LineString","coordinates":[[23.890495431398126,-11.00217674773845],[23.89045510167361,-11.002199213786621],[23.89041863204078,-11.002233594099032],[23.890392542305207,-11.002276735560503],[23.89037534243412,-11.002326660849029]]}},{"type":"Feature","properties":{"id":null,"group":null,"name":null,"settlement_id":"settlement_seshai","country_id":"country_barrel","district_id":null,"status":null,"surface":null,"access":null,"bridge":null,"tunnel":null,"oneway":null,"route_id":null,"alt_name":null,"notes":null},"geometry":{"type":"LineString","coordinates":[[23.890495431398126,-11.00217674773845],[23.89043999828387,-11.002165104292079],[23.890397597391722,-11.002149587709162],[23.890365451604044,-11.002135203748143],[23.890330822390386,-11.002115732293102],[23.890296191215416,-11.002091493239483],[23.890234836078132,-11.00202691153055]]}},{"type":"Feature","properties":{"id":null,"group":null,"name":"Avenida Eduardo Mondlane","settlement_id":"settlement_seshai","country_id":"country_barrel","district_id":null,"status":null,"surface":null,"access":null,"bridge":null,"tunnel":null,"oneway":null,"route_id":null,"alt_name":null,"notes":null},"geometry":{"type":"LineString","coordinates":[[23.89463989934706,-11.012078011588091],[23.894934562133045,-11.012686725184583],[23.895289624750994,-11.013836990570198],[23.895547101988754,-11.014667103455313],[23.8955810486741,-11.01478139861074],[23.895747595278767,-11.015335800016288],[23.89583451550794,-11.015616612148794],[23.895989462224428,-11.016087594775911],[23.896091229438998,-11.016416571802523],[23.89612422578835,-11.01654064585674]]}},{"type":"Feature","properties":{"id":null,"group":null,"name":"Avenida Eduardo Mondlane","settlement_id":"settlement_seshai","country_id":"country_barrel","district_id":null,"status":null,"surface":null,"access":null,"bridge":null,"tunnel":null,"oneway":null,"route_id":null,"alt_name":null,"notes":null},"geometry":{"type":"LineString","coordinates":[[23.89069435168539,-11.002264483702085],[23.890265915810176,-11.001331299073605],[23.889942057083985,-11.000603011077363],[23.88943817329292,-10.999509028090703],[23.888329756659832,-10.997089446015739],[23.887395162763966,-10.995009959495032]]}},{"type":"Feature","properties":{"id":null,"group":null,"name":null,"settlement_id":"settlement_seshai","country_id":"country_barrel","district_id":null,"status":null,"surface":null,"access":null,"bridge":null,"tunnel":null,"oneway":null,"route_id":null,"alt_name":null,"notes":null},"geometry":{"type":"LineString","coordinates":[[23.895224160637344,-10.994050953604201],[23.89520991428586,-10.994081094132884],[23.8949413895659,-10.994479770034804],[23.894702827718053,-10.994848336697366]]}},{"type":"Feature","properties":{"id":null,"group":null,"name":null,"settlement_id":"settlement_seshai","country_id":"country_barrel","district_id":null,"status":null,"surface":null,"access":null,"bridge":null,"tunnel":null,"oneway":null,"route_id":null,"alt_name":null,"notes":null},"geometry":{"type":"LineString","coordinates":[[23.897547054197258,-10.998947683838683],[23.89698111450262,-10.999216238324841]]}},{"type":"Feature","properties":{"id":null,"group":null,"name":null,"settlement_id":"settlement_seshai","country_id":"country_barrel","district_id":null,"status":null,"surface":null,"access":null,"bridge":null,"tunnel":null,"oneway":null,"route_id":null,"alt_name":null,"notes":null},"geometry":{"type":"LineString","coordinates":[[23.897888534723027,-10.999698235755954],[23.897547054197258,-10.998947683838683],[23.897432345139784,-10.998674020903422],[23.897287083637437,-10.99843513436982],[23.897245516840453,-10.998366913761583],[23.897086261696447,-10.998145328904005]]}},{"type":"Feature","properties":{"id":null,"group":null,"name":null,"settlement_id":"settlement_seshai","country_id":"country_barrel","district_id":null,"status":null,"surface":null,"access":null,"bridge":null,"tunnel":null,"oneway":null,"route_id":null,"alt_name":null,"notes":null},"geometry":{"type":"LineString","coordinates":[[23.89920968827525,-10.999193364978982],[23.898826065661165,-10.999403108393569],[23.898690948246607,-10.999456341694078],[23.898501261346706,-10.999522117373512],[23.897888534723027,-10.999698235755954],[23.897333037846483,-10.999960245965962]]}},{"type":"Feature","properties":{"id":null,"group":null,"name":null,"settlement_id":"settlement_seshai","country_id":"country_barrel","district_id":null,"status":null,"surface":null,"access":null,"bridge":null,"tunnel":null,"oneway":null,"route_id":null,"alt_name":null,"notes":null},"geometry":{"type":"LineString","coordinates":[[23.896365834348824,-10.99950238170209],[23.89593583548532,-10.998547935439916],[23.89553835051701,-10.997773572760053]]}},{"type":"Feature","properties":{"id":null,"group":null,"name":null,"settlement_id":"settlement_seshai","country_id":"country_barrel","district_id":null,"status":null,"surface":null,"access":null,"bridge":null,"tunnel":null,"oneway":null,"route_id":null,"alt_name":null,"notes":null},"geometry":{"type":"LineString","coordinates":[[23.89359011951884,-10.998908869914008],[23.894501446737138,-10.998369611551812],[23.894911797030424,-10.998112372019857],[23.89553835051701,-10.997773572760053],[23.896154281317134,-10.99746806506873]]}},{"type":"Feature","properties":{"id":null,"group":null,"name":null,"settlement_id":"settlement_seshai","country_id":"country_barrel","district_id":null,"status":null,"surface":null,"access":null,"bridge":null,"tunnel":null,"oneway":null,"route_id":null,"alt_name":null,"notes":null},"geometry":{"type":"LineString","coordinates":[[23.896815841317878,-11.002394619205798],[23.896365772304343,-11.001487886558838]]}},{"type":"Feature","properties":{"id":null,"group":null,"name":null,"settlement_id":"settlement_seshai","country_id":"country_barrel","district_id":null,"status":null,"surface":null,"access":null,"bridge":null,"tunnel":null,"oneway":null,"route_id":null,"alt_name":null,"notes":null},"geometry":{"type":"LineString","coordinates":[[23.897614480490287,-11.004954627862478],[23.89755847707423,-11.004979199948071],[23.89666708114182,-11.005413615361803]]}},{"type":"Feature","properties":{"id":null,"group":null,"name":"Rua da Radio","settlement_id":"settlement_seshai","country_id":"country_barrel","district_id":null,"status":null,"surface":null,"access":null,"bridge":null,"tunnel":null,"oneway":null,"route_id":null,"alt_name":null,"notes":null},"geometry":{"type":"LineString","coordinates":[[23.897291859429213,-11.004257283656969],[23.897614480490287,-11.004954627862478],[23.898445114997354,-11.006750307749225],[23.898747877294205,-11.007463653501016],[23.899011105556202,-11.008002418182567],[23.899293319466725,-11.008579907341524],[23.899320810088085,-11.008633059065268]]}},{"type":"Feature","properties":{"id":null,"group":null,"name":"Rua da Radio","settlement_id":"settlement_seshai","country_id":"country_barrel","district_id":null,"status":null,"surface":null,"access":null,"bridge":null,"tunnel":null,"oneway":null,"route_id":null,"alt_name":null,"notes":null},"geometry":{"type":"LineString","coordinates":[[23.897331852518903,-11.004237397662479],[23.89720682589235,-11.003999411018622],[23.897179223637117,-11.003945124597617],[23.89691550001253,-11.00338000513251],[23.896870541484287,-11.003280982151654],[23.896830432632367,-11.00319282428191],[23.896556524463666,-11.002532963194167]]}},{"type":"Feature","properties":{"id":null,"group":null,"name":null,"settlement_id":"settlement_seshai","country_id":"country_barrel","district_id":null,"status":null,"surface":null,"access":null,"bridge":null,"tunnel":null,"oneway":null,"route_id":null,"alt_name":null,"notes":null},"geometry":{"type":"LineString","coordinates":[[23.897086261696447,-10.998145328904005],[23.89700884104317,-10.998114433233663],[23.896942595111295,-10.998117487167168],[23.896527848632374,-10.99825784156938]]}},{"type":"Feature","properties":{"id":null,"group":null,"name":null,"settlement_id":"settlement_seshai","country_id":"country_barrel","district_id":null,"status":null,"surface":null,"access":null,"bridge":null,"tunnel":null,"oneway":null,"route_id":null,"alt_name":null,"notes":null},"geometry":{"type":"LineString","coordinates":[[23.898194478908668,-10.998968654605374],[23.89825833968378,-10.998857780075387],[23.898305635429583,-10.998733949859247],[23.89831891151215,-10.99856316240177]]}},{"type":"Feature","properties":{"id":null,"group":null,"name":null,"settlement_id":"settlement_seshai","country_id":"country_barrel","district_id":null,"status":null,"surface":null,"access":null,"bridge":null,"tunnel":null,"oneway":null,"route_id":null,"alt_name":null,"notes":null},"geometry":{"type":"LineString","coordinates":[[23.897086261696447,-10.998145328904005],[23.897836276909075,-10.998722216606101],[23.898194478908668,-10.998968654605374],[23.898826065661165,-10.999403108393569]]}},{"type":"Feature","properties":{"id":null,"group":null,"name":null,"settlement_id":"settlement_seshai","country_id":"country_barrel","district_id":null,"status":null,"surface":null,"access":null,"bridge":null,"tunnel":null,"oneway":null,"route_id":null,"alt_name":null,"notes":null},"geometry":{"type":"LineString","coordinates":[[23.89846927471126,-11.002362338195063],[23.897966881301635,-11.002601921149317],[23.897887821557948,-11.002645197666364],[23.897783908375143,-11.002698048971364],[23.896830432632367,-11.00319282428191]]}},{"type":"Feature","properties":{"id":null,"group":null,"name":"rua da cidade do namibe","settlement_id":"settlement_seshai","country_id":"country_barrel","district_id":null,"status":null,"surface":null,"access":null,"bridge":null,"tunnel":null,"oneway":null,"route_id":null,"alt_name":null,"notes":null},"geometry":{"type":"LineString","coordinates":[[23.898076503571797,-11.002823700516895],[23.89802708637094,-11.002731223545386],[23.897966881301635,-11.002601921149317]]}},{"type":"Feature","properties":{"id":null,"group":null,"name":null,"settlement_id":"settlement_seshai","country_id":"country_barrel","district_id":null,"status":null,"surface":null,"access":null,"bridge":null,"tunnel":null,"oneway":null,"route_id":null,"alt_name":null,"notes":null},"geometry":{"type":"LineString","coordinates":[[23.89691550001253,-11.00338000513251],[23.898076503571797,-11.002823700516895],[23.898574668851527,-11.002585124000706]]}},{"type":"Feature","properties":{"id":null,"group":null,"name":null,"settlement_id":"settlement_seshai","country_id":"country_barrel","district_id":null,"status":null,"surface":null,"access":null,"bridge":null,"tunnel":null,"oneway":null,"route_id":null,"alt_name":null,"notes":null},"geometry":{"type":"LineString","coordinates":[[23.897432089709973,-11.002065734835163],[23.897021493360306,-11.001158908342585]]}},{"type":"Feature","properties":{"id":null,"group":null,"name":null,"settlement_id":"settlement_seshai","country_id":"country_barrel","district_id":null,"status":null,"surface":null,"access":null,"bridge":null,"tunnel":null,"oneway":null,"route_id":null,"alt_name":null,"notes":null},"geometry":{"type":"LineString","coordinates":[[23.89117039184398,-10.998327519761762],[23.892024999981317,-10.997923981979639]]}},{"type":"Feature","properties":{"id":null,"group":null,"name":null,"settlement_id":"settlement_seshai","country_id":"country_barrel","district_id":null,"status":null,"surface":null,"access":null,"bridge":null,"tunnel":null,"oneway":null,"route_id":null,"alt_name":null,"notes":null},"geometry":{"type":"LineString","coordinates":[[23.900399086217003,-10.997537295857182],[23.90040070555785,-10.997496694037824],[23.900033588445027,-10.996667135947352],[23.900019005823264,-10.996629361919997],[23.89999803165513,-10.996590401244042]]}},{"type":"Feature","properties":{"id":null,"group":null,"name":null,"settlement_id":"settlement_seshai","country_id":"country_barrel","district_id":null,"status":null,"surface":null,"access":null,"bridge":null,"tunnel":null,"oneway":null,"route_id":null,"alt_name":null,"notes":null},"geometry":{"type":"LineString","coordinates":[[23.899121748234705,-10.997050508913059],[23.89988186584007,-10.996655676839872],[23.899944770258823,-10.996621524766713],[23.89999803165513,-10.996590401244042]]}},{"type":"Feature","properties":{"id":null,"group":null,"name":null,"settlement_id":"settlement_seshai","country_id":"country_barrel","district_id":null,"status":null,"surface":null,"access":null,"bridge":null,"tunnel":null,"oneway":null,"route_id":null,"alt_name":null,"notes":null},"geometry":{"type":"LineString","coordinates":[[23.899468049086387,-10.997919032286443],[23.899121748234705,-10.997050508913059],[23.89908054185879,-10.996961048952269],[23.8989116028693,-10.99657187846542],[23.898776157210907,-10.996321776798847],[23.89877387789576,-10.996292786201717],[23.898778131887273,-10.996283263935371]]}},{"type":"Feature","properties":{"id":null,"group":null,"name":null,"settlement_id":"settlement_seshai","country_id":"country_barrel","district_id":null,"status":null,"surface":null,"access":null,"bridge":null,"tunnel":null,"oneway":null,"route_id":null,"alt_name":null,"notes":null},"geometry":{"type":"LineString","coordinates":[[23.89896348247393,-10.99760747493443],[23.899134448820206,-10.997810863425851],[23.899159239566597,-10.997827345807153],[23.89922585271592,-10.997860362292986],[23.89939808771924,-10.99788960598687],[23.899468049086387,-10.997919032286443],[23.899496076416728,-10.997930789784217],[23.899561917365233,-10.997952822021976],[23.899596481012413,-10.997950576071528],[23.899707829923205,-10.997928605180213],[23.90038995379143,-10.99758331649172],[23.900399086217003,-10.997537295857182]]}},{"type":"Feature","properties":{"id":null,"group":null,"name":null,"settlement_id":"settlement_seshai","country_id":"country_barrel","district_id":null,"status":null,"surface":null,"access":null,"bridge":null,"tunnel":null,"oneway":null,"route_id":null,"alt_name":null,"notes":null},"geometry":{"type":"LineString","coordinates":[[23.892005922146737,-10.996784206367412],[23.89191211959318,-10.996604265457815],[23.891842719656072,-10.996471170383789],[23.89162030503309,-10.996010438688025],[23.891574368117826,-10.995914191091611],[23.891551020674857,-10.995801391282626],[23.891580602166496,-10.995593712720055],[23.89162979165146,-10.995474261288212],[23.891664266424524,-10.995403838493448],[23.892164575892355,-10.99452417524174]]}},{"type":"Feature","properties":{"id":null,"group":null,"name":null,"settlement_id":"settlement_seshai","country_id":"country_barrel","district_id":null,"status":null,"surface":null,"access":null,"bridge":null,"tunnel":null,"oneway":null,"route_id":null,"alt_name":null,"notes":null},"geometry":{"type":"LineString","coordinates":[[23.89173952237062,-10.997300598940253],[23.89251830908142,-10.996929628646182]]}},{"type":"Feature","properties":{"id":null,"group":null,"name":null,"settlement_id":"settlement_seshai","country_id":"country_barrel","district_id":null,"status":null,"surface":null,"access":null,"bridge":null,"tunnel":null,"oneway":null,"route_id":null,"alt_name":null,"notes":null},"geometry":{"type":"LineString","coordinates":[[23.896103088417558,-11.001619775851893],[23.895741127124932,-11.000851850443642],[23.895696613170873,-11.000752598653254]]}},{"type":"Feature","properties":{"id":null,"group":null,"name":null,"settlement_id":"settlement_seshai","country_id":"country_barrel","district_id":null,"status":null,"surface":null,"access":null,"bridge":null,"tunnel":null,"oneway":null,"route_id":null,"alt_name":null,"notes":null},"geometry":{"type":"LineString","coordinates":[[23.89587317733301,-11.000720501509324],[23.895696613170873,-11.000752598653254],[23.894681705048132,-11.001224467355758]]}},{"type":"Feature","properties":{"id":null,"group":null,"name":null,"settlement_id":"settlement_seshai","country_id":"country_barrel","district_id":null,"status":null,"surface":null,"access":null,"bridge":null,"tunnel":null,"oneway":null,"route_id":null,"alt_name":null,"notes":null},"geometry":{"type":"LineString","coordinates":[[23.89587317733301,-11.000720501509324],[23.896139992493882,-11.000581604893352],[23.897333037846483,-10.999960245965962]]}},{"type":"Feature","properties":{"id":null,"group":null,"name":null,"settlement_id":"settlement_seshai","country_id":"country_barrel","district_id":null,"status":null,"surface":null,"access":null,"bridge":null,"tunnel":null,"oneway":null,"route_id":null,"alt_name":null,"notes":null},"geometry":{"type":"LineString","coordinates":[[23.898502647536727,-11.00243281907559],[23.899460395401437,-11.001906311148158]]}},{"type":"Feature","properties":{"id":null,"group":null,"name":null,"settlement_id":"settlement_seshai","country_id":"country_barrel","district_id":null,"status":null,"surface":null,"access":null,"bridge":null,"tunnel":null,"oneway":null,"route_id":null,"alt_name":null,"notes":null},"geometry":{"type":"LineString","coordinates":[[23.900490058971087,-11.02066545983443],[23.90045978819734,-11.020298920872982],[23.90044563174432,-11.020007134093227],[23.900492658222102,-11.019641750513426],[23.90053762860773,-11.019422890182586],[23.900613145760026,-11.019252324624194]]}},{"type":"Feature","properties":{"id":null,"group":null,"name":null,"settlement_id":"settlement_seshai","country_id":"country_barrel","district_id":null,"status":null,"surface":null,"access":null,"bridge":null,"tunnel":null,"oneway":null,"route_id":null,"alt_name":null,"notes":null},"geometry":{"type":"LineString","coordinates":[[23.900596412674968,-11.019121477370252],[23.90062577447932,-11.018904936994236]]}},{"type":"Feature","properties":{"id":null,"group":null,"name":null,"settlement_id":"settlement_seshai","country_id":"country_barrel","district_id":null,"status":null,"surface":null,"access":null,"bridge":null,"tunnel":null,"oneway":null,"route_id":null,"alt_name":null,"notes":null},"geometry":{"type":"LineString","coordinates":[[23.90053148066915,-11.01889217269385],[23.900596412674968,-11.019121477370252]]}},{"type":"Feature","properties":{"id":null,"group":null,"name":null,"settlement_id":"settlement_seshai","country_id":"country_barrel","district_id":null,"status":null,"surface":null,"access":null,"bridge":null,"tunnel":null,"oneway":null,"route_id":null,"alt_name":null,"notes":null},"geometry":{"type":"LineString","coordinates":[[23.898656388073096,-11.02399651553463],[23.898513390012038,-11.02356448261397],[23.89843018986986,-11.023184696692244],[23.898351182189398,-11.022788582167859],[23.898304638049552,-11.022654093346592],[23.898221249556347,-11.022514971640163],[23.89816825081286,-11.02247584794927]]}},{"type":"Feature","properties":{"id":null,"group":null,"name":null,"settlement_id":"settlement_seshai","country_id":"country_barrel","district_id":null,"status":null,"surface":null,"access":null,"bridge":null,"tunnel":null,"oneway":null,"route_id":null,"alt_name":null,"notes":null},"geometry":{"type":"LineString","coordinates":[[23.897889238405714,-11.025413087109886],[23.897882300547355,-11.025088343663267],[23.8978800877335,-11.025037455222002],[23.89785904407626,-11.024967241943411],[23.89783075019285,-11.024929574236268],[23.897789183623978,-11.024872105372069],[23.89766455144515,-11.024726183783532],[23.89763054286547,-11.024675576901505],[23.897592684821443,-11.024587902626482],[23.89753318964716,-11.024338524812233],[23.897497050239696,-11.024155898463569],[23.89740882946933,-11.023686203513964],[23.897315759935093,-11.02324865042942],[23.897286574736277,-11.02310929877292],[23.897133615924364,-11.022784917435825],[23.897093821312062,-11.022690727049731],[23.89707227098057,-11.022587056884245],[23.89705479559298,-11.022451620623116]]}},{"type":"Feature","properties":{"id":null,"group":null,"name":null,"settlement_id":"settlement_seshai","country_id":"country_barrel","district_id":null,"status":null,"surface":null,"access":null,"bridge":null,"tunnel":null,"oneway":null,"route_id":null,"alt_name":null,"notes":null},"geometry":{"type":"LineString","coordinates":[[23.89705479559298,-11.022451620623116],[23.897626597082375,-11.02255357520481],[23.897674667538205,-11.022558998421214],[23.897768845563764,-11.022550341083143],[23.897989233123035,-11.022509252840077],[23.89816825081286,-11.02247584794927]]}},{"type":"Feature","properties":{"id":null,"group":null,"name":null,"settlement_id":"settlement_seshai","country_id":"country_barrel","district_id":null,"status":null,"surface":null,"access":null,"bridge":null,"tunnel":null,"oneway":null,"route_id":null,"alt_name":null,"notes":null},"geometry":{"type":"LineString","coordinates":[[23.896749012183765,-11.022429928305403],[23.89705479559298,-11.022451620623116]]}},{"type":"Feature","properties":{"id":null,"group":null,"name":null,"settlement_id":"settlement_seshai","country_id":"country_barrel","district_id":null,"status":null,"surface":null,"access":null,"bridge":null,"tunnel":null,"oneway":null,"route_id":null,"alt_name":null,"notes":null},"geometry":{"type":"LineString","coordinates":[[23.899279343909303,-11.017691227589093],[23.90031870666913,-11.017438545133256]]}},{"type":"Feature","properties":{"id":null,"group":null,"name":null,"settlement_id":"settlement_seshai","country_id":"country_barrel","district_id":null,"status":null,"surface":null,"access":null,"bridge":null,"tunnel":null,"oneway":null,"route_id":null,"alt_name":null,"notes":null},"geometry":{"type":"LineString","coordinates":[[23.897943331478903,-11.015921517003765],[23.898521569333965,-11.01726040193645]]}},{"type":"Feature","properties":{"id":null,"group":null,"name":null,"settlement_id":"settlement_seshai","country_id":"country_barrel","district_id":null,"status":null,"surface":null,"access":null,"bridge":null,"tunnel":null,"oneway":null,"route_id":null,"alt_name":null,"notes":null},"geometry":{"type":"LineString","coordinates":[[23.897981154809074,-11.01989663687311],[23.89688778463135,-11.019825205616169]]}},{"type":"Feature","properties":{"id":null,"group":null,"name":null,"settlement_id":"settlement_seshai","country_id":"country_barrel","district_id":null,"status":null,"surface":null,"access":null,"bridge":null,"tunnel":null,"oneway":null,"route_id":null,"alt_name":null,"notes":null},"geometry":{"type":"LineString","coordinates":[[23.89875835131286,-11.017169353078845],[23.89844950395567,-11.016521715865611],[23.89816488258486,-11.015924951745308],[23.898134367107527,-11.015860940452217]]}},{"type":"Feature","properties":{"id":null,"group":null,"name":null,"settlement_id":"settlement_seshai","country_id":"country_barrel","district_id":null,"status":null,"surface":null,"access":null,"bridge":null,"tunnel":null,"oneway":null,"route_id":null,"alt_name":null,"notes":null},"geometry":{"type":"LineString","coordinates":[[23.899215181006067,-11.022762847079143],[23.900142271201485,-11.022484407463498]]}},{"type":"Feature","properties":{"id":null,"group":null,"name":null,"settlement_id":"settlement_seshai","country_id":"country_barrel","district_id":null,"status":null,"surface":null,"access":null,"bridge":null,"tunnel":null,"oneway":null,"route_id":null,"alt_name":null,"notes":null},"geometry":{"type":"LineString","coordinates":[[23.900167796861375,-11.022507911945784],[23.900196584852765,-11.02251279984424],[23.90029975792246,-11.022470878874675],[23.900602674677952,-11.022310522648592],[23.9006947364033,-11.022240850138044],[23.90072436264059,-11.022213320952371],[23.900785492593574,-11.022097621216641]]}},{"type":"Feature","properties":{"id":null,"group":null,"name":null,"settlement_id":"settlement_seshai","country_id":"country_barrel","district_id":null,"status":null,"surface":null,"access":null,"bridge":null,"tunnel":null,"oneway":null,"route_id":null,"alt_name":null,"notes":null},"geometry":{"type":"LineString","coordinates":[[23.900059263491773,-11.021705623944076],[23.899986738765563,-11.021849006872234],[23.89997125379177,-11.021978441085587],[23.900008626485512,-11.022160972539758],[23.900098269235343,-11.022406035995633],[23.900142271201485,-11.022484407463498],[23.900167796861375,-11.022507911945784]]}},{"type":"Feature","properties":{"id":null,"group":null,"name":null,"settlement_id":"settlement_seshai","country_id":"country_barrel","district_id":null,"status":null,"surface":null,"access":null,"bridge":null,"tunnel":null,"oneway":null,"route_id":null,"alt_name":null,"notes":null},"geometry":{"type":"LineString","coordinates":[[23.896792766771796,-11.021544965833865],[23.897486042762647,-11.02157128731768]]}},{"type":"Feature","properties":{"id":null,"group":null,"name":null,"settlement_id":"settlement_seshai","country_id":"country_barrel","district_id":null,"status":null,"surface":null,"access":null,"bridge":null,"tunnel":null,"oneway":null,"route_id":null,"alt_name":null,"notes":null},"geometry":{"type":"LineString","coordinates":[[23.897989233123035,-11.022509252840077],[23.897946192507128,-11.022238832509146],[23.897947693053183,-11.022210280830361],[23.8979580531092,-11.022160614249646],[23.89795586547263,-11.02206895474798],[23.897955570184195,-11.022003785792148],[23.89793728181967,-11.02195199365256],[23.897793706000652,-11.021818476035019],[23.897722189034244,-11.02176535500795],[23.897667777250174,-11.021758449375913],[23.89752931478679,-11.02161393250412],[23.897486042762647,-11.02157128731768],[23.897461792761916,-11.021528321779574],[23.8974577785718,-11.021442640881599],[23.897454713116566,-11.02039494487465]]}},{"type":"Feature","properties":{"id":null,"group":null,"name":null,"settlement_id":"settlement_seshai","country_id":"country_barrel","district_id":null,"status":null,"surface":null,"access":null,"bridge":null,"tunnel":null,"oneway":null,"route_id":null,"alt_name":null,"notes":null},"geometry":{"type":"LineString","coordinates":[[23.90206774769474,-10.996139293767516],[23.902540697812757,-10.995607154250223],[23.903394037472072,-10.994684783459359]]}},{"type":"Feature","properties":{"id":null,"group":null,"name":null,"settlement_id":"settlement_seshai","country_id":"country_barrel","district_id":null,"status":null,"surface":null,"access":null,"bridge":null,"tunnel":null,"oneway":null,"route_id":null,"alt_name":null,"notes":null},"geometry":{"type":"LineString","coordinates":[[23.90181174812706,-10.994903808477705],[23.902540697812757,-10.995607154250223],[23.903078724255177,-10.99614459982632],[23.903251378975177,-10.99631713561293],[23.90354105559131,-10.996618883302336],[23.903633952507615,-10.996723509938246],[23.904054034062234,-10.99720289301833],[23.904861451436364,-10.99853971202775],[23.904884089029057,-10.998599342803335],[23.90490346025356,-10.998662679093577],[23.9047840306019,-10.998763307162744]]}},{"type":"Feature","properties":{"id":null,"group":null,"name":null,"settlement_id":"settlement_seshai","country_id":"country_barrel","district_id":null,"status":null,"surface":null,"access":null,"bridge":null,"tunnel":null,"oneway":null,"route_id":null,"alt_name":null,"notes":null},"geometry":{"type":"LineString","coordinates":[[23.90136205856157,-10.995398716332456],[23.901657188905272,-10.995073936714519],[23.90181174812706,-10.994903808477705],[23.902627051698847,-10.994006524656484],[23.902663340778975,-10.993966636404288]]}},{"type":"Feature","properties":{"id":null,"group":null,"name":null,"settlement_id":"settlement_seshai","country_id":"country_barrel","district_id":null,"status":null,"surface":null,"access":null,"bridge":null,"tunnel":null,"oneway":null,"route_id":null,"alt_name":null,"notes":null},"geometry":{"type":"LineString","coordinates":[[23.90137805237233,-10.994527906572511],[23.902287112931255,-10.993679405405626],[23.90232424105567,-10.993644731173436]]}},{"type":"Feature","properties":{"id":null,"group":null,"name":null,"settlement_id":"settlement_seshai","country_id":"country_barrel","district_id":null,"status":null,"surface":null,"access":null,"bridge":null,"tunnel":null,"oneway":null,"route_id":null,"alt_name":null,"notes":null},"geometry":{"type":"LineString","coordinates":[[23.902714061435212,-10.993245552314164],[23.901752358850693,-10.992280958980718]]}},{"type":"Feature","properties":{"id":null,"group":null,"name":null,"settlement_id":"settlement_seshai","country_id":"country_barrel","district_id":null,"status":null,"surface":null,"access":null,"bridge":null,"tunnel":null,"oneway":null,"route_id":null,"alt_name":null,"notes":null},"geometry":{"type":"LineString","coordinates":[[23.90393639950514,-10.995288692579248],[23.904975325281217,-10.994254205807078]]}},{"type":"Feature","properties":{"id":null,"group":null,"name":null,"settlement_id":"settlement_seshai","country_id":"country_barrel","district_id":null,"status":null,"surface":null,"access":null,"bridge":null,"tunnel":null,"oneway":null,"route_id":null,"alt_name":null,"notes":null},"geometry":{"type":"LineString","coordinates":[[23.903591414703968,-10.99490168361687],[23.90467361216203,-10.993893714415076]]}},{"type":"Feature","properties":{"id":null,"group":null,"name":null,"settlement_id":"settlement_seshai","country_id":"country_barrel","district_id":null,"status":null,"surface":null,"access":null,"bridge":null,"tunnel":null,"oneway":null,"route_id":null,"alt_name":null,"notes":null},"geometry":{"type":"LineString","coordinates":[[23.903332062977793,-10.994623849543856],[23.904360396580735,-10.993482684489596]]}},{"type":"Feature","properties":{"id":null,"group":null,"name":null,"settlement_id":"settlement_seshai","country_id":"country_barrel","district_id":null,"status":null,"surface":null,"access":null,"bridge":null,"tunnel":null,"oneway":null,"route_id":null,"alt_name":null,"notes":null},"geometry":{"type":"LineString","coordinates":[[23.903000701454207,-10.994298186618902],[23.90405676744122,-10.993119737722647]]}},{"type":"Feature","properties":{"id":null,"group":null,"name":null,"settlement_id":"settlement_seshai","country_id":"country_barrel","district_id":null,"status":null,"surface":null,"access":null,"bridge":null,"tunnel":null,"oneway":null,"route_id":null,"alt_name":null,"notes":null},"geometry":{"type":"LineString","coordinates":[[23.904913943712046,-10.994171260566304],[23.906063221470003,-10.99294504069815],[23.90700011617101,-10.991857932070072]]}},{"type":"Feature","properties":{"id":null,"group":null,"name":null,"settlement_id":"settlement_seshai","country_id":"country_barrel","district_id":null,"status":null,"surface":null,"access":null,"bridge":null,"tunnel":null,"oneway":null,"route_id":null,"alt_name":null,"notes":null},"geometry":{"type":"LineString","coordinates":[[23.90464329801345,-10.993850023541928],[23.905763714231856,-10.992659374329296],[23.906684060756966,-10.991564587298079]]}},{"type":"Feature","properties":{"id":null,"group":null,"name":null,"settlement_id":"settlement_seshai","country_id":"country_barrel","district_id":null,"status":null,"surface":null,"access":null,"bridge":null,"tunnel":null,"oneway":null,"route_id":null,"alt_name":null,"notes":null},"geometry":{"type":"LineString","coordinates":[[23.904360396580735,-10.993482684489596],[23.905414619616984,-10.99232644040211],[23.906360478300897,-10.991232536407207]]}},{"type":"Feature","properties":{"id":null,"group":null,"name":null,"settlement_id":"settlement_seshai","country_id":"country_barrel","district_id":null,"status":null,"surface":null,"access":null,"bridge":null,"tunnel":null,"oneway":null,"route_id":null,"alt_name":null,"notes":null},"geometry":{"type":"LineString","coordinates":[[23.90405676744122,-10.993119737722647],[23.90506691829314,-10.99199485878411],[23.906025664656816,-10.990923023493533]]}},{"type":"Feature","properties":{"id":null,"group":null,"name":null,"settlement_id":"settlement_seshai","country_id":"country_barrel","district_id":null,"status":null,"surface":null,"access":null,"bridge":null,"tunnel":null,"oneway":null,"route_id":null,"alt_name":null,"notes":null},"geometry":{"type":"LineString","coordinates":[[23.89972128070267,-10.989596390172398],[23.900126102215143,-10.990022872391297],[23.900439285617043,-10.990319989635456],[23.9007705054944,-10.99063274675023],[23.90112136166662,-10.990964864028339],[23.90145564530643,-10.991281082842061],[23.901780371239827,-10.991588477243734],[23.90209839300638,-10.991889357495662],[23.902376695761774,-10.99215235450389],[23.90308769047948,-10.992824048118123],[23.90342457079829,-10.993135129105642]]}},{"type":"Feature","properties":{"id":null,"group":null,"name":null,"settlement_id":"settlement_seshai","country_id":"country_barrel","district_id":null,"status":null,"surface":null,"access":null,"bridge":null,"tunnel":null,"oneway":null,"route_id":null,"alt_name":null,"notes":null},"geometry":{"type":"LineString","coordinates":[[23.903078724255177,-10.99614459982632],[23.90393639950514,-10.995288692579248]]}},{"type":"Feature","properties":{"id":null,"group":null,"name":null,"settlement_id":"settlement_seshai","country_id":"country_barrel","district_id":null,"status":null,"surface":null,"access":null,"bridge":null,"tunnel":null,"oneway":null,"route_id":null,"alt_name":null,"notes":null},"geometry":{"type":"LineString","coordinates":[[23.903251378975177,-10.99631713561293],[23.9041375081133,-10.995500343276678],[23.905155021715327,-10.994473682665916]]}},{"type":"Feature","properties":{"id":null,"group":null,"name":null,"settlement_id":"settlement_seshai","country_id":"country_barrel","district_id":null,"status":null,"surface":null,"access":null,"bridge":null,"tunnel":null,"oneway":null,"route_id":null,"alt_name":null,"notes":null},"geometry":{"type":"LineString","coordinates":[[23.90354105559131,-10.996618883302336],[23.90399545384884,-10.996240812206441],[23.904389669523958,-10.995828889274947],[23.9043931374714,-10.995769633698497]]}},{"type":"Feature","properties":{"id":null,"group":null,"name":null,"settlement_id":"settlement_seshai","country_id":"country_barrel","district_id":null,"status":null,"surface":null,"access":null,"bridge":null,"tunnel":null,"oneway":null,"route_id":null,"alt_name":null,"notes":null},"geometry":{"type":"LineString","coordinates":[[23.896419810939367,-10.991797704954966],[23.89626000300679,-10.991298003369334],[23.896046948842898,-10.990667442283275]]}},{"type":"Feature","properties":{"id":null,"group":null,"name":null,"settlement_id":"settlement_seshai","country_id":"country_barrel","district_id":null,"status":null,"surface":null,"access":null,"bridge":null,"tunnel":null,"oneway":null,"route_id":null,"alt_name":null,"notes":null},"geometry":{"type":"LineString","coordinates":[[23.89404803944515,-10.992060594493061],[23.894571037023386,-10.991868125318494],[23.89509111606586,-10.991678507836223],[23.895661802902797,-10.991497888750448],[23.89626000300679,-10.991298003369334],[23.897293712622524,-10.990952565849152],[23.898095033821722,-10.990691417259825],[23.89814538995524,-10.990675015131387],[23.898709084247326,-10.990485398583932]]}},{"type":"Feature","properties":{"id":null,"group":null,"name":null,"settlement_id":"settlement_seshai","country_id":"country_barrel","district_id":null,"status":null,"surface":null,"access":null,"bridge":null,"tunnel":null,"oneway":null,"route_id":null,"alt_name":null,"notes":null},"geometry":{"type":"LineString","coordinates":[[23.89582731606724,-10.992002819134154],[23.895661802902797,-10.991497888750448],[23.89564271266726,-10.991439468865924],[23.895456977466154,-10.990837382580523],[23.895251411232078,-10.990155551513904],[23.89491667464515,-10.98918188030278]]}},{"type":"Feature","properties":{"id":null,"group":null,"name":null,"settlement_id":"settlement_seshai","country_id":"country_barrel","district_id":null,"status":null,"surface":null,"access":null,"bridge":null,"tunnel":null,"oneway":null,"route_id":null,"alt_name":null,"notes":null},"geometry":{"type":"LineString","coordinates":[[23.894967035427495,-10.993067029386356],[23.894752598143686,-10.992388459374258]]}},{"type":"Feature","properties":{"id":null,"group":null,"name":null,"settlement_id":"settlement_seshai","country_id":"country_barrel","district_id":null,"status":null,"surface":null,"access":null,"bridge":null,"tunnel":null,"oneway":null,"route_id":null,"alt_name":null,"notes":null},"geometry":{"type":"LineString","coordinates":[[23.8946761971141,-10.99315863743983],[23.894967035427495,-10.993067029386356],[23.895477096020276,-10.992895794250664]]}},{"type":"Feature","properties":{"id":null,"group":null,"name":null,"settlement_id":"settlement_seshai","country_id":"country_barrel","district_id":null,"status":null,"surface":null,"access":null,"bridge":null,"tunnel":null,"oneway":null,"route_id":null,"alt_name":null,"notes":null},"geometry":{"type":"LineString","coordinates":[[23.892569529936026,-10.991815949277662],[23.893311046967863,-10.991558745503408]]}},{"type":"Feature","properties":{"id":null,"group":null,"name":null,"settlement_id":"settlement_seshai","country_id":"country_barrel","district_id":null,"status":null,"surface":null,"access":null,"bridge":null,"tunnel":null,"oneway":null,"route_id":null,"alt_name":null,"notes":null},"geometry":{"type":"LineString","coordinates":[[23.892923948632557,-10.99242578142469],[23.893514419773112,-10.992226612370441],[23.89404803944515,-10.992060594493061]]}},{"type":"Feature","properties":{"id":null,"group":null,"name":null,"settlement_id":"settlement_seshai","country_id":"country_barrel","district_id":null,"status":null,"surface":null,"access":null,"bridge":null,"tunnel":null,"oneway":null,"route_id":null,"alt_name":null,"notes":null},"geometry":{"type":"LineString","coordinates":[[23.89743617396089,-10.993266563225355],[23.896939422629863,-10.992638954656957],[23.89691636342847,-10.99260988451367]]}},{"type":"Feature","properties":{"id":null,"group":null,"name":null,"settlement_id":"settlement_seshai","country_id":"country_barrel","district_id":null,"status":null,"surface":null,"access":null,"bridge":null,"tunnel":null,"oneway":null,"route_id":null,"alt_name":null,"notes":null},"geometry":{"type":"LineString","coordinates":[[23.895536773493454,-10.995775617864918],[23.896006845558745,-10.995839303604562]]}},{"type":"Feature","properties":{"id":null,"group":null,"name":null,"settlement_id":"settlement_seshai","country_id":"country_barrel","district_id":null,"status":null,"surface":null,"access":null,"bridge":null,"tunnel":null,"oneway":null,"route_id":null,"alt_name":null,"notes":null},"geometry":{"type":"LineString","coordinates":[[23.895381317622384,-10.996381747943484],[23.895401395136904,-10.995979736459315]]}},{"type":"Feature","properties":{"id":null,"group":null,"name":null,"settlement_id":"settlement_seshai","country_id":"country_barrel","district_id":null,"status":null,"surface":null,"access":null,"bridge":null,"tunnel":null,"oneway":null,"route_id":null,"alt_name":null,"notes":null},"geometry":{"type":"LineString","coordinates":[[23.895401395136904,-10.995979736459315],[23.895142366752367,-10.99621256185742]]}},{"type":"Feature","properties":{"id":null,"group":null,"name":null,"settlement_id":"settlement_seshai","country_id":"country_barrel","district_id":null,"status":null,"surface":null,"access":null,"bridge":null,"tunnel":null,"oneway":null,"route_id":null,"alt_name":null,"notes":null},"geometry":{"type":"LineString","coordinates":[[23.895401395136904,-10.995979736459315],[23.8959743060546,-10.996030352369726]]}},{"type":"Feature","properties":{"id":null,"group":null,"name":null,"settlement_id":"settlement_seshai","country_id":"country_barrel","district_id":null,"status":null,"surface":null,"access":null,"bridge":null,"tunnel":null,"oneway":null,"route_id":null,"alt_name":null,"notes":null},"geometry":{"type":"LineString","coordinates":[[23.896006845558745,-10.995839303604562],[23.896423792582667,-10.995872973015661]]}},{"type":"Feature","properties":{"id":null,"group":null,"name":null,"settlement_id":"settlement_seshai","country_id":"country_barrel","district_id":null,"status":null,"surface":null,"access":null,"bridge":null,"tunnel":null,"oneway":null,"route_id":null,"alt_name":null,"notes":null},"geometry":{"type":"LineString","coordinates":[[23.898778131887273,-10.996283263935371],[23.898787475220058,-10.996270649969599],[23.898896403055428,-10.99620140679895],[23.899590843503237,-10.995876771242596],[23.89973649470775,-10.995808691755062],[23.899815387171714,-10.995771777000154]]}},{"type":"Feature","properties":{"id":null,"group":null,"name":null,"settlement_id":"settlement_seshai","country_id":"country_barrel","district_id":null,"status":null,"surface":null,"access":null,"bridge":null,"tunnel":null,"oneway":null,"route_id":null,"alt_name":null,"notes":null},"geometry":{"type":"LineString","coordinates":[[23.899727286522214,-10.995966273826756],[23.899590843503237,-10.995876771242596]]}},{"type":"Feature","properties":{"id":null,"group":null,"name":null,"settlement_id":"settlement_seshai","country_id":"country_barrel","district_id":null,"status":null,"surface":null,"access":null,"bridge":null,"tunnel":null,"oneway":null,"route_id":null,"alt_name":null,"notes":null},"geometry":{"type":"LineString","coordinates":[[23.899727286522214,-10.995966273826756],[23.89973649470775,-10.995808691755062]]}},{"type":"Feature","properties":{"id":null,"group":null,"name":null,"settlement_id":"settlement_seshai","country_id":"country_barrel","district_id":null,"status":null,"surface":null,"access":null,"bridge":null,"tunnel":null,"oneway":null,"route_id":null,"alt_name":null,"notes":null},"geometry":{"type":"LineString","coordinates":[[23.89999803165513,-10.996590401244042],[23.899727286522214,-10.995966273826756]]}},{"type":"Feature","properties":{"id":null,"group":null,"name":null,"settlement_id":"settlement_seshai","country_id":"country_barrel","district_id":null,"status":null,"surface":null,"access":null,"bridge":null,"tunnel":null,"oneway":null,"route_id":null,"alt_name":null,"notes":null},"geometry":{"type":"LineString","coordinates":[[23.899726691676218,-10.99493329909998],[23.89917927065639,-10.994360380408501]]}},{"type":"Feature","properties":{"id":null,"group":null,"name":null,"settlement_id":"settlement_seshai","country_id":"country_barrel","district_id":null,"status":null,"surface":null,"access":null,"bridge":null,"tunnel":null,"oneway":null,"route_id":null,"alt_name":null,"notes":null},"geometry":{"type":"LineString","coordinates":[[23.898810096093584,-10.995805270107468],[23.89856672420282,-10.995576097568136],[23.89830065214069,-10.995318727294492],[23.89790663441528,-10.994977963032785]]}},{"type":"Feature","properties":{"id":null,"group":null,"name":null,"settlement_id":"settlement_seshai","country_id":"country_barrel","district_id":null,"status":null,"surface":null,"access":null,"bridge":null,"tunnel":null,"oneway":null,"route_id":null,"alt_name":null,"notes":null},"geometry":{"type":"LineString","coordinates":[[23.89903671720272,-10.99603393145728],[23.898810096093584,-10.995805270107468]]}},{"type":"Feature","properties":{"id":null,"group":null,"name":null,"settlement_id":"settlement_seshai","country_id":"country_barrel","district_id":null,"status":null,"surface":null,"access":null,"bridge":null,"tunnel":null,"oneway":null,"route_id":null,"alt_name":null,"notes":null},"geometry":{"type":"LineString","coordinates":[[23.89911628442409,-10.992467224697915],[23.899481584190777,-10.992070881247784],[23.899529930458346,-10.992012551080528],[23.89998642891412,-10.991462606428879],[23.900041903146654,-10.99139574912169]]}},{"type":"Feature","properties":{"id":null,"group":null,"name":null,"settlement_id":"settlement_seshai","country_id":"country_barrel","district_id":null,"status":null,"surface":null,"access":null,"bridge":null,"tunnel":null,"oneway":null,"route_id":null,"alt_name":null,"notes":null},"geometry":{"type":"LineString","coordinates":[[23.898689886130192,-10.99288230500937],[23.89911628442409,-10.992467224697915]]}},{"type":"Feature","properties":{"id":null,"group":null,"name":null,"settlement_id":"settlement_seshai","country_id":"country_barrel","district_id":null,"status":null,"surface":null,"access":null,"bridge":null,"tunnel":null,"oneway":null,"route_id":null,"alt_name":null,"notes":null},"geometry":{"type":"LineString","coordinates":[[23.89964050108514,-10.99318338017843],[23.89911628442409,-10.992467224697915]]}},{"type":"Feature","properties":{"id":null,"group":null,"name":null,"settlement_id":"settlement_seshai","country_id":"country_barrel","district_id":null,"status":null,"surface":null,"access":null,"bridge":null,"tunnel":null,"oneway":null,"route_id":null,"alt_name":null,"notes":null},"geometry":{"type":"LineString","coordinates":[[23.89158258478628,-10.996981729351514],[23.892005922146737,-10.996784206367412],[23.89246823092452,-10.99654593195842],[23.892684985947025,-10.996434239433068],[23.89279523642139,-10.99636795947454],[23.892861843595096,-10.99629467506685],[23.89292620874099,-10.996196362209119],[23.89345395690122,-10.995289508367879]]}},{"type":"Feature","properties":{"id":null,"group":null,"name":null,"settlement_id":"settlement_seshai","country_id":"country_barrel","district_id":null,"status":null,"surface":null,"access":null,"bridge":null,"tunnel":null,"oneway":null,"route_id":null,"alt_name":null,"notes":null},"geometry":{"type":"LineString","coordinates":[[23.898124963389062,-10.993563045625574],[23.898742924692595,-10.992957037806043]]}},{"type":"Feature","properties":{"id":null,"group":null,"name":null,"settlement_id":"settlement_seshai","country_id":"country_barrel","district_id":null,"status":null,"surface":null,"access":null,"bridge":null,"tunnel":null,"oneway":null,"route_id":null,"alt_name":null,"notes":null},"geometry":{"type":"LineString","coordinates":[[23.892746093265856,-10.99411190048589],[23.892226839151554,-10.994430475633667]]}},{"type":"Feature","properties":{"id":null,"group":null,"name":null,"settlement_id":"settlement_seshai","country_id":"country_barrel","district_id":null,"status":null,"surface":null,"access":null,"bridge":null,"tunnel":null,"oneway":null,"route_id":null,"alt_name":null,"notes":null},"geometry":{"type":"LineString","coordinates":[[23.900399714462342,-10.99172752584235],[23.90112136166662,-10.990964864028339]]}},{"type":"Feature","properties":{"id":null,"group":null,"name":null,"settlement_id":"settlement_seshai","country_id":"country_barrel","district_id":null,"status":null,"surface":null,"access":null,"bridge":null,"tunnel":null,"oneway":null,"route_id":null,"alt_name":null,"notes":null},"geometry":{"type":"LineString","coordinates":[[23.900740787699085,-10.9920437817153],[23.90145564530643,-10.991281082842061]]}},{"type":"Feature","properties":{"id":null,"group":null,"name":null,"settlement_id":"settlement_seshai","country_id":"country_barrel","district_id":null,"status":null,"surface":null,"access":null,"bridge":null,"tunnel":null,"oneway":null,"route_id":null,"alt_name":null,"notes":null},"geometry":{"type":"LineString","coordinates":[[23.901062833370645,-10.99236218276025],[23.901780371239827,-10.991588477243734]]}},{"type":"Feature","properties":{"id":null,"group":null,"name":null,"settlement_id":"settlement_seshai","country_id":"country_barrel","district_id":null,"status":null,"surface":null,"access":null,"bridge":null,"tunnel":null,"oneway":null,"route_id":null,"alt_name":null,"notes":null},"geometry":{"type":"LineString","coordinates":[[23.90138258909973,-10.992676746336844],[23.901752358850693,-10.992280958980718],[23.90209839300638,-10.991889357495662]]}},{"type":"Feature","properties":{"id":null,"group":null,"name":null,"settlement_id":"settlement_seshai","country_id":"country_barrel","district_id":null,"status":null,"surface":null,"access":null,"bridge":null,"tunnel":null,"oneway":null,"route_id":null,"alt_name":null,"notes":null},"geometry":{"type":"LineString","coordinates":[[23.90065940823951,-10.99427463639984],[23.90113004499552,-10.994125311104273],[23.90124112260985,-10.994116885928083],[23.90127037225697,-10.994137574044071],[23.90137805237233,-10.994527906572511],[23.90143466513525,-10.994816961731733],[23.901427003585543,-10.994838787190634],[23.901390124704548,-10.994872590861096],[23.90107522038715,-10.995001395251094]]}},{"type":"Feature","properties":{"id":null,"group":null,"name":null,"settlement_id":"settlement_seshai","country_id":"country_barrel","district_id":null,"status":null,"surface":null,"access":null,"bridge":null,"tunnel":null,"oneway":null,"route_id":null,"alt_name":null,"notes":null},"geometry":{"type":"LineString","coordinates":[[23.898903370262722,-10.99150906466436],[23.89952489577685,-10.990909545018905]]}},{"type":"Feature","properties":{"id":null,"group":null,"name":null,"settlement_id":"settlement_seshai","country_id":"country_barrel","district_id":null,"status":null,"surface":null,"access":null,"bridge":null,"tunnel":null,"oneway":null,"route_id":null,"alt_name":null,"notes":null},"geometry":{"type":"LineString","coordinates":[[23.901651050680154,-11.00341804359136],[23.9016820325566,-11.003458399177493],[23.90172455073845,-11.003478601509347],[23.901759793881386,-11.003501625863326],[23.901800502933394,-11.00355996344199],[23.90201361007512,-11.004232627463729],[23.902028133584622,-11.004289866241418],[23.902036875782507,-11.004350687816345],[23.90197963709649,-11.004457209423649],[23.901918178718482,-11.004524064997636]]}},{"type":"Feature","properties":{"id":null,"group":null,"name":"Via de Emerg\u00eancia","settlement_id":"settlement_seshai","country_id":"country_barrel","district_id":null,"status":null,"surface":null,"access":null,"bridge":null,"tunnel":null,"oneway":null,"route_id":null,"alt_name":null,"notes":null},"geometry":{"type":"LineString","coordinates":[[23.90330175984276,-10.998869380941692],[23.9033541010071,-10.998951805528524],[23.90337367864591,-10.999012133930286],[23.903383340118562,-10.999089644871095],[23.903383918129176,-10.999153746087185],[23.90338192543645,-10.999219845173226],[23.90337499590411,-10.999287540384149],[23.903364048350703,-10.999352017597754],[23.90335041476558,-10.99941857453095],[23.903329405705268,-10.999488545020338],[23.903305342346908,-10.99956276418757],[23.903279896781076,-10.999631981404931],[23.90326823983362,-10.999664793073226],[23.903259916097817,-10.999688128998791],[23.903180460676342,-10.99993207064345],[23.902743453087343,-11.001274662099235]]}},{"type":"Feature","properties":{"id":null,"group":null,"name":null,"settlement_id":"settlement_seshai","country_id":"country_barrel","district_id":null,"status":null,"surface":null,"access":null,"bridge":null,"tunnel":null,"oneway":null,"route_id":null,"alt_name":null,"notes":null},"geometry":{"type":"LineString","coordinates":[[23.90351286060373,-11.007906023877464],[23.903069954382364,-11.00758018660354],[23.9029590436363,-11.00738750207794],[23.90290434290395,-11.007351233773871],[23.90282871081018,-11.007364764346388],[23.902459123526302,-11.007505584691497]]}},{"type":"Feature","properties":{"id":null,"group":null,"name":null,"settlement_id":"settlement_seshai","country_id":"country_barrel","district_id":null,"status":null,"surface":null,"access":null,"bridge":null,"tunnel":null,"oneway":null,"route_id":null,"alt_name":null,"notes":null},"geometry":{"type":"LineString","coordinates":[[23.90148837861897,-11.015305443124497],[23.901554551619885,-11.015634969654464],[23.901597959178204,-11.015665466111319],[23.90166369750101,-11.01567257054053],[23.903029168627658,-11.015304549179323]]}},{"type":"Feature","properties":{"id":null,"group":null,"name":null,"settlement_id":"settlement_seshai","country_id":"country_barrel","district_id":null,"status":null,"surface":null,"access":null,"bridge":null,"tunnel":null,"oneway":null,"route_id":null,"alt_name":null,"notes":null},"geometry":{"type":"LineString","coordinates":[[23.903142464487896,-11.016216785753933],[23.90106099352685,-11.016554323067904],[23.900318315616346,-11.016717404462458]]}},{"type":"Feature","properties":{"id":null,"group":null,"name":null,"settlement_id":"settlement_seshai","country_id":"country_barrel","district_id":null,"status":null,"surface":null,"access":null,"bridge":null,"tunnel":null,"oneway":null,"route_id":null,"alt_name":null,"notes":null},"geometry":{"type":"LineString","coordinates":[[23.895289624750994,-11.013836990570198],[23.89597049786448,-11.013632884584656]]}},{"type":"Feature","properties":{"id":null,"group":null,"name":null,"settlement_id":"settlement_seshai","country_id":"country_barrel","district_id":null,"status":null,"surface":null,"access":null,"bridge":null,"tunnel":null,"oneway":null,"route_id":null,"alt_name":null,"notes":null},"geometry":{"type":"LineString","coordinates":[[23.89527429368577,-11.012540734218842],[23.894934562133045,-11.012686725184583]]}},{"type":"Feature","properties":{"id":null,"group":null,"name":null,"settlement_id":"settlement_seshai","country_id":"country_barrel","district_id":null,"status":null,"surface":null,"access":null,"bridge":null,"tunnel":null,"oneway":null,"route_id":null,"alt_name":null,"notes":null},"geometry":{"type":"LineString","coordinates":[[23.89808247929744,-11.015753742200538],[23.898134367107527,-11.015860940452217]]}},{"type":"Feature","properties":{"id":null,"group":null,"name":null,"settlement_id":"settlement_seshai","country_id":"country_barrel","district_id":null,"status":null,"surface":null,"access":null,"bridge":null,"tunnel":null,"oneway":null,"route_id":null,"alt_name":null,"notes":null},"geometry":{"type":"LineString","coordinates":[[23.902033487957283,-11.010202996104756],[23.900807923122972,-11.01081934072175],[23.899767760842536,-11.011351533196667]]}},{"type":"Feature","properties":{"id":null,"group":null,"name":null,"settlement_id":"settlement_seshai","country_id":"country_barrel","district_id":null,"status":null,"surface":null,"access":null,"bridge":null,"tunnel":null,"oneway":null,"route_id":null,"alt_name":null,"notes":null},"geometry":{"type":"LineString","coordinates":[[23.900111534672508,-11.009371034187872],[23.901365805192366,-11.008737958652873]]}},{"type":"Feature","properties":{"id":null,"group":null,"name":null,"settlement_id":"settlement_seshai","country_id":"country_barrel","district_id":null,"status":null,"surface":null,"access":null,"bridge":null,"tunnel":null,"oneway":null,"route_id":null,"alt_name":null,"notes":null},"geometry":{"type":"LineString","coordinates":[[23.89549635392898,-11.007959160247115],[23.896335440876445,-11.007556232927865]]}},{"type":"Feature","properties":{"id":null,"group":null,"name":null,"settlement_id":"settlement_seshai","country_id":"country_barrel","district_id":null,"status":null,"surface":null,"access":null,"bridge":null,"tunnel":null,"oneway":null,"route_id":null,"alt_name":null,"notes":null},"geometry":{"type":"LineString","coordinates":[[23.89642382884931,-11.015468469259407],[23.89691399188545,-11.015326009412423]]}},{"type":"Feature","properties":{"id":null,"group":null,"name":null,"settlement_id":"settlement_seshai","country_id":"country_barrel","district_id":null,"status":null,"surface":null,"access":null,"bridge":null,"tunnel":null,"oneway":null,"route_id":null,"alt_name":null,"notes":null},"geometry":{"type":"LineString","coordinates":[[23.895747595278767,-11.015335800016288],[23.896373750441928,-11.015160643053385],[23.89681581750278,-11.015037403434334]]}},{"type":"Feature","properties":{"id":null,"group":null,"name":null,"settlement_id":"settlement_seshai","country_id":"country_barrel","district_id":null,"status":null,"surface":null,"access":null,"bridge":null,"tunnel":null,"oneway":null,"route_id":null,"alt_name":null,"notes":null},"geometry":{"type":"LineString","coordinates":[[23.8955810486741,-11.01478139861074],[23.896188326698358,-11.014596747774704]]}},{"type":"Feature","properties":{"id":null,"group":null,"name":null,"settlement_id":"settlement_seshai","country_id":"country_barrel","district_id":null,"status":null,"surface":null,"access":null,"bridge":null,"tunnel":null,"oneway":null,"route_id":null,"alt_name":null,"notes":null},"geometry":{"type":"LineString","coordinates":[[23.896155326882603,-11.014484642011428],[23.896188326698358,-11.014596747774704],[23.896373750441928,-11.015160643053385]]}},{"type":"Feature","properties":{"id":null,"group":null,"name":null,"settlement_id":"settlement_seshai","country_id":"country_barrel","district_id":null,"status":null,"surface":null,"access":null,"bridge":null,"tunnel":null,"oneway":null,"route_id":null,"alt_name":null,"notes":null},"geometry":{"type":"LineString","coordinates":[[23.89689498045687,-11.0087238716211],[23.89720056775931,-11.008620668856672],[23.897306949247863,-11.00856164361721],[23.897427311424888,-11.008576196841663],[23.897520594075978,-11.008537566710853],[23.89763072976985,-11.00858487018785],[23.89772676652835,-11.008684146927404]]}},{"type":"Feature","properties":{"id":null,"group":null,"name":null,"settlement_id":"settlement_seshai","country_id":"country_barrel","district_id":null,"status":null,"surface":null,"access":null,"bridge":null,"tunnel":null,"oneway":null,"route_id":null,"alt_name":null,"notes":null},"geometry":{"type":"LineString","coordinates":[[23.89583451550794,-11.015616612148794],[23.896061000123535,-11.015549172702631],[23.896265432660133,-11.015489146475215]]}},{"type":"Feature","properties":{"id":null,"group":null,"name":null,"settlement_id":"settlement_seshai","country_id":"country_barrel","district_id":null,"status":null,"surface":null,"access":null,"bridge":null,"tunnel":null,"oneway":null,"route_id":null,"alt_name":null,"notes":null},"geometry":{"type":"LineString","coordinates":[[23.896061000123535,-11.015549172702631],[23.89619180211063,-11.016029140430899],[23.896234268204704,-11.016136869029022],[23.89626787446903,-11.016162962687222],[23.896338435922207,-11.016157192823698],[23.896460473314047,-11.016134399513415],[23.896598913541037,-11.016107595342998],[23.89680400272196,-11.016047883469245],[23.89682958311526,-11.016020884515957],[23.89683297683021,-11.015969832261366],[23.896801080194273,-11.015862579640814]]}},{"type":"Feature","properties":{"id":null,"group":null,"name":null,"settlement_id":"settlement_seshai","country_id":"country_barrel","district_id":null,"status":null,"surface":null,"access":null,"bridge":null,"tunnel":null,"oneway":null,"route_id":null,"alt_name":null,"notes":null},"geometry":{"type":"LineString","coordinates":[[23.895989462224428,-11.016087594775911],[23.89619180211063,-11.016029140430899],[23.896801080194273,-11.015862579640814],[23.897073497824884,-11.015795230368138]]}},{"type":"Feature","properties":{"id":null,"group":null,"name":null,"settlement_id":"settlement_seshai","country_id":"country_barrel","district_id":null,"status":null,"surface":null,"access":null,"bridge":null,"tunnel":null,"oneway":null,"route_id":null,"alt_name":null,"notes":null},"geometry":{"type":"LineString","coordinates":[[23.895232928466616,-11.02135994801932],[23.895333810430905,-11.02134705308696],[23.895388932429793,-11.021336633142678],[23.89544675111011,-11.021212358124242],[23.89549743122051,-11.021035141148733],[23.895573898274957,-11.020746670977683],[23.895651443696476,-11.020433330400039]]}},{"type":"Feature","properties":{"id":null,"group":null,"name":null,"settlement_id":"settlement_seshai","country_id":"country_barrel","district_id":null,"status":null,"surface":null,"access":null,"bridge":null,"tunnel":null,"oneway":null,"route_id":null,"alt_name":null,"notes":null},"geometry":{"type":"LineString","coordinates":[[23.895651443696476,-11.020433330400039],[23.895718844804268,-11.020255605245179],[23.895749780566394,-11.02005130099015],[23.895769961710723,-11.019799222388496],[23.89578877357839,-11.019537883922833],[23.895804852684975,-11.01918033042707],[23.895824245846303,-11.018787128690946]]}},{"type":"Feature","properties":{"id":null,"group":null,"name":null,"settlement_id":"settlement_seshai","country_id":"country_barrel","district_id":null,"status":null,"surface":null,"access":null,"bridge":null,"tunnel":null,"oneway":null,"route_id":null,"alt_name":null,"notes":null},"geometry":{"type":"LineString","coordinates":[[23.89574224818183,-11.018796332658606],[23.895705008837172,-11.019463107134133],[23.89569021914131,-11.019747950538292],[23.89566433160218,-11.020027663847447],[23.895642387645896,-11.020221424505948],[23.895651443696476,-11.020433330400039]]}},{"type":"Feature","properties":{"id":null,"group":null,"name":null,"settlement_id":"settlement_seshai","country_id":"country_barrel","district_id":null,"status":null,"surface":null,"access":null,"bridge":null,"tunnel":null,"oneway":null,"route_id":null,"alt_name":null,"notes":null},"geometry":{"type":"LineString","coordinates":[[23.896854597515606,-11.020354011691541],[23.89677286166081,-11.020428581793059],[23.89670165013158,-11.020480595330756],[23.896585760584472,-11.020503621031015],[23.896120600067455,-11.020473734354873],[23.89578380014011,-11.02044474713463],[23.895651443696476,-11.020433330400039]]}},{"type":"Feature","properties":{"id":null,"group":null,"name":null,"settlement_id":"settlement_seshai","country_id":"country_barrel","district_id":null,"status":null,"surface":null,"access":null,"bridge":null,"tunnel":null,"oneway":null,"route_id":null,"alt_name":null,"notes":null},"geometry":{"type":"LineString","coordinates":[[23.895642155946742,-11.021575288585655],[23.895962312005327,-11.021557733012333],[23.896248705238857,-11.021587290511992],[23.89678418763577,-11.021717362232973]]}},{"type":"Feature","properties":{"id":null,"group":null,"name":null,"settlement_id":"settlement_seshai","country_id":"country_barrel","district_id":null,"status":null,"surface":null,"access":null,"bridge":null,"tunnel":null,"oneway":null,"route_id":null,"alt_name":null,"notes":null},"geometry":{"type":"LineString","coordinates":[[23.88812295609999,-10.993728404989735],[23.88834320162828,-10.994270014772948]]}},{"type":"Feature","properties":{"id":null,"group":null,"name":null,"settlement_id":"settlement_seshai","country_id":"country_barrel","district_id":null,"status":null,"surface":null,"access":null,"bridge":null,"tunnel":null,"oneway":null,"route_id":null,"alt_name":null,"notes":null},"geometry":{"type":"LineString","coordinates":[[23.88834320162828,-10.994270014772948],[23.888031327800306,-10.994499852009756],[23.88765839179763,-10.994796003504621],[23.887395162763966,-10.995009959495032]]}},{"type":"Feature","properties":{"id":null,"group":null,"name":null,"settlement_id":"settlement_seshai","country_id":"country_barrel","district_id":null,"status":null,"surface":null,"access":null,"bridge":null,"tunnel":null,"oneway":null,"route_id":null,"alt_name":null,"notes":null},"geometry":{"type":"LineString","coordinates":[[23.890402592225396,-10.988135182181214],[23.890419164531863,-10.9885788159025],[23.890499905741013,-10.988880488037683],[23.89067704670824,-10.989557087067926],[23.890925442923873,-10.990313439089181]]}},{"type":"Feature","properties":{"id":null,"group":null,"name":null,"settlement_id":"settlement_seshai","country_id":"country_barrel","district_id":null,"status":null,"surface":null,"access":null,"bridge":null,"tunnel":null,"oneway":null,"route_id":null,"alt_name":null,"notes":null},"geometry":{"type":"LineString","coordinates":[[23.886671425654527,-10.98827569065228],[23.886693422772,-10.988308029125083],[23.886724580001538,-10.988371845087403],[23.88676245006394,-10.988412254472127],[23.886925888569806,-10.988539305740527],[23.887055555949146,-10.988672896199514],[23.887292771078673,-10.98900762755796],[23.887336847505416,-10.98908854744801],[23.88744401173261,-10.989361842231002],[23.888054392727543,-10.990239601293059],[23.888326142815803,-10.990798070503967],[23.888362231799405,-10.990883618649839],[23.88865995757183,-10.991371540615354],[23.88870658495235,-10.991484033003484]]}},{"type":"Feature","properties":{"id":null,"group":null,"name":null,"settlement_id":"settlement_seshai","country_id":"country_barrel","district_id":null,"status":null,"surface":null,"access":null,"bridge":null,"tunnel":null,"oneway":null,"route_id":null,"alt_name":null,"notes":null},"geometry":{"type":"LineString","coordinates":[[23.889951389643603,-10.989561377118871],[23.889731171302994,-10.98968749342416],[23.889242150125042,-10.989816656799437],[23.888626838590238,-10.990026518599532],[23.888138988005835,-10.99018164424957],[23.888054392727543,-10.990239601293059]]}},{"type":"Feature","properties":{"id":null,"group":null,"name":null,"settlement_id":"settlement_seshai","country_id":"country_barrel","district_id":null,"status":null,"surface":null,"access":null,"bridge":null,"tunnel":null,"oneway":null,"route_id":null,"alt_name":null,"notes":null},"geometry":{"type":"LineString","coordinates":[[23.8869066658897,-10.995302110370158],[23.886934863921418,-10.995468782266428],[23.886934366118915,-10.995502778622008],[23.88691754375044,-10.99554749358504],[23.88674125797855,-10.995812726853373],[23.88671375474617,-10.995866582885608],[23.886691382179073,-10.99593622043469],[23.88672195588077,-10.996289624776434],[23.886741836903763,-10.996358322046575],[23.886943509086638,-10.996655067763733],[23.887139763503203,-10.996906061018574],[23.88717175042668,-10.996972756496138],[23.887459680996958,-10.998006439429489],[23.887492786289783,-10.998267869801833],[23.887634561304974,-10.998831961323727],[23.88766153692823,-10.998897704503978],[23.887709491463028,-10.998962952435694],[23.887856493997145,-10.999110339358321]]}},{"type":"Feature","properties":{"id":null,"group":null,"name":null,"settlement_id":"settlement_seshai","country_id":"country_barrel","district_id":null,"status":null,"surface":null,"access":null,"bridge":null,"tunnel":null,"oneway":null,"route_id":null,"alt_name":null,"notes":null},"geometry":{"type":"LineString","coordinates":[[23.888329756659832,-10.997089446015739],[23.887861804065917,-10.997323922090949],[23.887837682187953,-10.997357863142842],[23.887819343811024,-10.997403740740115]]}},{"type":"Feature","properties":{"id":null,"group":null,"name":null,"settlement_id":"settlement_seshai","country_id":"country_barrel","district_id":null,"status":null,"surface":null,"access":null,"bridge":null,"tunnel":null,"oneway":null,"route_id":null,"alt_name":null,"notes":null},"geometry":{"type":"LineString","coordinates":[[23.887819343811024,-10.997403740740115],[23.887824428637025,-10.997450856709222],[23.88784888502969,-10.99757743658462],[23.887837505490747,-10.99762175707755],[23.88780741458754,-10.997666957824716],[23.887795365473462,-10.997715221878114],[23.88779676544681,-10.997768508087159],[23.887876951496782,-10.998031034957002],[23.88791373069514,-10.998208698376335],[23.887953188355002,-10.9986412059752],[23.887960789949304,-10.998774458614069],[23.887958505070003,-10.998833915063056],[23.887943050244992,-10.998893874035556],[23.887856493997145,-10.999110339358321],[23.887494482720992,-10.999668922463993]]}},{"type":"Feature","properties":{"id":null,"group":null,"name":null,"settlement_id":"settlement_seshai","country_id":"country_barrel","district_id":null,"status":null,"surface":null,"access":null,"bridge":null,"tunnel":null,"oneway":null,"route_id":null,"alt_name":null,"notes":null},"geometry":{"type":"LineString","coordinates":[[23.88765839179763,-10.994796003504621],[23.887338057373608,-10.994385083479816],[23.887289782601208,-10.994306189396706],[23.88717842520559,-10.994103590210035],[23.886993065934867,-10.993772896165996],[23.88691266662945,-10.993629311864321],[23.886831991990892,-10.993484362208608],[23.886592433348408,-10.99316343331179]]}},{"type":"Feature","properties":{"id":null,"group":null,"name":null,"settlement_id":"settlement_seshai","country_id":"country_barrel","district_id":null,"status":null,"surface":null,"access":null,"bridge":null,"tunnel":null,"oneway":null,"route_id":null,"alt_name":null,"notes":null},"geometry":{"type":"LineString","coordinates":[[23.88834320162828,-10.994270014772948],[23.888858514469714,-10.9953737484933],[23.889435443323297,-10.99665104530607],[23.89022606236785,-10.99837653649886],[23.890507956132442,-10.99903237760422],[23.891331233636915,-11.000825388312673]]}},{"type":"Feature","properties":{"id":null,"group":null,"name":null,"settlement_id":"settlement_seshai","country_id":"country_barrel","district_id":null,"status":null,"surface":null,"access":null,"bridge":null,"tunnel":null,"oneway":null,"route_id":null,"alt_name":null,"notes":null},"geometry":{"type":"LineString","coordinates":[[23.888858514469714,-10.9953737484933],[23.8892548911214,-10.995024369787604]]}},{"type":"Feature","properties":{"id":null,"group":null,"name":null,"settlement_id":"settlement_seshai","country_id":"country_barrel","district_id":null,"status":null,"surface":null,"access":null,"bridge":null,"tunnel":null,"oneway":null,"route_id":null,"alt_name":null,"notes":null},"geometry":{"type":"LineString","coordinates":[[23.890013932567154,-10.993706331235956],[23.890339468579196,-10.993530442166179],[23.890425557812893,-10.993483997641842]]}},{"type":"Feature","properties":{"id":null,"group":null,"name":null,"settlement_id":"settlement_seshai","country_id":"country_barrel","district_id":null,"status":null,"surface":null,"access":null,"bridge":null,"tunnel":null,"oneway":null,"route_id":null,"alt_name":null,"notes":null},"geometry":{"type":"LineString","coordinates":[[23.888326142815803,-10.990798070503967],[23.888240179994042,-10.99084078353798],[23.888201656138694,-10.990934456600108],[23.888152479562155,-10.9911362723436],[23.887883680034573,-10.991733706703148]]}},{"type":"Feature","properties":{"id":null,"group":null,"name":null,"settlement_id":"settlement_seshai","country_id":"country_barrel","district_id":null,"status":null,"surface":null,"access":null,"bridge":null,"tunnel":null,"oneway":null,"route_id":null,"alt_name":null,"notes":null},"geometry":{"type":"LineString","coordinates":[[23.88870658495235,-10.991484033003484],[23.889376101521247,-10.992583418110694]]}},{"type":"Feature","properties":{"id":null,"group":null,"name":null,"settlement_id":"settlement_seshai","country_id":"country_barrel","district_id":null,"status":null,"surface":null,"access":null,"bridge":null,"tunnel":null,"oneway":null,"route_id":null,"alt_name":null,"notes":null},"geometry":{"type":"LineString","coordinates":[[23.8876999789325,-10.99389393687725],[23.887771045988675,-10.994046485504011],[23.887818971423556,-10.994142969298977],[23.888031327800306,-10.994499852009756]]}},{"type":"Feature","properties":{"id":null,"group":null,"name":null,"settlement_id":"settlement_seshai","country_id":"country_barrel","district_id":null,"status":null,"surface":null,"access":null,"bridge":null,"tunnel":null,"oneway":null,"route_id":null,"alt_name":null,"notes":null},"geometry":{"type":"LineString","coordinates":[[23.8876999789325,-10.99389393687725],[23.88812295609999,-10.993728404989735]]}},{"type":"Feature","properties":{"id":null,"group":null,"name":null,"settlement_id":"settlement_seshai","country_id":"country_barrel","district_id":null,"status":null,"surface":null,"access":null,"bridge":null,"tunnel":null,"oneway":null,"route_id":null,"alt_name":null,"notes":null},"geometry":{"type":"LineString","coordinates":[[23.889376101521247,-10.992583418110694],[23.889050324064122,-10.992514005587115],[23.889010596386953,-10.992506043070765],[23.888982782745902,-10.992483468718692],[23.888960681497643,-10.992452938326856],[23.888939806146627,-10.992424746134322],[23.88890652381443,-10.992411082080618],[23.888552609810628,-10.992355048448655],[23.88850759572821,-10.992355520025004],[23.888458986259923,-10.992370595819931],[23.888078067579873,-10.992545297420346]]}},{"type":"Feature","properties":{"id":null,"group":null,"name":null,"settlement_id":"settlement_seshai","country_id":"country_barrel","district_id":null,"status":null,"surface":null,"access":null,"bridge":null,"tunnel":null,"oneway":null,"route_id":null,"alt_name":null,"notes":null},"geometry":{"type":"LineString","coordinates":[[23.890457508303733,-10.99113206039435],[23.89141956692397,-10.990728914687175],[23.891543731721946,-10.99067686468291]]}},{"type":"Feature","properties":{"id":null,"group":null,"name":null,"settlement_id":"settlement_seshai","country_id":"country_barrel","district_id":null,"status":null,"surface":null,"access":null,"bridge":null,"tunnel":null,"oneway":null,"route_id":null,"alt_name":null,"notes":null},"geometry":{"type":"LineString","coordinates":[[23.887967965483142,-10.993380146639243],[23.887498774767888,-10.993562175435631],[23.886993065934867,-10.993772896165996]]}},{"type":"Feature","properties":{"id":null,"group":null,"name":null,"settlement_id":"settlement_seshai","country_id":"country_barrel","district_id":null,"status":null,"surface":null,"access":null,"bridge":null,"tunnel":null,"oneway":null,"route_id":null,"alt_name":null,"notes":null},"geometry":{"type":"LineString","coordinates":[[23.88717842520559,-10.994103590210035],[23.8876999789325,-10.99389393687725]]}},{"type":"Feature","properties":{"id":null,"group":null,"name":null,"settlement_id":"settlement_seshai","country_id":"country_barrel","district_id":null,"status":null,"surface":null,"access":null,"bridge":null,"tunnel":null,"oneway":null,"route_id":null,"alt_name":null,"notes":null},"geometry":{"type":"LineString","coordinates":[[23.887866059017497,-10.993151157114898],[23.887252730438156,-10.993449702159669],[23.88691266662945,-10.993629311864321]]}},{"type":"Feature","properties":{"id":null,"group":null,"name":null,"settlement_id":"settlement_seshai","country_id":"country_barrel","district_id":null,"status":null,"surface":null,"access":null,"bridge":null,"tunnel":null,"oneway":null,"route_id":null,"alt_name":null,"notes":null},"geometry":{"type":"LineString","coordinates":[[23.88721152516887,-10.995779680375396],[23.887221206552063,-10.996094239369572],[23.887274694000357,-10.996459648719313],[23.887270803189615,-10.99649033033582],[23.88726276390919,-10.996506614376177],[23.887224601295674,-10.996530056964115],[23.886943509086638,-10.996655067763733]]}},{"type":"Feature","properties":{"id":null,"group":null,"name":null,"settlement_id":"settlement_seshai","country_id":"country_barrel","district_id":null,"status":null,"surface":null,"access":null,"bridge":null,"tunnel":null,"oneway":null,"route_id":null,"alt_name":null,"notes":null},"geometry":{"type":"LineString","coordinates":[[23.891025007646586,-10.998004525945799],[23.89022606236785,-10.99837653649886]]}},{"type":"Feature","properties":{"id":null,"group":null,"name":null,"settlement_id":"settlement_seshai","country_id":"country_barrel","district_id":null,"status":null,"surface":null,"access":null,"bridge":null,"tunnel":null,"oneway":null,"route_id":null,"alt_name":null,"notes":null},"geometry":{"type":"LineString","coordinates":[[23.88998165640307,-11.003679346492095],[23.89078460631584,-11.003293308362405]]}},{"type":"Feature","properties":{"id":null,"group":null,"name":null,"settlement_id":"settlement_seshai","country_id":"country_barrel","district_id":null,"status":null,"surface":null,"access":null,"bridge":null,"tunnel":null,"oneway":null,"route_id":null,"alt_name":null,"notes":null},"geometry":{"type":"LineString","coordinates":[[23.888027227485676,-11.001577429436914],[23.888127868736127,-11.0016167306927],[23.888423629864707,-11.001739268257651],[23.888694922787984,-11.001879864807329],[23.888891336661402,-11.002018803679956],[23.889064626200796,-11.00221508071768],[23.889493806771537,-11.002827260664834],[23.88961584918179,-11.003041005723485],[23.88973017325594,-11.003230313980232],[23.889839131150584,-11.00343808447187],[23.88998165640307,-11.003679346492095]]}},{"type":"Feature","properties":{"id":null,"group":null,"name":null,"settlement_id":"settlement_seshai","country_id":"country_barrel","district_id":null,"status":null,"surface":null,"access":null,"bridge":null,"tunnel":null,"oneway":null,"route_id":null,"alt_name":null,"notes":null},"geometry":{"type":"LineString","coordinates":[[23.890983270795754,-11.004212330861815],[23.89104412908773,-11.004180671450928],[23.891151913217655,-11.004125333025431]]}},{"type":"Feature","properties":{"id":null,"group":null,"name":null,"settlement_id":"settlement_seshai","country_id":"country_barrel","district_id":null,"status":null,"surface":null,"access":null,"bridge":null,"tunnel":null,"oneway":null,"route_id":null,"alt_name":null,"notes":null},"geometry":{"type":"LineString","coordinates":[[23.891129887821034,-11.004075239294249],[23.891019412003555,-11.004129106387655],[23.890957456187586,-11.004159463707499]]}},{"type":"Feature","properties":{"id":null,"group":null,"name":null,"settlement_id":"settlement_seshai","country_id":"country_barrel","district_id":null,"status":null,"surface":null,"access":null,"bridge":null,"tunnel":null,"oneway":null,"route_id":null,"alt_name":null,"notes":null},"geometry":{"type":"LineString","coordinates":[[23.894934562133045,-11.012686725184583],[23.894842547866137,-11.012713703225376],[23.894780699305198,-11.012714156557255],[23.894716750362665,-11.012702487249268],[23.894650529722128,-11.012670145994395],[23.894583867745705,-11.012615313514065],[23.89450859760048,-11.012504246618736],[23.894351456817752,-11.01225228710928],[23.894186073943118,-11.011926404883962]]}},{"type":"Feature","properties":{"id":null,"group":null,"name":null,"settlement_id":"settlement_seshai","country_id":"country_barrel","district_id":null,"status":null,"surface":null,"access":null,"bridge":null,"tunnel":null,"oneway":null,"route_id":null,"alt_name":null,"notes":null},"geometry":{"type":"LineString","coordinates":[[23.893492612160248,-11.008491254114972],[23.894022024158662,-11.008238305313963]]}},{"type":"Feature","properties":{"id":null,"group":null,"name":null,"settlement_id":"settlement_seshai","country_id":"country_barrel","district_id":null,"status":null,"surface":null,"access":null,"bridge":null,"tunnel":null,"oneway":null,"route_id":null,"alt_name":null,"notes":null},"geometry":{"type":"LineString","coordinates":[[23.892846881890577,-11.00416623739953],[23.893627001753643,-11.003767701316796]]}},{"type":"Feature","properties":{"id":null,"group":null,"name":null,"settlement_id":"settlement_seshai","country_id":"country_barrel","district_id":null,"status":null,"surface":null,"access":null,"bridge":null,"tunnel":null,"oneway":null,"route_id":null,"alt_name":null,"notes":null},"geometry":{"type":"LineString","coordinates":[[23.903699579683096,-11.002889801171545],[23.903231798354337,-11.001990610002512],[23.903151147821806,-11.001929750889776],[23.90296209261706,-11.002047363727325]]}},{"type":"Feature","properties":{"id":null,"group":null,"name":null,"settlement_id":"settlement_seshai","country_id":"country_barrel","district_id":null,"status":null,"surface":null,"access":null,"bridge":null,"tunnel":null,"oneway":null,"route_id":null,"alt_name":null,"notes":null},"geometry":{"type":"LineString","coordinates":[[23.903151147821806,-11.001929750889776],[23.903151035297874,-11.001798986990558],[23.903200384308995,-11.0017461015001],[23.903767660052033,-11.001411133574226],[23.90370232869629,-11.001297088346544],[23.903135227622013,-11.001623261416484],[23.903096874056576,-11.001677100937453],[23.903151035297874,-11.001798986990558]]}},{"type":"Feature","properties":{"id":null,"group":null,"name":null,"settlement_id":"settlement_seshai","country_id":"country_barrel","district_id":null,"status":null,"surface":null,"access":null,"bridge":null,"tunnel":null,"oneway":null,"route_id":null,"alt_name":null,"notes":null},"geometry":{"type":"LineString","coordinates":[[23.902557050985624,-11.001942380982062],[23.902659965392257,-11.001720375745844]]}},{"type":"Feature","properties":{"id":null,"group":null,"name":"Nova Marginal","settlement_id":"settlement_seshai","country_id":"country_barrel","district_id":null,"status":null,"surface":null,"access":null,"bridge":null,"tunnel":null,"oneway":null,"route_id":null,"alt_name":null,"notes":null},"geometry":{"type":"LineString","coordinates":[[23.887170835717736,-11.00251956824825],[23.886495447643522,-11.001994808180012],[23.88559645303099,-11.001293527076147],[23.884675872009485,-11.000716992703506],[23.883246607150408,-10.999972031333616],[23.88253391612422,-10.999658608933043],[23.881517629233695,-10.999323155618626],[23.88068699363949,-10.99905442056389],[23.879478123594456,-10.998785671211852],[23.87865445926807,-10.998662862102119],[23.876545606580045,-10.998380874460153],[23.8752770201929,-10.9982224861451]]}},{"type":"Feature","properties":{"id":null,"group":null,"name":null,"settlement_id":"settlement_seshai","country_id":"country_barrel","district_id":null,"status":null,"surface":null,"access":null,"bridge":null,"tunnel":null,"oneway":null,"route_id":null,"alt_name":null,"notes":null},"geometry":{"type":"LineString","coordinates":[[23.889831685009657,-11.005283679160573],[23.889883717793783,-11.005034574284316],[23.88884897194708,-11.003620816301936]]}},{"type":"Feature","properties":{"id":null,"group":null,"name":null,"settlement_id":"settlement_seshai","country_id":"country_barrel","district_id":null,"status":null,"surface":null,"access":null,"bridge":null,"tunnel":null,"oneway":null,"route_id":null,"alt_name":null,"notes":null},"geometry":{"type":"LineString","coordinates":[[23.888891336661402,-11.002018803679956],[23.88943488417364,-11.0013337237562]]}},{"type":"Feature","properties":{"id":null,"group":null,"name":"Acesso Pedonal Est\u00e1dio Joaquim Morais","settlement_id":"settlement_seshai","country_id":"country_barrel","district_id":null,"status":null,"surface":null,"access":null,"bridge":null,"tunnel":null,"oneway":null,"route_id":null,"alt_name":null,"notes":null},"geometry":{"type":"LineString","coordinates":[[23.901571167386333,-11.000679328675677],[23.90167231020094,-11.000423550351638],[23.90169152837589,-11.000374880630535],[23.901745606101482,-11.000242768823359],[23.90182588658756,-11.000046538490448],[23.90193266744841,-10.999785631576483]]}},{"type":"Feature","properties":{"id":null,"group":null,"name":"Acesso Pedonal Est\u00e1dio Joaquim Morais","settlement_id":"settlement_seshai","country_id":"country_barrel","district_id":null,"status":null,"surface":null,"access":null,"bridge":null,"tunnel":null,"oneway":null,"route_id":null,"alt_name":null,"notes":null},"geometry":{"type":"LineString","coordinates":[[23.90186489570152,-10.999766010151365],[23.901759987917835,-11.0000218592415],[23.90168055375102,-11.000215494628609],[23.90162684059723,-11.000346654024423],[23.90160755915929,-11.00039450155467],[23.901510123364428,-11.000636810357399]]}},{"type":"Feature","properties":{"id":null,"group":null,"name":null,"settlement_id":"settlement_seshai","country_id":"country_barrel","district_id":null,"status":null,"surface":null,"access":null,"bridge":null,"tunnel":null,"oneway":null,"route_id":null,"alt_name":null,"notes":null},"geometry":{"type":"LineString","coordinates":[[23.90160755915929,-11.00039450155467],[23.90167231020094,-11.000423550351638]]}},{"type":"Feature","properties":{"id":null,"group":null,"name":null,"settlement_id":"settlement_seshai","country_id":"country_barrel","district_id":null,"status":null,"surface":null,"access":null,"bridge":null,"tunnel":null,"oneway":null,"route_id":null,"alt_name":null,"notes":null},"geometry":{"type":"LineString","coordinates":[[23.90168055375102,-11.000215494628609],[23.901745606101482,-11.000242768823359]]}},{"type":"Feature","properties":{"id":null,"group":null,"name":null,"settlement_id":"settlement_seshai","country_id":"country_barrel","district_id":null,"status":null,"surface":null,"access":null,"bridge":null,"tunnel":null,"oneway":null,"route_id":null,"alt_name":null,"notes":null},"geometry":{"type":"LineString","coordinates":[[23.901759987917835,-11.0000218592415],[23.90182588658756,-11.000046538490448]]}},{"type":"Feature","properties":{"id":null,"group":null,"name":"Via de Cintura ao Est\u00e1dio Joaquim Morais","settlement_id":"settlement_seshai","country_id":"country_barrel","district_id":null,"status":null,"surface":null,"access":null,"bridge":null,"tunnel":null,"oneway":null,"route_id":null,"alt_name":null,"notes":null},"geometry":{"type":"LineString","coordinates":[[23.90326823983362,-10.999664793073226],[23.903188097229947,-10.99969652543962],[23.90313661390226,-10.99971598198016],[23.903074256113108,-10.999737953692236],[23.9030089406536,-10.999759423222969],[23.902939949463683,-10.999778645754379],[23.902855098601812,-10.999801667075797],[23.902767650832825,-10.999819074479372],[23.902680344367898,-10.999833260077065],[23.902594832939076,-10.999846431847661],[23.90251432149881,-10.999853453812204],[23.902427141217707,-10.999853156175536],[23.90234056355423,-10.999849309334447],[23.902243831222552,-10.999843738337386],[23.902119116236893,-10.999827938895866],[23.901994598201153,-10.999801421189058],[23.90193266744841,-10.999785631576483],[23.90186489570152,-10.999766010151365],[23.90183445156055,-10.99973264318746],[23.901803428702255,-10.999689542001132],[23.901776053637395,-10.999647060171789],[23.90174543229607,-10.999590841105135],[23.901709905404466,-10.999520501642717],[23.901677609669097,-10.99945263798914],[23.901645111213924,-10.999386565677153],[23.901620751084412,-10.999325729552272],[23.901605582014138,-10.999264526780223],[23.901596657416295,-10.999198805538956],[23.901595166014854,-10.999132317752697],[23.90160191152809,-10.999071082892922],[23.901617094372316,-10.998992414403418]]}},{"type":"Feature","properties":{"id":null,"group":null,"name":"Via de Cintura ao Est\u00e1dio Joaquim Morais","settlement_id":"settlement_seshai","country_id":"country_barrel","district_id":null,"status":null,"surface":null,"access":null,"bridge":null,"tunnel":null,"oneway":null,"route_id":null,"alt_name":null,"notes":null},"geometry":{"type":"LineString","coordinates":[[23.901617094372316,-10.998992414403418],[23.901655867585134,-10.99890324665158],[23.901698969364123,-10.998812480927608],[23.901741267652948,-10.998726447476198],[23.901777280373445,-10.998636811021765],[23.90181839860432,-10.998517104918793],[23.901923506395033,-10.998482308333724],[23.902018941607157,-10.998460272674325],[23.902117754935414,-10.998441042069548],[23.902213859950788,-10.998425814593716],[23.90233603887479,-10.9984105512216],[23.902454575775256,-10.998403595416182],[23.9026192616835,-10.998406808144587],[23.902766021359124,-10.99841762746117],[23.902888269772234,-10.998433616691688],[23.903011900392816,-10.99845460787207],[23.90312990601202,-10.998481845600253],[23.903188141969114,-10.998561213813677],[23.90326164097853,-10.998660011109255],[23.90333020314834,-10.998760404529715],[23.9033541010071,-10.998951805528524]]}},{"type":"Feature","properties":{"id":null,"group":null,"name":"Via de Cintura ao Est\u00e1dio Joaquim Morais","settlement_id":"settlement_seshai","country_id":"country_barrel","district_id":null,"status":null,"surface":null,"access":null,"bridge":null,"tunnel":null,"oneway":null,"route_id":null,"alt_name":null,"notes":null},"geometry":{"type":"LineString","coordinates":[[23.902939949463683,-10.999778645754379],[23.903006314874684,-10.999795796912434],[23.903061740828022,-10.999820625196637],[23.903110913072634,-10.999853013317296],[23.9031487329169,-10.99989371846905],[23.903180460676342,-10.99993207064345]]}},{"type":"Feature","properties":{"id":null,"group":null,"name":"Acesso ao Court de T\u00e9nis","settlement_id":"settlement_seshai","country_id":"country_barrel","district_id":null,"status":null,"surface":null,"access":null,"bridge":null,"tunnel":null,"oneway":null,"route_id":null,"alt_name":null,"notes":null},"geometry":{"type":"LineString","coordinates":[[23.90312990601202,-10.998481845600253],[23.903083636384554,-10.998397713254665],[23.90307534694827,-10.998371860880578],[23.9030486071814,-10.998288001564646],[23.903028931660277,-10.998173289429857],[23.90302883977597,-10.998138584364558],[23.90302867286078,-10.998074451516974],[23.903056517243268,-10.997967807762524],[23.903098802715345,-10.997891408097264],[23.90318663954909,-10.9978000219898]]}},{"type":"Feature","properties":{"id":null,"group":null,"name":null,"settlement_id":"settlement_seshai","country_id":"country_barrel","district_id":null,"status":null,"surface":null,"access":null,"bridge":null,"tunnel":null,"oneway":null,"route_id":null,"alt_name":null,"notes":null},"geometry":{"type":"LineString","coordinates":[[23.890983270795754,-11.004212330861815],[23.891093406672976,-11.004443630534421],[23.891116000273644,-11.004533987488823],[23.891074097503786,-11.004587224392179],[23.890873868033854,-11.004692391113956],[23.890841679873297,-11.004697373314261],[23.89080538953856,-11.004678126974223],[23.890531067036136,-11.004041017552964],[23.890525336877474,-11.004000689333541],[23.890572604321747,-11.003945726084805],[23.890790070129334,-11.00384358734323],[23.890822753538433,-11.00385958405445],[23.890940007095463,-11.004123637331968],[23.890957456187586,-11.004159463707499],[23.890983270795754,-11.004212330861815]]}},{"type":"Feature","properties":{"id":null,"group":null,"name":"Avenida Eduardo Mondlane","settlement_id":"settlement_seshai","country_id":"country_barrel","district_id":null,"status":null,"surface":null,"access":null,"bridge":null,"tunnel":null,"oneway":null,"route_id":null,"alt_name":null,"notes":null},"geometry":{"type":"LineString","coordinates":[[23.89527429368577,-11.012540734218842],[23.894979985665028,-11.011907230218117],[23.894503824223357,-11.010741373652557],[23.894064475686907,-11.009763735072344],[23.89373237993199,-11.009024818277595],[23.893492612160248,-11.008491254114972],[23.89336313495681,-11.008203013393025],[23.892942924684608,-11.007267979587677],[23.89263284128145,-11.006578038566229],[23.892126345120875,-11.00545105261719],[23.891673982264617,-11.00444432507894],[23.89108593641086,-11.003135725673513],[23.89069435168539,-11.002264483702085]]}},{"type":"Feature","properties":{"id":null,"group":null,"name":"Avenida Marginal","settlement_id":"settlement_seshai","country_id":"country_barrel","district_id":null,"status":null,"surface":null,"access":null,"bridge":null,"tunnel":null,"oneway":null,"route_id":null,"alt_name":null,"notes":null},"geometry":{"type":"LineString","coordinates":[[23.894185031157612,-11.022133044830714],[23.894709618607912,-11.021124730307864],[23.894821084533376,-11.02083145087207],[23.89494009690826,-11.02052717957105],[23.895142823461907,-11.019843366208757],[23.895353706174216,-11.0189532066154],[23.89539214614932,-11.018676030302718],[23.895420015183564,-11.018328491676183],[23.895438460404055,-11.018057962151289],[23.895464224129967,-11.017553760613783],[23.89546318567131,-11.01726775122302],[23.895453061789308,-11.016963564508952],[23.895425055803134,-11.016555011850485],[23.895363024361476,-11.016177197252777],[23.89528645565874,-11.015795392913144],[23.895225827748515,-11.015550894331344],[23.89515517308712,-11.01528420421375],[23.895054964938208,-11.014966953623695],[23.894960109673452,-11.01470599332259],[23.894806594447758,-11.01428333212792],[23.89464922106931,-11.013940146493386],[23.89449021161064,-11.01363766126721],[23.894288270913382,-11.013310237742107],[23.89403233531974,-11.012898181651376],[23.893879708034724,-11.01268117079481],[23.893372763858103,-11.0119182467214],[23.89312430549765,-11.011301453455282],[23.893079191958538,-11.011085656864513],[23.89295137026511,-11.01062039552431],[23.892823773344514,-11.010140667689122],[23.892763679703357,-11.009915126020484],[23.892567294037615,-11.009176835081693],[23.892470449204385,-11.008953877959641],[23.892330055280656,-11.008692894442571],[23.89195000353278,-11.008170708154989],[23.891518626523023,-11.007578035787276],[23.891048663009958,-11.006931849199372],[23.890751965820314,-11.006527478308161],[23.890338320738923,-11.005974940448251],[23.889831685009657,-11.005283679160573]]}},{"type":"Feature","properties":{"id":null,"group":null,"name":null,"settlement_id":"settlement_seshai","country_id":"country_barrel","district_id":null,"status":null,"surface":null,"access":null,"bridge":null,"tunnel":null,"oneway":null,"route_id":null,"alt_name":null,"notes":null},"geometry":{"type":"LineString","coordinates":[[23.895353706174216,-11.0189532066154],[23.895428431239683,-11.018886473530731],[23.895508402412897,-11.018840815985289],[23.895616813973177,-11.018811651904688],[23.895512366771793,-11.01876967581478],[23.89544804910672,-11.018738671976973],[23.89539214614932,-11.018676030302718]]}},{"type":"Feature","properties":{"id":null,"group":null,"name":null,"settlement_id":"settlement_seshai","country_id":"country_barrel","district_id":null,"status":null,"surface":null,"access":null,"bridge":null,"tunnel":null,"oneway":null,"route_id":null,"alt_name":null,"notes":null},"geometry":{"type":"LineString","coordinates":[[23.89675377588209,-11.022333768921154],[23.896718953846875,-11.022431924898374],[23.89668327292614,-11.022466439125807],[23.896642316341538,-11.022489610189183],[23.89660212018989,-11.022495159909202],[23.896539960741684,-11.02248430159446]]}},{"type":"Feature","properties":{"id":null,"group":null,"name":null,"settlement_id":"settlement_seshai","country_id":"country_barrel","district_id":null,"status":null,"surface":null,"access":null,"bridge":null,"tunnel":null,"oneway":null,"route_id":null,"alt_name":null,"notes":null},"geometry":{"type":"LineString","coordinates":[[23.894709618607912,-11.021124730307864],[23.894893708056497,-11.02122394565406],[23.895127160815665,-11.02133052805991],[23.895232928466616,-11.02135994801932],[23.89542141355293,-11.021462546909358],[23.895528723644222,-11.02150916776636],[23.895588549157925,-11.021546914791546],[23.895642155946742,-11.021575288585655],[23.895729176428826,-11.02167151298848],[23.895862905206236,-11.02192396035743],[23.895943865691205,-11.022039746366406],[23.896039147216367,-11.022138692012913],[23.89616525893708,-11.022230497698455],[23.896296197596733,-11.022313588416399],[23.896539960741684,-11.02248430159446]]}},{"type":"Feature","properties":{"id":null,"group":null,"name":null,"settlement_id":"settlement_seshai","country_id":"country_barrel","district_id":null,"status":null,"surface":null,"access":null,"bridge":null,"tunnel":null,"oneway":null,"route_id":null,"alt_name":null,"notes":null},"geometry":{"type":"LineString","coordinates":[[23.894008308041766,-11.022563942394331],[23.894303700559686,-11.02223403430052],[23.89433980723986,-11.022189246381988],[23.89438142163171,-11.022133526166702],[23.89444230637795,-11.022033608061864],[23.894893708056497,-11.02122394565406]]}},{"type":"Feature","properties":{"id":null,"group":null,"name":null,"settlement_id":"settlement_seshai","country_id":"country_barrel","district_id":null,"status":null,"surface":null,"access":null,"bridge":null,"tunnel":null,"oneway":null,"route_id":null,"alt_name":null,"notes":null},"geometry":{"type":"LineString","coordinates":[[23.89829140095285,-11.01580706679054],[23.898252487643656,-11.015693348391117]]}},{"type":"Feature","properties":{"id":null,"group":null,"name":null,"settlement_id":"settlement_seshai","country_id":"country_barrel","district_id":null,"status":null,"surface":null,"access":null,"bridge":null,"tunnel":null,"oneway":null,"route_id":null,"alt_name":null,"notes":null},"geometry":{"type":"LineString","coordinates":[[23.897490861190764,-11.016076158260706],[23.897456064035424,-11.015944171109897]]}},{"type":"Feature","properties":{"id":null,"group":null,"name":null,"settlement_id":"settlement_seshai","country_id":"country_barrel","district_id":null,"status":null,"surface":null,"access":null,"bridge":null,"tunnel":null,"oneway":null,"route_id":null,"alt_name":null,"notes":null},"geometry":{"type":"LineString","coordinates":[[23.896257723063673,-11.016490383271435],[23.89622516586078,-11.016373281100066]]}},{"type":"Feature","properties":{"id":null,"group":null,"name":"Avenida Ngola Kimbanda","settlement_id":"settlement_seshai","country_id":"country_barrel","district_id":null,"status":null,"surface":null,"access":null,"bridge":null,"tunnel":null,"oneway":null,"route_id":null,"alt_name":null,"notes":null},"geometry":{"type":"LineString","coordinates":[[23.903003721769675,-11.01233184502361],[23.90257786821119,-11.012470110698061],[23.902509262141034,-11.012492441554226],[23.901733549614274,-11.012744346448645],[23.901682983257878,-11.012759597140448],[23.900443839638978,-11.013132128577713],[23.899840512906383,-11.013331143511149]]}},{"type":"Feature","properties":{"id":null,"group":null,"name":null,"settlement_id":"settlement_seshai","country_id":"country_barrel","district_id":null,"status":null,"surface":null,"access":null,"bridge":null,"tunnel":null,"oneway":null,"route_id":null,"alt_name":null,"notes":null},"geometry":{"type":"LineString","coordinates":[[23.895774084729492,-10.99678244855438],[23.895734532541844,-10.996716700060464],[23.89569523340619,-10.996654240329946],[23.895650632973158,-10.996599705007686],[23.895598324010592,-10.996544570876377]]}},{"type":"Feature","properties":{"id":null,"group":null,"name":null,"settlement_id":"settlement_seshai","country_id":"country_barrel","district_id":null,"status":null,"surface":null,"access":null,"bridge":null,"tunnel":null,"oneway":null,"route_id":null,"alt_name":null,"notes":null},"geometry":{"type":"LineString","coordinates":[[23.89616155036093,-10.993412559144556],[23.896033062424507,-10.99345900642859],[23.89590792386884,-10.993469000020784],[23.895952554086108,-10.993524554711922],[23.89599730366844,-10.99359493862259],[23.896016787575693,-10.993621170232494],[23.896043278919908,-10.993656908988509]]}},{"type":"Feature","properties":{"id":null,"group":null,"name":null,"settlement_id":"settlement_seshai","country_id":"country_barrel","district_id":null,"status":null,"surface":null,"access":null,"bridge":null,"tunnel":null,"oneway":null,"route_id":null,"alt_name":null,"notes":null},"geometry":{"type":"LineString","coordinates":[[23.900662229967867,-11.013293969315011],[23.900961638022192,-11.013200874809218],[23.90126093074812,-11.013107862153056]]}},{"type":"Feature","properties":{"id":null,"group":null,"name":"Banco de Urg\u00eancias","settlement_id":"settlement_seshai","country_id":"country_barrel","district_id":null,"status":null,"surface":null,"access":null,"bridge":null,"tunnel":null,"oneway":null,"route_id":null,"alt_name":null,"notes":null},"geometry":{"type":"LineString","coordinates":[[23.899900925986767,-11.013532700227035],[23.89986823879148,-11.013425921964899],[23.899840512906383,-11.013331143511149]]}},{"type":"Feature","properties":{"id":null,"group":null,"name":null,"settlement_id":"settlement_seshai","country_id":"country_barrel","district_id":null,"status":null,"surface":null,"access":null,"bridge":null,"tunnel":null,"oneway":null,"route_id":null,"alt_name":null,"notes":null},"geometry":{"type":"LineString","coordinates":[[23.899900925986767,-11.013532700227035],[23.90018372848614,-11.013445407922976],[23.90037403125426,-11.013474574966832],[23.900401131806742,-11.013466700320489],[23.900469088735665,-11.013446997888884],[23.900549670485795,-11.013422237405333]]}},{"type":"Feature","properties":{"id":null,"group":null,"name":null,"settlement_id":"settlement_seshai","country_id":"country_barrel","district_id":null,"status":null,"surface":null,"access":null,"bridge":null,"tunnel":null,"oneway":null,"route_id":null,"alt_name":null,"notes":null},"geometry":{"type":"LineString","coordinates":[[23.90018372848614,-11.013445407922976],[23.900662229967867,-11.013293969315011]]}},{"type":"Feature","properties":{"id":null,"group":null,"name":null,"settlement_id":"settlement_seshai","country_id":"country_barrel","district_id":null,"status":null,"surface":null,"access":null,"bridge":null,"tunnel":null,"oneway":null,"route_id":null,"alt_name":null,"notes":null},"geometry":{"type":"LineString","coordinates":[[23.899711249421113,-11.014260924711959],[23.90001294730386,-11.014166291802514],[23.90007136349386,-11.01414841811388]]}},{"type":"Feature","properties":{"id":null,"group":null,"name":null,"settlement_id":"settlement_seshai","country_id":"country_barrel","district_id":null,"status":null,"surface":null,"access":null,"bridge":null,"tunnel":null,"oneway":null,"route_id":null,"alt_name":null,"notes":null},"geometry":{"type":"LineString","coordinates":[[23.899876876860745,-11.013927038621734],[23.899837626460506,-11.013794396787912],[23.89959065056477,-11.013874991743883],[23.89963515261452,-11.014026884296594],[23.899883746916277,-11.013949302770882],[23.899876876860745,-11.013927038621734]]}},{"type":"Feature","properties":{"id":null,"group":null,"name":null,"settlement_id":"settlement_seshai","country_id":"country_barrel","district_id":null,"status":null,"surface":null,"access":null,"bridge":null,"tunnel":null,"oneway":null,"route_id":null,"alt_name":null,"notes":null},"geometry":{"type":"LineString","coordinates":[[23.899998074980193,-11.013888279547409],[23.899937337330268,-11.013907280544277],[23.899876876860745,-11.013927038621734]]}},{"type":"Feature","properties":{"id":null,"group":null,"name":null,"settlement_id":"settlement_seshai","country_id":"country_barrel","district_id":null,"status":null,"surface":null,"access":null,"bridge":null,"tunnel":null,"oneway":null,"route_id":null,"alt_name":null,"notes":null},"geometry":{"type":"LineString","coordinates":[[23.902093883423394,-11.013344431214332],[23.901955886379554,-11.013393118336761],[23.90141062823264,-11.013585865147956],[23.90124164110255,-11.013645620899684],[23.901278653967875,-11.013789648840731],[23.90118159688331,-11.013820639360816]]}},{"type":"Feature","properties":{"id":null,"group":null,"name":null,"settlement_id":"settlement_seshai","country_id":"country_barrel","district_id":null,"status":null,"surface":null,"access":null,"bridge":null,"tunnel":null,"oneway":null,"route_id":null,"alt_name":null,"notes":null},"geometry":{"type":"LineString","coordinates":[[23.90141062823264,-11.013585865147956],[23.901324164824132,-11.013268311059665],[23.90103685701446,-11.013355852721197],[23.901010740504837,-11.013364503034765]]}},{"type":"Feature","properties":{"id":null,"group":null,"name":null,"settlement_id":"settlement_seshai","country_id":"country_barrel","district_id":null,"status":null,"surface":null,"access":null,"bridge":null,"tunnel":null,"oneway":null,"route_id":null,"alt_name":null,"notes":null},"geometry":{"type":"LineString","coordinates":[[23.900961638022192,-11.013200874809218],[23.901010740504837,-11.013364503034765],[23.901005286819863,-11.0133792988896],[23.9009934824563,-11.01339027782402],[23.900915547717364,-11.013414980586344]]}},{"type":"Feature","properties":{"id":null,"group":null,"name":null,"settlement_id":"settlement_seshai","country_id":"country_barrel","district_id":null,"status":null,"surface":null,"access":null,"bridge":null,"tunnel":null,"oneway":null,"route_id":null,"alt_name":null,"notes":null},"geometry":{"type":"LineString","coordinates":[[23.900191644688938,-11.014379107437666],[23.90020188754693,-11.014416753205825],[23.90022875082961,-11.014535728682478],[23.90024298700998,-11.014552244770641],[23.900262505787023,-11.014556167440997],[23.900413397671553,-11.014516364185045],[23.900492284821848,-11.014492025994524],[23.900586157501916,-11.014470232189506],[23.900615002986424,-11.01446701535512],[23.90071831434999,-11.014455344358684],[23.90085454139858,-11.014448146356717],[23.901001052993713,-11.014426972729456],[23.901128337998376,-11.014408519068898],[23.901197217554422,-11.014388161840223],[23.901241453552068,-11.01436240322008],[23.90129312587037,-11.014307782147934],[23.90138573782815,-11.0141327146316],[23.901420272397804,-11.014075082318627],[23.901452926843422,-11.014041068539338],[23.901512150104043,-11.014011870159226],[23.902078921431553,-11.013837585012652]]}},{"type":"Feature","properties":{"id":null,"group":null,"name":null,"settlement_id":"settlement_seshai","country_id":"country_barrel","district_id":null,"status":null,"surface":null,"access":null,"bridge":null,"tunnel":null,"oneway":null,"route_id":null,"alt_name":null,"notes":null},"geometry":{"type":"LineString","coordinates":[[23.90126093074812,-11.013107862153056],[23.901765299382003,-11.01294326792122],[23.901794559656455,-11.012938802908437],[23.901818701033495,-11.012947161970256],[23.90183430452922,-11.012968170323862],[23.901955886379554,-11.013393118336761],[23.902078921431553,-11.013837585012652],[23.902118640420326,-11.013962090482135],[23.902163750629466,-11.01410860901008],[23.902255582064743,-11.014407092590023],[23.902273593476977,-11.01446887939306]]}},{"type":"Feature","properties":{"id":null,"group":null,"name":null,"settlement_id":"settlement_seshai","country_id":"country_barrel","district_id":null,"status":null,"surface":null,"access":null,"bridge":null,"tunnel":null,"oneway":null,"route_id":null,"alt_name":null,"notes":null},"geometry":{"type":"LineString","coordinates":[[23.902163750629466,-11.01410860901008],[23.902127065596524,-11.01407316809647],[23.902092339527055,-11.014047695756581],[23.90203756501843,-11.01404113426246],[23.90181199379366,-11.014110960278785],[23.901713197204792,-11.01413009229455],[23.90165094286209,-11.01411800069354],[23.901582389906196,-11.014101188131619],[23.901537721580844,-11.014090662415033],[23.901479623210914,-11.0140959111684],[23.90138573782815,-11.0141327146316]]}},{"type":"Feature","properties":{"id":null,"group":null,"name":null,"settlement_id":"settlement_seshai","country_id":"country_barrel","district_id":null,"status":null,"surface":null,"access":null,"bridge":null,"tunnel":null,"oneway":null,"route_id":null,"alt_name":null,"notes":null},"geometry":{"type":"LineString","coordinates":[[23.900615002986424,-11.01446701535512],[23.900457493094226,-11.01435283815135],[23.900429013686622,-11.01433836668486],[23.900384395693454,-11.014332921073251]]}},{"type":"Feature","properties":{"id":null,"group":null,"name":null,"settlement_id":"settlement_seshai","country_id":"country_barrel","district_id":null,"status":null,"surface":null,"access":null,"bridge":null,"tunnel":null,"oneway":null,"route_id":null,"alt_name":null,"notes":null},"geometry":{"type":"LineString","coordinates":[[23.89176736428503,-10.991553975312609],[23.891777115589004,-10.991569425622341],[23.891938153522634,-10.991826509799086],[23.89210567062216,-10.992093822876516],[23.892201753311628,-10.992253763261619],[23.89221907576371,-10.992282569383423],[23.89223314651161,-10.992304838960283],[23.892690192880462,-10.993030687316843],[23.893171078040567,-10.993794156970981]]}},{"type":"Feature","properties":{"id":null,"group":null,"name":null,"settlement_id":"settlement_seshai","country_id":"country_barrel","district_id":null,"status":null,"surface":null,"access":null,"bridge":null,"tunnel":null,"oneway":null,"route_id":null,"alt_name":null,"notes":null},"geometry":{"type":"LineString","coordinates":[[23.891543731721946,-10.99067686468291],[23.891622841911882,-10.990644044142869],[23.892190068212795,-10.990433625313965]]}},{"type":"Feature","properties":{"id":null,"group":null,"name":null,"settlement_id":"settlement_seshai","country_id":"country_barrel","district_id":null,"status":null,"surface":null,"access":null,"bridge":null,"tunnel":null,"oneway":null,"route_id":null,"alt_name":null,"notes":null},"geometry":{"type":"LineString","coordinates":[[23.887238869334197,-10.99164775665555],[23.887403142391445,-10.99174360738671],[23.887615850498705,-10.991757306697124],[23.887883680034573,-10.991733706703148],[23.888111887871318,-10.991699727838412],[23.888136187063687,-10.991694014761297],[23.88870658495235,-10.991484033003484]]}},{"type":"Feature","properties":{"id":null,"group":null,"name":null,"settlement_id":"settlement_seshai","country_id":"country_barrel","district_id":null,"status":null,"surface":null,"access":null,"bridge":null,"tunnel":null,"oneway":null,"route_id":null,"alt_name":null,"notes":null},"geometry":{"type":"LineString","coordinates":[[23.88740696556251,-10.992119551895062],[23.887469961136485,-10.992261094106645],[23.88763757356435,-10.992637766184217],[23.887773704944603,-10.992943568566997],[23.887866059017497,-10.993151157114898],[23.887967965483142,-10.993380146639243],[23.88812295609999,-10.993728404989735]]}},{"type":"Feature","properties":{"id":null,"group":null,"name":null,"settlement_id":"settlement_seshai","country_id":"country_barrel","district_id":null,"status":null,"surface":null,"access":null,"bridge":null,"tunnel":null,"oneway":null,"route_id":null,"alt_name":null,"notes":null},"geometry":{"type":"LineString","coordinates":[[23.889621172070903,-10.992740457200387],[23.889503701541532,-10.992683185263719],[23.889376101521247,-10.992583418110694],[23.889457420101433,-10.99274369177827],[23.88950597723146,-10.992892012731346]]}},{"type":"Feature","properties":{"id":null,"group":null,"name":null,"settlement_id":"settlement_seshai","country_id":"country_barrel","district_id":null,"status":null,"surface":null,"access":null,"bridge":null,"tunnel":null,"oneway":null,"route_id":null,"alt_name":null,"notes":null},"geometry":{"type":"LineString","coordinates":[[23.890531562662186,-10.99276946015372],[23.890916482646308,-10.992511452913853],[23.891258835256938,-10.99228192195735],[23.89159568558361,-10.992056122605224],[23.891938153522634,-10.991826509799086],[23.89229915400642,-10.991584524653454]]}},{"type":"Feature","properties":{"id":null,"group":null,"name":null,"settlement_id":"settlement_seshai","country_id":"country_barrel","district_id":null,"status":null,"surface":null,"access":null,"bridge":null,"tunnel":null,"oneway":null,"route_id":null,"alt_name":null,"notes":null},"geometry":{"type":"LineString","coordinates":[[23.89075411815105,-10.992241870327838],[23.890762264093855,-10.992255425165201],[23.890916482646308,-10.992511452913853],[23.891084212044092,-10.992790060898518],[23.891198158501567,-10.992979203608737],[23.891642362551355,-10.993716767546406],[23.89176540366848,-10.99392104621268]]}},{"type":"Feature","properties":{"id":null,"group":null,"name":null,"settlement_id":"settlement_seshai","country_id":"country_barrel","district_id":null,"status":null,"surface":null,"access":null,"bridge":null,"tunnel":null,"oneway":null,"route_id":null,"alt_name":null,"notes":null},"geometry":{"type":"LineString","coordinates":[[23.892461724915986,-10.991851099350985],[23.89210567062216,-10.992093822876516],[23.891766848629313,-10.992324663313102],[23.891427647172534,-10.992555946476603],[23.891084212044092,-10.992790060898518],[23.890704320099562,-10.993048921846682]]}},{"type":"Feature","properties":{"id":null,"group":null,"name":null,"settlement_id":"settlement_seshai","country_id":"country_barrel","district_id":null,"status":null,"surface":null,"access":null,"bridge":null,"tunnel":null,"oneway":null,"route_id":null,"alt_name":null,"notes":null},"geometry":{"type":"LineString","coordinates":[[23.891766848629313,-10.992324663313102],[23.89159568558361,-10.992056122605224],[23.891433488824305,-10.991801681745155],[23.891424113289748,-10.991787005255393]]}},{"type":"Feature","properties":{"id":null,"group":null,"name":null,"settlement_id":"settlement_seshai","country_id":"country_barrel","district_id":null,"status":null,"surface":null,"access":null,"bridge":null,"tunnel":null,"oneway":null,"route_id":null,"alt_name":null,"notes":null},"geometry":{"type":"LineString","coordinates":[[23.891427647172534,-10.992555946476603],[23.891258835256938,-10.99228192195735],[23.89110131120171,-10.992026245849697],[23.89109255883272,-10.99201208089163]]}},{"type":"Feature","properties":{"id":null,"group":null,"name":null,"settlement_id":"settlement_seshai","country_id":"country_barrel","district_id":null,"status":null,"surface":null,"access":null,"bridge":null,"tunnel":null,"oneway":null,"route_id":null,"alt_name":null,"notes":null},"geometry":{"type":"LineString","coordinates":[[23.89221907576371,-10.992282569383423],[23.89138492549705,-10.992851769157348],[23.891198158501567,-10.992979203608737],[23.89080614033673,-10.993246757357408],[23.890546184375946,-10.99342231950725]]}},{"type":"Feature","properties":{"id":null,"group":null,"name":null,"settlement_id":"settlement_seshai","country_id":"country_barrel","district_id":null,"status":null,"surface":null,"access":null,"bridge":null,"tunnel":null,"oneway":null,"route_id":null,"alt_name":null,"notes":null},"geometry":{"type":"LineString","coordinates":[[23.891492314633517,-10.99302935109159],[23.89138492549705,-10.992851769157348],[23.891281805586374,-10.992681302257271]]}},{"type":"Feature","properties":{"id":null,"group":null,"name":null,"settlement_id":"settlement_seshai","country_id":"country_barrel","district_id":null,"status":null,"surface":null,"access":null,"bridge":null,"tunnel":null,"oneway":null,"route_id":null,"alt_name":null,"notes":null},"geometry":{"type":"LineString","coordinates":[[23.893045213141406,-10.992798235635156],[23.892690192880462,-10.993030687316843],[23.891642362551355,-10.993716767546406]]}},{"type":"Feature","properties":{"id":null,"group":null,"name":null,"settlement_id":"settlement_seshai","country_id":"country_barrel","district_id":null,"status":null,"surface":null,"access":null,"bridge":null,"tunnel":null,"oneway":null,"route_id":null,"alt_name":null,"notes":null},"geometry":{"type":"LineString","coordinates":[[23.890704320099562,-10.993048921846682],[23.890531562662186,-10.99276946015372],[23.89037544309559,-10.992516862586587],[23.890762264093855,-10.992255425165201],[23.89110131120171,-10.992026245849697],[23.891433488824305,-10.991801681745155],[23.891777115589004,-10.991569425622341],[23.892138469332938,-10.991319385961997],[23.89229915400642,-10.991584524653454],[23.892461724915986,-10.991851099350985]]}},{"type":"Feature","properties":{"id":null,"group":null,"name":null,"settlement_id":"settlement_seshai","country_id":"country_barrel","district_id":null,"status":null,"surface":null,"access":null,"bridge":null,"tunnel":null,"oneway":null,"route_id":null,"alt_name":null,"notes":null},"geometry":{"type":"LineString","coordinates":[[23.908158369689136,-10.987935978195058],[23.907558905581975,-10.988617041352352],[23.906643727624513,-10.989585206956047],[23.90570495685854,-10.990624222961191],[23.904737035832838,-10.991680198693874],[23.903744848158713,-10.992785305575271],[23.90342457079829,-10.993135129105642],[23.902663340778975,-10.993966636404288]]}},{"type":"Feature","properties":{"id":null,"group":null,"name":null,"settlement_id":"settlement_seshai","country_id":"country_barrel","district_id":null,"status":null,"surface":null,"access":null,"bridge":null,"tunnel":null,"oneway":null,"route_id":null,"alt_name":null,"notes":null},"geometry":{"type":"LineString","coordinates":[[23.90258170378538,-11.012203186479656],[23.90256266513664,-11.012208981292353],[23.902436351586193,-11.012248596150343],[23.902097381857445,-11.012354854011203],[23.90193511763749,-11.011814061469725],[23.901993456721247,-11.0117566165282],[23.902056282870827,-11.011715756707734],[23.90212028677489,-11.011687674324197],[23.90218696412203,-11.011677897751262],[23.902253290170332,-11.011680943291612],[23.90233803215803,-11.011699185975662],[23.90256266513664,-11.012208981292353],[23.90259846204772,-11.012293262673193],[23.902531306875755,-11.012314216977718],[23.902462209707792,-11.012335855863544]]}},{"type":"Feature","properties":{"id":null,"group":null,"name":null,"settlement_id":"settlement_seshai","country_id":"country_barrel","district_id":null,"status":null,"surface":null,"access":null,"bridge":null,"tunnel":null,"oneway":null,"route_id":null,"alt_name":null,"notes":null},"geometry":{"type":"LineString","coordinates":[[23.902336870027643,-11.007512923769415],[23.902138753642,-11.007615203472877],[23.902113191265062,-11.0076146162036],[23.902096402967995,-11.007599391122923],[23.901961338757214,-11.007266992102217]]}},{"type":"Feature","properties":{"id":null,"group":null,"name":null,"settlement_id":"settlement_seshai","country_id":"country_barrel","district_id":null,"status":null,"surface":null,"access":null,"bridge":null,"tunnel":null,"oneway":null,"route_id":null,"alt_name":null,"notes":null},"geometry":{"type":"LineString","coordinates":[[23.90481727798491,-11.005809696299135],[23.90407866906724,-11.006186575479692],[23.90319178987084,-11.006633219511318],[23.90296796252922,-11.006745942717206],[23.90271084776985,-11.006868330177817],[23.901961338757214,-11.007266992102217],[23.900934221629697,-11.00779105352645]]}},{"type":"Feature","properties":{"id":null,"group":null,"name":null,"settlement_id":"settlement_seshai","country_id":"country_barrel","district_id":null,"status":null,"surface":null,"access":null,"bridge":null,"tunnel":null,"oneway":null,"route_id":null,"alt_name":null,"notes":null},"geometry":{"type":"LineString","coordinates":[[23.901154965569738,-11.002365348624519],[23.901426900133327,-11.002938860972353],[23.901506730756104,-11.00310730078851],[23.901651050680154,-11.00341804359136]]}},{"type":"Feature","properties":{"id":null,"group":null,"name":null,"settlement_id":"settlement_seshai","country_id":"country_barrel","district_id":null,"status":null,"surface":null,"access":null,"bridge":null,"tunnel":null,"oneway":null,"route_id":null,"alt_name":null,"notes":null},"geometry":{"type":"LineString","coordinates":[[23.899453769630814,-11.00454280262343],[23.90022572806631,-11.004189944884576]]}},{"type":"Feature","properties":{"id":null,"group":null,"name":null,"settlement_id":"settlement_seshai","country_id":"country_barrel","district_id":null,"status":null,"surface":null,"access":null,"bridge":null,"tunnel":null,"oneway":null,"route_id":null,"alt_name":null,"notes":null},"geometry":{"type":"LineString","coordinates":[[23.90022572806631,-11.004189944884576],[23.90037740255088,-11.004125221003893],[23.900649024992813,-11.004103177886154],[23.90119635148052,-11.004165881680692],[23.901489063761144,-11.004198845005345],[23.901643637807926,-11.004289093130321],[23.901864802928603,-11.004511655120321],[23.901918178718482,-11.004524064997636]]}},{"type":"Feature","properties":{"id":null,"group":null,"name":null,"settlement_id":"settlement_seshai","country_id":"country_barrel","district_id":null,"status":null,"surface":null,"access":null,"bridge":null,"tunnel":null,"oneway":null,"route_id":null,"alt_name":null,"notes":null},"geometry":{"type":"LineString","coordinates":[[23.89970014360914,-11.003095928875378],[23.90022572806631,-11.004189944884576]]}},{"type":"Feature","properties":{"id":null,"group":null,"name":null,"settlement_id":"settlement_seshai","country_id":"country_barrel","district_id":null,"status":null,"surface":null,"access":null,"bridge":null,"tunnel":null,"oneway":null,"route_id":null,"alt_name":null,"notes":null},"geometry":{"type":"LineString","coordinates":[[23.900311671116132,-11.004267424444375],[23.90043653728171,-11.00448246039647],[23.900580895450286,-11.004666927871021],[23.900675443338933,-11.00473136378299],[23.900789817790027,-11.004752507693148],[23.901160225417495,-11.004612232358486]]}},{"type":"Feature","properties":{"id":null,"group":null,"name":null,"settlement_id":"settlement_seshai","country_id":"country_barrel","district_id":null,"status":null,"surface":null,"access":null,"bridge":null,"tunnel":null,"oneway":null,"route_id":null,"alt_name":null,"notes":null},"geometry":{"type":"LineString","coordinates":[[23.901506730756104,-11.00310730078851],[23.901523816689842,-11.003035345588085],[23.90179701564352,-11.00297056332423],[23.901847510777618,-11.002930044175269],[23.90187115818311,-11.002889936692004],[23.901867526216613,-11.002846211769832],[23.901756203576735,-11.00261592777158]]}},{"type":"Feature","properties":{"id":null,"group":null,"name":null,"settlement_id":"settlement_seshai","country_id":"country_barrel","district_id":null,"status":null,"surface":null,"access":null,"bridge":null,"tunnel":null,"oneway":null,"route_id":null,"alt_name":null,"notes":null},"geometry":{"type":"LineString","coordinates":[[23.901588853622663,-11.002861986286725],[23.90144769331493,-11.00286418799465],[23.901426900133327,-11.002938860972353]]}},{"type":"Feature","properties":{"id":null,"group":null,"name":null,"settlement_id":"settlement_seshai","country_id":"country_barrel","district_id":null,"status":null,"surface":null,"access":null,"bridge":null,"tunnel":null,"oneway":null,"route_id":null,"alt_name":null,"notes":null},"geometry":{"type":"LineString","coordinates":[[23.898987504594913,-11.0012008988821],[23.899134814391083,-11.001539434321831],[23.899133481010704,-11.001556248366459],[23.8991149709752,-11.001577449040642],[23.899026330081025,-11.001646688060557],[23.898683335512455,-11.001779040378]]}},{"type":"Feature","properties":{"id":null,"group":null,"name":null,"settlement_id":"settlement_seshai","country_id":"country_barrel","district_id":null,"status":null,"surface":null,"access":null,"bridge":null,"tunnel":null,"oneway":null,"route_id":null,"alt_name":null,"notes":null},"geometry":{"type":"LineString","coordinates":[[23.898683335512455,-11.001779040378],[23.89858245557661,-11.001536836231576],[23.898528634778707,-11.00141652944992]]}},{"type":"Feature","properties":{"id":null,"group":null,"name":null,"settlement_id":"settlement_seshai","country_id":"country_barrel","district_id":null,"status":null,"surface":null,"access":null,"bridge":null,"tunnel":null,"oneway":null,"route_id":null,"alt_name":null,"notes":null},"geometry":{"type":"LineString","coordinates":[[23.898987504594913,-11.0012008988821],[23.89887354360985,-11.000940751877732],[23.898854973207488,-11.000922282710018],[23.898834081687365,-11.0009210684666],[23.898737432231815,-11.000963995646128]]}},{"type":"Feature","properties":{"id":null,"group":null,"name":null,"settlement_id":"settlement_seshai","country_id":"country_barrel","district_id":null,"status":null,"surface":null,"access":null,"bridge":null,"tunnel":null,"oneway":null,"route_id":null,"alt_name":null,"notes":null},"geometry":{"type":"LineString","coordinates":[[23.895545159182806,-11.003056250456265],[23.89646673167662,-11.002580908948882],[23.89601699168077,-11.001663277597995]]}},{"type":"Feature","properties":{"id":null,"group":null,"name":null,"settlement_id":"settlement_seshai","country_id":"country_barrel","district_id":null,"status":null,"surface":null,"access":null,"bridge":null,"tunnel":null,"oneway":null,"route_id":null,"alt_name":null,"notes":null},"geometry":{"type":"LineString","coordinates":[[23.895741593897252,-11.002511648130746],[23.89576852358955,-11.002516727665455],[23.89580839603718,-11.002509500084983],[23.895847204211478,-11.002490021491393],[23.895860280995898,-11.002482301536137],[23.895895690620176,-11.002461333023827],[23.89592981074205,-11.00242107650531],[23.89593847861577,-11.00239810330429],[23.89594870336572,-11.002371337197207],[23.89595022943122,-11.002318142074078],[23.8959342383982,-11.00226775430907],[23.89591285521001,-11.00223896873521],[23.89590584777304,-11.0022294615891],[23.895867263687254,-11.002202218455569],[23.895847947630013,-11.002196504443635],[23.895822258613023,-11.00218889692064],[23.89577528394798,-11.00219075994075],[23.89572766417838,-11.002210162454578],[23.895689724718554,-11.002230498565034],[23.895662793863334,-11.002258282535895],[23.895637808926725,-11.002294917122597],[23.895623417918834,-11.00234562362013],[23.895625227026297,-11.002394110599106],[23.895641348165768,-11.002439550326901],[23.89566493194372,-11.00246911526251],[23.895673873987644,-11.002480370921102],[23.895718016231353,-11.002507137734899],[23.895741593897252,-11.002511648130746]]}},{"type":"Feature","properties":{"id":null,"group":null,"name":null,"settlement_id":"settlement_seshai","country_id":"country_barrel","district_id":null,"status":null,"surface":null,"access":null,"bridge":null,"tunnel":null,"oneway":null,"route_id":null,"alt_name":null,"notes":null},"geometry":{"type":"LineString","coordinates":[[23.89593847861577,-11.00239810330429],[23.896275644939802,-11.00251215206551],[23.895955845448967,-11.002677553412724],[23.89563316459564,-11.00284439272733]]}},{"type":"Feature","properties":{"id":null,"group":null,"name":null,"settlement_id":"settlement_seshai","country_id":"country_barrel","district_id":null,"status":null,"surface":null,"access":null,"bridge":null,"tunnel":null,"oneway":null,"route_id":null,"alt_name":null,"notes":null},"geometry":{"type":"LineString","coordinates":[[23.895958772624034,-11.001854429216962],[23.895636501018874,-11.002021845173513],[23.895314311263345,-11.002189376458453]]}},{"type":"Feature","properties":{"id":null,"group":null,"name":null,"settlement_id":"settlement_seshai","country_id":"country_barrel","district_id":null,"status":null,"surface":null,"access":null,"bridge":null,"tunnel":null,"oneway":null,"route_id":null,"alt_name":null,"notes":null},"geometry":{"type":"LineString","coordinates":[[23.89563316459564,-11.00284439272733],[23.895741593897252,-11.002511648130746]]}},{"type":"Feature","properties":{"id":null,"group":null,"name":null,"settlement_id":"settlement_seshai","country_id":"country_barrel","district_id":null,"status":null,"surface":null,"access":null,"bridge":null,"tunnel":null,"oneway":null,"route_id":null,"alt_name":null,"notes":null},"geometry":{"type":"LineString","coordinates":[[23.89563316459564,-11.00284439272733],[23.89557026952723,-11.002880879305263],[23.895410511653978,-11.002548750532146],[23.8952528298058,-11.002220524337648],[23.895314311263345,-11.002189376458453],[23.895637808926725,-11.002294917122597]]}},{"type":"Feature","properties":{"id":null,"group":null,"name":null,"settlement_id":"settlement_seshai","country_id":"country_barrel","district_id":null,"status":null,"surface":null,"access":null,"bridge":null,"tunnel":null,"oneway":null,"route_id":null,"alt_name":null,"notes":null},"geometry":{"type":"LineString","coordinates":[[23.895847947630013,-11.002196504443635],[23.895958772624034,-11.001854429216962],[23.89600884580727,-11.001828343084235],[23.896171795816215,-11.002164969664559],[23.89632806382542,-11.002487782813759],[23.896275644939802,-11.00251215206551]]}},{"type":"Feature","properties":{"id":null,"group":null,"name":null,"settlement_id":"settlement_seshai","country_id":"country_barrel","district_id":null,"status":null,"surface":null,"access":null,"bridge":null,"tunnel":null,"oneway":null,"route_id":null,"alt_name":null,"notes":null},"geometry":{"type":"LineString","coordinates":[[23.895860280995898,-11.002482301536137],[23.895955845448967,-11.002677553412724]]}},{"type":"Feature","properties":{"id":null,"group":null,"name":null,"settlement_id":"settlement_seshai","country_id":"country_barrel","district_id":null,"status":null,"surface":null,"access":null,"bridge":null,"tunnel":null,"oneway":null,"route_id":null,"alt_name":null,"notes":null},"geometry":{"type":"LineString","coordinates":[[23.895636501018874,-11.002021845173513],[23.89572766417838,-11.002210162454578]]}},{"type":"Feature","properties":{"id":null,"group":null,"name":null,"settlement_id":"settlement_seshai","country_id":"country_barrel","district_id":null,"status":null,"surface":null,"access":null,"bridge":null,"tunnel":null,"oneway":null,"route_id":null,"alt_name":null,"notes":null},"geometry":{"type":"LineString","coordinates":[[23.896151661604804,-11.002174229984785],[23.89612963655035,-11.002140263869663],[23.89609834435691,-11.002115475997027],[23.896060819002695,-11.002102308696958],[23.896021182639558,-11.002102171885799],[23.89598338067522,-11.002115126865242],[23.89595131384105,-11.00213970588365],[23.895928343399724,-11.002173436712656],[23.895917404512335,-11.002207993198915],[23.89591285521001,-11.00223896873521]]}},{"type":"Feature","properties":{"id":null,"group":null,"name":null,"settlement_id":"settlement_seshai","country_id":"country_barrel","district_id":null,"status":null,"surface":null,"access":null,"bridge":null,"tunnel":null,"oneway":null,"route_id":null,"alt_name":null,"notes":null},"geometry":{"type":"LineString","coordinates":[[23.89595022943122,-11.002318142074078],[23.895993640684058,-11.002347421984044],[23.89603440262222,-11.002355864400588],[23.896075718579013,-11.002349693362259],[23.89611288421887,-11.002329733021213],[23.89614156912835,-11.002298189623051],[23.896158720856675,-11.002258703572153]]}},{"type":"Feature","properties":{"id":null,"group":null,"name":null,"settlement_id":"settlement_seshai","country_id":"country_barrel","district_id":null,"status":null,"surface":null,"access":null,"bridge":null,"tunnel":null,"oneway":null,"route_id":null,"alt_name":null,"notes":null},"geometry":{"type":"LineString","coordinates":[[23.896158720856675,-11.002258703572153],[23.896162155667522,-11.002215772789793],[23.896151661604804,-11.002174229984785],[23.896171795816215,-11.002164969664559]]}},{"type":"Feature","properties":{"id":null,"group":null,"name":null,"settlement_id":"settlement_seshai","country_id":"country_barrel","district_id":null,"status":null,"surface":null,"access":null,"bridge":null,"tunnel":null,"oneway":null,"route_id":null,"alt_name":null,"notes":null},"geometry":{"type":"LineString","coordinates":[[23.89542317549572,-11.002541670481836],[23.895445085221784,-11.00257571844659],[23.89547636067584,-11.002600604908235],[23.89551377070167,-11.002613854057941],[23.895553488914437,-11.002614106197488],[23.895591257400017,-11.002601348396066],[23.8956234228232,-11.002576786117036],[23.89564647511416,-11.002543170616423],[23.895657495851182,-11.002508729458555],[23.89566493194372,-11.00246911526251]]}},{"type":"Feature","properties":{"id":null,"group":null,"name":null,"settlement_id":"settlement_seshai","country_id":"country_barrel","district_id":null,"status":null,"surface":null,"access":null,"bridge":null,"tunnel":null,"oneway":null,"route_id":null,"alt_name":null,"notes":null},"geometry":{"type":"LineString","coordinates":[[23.895625227026297,-11.002394110599106],[23.89558172099302,-11.002368973274894],[23.895540975794233,-11.002360432269338],[23.895499693316196,-11.002366406129642],[23.89546244582671,-11.002386251142294],[23.89543358047858,-11.002417662472691],[23.89541633016125,-11.002457131784208]]}},{"type":"Feature","properties":{"id":null,"group":null,"name":null,"settlement_id":"settlement_seshai","country_id":"country_barrel","district_id":null,"status":null,"surface":null,"access":null,"bridge":null,"tunnel":null,"oneway":null,"route_id":null,"alt_name":null,"notes":null},"geometry":{"type":"LineString","coordinates":[[23.89541633016125,-11.002457131784208],[23.895412780022014,-11.002500144416206],[23.89542317549572,-11.002541670481836],[23.895410511653978,-11.002548750532146]]}},{"type":"Feature","properties":{"id":null,"group":null,"name":null,"settlement_id":"settlement_seshai","country_id":"country_barrel","district_id":null,"status":null,"surface":null,"access":null,"bridge":null,"tunnel":null,"oneway":null,"route_id":null,"alt_name":null,"notes":null},"geometry":{"type":"LineString","coordinates":[[23.89882538362806,-11.007412201599092],[23.898747877294205,-11.007463653501016]]}},{"type":"Feature","properties":{"id":null,"group":null,"name":null,"settlement_id":"settlement_seshai","country_id":"country_barrel","district_id":null,"status":null,"surface":null,"access":null,"bridge":null,"tunnel":null,"oneway":null,"route_id":null,"alt_name":null,"notes":null},"geometry":{"type":"LineString","coordinates":[[23.88884897194708,-11.003620816301936],[23.887909388488577,-11.002301926490578],[23.8876795691317,-11.002043712793803],[23.887596862437714,-11.001950756606426],[23.886904348427496,-11.001278346437228],[23.886136560897317,-11.000598835761444]]}},{"type":"Feature","properties":{"id":null,"group":null,"name":null,"settlement_id":"settlement_seshai","country_id":"country_barrel","district_id":null,"status":null,"surface":null,"access":null,"bridge":null,"tunnel":null,"oneway":null,"route_id":null,"alt_name":null,"notes":null},"geometry":{"type":"LineString","coordinates":[[23.889831685009657,-11.005283679160573],[23.889522357457032,-11.004886191141654],[23.888975559168927,-11.004205658268003],[23.88857553702296,-11.003698338829444]]}},{"type":"Feature","properties":{"id":null,"group":null,"name":null,"settlement_id":"settlement_seshai","country_id":"country_barrel","district_id":null,"status":null,"surface":null,"access":null,"bridge":null,"tunnel":null,"oneway":null,"route_id":null,"alt_name":null,"notes":null},"geometry":{"type":"LineString","coordinates":[[23.90022572806631,-11.004189944884576],[23.900311671116132,-11.004267424444375],[23.900480837249066,-11.00440315697352],[23.900745221894656,-11.004561142476572],[23.900878965152724,-11.004619351590307],[23.901160225417495,-11.004612232358486]]}},{"type":"Feature","properties":{"id":null,"group":null,"name":null,"settlement_id":"settlement_seshai","country_id":"country_barrel","district_id":null,"status":null,"surface":null,"access":null,"bridge":null,"tunnel":null,"oneway":null,"route_id":null,"alt_name":null,"notes":null},"geometry":{"type":"LineString","coordinates":[[23.901918178718482,-11.004524064997636],[23.90192475923309,-11.004576709340423],[23.901956233005723,-11.004655388001037],[23.902165709068857,-11.004975469301609],[23.9023551243323,-11.005345598722183]]}},{"type":"Feature","properties":{"id":null,"group":null,"name":"Cal\u00e7ada do Hospital Velho","settlement_id":"settlement_seshai","country_id":"country_barrel","district_id":null,"status":null,"surface":null,"access":null,"bridge":null,"tunnel":null,"oneway":null,"route_id":null,"alt_name":null,"notes":null},"geometry":{"type":"LineString","coordinates":[[23.896730325111772,-11.018665890063918],[23.895616813973177,-11.018811651904688]]}},{"type":"Feature","properties":{"id":null,"group":null,"name":null,"settlement_id":"settlement_seshai","country_id":"country_barrel","district_id":null,"status":null,"surface":null,"access":null,"bridge":null,"tunnel":null,"oneway":null,"route_id":null,"alt_name":null,"notes":null},"geometry":{"type":"LineString","coordinates":[[23.900549670485795,-11.013422237405333],[23.900557256183863,-11.013419975285782],[23.900662229967867,-11.013293969315011]]}},{"type":"Feature","properties":{"id":null,"group":null,"name":null,"settlement_id":"settlement_seshai","country_id":"country_barrel","district_id":null,"status":null,"surface":null,"access":null,"bridge":null,"tunnel":null,"oneway":null,"route_id":null,"alt_name":null,"notes":null},"geometry":{"type":"LineString","coordinates":[[23.899011105556202,-11.008002418182567],[23.89908073619484,-11.007962105105758]]}},{"type":"Feature","properties":{"id":null,"group":null,"name":null,"settlement_id":"settlement_seshai","country_id":"country_barrel","district_id":null,"status":null,"surface":null,"access":null,"bridge":null,"tunnel":null,"oneway":null,"route_id":null,"alt_name":null,"notes":null},"geometry":{"type":"LineString","coordinates":[[23.89826213635007,-11.007541238197899],[23.898213354402444,-11.007580628191366],[23.898082048822747,-11.00765083912172],[23.898005358567694,-11.007677173220891],[23.897937434661305,-11.007675174986389],[23.897897740348835,-11.00766163941999],[23.897867880466954,-11.007636181858171],[23.897791022270212,-11.007550000261563]]}},{"type":"Feature","properties":{"id":null,"group":null,"name":null,"settlement_id":"settlement_seshai","country_id":"country_barrel","district_id":null,"status":null,"surface":null,"access":null,"bridge":null,"tunnel":null,"oneway":null,"route_id":null,"alt_name":null,"notes":null},"geometry":{"type":"LineString","coordinates":[[23.89772146967263,-11.00758626934164],[23.897791022270212,-11.007550000261563],[23.89786834654628,-11.007509776309362],[23.898045447189283,-11.00742553319542],[23.89812868149238,-11.0073988901703],[23.89817055735175,-11.007392408472814],[23.898218233451534,-11.007397764731703],[23.89824754278119,-11.007425867457464],[23.898267555529788,-11.007478256672893],[23.89826213635007,-11.007541238197899]]}},{"type":"Feature","properties":{"id":null,"group":null,"name":null,"settlement_id":"settlement_seshai","country_id":"country_barrel","district_id":null,"status":null,"surface":null,"access":null,"bridge":null,"tunnel":null,"oneway":null,"route_id":null,"alt_name":null,"notes":null},"geometry":{"type":"LineString","coordinates":[[23.899301920956795,-11.000079710387077],[23.899986316294914,-10.99974434190143]]}},{"type":"Feature","properties":{"id":null,"group":null,"name":null,"settlement_id":"settlement_seshai","country_id":"country_barrel","district_id":null,"status":null,"surface":null,"access":null,"bridge":null,"tunnel":null,"oneway":null,"route_id":null,"alt_name":null,"notes":null},"geometry":{"type":"LineString","coordinates":[[23.90271084776985,-11.006868330177817],[23.902474829732903,-11.006318057948608],[23.902459417417205,-11.006277404406024],[23.90245471032193,-11.006235829855466],[23.90246904764528,-11.00619738741591],[23.902576228017033,-11.006091839474621],[23.90261968141464,-11.00609100147921],[23.902657567874254,-11.006115184658857],[23.90296796252922,-11.006745942717206]]}},{"type":"Feature","properties":{"id":null,"group":null,"name":null,"settlement_id":"settlement_seshai","country_id":"country_barrel","district_id":null,"status":null,"surface":null,"access":null,"bridge":null,"tunnel":null,"oneway":null,"route_id":null,"alt_name":null,"notes":null},"geometry":{"type":"LineString","coordinates":[[23.895029636890158,-11.001198644627305],[23.89521054175305,-11.001561547493896],[23.89522787690783,-11.001575343957533],[23.895251357603865,-11.00156847759651],[23.895836657689944,-11.00129103855954]]}},{"type":"Feature","properties":{"id":null,"group":null,"name":null,"settlement_id":"settlement_seshai","country_id":"country_barrel","district_id":null,"status":null,"surface":null,"access":null,"bridge":null,"tunnel":null,"oneway":null,"route_id":null,"alt_name":null,"notes":null},"geometry":{"type":"LineString","coordinates":[[23.894900311872934,-11.00168313249085],[23.89459743564306,-11.001824730829046]]}},{"type":"Feature","properties":{"id":null,"group":null,"name":null,"settlement_id":"settlement_seshai","country_id":"country_barrel","district_id":null,"status":null,"surface":null,"access":null,"bridge":null,"tunnel":null,"oneway":null,"route_id":null,"alt_name":null,"notes":null},"geometry":{"type":"LineString","coordinates":[[23.898072567204014,-11.000005679646673],[23.897888534723027,-10.999698235755954]]}},{"type":"Feature","properties":{"id":null,"group":null,"name":null,"settlement_id":"settlement_seshai","country_id":"country_barrel","district_id":null,"status":null,"surface":null,"access":null,"bridge":null,"tunnel":null,"oneway":null,"route_id":null,"alt_name":null,"notes":null},"geometry":{"type":"LineString","coordinates":[[23.896870541484287,-11.003280982151654],[23.896378461128467,-11.003535096483038],[23.896346005844563,-11.00348728911387],[23.896266458514237,-11.00334466091807],[23.896204086562047,-11.003225133726264]]}},{"type":"Feature","properties":{"id":null,"group":null,"name":null,"settlement_id":"settlement_seshai","country_id":"country_barrel","district_id":null,"status":null,"surface":null,"access":null,"bridge":null,"tunnel":null,"oneway":null,"route_id":null,"alt_name":null,"notes":null},"geometry":{"type":"LineString","coordinates":[[23.896378461128467,-11.003535096483038],[23.896348475747086,-11.0035563773877],[23.896257271082387,-11.003603677695704],[23.896109646364433,-11.00367740654114],[23.89589119120032,-11.00379134617986]]}},{"type":"Feature","properties":{"id":null,"group":null,"name":null,"settlement_id":"settlement_seshai","country_id":"country_barrel","district_id":null,"status":null,"surface":null,"access":null,"bridge":null,"tunnel":null,"oneway":null,"route_id":null,"alt_name":null,"notes":null},"geometry":{"type":"LineString","coordinates":[[23.895944663447516,-10.992392967301317],[23.89582731606724,-10.992002819134154]]}},{"type":"Feature","properties":{"id":null,"group":null,"name":null,"settlement_id":"settlement_seshai","country_id":"country_barrel","district_id":null,"status":null,"surface":null,"access":null,"bridge":null,"tunnel":null,"oneway":null,"route_id":null,"alt_name":null,"notes":null},"geometry":{"type":"LineString","coordinates":[[23.902376695761774,-10.99215235450389],[23.902690368228694,-10.99182828879528]]}},{"type":"Feature","properties":{"id":null,"group":null,"name":null,"settlement_id":"settlement_seshai","country_id":"country_barrel","district_id":null,"status":null,"surface":null,"access":null,"bridge":null,"tunnel":null,"oneway":null,"route_id":null,"alt_name":null,"notes":null},"geometry":{"type":"LineString","coordinates":[[23.901657188905272,-10.995073936714519],[23.90151055425055,-10.995081497669144],[23.90143466513525,-10.994816961731733]]}},{"type":"Feature","properties":{"id":null,"group":null,"name":null,"settlement_id":"settlement_seshai","country_id":"country_barrel","district_id":null,"status":null,"surface":null,"access":null,"bridge":null,"tunnel":null,"oneway":null,"route_id":null,"alt_name":null,"notes":null},"geometry":{"type":"LineString","coordinates":[[23.90448130884222,-10.995752146292538],[23.904846020861033,-10.995446483957057]]}},{"type":"Feature","properties":{"id":null,"group":null,"name":null,"settlement_id":"settlement_seshai","country_id":"country_barrel","district_id":null,"status":null,"surface":null,"access":null,"bridge":null,"tunnel":null,"oneway":null,"route_id":null,"alt_name":null,"notes":null},"geometry":{"type":"LineString","coordinates":[[23.900681798103317,-11.019306785029631],[23.900681798103317,-11.019306785029631],[23.90053762860773,-11.019422890182586]]}},{"type":"Feature","properties":{"id":null,"group":null,"name":null,"settlement_id":"settlement_seshai","country_id":"country_barrel","district_id":null,"status":null,"surface":null,"access":null,"bridge":null,"tunnel":null,"oneway":null,"route_id":null,"alt_name":null,"notes":null},"geometry":{"type":"LineString","coordinates":[[23.89816825081286,-11.02247584794927],[23.89833579835641,-11.02242457085254],[23.89846876261727,-11.022414485946303]]}},{"type":"Feature","properties":{"id":null,"group":null,"name":null,"settlement_id":"settlement_seshai","country_id":"country_barrel","district_id":null,"status":null,"surface":null,"access":null,"bridge":null,"tunnel":null,"oneway":null,"route_id":null,"alt_name":null,"notes":null},"geometry":{"type":"LineString","coordinates":[[23.897996309378485,-11.020677187127117],[23.89799172912899,-11.020740006800107],[23.897976789713546,-11.020982122255756],[23.897974863705468,-11.021210319693285],[23.8979162635209,-11.021586518508233],[23.897857858734234,-11.021703492398036],[23.897793706000652,-11.021818476035019]]}},{"type":"Feature","properties":{"id":null,"group":null,"name":null,"settlement_id":"settlement_seshai","country_id":"country_barrel","district_id":null,"status":null,"surface":null,"access":null,"bridge":null,"tunnel":null,"oneway":null,"route_id":null,"alt_name":null,"notes":null},"geometry":{"type":"LineString","coordinates":[[23.899551916968758,-11.019250860868826],[23.899462245825724,-11.01898266628255],[23.89942737202036,-11.018832611366939]]}},{"type":"Feature","properties":{"id":"route_sunsetlakes","group":null,"name":"Sunset Lakes Boulevard Southwest","settlement_id":"settlement_sunrisebeach","country_id":"country_barrel","district_id":null,"status":null,"surface":null,"access":null,"bridge":null,"tunnel":null,"oneway":null,"route_id":null,"alt_name":null,"notes":null},"geometry":null},{"type":"Feature","properties":{"id":null,"group":null,"name":"Cobia Street","settlement_id":"settlement_sunrisebeach","country_id":"country_barrel","district_id":null,"status":null,"surface":null,"access":null,"bridge":null,"tunnel":null,"oneway":null,"route_id":null,"alt_name":null,"notes":null},"geometry":{"type":"LineString","coordinates":[[20.8846036326985,-6.644811024844218],[20.885879699625587,-6.643103192739589],[20.88604984488694,-6.642873633792824]]}},{"type":"Feature","properties":{"id":null,"group":null,"name":"3rd Street","settlement_id":"settlement_sunrisebeach","country_id":"country_barrel","district_id":null,"status":null,"surface":null,"access":null,"bridge":null,"tunnel":null,"oneway":null,"route_id":null,"alt_name":null,"notes":null},"geometry":{"type":"LineString","coordinates":[[20.879335889358583,-6.640867580861502],[20.881142507449983,-6.638459573591612]]}},{"type":"Feature","properties":{"id":null,"group":null,"name":"Blue Heron Court","settlement_id":"settlement_sunrisebeach","country_id":"country_barrel","district_id":null,"status":null,"surface":null,"access":null,"bridge":null,"tunnel":null,"oneway":null,"route_id":null,"alt_name":null,"notes":null},"geometry":null},{"type":"Feature","properties":{"id":null,"group":null,"name":"Dolphin Street","settlement_id":"settlement_sunrisebeach","country_id":"country_barrel","district_id":null,"status":null,"surface":null,"access":null,"bridge":null,"tunnel":null,"oneway":null,"route_id":null,"alt_name":null,"notes":null},"geometry":{"type":"LineString","coordinates":[[20.883757641417176,-6.644083465278301],[20.885246419779858,-6.642150644873598]]}},{"type":"Feature","properties":{"id":null,"group":null,"name":"1st Street","settlement_id":"settlement_sunrisebeach","country_id":"country_barrel","district_id":null,"status":null,"surface":null,"access":null,"bridge":null,"tunnel":null,"oneway":null,"route_id":null,"alt_name":null,"notes":null},"geometry":{"type":"LineString","coordinates":[[20.878313161721803,-6.639956078068867],[20.88009177323842,-6.63756320492493]]}},{"type":"Feature","properties":{"id":null,"group":null,"name":"Ocean Isle Boulevard West","settlement_id":"settlement_sunrisebeach","country_id":"country_barrel","district_id":null,"status":null,"surface":null,"access":null,"bridge":null,"tunnel":null,"oneway":null,"route_id":null,"alt_name":null,"notes":null},"geometry":null},{"type":"Feature","properties":{"id":null,"group":null,"name":"Bay Street","settlement_id":"settlement_sunrisebeach","country_id":"country_barrel","district_id":null,"status":null,"surface":null,"access":null,"bridge":null,"tunnel":null,"oneway":null,"route_id":null,"alt_name":null,"notes":null},"geometry":null},{"type":"Feature","properties":{"id":null,"group":null,"name":"Marlin Street","settlement_id":"settlement_sunrisebeach","country_id":"country_barrel","district_id":null,"status":null,"surface":null,"access":null,"bridge":null,"tunnel":null,"oneway":null,"route_id":null,"alt_name":null,"notes":null},"geometry":{"type":"LineString","coordinates":[[20.882083986780568,-6.642599722255623],[20.88350423824311,-6.640701631722173]]}},{"type":"Feature","properties":{"id":null,"group":null,"name":"2nd Street","settlement_id":"settlement_sunrisebeach","country_id":"country_barrel","district_id":null,"status":null,"surface":null,"access":null,"bridge":null,"tunnel":null,"oneway":null,"route_id":null,"alt_name":null,"notes":null},"geometry":{"type":"LineString","coordinates":[[20.87882254492739,-6.640418543418782],[20.880614324508674,-6.638003510580059]]}},{"type":"Feature","properties":{"id":null,"group":null,"name":"Twin Lakes Court","settlement_id":"settlement_sunrisebeach","country_id":"country_barrel","district_id":null,"status":null,"surface":null,"access":null,"bridge":null,"tunnel":null,"oneway":null,"route_id":null,"alt_name":null,"notes":null},"geometry":null},{"type":"Feature","properties":{"id":null,"group":null,"name":"Inlet Avenue","settlement_id":"settlement_sunrisebeach","country_id":"country_barrel","district_id":null,"status":null,"surface":null,"access":null,"bridge":null,"tunnel":null,"oneway":null,"route_id":null,"alt_name":null,"notes":null},"geometry":null},{"type":"Feature","properties":{"id":null,"group":null,"name":"Oprey Court","settlement_id":"settlement_sunrisebeach","country_id":"country_barrel","district_id":null,"status":null,"surface":null,"access":null,"bridge":null,"tunnel":null,"oneway":null,"route_id":null,"alt_name":null,"notes":null},"geometry":null},{"type":"Feature","properties":{"id":null,"group":null,"name":"Osprey Court","settlement_id":"settlement_sunrisebeach","country_id":"country_barrel","district_id":null,"status":null,"surface":null,"access":null,"bridge":null,"tunnel":null,"oneway":null,"route_id":null,"alt_name":null,"notes":null},"geometry":null},{"type":"Feature","properties":{"id":null,"group":null,"name":"29th Street","settlement_id":"settlement_sunrisebeach","country_id":"country_barrel","district_id":null,"status":null,"surface":null,"access":null,"bridge":null,"tunnel":null,"oneway":null,"route_id":null,"alt_name":null,"notes":null},"geometry":{"type":"LineString","coordinates":[[20.87591314191614,-6.638088384201454],[20.877222175113666,-6.635772450398912]]}},{"type":"Feature","properties":{"id":null,"group":null,"name":"Sailfish Street","settlement_id":"settlement_sunrisebeach","country_id":"country_barrel","district_id":null,"status":null,"surface":null,"access":null,"bridge":null,"tunnel":null,"oneway":null,"route_id":null,"alt_name":null,"notes":null},"geometry":{"type":"LineString","coordinates":[[20.882938672455268,-6.643361708664599],[20.883703325963047,-6.642367850519266],[20.884415247148265,-6.641417030753991]]}},{"type":"Feature","properties":{"id":null,"group":null,"name":"27th Street","settlement_id":"settlement_sunrisebeach","country_id":"country_barrel","district_id":null,"status":null,"surface":null,"access":null,"bridge":null,"tunnel":null,"oneway":null,"route_id":null,"alt_name":null,"notes":null},"geometry":{"type":"LineString","coordinates":[[20.87701610766039,-6.638889832706986],[20.87730831550263,-6.638353306894996],[20.878288672423054,-6.636635247280607]]}},{"type":"Feature","properties":{"id":null,"group":null,"name":"28th Street","settlement_id":"settlement_sunrisebeach","country_id":"country_barrel","district_id":null,"status":null,"surface":null,"access":null,"bridge":null,"tunnel":null,"oneway":null,"route_id":null,"alt_name":null,"notes":null},"geometry":{"type":"LineString","coordinates":[[20.87646962423884,-6.638492553812534],[20.877745153387096,-6.636203957322987]]}},{"type":"Feature","properties":{"id":null,"group":null,"name":"Main Street West","settlement_id":"settlement_sunrisebeach","country_id":"country_barrel","district_id":null,"status":null,"surface":null,"access":null,"bridge":null,"tunnel":null,"oneway":null,"route_id":null,"alt_name":null,"notes":null},"geometry":{"type":"LineString","coordinates":[[20.869886268718428,-6.63371032858865],[20.870386485893928,-6.634076985359133],[20.870416638361768,-6.634099037993512],[20.87043342065963,-6.634111349552241],[20.870475326864828,-6.634141978296347],[20.870939056091103,-6.634478582952747],[20.87097675293407,-6.634505738762996],[20.87101369186737,-6.634532212244192],[20.871029376625415,-6.634543720431053],[20.871044742182836,-6.634554967637152],[20.871491332120318,-6.634878279634676],[20.871530925271834,-6.634906641269912],[20.87157043823961,-6.634935062659362],[20.872039018298096,-6.63527466221587],[20.87207829071462,-6.635303262867974],[20.872117583560662,-6.635331723582104],[20.87259392197849,-6.635678386980398],[20.872636586093357,-6.635709698053547],[20.872679229778704,-6.635741149064663],[20.87311043219484,-6.636053853791713],[20.873125299289,-6.636064599465784],[20.87314022613738,-6.636075425323607],[20.873177323903803,-6.636102279294002],[20.873214361916002,-6.636129053080663],[20.873671226027437,-6.636460796646816],[20.873714548973076,-6.636492489743559],[20.873757952102466,-6.63652412308609],[20.874228386076055,-6.636865708341163],[20.874269513942064,-6.636895794694185],[20.874310701562298,-6.636925961230945],[20.87478742814121,-6.637269965807878],[20.87482630270774,-6.637297865235767],[20.87486511752006,-6.637325684479924],[20.875328206810707,-6.637662267172409],[20.875370671233405,-6.637693477632285],[20.875413195410314,-6.637724768275911],[20.8758694982355,-6.638056930121574],[20.87591314191614,-6.638088384201454],[20.87595678559677,-6.638119838281327],[20.87642917409875,-6.638463209542775],[20.87646962423884,-6.638492553812534],[20.876509934440968,-6.638521877652749],[20.876975519116705,-6.638859968010054],[20.87701610766039,-6.638889832706986],[20.87705669620406,-6.638919697403904],[20.877233458334338,-6.639049620455369],[20.877543804672975,-6.639282653929556]]}},{"type":"Feature","properties":{"id":null,"group":null,"name":"40th Street","settlement_id":"settlement_sunrisebeach","country_id":"country_barrel","district_id":null,"status":null,"surface":null,"access":null,"bridge":null,"tunnel":null,"oneway":null,"route_id":null,"alt_name":null,"notes":null},"geometry":{"type":"LineString","coordinates":[[20.869886268718428,-6.63371032858865],[20.871086132559487,-6.6315797606449]]}},{"type":"Feature","properties":{"id":null,"group":null,"name":"33rd Street","settlement_id":"settlement_sunrisebeach","country_id":"country_barrel","district_id":null,"status":null,"surface":null,"access":null,"bridge":null,"tunnel":null,"oneway":null,"route_id":null,"alt_name":null,"notes":null},"geometry":{"type":"LineString","coordinates":[[20.873714548973076,-6.636492489743559],[20.875157568285726,-6.63394014599843]]}},{"type":"Feature","properties":{"id":null,"group":null,"name":"31st Street","settlement_id":"settlement_sunrisebeach","country_id":"country_barrel","district_id":null,"status":null,"surface":null,"access":null,"bridge":null,"tunnel":null,"oneway":null,"route_id":null,"alt_name":null,"notes":null},"geometry":{"type":"LineString","coordinates":[[20.876216431174324,-6.63483369959678],[20.876142373526033,-6.63489799263473],[20.87482630270774,-6.637297865235767]]}},{"type":"Feature","properties":{"id":null,"group":null,"name":"Egret Drive","settlement_id":"settlement_sunrisebeach","country_id":"country_barrel","district_id":null,"status":null,"surface":null,"access":null,"bridge":null,"tunnel":null,"oneway":null,"route_id":null,"alt_name":null,"notes":null},"geometry":null},{"type":"Feature","properties":{"id":null,"group":null,"name":"4th Street","settlement_id":"settlement_sunrisebeach","country_id":"country_barrel","district_id":null,"status":null,"surface":null,"access":null,"bridge":null,"tunnel":null,"oneway":null,"route_id":null,"alt_name":null,"notes":null},"geometry":{"type":"LineString","coordinates":[[20.879844384974554,-6.641319483437882],[20.88078991253959,-6.640086699225727],[20.881659770713348,-6.638895963000712]]}},{"type":"Feature","properties":{"id":null,"group":null,"name":"Sunset Boulevard South","settlement_id":"settlement_sunrisebeach","country_id":"country_barrel","district_id":null,"status":null,"surface":null,"access":null,"bridge":null,"tunnel":null,"oneway":null,"route_id":null,"alt_name":null,"notes":null},"geometry":{"type":"LineString","coordinates":[[20.877649056089663,-6.639370337333248],[20.877701525018324,-6.639295817996664],[20.877713918295182,-6.639278475946941],[20.878014113961328,-6.638830655065304],[20.878241310986535,-6.638499590718478],[20.878361215189923,-6.638322437840974],[20.878670337819205,-6.637865844312693],[20.879036961575533,-6.637324246841043],[20.879068203205588,-6.637278142496867],[20.87911701178322,-6.637203731928067],[20.879266536011777,-6.636994029793901],[20.879786914890268,-6.636343463645984]]}},{"type":"Feature","properties":{"id":null,"group":null,"name":"Blane Court","settlement_id":"settlement_sunrisebeach","country_id":"country_barrel","district_id":null,"status":null,"surface":null,"access":null,"bridge":null,"tunnel":null,"oneway":null,"route_id":null,"alt_name":null,"notes":null},"geometry":null},{"type":"Feature","properties":{"id":null,"group":null,"name":"7th Street","settlement_id":"settlement_sunrisebeach","country_id":"country_barrel","district_id":null,"status":null,"surface":null,"access":null,"bridge":null,"tunnel":null,"oneway":null,"route_id":null,"alt_name":null,"notes":null},"geometry":{"type":"LineString","coordinates":[[20.88170035730828,-6.642256803376027],[20.881378334957372,-6.642687217194949]]}},{"type":"Feature","properties":{"id":null,"group":null,"name":"5th Street","settlement_id":"settlement_sunrisebeach","country_id":"country_barrel","district_id":null,"status":null,"surface":null,"access":null,"bridge":null,"tunnel":null,"oneway":null,"route_id":null,"alt_name":null,"notes":null},"geometry":{"type":"LineString","coordinates":[[20.880360852934057,-6.641780410521922],[20.88060159018563,-6.641462327787872],[20.88116367578658,-6.640679289003902],[20.882181610018762,-6.639340166489363]]}},{"type":"Feature","properties":{"id":null,"group":null,"name":"8th Street","settlement_id":"settlement_sunrisebeach","country_id":"country_barrel","district_id":null,"status":null,"surface":null,"access":null,"bridge":null,"tunnel":null,"oneway":null,"route_id":null,"alt_name":null,"notes":null},"geometry":{"type":"LineString","coordinates":[[20.882216898262268,-6.64272653072551],[20.881890835640256,-6.643143992084837]]}},{"type":"Feature","properties":{"id":null,"group":null,"name":"6th Street","settlement_id":"settlement_sunrisebeach","country_id":"country_barrel","district_id":null,"status":null,"surface":null,"access":null,"bridge":null,"tunnel":null,"oneway":null,"route_id":null,"alt_name":null,"notes":null},"geometry":{"type":"LineString","coordinates":[[20.88086343643391,-6.642229734943336],[20.881194196709906,-6.641806527972901],[20.882651942600504,-6.639858172263988],[20.88266169765857,-6.639801141931344]]}},{"type":"Feature","properties":{"id":null,"group":null,"name":"9th Street","settlement_id":"settlement_sunrisebeach","country_id":"country_barrel","district_id":null,"status":null,"surface":null,"access":null,"bridge":null,"tunnel":null,"oneway":null,"route_id":null,"alt_name":null,"notes":null},"geometry":{"type":"LineString","coordinates":[[20.88273682026047,-6.643182888387635],[20.882405473182946,-6.643601793537074]]}},{"type":"Feature","properties":{"id":null,"group":null,"name":"Lakeshore Drive","settlement_id":"settlement_sunrisebeach","country_id":"country_barrel","district_id":null,"status":null,"surface":null,"access":null,"bridge":null,"tunnel":null,"oneway":null,"route_id":null,"alt_name":null,"notes":null},"geometry":null},{"type":"Feature","properties":{"id":null,"group":null,"name":"32nd Street","settlement_id":"settlement_sunrisebeach","country_id":"country_barrel","district_id":null,"status":null,"surface":null,"access":null,"bridge":null,"tunnel":null,"oneway":null,"route_id":null,"alt_name":null,"notes":null},"geometry":{"type":"LineString","coordinates":[[20.874269513942064,-6.636895794694185],[20.87571810486194,-6.634313607906425]]}},{"type":"Feature","properties":{"id":null,"group":null,"name":"Canal Drive","settlement_id":"settlement_sunrisebeach","country_id":"country_barrel","district_id":null,"status":null,"surface":null,"access":null,"bridge":null,"tunnel":null,"oneway":null,"route_id":null,"alt_name":null,"notes":null},"geometry":{"type":"LineString","coordinates":[[20.881194196709906,-6.641806527972901],[20.88170035730828,-6.642256803376027],[20.882083986780568,-6.642599722255623],[20.882216898262268,-6.64272653072551],[20.88273682026047,-6.643182888387635],[20.882938672455268,-6.643361708664599],[20.8832449982102,-6.643634029985596],[20.883757641417176,-6.644083465278301],[20.88427425602129,-6.644529192740797],[20.8846036326985,-6.644811024844218],[20.88479257749979,-6.644966165400048],[20.886185192190695,-6.646195284781029],[20.88756522732583,-6.647411205496273],[20.888509374925384,-6.648257426838618],[20.889538354308417,-6.649171628829043],[20.890599907980782,-6.650113810913734],[20.89138895783683,-6.650822195650055],[20.89150113144994,-6.650941760446401],[20.89153805850433,-6.650998174032121],[20.891551731962018,-6.651026396125506],[20.89155829821926,-6.651050436388941],[20.891558341008814,-6.651075596638714],[20.89155975814536,-6.651102601114718],[20.891553434283352,-6.651123401806274]]}},{"type":"Feature","properties":{"id":null,"group":null,"name":"North Shore Drive","settlement_id":"settlement_sunrisebeach","country_id":"country_barrel","district_id":null,"status":null,"surface":null,"access":null,"bridge":null,"tunnel":null,"oneway":null,"route_id":null,"alt_name":null,"notes":null},"geometry":{"type":"LineString","coordinates":[[20.885879699625587,-6.643103192739589],[20.887016152850567,-6.643928324121513],[20.887330353577518,-6.644169709463207],[20.887576679478364,-6.644357166259752],[20.88797938711446,-6.64467464356577],[20.888504710800092,-6.645182598047305],[20.88898684792667,-6.64565351982549],[20.889499936772456,-6.646153256722607],[20.890236992355216,-6.646892282045516],[20.890306032852966,-6.647016054496699]]}},{"type":"Feature","properties":{"id":null,"group":null,"name":"Woods Court","settlement_id":"settlement_sunrisebeach","country_id":"country_barrel","district_id":null,"status":null,"surface":null,"access":null,"bridge":null,"tunnel":null,"oneway":null,"route_id":null,"alt_name":null,"notes":null},"geometry":null},{"type":"Feature","properties":{"id":null,"group":null,"name":"36th Street","settlement_id":"settlement_sunrisebeach","country_id":"country_barrel","district_id":null,"status":null,"surface":null,"access":null,"bridge":null,"tunnel":null,"oneway":null,"route_id":null,"alt_name":null,"notes":null},"geometry":{"type":"LineString","coordinates":[[20.87207829071462,-6.635303262867974],[20.87344349843091,-6.632845820784965]]}},{"type":"Feature","properties":{"id":null,"group":null,"name":"12th Street","settlement_id":"settlement_sunrisebeach","country_id":"country_barrel","district_id":null,"status":null,"surface":null,"access":null,"bridge":null,"tunnel":null,"oneway":null,"route_id":null,"alt_name":null,"notes":null},"geometry":{"type":"LineString","coordinates":[[20.883944291358763,-6.644973382251567],[20.88399691144865,-6.644901743392425],[20.884243127279547,-6.64457109741163],[20.88427425602129,-6.644529192740797]]}},{"type":"Feature","properties":{"id":null,"group":null,"name":"37th Street","settlement_id":"settlement_sunrisebeach","country_id":"country_barrel","district_id":null,"status":null,"surface":null,"access":null,"bridge":null,"tunnel":null,"oneway":null,"route_id":null,"alt_name":null,"notes":null},"geometry":{"type":"LineString","coordinates":[[20.871530925271834,-6.634906641269912],[20.87289958654421,-6.632438269733553]]}},{"type":"Feature","properties":{"id":null,"group":null,"name":"13th Street","settlement_id":"settlement_sunrisebeach","country_id":"country_barrel","district_id":null,"status":null,"surface":null,"access":null,"bridge":null,"tunnel":null,"oneway":null,"route_id":null,"alt_name":null,"notes":null},"geometry":{"type":"LineString","coordinates":[[20.88479257749979,-6.644966165400048],[20.884492818698707,-6.645369387412306],[20.884449132761223,-6.645423393605163]]}},{"type":"Feature","properties":{"id":null,"group":null,"name":"38th Street","settlement_id":"settlement_sunrisebeach","country_id":"country_barrel","district_id":null,"status":null,"surface":null,"access":null,"bridge":null,"tunnel":null,"oneway":null,"route_id":null,"alt_name":null,"notes":null},"geometry":{"type":"LineString","coordinates":[[20.87097675293407,-6.634505738762996],[20.87100016360641,-6.63446971043497],[20.872367230013978,-6.631973593873725]]}},{"type":"Feature","properties":{"id":null,"group":null,"name":"39th Street","settlement_id":"settlement_sunrisebeach","country_id":"country_barrel","district_id":null,"status":null,"surface":null,"access":null,"bridge":null,"tunnel":null,"oneway":null,"route_id":null,"alt_name":null,"notes":null},"geometry":{"type":"LineString","coordinates":[[20.871747501003206,-6.631753991043105],[20.87043342065963,-6.634111349552241]]}},{"type":"Feature","properties":{"id":null,"group":null,"name":"15th Street","settlement_id":"settlement_sunrisebeach","country_id":"country_barrel","district_id":null,"status":null,"surface":null,"access":null,"bridge":null,"tunnel":null,"oneway":null,"route_id":null,"alt_name":null,"notes":null},"geometry":{"type":"LineString","coordinates":[[20.887213191133775,-6.647885187415208],[20.88756522732583,-6.647411205496273]]}},{"type":"Feature","properties":{"id":null,"group":null,"name":"18th Street","settlement_id":"settlement_sunrisebeach","country_id":"country_barrel","district_id":null,"status":null,"surface":null,"access":null,"bridge":null,"tunnel":null,"oneway":null,"route_id":null,"alt_name":null,"notes":null},"geometry":{"type":"LineString","coordinates":[[20.88898684792667,-6.64565351982549],[20.88828914192093,-6.646436482423288]]}},{"type":"Feature","properties":{"id":null,"group":null,"name":"16th Street","settlement_id":"settlement_sunrisebeach","country_id":"country_barrel","district_id":null,"status":null,"surface":null,"access":null,"bridge":null,"tunnel":null,"oneway":null,"route_id":null,"alt_name":null,"notes":null},"geometry":{"type":"LineString","coordinates":[[20.88797938711446,-6.64467464356577],[20.887948227512144,-6.644765708373364],[20.887333942500277,-6.645424646385785],[20.887328417716613,-6.645491369745755],[20.88734486424531,-6.6455544405131]]}},{"type":"Feature","properties":{"id":null,"group":null,"name":"30th Street","settlement_id":"settlement_sunrisebeach","country_id":"country_barrel","district_id":null,"status":null,"surface":null,"access":null,"bridge":null,"tunnel":null,"oneway":null,"route_id":null,"alt_name":null,"notes":null},"geometry":{"type":"LineString","coordinates":[[20.876698756114184,-6.635334662092768],[20.875370671233405,-6.637693477632285]]}},{"type":"Feature","properties":{"id":null,"group":null,"name":"19th Street","settlement_id":"settlement_sunrisebeach","country_id":"country_barrel","district_id":null,"status":null,"surface":null,"access":null,"bridge":null,"tunnel":null,"oneway":null,"route_id":null,"alt_name":null,"notes":null},"geometry":{"type":"LineString","coordinates":[[20.889499936772456,-6.646153256722607],[20.889327060350904,-6.646340827090392],[20.88919847354653,-6.646473193112246],[20.889075247347414,-6.64659233552221]]}},{"type":"Feature","properties":{"id":null,"group":null,"name":"17th Street","settlement_id":"settlement_sunrisebeach","country_id":"country_barrel","district_id":null,"status":null,"surface":null,"access":null,"bridge":null,"tunnel":null,"oneway":null,"route_id":null,"alt_name":null,"notes":null},"geometry":{"type":"LineString","coordinates":[[20.888504710800092,-6.645182598047305],[20.887724165775765,-6.646030286737209]]}},{"type":"Feature","properties":{"id":null,"group":null,"name":"North Shore Drive East","settlement_id":"settlement_sunrisebeach","country_id":"country_barrel","district_id":null,"status":null,"surface":null,"access":null,"bridge":null,"tunnel":null,"oneway":null,"route_id":null,"alt_name":null,"notes":null},"geometry":{"type":"LineString","coordinates":[[20.88266169765857,-6.639801141931344],[20.88261808023537,-6.639722027707632],[20.882181610018762,-6.639340166489363],[20.881659770713348,-6.638895963000712],[20.881538096575845,-6.638789589111699],[20.881142507449983,-6.638459573591612],[20.88101124195021,-6.638350370255742],[20.880990894828848,-6.63833310773412],[20.880614324508674,-6.638003510580059],[20.88009177323842,-6.63756320492493],[20.879921271578038,-6.637426621053946],[20.879811766784783,-6.637356324679557],[20.879495794653085,-6.63716427413416],[20.879407535397945,-6.637098722979458],[20.879266536011777,-6.636994029793901]]}},{"type":"Feature","properties":{"id":null,"group":null,"name":"North Shore Drive West","settlement_id":"settlement_sunrisebeach","country_id":"country_barrel","district_id":null,"status":null,"surface":null,"access":null,"bridge":null,"tunnel":null,"oneway":null,"route_id":null,"alt_name":null,"notes":null},"geometry":{"type":"LineString","coordinates":[[20.871086132559487,-6.6315797606449],[20.871747501003206,-6.631753991043105],[20.872221582383496,-6.631904166589895],[20.872367230013978,-6.631973593873725],[20.87254619384401,-6.632109483709749],[20.87289958654421,-6.632438269733553],[20.873109070487153,-6.632613273412504],[20.87344349843091,-6.632845820784965],[20.874022196341617,-6.633212358393043],[20.8745876655547,-6.633568675357373],[20.875157568285726,-6.63394014599843],[20.87571810486194,-6.634313607906425],[20.87585899692818,-6.634433720835247],[20.875963498020592,-6.634537802013595],[20.876216431174324,-6.63483369959678],[20.87640542828105,-6.635056520631806],[20.876698756114184,-6.635334662092768],[20.877222175113666,-6.635772450398912],[20.877566069083368,-6.636055187056597],[20.877745153387096,-6.636203957322987],[20.878288672423054,-6.636635247280607],[20.878480097042562,-6.636731795170502],[20.878699811181573,-6.636812249798221],[20.879266536011777,-6.636994029793901]]}},{"type":"Feature","properties":{"id":null,"group":null,"name":"34th Street","settlement_id":"settlement_sunrisebeach","country_id":"country_barrel","district_id":null,"status":null,"surface":null,"access":null,"bridge":null,"tunnel":null,"oneway":null,"route_id":null,"alt_name":null,"notes":null},"geometry":{"type":"LineString","coordinates":[[20.873177323903803,-6.636102279294002],[20.8745876655547,-6.633568675357373]]}},{"type":"Feature","properties":{"id":null,"group":null,"name":"10th Street","settlement_id":"settlement_sunrisebeach","country_id":"country_barrel","district_id":null,"status":null,"surface":null,"access":null,"bridge":null,"tunnel":null,"oneway":null,"route_id":null,"alt_name":null,"notes":null},"geometry":{"type":"LineString","coordinates":[[20.8832449982102,-6.643634029985596],[20.882913692474357,-6.644059015290526]]}},{"type":"Feature","properties":{"id":null,"group":null,"name":"35th Street","settlement_id":"settlement_sunrisebeach","country_id":"country_barrel","district_id":null,"status":null,"surface":null,"access":null,"bridge":null,"tunnel":null,"oneway":null,"route_id":null,"alt_name":null,"notes":null},"geometry":{"type":"LineString","coordinates":[[20.872636586093357,-6.635709698053547],[20.873142847792206,-6.634777947259459]]}},{"type":"Feature","properties":{"id":null,"group":null,"name":"11th Street","settlement_id":"settlement_sunrisebeach","country_id":"country_barrel","district_id":null,"status":null,"surface":null,"access":null,"bridge":null,"tunnel":null,"oneway":null,"route_id":null,"alt_name":null,"notes":null},"geometry":{"type":"LineString","coordinates":[[20.883757641417176,-6.644083465278301],[20.88342419114966,-6.644509924009131]]}},{"type":"Feature","properties":{"id":null,"group":null,"name":"Riverside Drive","settlement_id":"settlement_sunrisebeach","country_id":"country_barrel","district_id":null,"status":null,"surface":null,"access":null,"bridge":null,"tunnel":null,"oneway":null,"route_id":null,"alt_name":null,"notes":null},"geometry":{"type":"LineString","coordinates":[[20.88266169765857,-6.639801141931344],[20.88276523360017,-6.639763519480645],[20.88296467526961,-6.639691591179607],[20.8830586867059,-6.639661939538061],[20.88316833542105,-6.639639715918489],[20.88326453553994,-6.639672411287036],[20.88341087641312,-6.639698420493819],[20.88355734841412,-6.639753390239363],[20.88370965831196,-6.639848158087364],[20.88396070803774,-6.640001789220901],[20.884113272209728,-6.640111457919377],[20.88419867076131,-6.640209820449766],[20.884330168448393,-6.640477985246668],[20.884391897536872,-6.640579395155632],[20.88450706289483,-6.640714689206969],[20.884627838442544,-6.640872740581752],[20.884747465679393,-6.640961808107837],[20.88489919013709,-6.641090934321058],[20.885234746704334,-6.641340225235822],[20.885415781898548,-6.641505001564371],[20.88557161124421,-6.641586920152205],[20.885598288278565,-6.641600962083606],[20.885758017042196,-6.641787353129728],[20.88588774734486,-6.641888471716384],[20.88616622329103,-6.64206618712768],[20.88661337653174,-6.642394940879464],[20.887094281785345,-6.642752418343166],[20.887405636360292,-6.642969734837386],[20.887531200176795,-6.643072960648056],[20.88775449186051,-6.643284566871933],[20.888001218903202,-6.643536825204605],[20.888348802686703,-6.643855473354525],[20.88854649396371,-6.6440476209254],[20.88880465426829,-6.644249954108875],[20.889036287251884,-6.6444220457441],[20.889323188852263,-6.644656587279239],[20.889517780977986,-6.644868005430318],[20.889815512470175,-6.645099340184635],[20.89006385734327,-6.64526758308643],[20.890306474189135,-6.645497088698789],[20.890435566090577,-6.645597685323896],[20.890592729579804,-6.645648927861448],[20.890759032395483,-6.645713438507822],[20.890959151667918,-6.645785672964997],[20.89114872438933,-6.645886095190114],[20.891353635358975,-6.646052284794234],[20.89154484687303,-6.646179172173011],[20.891708536812178,-6.646247874820856],[20.891837211089733,-6.646315110007285]]}},{"type":"Feature","properties":{"id":null,"group":null,"name":"Main Street East","settlement_id":"settlement_sunrisebeach","country_id":"country_barrel","district_id":null,"status":null,"surface":null,"access":null,"bridge":null,"tunnel":null,"oneway":null,"route_id":null,"alt_name":null,"notes":null},"geometry":{"type":"LineString","coordinates":[[20.877764322233915,-6.639466271508538],[20.8780723088319,-6.639744837955665],[20.87816466044047,-6.63982592174194],[20.878313161721803,-6.639956078068867],[20.87882254492739,-6.640418543418782],[20.879335889358583,-6.640867580861502],[20.879844384974554,-6.641319483437882],[20.880360852934057,-6.641780410521922],[20.88086343643391,-6.642229734943336],[20.881378334957372,-6.642687217194949],[20.881890835640256,-6.643143992084837],[20.882405473182946,-6.643601793537074],[20.882913692474357,-6.644059015290526],[20.88342419114966,-6.644509924009131],[20.883944291358763,-6.644973382251567],[20.884449132761223,-6.645423393605163],[20.885238556486357,-6.646127259467534],[20.88633648982277,-6.647102193346712],[20.887213191133775,-6.647885187415208],[20.888149229037957,-6.64871500379364],[20.88820695274991,-6.6487660211738],[20.889189818099883,-6.649645621488619],[20.890089947184485,-6.650452187562202],[20.890263342562562,-6.650597340353635],[20.89030946935327,-6.6506343020795],[20.890545293373066,-6.650796286528398],[20.890738974274306,-6.650913601440056],[20.890917960241275,-6.651009691156623],[20.891083361571436,-6.651087719100206],[20.891254674052465,-6.651155605135911],[20.891349262341876,-6.651185635545619],[20.891389819319258,-6.651193200040662],[20.891449779712055,-6.651193164044262],[20.89149217534728,-6.651188134122398]]}},{"type":"Feature","properties":{"id":null,"group":null,"name":"Sunset Boulevard South","settlement_id":"settlement_sunrisebeach","country_id":"country_barrel","district_id":null,"status":null,"surface":null,"access":null,"bridge":null,"tunnel":null,"oneway":null,"route_id":null,"alt_name":null,"notes":null},"geometry":{"type":"LineString","coordinates":[[20.880115055100465,-6.63593330869667],[20.881808167206334,-6.63372911406439],[20.88747054505925,-6.626703735901757]]}},{"type":"Feature","properties":{"id":null,"group":null,"name":"Main Street West","settlement_id":"settlement_sunrisebeach","country_id":"country_barrel","district_id":null,"status":null,"surface":null,"access":null,"bridge":null,"tunnel":null,"oneway":null,"route_id":null,"alt_name":null,"notes":null},"geometry":{"type":"LineString","coordinates":[[20.86946037013559,-6.633402900162617],[20.86984058418815,-6.63367914824719],[20.869886268718428,-6.63371032858865]]}},{"type":"Feature","properties":{"id":null,"group":null,"name":"Main Street East","settlement_id":"settlement_sunrisebeach","country_id":"country_barrel","district_id":null,"status":null,"surface":null,"access":null,"bridge":null,"tunnel":null,"oneway":null,"route_id":null,"alt_name":null,"notes":null},"geometry":{"type":"LineString","coordinates":[[20.89149217534728,-6.651188134122398],[20.891525698774327,-6.651167516900508],[20.89154252412127,-6.651146248433232],[20.891553434283352,-6.651123401806274]]}},{"type":"Feature","properties":{"id":null,"group":null,"name":"Sunset Boulevard South","settlement_id":"settlement_sunrisebeach","country_id":"country_barrel","district_id":null,"status":null,"surface":null,"access":null,"bridge":null,"tunnel":null,"oneway":null,"route_id":null,"alt_name":null,"notes":null},"geometry":{"type":"LineString","coordinates":[[20.879786914890268,-6.636343463645984],[20.880115055100465,-6.63593330869667]]}},{"type":"Feature","properties":{"id":null,"group":null,"name":"35th Street","settlement_id":"settlement_sunrisebeach","country_id":"country_barrel","district_id":null,"status":null,"surface":null,"access":null,"bridge":null,"tunnel":null,"oneway":null,"route_id":null,"alt_name":null,"notes":null},"geometry":{"type":"LineString","coordinates":[[20.873142847792206,-6.634777947259459],[20.873384549784806,-6.634347526956991]]}},{"type":"Feature","properties":{"id":null,"group":null,"name":"35th Street","settlement_id":"settlement_sunrisebeach","country_id":"country_barrel","district_id":null,"status":null,"surface":null,"access":null,"bridge":null,"tunnel":null,"oneway":null,"route_id":null,"alt_name":null,"notes":null},"geometry":{"type":"LineString","coordinates":[[20.873384549784806,-6.634347526956991],[20.874022196341617,-6.633212358393043]]}},{"type":"Feature","properties":{"id":null,"group":null,"name":"Main Street West","settlement_id":"settlement_sunrisebeach","country_id":"country_barrel","district_id":null,"status":null,"surface":null,"access":null,"bridge":null,"tunnel":null,"oneway":null,"route_id":null,"alt_name":null,"notes":null},"geometry":{"type":"LineString","coordinates":[[20.877543804672975,-6.639282653929556],[20.87757305008691,-6.639307003791222],[20.877649056089663,-6.639370337333248]]}},{"type":"Feature","properties":{"id":null,"group":null,"name":"Main Street East","settlement_id":"settlement_sunrisebeach","country_id":"country_barrel","district_id":null,"status":null,"surface":null,"access":null,"bridge":null,"tunnel":null,"oneway":null,"route_id":null,"alt_name":null,"notes":null},"geometry":{"type":"LineString","coordinates":[[20.877649056089663,-6.639370337333248],[20.87768231117366,-6.639398059515493],[20.877733859771734,-6.639440957907516],[20.877764322233915,-6.639466271508538]]}},{"type":"Feature","properties":{"id":"route_gunseyisland","group":null,"name":"Gunsey Island Route","settlement_id":"settlement_gunsey","country_id":"country_duvessa","district_id":null,"status":null,"surface":null,"access":null,"bridge":null,"tunnel":null,"oneway":null,"route_id":null,"alt_name":null,"notes":null},"geometry":{"type":"LineString","coordinates":[[-3.661654016272718,29.70995538397398],[-3.663156784011434,29.710359536935464],[-3.664104212008005,29.710997228856233],[-3.664687244621279,29.711726019622827],[-3.665221533285003,29.713061131078547],[-3.666435759302234,29.716080198653312],[-3.669659768531885,29.72338795290719],[-3.678001892413609,29.738890063953093],[-3.6799362979514,29.74485448102795],[-3.68316030718105,29.75237716923047],[-3.685524580616129,29.760329725330276],[-3.686169382462058,29.771721224608378],[-3.686599250359346,29.784187393629697],[-3.684879778770197,29.796653562651013],[-3.682891639745246,29.802832913674504],[-3.680043764925721,29.80799132844194],[-3.677088423131874,29.81309600972222],[-3.673273345543453,29.818146957515353],[-3.671715074415788,29.8204037639761],[-3.669673201903676,29.822391903001048],[-3.664299853187591,29.826206980589475],[-3.659087704932988,29.828839921460357],[-3.65296208739665,29.830962394203212],[-3.648341007500818,29.83217139766433],[-3.642752724836089,29.833111733689645],[-3.637749854658564,29.832717553694533],[-3.63405206371123,29.83396671784072],[-3.633656522676877,29.834148542462795],[-3.633445705518253,29.834357702905045],[-3.631154052593568,29.837894585274537]]}},{"type":"Feature","properties":{"id":"strtmjr_meridianzero","group":null,"name":"Meridian Zero","settlement_id":"settlement_zaynalqamar","country_id":"country_bibishirif","district_id":null,"status":"active","surface":"paved","access":"public","bridge":null,"tunnel":null,"oneway":null,"route_id":null,"alt_name":null,"notes":null},"geometry":{"type":"LineString","coordinates":[[-31.338821951271687,-6.459869526249995],[-31.393837512132183,-6.320399521487117]]}},{"type":"Feature","properties":{"id":"street_silvermark","group":null,"name":"Silver Mark","settlement_id":"settlement_zaynalqamar","country_id":"country_bibishirif","district_id":null,"status":"active","surface":"paved","access":"public","bridge":null,"tunnel":null,"oneway":null,"route_id":null,"alt_name":null,"notes":null},"geometry":{"type":"LineString","coordinates":[[-31.317267434546487,-6.450991582250267],[-31.317677499962972,-6.450922211466843],[-31.31808629733688,-6.450845721869673],[-31.318493703093882,-6.450762136580602],[-31.318899594080325,-6.450671480866418],[-31.31930384760044,-6.450573782131206],[-31.319706341453458,-6.450469069908072],[-31.32010695397052,-6.450357375850209],[-31.320505564051484,-6.450238733721332],[-31.320902051201507,-6.450113179385472],[-31.3212962955675,-6.44998075079613],[-31.321688177974316,-6.449841487984813],[-31.322077579960816,-6.449695433048922],[-31.322464383815657,-6.449542630139039],[-31.32284847261288,-6.449383125445566],[-31.32322973024724,-6.449216967184777],[-31.323608041469342,-6.449044205584234],[-31.32398329192043,-6.448864892867604],[-31.324355368167,-6.448679083238876],[-31.32472415773506,-6.448486832865974],[-31.32508954914414,-6.44828819986378],[-31.32545143194099,-6.448083244276559],[-31.325809696732975,-6.447872028059823],[-31.326164235221135,-6.447654615061587],[-31.326514940232926,-6.44743107100308],[-31.326861705754613,-6.447201463458868],[-31.32720442696332,-6.446965861836439],[-31.327543000258718,-6.446724337355213],[-31.32787732329434,-6.446476963025015],[-31.32820729500852,-6.446223813624008],[-31.328532815654942,-6.445964965676086],[-31.328853786832788,-6.445700497427742],[-31.32917011151649,-6.445430488824416],[-31.329481694085057,-6.445155021486327],[-31.32978844035098,-6.444874178683803],[-31.33009025758871,-6.444588045312105],[-31.33038705456267,-6.444296707865769],[-31.330678741554852,-6.444000254412456],[-31.330965230391932,-6.443698774566333],[-31.33124643447192,-6.443392359460983],[-31.331522268790348,-6.443081101721854],[-31.33179264996595,-6.442765095438264],[-31.332057496265886,-6.442444436134955],[-31.332318841623717,-6.442089252144052],[-31.332500104289903,-6.441871752283138],[-31.33253661817695,-6.441831372219814],[-31.3325731911053,-6.441796197306575],[-31.33260277274878,-6.441770802124828],[-31.332636709184975,-6.441747175492032],[-31.332739071201985,-6.441680081238895],[-31.332949927888535,-6.441577433038974],[-31.33333316709226,-6.441371851747994],[-31.333719870894825,-6.441172864000743],[-31.334109925866414,-6.440980528165261],[-31.33450321759424,-6.440794900658415],[-31.334899630716087,-6.440616035929356],[-31.33529904895416,-6.440443986443541],[-31.335701355149187,-6.440278802667351],[-31.336106431294787,-6.440120533053283],[-31.33651415857209,-6.439969224025735],[-31.336924417384573,-6.439824919967399],[-31.33733708739316,-6.439687663206231],[-31.337752047551504,-6.439557494003041],[-31.33816917614151,-6.439434450539684],[-31.338588350809015,-6.439318568907859],[-31.3390094485997,-6.439209883098519],[-31.33943234599515,-6.439108424991907],[-31.339856918949067,-6.439014224348202],[-31.340283042923684,-6.438927308798785],[-31.340710592926275,-6.438847703838145],[-31.341139443545824,-6.438775432816389],[-31.341569468989814,-6.438710516932397],[-31.34200054312112,-6.43865297522761],[-31.34243253949502,-6.438602824580435],[-31.34286533139626,-6.4385600797013],[-31.343298791876254,-6.438524753128338],[-31.343732793790295,-6.438496855223708],[-31.344167209834865,-6.438476394170557],[-31.344601912584963,-6.43846337597062],[-31.3450367745315,-6.438457804442458],[-31.34547166811869,-6.438459681220338],[-31.34590646578146,-6.438469005753753],[-31.346341039982878,-6.438485775307588],[-31.346775263251555,-6.438509984962916],[-31.347209008219046,-6.438541627618447],[-31.3476421476572,-6.438580693992603],[-31.34807455451548,-6.438627172626249],[-31.348506101958236,-6.43868104988605],[-31.348936663401908,-6.43874230996847],[-31.349366112552147,-6.438810934904408],[-31.34979432344087,-6.43888690456447],[-31.350221170463215,-6.43897019666487],[-31.350646528414366,-6.439060786773971],[-31.35107027252629,-6.439158648319449],[-31.351492278504335,-6.439263752596085],[-31.351912422563686,-6.43937606877419],[-31.35233058146568,-6.439495563908646],[-31.352746632553938,-6.439622202948565],[-31.352920522472868,-6.439697197022805],[-31.353131853353563,-6.439774135610955],[-31.35326561846569,-6.439836240841586],[-31.35342767257832,-6.439929271025196],[-31.353697852046853,-6.440097940961271],[-31.353970911206144,-6.440261907994787],[-31.354246768203144,-6.440421122974484],[-31.35452534034611,-6.440575538173592],[-31.35480654412941,-6.440725107304138],[-31.35509029525853,-6.440869785530822],[-31.355376508675363,-6.441009529484454],[-31.355665098583703,-6.44114429727496],[-31.355955978474952,-6.441274048503933],[-31.356249061154063,-6.441398744276748],[-31.356544258765677,-6.441518347214219],[-31.35684148282045,-6.4416328214638],[-31.35714064422159,-6.441742132710344],[-31.357441653291563,-6.441846248186373],[-31.35774441979896,-6.441945136681914],[-31.358048852985572,-6.44203876855385],[-31.358354861593575,-6.442127115734803],[-31.358662353892885,-6.442210151741552],[-31.358971237708676,-6.44228785168297],[-31.359281420448983,-6.442360192267482],[-31.359592809132483,-6.442427151810056],[-31.359905310416348,-6.442488710238691],[-31.360218830624238,-6.442544849100448],[-31.36053327577437,-6.442595551566966],[-31.360848551607706,-6.44264080243952],[-31.361164563616196,-6.44268058815357],[-31.361481217071116,-6.442714896782829],[-31.36179841705145,-6.442743718042836],[-31.362116068472368,-6.442767043294043],[-31.362434076113697,-6.442784865544399],[-31.362752344648502,-6.442797179451455],[-31.363070778671627,-6.442803981323953],[-31.363389282728313,-6.442805269122946],[-31.363707761342816,-6.442801042462398],[-31.364026119047,-6.442791302609305],[-31.364344260408995,-6.442776052483317],[-31.364662090061763,-6.442755296655856],[-31.36497951273172,-6.442729041348755],[-31.36529643326727,-6.442697294432383],[-31.365612756667346,-6.442660065423294],[-31.365928388109875,-6.442617365481371],[-31.36624323298021,-6.442569207406478],[-31.366557196899485,-6.442515605634626],[-31.36687018575292,-6.442456576233648],[-31.367182105718012,-6.442392136898379],[-31.36749286329268,-6.442322306945348],[-31.36780236532328,-6.442247107306999]]}},{"type":"Feature","properties":{"id":"street_dea","group":null,"name":"Dima Eta A","settlement_id":"settlement_dimaeta","country_id":"country_stsutodo","district_id":null,"status":"active","surface":"paved","access":"public","bridge":null,"tunnel":null,"oneway":null,"route_id":null,"alt_name":null,"notes":null},"geometry":{"type":"LineString","coordinates":[[-72.26633899941876,-17.697631301028785],[-72.25789901693847,-17.685375580590634],[-72.25169365265202,-17.67636475502447],[-72.24179590844201,-17.657491937674873],[-72.14913355866307,-17.505885929881803]]}},{"type":"Feature","properties":{"id":"street_decircla1","group":null,"name":"","settlement_id":"settlement_dimaeta","country_id":"country_stsutodo","district_id":null,"status":"active","surface":"paved","access":"public","bridge":null,"tunnel":null,"oneway":null,"route_id":null,"alt_name":null,"notes":null},"geometry":{"type":"LineString","coordinates":[[-72.14900044238776,-17.505436536867727],[-72.1489961768115,-17.505436574092847],[-72.14899191253457,-17.50543668575687],[-72.14898765085591,-17.505436871825776],[-72.14898339307369,-17.505437132242893],[-72.14897914048484,-17.505437466928893],[-72.14897489438476,-17.50543787578183],[-72.14897065606687,-17.505438358677157],[-72.14896642682216,-17.505438915467785],[-72.14896220793892,-17.50543954598411],[-72.14895800070228,-17.505440250034066],[-72.14895380639378,-17.5054410274032],[-72.14894962629106,-17.50544187785471],[-72.1489454616674,-17.505442801129547],[-72.14894131379141,-17.505443796946466],[-72.14893718392656,-17.505444865002136],[-72.14893307333085,-17.50544600497122],[-72.14892898325641,-17.50544721650646],[-72.14892491494912,-17.505448499238824],[-72.14892086964821,-17.505449852777573],[-72.14891684858593,-17.50545127671041],[-72.14891285298714,-17.505452770603586],[-72.14890888406892,-17.505454334002046],[-72.14890494304025,-17.505455966429572],[-72.14890103110162,-17.505457667388903],[-72.14889714944461,-17.50545943636191],[-72.14889329925164,-17.505461272809754],[-72.1488894816955,-17.505463176173027],[-72.14888569793908,-17.505465145871952],[-72.14888194913492,-17.50546718130654],[-72.14887823642495,-17.505469281856772],[-72.14887456094011,-17.5054714468828],[-72.14887092379998,-17.505473675725145],[-72.14886732611245,-17.50547596770487],[-72.14886376897343,-17.505478322123825],[-72.14886025346647,-17.505480738264826],[-72.1488567806624,-17.50548321539189],[-72.1488533516191,-17.505485752750467],[-72.14884996738105,-17.505488349567646],[-72.14884662897916,-17.505491005052416],[-72.14884333743032,-17.50549371839589],[-72.14884009373716,-17.50549648877156],[-72.14883689888778,-17.505499315335534],[-72.14883375385531,-17.50550219722682],[-72.14883065959779,-17.505505133567567],[-72.14882761705776,-17.505508123463336],[-72.14882462716199,-17.505511166003373],[-72.14882169082125,-17.50551426026089],[-72.14881880892996,-17.505517405293354],[-72.14881598236597,-17.50552060014275],[-72.14881321199032,-17.505523843835896],[-72.14881049864684,-17.505527135384735],[-72.14880784316207,-17.505530473786628],[-72.14880524634489,-17.505533858024666],[-72.14880270898631,-17.50553728706798],[-72.14880023185924,-17.505540759872044],[-72.14879781571825,-17.505544275379012],[-72.1487954612993,-17.505547832518026],[-72.14879316931956,-17.505551430205546],[-72.14879094047723,-17.505555067345686],[-72.1487887754512,-17.50555874283053],[-72.14878667490096,-17.5055624555405],[-72.14878463946637,-17.505566204344657],[-72.14878266976746,-17.505569988101087],[-72.14878076640417,-17.505573805657217],[-72.14877892995634,-17.505577655850185],[-72.14877716098333,-17.505581537507187],[-72.148775460024,-17.505585449445828],[-72.14877382759647,-17.505589390474494],[-72.148772264198,-17.505593359392712],[-72.14877077030484,-17.505597354991508],[-72.14876934637199,-17.50560137605379],[-72.14876799283324,-17.505605421354694],[-72.14876671010089,-17.505609489661992],[-72.14876549856564,-17.505613579736433],[-72.14876435859657,-17.505617690332137],[-72.14876329054088,-17.505621820196986],[-72.14876229472397,-17.505625968072977],[-72.14876137144913,-17.505630132696627],[-72.14876052099763,-17.505634312799355],[-72.14875974362849,-17.505638507107854],[-72.14875903957854,-17.505642714344503],[-72.14875840906221,-17.505646933227737],[-72.14875785227159,-17.505651162472443],[-72.14875736937626,-17.50565540079035],[-72.14875696052331,-17.505659646890425],[-72.14875662583732,-17.505663899479266],[-72.1487563654202,-17.505668157261493],[-72.1487561793513,-17.505672418940144],[-72.14875606768727,-17.50567668321707],[-72.14875603046215,-17.505680948793337],[-72.14875606768727,-17.505685214369603],[-72.1487561793513,-17.50568947864653],[-72.1487563654202,-17.50569374032518],[-72.14875662583732,-17.505697998107408],[-72.14875696052331,-17.50570225069625],[-72.14875736937626,-17.505706496796325],[-72.14875785227159,-17.50571073511423],[-72.14875840906221,-17.505714964358937],[-72.14875903957854,-17.50571918324217],[-72.14875974362849,-17.50572339047882],[-72.14876052099763,-17.50572758478732],[-72.14876137144913,-17.505731764890047],[-72.14876229472397,-17.505735929513698],[-72.14876329054088,-17.50574007738969],[-72.14876435859657,-17.505744207254537],[-72.14876549856564,-17.50574831785024],[-72.14876671010089,-17.505752407924682],[-72.14876799283324,-17.50575647623198],[-72.14876934637199,-17.505760521532885],[-72.14877077030484,-17.505764542595166],[-72.148772264198,-17.505768538193962],[-72.14877382759647,-17.50577250711218],[-72.148775460024,-17.505776448140846],[-72.14877716098333,-17.505780360079488],[-72.14877892995634,-17.50578424173649],[-72.14878076640417,-17.505788091929457],[-72.14878266976746,-17.505791909485588],[-72.14878463946637,-17.505795693242018],[-72.14878667490096,-17.505799442046175],[-72.1487887754512,-17.50580315475614],[-72.14879094047723,-17.50580683024099],[-72.14879316931956,-17.505810467381128],[-72.1487954612993,-17.50581406506865],[-72.14879781571825,-17.505817622207662],[-72.14880023185924,-17.50582113771463],[-72.14880270898631,-17.505824610518694],[-72.14880524634489,-17.505828039562008],[-72.14880784316207,-17.505831423800046],[-72.14881049864684,-17.50583476220194],[-72.14881321199032,-17.50583805375078],[-72.14881598236597,-17.505841297443926],[-72.14881880892996,-17.50584449229332],[-72.14882169082125,-17.505847637325783],[-72.14882462716199,-17.5058507315833],[-72.14882761705776,-17.505853774123338],[-72.14883065959779,-17.505856764019107],[-72.14883375385531,-17.505859700359853],[-72.14883689888778,-17.50586258225114],[-72.14884009373716,-17.505865408815115],[-72.14884333743032,-17.505868179190784],[-72.14884662897916,-17.505870892534258],[-72.14884996738105,-17.50587354801903],[-72.1488533516191,-17.505876144836208],[-72.1488567806624,-17.505878682194783],[-72.14886025346647,-17.50588115932185],[-72.14886376897343,-17.50588357546285],[-72.14886732611245,-17.505885929881803],[-72.14887092379998,-17.50588822186153],[-72.14887456094011,-17.505890450703873],[-72.14887823642495,-17.505892615729902],[-72.14888194913492,-17.505894716280135],[-72.14888569793908,-17.505896751714722],[-72.1488894816955,-17.505898721413647],[-72.14889329925164,-17.50590062477692],[-72.14889714944461,-17.505902461224764],[-72.14890103110162,-17.50590423019777],[-72.14890494304025,-17.505905931157102],[-72.14890888406892,-17.50590756358463],[-72.14891285298714,-17.505909126983088],[-72.14891684858593,-17.505910620876264],[-72.14892086964821,-17.5059120448091],[-72.14892491494912,-17.50591339834785],[-72.14892898325641,-17.505914681080213],[-72.14893307333085,-17.505915892615455],[-72.14893718392656,-17.505917032584538],[-72.14894131379141,-17.50591810064021],[-72.1489454616674,-17.505919096457127],[-72.14894962629106,-17.505920019731963],[-72.14895380639378,-17.505920870183473],[-72.14895800070228,-17.505921647552608],[-72.14896220793892,-17.505922351602564],[-72.14896642682216,-17.50592298211889],[-72.14897065606687,-17.505923538909517],[-72.14897489438476,-17.505924021804844],[-72.14897914048484,-17.50592443065778],[-72.14898339307369,-17.50592476534378],[-72.14898765085591,-17.5059250257609],[-72.14899191253457,-17.505925211829805],[-72.1489961768115,-17.505925323493827],[-72.14900044238776,-17.505925360718948],[-72.14900470796402,-17.505925323493827],[-72.14900897224095,-17.505925211829805],[-72.1490132339196,-17.5059250257609],[-72.14901749170183,-17.50592476534378],[-72.14902174429068,-17.50592443065778],[-72.14902599039075,-17.505924021804844],[-72.14903022870865,-17.505923538909517],[-72.14903445795336,-17.50592298211889],[-72.1490386768366,-17.505922351602564],[-72.14904288407324,-17.505921647552608],[-72.14904707838174,-17.505920870183473],[-72.14905125848446,-17.505920019731963],[-72.14905542310812,-17.505919096457127],[-72.14905957098411,-17.50591810064021],[-72.14906370084896,-17.505917032584538],[-72.14906781144467,-17.505915892615455],[-72.14907190151911,-17.505914681080213],[-72.1490759698264,-17.50591339834785],[-72.14908001512731,-17.5059120448091],[-72.14908403618959,-17.505910620876264],[-72.14908803178838,-17.505909126983088],[-72.1490920007066,-17.50590756358463],[-72.14909594173527,-17.505905931157102],[-72.1490998536739,-17.50590423019777],[-72.14910373533091,-17.505902461224764],[-72.14910758552388,-17.50590062477692],[-72.14911140308001,-17.505898721413647],[-72.14911518683644,-17.505896751714722],[-72.1491189356406,-17.505894716280135],[-72.14912264835057,-17.505892615729902],[-72.1491263238354,-17.505890450703873],[-72.14912996097554,-17.50588822186153],[-72.14913355866307,-17.505885929881803],[-72.14913711580209,-17.50588357546285],[-72.14914063130905,-17.50588115932185],[-72.14914410411312,-17.505878682194783],[-72.14914753315642,-17.505876144836208],[-72.14915091739446,-17.50587354801903],[-72.14915425579636,-17.505870892534258],[-72.1491575473452,-17.505868179190784],[-72.14916079103836,-17.505865408815115],[-72.14916398588774,-17.50586258225114],[-72.1491671309202,-17.505859700359853],[-72.14917022517773,-17.505856764019107],[-72.14917326771776,-17.505853774123338],[-72.14917625761353,-17.5058507315833],[-72.14917919395427,-17.505847637325783],[-72.14918207584556,-17.50584449229332],[-72.14918490240954,-17.505841297443926],[-72.1491876727852,-17.50583805375078],[-72.14919038612868,-17.50583476220194],[-72.14919304161344,-17.505831423800046],[-72.14919563843063,-17.505828039562008],[-72.14919817578921,-17.505824610518694],[-72.14920065291628,-17.50582113771463],[-72.14920306905726,-17.505817622207662],[-72.14920542347622,-17.50581406506865],[-72.14920771545596,-17.505810467381128],[-72.14920994429829,-17.50580683024099],[-72.14921210932432,-17.50580315475614],[-72.14921420987456,-17.505799442046175],[-72.14921624530915,-17.505795693242018],[-72.14921821500806,-17.505791909485588],[-72.14922011837135,-17.505788091929457],[-72.14922195481918,-17.50578424173649],[-72.14922372379219,-17.505780360079488],[-72.14922542475152,-17.505776448140846],[-72.14922705717905,-17.50577250711218],[-72.14922862057752,-17.505768538193962],[-72.14923011447068,-17.505764542595166],[-72.14923153840353,-17.505760521532885],[-72.14923289194228,-17.50575647623198],[-72.14923417467463,-17.505752407924682],[-72.14923538620988,-17.50574831785024],[-72.14923652617895,-17.505744207254537],[-72.14923759423463,-17.50574007738969],[-72.14923859005155,-17.505735929513698],[-72.14923951332639,-17.505731764890047],[-72.14924036377789,-17.50572758478732],[-72.14924114114703,-17.50572339047882],[-72.14924184519698,-17.50571918324217],[-72.14924247571331,-17.505714964358937],[-72.14924303250393,-17.50571073511423],[-72.14924351539926,-17.505706496796325],[-72.1492439242522,-17.50570225069625],[-72.1492442589382,-17.505697998107408],[-72.14924451935532,-17.50569374032518],[-72.14924470542422,-17.50568947864653],[-72.14924481708825,-17.505685214369603],[-72.14924485431337,-17.505680948793337],[-72.14924481708825,-17.50567668321707],[-72.14924470542422,-17.505672418940144],[-72.14924451935532,-17.505668157261493],[-72.1492442589382,-17.505663899479266],[-72.1492439242522,-17.505659646890425],[-72.14924351539926,-17.50565540079035],[-72.14924303250393,-17.505651162472443],[-72.14924247571331,-17.505646933227737],[-72.14924184519698,-17.505642714344503],[-72.14924114114703,-17.505638507107854],[-72.14924036377789,-17.505634312799355],[-72.14923951332639,-17.505630132696627],[-72.14923859005155,-17.505625968072977],[-72.14923759423463,-17.505621820196986],[-72.14923652617895,-17.505617690332137],[-72.14923538620988,-17.505613579736433],[-72.14923417467463,-17.505609489661992],[-72.14923289194228,-17.505605421354694],[-72.14923153840353,-17.50560137605379],[-72.14923011447068,-17.505597354991508],[-72.14922862057752,-17.505593359392712],[-72.14922705717905,-17.505589390474494],[-72.14922542475152,-17.505585449445828],[-72.14922372379219,-17.505581537507187],[-72.14922195481918,-17.505577655850185],[-72.14922011837135,-17.505573805657217],[-72.14921821500806,-17.505569988101087],[-72.14921624530915,-17.505566204344657],[-72.14921420987456,-17.5055624555405],[-72.14921210932432,-17.50555874283053],[-72.14920994429829,-17.505555067345686],[-72.14920771545596,-17.505551430205546],[-72.14920542347622,-17.505547832518026],[-72.14920306905726,-17.505544275379012],[-72.14920065291628,-17.505540759872044],[-72.14919817578921,-17.50553728706798],[-72.14919563843063,-17.505533858024666],[-72.14919304161344,-17.505530473786628],[-72.14919038612868,-17.505527135384735],[-72.1491876727852,-17.505523843835896],[-72.14918490240954,-17.50552060014275],[-72.14918207584556,-17.505517405293354],[-72.14917919395427,-17.50551426026089],[-72.14917625761353,-17.505511166003373],[-72.14917326771776,-17.505508123463336],[-72.14917022517773,-17.505505133567567],[-72.1491671309202,-17.50550219722682],[-72.14916398588774,-17.505499315335534],[-72.14916079103836,-17.50549648877156],[-72.1491575473452,-17.50549371839589],[-72.14915425579636,-17.505491005052416],[-72.14915091739446,-17.505488349567646],[-72.14914753315642,-17.505485752750467],[-72.14914410411312,-17.50548321539189],[-72.14914063130905,-17.505480738264826],[-72.14913711580209,-17.505478322123825],[-72.14913355866307,-17.50547596770487],[-72.14912996097554,-17.505473675725145],[-72.1491263238354,-17.5054714468828],[-72.14912264835057,-17.505469281856772],[-72.1491189356406,-17.50546718130654],[-72.14911518683644,-17.505465145871952],[-72.14911140308001,-17.505463176173027],[-72.14910758552388,-17.505461272809754],[-72.14910373533091,-17.50545943636191],[-72.1490998536739,-17.505457667388903],[-72.14909594173527,-17.505455966429572],[-72.1490920007066,-17.505454334002046],[-72.14908803178838,-17.505452770603586],[-72.14908403618959,-17.50545127671041],[-72.14908001512731,-17.505449852777573],[-72.1490759698264,-17.505448499238824],[-72.14907190151911,-17.50544721650646],[-72.14906781144467,-17.50544600497122],[-72.14906370084896,-17.505444865002136],[-72.14905957098411,-17.505443796946466],[-72.14905542310812,-17.505442801129547],[-72.14905125848446,-17.50544187785471],[-72.14904707838174,-17.5054410274032],[-72.14904288407324,-17.505440250034066],[-72.1490386768366,-17.50543954598411],[-72.14903445795336,-17.505438915467785],[-72.14903022870865,-17.505438358677157],[-72.14902599039075,-17.50543787578183],[-72.14902174429068,-17.505437466928893],[-72.14901749170183,-17.505437132242893],[-72.1490132339196,-17.505436871825776],[-72.14900897224095,-17.50543668575687],[-72.14900470796402,-17.505436574092847],[-72.14900044238776,-17.505436536867727]]}},{"type":"Feature","properties":{"id":"street_beach2","group":null,"name":"Beach 2","settlement_id":"settlement_dimaeta","country_id":"country_stsutodo","district_id":null,"status":"active","surface":"paved","access":"public","bridge":null,"tunnel":null,"oneway":null,"route_id":null,"alt_name":null,"notes":null},"geometry":{"type":"LineString","coordinates":[[-72.31967369036938,-17.667903197831357],[-72.31631817034639,-17.66457281307495],[-72.31556772028034,-17.664070242125877],[-72.31462696289711,-17.6636834725733],[-72.31245040020376,-17.662991064626915],[-72.31039343740747,-17.662627068367353],[-72.30848313003467,-17.662498113640336],[-72.30586229056578,-17.66262176080468],[-72.30364781819222,-17.662726236196157],[-72.30138984705317,-17.662987778681206],[-72.29932542286068,-17.66339920888333],[-72.2966023527018,-17.664362814697782],[-72.29353701571377,-17.66592830704942],[-72.2875650297108,-17.669125022463327],[-72.25789901693847,-17.685375580590634],[-72.25002794343752,-17.69046196922715],[-72.23677637472439,-17.695931453266642],[-72.23521457791868,-17.696576073000852],[-72.23419680393457,-17.696996151459672],[-72.23274943273181,-17.69759354289793],[-72.23151563352572,-17.698102784121495],[-72.23013260222906,-17.698673619753635],[-72.22871031938831,-17.699260656161584],[-72.22753023544296,-17.699747726820473],[-72.22635945864705,-17.700230956024324],[-72.22506618850163,-17.70076474342507],[-72.22374531726543,-17.701309922965773],[-72.22210792055529,-17.70198574598464],[-72.221050831682,-17.70242205136447],[-72.21966586211755,-17.70299368700188],[-72.21828274597938,-17.7035645576517],[-72.21704045681749,-17.704077303039853],[-72.21697420912618,-17.70410344481564],[-72.21570994070449,-17.70460233347068],[-72.21456137417609,-17.70505556539576],[-72.21318169535127,-17.70559999575682],[-72.21157969833764,-17.70623215434102],[-72.21057284436013,-17.70662946555915],[-72.20896957465067,-17.707262126357517],[-72.20790042035352,-17.70768402169254],[-72.20623014589101,-17.708343123008255],[-72.20509286749477,-17.708791900561955],[-72.20379028295595,-17.709305909009448],[-72.2024678111012,-17.70982776512293],[-72.20120589607048,-17.71032572511438],[-72.18114900100473,-17.718240308150666],[-72.18101429734759,-17.718290044448104],[-72.1808804816628,-17.718342122630066],[-72.18074759466155,-17.71839652685264],[-72.18061567677253,-17.71845324056425],[-72.18048476812952,-17.71851224651069],[-72.1803549085593,-17.718573526740393],[-72.18022613756946,-17.71863706260987],[-72.18009849433645,-17.718702834789386],[-72.17997201769359,-17.71877082326886],[-72.17984674611928,-17.718841007363928],[-72.1797227177253,-17.718913365722255],[-72.17959997024523,-17.71898787633001],[-72.17947854102295,-17.719064516518593],[-72.17935846700125,-17.719143262971503],[-72.17923978471067,-17.71922409173144],[-72.17912253025831,-17.719306978207612],[-72.17900673931688,-17.719391897183183],[-72.17889244711382,-17.71947882282298],[-72.17877968842066,-17.71956772868132],[-72.17866849754233,-17.719658587710086],[-72.17855890830681,-17.71975137226693],[-72.1784509540548,-17.7198460541237],[-72.17834466762955,-17.719942604475023],[-72.17824008136697,-17.720040993947066],[-72.17813722708564,-17.72014119260647],[-72.17803613607731,-17.720243169969468],[-72.1779368390972,-17.72034689501115],[-72.17783936635476,-17.720452336174905],[-72.17774374750445,-17.72055946138201],[-72.17765001163673,-17.72066823804142],[-72.17755818726914,-17.72077863305964],[-72.17746830233773,-17.720890612850837],[-72.17738038418848,-17.721004143347024],[-72.17729445956903,-17.721119190008444],[-72.17721055462052,-17.72123571783407],[-72.1771286948696,-17.721353691372254],[-72.17704890522076,-17.721473074731517],[-72.17697120994866,-17.721593831591463],[-72.17689563269079,-17.721715925213836],[-72.17682219644026,-17.721839318453682],[-72.17675092353885,-17.721963973770677],[-72.17668183567012,-17.72208985324051],[-72.17661495385292,-17.722216918566467],[-72.17655029843492,-17.72234513109103],[-72.17648788908646,-17.72247445180768],[-72.17642774479454,-17.722604841372753],[-72.17636988385703,-17.722736260117397],[-72.17631432387721,-17.72286866805965],[-72.17626108175823,-17.72300202491661],[-72.17621017369812,-17.723136290116674],[-72.17616161518484,-17.723271422811898],[-72.17611542099148,-17.723407381890414],[-72.17607160517186,-17.72354412598894],[-72.1760301810562,-17.72368161350537],[-72.17599116124711,-17.723819802611416],[-72.17595455761573,-17.723958651265352],[-72.17592038129807,-17.724098117224795],[-72.17588864269172,-17.724238158059546],[-72.17585935145263,-17.724378731164524],[-72.17583251649215,-17.72451979377271],[-72.17580814597439,-17.724661302968155],[-72.17578624731367,-17.724803215699048],[-72.17576682717228,-17.72494548879081],[-72.17574989145848,-17.725088078959228],[-72.17573544532468,-17.72523094282362],[-72.17572349316588,-17.725374036920044],[-72.17571403861831,-17.725517317714505],[-72.17570708455837,-17.725660741616213],[-72.17570263310172,-17.725804264990842],[-72.17570068560264,-17.7259478441738],[-72.1757012426536,-17.726091435483514],[-72.17570430408516,-17.726234995234726],[-72.17570986896591,-17.726378479751776],[-72.17571793560283,-17.7265218453819],[-72.1757285015418,-17.726665048508487],[-72.1757415635683,-17.726808045564386],[-72.1757571177084,-17.72695079304512],[-72.17577515923004,-17.72709324752216],[-72.17579568264438,-17.7272353656561],[-72.17581868170753,-17.727377104209875],[-72.17584414942237,-17.72751842006189],[-72.17587207804081,-17.727659270219164],[-72.17590245906602,-17.727799611830378],[-72.17593528325509,-17.727939402198945],[-72.17597054062178,-17.728078598795975],[-72.17600822043966,-17.728217159273225],[-72.17604831124524,-17.728355041475986],[-72.17609080084159,-17.7284922034559],[-72.17613567630195,-17.728628603483717],[-72.1761829239737,-17.72876420006201],[-72.17623252948255,-17.728898951937783],[-72.17628447773681,-17.729032818115023],[-72.17633875293214,-17.729165757867182],[-72.17639533855618,-17.72929773074956]]}},{"type":"Feature","properties":{"id":"street_decircla1","group":null,"name":"","settlement_id":"settlement_dimaeta","country_id":"country_stsutodo","district_id":null,"status":"active","surface":"paved","access":"public","bridge":null,"tunnel":null,"oneway":null,"route_id":null,"alt_name":null,"notes":null},"geometry":{"type":"LineString","coordinates":[[-72.43112204648098,-22.130298024865034],[-72.43111778090471,-22.130298062090155],[-72.43111351662779,-22.130298173754177],[-72.43110925494913,-22.130298359823083],[-72.43110499716691,-22.1302986202402],[-72.43110074457806,-22.1302989549262],[-72.43109649847798,-22.130299363779137],[-72.43109226016009,-22.130299846674465],[-72.43108803091538,-22.130300403465093],[-72.43108381203214,-22.130301033981418],[-72.4310796047955,-22.130301738031374],[-72.431075410487,-22.13030251540051],[-72.43107123038428,-22.13030336585202],[-72.43106706576062,-22.130304289126855],[-72.43106291788463,-22.130305284943773],[-72.43105878801978,-22.130306352999444],[-72.43105467742407,-22.130307492968527],[-72.43105058734963,-22.13030870450377],[-72.43104651904234,-22.13030998723613],[-72.43104247374143,-22.13031134077488],[-72.43103845267915,-22.130312764707718],[-72.43103445708036,-22.130314258600894],[-72.43103048816214,-22.130315821999353],[-72.43102654713347,-22.13031745442688],[-72.43102263519484,-22.13031915538621],[-72.43101875353783,-22.130320924359218],[-72.43101490334486,-22.13032276080706],[-72.43101108578873,-22.130324664170335],[-72.4310073020323,-22.13032663386926],[-72.43100355322814,-22.130328669303847],[-72.43099984051817,-22.13033076985408],[-72.43099616503333,-22.13033293488011],[-72.4309925278932,-22.130335163722453],[-72.43098893020567,-22.13033745570218],[-72.43098537306665,-22.130339810121132],[-72.43098185755969,-22.130342226262133],[-72.43097838475562,-22.1303447033892],[-72.43097495571232,-22.130347240747774],[-72.43097157147427,-22.130349837564953],[-72.43096823307238,-22.130352493049724],[-72.43096494152354,-22.130355206393197],[-72.43096169783038,-22.130357976768867],[-72.430958502981,-22.13036080333284],[-72.43095535794853,-22.13036368522413],[-72.43095226369101,-22.130366621564875],[-72.43094922115098,-22.130369611460644],[-72.4309462312552,-22.13037265400068],[-72.43094329491447,-22.1303757482582],[-72.43094041302318,-22.13037889329066],[-72.4309375864592,-22.130382088140056],[-72.43093481608354,-22.130385331833203],[-72.43093210274006,-22.130388623382043],[-72.4309294472553,-22.130391961783936],[-72.43092685043811,-22.130395346021974],[-72.43092431307953,-22.130398775065288],[-72.43092183595246,-22.130402247869352],[-72.43091941981147,-22.13040576337632],[-72.43091706539252,-22.130409320515334],[-72.43091477341278,-22.130412918202854],[-72.43091254457045,-22.130416555342993],[-72.43091037954441,-22.130420230827838],[-72.43090827899418,-22.130423943537807],[-72.43090624355959,-22.130427692341964],[-72.43090427386068,-22.130431476098394],[-72.43090237049739,-22.130435293654525],[-72.43090053404956,-22.130439143847493],[-72.43089876507655,-22.130443025504494],[-72.43089706411722,-22.130446937443136],[-72.43089543168969,-22.1304508784718],[-72.43089386829122,-22.13045484739002],[-72.43089237439806,-22.130458842988816],[-72.43089095046521,-22.130462864051097],[-72.43088959692646,-22.130466909352002],[-72.4308883141941,-22.1304709776593],[-72.43088710265886,-22.13047506773374],[-72.43088596268979,-22.130479178329445],[-72.4308848946341,-22.130483308194293],[-72.43088389881719,-22.130487456070284],[-72.43088297554235,-22.130491620693935],[-72.43088212509085,-22.130495800796663],[-72.43088134772171,-22.13049999510516],[-72.43088064367176,-22.13050420234181],[-72.43088001315543,-22.130508421225045],[-72.4308794563648,-22.13051265046975],[-72.43087897346948,-22.130516888787657],[-72.43087856461653,-22.130521134887733],[-72.43087822993054,-22.130525387476574],[-72.43087796951342,-22.1305296452588],[-72.43087778344452,-22.13053390693745],[-72.4308776717805,-22.13053817121438],[-72.43087763455537,-22.130542436790645],[-72.4308776717805,-22.13054670236691],[-72.43087778344452,-22.13055096664384],[-72.43087796951342,-22.13055522832249],[-72.43087822993054,-22.130559486104715],[-72.43087856461653,-22.130563738693557],[-72.43087897346948,-22.130567984793633],[-72.4308794563648,-22.13057222311154],[-72.43088001315543,-22.130576452356244],[-72.43088064367176,-22.13058067123948],[-72.43088134772171,-22.130584878476128],[-72.43088212509085,-22.130589072784627],[-72.43088297554235,-22.130593252887355],[-72.43088389881719,-22.130597417511005],[-72.4308848946341,-22.130601565386996],[-72.43088596268979,-22.130605695251845],[-72.43088710265886,-22.13060980584755],[-72.4308883141941,-22.13061389592199],[-72.43088959692646,-22.130617964229288],[-72.43089095046521,-22.130622009530192],[-72.43089237439806,-22.130626030592474],[-72.43089386829122,-22.13063002619127],[-72.43089543168969,-22.130633995109488],[-72.43089706411722,-22.130637936138154],[-72.43089876507655,-22.130641848076795],[-72.43090053404956,-22.130645729733796],[-72.43090237049739,-22.130649579926764],[-72.43090427386068,-22.130653397482895],[-72.43090624355959,-22.130657181239325],[-72.43090827899418,-22.130660930043483],[-72.43091037954441,-22.130664642753448],[-72.43091254457045,-22.130668318238296],[-72.43091477341278,-22.130671955378435],[-72.43091706539252,-22.130675553065956],[-72.43091941981147,-22.13067911020497],[-72.43092183595246,-22.130682625711938],[-72.43092431307953,-22.130686098516],[-72.43092685043811,-22.130689527559316],[-72.4309294472553,-22.130692911797354],[-72.43093210274006,-22.130696250199247],[-72.43093481608354,-22.130699541748086],[-72.4309375864592,-22.130702785441233],[-72.43094041302318,-22.130705980290628],[-72.43094329491447,-22.13070912532309],[-72.4309462312552,-22.13071221958061],[-72.43094922115098,-22.130715262120646],[-72.43095226369101,-22.130718252016415],[-72.43095535794853,-22.13072118835716],[-72.430958502981,-22.130724070248448],[-72.43096169783038,-22.130726896812423],[-72.43096494152354,-22.130729667188092],[-72.43096823307238,-22.130732380531565],[-72.43097157147427,-22.130735036016336],[-72.43097495571232,-22.130737632833515],[-72.43097838475562,-22.13074017019209],[-72.43098185755969,-22.130742647319156],[-72.43098537306665,-22.130745063460157],[-72.43098893020567,-22.13074741787911],[-72.4309925278932,-22.130749709858836],[-72.43099616503333,-22.13075193870118],[-72.43099984051817,-22.13075410372721],[-72.43100355322814,-22.130756204277443],[-72.4310073020323,-22.13075823971203],[-72.43101108578873,-22.130760209410955],[-72.43101490334486,-22.130762112774228],[-72.43101875353783,-22.13076394922207],[-72.43102263519484,-22.13076571819508],[-72.43102654713347,-22.13076741915441],[-72.43103048816214,-22.130769051581936],[-72.43103445708036,-22.130770614980396],[-72.43103845267915,-22.130772108873572],[-72.43104247374143,-22.13077353280641],[-72.43104651904234,-22.130774886345158],[-72.43105058734963,-22.13077616907752],[-72.43105467742407,-22.130777380612763],[-72.43105878801978,-22.130778520581845],[-72.43106291788463,-22.130779588637516],[-72.43106706576062,-22.130780584454435],[-72.43107123038428,-22.13078150772927],[-72.431075410487,-22.13078235818078],[-72.4310796047955,-22.130783135549915],[-72.43108381203214,-22.13078383959987],[-72.43108803091538,-22.130784470116197],[-72.43109226016009,-22.130785026906825],[-72.43109649847798,-22.130785509802152],[-72.43110074457806,-22.13078591865509],[-72.43110499716691,-22.13078625334109],[-72.43110925494913,-22.130786513758206],[-72.43111351662779,-22.130786699827112],[-72.43111778090471,-22.130786811491134],[-72.43112204648098,-22.130786848716255],[-72.43112631205724,-22.130786811491134],[-72.43113057633417,-22.130786699827112],[-72.43113483801282,-22.130786513758206],[-72.43113909579505,-22.13078625334109],[-72.4311433483839,-22.13078591865509],[-72.43114759448397,-22.130785509802152],[-72.43115183280187,-22.130785026906825],[-72.43115606204658,-22.130784470116197],[-72.43116028092982,-22.13078383959987],[-72.43116448816646,-22.130783135549915],[-72.43116868247496,-22.13078235818078],[-72.43117286257768,-22.13078150772927],[-72.43117702720134,-22.130780584454435],[-72.43118117507733,-22.130779588637516],[-72.43118530494218,-22.130778520581845],[-72.43118941553789,-22.130777380612763],[-72.43119350561233,-22.13077616907752],[-72.43119757391962,-22.130774886345158],[-72.43120161922053,-22.13077353280641],[-72.43120564028281,-22.130772108873572],[-72.4312096358816,-22.130770614980396],[-72.43121360479982,-22.130769051581936],[-72.43121754582849,-22.13076741915441],[-72.43122145776712,-22.13076571819508],[-72.43122533942413,-22.13076394922207],[-72.4312291896171,-22.130762112774228],[-72.43123300717323,-22.130760209410955],[-72.43123679092966,-22.13075823971203],[-72.43124053973382,-22.130756204277443],[-72.43124425244379,-22.13075410372721],[-72.43124792792862,-22.13075193870118],[-72.43125156506876,-22.130749709858836],[-72.43125516275629,-22.13074741787911],[-72.43125871989531,-22.130745063460157],[-72.43126223540227,-22.130742647319156],[-72.43126570820634,-22.13074017019209],[-72.43126913724964,-22.130737632833515],[-72.43127252148768,-22.130735036016336],[-72.43127585988958,-22.130732380531565],[-72.43127915143842,-22.130729667188092],[-72.43128239513157,-22.130726896812423],[-72.43128558998096,-22.130724070248448],[-72.43128873501342,-22.13072118835716],[-72.43129182927095,-22.130718252016415],[-72.43129487181098,-22.130715262120646],[-72.43129786170675,-22.13071221958061],[-72.43130079804749,-22.13070912532309],[-72.43130367993878,-22.130705980290628],[-72.43130650650276,-22.130702785441233],[-72.43130927687842,-22.130699541748086],[-72.4313119902219,-22.130696250199247],[-72.43131464570666,-22.130692911797354],[-72.43131724252385,-22.130689527559316],[-72.43131977988243,-22.130686098516],[-72.4313222570095,-22.130682625711938],[-72.43132467315048,-22.13067911020497],[-72.43132702756944,-22.130675553065956],[-72.43132931954918,-22.130671955378435],[-72.43133154839151,-22.130668318238296],[-72.43133371341754,-22.130664642753448],[-72.43133581396778,-22.130660930043483],[-72.43133784940237,-22.130657181239325],[-72.43133981910128,-22.130653397482895],[-72.43134172246457,-22.130649579926764],[-72.4313435589124,-22.130645729733796],[-72.43134532788541,-22.130641848076795],[-72.43134702884474,-22.130637936138154],[-72.43134866127227,-22.130633995109488],[-72.43135022467074,-22.13063002619127],[-72.4313517185639,-22.130626030592474],[-72.43135314249675,-22.130622009530192],[-72.4313544960355,-22.130617964229288],[-72.43135577876785,-22.13061389592199],[-72.4313569903031,-22.13060980584755],[-72.43135813027217,-22.130605695251845],[-72.43135919832785,-22.130601565386996],[-72.43136019414477,-22.130597417511005],[-72.43136111741961,-22.130593252887355],[-72.43136196787111,-22.130589072784627],[-72.43136274524025,-22.130584878476128],[-72.4313634492902,-22.13058067123948],[-72.43136407980653,-22.130576452356244],[-72.43136463659715,-22.13057222311154],[-72.43136511949248,-22.130567984793633],[-72.43136552834542,-22.130563738693557],[-72.43136586303142,-22.130559486104715],[-72.43136612344854,-22.13055522832249],[-72.43136630951744,-22.13055096664384],[-72.43136642118147,-22.13054670236691],[-72.43136645840659,-22.130542436790645],[-72.43136642118147,-22.13053817121438],[-72.43136630951744,-22.13053390693745],[-72.43136612344854,-22.1305296452588],[-72.43136586303142,-22.130525387476574],[-72.43136552834542,-22.130521134887733],[-72.43136511949248,-22.130516888787657],[-72.43136463659715,-22.13051265046975],[-72.43136407980653,-22.130508421225045],[-72.4313634492902,-22.13050420234181],[-72.43136274524025,-22.13049999510516],[-72.43136196787111,-22.130495800796663],[-72.43136111741961,-22.130491620693935],[-72.43136019414477,-22.130487456070284],[-72.43135919832785,-22.130483308194293],[-72.43135813027217,-22.130479178329445],[-72.4313569903031,-22.13047506773374],[-72.43135577876785,-22.1304709776593],[-72.4313544960355,-22.130466909352002],[-72.43135314249675,-22.130462864051097],[-72.4313517185639,-22.130458842988816],[-72.43135022467074,-22.13045484739002],[-72.43134866127227,-22.1304508784718],[-72.43134702884474,-22.130446937443136],[-72.43134532788541,-22.130443025504494],[-72.4313435589124,-22.130439143847493],[-72.43134172246457,-22.130435293654525],[-72.43133981910128,-22.130431476098394],[-72.43133784940237,-22.130427692341964],[-72.43133581396778,-22.130423943537807],[-72.43133371341754,-22.130420230827838],[-72.43133154839151,-22.130416555342993],[-72.43132931954918,-22.130412918202854],[-72.43132702756944,-22.130409320515334],[-72.43132467315048,-22.13040576337632],[-72.4313222570095,-22.130402247869352],[-72.43131977988243,-22.130398775065288],[-72.43131724252385,-22.130395346021974],[-72.43131464570666,-22.130391961783936],[-72.4313119902219,-22.130388623382043],[-72.43130927687842,-22.130385331833203],[-72.43130650650276,-22.130382088140056],[-72.43130367993878,-22.13037889329066],[-72.43130079804749,-22.1303757482582],[-72.43129786170675,-22.13037265400068],[-72.43129487181098,-22.130369611460644],[-72.43129182927095,-22.130366621564875],[-72.43128873501342,-22.13036368522413],[-72.43128558998096,-22.13036080333284],[-72.43128239513157,-22.130357976768867],[-72.43127915143842,-22.130355206393197],[-72.43127585988958,-22.130352493049724],[-72.43127252148768,-22.130349837564953],[-72.43126913724964,-22.130347240747774],[-72.43126570820634,-22.1303447033892],[-72.43126223540227,-22.130342226262133],[-72.43125871989531,-22.130339810121132],[-72.43125516275629,-22.13033745570218],[-72.43125156506876,-22.130335163722453],[-72.43124792792862,-22.13033293488011],[-72.43124425244379,-22.13033076985408],[-72.43124053973382,-22.130328669303847],[-72.43123679092966,-22.13032663386926],[-72.43123300717323,-22.130324664170335],[-72.4312291896171,-22.13032276080706],[-72.43122533942413,-22.130320924359218],[-72.43122145776712,-22.13031915538621],[-72.43121754582849,-22.13031745442688],[-72.43121360479982,-22.130315821999353],[-72.4312096358816,-22.130314258600894],[-72.43120564028281,-22.130312764707718],[-72.43120161922053,-22.13031134077488],[-72.43119757391962,-22.13030998723613],[-72.43119350561233,-22.13030870450377],[-72.43118941553789,-22.130307492968527],[-72.43118530494218,-22.130306352999444],[-72.43118117507733,-22.130305284943773],[-72.43117702720134,-22.130304289126855],[-72.43117286257768,-22.13030336585202],[-72.43116868247496,-22.13030251540051],[-72.43116448816646,-22.130301738031374],[-72.43116028092982,-22.130301033981418],[-72.43115606204658,-22.130300403465093],[-72.43115183280187,-22.130299846674465],[-72.43114759448397,-22.130299363779137],[-72.4311433483839,-22.1302989549262],[-72.43113909579505,-22.1302986202402],[-72.43113483801282,-22.130298359823083],[-72.43113057633417,-22.130298173754177],[-72.43112631205724,-22.130298062090155],[-72.43112204648098,-22.130298024865034]]}},{"type":"Feature","properties":{"id":"street_flordclif_hav_marketpassage","group":null,"name":"Market Passage","settlement_id":"settlement_flordclif","country_id":"country_hav","district_id":null,"status":"active","surface":"paved","access":"public","bridge":null,"tunnel":null,"oneway":null,"route_id":null,"alt_name":null,"notes":null},"geometry":{"type":"LineString","coordinates":[[-72.43122145776712,-22.13031915538621],[-72.45628811368711,-22.06420022190444]]}},{"type":"Feature","properties":{"id":"street_dotap_ronobetu_beachpassage","group":null,"name":"Beach Passage","settlement_id":"settlement_dotap","country_id":"country_ronobetu","district_id":null,"status":"active","surface":"paved","access":"public","bridge":null,"tunnel":null,"oneway":null,"route_id":null,"alt_name":null,"notes":null},"geometry":{"type":"LineString","coordinates":[[-63.02917936456347,7.635661347706796],[-63.03679724491672,7.66803699012259],[-63.03988301203328,7.680356111682369],[-63.03997249957837,7.680604414420072],[-63.04165858102953,7.685223246554281],[-63.04608089027046,7.697127964427986],[-63.047881808453425,7.701740586881347],[-63.04887915669796,7.701362907465111]]}}]}