{"type":"FeatureCollection","name":"Railways","features":[{"type":"Feature","properties":{"id":0,"group":"railways","name":"Duvessa-Velu Trade Route"},"geometry":{"type":"LineString","coordinates":[[23.90142199613808,-10.977585733098923],[23.899982739839643,-10.814127339203619],[23.92959029797917,-10.631547397343194],[23.964132449141957,-10.39468693222697],[23.967422177824126,-10.246649141529328],[23.941104348366768,-10.194013482614611],[23.91396408673887,-10.127396476800673],[23.841590055731128,-10.00238678687822],[23.795533854180754,-9.934124916723198],[23.76839359255285,-9.846947106645697],[23.73796360224278,-9.788554422537189],[23.70177658673891,-9.753806663331773],[23.65859889778543,-9.724610321277515],[23.600206213676916,-9.715563567401547],[23.542224745653677,-9.712890662847284],[23.35820554749481,-9.741984200880218],[23.01936349323132,-9.738694472198047],[22.73973655524689,-9.741984200880218],[22.55222202036321,-9.725535557469367],[22.41405341571208,-9.600525867546915],[22.28904372578963,-9.455777805531445],[22.131136749045478,-9.149833038089655],[22.068631904084253,-8.797832069097486],[22.14429566377415,-8.44583110010532],[22.27588481106094,-7.94579234041551],[21.894276283929244,-6.991771022586272],[21.43371426842547,-6.491732262896463],[20.94683442346434,-5.971955131113637],[20.821824733541888,-5.498234200881186],[20.93367550873566,-5.221896991578924],[21.16395651648755,-4.886344665997605],[21.46661155524717,-4.570530712509306],[21.815322795557165,-4.294193503207043],[22.157454578502822,-4.083650867548176],[22.44695070253377,-3.813893115610254],[22.736446826564713,-3.603350479951388],[22.88777434594452,-3.300695441191767],[22.94041000485924,-2.886189627238373],[23.065419694781692,-2.46510435592064],[23.23648558625452,-2.057177999331586],[23.37465419090565,-1.84005590630838],[23.53914062501414,-1.484765208634042],[23.7710664971071,-1.134409103982959],[23.80149648741717,-1.00693211754888],[23.866468628890026,-0.924688900494635],[23.919926719975287,-0.880277563285343],[23.950356710285362,-0.814482989641947],[23.895253754859016,-0.705099510959801],[23.838094719006317,-0.619977781308658],[23.726243943812545,-0.43246324642498],[23.558467781021886,-0.258107626269981],[23.494318071719572,-0.11664929293668],[23.19495276164212,0.107052257450865],[22.99592417637085,0.309370571404308],[22.93506419575071,0.485371055900391],[22.819923691874763,0.753483943497229],[22.736035610479423,0.991989272954539],[22.70807291668098,1.135092470628925],[22.683399951564706,1.255167567528122],[22.624184835285654,1.373597800086235],[22.53865188954924,1.457485881481565],[22.469567587223676,1.531504776830385],[22.37416545544075,1.561112334969913],[22.180071463192732,1.597299350473781],[22.025454215130754,1.645000416365243],[21.860967781022264,1.68447716055128],[21.716219719006794,1.807841986132647],[21.441604354803363,2.156705788657485]]}},{"type":"Feature","properties":{"id":null,"group":null,"name":null},"geometry":{"type":"LineString","coordinates":[[-64.12263248890362,-17.453031994248825],[-63.21083582258653,-16.17398389288735],[-62.84991630883601,-15.371940528997317],[-62.87946527487406,-14.749301601766895],[-62.554426648455475,-14.143547797986791],[-62.520656401554845,-13.47236414083671],[-62.558647929318056,-13.219087289081962],[-62.693728916920605,-12.197537320337812],[-62.64307354656965,-11.644549527339946],[-62.59663945708128,-11.315289620058774],[-62.40668181826522,-10.85517000603765],[-62.35602644791427,-10.542795222206792],[-62.03098782149568,-10.289518370452043],[-61.76504712715319,-9.96447974403345],[-61.73760880154643,-9.521245253462643],[-61.5603150053181,-9.116002290655047],[-61.04320809965215,-8.786742383373873],[-59.66469606796612,-7.984699019483839],[-59.457853305699736,-7.777856257217461],[-59.377648969310734,-7.712426403847485],[-59.09904443238051,-7.530911326756582],[-58.68535890784776,-7.248085508963781],[-58.6347035374968,-7.216425902494437],[-58.62837161620293,-7.030689544540955],[-58.61148649275261,-6.684544513809467],[-58.57771624585198,-6.473480470680511],[-58.53550343722619,-6.150552484693207],[-58.50912043183509,-6.055573665285177],[-58.33815855690064,-5.706262673906754],[-58.28433722590275,-5.59967533212663],[-58.23790313641438,-5.497309271209086],[-57.954021998405935,-5.360117643175265],[-57.68597066363216,-5.207096211906771],[-57.607085477512726,-5.187045127809523],[-57.16596162737321,-5.168049363927917],[-57.10053177400323,-5.121615274439547],[-56.77549314758463,-4.798687288452244],[-56.667850485588865,-4.406108168232385],[-56.42723747642186,-4.287912304080169],[-56.12963717561002,-4.133835552596031],[-55.762385740565634,-3.981869441543182],[-55.19251282411745,-3.399332682507263],[-56.46311836375377,-2.546633948266278]]}},{"type":"Feature","properties":{"id":null,"group":null,"name":null},"geometry":{"type":"LineString","coordinates":[[-58.23790313641438,-5.497309271209086],[-58.35847347105181,-3.650498893830723],[-58.45978421175371,-2.654276610262048],[-58.57798007590593,-2.139280345027394],[-58.62019288453172,-0.923551456604605],[-58.409128841402776,0.342832802169132],[-57.88569001444296,2.115770764452368],[-57.05831896537745,3.399040146676423],[-56.16340742251067,4.91870125720491],[-55.580870663474755,6.050004528376117],[-55.55448765808362,6.414090002773565],[-55.51121952924218,6.57871995641415],[-55.40041090659948,7.044116171513499],[-55.14570781400698,7.637942819913031],[-55.14482868967055,7.638838850486707]]}},{"type":"Feature","properties":{"id":null,"group":null,"name":null},"geometry":{"type":"LineString","coordinates":[[-64.21173078632327,-17.406901211975562],[-64.90402077452315,-16.938339085815894],[-65.85803014850589,-16.972109329142715],[-66.2421666663485,-16.98899445080613],[-66.40679660256676,-17.073420059123183],[-66.66007342751793,-17.27182023866827],[-66.78249055957767,-17.499769381124324],[-66.81203952248863,-17.512433222371882],[-67.77871273771895,-17.368909688232886],[-68.35280687427493,-16.90879012290492],[-69.00288405831628,-16.351581108012354],[-70.11730208810144,-15.853470018941714],[-71.56942255115483,-15.355358929871077],[-71.71294608529382,-15.262490760722315],[-72.20261461353275,-14.51954540753221],[-72.44744887765222,-13.278488965271467],[-72.4305637559888,-13.033654701152003],[-72.22794229602786,-12.400462638774073],[-71.83958449776941,-11.125635953186508],[-71.73827376778894,-10.965227297384097],[-68.11641517098718,-6.862142733175113],[-68.06575980599695,-6.676406394877587],[-67.68584456857019,-5.637971412577782],[-68.22616846179936,-4.084540219543928],[-68.24305358346277,-3.729952664612287],[-68.03198956267012,-3.307824623027001],[-67.79559785938237,-2.961679628927066],[-67.68584456857019,-2.134308667419904],[-67.70272969023361,-1.864146720805321],[-67.87158090686772,-1.256282340922508],[-67.96444907601648,-0.69907332602993],[-67.37346981779709,0.001659223001645],[-66.72339263375574,1.175175178608742],[-65.15307631905847,3.826139279764341],[-64.17373926258061,5.54842168943231],[-63.98800292428309,6.24071167763218],[-63.32948317941004,6.907673983336932],[-63.00022330697352,7.220048734110042],[-62.43457173124923,7.633734214863623],[-61.62408589140548,8.123402743102556],[-60.57720834827397,8.68905431882684],[-60.171965428352095,8.815692731302425],[-59.70762458260828,8.714382001321956],[-58.82115569527918,8.790365048807308],[-57.94312936878178,8.798807609639013],[-57.74895046965255,8.773479927143896],[-56.60920475737228,8.283811398904964],[-55.96757013416264,7.971436648131853],[-55.14597831380281,7.63895719414738],[-55.14482868967055,7.638838850486707]]}},{"type":"Feature","properties":{"id":null,"group":null,"name":null},"geometry":{"type":"LineString","coordinates":[[-55.14482868967055,7.638838850486707],[-55.145758532718695,7.639717974823142],[-55.25707677390804,7.808826570952835],[-55.3206535569578,7.917994639779712],[-55.423849229065674,8.088139011354626],[-55.451981207831636,8.168206950919286],[-55.45630920456486,8.328342830048609],[-55.46712919639792,8.499298701010995],[-55.4801131865976,8.650778586673868],[-55.54719713596259,8.919114384133813],[-55.638085067360315,9.250206134225522],[-55.68569303142579,9.399522021521781],[-55.663512048168,9.835567692394193],[-55.631052072668815,10.655723073340317],[-55.66134804980139,11.153442697661186],[-55.67866003673429,11.389318519621945],[-55.58128011023673,11.620866344849478],[-55.43196422294047,11.750706246846226]]}},{"type":"Feature","properties":{"id":6,"group":"railways","name":"Rai–Towboketer Railway"},"geometry":{"type":"LineString","coordinates":[[30.9227,-10.363],[30.937646358121178,-10.364397665160213],[30.952592716242357,-10.365795330320427],[30.96753907436354,-10.36719299548064],[30.982485432484715,-10.368590660640853],[30.997431790605894,-10.369988325801067],[31.012378148727073,-10.371385990961281],[31.027324506848252,-10.372783656121495],[31.04227086496943,-10.374181321281709],[31.057217223090614,-10.375578986441921],[31.07216358121179,-10.376976651602135],[31.08710993933297,-10.37837431676235],[31.102056297454148,-10.379771981922564],[31.117002655575327,-10.381169647082778],[31.131949013696506,-10.38256731224299],[31.14689537181769,-10.383964977403204],[31.161841729938867,-10.385362642563418],[31.176788088060043,-10.386760307723632],[31.191734446181222,-10.388157972883844],[31.2066808043024,-10.389555638044058],[31.22162716242358,-10.39095330320427],[31.23657352054476,-10.392350968364484],[31.251519878665942,-10.393748633524698],[31.26646623678712,-10.395146298684912],[31.281412594908296,-10.396543963845124],[31.296358824688888,-10.397941614670005],[31.311304909042672,-10.399338777788866],[31.326251151848332,-10.40073489079509],[31.341197652346548,-10.402131032565656],[31.356144152844763,-10.403527174336222],[31.371090653342975,-10.40492331610679],[31.38603715384119,-10.406319457877357],[31.4009836543394,-10.407715599647926],[31.41592958380857,-10.409111677707958],[31.430875430756892,-10.410505924717393],[31.44582178229541,-10.411898977583093],[31.460768566510758,-10.413292078658541],[31.47571535072611,-10.414685179733986],[31.490660588927945,-10.416078108705022],[31.505604914382495,-10.41746686716175],[31.520550633352038,-10.418850682968001],[31.535801091727716,-10.420272487151374],[31.55112983711559,-10.422478201835366],[31.56617510724075,-10.425437072998072],[31.580907802619603,-10.4283332912121],[31.59563881103269,-10.431238000553988],[31.610367142220827,-10.434142165069577],[31.62509512101748,-10.437046253489726],[31.63982309981413,-10.439950341909874],[31.65455210847997,-10.442854652778898],[31.66928077530155,-10.445761272971003],[31.684008551171956,-10.448668308559073],[31.69873596402252,-10.451575265682195],[31.713463376873086,-10.454482222805316],[31.728190789723648,-10.457389179928434],[31.742918202574213,-10.460296137051555],[31.757645697556413,-10.463203111928443],[31.772373769836797,-10.466110235775714],[31.787101560340325,-10.469018775491115],[31.801828752331375,-10.471927185789163],[31.816555880979113,-10.474835582388609],[31.831283009626848,-10.477743978988054],[31.846010138274583,-10.4806523755875],[31.860737266922317,-10.483560772186948],[31.875464395570052,-10.486469168786392],[31.890191524217787,-10.489377565385839],[31.904918652865522,-10.492285961985285],[31.91996487793865,-10.495266390030041],[31.93499640939957,-10.498780979372599],[31.949741971232335,-10.502508734041164],[31.96429627581163,-10.506185595093715],[31.978850580390922,-10.509862456146266],[31.993404884970218,-10.513539317198816],[32.00795918954952,-10.517216178251367],[32.0225134941288,-10.520893039303916],[32.0370677987081,-10.524569900356466],[32.05162210328739,-10.528246761409017],[32.06617640786669,-10.53192362246157],[32.08073071244598,-10.53560048351412],[32.095285017025276,-10.53927734456667],[32.10988789176471,-10.542967471349924],[32.12474185507247,-10.546754240503207],[32.13947445664905,-10.550988776604875],[32.15392105623407,-10.555138258598094],[32.168349341480635,-10.559282130438579],[32.1827776267272,-10.563426002279062],[32.19720591197376,-10.567569874119547],[32.21163419722033,-10.571713745960034],[32.226062482466894,-10.575857617800517],[32.24049076771346,-10.580001489641],[32.25491905296003,-10.584145361481488],[32.26934733820659,-10.588289233321973],[32.28377562345316,-10.592433105162458],[32.298164272872114,-10.596706168743847],[32.31251328646347,-10.601108424066142],[32.32686230005483,-10.605510679388436],[32.341211313646184,-10.609912934710731],[32.35562856245409,-10.614336231159422],[32.37019326618172,-10.618868621737295],[32.38465943425589,-10.62365247768001],[32.39890927550206,-10.628365870028066],[32.413159116748226,-10.633079262376121],[32.42740895799439,-10.637792654724178],[32.44165879924056,-10.642506047072233],[32.45590864048672,-10.64721943942029],[32.47015848173289,-10.651932831768345],[32.48440832297904,-10.656646224116399],[32.49865816422522,-10.661359616464457],[32.51290800547138,-10.66607300881251],[32.52715784671754,-10.670786401160566],[32.541407687963705,-10.675499793508623],[32.555657529209874,-10.68021318585668],[32.56990737045604,-10.684926578204733],[32.584157211702205,-10.68963997055279],[32.598407052948374,-10.694353362900847],[32.61265689419453,-10.6990667552489],[32.626906735440706,-10.703780147596957],[32.641180936194665,-10.708501611164547],[32.65559532228202,-10.71327906116001],[32.66993640979938,-10.718272422470342],[32.68412308771359,-10.723212765997555],[32.69829735008641,-10.728148789615192],[32.71247161245925,-10.73308481323283],[32.72664587483207,-10.738020836850467],[32.7408201372049,-10.742956860468105],[32.754994399577726,-10.747892884085742],[32.76916866195055,-10.75282890770338],[32.78334292432338,-10.757764931321017],[32.797517186696204,-10.762700954938655],[32.81169144906903,-10.767636978556292],[32.825865711441864,-10.77257300217393],[32.84003997381469,-10.777509025791566],[32.85421423618752,-10.782445049409205],[32.86838849856034,-10.787381073026841],[32.88256276093316,-10.79231709664448],[32.896737023305995,-10.797253120262118],[32.91091128567882,-10.802189143879755],[32.92508554805165,-10.807125167497393],[32.93925981042448,-10.81206119111503],[32.95343407279731,-10.816997214732668],[32.967608335170134,-10.821933238350304],[32.98043110688721,-10.826441184001721],[32.99306571146772,-10.829356848375053],[33.006903445107824,-10.831555060375798],[33.02172334387643,-10.833930906215894],[33.03654324264504,-10.836306752055991],[33.051363141413646,-10.838682597896089],[33.066183040182246,-10.841058443736186],[33.08100293895085,-10.843434289576283],[33.09582283771946,-10.84581013541638],[33.11064273648807,-10.848185981256478],[33.125462635256675,-10.850561827096573],[33.140282534025275,-10.85293767293667],[33.15510243279388,-10.855313518776768],[33.16992233156249,-10.857689364616865],[33.18474223033109,-10.860065210456963],[33.1995621290997,-10.86244105629706],[33.214382027868304,-10.864816902137157],[33.22920192663691,-10.867192747977253],[33.24402182540551,-10.86956859381735],[33.25609982542272,-10.871658805982555],[33.2678884302197,-10.870858951982623],[33.28180011320671,-10.869223683344405],[33.29670911164913,-10.867492842967183],[33.31161811009156,-10.865762002589959],[33.32652710853398,-10.86403116221274],[33.3414361069764,-10.862300321835518],[33.356345105418825,-10.860569481458295],[33.37125410386125,-10.858838641081071],[33.38616310230368,-10.85710780070385],[33.4010721007461,-10.855376960326629],[33.41598109918852,-10.853646119949406],[33.43089009763094,-10.851915279572184],[33.44579909607337,-10.850184439194962],[33.460708094515795,-10.84845359881774],[33.4723450889494,-10.847325490215457],[33.48183326553592,-10.843496501288898],[33.493060540106725,-10.837079409857997],[33.506140880123034,-10.829718788415127],[33.51922122013935,-10.822358166972256],[33.53230156015565,-10.814997545529383],[33.545381900171975,-10.807636924086513],[33.558462240188284,-10.800276302643644],[33.5715425802046,-10.79291568120077],[33.584622920220916,-10.785555059757899],[33.59770326023722,-10.77819443831503],[33.61078360025354,-10.770833816872155],[33.62386394026985,-10.763473195429285],[33.63466763560639,-10.757560775558503],[33.64204716387027,-10.751359402930635],[33.64866955039093,-10.741671142270048],[33.65736552394112,-10.729437823546903],[33.666061497491306,-10.717204504823753],[33.67475747104149,-10.704971186100613],[33.68345344459168,-10.692737867377467],[33.69214941814187,-10.680504548654321],[33.700845391692056,-10.668271229931173],[33.70954136524224,-10.656037911208031],[33.71823733879243,-10.643804592484885],[33.72693331234262,-10.63157127376174],[33.735629285892806,-10.619337955038596],[33.74432525944299,-10.607104636315446],[33.75416949773336,-10.593378413102844],[33.76606404101033,-10.580858650005542],[33.77776104664781,-10.570011383525177],[33.78877770315088,-10.55981788940092],[33.79979435965394,-10.54962439527667],[33.81081101615699,-10.539430901152418],[33.821827672660056,-10.529237407028166],[33.83284432916312,-10.519043912903912],[33.84386098566618,-10.508850418779657],[33.854877642169235,-10.498656924655409],[33.86589429867231,-10.488463430531153],[33.87691095517537,-10.478269936406901],[33.88899584576083,-10.467142868211168],[33.903130076795776,-10.456503261964833],[33.91799160193621,-10.448306036221801],[33.93116693088351,-10.441116825548997],[33.94434225983082,-10.433927614876191],[33.95751758877812,-10.426738404203387],[33.97069291772542,-10.419549193530582],[33.98386824667273,-10.41235998285778],[33.99704357562003,-10.405170772184974],[34.01021890456733,-10.39798156151217],[34.02339423351464,-10.390792350839364],[34.03659664792057,-10.383588382472707],[34.05247312740692,-10.375132259841493],[34.069771539490596,-10.370340770942187],[34.08497228999158,-10.366704881756823],[34.09957137173903,-10.363220508771782],[34.11417045348648,-10.359736135786742],[34.12876953523393,-10.3562517628017],[34.143368616981384,-10.352767389816659],[34.15796769872883,-10.349283016831619],[34.17256678047628,-10.345798643846576],[34.18716586222373,-10.342314270861536],[34.201764943971185,-10.338829897876495],[34.21781956505403,-10.33504356710775],[34.235385300739075,-10.332791576803961],[34.252314504731935,-10.332966627810881],[34.267322014021175,-10.3331873264769],[34.2823295233104,-10.333408025142917],[34.297337032599636,-10.333628723808935],[34.312344541888876,-10.333849422474955],[34.32735205117811,-10.334070121140973],[34.342359560467344,-10.334290819806991],[34.35736706975658,-10.33451151847301],[34.37237457904581,-10.334732217139027],[34.387382088335045,-10.334952915805045],[34.4028850814407,-10.335185814590108],[34.41951724863875,-10.335935557779445],[34.435847988632645,-10.338564861020629],[34.450659453657835,-10.340992729792896],[34.46547091868302,-10.343420598565164],[34.4802823837082,-10.345848467337433],[34.49509384873339,-10.3482763361097],[34.50990531375857,-10.350704204881968],[34.524716778783755,-10.353132073654237],[34.53952824380894,-10.355559942426504],[34.55433970883413,-10.357987811198772],[34.56915117385931,-10.360415679971041],[34.58537672657926,-10.36311738986226],[34.60157084375483,-10.367614526551662],[34.61655280072876,-10.372662757581798],[34.63077229797806,-10.377466916295313],[34.64499179522737,-10.382271075008829],[34.65921129247667,-10.387075233722344],[34.67343078972598,-10.39187939243586],[34.687650286975284,-10.396683551149374],[34.701869784224584,-10.401487709862888],[34.71608928147389,-10.406291868576403],[34.73030877872319,-10.411096027289918],[34.7458108831891,-10.41637297150495],[34.76118471004479,-10.42337629774354],[34.77525222357075,-10.430995825511129],[34.78844101982579,-10.43816030011229],[34.80162981608083,-10.44532477471345],[34.81481861233587,-10.452489249314612],[34.82800740859091,-10.459653723915771],[34.84119620484595,-10.466818198516933],[34.85438500110099,-10.473982673118092],[34.86757379735603,-10.481147147719254],[34.88076259361107,-10.488311622320413],[34.895203937989216,-10.496204288827112],[34.90907923492477,-10.505823050355682],[34.92156953873203,-10.515662446102976],[34.9333504641042,-10.524962114932721],[34.94513138947639,-10.534261783762469],[34.95691231484856,-10.543561452592215],[34.96869324022072,-10.552861121421959],[34.9804741655929,-10.562160790251705],[34.992255090965074,-10.57146045908145],[35.00403601633724,-10.580760127911194],[35.01581694170941,-10.590059796740938],[35.02663571335759,-10.598636850612083],[35.03745431975372,-10.605738770510646],[35.049618448015615,-10.61219566866773],[35.06285994446257,-10.619262267199757],[35.076101440909525,-10.626328865731784],[35.089342937356484,-10.633395464263812],[35.10258443380344,-10.64046206279584],[35.1158259302504,-10.647528661327868],[35.129067426697354,-10.654595259859894],[35.14230892314431,-10.66166185839192],[35.15555041959127,-10.668728456923949],[35.16754472376656,-10.675173486622027],[35.17951815976617,-10.68002307365535],[35.192793872440056,-10.684253431027363],[35.20708691703324,-10.688834142677855],[35.22137996162642,-10.693414854328346],[35.2356730062196,-10.697995565978836],[35.24996605081278,-10.702576277629328],[35.26425909540596,-10.707156989279818],[35.27855213999914,-10.711737700930309],[35.29284518459232,-10.7163184125808],[35.307138229185504,-10.720899124231291],[35.32021133791118,-10.725122797647776],[35.332936752776405,-10.72790407956012],[35.3467402050211,-10.729813702213132],[35.361604307752415,-10.731895166351784],[35.37646841048373,-10.733976630490437],[35.39133251321505,-10.736058094629088],[35.406196615946364,-10.738139558767742],[35.42106071867768,-10.740221022906393],[35.435924821408996,-10.742302487045047],[35.45078892414031,-10.744383951183698],[35.46565302687163,-10.746465415322351],[35.480216385377304,-10.748506624677036],[35.493364333400166,-10.750277060729454],[35.50664043971823,-10.750016777384083],[35.521571528856704,-10.749797354455515],[35.5365790421152,-10.749576925864204],[35.551586555373696,-10.749356497272892],[35.566594068632185,-10.74913606868158],[35.581601581890666,-10.748915640090267],[35.59660909514916,-10.748695211498957],[35.61161660840765,-10.748474782907644],[35.62662412166614,-10.748254354316332],[35.64163163492463,-10.74803392572502],[35.656639148183125,-10.74781349713371],[35.67333631766074,-10.747625376870717],[35.69003130624844,-10.749547871070963],[35.705406218035485,-10.751823772036206],[35.72025275869475,-10.75402701360727],[35.73509929935401,-10.756230255178338],[35.749945840013275,-10.758433496749403],[35.76479238067254,-10.760636738320468],[35.7796389213318,-10.762839979891533],[35.794485461991066,-10.7650432214626],[35.80933200265032,-10.767246463033665],[35.82509324615404,-10.76960283844638],[35.84208980030451,-10.7732240519935],[35.85804816343745,-10.779204924936385],[35.87207691239672,-10.784540489161973],[35.88610566135599,-10.789876053387562],[35.90013441031526,-10.795211617613152],[35.91416315927454,-10.80054718183874],[35.92819190823381,-10.805882746064329],[35.942220657193076,-10.811218310289917],[35.956724329101334,-10.816740070422764],[35.97340021807788,-10.82360144488946],[35.988061410148774,-10.834142100453631],[36.000272709007994,-10.84313327491567],[36.01235874615369,-10.852032811368792],[36.02444478329939,-10.86093234782191],[36.03653082044509,-10.86983188427503],[36.04861685759079,-10.878731420728151],[36.06070289473649,-10.88763095718127],[36.07469120792147,-10.89808080409636],[36.08717324781826,-10.91137938570019],[36.0971137536636,-10.924732687209978],[36.106037314624864,-10.936800997064221],[36.114960875586135,-10.94886930691847],[36.12388443654741,-10.960937616772718],[36.13280799750867,-10.973005926626966],[36.14173155846994,-10.985074236481212],[36.15108740123405,-10.99774569198608],[36.160533952960364,-11.011921137583888],[36.16793592074428,-11.026989033715733],[36.17450276600094,-11.040485351226172],[36.18106961125761,-11.053981668736611],[36.18763645651428,-11.067477986247047],[36.19420330177095,-11.08097430375749],[36.20077014702761,-11.094470621267925],[36.20733699228428,-11.10796693877837],[36.21455682301256,-11.122922055969838],[36.2200637238641,-11.138898390299998],[36.2244506850719,-11.154039888807887],[36.228617086529304,-11.16845915168306],[36.23278348798671,-11.182878414558234],[36.23694988944411,-11.197297677433408],[36.241116290901516,-11.211716940308582],[36.24528269235892,-11.226136203183755],[36.249449093816324,-11.240555466058927],[36.25398292453395,-11.256403058758151],[36.256790455551744,-11.272852768206565],[36.25881482063705,-11.28833802795049],[36.26075334367454,-11.303221447295543],[36.262691866712025,-11.318104866640597],[36.26463038974951,-11.332988285985651],[36.266568912787,-11.347871705330707],[36.26850743582449,-11.362755124675767],[36.27044595886198,-11.37763854402082],[36.272425479211826,-11.392854068252397],[36.2742583159206,-11.409206284330482],[36.2743,-11.425658491646097],[36.2743,-11.44066762363191],[36.2743,-11.455676755617727],[36.2743,-11.470685887603542],[36.2743,-11.485695019589357],[36.2743,-11.500704151575173],[36.2743,-11.515713283560988],[36.2743,-11.530722415546801],[36.2743,-11.545731547532618],[36.27422667380247,-11.558827323005582],[36.2760468849323,-11.570993310447243],[36.2792326614153,-11.584373104696418],[36.28267571081986,-11.598981987397206],[36.28611876022441,-11.613590870097996],[36.289561809628964,-11.628199752798785],[36.293004859033516,-11.642808635499575],[36.29644790843807,-11.657417518200365],[36.29989095784263,-11.672026400901153],[36.30302771497997,-11.685463561851888],[36.306506420706036,-11.69670538406185],[36.31267385762635,-11.707506036449011],[36.31997702500655,-11.720618541518006],[36.32728019238675,-11.733731046587002],[36.33458335976695,-11.746843551655994],[36.34188652714715,-11.75995605672499],[36.349189694527354,-11.773068561793988],[36.35649286190755,-11.786181066862978],[36.36282634293726,-11.797696086443345],[36.36977275990244,-11.806988043992485],[36.37908192476416,-11.815988219596909],[36.38980376325386,-11.826491372569627],[36.40052560174356,-11.836994525542348],[36.41124744023326,-11.847497678515069],[36.42196927872297,-11.85800083148779],[36.43269111721267,-11.868503984460512],[36.44341295570237,-11.879007137433232],[36.452913767141816,-11.888390985395247],[36.46241479624789,-11.895714581363439],[36.473878815705994,-11.902189964493953],[36.486908989543366,-11.909639032404476],[36.49993916338073,-11.917088100314999],[36.512969337218095,-11.924537168225523],[36.52599951105547,-11.931986236136046],[36.53902968489283,-11.939435304046569],[36.5520598587302,-11.946884371957093],[36.565090032567575,-11.954333439867616],[36.578075203391435,-11.961756842363208],[36.59106975125859,-11.969118802257835],[36.60411509496203,-11.976463239387707],[36.61719391663865,-11.983826558375691],[36.63027273831528,-11.991189877363675],[36.6433515599919,-11.998553196351658],[36.656430381668514,-12.005916515339639],[36.66950920334513,-12.013279834327623],[36.68258802502176,-12.020643153315607],[36.69566684669837,-12.028006472303588],[36.70868376631093,-12.035335056342193],[36.72173716941127,-12.042588615001817],[36.734846496394475,-12.049853453593915],[36.747974530348316,-12.057128669568334],[36.76110256430215,-12.06440388554275],[36.77423059825599,-12.07167910151717],[36.78735863220983,-12.078954317491588],[36.80048666616367,-12.086229533466009],[36.81361470011751,-12.093504749440427],[36.826723183849865,-12.100769142606978],[36.8397921945895,-12.10799080896738],[36.85290663316079,-12.115140818234954],[36.86608443603023,-12.122325493210324],[36.87926223889968,-12.129510168185696],[36.89244004176911,-12.136694843161068],[36.905617844638556,-12.14387951813644],[36.918795647508,-12.15106419311181],[36.93197345037744,-12.158248868087183],[36.945151253246884,-12.165433543062555],[36.95827658850854,-12.172589693396185],[36.97141686717429,-12.179676867496058],[36.98461228207176,-12.186750912442207],[36.997840400883305,-12.193842521263562],[37.01106851969486,-12.200934130084917],[37.024296638506414,-12.208025738906272],[37.03752475731796,-12.215117347727627],[37.050752876129515,-12.22220895654898],[37.06398099494106,-12.229300565370336],[37.07750181344711,-12.236551611833384],[37.09145518365828,-12.244406128276074],[37.104755174325746,-12.25313998279498],[37.117292607387306,-12.261391456311538],[37.12983004044887,-12.269642929828093],[37.14236747351043,-12.27789440334465],[37.154904906572,-12.286145876861205],[37.16744233963356,-12.294397350377762],[37.17997977269513,-12.302648823894318],[37.19346175238587,-12.311553525624733],[37.20620823428832,-12.321657605012488],[37.21804689733647,-12.331524075357851],[37.22957477723314,-12.341135632362603],[37.24110265712981,-12.350747189367357],[37.25263053702648,-12.36035874637211],[37.264158416923145,-12.369970303376865],[37.27615720306791,-12.379984481623708],[37.288440647997064,-12.391113863193988],[37.29940924305539,-12.403216357802657],[37.30946460406137,-12.414359237053871],[37.31951996506734,-12.425502116305086],[37.32957532607332,-12.436644995556302],[37.33963068707929,-12.447787874807515],[37.350535889731795,-12.459923490330128],[37.360612044947594,-12.473521038778024],[37.369175219474094,-12.487153555393714],[37.37713998461635,-12.499875055273694],[37.3851047497586,-12.51259655515368],[37.393069514900844,-12.525318055033663],[37.40024460723986,-12.53685468596486],[37.40783151959464,-12.546625984851422],[37.41730204127746,-12.5560329033451],[37.42790694580544,-12.566654110570276],[37.43851185033341,-12.57727531779545],[37.44911675486139,-12.587896525020627],[37.459721659389366,-12.598517732245801],[37.469399341735446,-12.608256661546854],[37.479434101093425,-12.616546762991769],[37.49083257045189,-12.624558967231573],[37.50309728629896,-12.633210602230713],[37.51536200214603,-12.641862237229853],[37.527626717993094,-12.650513872228991],[37.53989143384016,-12.659165507228131],[37.55215614968723,-12.66781714222727],[37.56359360850731,-12.67590962508232],[37.575206843859384,-12.682856713116939],[37.5878088205444,-12.689500864532466],[37.601079938393724,-12.696511675754934],[37.614351056243045,-12.703522486977404],[37.62762217409236,-12.710533298199872],[37.64089329194168,-12.71754410942234],[37.654164409791,-12.72455492064481],[37.66743552764032,-12.731565731867276],[37.68025009738165,-12.73834132587094],[37.69276132061167,-12.74440925692823],[37.70590011467705,-12.749787328165564],[37.71978532662477,-12.755486006269683],[37.733670538572504,-12.761184684373806],[37.74755575052023,-12.766883362477925],[37.76144096246795,-12.772582040582042],[37.775326174415675,-12.778280718686164],[37.7892113863634,-12.783979396790285],[37.80309659831112,-12.789678074894404],[37.81698181025885,-12.795376752998523],[37.832328903177086,-12.801730896585644],[37.84695711025836,-12.809945089631107],[37.860265855478815,-12.818081697225631],[37.87306788900533,-12.825916362537791],[37.885869922531846,-12.833751027849951],[37.898671956058365,-12.84158569316211],[37.91147398958488,-12.84942035847427],[37.924276023111396,-12.857255023786427],[37.937078056637915,-12.865089689098587],[37.949880090164434,-12.872924354410749],[37.96405762557048,-12.88166439177128],[37.97727294514509,-12.8922210060364],[37.98908729723458,-12.902610900586138],[38.000351434601605,-12.912530237879752],[38.011615571968626,-12.922449575173367],[38.02287970933565,-12.93236891246698],[38.03414384670267,-12.942288249760594],[38.0454079840697,-12.952207587054207],[38.056672121436726,-12.962126924347821],[38.068024047918094,-12.972123935979589],[38.08072029252928,-12.983422137538422],[38.091483246895606,-12.996562390584037],[38.101029856361535,-13.008553744374188],[38.11037665891233,-13.020297309635383],[38.11972346146313,-13.03204087489658],[38.129070264013926,-13.04378444015777],[38.13841706656473,-13.055528005418966],[38.14776386911553,-13.06727157068016],[38.15711067166633,-13.079015135941356],[38.1667222364,-13.091097288413609],[38.17693047600701,-13.104564300522966],[38.185136841003924,-13.119346550742895],[38.19236577959261,-13.1325001240159],[38.19959471818131,-13.145653697288912],[38.20682365677001,-13.158807270561923],[38.21405259535871,-13.171960843834935],[38.221281533947405,-13.185114417107945],[38.2285104725361,-13.198267990380954],[38.2357394111248,-13.211421563653966],[38.24295377488435,-13.224548654920358],[38.249870468125195,-13.237152270828544],[38.257455039357644,-13.249363939290879],[38.26535339796328,-13.261998591490935],[38.27330925168913,-13.274725666349694],[38.28126510541497,-13.287452741208462],[38.28922095914081,-13.300179816067228],[38.29717681286665,-13.312906890925989],[38.3051326665925,-13.325633965784759],[38.313088520318345,-13.33836104064352],[38.32096236601319,-13.350957820573472],[38.32863567104459,-13.363058443773134],[38.336959779229566,-13.374730560272594],[38.34566684272934,-13.386955988206967],[38.35437390622911,-13.39918141614134],[38.36308096972888,-13.411406844075715],[38.37178803322865,-13.42363227201009],[38.380495096728424,-13.435857699944464],[38.389202160228194,-13.448083127878839],[38.397909223727964,-13.460308555813214],[38.40630541744875,-13.472107111120398],[38.41504792497176,-13.48339659973345],[38.42430003095005,-13.494762406875534],[38.43377341414447,-13.506404101503872],[38.44324679733889,-13.51804579613221],[38.45272018053329,-13.529687490760546],[38.4621935637277,-13.541329185388884],[38.47166694692212,-13.55297088001722],[38.481140330116524,-13.564612574645553],[38.49035929238219,-13.57594666465028],[38.4996471098444,-13.586733544656857],[38.509528903240984,-13.597309327349103],[38.519771696727595,-13.608280162529622],[38.530014490214214,-13.619250997710141],[38.54025728370083,-13.63022183289066],[38.55050007718745,-13.641192668071179],[38.56074287067407,-13.6521635032517],[38.57098566416069,-13.663134338432219],[38.58002308779647,-13.672899322400216],[38.589046002261846,-13.680493287502934],[38.60018127079551,-13.687186431974906],[38.612996607675385,-13.694999317717247],[38.62581194455527,-13.70281220345959],[38.63862728143514,-13.710625089201933],[38.651442618315016,-13.718437974944278],[38.66425795519489,-13.726250860686617],[38.67707329207477,-13.73406374642896],[38.689015247518014,-13.741368099107875],[38.69976097678557,-13.747117714261968],[38.71190724114532,-13.750829346563481],[38.72622374990877,-13.755336188006634],[38.74054025867222,-13.759843029449788],[38.75485676743567,-13.764349870892941],[38.76917327619911,-13.768856712336094],[38.78348978496256,-13.773363553779248],[38.79780629372601,-13.7778703952224],[38.81212280248946,-13.782377236665555],[38.825731013942054,-13.786672563079481],[38.83804020778611,-13.790023097011586],[38.85104128615004,-13.791379059601134],[38.86596024039482,-13.793021876453295],[38.880879194639604,-13.794664693305457],[38.89579814888438,-13.796307510157618],[38.910717103129166,-13.79795032700978],[38.92563605737394,-13.79959314386194],[38.94055501161873,-13.801235960714104],[38.95547396586351,-13.802878777566265],[38.97039292010829,-13.804521594418427],[38.98531187435307,-13.806164411270588],[38.998599161366855,-13.807681442277072],[39.01189569062922,-13.807375060295547],[39.02647137824745,-13.806784451177224],[39.04146835133752,-13.806180430396841],[39.0564653244276,-13.805576409616458],[39.07146229751768,-13.804972388836076],[39.086459270607754,-13.804368368055693],[39.10145624369783,-13.80376434727531],[39.1164532167879,-13.803160326494927],[39.13145018987798,-13.802556305714544],[39.14644716296806,-13.801952284934162],[39.16144413605814,-13.801348264153779],[39.176441109148215,-13.800744243373394],[39.19232218803136,-13.800120267695307],[39.208266293515486,-13.8005690409474],[39.22353369961751,-13.801239910197232],[39.238528298129154,-13.801900257410706],[39.25352289664079,-13.802560604624178],[39.26851749515243,-13.80322095183765],[39.28351209366407,-13.803881299051124],[39.298506692175714,-13.804541646264596],[39.313501290687356,-13.805201993478068],[39.32849588919899,-13.805862340691542],[39.34349048771063,-13.806522687905014],[39.358492473168106,-13.807183361526768],[39.374618386501666,-13.807919603902741],[39.3906125499389,-13.810055604482809],[39.4057042169369,-13.812253763738072],[39.42055646261693,-13.814418213143213],[39.43540870829696,-13.816582662548354],[39.450260953977,-13.818747111953494],[39.46511319965704,-13.820911561358635],[39.479965445337086,-13.823076010763776],[39.49481769101712,-13.825240460168917],[39.50966993669716,-13.827404909574057],[39.52464399013107,-13.829587416750337],[39.54082372063564,-13.831988783587391],[39.556630742668126,-13.836187537127728],[39.571285147735615,-13.840155228532755],[39.585772505042875,-13.844078304012475],[39.60025986235013,-13.848001379492196],[39.61474721965738,-13.851924454971916],[39.629234576964635,-13.855847530451637],[39.64372193427189,-13.859770605931358],[39.65820929157914,-13.863693681411078],[39.672779805068515,-13.867639428936544],[39.68877590110035,-13.87202835947619],[39.70408783576849,-13.878388519131617],[39.718124446074455,-13.884399229560913],[39.731921262439116,-13.89030870510172],[39.74571807880378,-13.896218180642528],[39.759514895168444,-13.902127656183335],[39.773311711533104,-13.908037131724145],[39.787108527897765,-13.913946607264952],[39.800905344262425,-13.91985608280576],[39.81596328054351,-13.926347700140026],[39.830705074445014,-13.934560469493007],[39.84410408725015,-13.943216159812483],[39.85670234078793,-13.951374471571988],[39.86930059432572,-13.959532783331493],[39.8818988478635,-13.967691095090998],[39.89449710140129,-13.975849406850504],[39.907095354939074,-13.984007718610009],[39.91982611841501,-13.992252436746206],[39.93417987399864,-14.001675399081478],[39.94669421134946,-14.013419471014442],[39.95773128433841,-14.02405066503725],[39.96853989409573,-14.034464501894117],[39.97934850385305,-14.044878338750985],[39.99015711361039,-14.055292175607857],[40.00096572336771,-14.065706012464725],[40.01177433312503,-14.076119849321591],[40.02386395497796,-14.087862526430603],[40.03449765306235,-14.10142285333734],[40.04353008373384,-14.11456121468385],[40.05201950605172,-14.12693876499384],[40.06050892836959,-14.13931631530383],[40.06899835068747,-14.151693865613824],[40.077487773005345,-14.164071415923809],[40.085977195323224,-14.176448966233801],[40.09519826197081,-14.189957401131567],[40.103473743227475,-14.204998193704181],[40.1099359806309,-14.220040354542808],[40.11582913884529,-14.233844148558504],[40.121722297059684,-14.247647942574197],[40.127615455274075,-14.261451736589892],[40.13350861348847,-14.275255530605587],[40.139401771702865,-14.289059324621283],[40.1453714138805,-14.30304423922362],[40.15176550205276,-14.31827263021414],[40.156213398900995,-14.334181306207192],[40.160243962539894,-14.348779058057362],[40.16423829190576,-14.363246931981495],[40.16823262127163,-14.377714805905622],[40.172226950637494,-14.392182679829757],[40.17622128000336,-14.406650553753895],[40.180317198929394,-14.421497998659488],[40.18441537774085,-14.437689998034056],[40.18642857358258,-14.454269643502833],[40.18818661829896,-14.469175458533984],[40.18994466301533,-14.484081273565128],[40.191702707731714,-14.498987088596282],[40.19346075244809,-14.513892903627433],[40.195218797164465,-14.528798718658582],[40.1971007685084,-14.54508174304635],[40.19733575853921,-14.561906864684797],[40.196588766473276,-14.577784507126553],[40.195868600385715,-14.592776351701982],[40.195148434298154,-14.607768196277414],[40.1944282682106,-14.622760040852848],[40.19370810212304,-14.637751885428282],[40.19292686760454,-14.6536619859108],[40.191031899892685,-14.670440849922185],[40.18750320342776,-14.686489886173097],[40.184243979023684,-14.701140875875206],[40.18098475461961,-14.715791865577327],[40.17772553021554,-14.730442855279442],[40.174466305811464,-14.745093844981556],[40.17109204416442,-14.760238307282739],[40.166878374056864,-14.776900500469253],[40.16003653078856,-14.79266986449929],[40.15398637091356,-14.806405570103829],[40.14793621103856,-14.820141275708364],[40.14188605116356,-14.833876981312905],[40.13583589128856,-14.847612686917444],[40.12978573141357,-14.861348392521977],[40.12291232672233,-14.876777251833282],[40.11387857385045,-14.891240718260674],[40.10504186487421,-14.904174650281726],[40.09656802623172,-14.916562874594707],[40.08809418758923,-14.928951098907687],[40.07962034894674,-14.941339323220667],[40.07114651030425,-14.953727547533644],[40.062429923097376,-14.966464265422788],[40.05260160113189,-14.980132175659499],[40.04100525058377,-14.992334718177718],[40.030622867361956,-15.003173544756407],[40.02024048414013,-15.014012371335097],[40.00985810091831,-15.024851197913781],[39.99947571769649,-15.03569002449247],[39.98909333447467,-15.046528851071157],[39.97871095125284,-15.05736767764984],[39.96724000007798,-15.069275620708872],[39.95446078764956,-15.079807118713152],[39.94237504041995,-15.089341509266657],[39.93058953081437,-15.098635367792827],[39.91880402120879,-15.107929226319],[39.90701851160322,-15.117223084845174],[39.895233001997646,-15.126516943371346],[39.88344749239207,-15.135810801897517],[39.87166198278649,-15.145104660423687],[39.86082145554096,-15.153614937644836],[39.85095348800478,-15.163109476125626],[39.84057398607207,-15.173448630879735],[39.82993841800232,-15.184039132983093],[39.81930284993256,-15.194629635086452],[39.8086672818628,-15.20522013718981],[39.79803171379305,-15.215810639293167],[39.78739614572329,-15.226401141396526],[39.776959894274405,-15.23679091292708],[39.7673902926216,-15.246493571832309],[39.75899721713484,-15.25724359072273],[39.749738465754405,-15.269033428053584],[39.740468400276,-15.280837661573537],[39.73119833479759,-15.292641895093494],[39.72192826931918,-15.304446128613453],[39.71265820384078,-15.316250362133406],[39.703388138362364,-15.328054595653365],[39.69465918444803,-15.339143753918645],[39.68700006134316,-15.350350050720586],[39.67970269766479,-15.362523656447848],[39.671973775436015,-15.375389805994205],[39.664244853207244,-15.388255955540567],[39.65651593097847,-15.401122105086921],[39.6487870087497,-15.413988254633278],[39.641058086520935,-15.426854404179634],[39.633406996940806,-15.439590091263728],[39.626355881727385,-15.451235747459618],[39.62088413073792,-15.463701553383087],[39.614868310089825,-15.47728351200796],[39.60878947357979,-15.491006550652944],[39.60271063706974,-15.504729589297932],[39.5966318005597,-15.51845262794292],[39.590552964049664,-15.532175666587905],[39.58447412753962,-15.545898705232892],[39.578380687184605,-15.559654648217636],[39.5722377152499,-15.57343034496579],[39.5660461588871,-15.587162787513197],[39.55987698117949,-15.600845451339355],[39.55370780347188,-15.614528115165507],[39.54753862576427,-15.628210778991663],[39.54136944805666,-15.641893442817818],[39.53520027034905,-15.655576106643972],[39.529030056993015,-15.669261067133409],[39.522828981475996,-15.683014167466123],[39.51654114779013,-15.69672779189783],[39.51027212459349,-15.710380945758054],[39.50400914455698,-15.724020928310459],[39.497746164520464,-15.73766091086286],[39.491483184483954,-15.75130089341527],[39.485220204447444,-15.764940875967667],[39.478957224410934,-15.77858085852007],[39.47266889682545,-15.792275868916203],[39.466309451426326,-15.805959964627778],[39.4599330562248,-15.819588968132926],[39.45357262546169,-15.833183781977747],[39.44721219469858,-15.846778595822562],[39.44085176393546,-15.86037340966738],[39.43449133317235,-15.873968223512204],[39.428130902409244,-15.887563037357019],[39.421747547503344,-15.901206711895107],[39.415297305118315,-15.914852063848077],[39.40881470388576,-15.92844289010097],[39.40235297451675,-15.941989849041244],[39.39589124514775,-15.955536807981517],[39.38942951577875,-15.96908376692179],[39.38296778640975,-15.98263072586206],[39.37650605704075,-15.996177684802332],[39.37011394763559,-16.0095774544897],[39.36391562420505,-16.022991369222247],[39.35778343897583,-16.036559363155874],[39.351601677782135,-16.050236346431134],[39.34541991658845,-16.063913329706395],[39.33923815539475,-16.077590312981656],[39.33305639420106,-16.091267296256916],[39.32687463300737,-16.10494427953218],[39.32070062054634,-16.118604101724674],[39.314599613980334,-16.132100148784193],[39.30873514336151,-16.145700609274254],[39.302804780044646,-16.159461503704556],[39.29686460646211,-16.173245130976678],[39.29092443287958,-16.18702875824881],[39.28498425929704,-16.200812385520937],[39.27904408571451,-16.214596012793066],[39.27310391213197,-16.2283796400652],[39.267163738549435,-16.242163267337325],[39.26127847077446,-16.255818505384944],[39.255553011882135,-16.269506770238525],[39.24984980645155,-16.2833150790224],[39.24412002284494,-16.29718748410548],[39.23839023923832,-16.31105988918855],[39.2326604556317,-16.324932294271633],[39.22693067202509,-16.338804699354707],[39.22120088841847,-16.352677104437785],[39.215471104811854,-16.366549509520862],[39.20974132120524,-16.380421914603936],[39.204060357310894,-16.39417525448985],[39.19852517499281,-16.407965152585092],[39.19300004810606,-16.421862479426625],[39.18745500079828,-16.435809754906888],[39.181909953490496,-16.449757030387136],[39.17636490618272,-16.46370430586739],[39.17081985887494,-16.477651581347654],[39.16527481156716,-16.491598856827906],[39.15972976425938,-16.505546132308154],[39.154184716951605,-16.51949340778841],[39.14841344923221,-16.533990549670545],[39.1413566085013,-16.550089469508723],[39.131388458338236,-16.564580761187525],[39.12278869743828,-16.576881905664003],[39.11418893653833,-16.589183050140484],[39.10558917563838,-16.60148419461697],[39.09698941473843,-16.613785339093454],[39.088389653838476,-16.626086483569935],[39.07978989293853,-16.638387628046416],[39.07119013203857,-16.650688772522905],[39.061615162967556,-16.664292442934993],[39.04972989972195,-16.677637628485463],[39.03673695366135,-16.68860023873058],[39.02522045492079,-16.69822542962357],[39.013703956180244,-16.707850620516563],[39.002187457439696,-16.717475811409553],[38.99067095869914,-16.72710100230255],[38.97915445995859,-16.736726193195537],[38.967637961218045,-16.74635138408853],[38.95564012513142,-16.756368815032737],[38.94146617023537,-16.767373888387855],[38.92520724650562,-16.775057426740684],[38.911546647899605,-16.781345750228112],[38.89791267360433,-16.78762179897581],[38.88427869930906,-16.793897847723507],[38.87064472501378,-16.8001738964712],[38.857010750718516,-16.806449945218894],[38.84337677642324,-16.81272599396659],[38.82974280212797,-16.81900204271429],[38.81481551844355,-16.825829901839754],[38.798229178819376,-16.831517790897035],[38.78178884273316,-16.834898656570854],[38.76707609056882,-16.837866646921007],[38.75236333840449,-16.84083463727116],[38.737650586240164,-16.84380262762131],[38.722937834075836,-16.846770617971465],[38.7082250819115,-16.84973860832162],[38.69351232974717,-16.852706598671773],[38.67879957758284,-16.855674589021927],[38.66408682541851,-16.858642579372077],[38.64974472195102,-16.861532872965757],[38.63552670342715,-16.864844995174114],[38.62104831789864,-16.86831743378224],[38.606453017770164,-16.87181761336724],[38.59185771764169,-16.87531779295224],[38.577262417513204,-16.87881797253724],[38.56266711738473,-16.88231815212224],[38.54807181725625,-16.88581833170724],[38.533476517127774,-16.88931851129224],[38.51888121699929,-16.89281869087724],[38.50468586598248,-16.896219463321305],[38.49065589359052,-16.90006750429166],[38.47635755239178,-16.90411954716162],[38.46191696936779,-16.908211442186538],[38.4474763863438,-16.91230333721146],[38.43303580331982,-16.916395232236376],[38.41859522029583,-16.920487127261296],[38.404154637271844,-16.924579022286213],[38.389714054247854,-16.928670917311134],[38.37549210729413,-16.932699783189374],[38.361613032786465,-16.936858550264272],[38.3477586071875,-16.94148421266438],[38.3335209581816,-16.94623430674266],[38.3192833091757,-16.950984400820936],[38.30504566016981,-16.95573449489921],[38.29080801116391,-16.960484588977486],[38.27657036215801,-16.965234683055765],[38.26233271315211,-16.96998477713404],[38.248390801335866,-16.974634146783153],[38.234815198678604,-16.97949713997039],[38.2212160607061,-16.984835618678023],[38.20724367750784,-16.99031709208657],[38.19327129430958,-16.995798565495118],[38.179298911111324,-17.001280038903666],[38.16532652791306,-17.006761512312217],[38.1513541447148,-17.012242985720764],[38.13718866668149,-17.017799290370146],[38.121978206872534,-17.023625010360437],[38.10624235838983,-17.027846798271632],[38.091664850716825,-17.031722655443872],[38.077159634795784,-17.0355791764216],[38.06265441887474,-17.039435697399327],[38.04814920295371,-17.043292218377054],[38.03364398703267,-17.047148739354785],[38.01913877111163,-17.051005260332513],[38.00457075629168,-17.05487839041365],[37.989013529458184,-17.058987479257127],[37.97315822083841,-17.061711890092663],[37.95817959556231,-17.064187922118712],[37.94337132439447,-17.066635195701156],[37.92856305322663,-17.0690824692836],[37.91375478205879,-17.07152974286604],[37.898946510890944,-17.073977016448485],[37.88413823972311,-17.07642429003093],[37.86932996855526,-17.078871563613372],[37.854404604884934,-17.08133790306555],[37.83869372145876,-17.083887860458724],[37.822832881633865,-17.085228656650994],[37.80779480829875,-17.08648152625992],[37.79283748568461,-17.087727537168423],[37.77788016307046,-17.088973548076925],[37.76291162196263,-17.090084890317403],[37.747931862361106,-17.091061563889856],[37.732952102759576,-17.092038237462308],[37.71797234315806,-17.093014911034764],[37.70299258355653,-17.09399158460722],[37.68780072245412,-17.094984961281845],[37.67210463376789,-17.095813860611944],[37.656437023347344,-17.095791724330294],[37.64142551528738,-17.095750314761464],[37.626414007227424,-17.09570890519263],[37.61140249916746,-17.0956674956238],[37.5963909911075,-17.095626086054974],[37.58137948304755,-17.09558467648614],[37.566367974987585,-17.09554326691731],[37.55135646692762,-17.095501857348477],[37.536344958867666,-17.095460447779647],[37.5213334508077,-17.095419038210817],[37.50745533338199,-17.095328597798897],[37.49488526009229,-17.096438486618087],[37.48192492563321,-17.099764510193623],[37.46737421940153,-17.10345558553096],[37.45282351316984,-17.107146660868295],[37.43827280693816,-17.110837736205628],[37.42372210070648,-17.11452881154296],[37.4091713944748,-17.118219886880297],[37.39462068824311,-17.12191096221763],[37.38006998201143,-17.125602037554966],[37.36551927577975,-17.1292931128923],[37.35096856954806,-17.132984188229635],[37.33802349555799,-17.136150182648194],[37.32623407894269,-17.141777873712993],[37.31352148432717,-17.148604496724715],[37.30029634032434,-17.15570679600671],[37.28707119632151,-17.162809095288704],[37.27384605231868,-17.1699113945707],[37.26062090831585,-17.177013693852693],[37.24739576431302,-17.184115993134686],[37.23417062031019,-17.191218292416686],[37.220945476307364,-17.19832059169868],[37.207720332304525,-17.205422890980675],[37.1944951883017,-17.212525190262667],[37.182150577753134,-17.219089721836873],[37.17119429316621,-17.227181750302574],[37.16019716423105,-17.236551235549705],[37.148769419311336,-17.24628538857072],[37.13734167439162,-17.256019541591733],[37.125913929471906,-17.265753694612748],[37.11448618455219,-17.275487847633762],[37.10305843963247,-17.28522200065478],[37.091630694712755,-17.294956153675795],[37.08020294979304,-17.304690306696813],[37.06877520487333,-17.314424459717824],[37.05734745995361,-17.324158612738838],[37.0459197150339,-17.333892765759856],[37.03478015907666,-17.343362405246413],[37.024599515391664,-17.353227464209116],[37.01536978082023,-17.364344443291284],[37.00577617579744,-17.375890430977634],[36.99618257077466,-17.387436418663988],[36.98658896575188,-17.398982406350342],[36.97699536072909,-17.410528394036696],[36.967401755706305,-17.422074381723046],[36.95780815068351,-17.433620369409404],[36.94821454566074,-17.445166357095754],[36.938620940637946,-17.456712344782108],[36.92902733561516,-17.468258332468462],[36.91943373059239,-17.479804320154813],[36.909840125569595,-17.491350307841167],[36.900246520546816,-17.502896295527517],[36.89065291552402,-17.514442283213874],[36.88105931050125,-17.525988270900225],[36.87146570547846,-17.537534258586582],[36.86187210045568,-17.549080246272933],[36.8522784954329,-17.560626233959283],[36.842684890410105,-17.57217222164564],[36.833091285387326,-17.58371820933199],[36.82349768036454,-17.595264197018345],[36.81390407534176,-17.6068101847047],[36.804310470318974,-17.618356172391053],[36.79471686529619,-17.629902160077407],[36.78512326027341,-17.641448147763757],[36.77552965525062,-17.652994135450115],[36.765936050227836,-17.66454012313647],[36.75634244520506,-17.67608611082282],[36.74674884018227,-17.687632098509173],[36.73715523515949,-17.699178086195527],[36.727561630136705,-17.71072407388188],[36.717968025113926,-17.72227006156824],[36.70837442009114,-17.73381604925459],[36.69878081506835,-17.745362036940943],[36.68918721004557,-17.756908024627293],[36.67959360502279,-17.76845401231365],[36.67,-17.78],[36.66976194204605,-17.79507924535949],[36.669523884092115,-17.810158490718983],[36.669285826138164,-17.82523773607847],[36.669047768184214,-17.84031698143796],[36.66880971023027,-17.85539622679745],[36.66857165227633,-17.870475472156937],[36.66833359432238,-17.88555471751643],[36.66809553636843,-17.90063396287592],[36.66785747841448,-17.91571320823541],[36.66761942046055,-17.930792453594897],[36.667381362506596,-17.945871698954388],[36.667143304552646,-17.96095094431388],[36.6669052465987,-17.97603018967338],[36.66666718864476,-17.991109435032858],[36.66642913069081,-18.00618868039235],[36.666191072736865,-18.02126792575184],[36.66595301478292,-18.036347171111327],[36.66571495682897,-18.051426416470814],[36.66547689887503,-18.06650566183031],[36.66523884092108,-18.081584907189796],[36.665000782967134,-18.096664152549288],[36.66388425706146,-18.111660688957684],[36.66247490850521,-18.126629655715718],[36.661065559948966,-18.14159862247378],[36.659656211392715,-18.156567589231788],[36.658246862836464,-18.171536555989825],[36.65683751428021,-18.186505522747858],[36.65542816572396,-18.20147448950589],[36.65401881716772,-18.216443456263953],[36.652609468611466,-18.23141242302196],[36.651200120055215,-18.246381389779998],[36.649790771498964,-18.26135035653803],[36.64838142294271,-18.276319323296065],[36.64697207438646,-18.291288290054126],[36.64556272583022,-18.306257256812135],[36.644153377273966,-18.32122622357017],[36.642744028717715,-18.336195190328205],[36.641334680161464,-18.351164157086238],[36.63992533160521,-18.3661331238443],[36.63851598304897,-18.381102090602308],[36.63710663449272,-18.396071057360345],[36.635697285936466,-18.41104002411838],[36.634287937380215,-18.42600899087641],[36.632878588823964,-18.44097795763445],[36.63146924026772,-18.45594692439248],[36.63005989171147,-18.47091589115052],[36.62865054315522,-18.48588485790855],[36.627241194598966,-18.500853824666585],[36.625831846042715,-18.515822791424622],[36.62442249748647,-18.530791758182655],[36.62301314893022,-18.545760724940692],[36.62160380037397,-18.560729691698725],[36.62019445181772,-18.57569865845676],[36.61878510326147,-18.590667625214795],[36.61737575470522,-18.60563659197283],[36.61596640614897,-18.620605558730865],[36.61455705759272,-18.6355745254889],[36.613147709036475,-18.650543492246953],[36.611738360480224,-18.66551245900497],[36.61032901192397,-18.680481425763002],[36.60891966336772,-18.69545039252104],[36.60751031481147,-18.710419359279097],[36.60610096625523,-18.725388326037105],[36.604691617698975,-18.740357292795142],[36.603282269142724,-18.755326259553176],[36.60187292058647,-18.770295226311212],[36.60046357203023,-18.785264193069246],[36.59905422347398,-18.80023315982728],[36.59764487491773,-18.815202126585316],[36.596235526361475,-18.83017109334335],[36.59482617780523,-18.845140060101386],[36.59341682924898,-18.86010902685942],[36.59200748069273,-18.875077993617452],[36.59059813213648,-18.89004696037549],[36.589188783580234,-18.905015927133523],[36.58777943502398,-18.91998489389156],[36.58637008646773,-18.934953860649593],[36.58496073791148,-18.949922827407626],[36.583551389355236,-18.964891794165663],[36.582142040798985,-18.979860760923696],[36.580732692242734,-18.994829727681733],[36.57940170849915,-19.00956715207578],[36.578134686002755,-19.024548836999347],[36.57686766350636,-19.039530521922963],[36.57560064100996,-19.054512206846553],[36.57433361851357,-19.069493891770122],[36.57306659601718,-19.084475576693738],[36.57179957352078,-19.099457261617307],[36.570532551024385,-19.114438946540922],[36.569265528527986,-19.129420631464512],[36.56799850603159,-19.14440231638808],[36.5667314835352,-19.159384001311697],[36.5654644610388,-19.174365686235287],[36.56419743854241,-19.18934737115886],[36.56293041604601,-19.20432905608247],[36.561663393549615,-19.21931074100604],[36.56039637105322,-19.234292425929656],[36.55912934855682,-19.249274110853246],[36.55786232606043,-19.26425579577682],[36.55659530356404,-19.27923748070043],[36.55532828106764,-19.294219165624],[36.554061258571245,-19.309200850547594],[36.552794236074845,-19.324182535471206],[36.55152721357845,-19.33916422039478],[36.55026019108206,-19.35414590531839],[36.54899316858566,-19.36912759024198],[36.54772614608927,-19.384109275165553],[36.546459123592875,-19.399090960089165],[36.545192101096475,-19.414072645012737],[36.54393455149302,-19.428939149526926],[36.54286075447278,-19.44373185883572],[36.54178501189169,-19.45872849202641],[36.540709269310604,-19.473725125217072],[36.53963352672952,-19.488721758407717],[36.53855778414842,-19.503718391598404],[36.53748204156734,-19.51871502478907],[36.53640629898625,-19.533711657979715],[36.53533055640516,-19.54870829117038],[36.53425481382407,-19.563704924361073],[36.533179071242984,-19.578701557551714],[36.53210332866189,-19.59369819074238],[36.5310275860808,-19.60869482393307],[36.52995184349972,-19.623691457123712],[36.52887610091862,-19.63868809031438],[36.52780035833754,-19.653684723505066],[36.52672461575645,-19.668681356695707],[36.525648873175356,-19.683677989886373],[36.52457313059427,-19.698674623077064],[36.52349738801318,-19.713671256267705],[36.52242164543209,-19.72866788945837],[36.521345902851,-19.74366452264906],[36.52027016026992,-19.758661155839704],[36.51919441768882,-19.77365778903037],[36.518118675107736,-19.788654422221057],[36.51723914240774,-19.803211693891008],[36.51643396778166,-19.81822528516617],[36.51562879315557,-19.83323887644133],[36.51482361852948,-19.848252467716517],[36.514018443903396,-19.86326605899166],[36.51321326927731,-19.878279650266823],[36.51240809465123,-19.893293241541986],[36.51160292002514,-19.90830683281715],[36.51079774539905,-19.923320424092314],[36.509992570772965,-19.938334015367477],[36.50918739614688,-19.953347606642637],[36.5083822215208,-19.9683611979178],[36.50757704689471,-19.983374789192965],[36.50677187226862,-19.99838838046813],[36.505966697642535,-20.013401971743292],[36.505161523016454,-20.028415563018456],[36.50435634839037,-20.04342915429362],[36.50355117376428,-20.058442745568783],[36.50274599913819,-20.073456336843943],[36.501940824512104,-20.088469928119107],[36.5013563793635,-20.102807011957434],[36.50096270272737,-20.117837023529695],[36.50056902609125,-20.132867035101935],[36.50017534945512,-20.147897046674196],[36.49978167281899,-20.162927058246456],[36.49938799618286,-20.177957069818717],[36.49899431954673,-20.192987081390978],[36.498600642910596,-20.208017092963267],[36.498206966274466,-20.223047104535528],[36.49781328963833,-20.23807711610779],[36.4974196130022,-20.25310712768005],[36.49702593636608,-20.26813713925229],[36.49663225972995,-20.28316715082455],[36.49623858309382,-20.29819716239681],[36.49584490645769,-20.31322717396907],[36.495451229821555,-20.328257185541357],[36.493795079923004,-20.346564435091704],[36.49137691639753,-20.361403866156255],[36.488958752872044,-20.376243297220825],[36.48654058934655,-20.39108272828542],[36.48412242582108,-20.40592215934999],[36.4817042622956,-20.420761590414543],[36.47928609877012,-20.435601021479112],[36.476867935244634,-20.450440452543685],[36.474449771719144,-20.46527988360828],[36.47203160819367,-20.48011931467285],[36.46961344466819,-20.4949587457374],[36.46719528114271,-20.509798176801972],[36.46477711761722,-20.524637607866566],[36.46235895409174,-20.53947703893114],[36.459940790566264,-20.554316469995687],[36.456973862210134,-20.57124358452621],[36.45207445822359,-20.58695309486264],[36.4475627984239,-20.601295380419995],[36.44305113862422,-20.615637665977328],[36.438539478824545,-20.62997995153464],[36.43402781902486,-20.644322237091995],[36.42951615922518,-20.658664522649328],[36.425004499425505,-20.67300680820664],[36.42049283962583,-20.687349093763974],[36.41598117982614,-20.701691379321325],[36.41146952002646,-20.716033664878662],[36.40695786022679,-20.73037595043597],[36.4024462004271,-20.74471823599333],[36.39793454062742,-20.759060521550662],[36.39342288082775,-20.773402807107978],[36.38849446303875,-20.788959989913067],[36.38117652808988,-20.804723268821974],[36.374630803966575,-20.81825876751459],[36.36808507984327,-20.831794266207204],[36.36153935571997,-20.845329764899816],[36.35499363159666,-20.85886526359243],[36.34844790747335,-20.87240076228506],[36.34190218335006,-20.885936260977658],[36.33535645922675,-20.899471759670277],[36.32881073510345,-20.913007258362885],[36.322265010980146,-20.9265427570555],[36.31571928685684,-20.940078255748112],[36.30917356273354,-20.953613754440727],[36.302627838610235,-20.967149253133343],[36.29608211448692,-20.980684751825972],[36.28947171987254,-20.994352977227514],[36.27980446315878,-21.01001834632363],[36.271407986662126,-21.022490531841704],[36.263011510165484,-21.034962717359765],[36.25461503366883,-21.04743490287784],[36.246218557172156,-21.059907088395928],[36.2378220806755,-21.072379273914002],[36.22942560417884,-21.084851459432077],[36.22102912768219,-21.09732364495015],[36.21263265118554,-21.109795830468233],[36.20423617468889,-21.122268015986286],[36.19583969819224,-21.134740201504357],[36.187443221695574,-21.147212387022435],[36.17904674519891,-21.15968457254052],[36.17065026870225,-21.172156758058595],[36.1622537922056,-21.18462894357667],[36.15385731570895,-21.197101129094744],[36.14546083921229,-21.20957331461282],[36.13682038205345,-21.221881248413123],[36.12744798290805,-21.233696427060107],[36.11807558376265,-21.2455116057071],[36.10870318461725,-21.25732678435409],[36.099330785471835,-21.269141963001097],[36.09536638576712,-21.27413962582068],[36.09264335909473,-21.277508026694512],[36.08987994664287,-21.280802438021],[36.08707857745864,-21.28402547498877],[36.08424168058911,-21.287179752786404],[36.081371685081415,-21.290267886602543],[36.078471019982594,-21.293292491625774],[36.075542114339754,-21.296256183044704],[36.0725873972,-21.299161576047954],[36.0696092976104,-21.30201128582412],[36.06661024461809,-21.304807927561818],[36.0635926672701,-21.30755411644965],[36.06055899461356,-21.310252467676232],[36.057511655695556,-21.312905596430173],[36.05445307956315,-21.315516117900067],[36.05138569526347,-21.318086647274534],[36.04831193184357,-21.320619799742172],[36.04523421835059,-21.323118190491606],[36.042154983831566,-21.325584434711427],[36.039076657333624,-21.328021147590253],[36.036001667903854,-21.3304309443167],[36.03293244458931,-21.332816440079352],[36.029871416437125,-21.335180250066834],[36.02682101249438,-21.33752498946776],[36.023783661808146,-21.339853273470716],[36.02076179342552,-21.342167717264328],[36.01775783639361,-21.344470936037204],[36.01477421975951,-21.34676554497795],[36.011813372570266,-21.349054159275166],[36.008877723873006,-21.351339394117467],[36.005969702714815,-21.353623864693457],[36.00309173814277,-21.355910186191746],[36.000246259203976,-21.35820097380095],[35.99743569494552,-21.360498842709674],[35.994662474414504,-21.362806408106522],[35.991929026657985,-21.365126285180096],[35.98923778072309,-21.36746108911901],[35.98659116565688,-21.36981343511188],[35.983991610506465,-21.372185938347307],[35.98144154431893,-21.37458121401389],[35.97894339614137,-21.377001877300255],[35.97649959502086,-21.379450543395002],[35.9741125700045,-21.381929827486736],[35.97178475013939,-21.384442344764075],[35.96951856447261,-21.386990710415613],[35.96731644205124,-21.38957753962997],[35.96518081192239,-21.392205447595742],[35.96311410313314,-21.394877049501552],[35.961118744730584,-21.397594960536],[35.95919716576181,-21.400361795887697],[35.95735179527391,-21.403180170745244],[35.95558506231397,-21.406052700297256],[35.95389939592909,-21.40898199973234],[35.952297225166355,-21.4119706842391],[35.95078097907286,-21.415021369006155],[35.94935308669568,-21.4181366692221],[35.948015977081916,-21.42131920007555],[35.94677207927866,-21.424571576755113],[35.945623822333005,-21.4278964144494],[35.94457363529203,-21.43129632834701],[35.94362394720284,-21.43477393363656],[35.94277718711251,-21.438331845506653],[35.942035784068146,-21.441972679145902],[35.94140216711683,-21.445699049742906],[35.940878765305655,-21.44951357248629],[35.940468007681694,-21.45341886256464],[35.94017232329207,-21.457417535166584],[35.939994141183845,-21.46151220548072],[35.93993589040412,-21.465705488695654],[35.94,-21.47],[35.94018499983368,-21.47429100366406],[35.94048628485038,-21.47847385491801],[35.94090158172167,-21.48255130539029],[35.94142861711904,-21.486526106709302],[35.94206511771411,-21.4904010105035],[35.942808810178384,-21.49417876840128],[35.943657421183424,-21.49786213203108],[35.9446086774008,-21.50145385302133],[35.94566030550204,-21.504956683000444],[35.946810032158716,-21.508373373596857],[35.94805558404237,-21.51170667643898],[35.949394687824544,-21.51495934315525],[35.95082507017681,-21.518134125374097],[35.95234445777071,-21.521233774723918],[35.95395057727778,-21.524261042833174],[35.955641155369584,-21.52721868133026],[35.95741391871768,-21.530109441843624],[35.9592665939936,-21.53293607600167],[35.961196907868924,-21.535701335432837],[35.963202587015196,-21.538407971765547],[35.96528135810394,-21.541058736628216],[35.967430947806726,-21.543656381649278],[35.96964908279512,-21.54620365845717],[35.97193348974065,-21.54870331868029],[35.97428189531487,-21.55115811394707],[35.97669202618935,-21.553570795885953],[35.979161609035636,-21.555944116125353],[35.98168837052525,-21.558280826293682],[35.98427003732978,-21.56058367801938],[35.98690433612076,-21.56285542293087],[35.98958899356974,-21.565098812656565],[35.99232173634828,-21.567316598824902],[35.99510029112793,-21.56951153306431],[35.99792238458024,-21.57168636700321],[36.00078574337675,-21.57384385227001],[36.00368809418904,-21.575986740493157],[36.00662716368863,-21.578117783301064],[36.00960067854708,-21.580239732322156],[36.01260636543595,-21.58235533918486],[36.01564195102679,-21.58446735551761],[36.01870516199114,-21.586578532948817],[36.02179372500056,-21.588691623106914],[36.024905366726614,-21.59080937762032],[36.02803781384083,-21.592934548117462],[36.03118879301477,-21.595069886226764],[36.03435603091999,-21.597218143576654],[36.03753725422803,-21.59938207179556],[36.04073018961045,-21.601564422511895],[36.0439325637388,-21.603767947354093],[36.04714210328463,-21.605995397950572],[36.05035653491949,-21.608249525929768],[36.053573585314936,-21.6105330829201],[36.05679098114251,-21.612848820549985],[36.06000644907378,-21.615199490447857],[36.06321771578028,-21.61758784424214],[36.06642250793357,-21.620016633561256],[36.0696185522052,-21.62248861003363],[36.07280357526672,-21.625006525287688],[36.07597530378968,-21.627573130951856],[36.07913146444564,-21.630191178654556],[36.08226978390614,-21.632863420024215],[36.08538798884275,-21.635592606689258],[36.08848380592699,-21.638381490278107],[36.09155496183044,-21.64123282241919],[36.09459918322464,-21.64414935474093],[36.09761419678114,-21.64713383887175],[36.10059772917149,-21.650189026440078],[36.10354750706725,-21.653317669074337],[36.10646125713996,-21.65652251840295],[36.11054614860249,-21.661099705047363],[36.12057827499086,-21.672340864167797],[36.13061040137925,-21.68358202328823],[36.140642527767625,-21.69482318240866],[36.15067465415601,-21.7060643415291],[36.16070678054439,-21.717305500649523],[36.170738906932776,-21.728546659769965],[36.18013255995287,-21.740280481007815],[36.189313388516844,-21.752178522951453],[36.198494217080835,-21.764076564895095],[36.20767504564482,-21.775974606838748],[36.21685587420881,-21.787872648782397],[36.226036702772795,-21.799770690726042],[36.23521753133678,-21.81166873266969],[36.24439835990077,-21.82356677461333],[36.253579188464755,-21.835464816556986],[36.26276001702875,-21.847362858500624],[36.27194084559273,-21.85926090044428],[36.28112167415672,-21.87115894238792],[36.29030250272072,-21.88305698433158],[36.29948333128469,-21.894955026275213],[36.30866415984868,-21.906853068218865],[36.317844988412666,-21.918751110162514],[36.32702581697666,-21.93064915210616],[36.336206645540656,-21.94254719404982],[36.345387474104626,-21.954445235993454],[36.35456830266862,-21.966343277937096],[36.3637491312326,-21.97824131988075],[36.37292995979659,-21.99013936182439],[36.38211078836058,-22.002037403768043],[36.39129161692456,-22.013935445711684],[36.40047244548855,-22.025833487655337],[36.40965327405254,-22.03773152959898],[36.41883410261652,-22.04962957154263],[36.42801493118051,-22.061527613486273],[36.4371957597445,-22.073425655429926],[36.44637658830849,-22.085323697373568],[36.45555741687247,-22.09722173931722],[36.46473824543646,-22.109119781260862],[36.47391907400045,-22.121017823204514],[36.48309990256443,-22.132915865148156],[36.49228073112842,-22.14481390709181],[36.50146155969241,-22.15671194903545],[36.51064238825639,-22.168609990979103],[36.519823216820384,-22.180508032922745],[36.52900404538438,-22.192406074866412],[36.53818487394835,-22.20430411681004],[36.548440747923514,-22.217707394566947],[36.55683258833278,-22.23583256167028],[36.562437478332036,-22.24977660065869],[36.56804236833129,-22.263720639647104],[36.57364725833054,-22.277664678635517],[36.57925214832979,-22.29160871762393],[36.58485703832905,-22.305552756612343],[36.59046192832829,-22.31949679560073],[36.59606681832755,-22.333440834589148],[36.601671708326805,-22.34738487357756],[36.60727659832606,-22.361328912565973],[36.612881488325314,-22.375272951554386],[36.61848637832457,-22.3892169905428],[36.624091268323824,-22.403161029531212],[36.62969615832308,-22.417105068519625],[36.635301048322326,-22.431049107508034],[36.64090593832159,-22.444993146496447],[36.64651082832084,-22.45893718548486],[36.6521157183201,-22.472881224473273],[36.65772060831936,-22.486825263461704],[36.66332549831861,-22.500769302450117],[36.66893038831787,-22.51471334143853],[36.67530641039835,-22.53087033159449],[36.67750595112986,-22.55196403703933],[36.67804667952503,-22.566982646429572],[36.678587407920205,-22.58200125581982],[36.67912813631538,-22.597019865210065],[36.67966886471055,-22.61203847460031],[36.68020959310572,-22.627057083990554],[36.680750321500895,-22.6420756933808],[36.68129104989607,-22.657094302771046],[36.68183177829124,-22.67211291216129],[36.68237250668641,-22.687131521551535],[36.682913235081585,-22.70215013094178],[36.68345396347676,-22.717168740332028],[36.68399469187193,-22.73218734972227],[36.6845354202671,-22.747205959112517],[36.685076148662276,-22.762224568502763],[36.68561687705745,-22.77724317789301],[36.68615760545262,-22.792261787283252],[36.686698333847794,-22.807280396673498],[36.687239062242966,-22.822299006063744],[36.68777979063814,-22.837317615453987],[36.685307225601704,-22.86073795119225],[36.6806455483576,-22.87502500058973],[36.6759838711135,-22.8893120499872],[36.67132219386939,-22.9035990993847],[36.66666051662529,-22.91788614878218],[36.66199883938119,-22.932173198179655],[36.65733716213709,-22.94646024757713],[36.65267548489299,-22.960747296974606],[36.64801380764889,-22.975034346372084],[36.643352130404786,-22.989321395769558],[36.63869045316068,-23.003608445167036],[36.634028775916576,-23.017895494564513],[36.629367098672475,-23.032182543961987],[36.624705421428374,-23.046469593359465],[36.62004374418427,-23.060756642756942],[36.61538206694017,-23.075043692154416],[36.61072038969607,-23.089330741551894],[36.606058712451976,-23.10361779094935],[36.601397035207874,-23.117904840346824],[36.59673535796377,-23.132191889744302],[36.59207368071967,-23.14647893914178],[36.58741200347556,-23.160765988539275],[36.57708875773027,-23.180183760510264],[36.56859607367046,-23.192582362555395],[36.56010338961063,-23.20498096460055],[36.551610705550786,-23.217379566645718],[36.543118021490976,-23.229778168690856],[36.534625337431144,-23.242176770736],[36.526132653371306,-23.254575372781172],[36.51763996931149,-23.26697397482631],[36.50914728525166,-23.279372576871463],[36.500654601191826,-23.29177117891662],[36.492161917132,-23.304169780961765],[36.483669233072156,-23.31656838300693],[36.47517654901234,-23.328966985052077],[36.466683864952515,-23.34136558709722],[36.45819118089267,-23.353764189142385],[36.44969849683286,-23.366162791187524],[36.44120581277303,-23.37856139323267],[36.43271312871318,-23.39095999527784],[36.42422044465337,-23.403358597322978],[36.41572776059354,-23.41575719936813],[36.40723507653371,-23.428155801413286],[36.398742392473885,-23.44055440345843],[36.39024970841405,-23.452953005503584],[36.38175702435422,-23.465351607548744],[36.3732643402944,-23.477750209593886],[36.36390386842359,-23.49078782648522],[36.354910254722796,-23.502828006210414],[36.345916641022,-23.514868185935608],[36.336923027321205,-23.526908365660802],[36.32792941362041,-23.538948545385995],[36.318935799919615,-23.55098872511119],[36.30994218621882,-23.563028904836383],[36.300948572518024,-23.575069084561584],[36.29195495881723,-23.587109264286777],[36.28296134511643,-23.59914944401197],[36.27396773141564,-23.611189623737168],[36.26497411771484,-23.623229803462362],[36.25598050401405,-23.635269983187555],[36.24698689031325,-23.647310162912742],[36.23799327661246,-23.659350342637936],[36.22899966291166,-23.67139052236313],[36.220006049210866,-23.683430702088323],[36.21101243551007,-23.695470881813517],[36.202018821809276,-23.70751106153871],[36.19302520810848,-23.719551241263904],[36.18403159440768,-23.73159142098912],[36.17503798070688,-23.743631600714313],[36.16604436700609,-23.755671780439506],[36.15705075330529,-23.767711960164704],[36.14699810890593,-23.780364461776852],[36.13746728379905,-23.791984030959743],[36.127936458692155,-23.803603600142637],[36.11840563358527,-23.815223169325527],[36.10887480847838,-23.82684273850841],[36.0993439833715,-23.8384623076913],[36.0898131582646,-23.8500818768742],[36.08028233315772,-23.861701446057076],[36.07075150805082,-23.873321015239984],[36.06122068294394,-23.88494058442286],[36.05168985783705,-23.89656015360576],[36.04215903273017,-23.90817972278864],[36.03262820762327,-23.91979929197154],[36.02309738251638,-23.931418861154423],[36.01356655740948,-23.94303843033733],[36.004035732302604,-23.954657999520208],[35.99450490719571,-23.966277568703106],[35.98497408208883,-23.977897137885986],[35.97544325698193,-23.989516707068887],[35.96591243187505,-24.00113627625177],[35.95638160676815,-24.012755845434675],[35.94685078166127,-24.024375414617555],[35.9369238848836,-24.03646591601585],[35.92639748424184,-24.048075974515882],[35.91629392181982,-24.059201128069784],[35.90619035939778,-24.070326281623714],[35.89608679697575,-24.081451435177637],[35.885983234553734,-24.09257658873154],[35.8758796721317,-24.103701742285462],[35.865776109709664,-24.114826895839393],[35.85567254728765,-24.125952049393295],[35.845568984865615,-24.137077202947218],[35.83546542244357,-24.148202356501148],[35.82536186002155,-24.15932751005506],[35.81525829759953,-24.170452663608973],[35.80515473517749,-24.1815778171629],[35.795051172755464,-24.192702970716816],[35.78494761033344,-24.20382812427073],[35.77484404791141,-24.21495327782464],[35.76474048548936,-24.226078431378575],[35.75463692306734,-24.237203584932494],[35.74453336064532,-24.248328738486393],[35.734429798223275,-24.25945389204033],[35.72432623580125,-24.27057904559425],[35.71297415349492,-24.282440874304818],[35.70226528747186,-24.29298464989587],[35.6915564214488,-24.303528425486917],[35.68084755542574,-24.314072201077963],[35.67013868940269,-24.32461597666901],[35.65942982337963,-24.335159752260054],[35.64872095735657,-24.3457035278511],[35.63801209133352,-24.356247303442146],[35.62730322531046,-24.36679107903319],[35.61659435928741,-24.377334854624234],[35.60588549326435,-24.387878630215287],[35.595176627241294,-24.398422405806333],[35.58446776121824,-24.40896618139738],[35.57375889519518,-24.419509956988424],[35.563050029172125,-24.43005373257947],[35.55234116314907,-24.440597508170516],[35.541632297126014,-24.45114128376156],[35.530923431102956,-24.461685059352607],[35.520214565079904,-24.472228834943653],[35.50950569905685,-24.482772610534695],[35.4984294260067,-24.493654312619967],[35.4870239739871,-24.50408515603785],[35.47593167955781,-24.514224782239438],[35.46483938512851,-24.524364408441027],[35.45374709069923,-24.5345040346426],[35.44265479626993,-24.544643660844194],[35.431562501840624,-24.55478328704579],[35.420470207411334,-24.56492291324738],[35.40937791298204,-24.575062539448968],[35.398285618552755,-24.585202165650543],[35.38719332412345,-24.595341791852135],[35.37610102969415,-24.60548141805373],[35.36500873526486,-24.61562104425532],[35.35391644083556,-24.62576067045691],[35.342642775350306,-24.635701884891237],[35.33082499669708,-24.64504786402385],[35.31730193734016,-24.65493381740616],[35.30483348212143,-24.66339223585774],[35.292365026902694,-24.67185065430932],[35.27989657168396,-24.680309072760902],[35.26742811646525,-24.688767491212467],[35.25495966124652,-24.697225909664045],[35.242491206027786,-24.705684328115623],[35.23002275080907,-24.714142746567195],[35.21755429559034,-24.722601165018773],[35.20508584037161,-24.73105958347035],[35.19027426846426,-24.740107402068734],[35.17623641840863,-24.74590999548107],[35.16230873895518,-24.751656904501193],[35.14838105950174,-24.757403813521314],[35.134453380048306,-24.763150722541436],[35.12049323035715,-24.768913717355368],[35.102177421146045,-24.761960629471282],[35.091476167575024,-24.751354480771028],[35.080774914004,-24.740748332070762],[35.07007366043298,-24.730142183370504],[35.05937240686196,-24.71953603467024],[35.04867115329094,-24.70892988596998],[35.0407081477035,-24.721690174265184],[35.03274514211606,-24.734450462560392],[35.02478213652862,-24.747210750855597],[35.01681913094119,-24.759971039150805],[35.008856125353745,-24.77273132744601],[35.00089311976631,-24.785491615741215],[34.99293011417886,-24.798251904036423],[34.98496710859143,-24.81101219233163],[34.977004103003985,-24.823772480626836],[34.96904109741654,-24.836532768922044],[34.96107809182911,-24.84929305721725],[34.95311508624167,-24.862053345512454],[34.94515208065423,-24.87481363380766],[34.93718907506679,-24.887573922102863],[34.929226069479355,-24.900334210398075],[34.921263063891914,-24.913094498693276],[34.91330005830447,-24.92585478698848],[34.90533705271703,-24.93861507528369],[34.897374047129595,-24.951375363578894],[34.889411041542154,-24.9641356518741],[34.88144803595471,-24.97689594016931],[34.87348503036728,-24.98965622846451],[34.865522024779835,-25.002416516759716],[34.857559019192394,-25.015176805054924],[34.84952361975768,-25.02804205439995],[34.840696855912256,-25.041085499470842],[34.83207167133653,-25.053407861517034],[34.82344648676082,-25.065730223563207],[34.81482130218511,-25.07805258560939],[34.806196117609396,-25.090374947655572],[34.797570933033676,-25.102697309701757],[34.78894574845796,-25.115019671747937],[34.78032056388225,-25.127342033794122],[34.771695379306536,-25.139664395840303],[34.76298128704038,-25.152102303750596],[34.75327832164781,-25.164930454124665],[34.74400380004708,-25.176771808119874],[34.73472927844634,-25.188613162115086],[34.7254547568456,-25.200454516110298],[34.71606061334373,-25.212193827349253],[34.706307604138445,-25.22362701031948],[34.69655459493316,-25.235060193289705],[34.68680158572787,-25.24649337625993],[34.67704857652259,-25.257926559230157],[34.66714367029162,-25.269536136975397],[34.65621580992654,-25.28142733117171],[34.64585573441038,-25.29231345521511],[34.635495658894214,-25.303199579258518],[34.625135583378054,-25.314085703301924],[34.614775507861886,-25.32497182734533],[34.604415432345725,-25.335857951388736],[34.594055356829564,-25.346744075432134],[34.583695281313396,-25.357630199475548],[34.57333520579723,-25.368516323518953],[34.56272142343455,-25.379665166986797],[34.55119423729196,-25.3907999407545],[34.54025423356946,-25.40110310434347],[34.529314229846975,-25.41140626793242],[34.518374226124486,-25.421709431521386],[34.50743422240199,-25.432012595110344],[34.49649421867949,-25.44231575869931],[34.485554214957006,-25.452618922288263],[34.4746142112345,-25.462922085877228],[34.463674207512014,-25.47322524946619],[34.45424053947776,-25.481981700860928],[34.44777308765401,-25.49144078331369],[34.43944349279296,-25.50394904901442],[34.43111389793192,-25.516457314715133],[34.42278430307088,-25.52896558041587],[34.414454708209846,-25.541473846116588],[34.40612511334879,-25.553982111817323],[34.39779551848776,-25.566490377518033],[34.38946592362671,-25.578998643218767],[34.38113632876568,-25.591506908919484],[34.37345901812139,-25.602981775601997],[34.3689412837538,-25.61303085091557],[34.36336183321107,-25.62698465301501],[34.35778238266834,-25.64093845511446],[34.352202932125614,-25.654892257213884],[34.34662348158289,-25.668846059313324],[34.34104403104015,-25.68279986141277],[34.33546458049743,-25.696753663512197],[34.329885129954704,-25.710707465611637],[34.32430567941197,-25.724661267711074],[34.318726228869245,-25.73861506981051],[34.31370403931798,-25.75103108567401],[34.31103662274587,-25.763015932827958],[34.3079659952682,-25.77772681683547],[34.30489536779053,-25.79243770084298],[34.30182474031287,-25.80714858485049],[34.2987541128352,-25.821859468858],[34.29568348535753,-25.83657035286551],[34.29261285787987,-25.85128123687302],[34.2895422304022,-25.86599212088053],[34.28647160292453,-25.88070300488804],[34.28340097544687,-25.89541388889555],[34.2803303479692,-25.91012477290306],[34.277496211042866,-25.923530444843063],[34.27651545199235,-25.936306973835325],[34.2755436131121,-25.95130345310812],[34.27457177423185,-25.966299932380938],[34.2735999353516,-25.981296411653744],[34.27262809647135,-25.996292890926554],[34.271656257591104,-26.011289370199382],[34.27068441871085,-26.026285849472178],[34.2697125798306,-26.04128232874499],[34.26874074095035,-26.0562788080178],[34.2677689020701,-26.07127528729061],[34.266797063189856,-26.08627176656344],[34.2658252243096,-26.101268245836234],[34.264853385429355,-26.116264725109048],[34.26475330791706,-26.128177285074003],[34.26567724939157,-26.143100252636813],[34.26660579455718,-26.158099474792124],[34.267534339722786,-26.173098696947438],[34.26846288488839,-26.188097919102752],[34.269391430054,-26.203097141258066],[34.27031997521961,-26.21809636341338],[34.271248520385214,-26.233095585568694],[34.27217706555082,-26.248094807723994],[34.27310561071642,-26.263094029879305],[34.27403415588203,-26.27809325203462],[34.274962701047635,-26.293092474189947],[34.27605863371251,-26.305300687849257],[34.279034010599965,-26.318983092438167],[34.28220527130954,-26.333672611385403],[34.28537653201913,-26.348362130332625],[34.288547792728714,-26.36305164927985],[34.2917190534383,-26.377741168227075],[34.294890314147885,-26.39243068717429],[34.29806157485746,-26.407120206121512],[34.30123283556705,-26.421809725068748],[34.304404096276635,-26.436499244015973],[34.30757535698622,-26.4511887629632],[34.31028078173659,-26.464055839647045],[34.31497076587849,-26.475698109397953],[34.32063588184838,-26.489617352280984],[34.32630099781827,-26.50353659516401],[34.33196611378816,-26.517455838047038],[34.337631229758045,-26.531375080930054],[34.34329634572794,-26.545294323813096],[34.34896146169783,-26.559213566696123],[34.35462657766772,-26.57313280957915],[34.36029169363761,-26.587052052462177],[34.3659568096075,-26.600971295345207],[34.370647331867666,-26.61096555053081],[34.37840575314027,-26.622867349513264],[34.38660039899771,-26.63546443809199],[34.394795044855144,-26.648061526670713],[34.40298969071258,-26.660658615249435],[34.411184336570024,-26.67325570382816],[34.41937898242746,-26.685852792406884],[34.4275736282849,-26.698449880985606],[34.43576827414234,-26.711046969564322],[34.44396291999978,-26.72364405814305],[34.45125429580832,-26.73494422587453],[34.45995453160829,-26.74508969511843],[34.46971000965014,-26.756520771601608],[34.47946548769199,-26.76795184808478],[34.48922096573382,-26.779382924567944],[34.498976443775675,-26.790814001051125],[34.50873192181752,-26.802245077534295],[34.51848739985936,-26.813676154017468],[34.528242877901214,-26.82510723050064],[34.53799835594305,-26.83653830698381],[34.54775383398489,-26.847969383466985],[34.556515711901476,-26.8581947103082],[34.56658578619312,-26.867533575931162],[34.577579691336524,-26.877779204808256],[34.588573596479925,-26.888024833685346],[34.59956750162332,-26.898270462562436],[34.61056140676671,-26.908516091439527],[34.6215553119101,-26.918761720316613],[34.632549217053494,-26.929007349193704],[34.64354312219689,-26.939252978070794],[34.65453702734028,-26.94949860694788],[34.66553093248368,-26.959744235824974],[34.67652483762707,-26.969989864702065],[34.68626254701355,-26.978537908750162],[34.697886461833306,-26.98739652486077],[34.7098368898251,-26.996508392517953],[34.72178731781689,-27.005620260175135],[34.73373774580869,-27.01473212783232],[34.74568817380048,-27.023843995489504],[34.75763860179227,-27.032955863146686],[34.769589029784065,-27.04206773080387],[34.78153945777586,-27.051179598461047],[34.79348988576765,-27.06029146611823],[34.80544031375943,-27.069403333775412],[34.817390741751225,-27.07851520143259],[34.82907289080618,-27.087425347472664],[34.84004621515343,-27.094823944164908],[34.852724706023935,-27.102892074718863],[34.865403196894434,-27.110960205272814],[34.87808168776494,-27.119028335826773],[34.89076017863543,-27.127096466380724],[34.90343866950594,-27.13516459693468],[34.916117160376444,-27.143232727488634],[34.92879565124694,-27.15130085804259],[34.94147414211744,-27.159368988596547],[34.954152632987935,-27.1674371191505],[34.966831123858434,-27.175505249704454],[34.97950961472894,-27.183573380258405],[34.992188105599446,-27.191641510812364],[35.00505353922503,-27.19983274568164],[35.017768374787025,-27.208240144175345],[35.03030324970137,-27.21652964188453],[35.04283812461572,-27.224819139593716],[35.05537299953006,-27.233108637302898],[35.067907874444415,-27.24139813501209],[35.08044274935877,-27.24968763272128],[35.092977624273125,-27.25797713043047],[35.10551249918747,-27.266266628139654],[35.11804737410182,-27.27455612584884],[35.130582249016165,-27.282845623558025],[35.143117123930516,-27.291135121267214],[35.15565199884487,-27.2994246189764],[35.168186873759225,-27.30771411668559],[35.18072174867357,-27.316003614394777],[35.19345228511225,-27.32447733395388],[35.20595259772055,-27.333016433723827],[35.21836148130658,-27.34149337123319],[35.23077036489259,-27.34997030874255],[35.24317924847861,-27.35844724625191],[35.25558813206463,-27.366924183761267],[35.267997015650664,-27.37540112127063],[35.280405899236676,-27.383878058779988],[35.292814782822695,-27.39235499628935],[35.30522366640872,-27.400831933798713],[35.31763254999475,-27.409308871308074],[35.33004143358075,-27.417785808817424],[35.34245031716678,-27.42626274632679],[35.354859200752806,-27.434739683836153],[35.36726808433883,-27.443216621345513],[35.379676967924844,-27.45169355885487],[35.392258676889384,-27.46034460861572],[35.40462499337087,-27.469030262555766],[35.41692260528391,-27.47766783181021],[35.42922021719695,-27.48630540106465],[35.44151782910998,-27.494942970319094],[35.453815441023025,-27.503580539573537],[35.466113052936066,-27.51221810882798],[35.47841066484911,-27.520855678082423],[35.49070827676214,-27.529493247336866],[35.50300588867519,-27.538130816591313],[35.515303500588224,-27.546768385845752],[35.52760111250126,-27.555405955100195],[35.5398987244143,-27.564043524354638],[35.55219633632734,-27.57268109360908],[35.56449394824038,-27.581318662863524],[35.57679156015342,-27.589956232117967],[35.589089172066465,-27.598593801372413],[35.60151854668837,-27.60734764674561],[35.61380602444344,-27.616187889563236],[35.62600474510687,-27.62496456749767],[35.638203465770296,-27.633741245432105],[35.650402186433716,-27.642517923366533],[35.66260090709714,-27.651294601300965],[35.67479962776057,-27.6600712792354],[35.68699834842399,-27.668847957169834],[35.69919706908742,-27.677624635104262],[35.711395789750846,-27.686401313038694],[35.723594510414266,-27.695177990973125],[35.73579323107769,-27.70395466890756],[35.74799195174112,-27.71273134684199],[35.76019067240455,-27.721508024776423],[35.77238939306797,-27.730284702710854],[35.784588113731395,-27.73906138064529],[35.79678683439482,-27.747838058579724],[35.80898555505824,-27.756614736514152],[35.82067154009219,-27.765032171007327],[35.83230374089714,-27.772292958565924],[35.84514479054004,-27.78009977004421],[35.85798584018295,-27.7879065815225],[35.87082688982585,-27.795713393000785],[35.88366793946875,-27.803520204479074],[35.89650898911165,-27.81132701595736],[35.90935003875456,-27.81913382743565],[35.92219108839746,-27.826940638913936],[35.93503213804036,-27.834747450392225],[35.947873187683264,-27.84255426187051],[35.96071423732617,-27.8503610733488],[35.973555286969074,-27.858167884827086],[35.986396336611975,-27.865974696305376],[35.999237386254876,-27.87378150778366],[36.012078435897784,-27.88158831926195],[36.024919485540686,-27.889395130740237],[36.03771564280593,-27.897174714087672],[36.04905393208009,-27.903348847029655],[36.06251991911018,-27.910020132864826],[36.07598590614027,-27.916691418699994],[36.08945189317035,-27.923362704535162],[36.10291788020044,-27.930033990370333],[36.11638386723053,-27.936705276205508],[36.12984985426062,-27.94337656204068],[36.14331584129071,-27.950047847875847],[36.15678182832079,-27.95671913371102],[36.17024781535087,-27.963390419546187],[36.183713802380964,-27.97006170538136],[36.197179789411045,-27.97673299121653],[36.21064577644113,-27.983404277051697],[36.22411176347122,-27.99007556288687],[36.23757775050131,-27.99674684872204],[36.251043737531404,-28.003418134557215],[36.2631930622141,-28.00926929458889],[36.276448114429535,-28.01431533609604],[36.290487379799465,-28.01967610929228],[36.3045266451694,-28.025036882488525],[36.31856591053934,-28.030397655684773],[36.33260517590928,-28.035758428881014],[36.34664444127921,-28.041119202077258],[36.36068370664914,-28.0464799752735],[36.37472297201908,-28.051840748469743],[36.38876223738902,-28.05720152166599],[36.402801502758955,-28.062562294862232],[36.416840768128885,-28.06792306805848],[36.43088003349882,-28.07328384125472],[36.444919298868754,-28.078644614450962],[36.45895856423869,-28.08400538764721],[36.47299782960862,-28.08936616084345],[36.48481154784718,-28.093233227336107],[36.499317927925034,-28.097109543504722],[36.513836461622375,-28.100989110576982],[36.52835499531971,-28.104868677649243],[36.54287352901705,-28.1087482447215],[36.55739206271439,-28.11262781179376],[36.57191059641174,-28.11650737886602],[36.586429130109074,-28.120386945938282],[36.600947663806416,-28.12426651301054],[36.61546619750376,-28.1281460800828],[36.62998473120111,-28.13202564715506],[36.64450326489845,-28.13590521422732],[36.65902179859579,-28.13978478129958],[36.673540332293136,-28.14366434837184],[36.68805886599048,-28.1475439154441],[36.707180112087855,-28.15474797110686],[36.720810188653594,-28.162241770180678],[36.73397644386916,-28.169486670800282],[36.747142699084705,-28.176731571419875],[36.76030895430027,-28.183976472039475],[36.773475209515816,-28.191221372659072],[36.78664146473139,-28.198466273278672],[36.799807719946934,-28.20571117389827],[36.81297397516249,-28.21295607451787],[36.826140230378044,-28.220200975137466],[36.83930648559361,-28.227445875757066],[36.852472740809155,-28.234690776376663],[36.86563899602472,-28.241935676996263],[36.883286543085084,-28.254771438312066],[36.89413363082679,-28.26616719937271],[36.90448783057863,-28.277058912226423],[36.91484203033049,-28.28795062508015],[36.925196230082335,-28.298842337933866],[36.93555042983419,-28.309734050787586],[36.94590462958603,-28.320625763641306],[36.95625882933788,-28.331517476495023],[36.96661302908973,-28.342409189348746],[36.97696722884157,-28.353300902202463],[36.98732142859342,-28.364192615056183],[36.99767562834527,-28.3750843279099],[37.010696799495484,-28.393925045690533],[37.017017168738214,-28.407732086696306],[37.02327175829747,-28.421396601720055],[37.029526347856724,-28.435061116743803],[37.035780937415986,-28.448725631767537],[37.04203552697524,-28.4623901467913],[37.0482901165345,-28.476054661815045],[37.05454470609376,-28.489719176838786],[37.06079929565301,-28.503383691862545],[37.067053885212275,-28.517048206886294],[37.07330847477153,-28.53071272191003],[37.079563064330785,-28.54437723693379],[37.086274234843145,-28.564343106267586],[37.088523244079774,-28.58028104907532],[37.09060194193325,-28.595164525706252],[37.09268063978673,-28.610048002337162],[37.094759337640205,-28.624931478968065],[37.09683803549369,-28.639814955598982],[37.09891673334717,-28.654698432229907],[37.100995431200644,-28.66958190886081],[37.10307412905413,-28.68446538549172],[37.105152826907606,-28.699348862122648],[37.10723152476108,-28.714232338753547],[37.10931022261456,-28.729115815384464],[37.111388920468045,-28.743999292015374],[37.1135832770693,-28.759847347756754],[37.11420095381415,-28.77715620877204],[37.1143116247238,-28.792183737289356],[37.114422295633446,-28.807211265806675],[37.114532966543095,-28.82223879432399],[37.114643637452744,-28.83726632284131],[37.11475430836239,-28.852293851358624],[37.11486497927204,-28.867321379875943],[37.11497565018169,-28.882348908393258],[37.11508632109134,-28.897376436910577],[37.11519699200099,-28.912403965427895],[37.11530766291064,-28.92743149394521],[37.11541833382029,-28.94245902246253],[37.115529004729936,-28.957486550979844],[37.1156403382022,-28.972670469594707],[37.11459066612423,-28.990415726766685],[37.112942516458205,-29.005353011127212],[37.11129436679218,-29.020290295487747],[37.10964621712616,-29.035227579848282],[37.10799806746014,-29.050164864208813],[37.10634991779411,-29.06510214856935],[37.10470176812809,-29.08003943292988],[37.10305361846206,-29.094976717290407],[37.101405468796045,-29.109914001650946],[37.09975731913002,-29.124851286011477],[37.098109169463996,-29.139788570372005],[37.09646101979797,-29.15472585473254],[37.09481287013195,-29.169663139093085],[37.09316472046593,-29.184600423453606],[37.091516570799904,-29.199537707814137],[37.08884870590759,-29.216753195840422],[37.08564814217482,-29.231591167615015],[37.082479035899084,-29.24628115150888],[37.07930992962334,-29.26097113540275],[37.07614082334761,-29.27566111929662],[37.07297171707187,-29.290351103190478],[37.06980261079613,-29.305041087084355],[37.0666335045204,-29.31973107097823],[37.063464398244655,-29.33442105487209],[37.06029529196892,-29.349111038765958],[37.05712618569318,-29.36380102265983],[37.053957079417444,-29.378491006553695],[37.0507879731417,-29.39318099044756],[37.04761886686597,-29.40787097434143],[37.04444976059023,-29.422560958235287],[37.04128065431449,-29.43725094212917],[37.03754615500383,-29.453328656877815],[37.03288096781332,-29.468382101789885],[37.02842265837235,-29.482733489817456],[37.02396434893138,-29.497084877845015],[37.01950603949041,-29.511436265872575],[37.01504773004944,-29.525787653900135],[37.01013895804063,-29.53999910413803],[37.005080031842525,-29.554163908446053],[37.00002110564443,-29.568328712754077],[36.99496217944634,-29.582493517062098],[36.98990325324824,-29.59665832137012],[36.98484432705014,-29.61082312567814],[36.97978540085204,-29.624987929986176],[36.97472647465394,-29.639152734294193],[36.96966754845584,-29.653317538602217],[36.96460862225774,-29.667482342910237],[36.959549696059646,-29.68164714721826],[36.95448450787395,-29.69583206651403],[36.94930208602013,-29.71009599342927],[36.944115940063575,-29.72421471523685],[36.938929794107025,-29.73833343704442],[36.933743648150475,-29.75245215885199],[36.92855750219391,-29.76657088065956],[36.923371356237354,-29.780689602467145],[36.918185210280804,-29.79480832427471],[36.91299906432424,-29.80892704608228],[36.90781291836768,-29.823045767889862],[36.90262677241113,-29.837164489697432],[36.89744062645457,-29.851283211505006],[36.89225448049801,-29.865401933312583],[36.88706833454146,-29.879520655120157],[36.881707837332065,-29.893747589659938],[36.87627006030312,-29.907771319418664],[36.870832283274176,-29.921795049177394],[36.865394506245224,-29.935818778936124],[36.85995672921628,-29.94984250869485],[36.854518952187334,-29.96386623845358],[36.84908117515839,-29.977889968212306],[36.843643398129444,-29.991913697971032],[36.838194982352135,-30.00596824605614],[36.83220586127251,-30.019929834028613],[36.82603712187555,-30.033647744569752],[36.81986838247859,-30.047365655110895],[36.813699643081634,-30.061083565652037],[36.80511276722945,-30.071953968843594],[36.79,-30.07],[36.785838466610905,-30.084838754046284],[36.78167693322179,-30.099677508092583],[36.7775153998327,-30.11451626213886],[36.7733538664436,-30.129355016185137],[36.76919233305449,-30.14419377023142],[36.765030799665396,-30.15903252427771],[36.760869266276266,-30.17387127832404],[36.75497645992528,-30.18777783137754],[36.74784703003005,-30.201018526579137],[36.740717600134815,-30.214259221780733],[36.733588170239585,-30.227499916982328],[36.72645874034435,-30.240740612183924],[36.71932931044912,-30.25398130738552],[36.71219988055388,-30.267222002587115],[36.70507045065865,-30.28046269778871],[36.69794102076339,-30.293703392990356],[36.69081159086818,-30.3069440881919],[36.68368216097295,-30.320184783393497],[36.67655273107768,-30.333425478595156],[36.66942330118247,-30.346666173796702],[36.66229387128724,-30.359906868998294],[36.655164441391975,-30.37314756419994],[36.648035011496766,-30.386388259401485],[36.640905581601544,-30.399628954603067],[36.63377615170631,-30.412869649804662],[36.62664672181106,-30.426110345006272],[36.61951729191583,-30.439351040207868],[36.61013746128167,-30.45447134993306],[36.60158290108951,-30.466839222829115],[36.593028340897376,-30.479207095725123],[36.584473780705245,-30.491574968621133],[36.575919220513114,-30.50394284151714],[36.56736466032098,-30.516310714413148],[36.55881010012885,-30.52867858730916],[36.55025553993671,-30.54104646020518],[36.54170097974462,-30.553414333101127],[36.53314641955249,-30.565782205997138],[36.524591859360356,-30.578150078893163],[36.51344042109572,-30.592028753605945],[36.50356252696754,-30.603367712449053],[36.493684632839376,-30.614706671292144],[36.48380673871121,-30.626045630135234],[36.473928844583035,-30.637384588978325],[36.46405095045483,-30.64872354782145],[36.4541730563267,-30.660062506664506],[36.44429516219853,-30.671401465507596],[36.43441726807033,-30.682740424350722],[36.424539373942196,-30.694079383193777],[36.414661479814036,-30.70541834203685],[36.402026872459516,-30.717881158547815],[36.39097259708204,-30.728076636757866],[36.379918321704565,-30.738272114967913],[36.36886404632709,-30.74846759317796],[36.357809770949615,-30.758663071388007],[36.34675549557214,-30.768858549598054],[36.335701220194665,-30.7790540278081],[36.32464694481719,-30.789249506018148],[36.313592669439736,-30.799444984228177],[36.30253839406226,-30.809640462438225],[36.291484118684785,-30.81983594064827],[36.277821606185356,-30.830973091516256],[36.26576520566862,-30.839961305278326],[36.25370880515188,-30.848949519040396],[36.24165240463515,-30.857937732802466],[36.22959600411841,-30.866925946564535],[36.21753960360167,-30.875914160326605],[36.20548320308494,-30.884902374088675],[36.193426802568226,-30.893890587850727],[36.18137040205146,-30.90287880161281],[36.16931400153473,-30.91186701537488],[36.157257601017996,-30.92085522913695],[36.145201200501255,-30.92984344289902],[36.13314479998452,-30.93883165666109],[36.12108839946779,-30.94781987042316],[36.10903199895105,-30.95680808418523],[36.096975598434334,-30.965796297947282],[36.08491919791758,-30.974784511709366],[36.072862797400845,-30.983772725471436],[36.060806396884104,-30.992760939233506],[36.04874999636737,-31.001749152995576],[36.036693595850636,-31.010737366757645],[36.02379773512509,-31.01859956496611],[36.009726630107224,-31.02488534139952],[35.995655525089354,-31.031171117832933],[35.98158442007148,-31.03745689426635],[35.967513315053615,-31.04374267069976],[35.953442210035746,-31.050028447133176],[35.93937110501787,-31.056314223566584],[35.9253,-31.0626],[35.91261396842998,-31.07074786926649],[35.89992793685995,-31.078895738532985],[35.88724190528993,-31.087043607799473],[35.874555873719906,-31.095191477065967],[35.861869842149886,-31.10333934633246],[35.84918381057986,-31.111487215598952],[35.83649777900984,-31.11963508486544],[35.82381174743981,-31.127782954131934],[35.81112571586979,-31.135930823398425],[35.798439684299765,-31.144078692664916],[35.785753652729746,-31.15222656193141],[35.77306762115972,-31.160374431197898],[35.760381589589706,-31.16852230046439],[35.74769555801968,-31.17667016973088],[35.73500952644966,-31.184818038997374],[35.72232349487963,-31.192965908263865],[35.70963746330961,-31.201113777530356],[35.69695143173958,-31.20926164679685],[35.68426540016956,-31.217409516063345],[35.67157936859954,-31.22555738532983],[35.65889333702951,-31.233705254596327],[35.64620730545949,-31.241853123862818],[35.633521273889464,-31.250000993129312],[35.620793363028646,-31.258072482221053],[35.60760477996897,-31.26530378939062],[35.59441619690932,-31.272535096560183],[35.581227613849656,-31.27976640372975],[35.56803903079,-31.28699771089931],[35.554850447730324,-31.29422901806888],[35.54166186467067,-31.30146032523844],[35.52847328161101,-31.308691632408003],[35.51528469855134,-31.315922939577572],[35.50209611549168,-31.323154246747134],[35.48890753243202,-31.330385553916695],[35.47571894937236,-31.33761686108626],[35.4625303663127,-31.344848168255826],[35.44934178325303,-31.35207947542539],[35.436153200193374,-31.359310782594953],[35.4229646171337,-31.366542089764522],[35.40977603407405,-31.373773396934084],[35.39658745101438,-31.381004704103646],[35.38339886795472,-31.388236011273214],[35.37021028489506,-31.395467318442776],[35.3570217018354,-31.402698625612338],[35.34383311877573,-31.409929932781907],[35.33064453571607,-31.417161239951472],[35.31745595265641,-31.42439254712103],[35.30548021967948,-31.43119685271419],[35.29267370617724,-31.439085055197594],[35.279867192675006,-31.446973257680998],[35.267060679172765,-31.4548614601644],[35.254254165670524,-31.462749662647802],[35.24144765216829,-31.470637865131206],[35.22864113866605,-31.47852606761461],[35.21583462516381,-31.486414270098013],[35.20302811166157,-31.494302472581417],[35.19022159815933,-31.502190675064817],[35.17741508465709,-31.51007887754822],[35.16460857115485,-31.517967080031625],[35.15180205765261,-31.525855282515028],[35.138995544150376,-31.533743484998432],[35.126189030648135,-31.541631687481832],[35.113382517145894,-31.549519889965236],[35.10057600364366,-31.55740809244864],[35.08776949014142,-31.565296294932043],[35.07527361964207,-31.572990000813917],[35.063670457342766,-31.580924984594322],[35.051307749725055,-31.589492013651203],[35.03894504210735,-31.598059042708066],[35.026582334489646,-31.60662607176494],[35.01421962687194,-31.615193100821813],[35.00185691925422,-31.6237601298787],[34.989494211636526,-31.63232715893556],[34.97713150401882,-31.640894187992433],[34.96476879640112,-31.649461217049303],[34.9524060887834,-31.658028246106184],[34.940043381165694,-31.666595275163058],[34.927680673548,-31.675162304219924],[34.915317965930285,-31.683729333276805],[34.90295525831257,-31.69229636233368],[34.890592550694876,-31.70086339139054],[34.87822984307717,-31.709430420447415],[34.86586713545945,-31.717997449504303],[34.85408107736648,-31.726152657698414],[34.84280542520965,-31.73497387296865],[34.830953960439636,-31.744235261056154],[34.819102495669625,-31.75349664914366],[34.807251030899614,-31.762758037231166],[34.7953995661296,-31.77201942531867],[34.78354810135959,-31.781280813406177],[34.77169663658958,-31.790542201493682],[34.75984517181957,-31.799803589581188],[34.74799370704956,-31.809064977668697],[34.73614224227955,-31.818326365756203],[34.72429077750954,-31.82758775384371],[34.71243931273953,-31.836849141931214],[34.700587847969516,-31.84611053001872],[34.688736383199505,-31.855371918106226],[34.676884918429494,-31.86463330619373],[34.66503345365948,-31.873894694281237],[34.65318198888947,-31.883156082368743],[34.642872407721775,-31.891900057726474],[34.631604237254564,-31.901862931851145],[34.620336066787345,-31.911825805975823],[34.60906789632014,-31.92178868010049],[34.59779972585292,-31.93175155422517],[34.586531555385704,-31.94171442834985],[34.57526338491851,-31.95167730247451],[34.563995214451296,-31.961640176599186],[34.552727043984085,-31.971603050723857],[34.541458873516866,-31.981565924848535],[34.53019070304967,-31.991528798973206],[34.51892253258245,-32.00149167309788],[34.50765436211525,-32.011454547222556],[34.49638619164803,-32.02141742134723],[34.48511802118082,-32.0313802954719],[34.47384985071359,-32.04134316959658],[34.46264698042481,-32.05124810441102],[34.45265811535886,-32.06081571322679],[34.44192005585777,-32.07134778826706],[34.43118199635669,-32.081879863307314],[34.420443936855634,-32.09241193834755],[34.409705877354554,-32.10294401338781],[34.39896781785347,-32.11347608842808],[34.38822975835239,-32.12400816346833],[34.37749169885133,-32.13454023850857],[34.36675363935025,-32.14507231354883],[34.35601557984916,-32.1556043885891],[34.345277520348084,-32.16613646362935],[34.334539460847026,-32.17666853866959],[34.32380140134593,-32.18720061370986],[34.31306334184486,-32.197732688750115],[34.302325282343794,-32.20826476379035],[34.29158722284272,-32.21879683883061],[34.28084916334163,-32.22932891387088],[34.270111103840556,-32.23986098891113],[34.25962719272231,-32.25014018994377],[34.24977780135573,-32.260576532219666],[34.239490669084795,-32.27154947330867],[34.22920353681386,-32.28252241439766],[34.21891640454293,-32.293495355486655],[34.208629272272,-32.30446829657565],[34.19834214000105,-32.31544123766465],[34.18805500773012,-32.326414178753645],[34.17776787545919,-32.33738711984264],[34.16748074318826,-32.34836006093163],[34.157193610917325,-32.35933300202063],[34.14690647864639,-32.37030594310962],[34.13661934637546,-32.381278884198615],[34.12633221410453,-32.39225182528761],[34.116045081833605,-32.403224766376596],[34.10575794956267,-32.41419770746559],[34.09547081729173,-32.42517064855459],[34.08518368502081,-32.436143589643585],[34.07489655274988,-32.44711653073258],[34.064609420478945,-32.45808947182157],[34.05432228820801,-32.46906241291057],[34.04443421504063,-32.47965890728064],[34.034742833128945,-32.490743336581794],[34.024841078900344,-32.5020652529257],[34.01493932467174,-32.513387169269635],[34.005037570443136,-32.524709085613544],[33.995135816214535,-32.53603100195746],[33.985234061985935,-32.54735291830138],[33.975332307757334,-32.55867483464529],[33.96543055352873,-32.569996750989205],[33.95552879930014,-32.5813186673331],[33.94562704507154,-32.59264058367702],[33.93572529084294,-32.60396250002093],[33.92582353661433,-32.615284416364844],[33.91592178238573,-32.626606332708754],[33.90602002815713,-32.63792824905267],[33.89611827392852,-32.649250165396595],[33.88621651969992,-32.66057208174051],[33.87631476547132,-32.67189399808442],[33.86641301124273,-32.683215914428324],[33.85651125701412,-32.694537830772255],[33.84660950278552,-32.705859747116165],[33.83670774855692,-32.71718166346008],[33.826805994328325,-32.72850357980398],[33.81739412731161,-32.73939975564014],[33.80787583800756,-32.750940552757164],[33.79830563965281,-32.762544079374244],[33.78873544129809,-32.77414760599131],[33.77916524294335,-32.78575113260839],[33.76959504458861,-32.79735465922546],[33.760024846233875,-32.80895818584254],[33.75045464787914,-32.820561712459615],[33.7408844495244,-32.832165239076694],[33.731314251169664,-32.84376876569377],[33.72174405281493,-32.85537229231084],[33.71217385446019,-32.86697581892792],[33.70260365610545,-32.87857934554499],[33.693033457750715,-32.89018287216207],[33.683463259395964,-32.90178639877915],[33.67389306104124,-32.91338992539622],[33.664322862686504,-32.9249934520133],[33.654752664331774,-32.936596978630355],[33.64518246597704,-32.948200505247435],[33.6356122676223,-32.95980403186451],[33.62604206926756,-32.97140755848158],[33.616471870912825,-32.98301108509866],[33.60690167255809,-32.99461461171573],[33.597331474203344,-33.00621813833281],[33.58776127584861,-33.017821664949885],[33.58027872014596,-33.02750400615358],[33.572058258888745,-33.04009982066558],[33.56383779763153,-33.052695635177585],[33.55561733637431,-33.06529144968959],[33.547396875117094,-33.07788726420159],[33.53917641385988,-33.0904830787136],[33.53095595260266,-33.1030788932256],[33.52273549134544,-33.1156747077376],[33.514515030088226,-33.1282705222496],[33.50629456883101,-33.140866336761604],[33.49807410757379,-33.15346215127361],[33.489853646316575,-33.16605796578561],[33.48163318505936,-33.178653780297616],[33.47341272380214,-33.19124959480962],[33.465192262544925,-33.20384540932162],[33.45697180128772,-33.21644122383361],[33.448751340030505,-33.229037038345616],[33.44053087877329,-33.24163285285762],[33.43231041751607,-33.254228667369624],[33.424089956258854,-33.26682448188163],[33.41586949500163,-33.27942029639363],[33.41094123394918,-33.28912600742336],[33.404894811008624,-33.30289812767136],[33.39884838806804,-33.31667024791941],[33.39280196512748,-33.33044236816742],[33.38675554218691,-33.34421448841545],[33.380709119246355,-33.35798660866345],[33.374662696305776,-33.371758728911495],[33.36861627336521,-33.3855308491595],[33.362569850424634,-33.39930296940755],[33.356523427484085,-33.41307508965554],[33.35047700454351,-33.426847209903585],[33.34443058160295,-33.440619330151584],[33.33838415866237,-33.454391450399626],[33.33233773572181,-33.46816357064763],[33.32629131278123,-33.48193569089568],[33.32024488984068,-33.495707811143674],[33.3141984669001,-33.509479931391716],[33.31245584121425,-33.51807385590676],[33.30997937750397,-33.53290954443119],[33.307502913793684,-33.54774523295562],[33.305026450083396,-33.56258092148005],[33.30254998637311,-33.57741661000447],[33.30007352266283,-33.59225229852888],[33.29759705895254,-33.60708798705333],[33.29512059524225,-33.62192367557776],[33.292644131531965,-33.63675936410219],[33.29016766782168,-33.65159505262662],[33.2876912041114,-33.666430741151046],[33.28521474040111,-33.68126642967547],[33.28273827669082,-33.696102118199896],[33.280577127420415,-33.707958759420535],[33.282497656628664,-33.71689683296568],[33.28532717356216,-33.73166925187474],[33.288156690495654,-33.74644167078384],[33.29098620742916,-33.76121408969292],[33.29381572436265,-33.77598650860199],[33.29664524129615,-33.79075892751105],[33.298533677655776,-33.80571160149116],[33.300336561235966,-33.8206806622959],[33.30213944481614,-33.83564972310062],[33.303942328396325,-33.850618783905354],[33.30574521197651,-33.86558784471009],[33.3075480955567,-33.88055690551482],[33.30935097913688,-33.89552596631955],[33.311153862717056,-33.91049502712427],[33.312956746297246,-33.925464087929015],[33.31475962987743,-33.94043314873375],[33.31656251345761,-33.955402209538484],[33.318365397037795,-33.9703712703432],[33.32016828061798,-33.985340331147945],[33.32197116419816,-34.00030939195268],[33.32377404777835,-34.015278452757414],[33.32557693135853,-34.03024751356214],[33.327379814938716,-34.045216574366876],[33.3291826985189,-34.0601856351716],[33.33098558209909,-34.07515469597634],[33.332788465679265,-34.09012375678107],[33.33459134925945,-34.1050928175858],[33.33639423283964,-34.12006187839053],[33.33819711641982,-34.13503093919527],[33.34,-34.15],[33.33114744045681,-34.1622750998148],[33.32229488091362,-34.17455019962961],[33.313442321370424,-34.1868252994444],[33.30458976182723,-34.19910039925921],[33.29573720228404,-34.211375499074],[33.286884642740844,-34.22365059888881],[33.278032083197644,-34.23592569870362],[33.26917952365446,-34.24820079851841],[33.260326964111265,-34.26047589833322],[33.25147440456807,-34.27275099814801],[33.242621845024864,-34.28502609796283],[33.23376928548168,-34.297301197777614],[33.22491672593848,-34.309576297592436],[33.2160641663953,-34.321851397407215],[33.20679113002156,-34.33374435874779],[33.19667713998678,-34.34487304313984],[33.18656314995196,-34.356001727531954],[33.17644915991717,-34.367130411924016],[33.16633516988237,-34.37825909631609],[33.15622117984757,-34.38938778070818],[33.146107189812774,-34.40051646510025],[33.13599319977797,-34.41164514949233],[33.125879209743175,-34.42277383388441],[33.11576521970836,-34.433902518276504],[33.105651229673576,-34.44503120266857],[33.09553723963876,-34.456159887060664],[33.08542324960398,-34.46728857145273],[33.07530925956916,-34.47841725584482],[33.06519526953439,-34.489545940236866],[33.05508127949956,-34.50067462462898],[33.04496728946478,-34.51180330902104],[33.034853299429976,-34.52293199341312],[33.02473930939518,-34.5340606778052],[33.01462531936036,-34.54518936219729],[33.00451132932558,-34.556318046589354],[32.994397339290764,-34.56744673098145],[32.98428334925598,-34.578575415373514],[32.974169359221165,-34.589704099765605],[32.964055369186376,-34.600832784157674],[32.953941379151566,-34.611961468549765],[32.94382738911678,-34.62309015294183],[32.93371339908198,-34.63421883733391],[32.92359940904718,-34.64534752172599],[32.91348541901237,-34.65647620611808],[32.90337142897759,-34.66760489051012],[32.888950918942406,-34.6808612075732],[32.87696406997064,-34.68994172861835],[32.86497722099892,-34.699022249663464],[32.85299037202715,-34.70810277070861],[32.84100352305543,-34.71718329175373],[32.829016674083675,-34.726263812798855],[32.81702982511191,-34.735344333844004],[32.805042976140165,-34.74442485488913],[32.79305612716842,-34.75350537593427],[32.781069278196696,-34.76258589697938],[32.769082429224945,-34.771666418024516],[32.75709558025318,-34.78074693906966],[32.745108731281434,-34.78982746011479],[32.73312188230969,-34.79890798115992],[32.721135033337966,-34.80798850220504],[32.709148184366214,-34.81706902325017],[32.69716133539445,-34.82614954429532],[32.681683670315635,-34.83708795136646],[32.66731252368495,-34.84409059709675],[32.65378662523147,-34.85066254366902],[32.64026072677799,-34.85723449024128],[32.62673482832451,-34.86380643681355],[32.61320892987102,-34.87037838338582],[32.59968303141752,-34.8769503299581],[32.586157132964054,-34.88352227653036],[32.572631234510574,-34.89009422310262],[32.559105336057094,-34.89666616967489],[32.545579437603614,-34.903238116247145],[32.53205353915012,-34.90981006281942],[32.51852764069665,-34.91638200939168],[32.50500174224318,-34.92295395596394],[32.4914758437897,-34.929525902536206],[32.47794994533624,-34.93609784910846],[32.46442404688276,-34.94266979568072],[32.449594314856256,-34.949829758474536],[32.43191987674863,-34.95496966433333],[32.41738468378932,-34.958825643632835],[32.402849490830015,-34.96268162293234],[32.38831429787071,-34.96653760223184],[32.37377910491139,-34.97039358153134],[32.35924391195208,-34.97424956083084],[32.34470871899281,-34.97810554013033],[32.330173526033505,-34.981961519429824],[32.31563833307416,-34.98581749872934],[32.30110314011485,-34.98967347802884],[32.28656794715553,-34.99352945732834],[32.27203275419623,-34.997385436627845],[32.257497561236924,-35.001241415927346],[32.24296236827762,-35.00509739522685],[32.22842717531831,-35.00895337452635],[32.213891982358994,-35.01280935382585],[32.19935678939969,-35.01666533312535],[32.18034089638729,-35.02052907147757],[32.16535396776583,-35.02176696534125],[32.15036703914437,-35.02300485920493],[32.13538011052291,-35.02424275306861],[32.12039318190145,-35.025480646932294],[32.10540625328002,-35.026718540795976],[32.09041932465856,-35.02795643465966],[32.0754323960371,-35.02919432852334],[32.060445467415605,-35.03043222238702],[32.04545853879414,-35.0316701162507],[32.030471610172675,-35.03290801011438],[32.015484681551214,-35.034145903978064],[32.00049775292976,-35.035383797841746],[31.985510824308292,-35.03662169170543],[31.97052389568683,-35.0378595855691],[31.95553696706537,-35.03909747943278],[31.94055003844391,-35.040335373296465],[31.92556310982245,-35.041573267160146],[31.910576181200987,-35.04281116102383],[31.895641537871164,-35.04406200905295],[31.880657166948787,-35.04533048797757],[31.865672796026377,-35.04659896690219],[31.85068842510394,-35.04786744582681],[31.835704054181562,-35.04913592475143],[31.820719683259153,-35.05040440367605],[31.805735312336743,-35.05167288260067],[31.790750941414338,-35.052941361525285],[31.775766570491896,-35.05420984044991],[31.76078219956952,-35.05547831937453],[31.74579782864711,-35.056746798299145],[31.730813457724672,-35.05801527722377],[31.715829086802295,-35.05928375614839],[31.700844715879885,-35.060552235073004],[31.685860344957476,-35.061820713997626],[31.67087597403507,-35.06308919292224],[31.65596523957022,-35.06437537222423],[31.640984575959624,-35.065686908921656],[31.626003912348995,-35.06699844561909],[31.611023248738437,-35.06830998231651],[31.596042585127837,-35.069621519013936],[31.581061921517243,-35.07093305571136],[31.566081257906646,-35.072244592408786],[31.55110059429605,-35.07355612910621],[31.53611993068546,-35.07486766580364],[31.521139267074858,-35.07617920250106],[31.50615860346426,-35.07749073919849],[31.49117793985367,-35.07880227589591],[31.47619727624307,-35.08011381259334],[31.461326370714122,-35.081432483174915],[31.44635155021949,-35.08280913195915],[31.431376729724832,-35.08418578074338],[31.41640190923013,-35.08556242952762],[31.401427088735502,-35.08693907831186],[31.386452268240838,-35.08831572709609],[31.37147744774614,-35.089692375880325],[31.356502627251515,-35.09106902466456],[31.341527806756847,-35.09244567344879],[31.32655298626215,-35.09382232223303],[31.31157816576752,-35.09519897101727],[31.296793214558733,-35.09663245580529],[31.28182890770034,-35.09811903946263],[31.26686460084194,-35.09960562311997],[31.251900293983514,-35.101092206777324],[31.236935987125147,-35.102578790434656],[31.221859344619062,-35.1029345765786],[31.20672653428913,-35.10272496396584],[31.191593723959198,-35.102515351353084],[31.17646091362924,-35.102305738740334],[31.161328103299333,-35.10209612612758],[31.146195292969395,-35.10188651351481],[31.131062482639464,-35.101676900902056],[31.11592967230953,-35.1014672882893],[31.1007968619796,-35.10125767567654],[31.085664051649655,-35.101048063063786],[31.07053124131973,-35.100838450451036],[31.0553984309898,-35.10062883783827],[31.040265620659866,-35.100419225225515],[31.025132810329932,-35.10020961261276],[31.01,-35.1],[31.01277363902002,-35.114764675069324],[31.015547278040042,-35.12952935013865],[31.01832091706006,-35.14429402520797],[31.021094556080083,-35.15905870027729],[31.0238681951001,-35.173823375346615],[31.026641834120124,-35.18858805041594],[31.02941547314014,-35.20335272548526],[31.032189112160165,-35.21811740055458],[31.03496275118018,-35.232882075623905],[31.0377363902002,-35.247646750693235],[31.040510029220222,-35.26241142576255],[31.04328366824024,-35.27717610083187],[31.046057307260263,-35.291940775901196],[31.04883094628028,-35.30670545097052],[31.051604585300304,-35.32147012603984],[31.05437822432032,-35.33623480110916],[31.057151863340344,-35.35099947617849],[31.05992550236036,-35.36576415124781],[31.062699141380378,-35.38052882631713],[31.065472780400402,-35.395293501386455],[31.06824641942042,-35.41005817645578],[31.071020058440443,-35.4248228515251],[31.07379369746046,-35.43958752659442],[31.076559561517335,-35.4543011274258],[31.07949234229367,-35.46882426208645],[31.082550297697708,-35.48353268185416],[31.08560825310174,-35.49824110162186],[31.088666208505778,-35.512949521389565],[31.091724163909813,-35.527657941157265],[31.09478211931385,-35.54236636092497],[31.097840074717887,-35.55707478069267],[31.100898030121925,-35.57178320046038],[31.103955985525957,-35.58649162022808],[31.106993104445763,-35.60107985753288],[31.110239563077602,-35.615510117312034],[31.113574142236473,-35.63015830099293],[31.116908721395344,-35.64480648467382],[31.120243300554215,-35.659454668354726],[31.123577879713086,-35.67410285203562],[31.126912458871956,-35.68875103571652],[31.130247038030827,-35.70339921939741],[31.133581617189694,-35.718047403078316],[31.13691619634857,-35.732695586759206],[31.140218516520285,-35.7471767248078],[31.143732704929143,-35.76149876404265],[31.147067297227863,-35.77613921402165],[31.150132953027637,-35.79083576334205],[31.153198608827413,-35.80553231266246],[31.156264264627183,-35.82022886198287],[31.159329920426956,-35.83492541130327],[31.16239557622673,-35.84962196062368],[31.165461232026498,-35.864318509944084],[31.16852688782627,-35.87901505926449],[31.171563944165207,-35.893576375946154],[31.17477073435697,-35.907924121831684],[31.17809981296557,-35.92256324895824],[31.18142889157417,-35.93720237608481],[31.18475797018277,-35.95184150321137],[31.18808704879137,-35.96648063033792],[31.19141612739997,-35.981119757464484],[31.19474520600857,-35.99575888459104],[31.19807428461717,-36.01039801171759],[31.201403363225772,-36.02503713884415],[31.204764742926624,-36.03982026964004],[31.207880740649284,-36.055610175885825],[31.210483680291087,-36.07039569287478],[31.213086619932895,-36.08518120986375],[31.2156895595747,-36.099966726852706],[31.218292499216503,-36.11475224384167],[31.22089543885831,-36.12953776083063],[31.223498378500114,-36.144323277819595],[31.226101318141918,-36.15910879480855],[31.228704257783725,-36.173894311797525],[31.23130719742553,-36.18867982878648],[31.233910137067333,-36.20346534577545],[31.23651307670914,-36.21825086276441],[31.239116016350945,-36.233036379753365],[31.241764756187646,-36.24809062870261],[31.244065065712157,-36.26338742060218],[31.246235650911707,-36.278242566757676],[31.24840623611126,-36.29309771291318],[31.250576821310815,-36.30795285906868],[31.252747406510366,-36.322808005224175],[31.25491799170992,-36.33766315137967],[31.257088576909474,-36.35251829753518],[31.259259162109025,-36.367373443690674],[31.26142974730858,-36.38222858984617],[31.26360033250813,-36.397083736001676],[31.265770917707684,-36.41193888215717],[31.267941502907238,-36.42679402831267],[31.27011208810679,-36.44164917446817],[31.272282673306343,-36.45650432062367],[31.274453258505893,-36.47135946677917],[31.276623843705448,-36.48621461293467],[31.278803833803135,-36.50113472073609],[31.280857397115554,-36.516424974069736],[31.282741808946817,-36.531319127266876],[31.284626220778076,-36.54621328046403],[31.286510632609335,-36.56110743366117],[31.288395044440595,-36.57600158685832],[31.290279456271854,-36.59089574005546],[31.292163868103113,-36.6057898932526],[31.294048279934373,-36.620684046449746],[31.295932691765632,-36.635578199646886],[31.29781710359689,-36.650472352844034],[31.29970151542815,-36.665366506041174],[31.30158592725941,-36.68026065923832],[31.30347033909067,-36.69515481243546],[31.30535475092193,-36.7100489656326],[31.307239162753188,-36.72494311882974],[31.309123574584447,-36.73983727202688],[31.31100798641571,-36.75473142522403],[31.31289239824697,-36.76962557842117],[31.31477681007823,-36.784519731618325],[31.316661221909488,-36.799413884815465],[31.318558860064336,-36.81441440791294],[31.32030846998659,-36.82955994603987],[31.321989682987866,-36.8444784020677],[31.323670895989146,-36.85939685809553],[31.325352108990423,-36.87431531412334],[31.3270333219917,-36.88923377015117],[31.32871453499298,-36.904152226178994],[31.330395747994256,-36.919070682206815],[31.332076960995533,-36.933989138234644],[31.333758173996813,-36.94890759426246],[31.33543938699809,-36.963826050290294],[31.33712059999937,-36.978744506318115],[31.338801813000646,-36.99366296234593],[31.340483026001923,-37.00858141837376],[31.342164239003203,-37.02349987440159],[31.34384545200448,-37.0384183304294],[31.34552666500576,-37.05333678645723],[31.347207878007037,-37.068255242485044],[31.348889091008314,-37.08317369851288],[31.350570304009594,-37.0980921545407],[31.35225151701087,-37.113010610568516],[31.353932730012147,-37.127929066596344],[31.355613943013427,-37.14284752262417],[31.357295156014704,-37.15776597865199],[31.358976369015984,-37.172684434679816],[31.36100621261559,-37.18450721148651],[31.36456471629603,-37.19876255545808],[31.368198716457584,-37.21332898433532],[31.371832716619142,-37.22789541321256],[31.375466716780696,-37.242461842089796],[31.379100716942247,-37.25702827096702],[31.3827347171038,-37.27159469984426],[31.386368717265356,-37.286161128721496],[31.39000271742691,-37.300727557598734],[31.393636717588468,-37.31529398647597],[31.397270717750022,-37.32986041535321],[31.400904717911576,-37.34442684423045],[31.404538718073134,-37.358993273107686],[31.408172718234688,-37.373559701984924],[31.411806718396242,-37.388126130862155],[31.415440718557793,-37.402692559739386],[31.419074718719347,-37.417258988616624],[31.4227087188809,-37.43182541749386],[31.42634271904246,-37.4463918463711],[31.429976719204014,-37.46095827524834],[31.433610719365568,-37.475524704125576],[31.437244719527126,-37.490091133002814],[31.44087871968868,-37.504657561880045],[31.444512719850234,-37.51922399075728],[31.448146720011785,-37.533790419634514],[31.4517116264445,-37.54808633573813],[31.455481089338445,-37.55987173294823],[31.460773745244094,-37.573920740061695],[31.466066401149742,-37.587969747175165],[31.47135905705539,-37.60201875428863],[31.47665171296104,-37.6160677614021],[31.48194436886669,-37.63011676851556],[31.48723702477234,-37.64416577562903],[31.49252968067799,-37.65821478274249],[31.49782233658364,-37.672263789855954],[31.503114992489284,-37.68631279696942],[31.50840764839493,-37.700361804082874],[31.513700304300578,-37.71441081119634],[31.518992960206226,-37.7284598183098],[31.524285616111875,-37.74250882542327],[31.529578272017524,-37.75655783253674],[31.534870927923173,-37.770606839650206],[31.54016358382882,-37.78465584676366],[31.545456239734474,-37.79870485387713],[31.550748895640123,-37.8127538609906],[31.556041551545768,-37.82680286810406],[31.561334207451413,-37.84085187521752],[31.56662686335706,-37.85490088233098],[31.57191951926271,-37.86894988944445],[31.57721217516836,-37.882998896557915],[31.582504831074008,-37.89704790367138],[31.587797486979657,-37.91109691078485],[31.593090142885305,-37.925145917898305],[31.598130409844206,-37.938552036195254],[31.603720449552792,-37.95050808642617],[31.61038494958329,-37.9639606418248],[31.61704944961378,-37.977413197223434],[31.623713949644277,-37.990865752622064],[31.63037844967477,-38.0043183080207],[31.637042949705265,-38.01777086341934],[31.64370744973576,-38.031223418817966],[31.650371949766253,-38.0446759742166],[31.65703644979675,-38.05812852961523],[31.663700949827245,-38.07158108501387],[31.670365449857737,-38.0850336404125],[31.677029949888233,-38.098486195811134],[31.68369444991873,-38.11193875120977],[31.69035894994922,-38.1253913066084],[31.697023449979717,-38.138843862007036],[31.703687950010217,-38.15229641740567],[31.710352450040705,-38.1657489728043],[31.7170169500712,-38.17920152820294],[31.723681450101697,-38.192654083601575],[31.73034595013219,-38.206106639000204],[31.737010450162686,-38.21955919439883],[31.743674950193178,-38.23301174979747],[31.750339450223674,-38.2464643051961],[31.75700395025417,-38.259916860594736],[31.763668450284662,-38.27336941599337],[31.770332950315158,-38.286821971392],[31.776997450345654,-38.30027452679064],[31.783661950376146,-38.31372708218927],[31.790326450406642,-38.3271796375879],[31.79676559041829,-38.34018845423434],[31.80342524560418,-38.35178403836288],[31.811209208806353,-38.364621356006246],[31.818993172008533,-38.37745867364963],[31.826777135210715,-38.390295991293],[31.834561098412884,-38.403133308936376],[31.84234506161506,-38.41597062657975],[31.850129024817235,-38.428807944223124],[31.857912988019415,-38.441645261866505],[31.86569695122159,-38.454482579509886],[31.873480914423766,-38.46731989715325],[31.88126487762594,-38.48015721479663],[31.88904884082812,-38.492994532440015],[31.896832804030293,-38.50583185008338],[31.904616767232472,-38.51866916772676],[31.91240073043465,-38.53150648537014],[31.920184693636827,-38.54434380301352],[31.927968656839,-38.557181120656885],[31.935752620041175,-38.57001843830026],[31.94353658324335,-38.58285575594363],[31.951320546445537,-38.59569307358702],[31.959104509647705,-38.60853039123039],[31.96688847284988,-38.62136770887376],[31.974672436052057,-38.63420502651714],[31.98245639925424,-38.647042344160525],[31.990240362456415,-38.6598796618039],[31.998024325658587,-38.672716979447266],[32.00580828886076,-38.68555429709064],[32.01359225206294,-38.69839161473403],[32.021376215265114,-38.711228932377395],[32.02916017846729,-38.72406625002077],[32.036944141669466,-38.73690356766415],[32.04472810487165,-38.74974088530753],[32.05150912606386,-38.7604647135248],[32.06026566012268,-38.771083170126964],[32.06979088575139,-38.78268734541571],[32.079316111380095,-38.79429152070446],[32.0888413370088,-38.80589569599321],[32.09836656263751,-38.81749987128195],[32.107891788266215,-38.829104046570706],[32.11741701389492,-38.84070822185945],[32.12694223952363,-38.85231239714821],[32.136467465152336,-38.86391657243695],[32.14599269078104,-38.875520747725695],[32.15551791640975,-38.88712492301445],[32.165043142038456,-38.89872909830319],[32.17456836766716,-38.910333273591945],[32.18409359329587,-38.92193744888069],[32.19361881892458,-38.933541624169436],[32.203144044553284,-38.94514579945819],[32.21266927018199,-38.956749974746934],[32.2221944958107,-38.96835415003568],[32.231719721439404,-38.97995832532443],[32.24124494706811,-38.99156250061318],[32.25077017269682,-39.00316667590193],[32.26029539832552,-39.01477085119067],[32.269820623954224,-39.026375026479414],[32.27934584958293,-39.03797920176817],[32.288871075211645,-39.04958337705692],[32.29839630084035,-39.06118755234567],[32.307921526469045,-39.07279172763441],[32.316777966009546,-39.08361449604142],[32.32510572637233,-39.091364404375966],[32.33659922781625,-39.10102288417191],[32.348092729260166,-39.11068136396785],[32.35958623070406,-39.12033984376378],[32.37107973214798,-39.12999832355972],[32.3825732335919,-39.13965680335565],[32.39406673503582,-39.149315283151594],[32.40556023647972,-39.158973762947525],[32.41705373792364,-39.16863224274346],[32.42854723936755,-39.178290722539394],[32.44004074081147,-39.18794920233533],[32.451534242255384,-39.19760768213127],[32.46302774369929,-39.20726616192721],[32.47452124514321,-39.216924641723146],[32.486014746587124,-39.22658312151908],[32.49750824803104,-39.236241601315015],[32.50900174947495,-39.24590008111095],[32.52049525091887,-39.2555585609069],[32.53198875236278,-39.26521704070283],[32.543482253806694,-39.27487552049876],[32.55497575525061,-39.2845340002947],[32.56646925669452,-39.294192480090636],[32.57796275813843,-39.303850959886574],[32.58945625958235,-39.31350943968251],[32.60051255368986,-39.32280887683307],[32.60871942000447,-39.328043652466214],[32.62211377681999,-39.33482436134568],[32.63550813363552,-39.34160507022515],[32.64890249045104,-39.34838577910462],[32.662296847266575,-39.355166487984086],[32.6756912040821,-39.361947196863554],[32.689085560897624,-39.368727905743015],[32.70247991771315,-39.37550861462248],[32.71587427452868,-39.38228932350195],[32.729268631344205,-39.38907003238142],[32.74266298815973,-39.39585074126088],[32.75605734497527,-39.402631450140355],[32.76945170179079,-39.40941215901982],[32.782846058606324,-39.41619286789929],[32.79624041542185,-39.42297357677876],[32.80963477223738,-39.42975428565823],[32.82302912905291,-39.436534994537695],[32.83642348586843,-39.44331570341716],[32.84981784268396,-39.45009641229663],[32.863212199499486,-39.4568771211761],[32.87660655631502,-39.46365783005557],[32.89000091313054,-39.470438538935035],[32.9022485148156,-39.47667484170152],[32.911473718983274,-39.47935858998119],[32.92616985428793,-39.482426229874875],[32.94086598959256,-39.48549386976856],[32.955562124897206,-39.48856150966225],[32.970258260201845,-39.49162914955594],[32.984954395506506,-39.49469678944963],[32.99965053081114,-39.49776442934331],[33.014346666115785,-39.500832069237006],[33.029042801420424,-39.50389970913069],[33.043738936725084,-39.50696734902438],[33.05843507202972,-39.510034988918065],[33.073131207334356,-39.51310262881176],[33.08782734263902,-39.516170268705444],[33.10252347794366,-39.51923790859913],[33.117219613248295,-39.52230554849282],[33.131915748552935,-39.52537318838651],[33.146611883857595,-39.528440828280196],[33.16130801916223,-39.53150846817388],[33.176004154466874,-39.53457610806757],[33.19070028977151,-39.53764374796126],[33.205396425076174,-39.54071138785495],[33.219990501363874,-39.54375794605866],[33.23401638762788,-39.546395339212175],[33.24880762735672,-39.54896555996023],[33.26359886708556,-39.551535780708285],[33.2783901068144,-39.55410600145633],[33.29318134654324,-39.55667622220439],[33.30797258627208,-39.55924644295244],[33.32276382600092,-39.5618166637005],[33.33755506572977,-39.56438688444855],[33.3523463054586,-39.5669571051966],[33.36713754518745,-39.569527325944655],[33.38192878491628,-39.57209754669271],[33.39672002464513,-39.574667767440765],[33.41151126437398,-39.57723798818882],[33.42630250410281,-39.579808208936875],[33.44109374383165,-39.58237842968492],[33.45588498356049,-39.58494865043298],[33.47067622328933,-39.58751887118103],[33.48546746301818,-39.59008909192909],[33.50025870274701,-39.59265931267714],[33.515049942475855,-39.5952295334252],[33.52984118220469,-39.597799754173245],[33.54407193861649,-39.60019038231446],[33.55863515669224,-39.60218488013847],[33.57350892712827,-39.60422393884917],[33.58838269756433,-39.60626299755985],[33.603256468000374,-39.60830205627054],[33.618130238436414,-39.610341114981225],[33.63300400887246,-39.61238017369191],[33.64787777930851,-39.6144192324026],[33.66275154974455,-39.61645829111328],[33.67762532018058,-39.618497349823976],[33.692499090616636,-39.62053640853466],[33.70737286105268,-39.62257546724535],[33.72224663148872,-39.624614525956034],[33.73712040192477,-39.62665358466672],[33.75199417236081,-39.628692643377406],[33.76686794279686,-39.63073170208809],[33.78174171323289,-39.632770760798785],[33.796615483668944,-39.63480981950947],[33.81148925410499,-39.63684887822016],[33.82636302454103,-39.63888793693084],[33.84123679497708,-39.64092699564153],[33.85535004325243,-39.642665437349656],[33.87013244040503,-39.64412223306885],[33.885072902752995,-39.64559511875318],[33.90001336510095,-39.6470680044375],[33.91495382744891,-39.64854089012182],[33.92989428979686,-39.650013775806144],[33.94483475214482,-39.651486661490466],[33.95977521449278,-39.65295954717479],[33.97471567684073,-39.65443243285911],[33.989656139188675,-39.655905318543425],[34.00459660153663,-39.65737820422775],[34.019537063884584,-39.65885108991206],[34.03447752623256,-39.66032397559639],[34.04941798858051,-39.66179686128071],[34.06435845092847,-39.663269746965035],[34.079298913276425,-39.66474263264936],[34.094239375624376,-39.66621551833368],[34.109179837972334,-39.667688404018],[34.12412030032029,-39.66916128970232],[34.139060762668244,-39.670634175386645],[34.15336046497113,-39.67195500377008],[34.16799385516916,-39.6728027375584],[34.18298146490555,-39.67367357726785],[34.19796907464194,-39.674544416977305],[34.21295668437833,-39.675415256686755],[34.22794429411471,-39.67628609639621],[34.24293190385109,-39.67715693610566],[34.25791951358748,-39.67802777581512],[34.27290712332386,-39.678898615524574],[34.28789473306025,-39.67976945523402],[34.302882342796636,-39.68064029494348],[34.31786995253302,-39.68151113465293],[34.33285756226941,-39.682381974362386],[34.34784517200578,-39.683252814071835],[34.36283278174218,-39.68412365378129],[34.37782039147856,-39.68499449349075],[34.39280800121495,-39.6858653332002],[34.40779561095134,-39.686736172909654],[34.42278322068773,-39.687607012619104],[34.437769448060905,-39.68847777204618],[34.45273778864725,-39.68934071903523],[34.46772571563624,-39.69019864272872],[34.482714068863835,-39.69105659082417],[34.497702422091436,-39.691914538919626],[34.512690775319044,-39.692772487015084],[34.52767912854663,-39.693630435110535],[34.54266748177423,-39.69448838320599],[34.55765583500184,-39.695346331301444],[34.57264418822943,-39.6962042793969],[34.587632541457026,-39.69706222749236],[34.60262089468463,-39.69792017558781],[34.61760924791223,-39.69877812368327],[34.63259760113983,-39.69963607177872],[34.64758595436742,-39.70049401987418],[34.66257430759502,-39.701351967969636],[34.67756266082262,-39.70220991606509],[34.69255101405022,-39.703067864160545],[34.707539367277825,-39.703925812256],[34.72252772050542,-39.704783760351454],[34.73750821066707,-39.70564125959989],[34.75248365418131,-39.70648745097781],[34.76747273739045,-39.70733254976446],[34.78246182059959,-39.70817764855111],[34.79745090380874,-39.709022747337755],[34.81243998701788,-39.7098678461244],[34.827429070227026,-39.71071294491105],[34.842418153436164,-39.7115580436977],[34.85740723664531,-39.712403142484355],[34.87239631985445,-39.713248241271],[34.88738540306359,-39.71409334005765],[34.90237448627273,-39.7149384388443],[34.917363569481864,-39.71578353763095],[34.93235265269101,-39.716628636417596],[34.94734173590015,-39.717473735204244],[34.96233081910929,-39.71831883399089],[34.977319902318435,-39.71916393277754],[34.99230898552757,-39.72000903156419],[35.007298068736716,-39.72085413035084],[35.02228715194587,-39.721699229137485],[35.03726268468054,-39.7225415961192],[35.05224481794244,-39.72337346086567],[35.0672346177442,-39.72420575246904],[35.082224417545966,-39.725038044072406],[35.097214217347705,-39.72587033567578],[35.112204017149466,-39.726702627279145],[35.12719381695122,-39.72753491888251],[35.14218361675298,-39.72836721048588],[35.157173416554734,-39.72919950208925],[35.17216321635649,-39.73003179369262],[35.18715301615825,-39.730864085295984],[35.20214281596001,-39.73169637689935],[35.217132615761756,-39.732528668502724],[35.23212241556351,-39.73336096010609],[35.24711221536527,-39.734193251709456],[35.26210201516703,-39.73502554331282],[35.277091814968784,-39.735857834916196],[35.29208161477054,-39.73669012651956],[35.30707141457229,-39.73752241812293],[35.32206121437406,-39.738354709726295],[35.33703252797385,-39.73918061970543],[35.352020554714315,-39.74000001056576],[35.36701105783943,-39.740819536932506],[35.38200156096454,-39.74163906329926],[35.39697706733449,-39.742732905312494],[35.41193757694927,-39.74410106297221],[35.42689808656406,-39.74546922063194],[35.441858596178854,-39.74683737829166],[35.45681910579364,-39.74820553595138],[35.47177961540843,-39.749573693611104],[35.486740125023225,-39.75094185127083],[35.50170063463801,-39.75231000893055],[35.516661144252794,-39.75367816659027],[35.53162165386759,-39.75504632424999],[35.54658216348238,-39.756414481909715],[35.561542673097165,-39.75778263956944],[35.57650318271196,-39.75915079722916],[35.59146369232675,-39.76051895488889],[35.60642420194153,-39.76188711254861],[35.621384711556324,-39.763255270208326],[35.63634522117111,-39.764623427868045],[35.6513057307859,-39.76599158552777],[35.66626624040069,-39.7673597431875],[35.68122675001548,-39.76872790084722],[35.696187259630264,-39.77009605850694],[35.71114776924506,-39.77146421616666],[35.72610827885985,-39.77283237382638],[35.741068788474635,-39.7742005314861],[35.75602929808942,-39.77556868914583],[35.77098980770422,-39.776936846805555],[35.785950317319006,-39.778305004465274],[35.800910826933794,-39.77967316212499],[35.81587133654858,-39.78104131978472],[35.83083184616337,-39.78240947744444],[35.84579235577816,-39.783777635104165],[35.86075286539295,-39.785145792763885],[35.87571337500774,-39.78651395042361],[35.89067388462253,-39.78788210808333],[35.905634394237325,-39.78925026574305],[35.92059490385211,-39.79061842340277],[35.93555541346689,-39.7919865810625],[35.95051592308168,-39.79335473872222],[35.96547643269648,-39.79472289638194],[35.980436942311265,-39.79609105404166],[35.99539745192605,-39.79745921170139],[36.01035796154085,-39.798827369361106],[36.025318471155636,-39.80019552702083],[36.04027898077042,-39.80156368468055],[36.05523949038521,-39.80293184234028],[36.0702,-39.8043]]}}]}
