{
"type": "FeatureCollection",
"name": "land",
"crs": { "type": "name", "properties": { "name": "urn:ogc:def:crs:OGC:1.3:CRS84" } },
"xy_coordinate_resolution": 1e-15,
"features": [
{ "type": "Feature", "properties": { "id": 1587, "height": 13, "biome": 8, "type": "island", "population": 0, "state": 0, "province": 0, "culture": 0, "religion": 0, "neighbors": [ 1588, 1589, 1518, 1517, 1519 ] }, "geometry": { "type": "MultiPolygon", "coordinates": [ [ [ [ -65.6577008394747, -38.362775443346891 ], [ -65.718998915996551, -38.307665943997705 ], [ -65.763663580476333, -38.238239286767623 ], [ -65.79, -38.16 ], [ -65.841229503044673, -38.15300453325424 ], [ -65.888253290428665, -38.131506580857327 ], [ -65.925334094498183, -38.095712715296607 ], [ -65.97, -38.07 ], [ -66.042426675631432, -37.97116141759664 ], [ -66.08, -37.854529800912239 ], [ -66.135, -37.743963427327976 ], [ -66.15, -37.62 ], [ -66.239777260232387, -37.547374336218169 ], [ -66.347196341985381, -37.505 ], [ -66.441599464060701, -37.441155858518648 ], [ -66.51, -37.35 ], [ -66.5, -37.235719704697779 ], [ -66.53, -37.125 ], [ -66.507087555363853, -37.013647772856551 ], [ -66.51, -36.9 ], [ -66.6525, -36.795 ], [ -66.755, -36.65 ], [ -66.8375, -36.486223228956923 ], [ -66.96, -36.36 ], [ -67.05, -36.36 ], [ -67.165050446077586, -36.408627578756331 ], [ -67.288113300621674, -36.43 ], [ -67.383662707998695, -36.505 ], [ -67.5, -36.54 ], [ -67.569346486630337, -36.537536215245218 ], [ -67.635, -36.56 ], [ -67.703806236166344, -36.558817094122865 ], [ -67.77, -36.54 ], [ -67.835657687799994, -36.408133592032648 ], [ -67.93, -36.295 ], [ -68.041390753409829, -36.20361293015592 ], [ -68.13, -36.09 ], [ -68.10527189278325, -36.022162472598112 ], [ -68.099409183509266, -35.950196938830246 ], [ -68.079050158888691, -35.880834064139137 ], [ -68.04, -35.82 ], [ -68.079144963694588, -35.711336430823977 ], [ -68.155, -35.624238136260729 ], [ -68.247609079481748, -35.556378285709094 ], [ -68.31, -35.46 ], [ -68.291569217444547, -35.292001594714463 ], [ -68.24, -35.131055101319141 ], [ -68.200541987293661, -34.974848794196681 ], [ -68.13, -34.83 ], [ -68.04, -34.83 ], [ -67.965, -34.685762543345604 ], [ -67.93, -34.526791404819875 ], [ -67.911731833709155, -34.35981167803731 ], [ -67.86, -34.2 ], [ -67.837726150279977, -34.154139712969886 ], [ -67.80513878576275, -34.114930607118623 ], [ -67.793323588309519, -34.065335374693134 ], [ -67.77, -34.02 ], [ -67.772947535172989, -33.92531158603888 ], [ -67.795, -33.833179764733075 ], [ -67.811323255680023, -33.740518223922955 ], [ -67.86, -33.66 ], [ -67.838899532275363, -33.568353198067463 ], [ -67.795, -33.485183509426328 ], [ -67.797571420803635, -33.390557094492834 ], [ -67.77, -33.3 ], [ -67.818155021996532, -33.184012902296118 ], [ -67.84, -33.060341119284459 ], [ -67.879391583358881, -32.947007981462718 ], [ -67.95, -32.85 ], [ -67.95567965450735, -32.754685802600704 ], [ -67.925, -32.664265597444427 ], [ -67.88141049328955, -32.581269116772084 ], [ -67.86, -32.49 ], [ -67.879797111684155, -32.442692273391515 ], [ -67.914048203858201, -32.404524101929105 ], [ -67.940178583436307, -32.360363569527607 ], [ -67.95, -32.31 ], [ -67.845, -32.1225 ], [ -67.7, -31.975 ], [ -67.535, -31.8475 ], [ -67.41, -31.68 ], [ -67.32, -31.669570181982778 ], [ -67.23, -31.68 ], [ -67.044974395257896, -31.575 ], [ -66.895, -31.43 ], [ -66.7675, -31.265 ], [ -66.6, -31.14 ], [ -66.6, -31.05 ], [ -66.599910255146014, -30.954928530215906 ], [ -66.625, -30.863227400865128 ], [ -66.673112573327884, -30.782471995720975 ], [ -66.69, -30.69 ], [ -66.646722316973481, -30.618242194677958 ], [ -66.62, -30.538818909374779 ], [ -66.572597168128922, -30.472376159241591 ], [ -66.51, -30.42 ], [ -66.503530829517302, -30.283780061445725 ], [ -66.53, -30.15 ], [ -66.53501955000138, -30.013887440740643 ], [ -66.51, -29.88 ], [ -66.548761463088425, -29.771429312376039 ], [ -66.625329983351534, -29.685247487513646 ], [ -66.6893484838549, -29.590159623924546 ], [ -66.78, -29.52 ], [ -66.831122609262124, -29.481122609262115 ], [ -66.87, -29.43 ], [ -66.958317279551594, -29.455144484035667 ], [ -67.05, -29.45 ], [ -67.141781845634739, -29.45603661071253 ], [ -67.23, -29.43 ], [ -67.2766151815743, -29.407141613632767 ], [ -67.328218946462115, -29.401437892924243 ], [ -67.37260977582892, -29.375378260454351 ], [ -67.41, -29.34 ], [ -67.50969875458992, -29.230364492793413 ], [ -67.57, -29.095 ], [ -67.687693962365898, -29.009762402308183 ], [ -67.77, -28.89 ], [ -67.772730420300576, -28.771511016218092 ], [ -67.745, -28.656280298687392 ], [ -67.729208608634352, -28.543118612163365 ], [ -67.68, -28.44 ], [ -67.7575, -28.305981647703472 ], [ -67.795, -28.15 ], [ -67.8871284863, -28.034069661505999 ], [ -67.95, -27.9 ], [ -67.854970937793169, -27.809331118253557 ], [ -67.795, -27.692477126446398 ], [ -67.7175, -27.582080883284906 ], [ -67.68, -27.45 ], [ -67.68, -27.36 ], [ -67.6875, -27.196615879887446 ], [ -67.655, -27.036331822164392 ], [ -67.6425, -26.878553306383925 ], [ -67.59, -26.73 ], [ -67.642242535959298, -26.692242535959288 ], [ -67.68, -26.64 ], [ -67.7125, -26.480818494063417 ], [ -67.705, -26.317476451159784 ], [ -67.7575, -26.168157852499917 ], [ -67.77, -26.01 ], [ -67.731529667046132, -25.9762287023973 ], [ -67.687088501305453, -25.950822997389118 ], [ -67.641469977446292, -25.926195833325274 ], [ -67.59, -25.92 ], [ -67.687482509535627, -25.760849855300592 ], [ -67.75, -25.585 ], [ -67.830644412167345, -25.424377567571078 ], [ -67.95, -25.29 ], [ -67.878986701390801, -25.243063054402544 ], [ -67.797047327686784, -25.22 ], [ -67.746717065776153, -25.156281674537329 ], [ -67.68, -25.11 ], [ -67.6925, -24.995185004889169 ], [ -67.745, -24.893341795186174 ], [ -67.771748118231699, -24.778197426329648 ], [ -67.77, -24.66 ], [ -67.746030766296485, -24.613827889290054 ], [ -67.707708284079942, -24.578645857960026 ], [ -67.688236573643579, -24.53090082778068 ], [ -67.68, -24.48 ], [ -67.589806493450041, -24.410722923108128 ], [ -67.525, -24.31726544393619 ], [ -67.456046949375406, -24.225309516421028 ], [ -67.41, -24.12 ], [ -67.32, -24.106175401047938 ], [ -67.23, -24.12 ], [ -67.139628424902142, -24.024513638573882 ], [ -67.022398763008226, -23.965 ], [ -66.892143480610699, -23.926588166734689 ], [ -66.78, -23.85 ], [ -66.69, -23.860997383249529 ], [ -66.6, -23.85 ], [ -66.468652669287238, -23.75 ], [ -66.31, -23.69 ], [ -66.166863640722823, -23.61 ], [ -66.06, -23.49 ], [ -65.963985563148256, -23.487517443771324 ], [ -65.871954892866412, -23.515 ], [ -65.780570873547617, -23.533197128287441 ], [ -65.7, -23.58 ], [ -65.631494394888023, -23.556898004436945 ], [ -65.570787551118514, -23.517637346644442 ], [ -65.501942996696641, -23.495926777878022 ], [ -65.43, -23.49 ], [ -65.3775, -23.364434415919142 ], [ -65.365, -23.227663294440738 ], [ -65.3725, -23.086478265316615 ], [ -65.34, -22.95 ], [ -65.4225, -22.787150937132363 ], [ -65.545, -22.66 ], [ -65.6475, -22.515 ], [ -65.79, -22.41 ], [ -65.771033961393641, -22.306649442972656 ], [ -65.72, -22.214798569036962 ], [ -65.656653765649821, -22.137970241741495 ], [ -65.61, -22.05 ], [ -65.473958213580872, -22.018919226014997 ], [ -65.334543700880943, -22.025 ], [ -65.196850505408818, -22.0125 ], [ -65.07, -21.96 ], [ -64.97832573196726, -22.031979533856113 ], [ -64.87, -22.075 ], [ -64.804889993367468, -22.167870315734163 ], [ -64.71, -22.23 ], [ -64.599578232444514, -22.1325 ], [ -64.46, -22.075 ], [ -64.306758632621751, -22.0375 ], [ -64.17, -21.96 ], [ -64.113379851380742, -21.991698687040472 ], [ -64.069530505304186, -22.039530505304192 ], [ -64.037915442054569, -22.096216849561841 ], [ -63.99, -22.14 ], [ -63.831067523888223, -22.1275 ], [ -63.683582786320756, -22.075 ], [ -63.519832195882913, -22.0825 ], [ -63.36, -22.05 ], [ -63.246041977920662, -22.043597251607402 ], [ -63.135, -22.07 ], [ -63.021232752185441, -22.074256537913701 ], [ -62.91, -22.05 ], [ -62.797884907223448, -21.959319602708828 ], [ -62.71, -21.845 ], [ -62.61, -21.736379960782362 ], [ -62.55, -21.6 ], [ -62.666664970431967, -21.513758507738505 ], [ -62.75, -21.395 ], [ -62.812452287780182, -21.261040269570735 ], [ -62.91, -21.15 ], [ -62.835001334753102, -21.005801419231236 ], [ -62.8, -20.847078588327676 ], [ -62.745, -20.69025310963557 ], [ -62.73, -20.52 ], [ -62.73, -20.43 ], [ -62.64, -20.43 ], [ -62.551850737300441, -20.456656635703993 ], [ -62.46, -20.45 ], [ -62.371798251567903, -20.42381573588893 ], [ -62.28, -20.43 ], [ -62.18957115882894, -20.521963948536168 ], [ -62.08, -20.59 ], [ -62.010689260928807, -20.69855140874304 ], [ -61.92, -20.79 ], [ -61.921911005015637, -20.859264593335649 ], [ -61.9, -20.925 ], [ -61.917230472068638, -20.991428818952794 ], [ -61.92, -21.06 ], [ -61.744001578070069, -21.16 ], [ -61.541573087091287, -21.22 ], [ -61.385391454321024, -21.34 ], [ -61.2, -21.42 ], [ -61.2575, -21.559142082657925 ], [ -61.355, -21.671518190282193 ], [ -61.430520265572262, -21.808575520749226 ], [ -61.47, -21.96 ], [ -61.540624932344734, -21.979024756043533 ], [ -61.598943441585654, -22.023169675243047 ], [ -61.671545294841401, -22.025683321461766 ], [ -61.74, -22.05 ], [ -61.66, -22.234876452298082 ], [ -61.54, -22.39 ], [ -61.48, -22.593314255686234 ], [ -61.38, -22.77 ], [ -61.289379578136824, -22.747742778122657 ], [ -61.206430800552617, -22.705 ], [ -61.111068269824607, -22.708511649960077 ], [ -61.02, -22.68 ], [ -60.928436426766091, -22.770749141412871 ], [ -60.86, -22.88 ], [ -60.774472337386797, -22.978090421733491 ], [ -60.66, -23.04 ], [ -60.57, -23.04 ], [ -60.522839330066617, -23.018419132045651 ], [ -60.471333867174607, -23.012332265650794 ], [ -60.426858396492733, -22.986135678644811 ], [ -60.39, -22.95 ], [ -60.32420796073108, -22.971528734934797 ], [ -60.255, -22.97 ], [ -60.185679514374399, -22.972288277972815 ], [ -60.12, -22.95 ], [ -60.032358298891815, -23.084932454174783 ], [ -59.915, -23.195 ], [ -59.778245159640143, -23.280463727374798 ], [ -59.67, -23.4 ], [ -59.67, -23.49 ], [ -59.685, -23.681726605935044 ], [ -59.74, -23.865147419871569 ], [ -59.815, -24.02989408305428 ], [ -59.85, -24.21 ], [ -59.85, -24.3 ], [ -59.872344633651153, -24.34696172211434 ], [ -59.87759471983928, -24.398702640080359 ], [ -59.913476643257752, -24.435759420033158 ], [ -59.94, -24.48 ], [ -60.068668890814266, -24.6025 ], [ -60.23, -24.685 ], [ -60.336805668827971, -24.826065644053084 ], [ -60.48, -24.93 ], [ -60.467361177441411, -25.02 ], [ -60.48, -25.11 ], [ -60.425, -25.290060163737152 ], [ -60.41, -25.480091465160893 ], [ -60.375, -25.664935866010662 ], [ -60.3, -25.83 ], [ -60.344640545153091, -25.887256117044998 ], [ -60.365, -25.956944952657125 ], [ -60.389608402079951, -26.026356437379771 ], [ -60.39, -26.1 ], [ -60.399573884989444, -26.19 ], [ -60.39, -26.28 ], [ -60.283684693392608, -26.326516858074104 ], [ -60.19, -26.395 ], [ -60.119714359852168, -26.482527726299008 ], [ -60.03, -26.55 ], [ -59.94, -26.55 ], [ -59.7075, -26.7 ], [ -59.515, -26.89 ], [ -59.3425, -27.1 ], [ -59.13, -27.27 ], [ -59.110568248970708, -27.317782760272667 ], [ -59.102443295529106, -27.368721647764552 ], [ -59.076410312486175, -27.413347092251435 ], [ -59.04, -27.45 ], [ -59.063000585372357, -27.495788422799816 ], [ -59.097315482322152, -27.533842258838924 ], [ -59.105789545169131, -27.584595570269325 ], [ -59.13, -27.63 ], [ -59.152553261040495, -27.6759027612785 ], [ -59.18625448399424, -27.714372758002877 ], [ -59.208477390380779, -27.760298386478144 ], [ -59.22, -27.81 ], [ -59.199441989214598, -27.923617084654879 ], [ -59.155, -28.030183417647876 ], [ -59.159971004219862, -28.146992246639908 ], [ -59.13, -28.26 ], [ -58.970349811629049, -28.3575 ], [ -58.79, -28.415 ], [ -58.593249072675583, -28.4525 ], [ -58.41, -28.53 ], [ -58.410708168247567, -28.603563172276917 ], [ -58.435, -28.673003425212961 ], [ -58.45696108195839, -28.741895792516541 ], [ -58.5, -28.8 ], [ -58.483890360909371, -28.914967035954234 ], [ -58.435, -29.02026030467491 ], [ -58.4425, -29.137343026567873 ], [ -58.41, -29.25 ], [ -58.281670752091792, -29.297985656937666 ], [ -58.145723956356896, -29.315 ], [ -58.010258890126202, -29.3475 ], [ -57.87, -29.34 ], [ -57.713204111639897, -29.480824073296176 ], [ -57.53, -29.585 ], [ -57.358153876367489, -29.7075 ], [ -57.15, -29.79 ], [ -57.06, -29.79 ], [ -57.022856899519702, -29.842856899519699 ], [ -56.97, -29.88 ], [ -56.915, -30.085770233831969 ], [ -56.9, -30.300944433074719 ], [ -56.865, -30.505968953777977 ], [ -56.79, -30.69 ], [ -56.834456528898819, -30.777177414042807 ], [ -56.905, -30.845 ], [ -56.993662932662417, -30.887454308150655 ], [ -57.06, -30.96 ], [ -57.068786020339907, -31.010686314269726 ], [ -57.089132928747027, -31.057933535626489 ], [ -57.124445536812161, -31.095348056418295 ], [ -57.15, -31.14 ], [ -57.130243242981486, -31.22891591588683 ], [ -57.13, -31.32 ], [ -57.128932774564589, -31.411229691715047 ], [ -57.15, -31.5 ], [ -57.227106591606713, -31.612301806295957 ], [ -57.265, -31.74314985468369 ], [ -57.36069925636037, -31.832937592296496 ], [ -57.42, -31.95 ], [ -57.34687411959834, -32.04604252511453 ], [ -57.31, -32.160985381868393 ], [ -57.259843655423353, -32.276053865691381 ], [ -57.24, -32.4 ], [ -57.371707691088346, -32.5 ], [ -57.53, -32.56 ], [ -57.667048167406421, -32.644939790741972 ], [ -57.78, -32.76 ], [ -57.6825, -32.873091228389065 ], [ -57.625, -33.012999007946554 ], [ -57.58274213561613, -33.162606958805803 ], [ -57.51, -33.3 ], [ -57.393039780737169, -33.294498355012614 ], [ -57.27999284074923, -33.325 ], [ -57.1653041684702, -33.34161904883134 ], [ -57.06, -33.39 ], [ -56.987626835445944, -33.38569046883952 ], [ -56.918140495021426, -33.365 ], [ -56.860389464884328, -33.320042343963024 ], [ -56.79, -33.3 ], [ -56.7325, -33.11297838300694 ], [ -56.635, -32.954913411070301 ], [ -56.597214281488057, -32.761409596244896 ], [ -56.52, -32.58 ], [ -56.43, -32.58 ], [ -56.396289055979821, -32.541537005990385 ], [ -56.373221727738802, -32.495889136130593 ], [ -56.347845228578848, -32.450981508023581 ], [ -56.34, -32.4 ], [ -56.181318819491857, -32.345 ], [ -56.011643643679349, -32.33 ], [ -55.851969274524279, -32.295 ], [ -55.71, -32.22 ], [ -55.509593056309427, -32.303209079988207 ], [ -55.33, -32.425 ], [ -55.14067308236524, -32.5275 ], [ -54.99, -32.67 ], [ -55.019407824959956, -32.759984427578559 ], [ -55.016561729738839, -32.854609567565291 ], [ -55.032858998105922, -32.947882833497751 ], [ -55.08, -33.03 ], [ -55.070900872500928, -33.080549607032033 ], [ -55.0492589448085, -33.127129472404256 ], [ -55.013199092254283, -33.163966508660209 ], [ -54.99, -33.21 ], [ -55.0425, -33.359644564393776 ], [ -55.055, -33.519779853441641 ], [ -55.0875, -33.67772937074654 ], [ -55.08, -33.84 ], [ -55.17, -33.84 ], [ -55.143393041456441, -33.976171722515609 ], [ -55.145, -34.114909193805971 ], [ -55.1325, -34.253898837508714 ], [ -55.08, -34.38 ], [ -54.967292437404218, -34.435 ], [ -54.841756773254062, -34.45 ], [ -54.728630048897486, -34.491046503553953 ], [ -54.63, -34.56 ], [ -54.59548411562033, -34.614387312222711 ], [ -54.550013850620452, -34.660013850620452 ], [ -54.49302708019782, -34.691279399459297 ], [ -54.45, -34.74 ], [ -54.302458286094222, -34.725 ], [ -54.165040039165909, -34.67 ], [ -54.048104537568349, -34.595 ], [ -53.91, -34.56 ], [ -53.845700659237195, -34.637306434933777 ], [ -53.8, -34.726872834046297 ], [ -53.752983778277944, -34.819081071588499 ], [ -53.73, -34.92 ], [ -53.574124075536446, -34.8425 ], [ -53.395670256344168, -34.805 ], [ -53.256061475965502, -34.71180782992996 ], [ -53.1, -34.65 ], [ -53.05334531733272, -34.743461338415351 ], [ -53.03, -34.845278219883049 ], [ -52.958877152463813, -34.916872390278087 ], [ -52.92, -35.01 ], [ -52.73562168968089, -35.0175 ], [ -52.554150775534723, -34.985 ], [ -52.371041984123437, -34.9725 ], [ -52.2, -34.92 ], [ -52.2, -34.83 ], [ -52.066071420068056, -34.854464170918817 ], [ -51.93, -34.85 ], [ -51.793712160428129, -34.857385834220246 ], [ -51.66, -34.83 ], [ -51.579024341249301, -34.783221302038321 ], [ -51.48730036376724, -34.765 ], [ -51.391817627373968, -34.766229525051209 ], [ -51.3, -34.74 ], [ -51.21, -34.74 ], [ -51.163894010948603, -34.826016810932366 ], [ -51.091825487042016, -34.891825487042013 ], [ -51.023371724506177, -34.960495718669911 ], [ -50.94, -35.01 ], [ -50.799743288559498, -35.0025 ], [ -50.66337371432553, -35.035 ], [ -50.537783248326058, -35.0875 ], [ -50.4, -35.1 ], [ -50.365, -35.218089225969308 ], [ -50.29, -35.314639955695988 ], [ -50.275, -35.438470326389911 ], [ -50.22, -35.55 ], [ -50.22, -35.64 ], [ -50.179325823023163, -35.791672309129872 ], [ -50.105, -35.93 ], [ -50.046107827076334, -36.06653685278733 ], [ -49.95, -36.18 ], [ -49.898101113881644, -36.218101113881644 ], [ -49.86, -36.27 ], [ -49.830707391258663, -36.384470075002405 ], [ -49.835, -36.502550676745962 ], [ -49.816749165562904, -36.61553470210761 ], [ -49.77, -36.72 ], [ -49.661458745182394, -36.82 ], [ -49.525, -36.88 ], [ -49.408649447332159, -36.965803183515462 ], [ -49.32, -37.08 ], [ -49.23, -37.08 ], [ -49.097731743077695, -36.9825 ], [ -48.935, -36.925 ], [ -48.760784495859681, -36.887062555539181 ], [ -48.6, -36.81 ], [ -48.48678440481109, -36.755 ], [ -48.360940187025619, -36.74 ], [ -48.247357623674873, -36.700556780953228 ], [ -48.15, -36.63 ], [ -48.06, -36.63 ], [ -47.979687559262679, -36.652013189734994 ], [ -47.912195175607458, -36.700792763411187 ], [ -47.842484620388028, -36.74575908019758 ], [ -47.79, -36.81 ], [ -47.67146279126495, -36.8025 ], [ -47.557450802152005, -36.835 ], [ -47.453099546868103, -36.882133254018797 ], [ -47.34, -36.9 ], [ -47.301285126428823, -36.951285126428822 ], [ -47.25, -36.99 ], [ -47.058127273101753, -37.005 ], [ -46.875506889396185, -37.06 ], [ -46.70998619983073, -37.135 ], [ -46.53, -37.17 ], [ -46.491781641805062, -37.118218358194937 ], [ -46.44, -37.08 ], [ -46.243943554852208, -37.1175 ], [ -46.06, -37.195 ], [ -45.875405732178514, -37.2525 ], [ -45.72, -37.35 ], [ -45.646726922313114, -37.438825108762167 ], [ -45.605, -37.546145693062627 ], [ -45.542196987844207, -37.641975643219602 ], [ -45.45, -37.71 ], [ -45.412903200279523, -37.762903200279517 ], [ -45.36, -37.8 ], [ -45.337517208423392, -37.901556188078587 ], [ -45.29, -37.994083212010956 ], [ -45.222504378092481, -38.068757221848301 ], [ -45.18, -38.16 ], [ -45.043714785915355, -38.215 ], [ -44.894038683668121, -38.23 ], [ -44.774925652359144, -38.303259170167856 ], [ -44.64, -38.34 ], [ -44.489200257188678, -38.2175 ], [ -44.305, -38.135 ], [ -44.17249283150835, -37.994447406959331 ], [ -44.01, -37.89 ], [ -43.85137077590894, -37.8775 ], [ -43.701335431860166, -37.825 ], [ -43.539363101210675, -37.829268757370897 ], [ -43.38, -37.8 ], [ -43.29, -37.8 ], [ -43.29, -37.89 ], [ -43.165734112389266, -37.905 ], [ -43.05342813119092, -37.96 ], [ -42.952420782225701, -38.026072489687536 ], [ -42.84, -38.07 ], [ -42.723779421964821, -38.182073926428586 ], [ -42.64, -38.320091302867894 ], [ -42.54, -38.449435039305747 ], [ -42.48, -38.61 ], [ -42.535, -38.793272341384139 ], [ -42.55, -38.987601226214302 ], [ -42.625, -39.150859028062449 ], [ -42.66, -39.33 ], [ -42.66, -39.42 ], [ -42.615842995895377, -39.502000647020665 ], [ -42.595, -39.592772430331387 ], [ -42.59817459250106, -39.688479201862158 ], [ -42.57, -39.78 ], [ -42.551597245873218, -39.846255147536766 ], [ -42.55, -39.915 ], [ -42.56704402803777, -39.981456440290707 ], [ -42.57, -40.05 ], [ -42.5675101177832, -40.122603020944489 ], [ -42.543526785119013, -40.191175595039674 ], [ -42.524280138231447, -40.26176014206073 ], [ -42.48, -40.32 ], [ -42.503170115894044, -40.409415954259082 ], [ -42.545, -40.491770844473855 ], [ -42.546444341877162, -40.587353799717015 ], [ -42.57, -40.68 ], [ -42.463301671266052, -40.861157963631385 ], [ -42.32, -41.015 ], [ -42.156127012936537, -41.143946894073217 ], [ -42.03, -41.31 ], [ -42.13, -41.461668128608387 ], [ -42.19, -41.645 ], [ -42.31, -41.773291240538263 ], [ -42.39, -41.94 ], [ -42.434664374180151, -41.965765320871007 ], [ -42.471656877667307, -42.0016862446654 ], [ -42.522741213577319, -42.009199417236431 ], [ -42.57, -42.03 ], [ -42.673335733772035, -41.9775 ], [ -42.789488795930765, -41.965 ], [ -42.907139008026483, -41.9725 ], [ -43.02, -41.94 ], [ -43.110752313011567, -41.967103596004783 ], [ -43.205442133568951, -41.965 ], [ -43.297072409936668, -41.985814443434535 ], [ -43.38, -42.03 ], [ -43.415910098162634, -41.992655339438343 ], [ -43.461896953302215, -41.968793906604432 ], [ -43.512854943142045, -41.960892430757127 ], [ -43.56, -41.94 ], [ -43.611295113644097, -41.978704886355906 ], [ -43.65, -42.03 ], [ -43.760935203853336, -42.002396043349968 ], [ -43.875, -42.01 ], [ -43.989002690304332, -42.003094734076207 ], [ -44.1, -42.03 ], [ -44.147869175347076, -42.074766760039424 ], [ -44.207031531615876, -42.102968468384127 ], [ -44.235131894763754, -42.162199916477356 ], [ -44.28, -42.21 ], [ -44.503216988845807, -42.24 ], [ -44.73, -42.23 ], [ -44.956668820264269, -42.24 ], [ -45.18, -42.21 ], [ -45.245650643067933, -42.132014310039835 ], [ -45.29, -42.040227005288536 ], [ -45.335211247847425, -41.948871051937729 ], [ -45.36, -41.85 ], [ -45.397172856025747, -41.797172856025746 ], [ -45.45, -41.76 ], [ -45.561085433369129, -41.815 ], [ -45.684820169935421, -41.83 ], [ -45.799111317575921, -41.87189118096493 ], [ -45.9, -41.94 ], [ -45.952241143434648, -42.089411251388917 ], [ -45.965, -42.247177124403663 ], [ -45.9575, -42.410769834270639 ], [ -45.99, -42.57 ], [ -45.962161132757004, -42.647488775646963 ], [ -45.915753277846427, -42.715502185230946 ], [ -45.872826832917255, -42.786203173738585 ], [ -45.81, -42.84 ], [ -45.831830802601296, -42.908852045876515 ], [ -45.870586023240392, -42.96980465891987 ], [ -45.893015862530206, -43.038282020572098 ], [ -45.9, -43.11 ], [ -45.897277365179129, -43.183067525708367 ], [ -45.875, -43.252709431585409 ], [ -45.852220972316545, -43.3213186593782 ], [ -45.81, -43.38 ], [ -45.9325, -43.510368006451039 ], [ -46.015, -43.67 ], [ -46.120344821117484, -43.811812075304864 ], [ -46.26, -43.92 ], [ -46.377774374882627, -43.915125197725565 ], [ -46.491800965050324, -43.945 ], [ -46.597195256943586, -43.989938102248793 ], [ -46.71, -44.01 ], [ -46.71, -43.92 ], [ -46.77, -43.78431387963775 ], [ -46.87, -43.675 ], [ -46.955488774988083, -43.558342707305449 ], [ -47.07, -43.47 ], [ -47.190692319737828, -43.337860088090537 ], [ -47.275, -43.18 ], [ -47.411194764584799, -43.068420869293099 ], [ -47.52, -42.93 ], [ -47.586360940325925, -42.947543347131145 ], [ -47.655, -42.947071206726179 ], [ -47.721273429104322, -42.928835816255337 ], [ -47.79, -42.93 ], [ -47.88, -42.93 ], [ -48.015610239967103, -42.9175 ], [ -48.141142873940431, -42.865 ], [ -48.283015552316535, -42.8725 ], [ -48.42, -42.84 ], [ -48.46974679883526, -42.851398013620653 ], [ -48.515069581672925, -42.874860836654157 ], [ -48.553517816017155, -42.908617732952685 ], [ -48.6, -42.93 ], [ -48.70001650979583, -42.905574163671396 ], [ -48.792336168145191, -42.86 ], [ -48.866401237256333, -42.790113209433159 ], [ -48.96, -42.75 ], [ -49.0375, -42.617159553957599 ], [ -49.075, -42.464849043420479 ], [ -49.135526128074517, -42.327100958736885 ], [ -49.23, -42.21 ], [ -49.265531379303383, -42.247861052384465 ], [ -49.311471575007076, -42.272056849985823 ], [ -49.363173399566492, -42.277433328263115 ], [ -49.41, -42.3 ], [ -49.56119083980812, -42.135 ], [ -49.75, -42.01 ], [ -49.957548284498948, -41.905 ], [ -50.13, -41.76 ], [ -50.180310912740588, -41.720310912740594 ], [ -50.22, -41.67 ], [ -50.189360591267757, -41.578994277157499 ], [ -50.195, -41.48313494257448 ], [ -50.149076129191627, -41.401607191112539 ], [ -50.13, -41.31 ], [ -50.13, -41.22 ], [ -50.304621464663938, -41.12 ], [ -50.51, -41.06 ], [ -50.660452252047406, -40.94 ], [ -50.85, -40.86 ], [ -50.94, -40.86 ], [ -51.142482740170294, -40.895 ], [ -51.333568844875792, -40.97 ], [ -51.535358889954907, -41.025 ], [ -51.75, -41.04 ], [ -51.823054404467705, -40.901168125909599 ], [ -51.865, -40.75 ], [ -51.928372429520657, -40.616240906302806 ], [ -52.02, -40.5 ], [ -52.138792435198582, -40.495382897624992 ], [ -52.25392621626068, -40.525 ], [ -52.356981731849181, -40.574059151096918 ], [ -52.47, -40.59 ], [ -52.5525, -40.426731629178178 ], [ -52.675, -40.3 ], [ -52.816751621100629, -40.193866588678617 ], [ -52.92, -40.05 ], [ -53.0760969395606, -40.02 ], [ -53.235, -40.03 ], [ -53.394112372210053, -40.02 ], [ -53.55, -40.05 ], [ -53.603855048160284, -40.013855048160288 ], [ -53.64, -39.96 ], [ -53.73, -39.94386709875139 ], [ -53.82, -39.96 ], [ -53.84840954751197, -39.90099630151564 ], [ -53.893610835643521, -39.853610835643529 ], [ -53.940669340866599, -39.807936993846141 ], [ -54.0, -39.78 ], [ -54.170977168347967, -39.7275 ], [ -54.351230310420384, -39.715 ], [ -54.53344557562059, -39.6825 ], [ -54.72, -39.69 ], [ -54.834282173902565, -39.736880825979114 ], [ -54.955623555586534, -39.76 ], [ -55.069159297371101, -39.802629466564177 ], [ -55.17, -39.87 ], [ -55.239507302090963, -39.846864645161979 ], [ -55.312740032381896, -39.845 ], [ -55.370449797231821, -39.800909125030302 ], [ -55.44, -39.78 ], [ -55.599224804766834, -39.77 ], [ -55.755, -39.8 ], [ -55.911446972170012, -39.773414811677753 ], [ -56.07, -39.78 ], [ -56.116788153185439, -39.758898245389766 ], [ -56.154588749270296, -39.724177498540598 ], [ -56.198981882689345, -39.697841466318756 ], [ -56.25, -39.69 ], [ -56.318620886360193, -39.690225861826818 ], [ -56.385, -39.707623859723576 ], [ -56.454151370392168, -39.711461542741112 ], [ -56.52, -39.69 ], [ -56.55818688896462, -39.741813111035377 ], [ -56.61, -39.78 ], [ -56.747635491695704, -39.7925 ], [ -56.873336412922697, -39.845 ], [ -57.013003373734314, -39.842724313316573 ], [ -57.15, -39.87 ], [ -57.24, -39.87 ], [ -57.424954485766669, -39.863871328025056 ], [ -57.607373586209761, -39.895 ], [ -57.778394735846788, -39.9475 ], [ -57.96, -39.96 ], [ -58.125, -39.855 ], [ -58.25, -39.71 ], [ -58.355, -39.5463959981222 ], [ -58.5, -39.42 ], [ -58.477397833012802, -39.354366987701809 ], [ -58.48, -39.285 ], [ -58.499231811090915, -39.218867675717178 ], [ -58.5, -39.15 ], [ -58.549464934046739, -39.137825486499104 ], [ -58.595356678285043, -39.115713356570083 ], [ -58.632498004885036, -39.079986380637543 ], [ -58.68, -39.06 ], [ -58.763242422931121, -39.018450665726498 ], [ -58.853274164172753, -38.995 ], [ -58.944330249829605, -38.965270192749657 ], [ -59.04, -38.97 ], [ -59.178209802550931, -38.9825 ], [ -59.303929891452952, -39.035 ], [ -59.443767717457931, -39.027592344496426 ], [ -59.58, -39.06 ], [ -59.670898663524177, -39.03057912516978 ], [ -59.766337705702909, -39.035 ], [ -59.859137661452351, -39.01844703070541 ], [ -59.94, -38.97 ], [ -59.99090234163171, -38.978301382803885 ], [ -60.038851805218918, -38.997296389562166 ], [ -60.074965745252506, -39.034420329996728 ], [ -60.12, -39.06 ], [ -60.253651269772469, -38.997075381839096 ], [ -60.365, -38.9 ], [ -60.450349058564939, -38.782420285029069 ], [ -60.57, -38.7 ], [ -60.73005852791232, -38.755 ], [ -60.901356854531862, -38.77 ], [ -61.042605806545438, -38.845 ], [ -61.2, -38.88 ], [ -61.230913105890423, -38.822709871514128 ], [ -61.273314643822005, -38.773314643822005 ], [ -61.330921328955597, -38.742862182039666 ], [ -61.38, -38.7 ], [ -61.516630392414825, -38.6675 ], [ -61.657521707614436, -38.675 ], [ -61.792463032612204, -38.657449870320598 ], [ -61.92, -38.61 ], [ -61.92, -38.52 ], [ -62.078992638018235, -38.436951641076902 ], [ -62.215, -38.32 ], [ -62.393785266119828, -38.26 ], [ -62.55, -38.16 ], [ -62.601898124368397, -38.121898124368393 ], [ -62.64, -38.07 ], [ -62.791284376366981, -38.029295031231214 ], [ -62.929212275464913, -37.955 ], [ -63.043442250733698, -37.859436994726536 ], [ -63.18, -37.8 ], [ -63.293198374372096, -37.855 ], [ -63.419450899665726, -37.87 ], [ -63.530369276310026, -37.914197249207191 ], [ -63.63, -37.98 ], [ -63.67715331402318, -38.062062584169496 ], [ -63.694832445756752, -38.15504188856081 ], [ -63.723067002725053, -38.245391316941145 ], [ -63.72, -38.34 ], [ -63.8475, -38.4825 ], [ -64.015, -38.585 ], [ -64.164071582788125, -38.7075 ], [ -64.35, -38.79 ], [ -64.509004845224524, -38.755 ], [ -64.65338040486337, -38.68 ], [ -64.822507618605869, -38.665 ], [ -64.98, -38.61 ], [ -65.029809540003043, -38.650190459996956 ], [ -65.07, -38.7 ], [ -65.208730990256555, -38.641037688393119 ], [ -65.324918787617975, -38.545 ], [ -65.473950993445825, -38.503592461693657 ], [ -65.61, -38.43 ], [ -65.6577008394747, -38.362775443346891 ] ] ], [ [ [ -70.11, -31.41 ], [ -70.156672303827008, -31.456688788559166 ], [ -70.217384238270441, -31.482615761729562 ], [ -70.247167090707464, -31.540720259415117 ], [ -70.29, -31.59 ], [ -70.4474190233515, -31.531378141217363 ], [ -70.585, -31.435 ], [ -70.761821254533245, -31.3975 ], [ -70.92, -31.32 ], [ -70.973108449470516, -31.283108449470507 ], [ -71.01, -31.23 ], [ -71.01, -31.14 ], [ -71.02827728749935, -31.07372626481472 ], [ -71.03, -31.005 ], [ -71.008022120129567, -30.939274500721545 ], [ -71.01, -30.87 ], [ -70.962563412365043, -30.825426286339489 ], [ -70.932095429924217, -30.767904570075778 ], [ -70.874839335131355, -30.737088485614279 ], [ -70.83, -30.69 ], [ -70.718623637597375, -30.66735907702952 ], [ -70.605, -30.67 ], [ -70.490635434872843, -30.66 ], [ -70.38, -30.69 ], [ -70.280287521761792, -30.79962654482404 ], [ -70.22, -30.935 ], [ -70.104709370692802, -31.022582312871037 ], [ -70.02, -31.14 ], [ -70.06427137638255, -31.198189753886265 ], [ -70.085, -31.268306273958757 ], [ -70.106211633879269, -31.33761608341274 ], [ -70.11, -31.41 ] ] ], [ [ [ -68.544116306012356, -22.312618341083212 ], [ -68.546888160654106, -22.35973485033329 ], [ -68.578420290954384, -22.403472966556251 ], [ -68.647840607137312, -22.445154948076201 ], [ -68.713148500438194, -22.441313307293797 ], [ -68.76, -22.41 ], [ -68.809351987683826, -22.325011025548154 ], [ -68.798374827331457, -22.240714051557863 ], [ -68.708826654557996, -22.171438042329811 ], [ -68.68289557927676, -22.178160913699021 ], [ -68.664647785560334, -22.197369117611046 ], [ -68.678093528298746, -22.213696090936271 ], [ -68.661286349875724, -22.241547986608712 ], [ -68.63583547969229, -22.241547986608708 ], [ -68.624310557345069, -22.209374245056065 ], [ -68.603661738139635, -22.205532604273657 ], [ -68.590696200499025, -22.217057526620874 ], [ -68.568126560902385, -22.216577321523072 ], [ -68.54891835699037, -22.231463679554896 ], [ -68.544116306012356, -22.312618341083212 ] ] ], [ [ [ -64.572588281249963, -19.760804460392407 ], [ -64.582209054778303, -19.766980759447648 ], [ -64.591235953397486, -19.768643609193287 ], [ -64.600737951943998, -19.767218309411309 ], [ -64.609289750635853, -19.769356259084276 ], [ -64.619741949037021, -19.765793009629334 ], [ -64.626393348019576, -19.763417509992706 ], [ -64.633044747002131, -19.758904060683111 ], [ -64.635499548676592, -19.751512620392671 ], [ -64.636130404236894, -19.748183104935517 ], [ -64.63248546099959, -19.746360633316865 ], [ -64.633747172120195, -19.742049786988126 ], [ -64.636936497452837, -19.741208646241056 ], [ -64.64026601290999, -19.744818541947236 ], [ -64.643210005524736, -19.744327876511445 ], [ -64.64636428332625, -19.739561412278043 ], [ -64.649728846314531, -19.732411715927945 ], [ -64.656738352540131, -19.727715346756803 ], [ -64.694589686158309, -19.712574813309534 ], [ -64.699075770142684, -19.67724690193257 ], [ -64.699321186864054, -19.6536694267805 ], [ -64.693144887808828, -19.647493127725266 ], [ -64.691719588026842, -19.634427879723813 ], [ -64.673903340752133, -19.622550381540673 ], [ -64.658937693041395, -19.606872083938928 ], [ -64.63755819631173, -19.605921884084278 ], [ -64.620460241308521, -19.595286241858627 ], [ -64.605726501180925, -19.573733864007966 ], [ -64.585653529251417, -19.569457964662039 ], [ -64.580308655069004, -19.573971413971631 ], [ -64.573657256086449, -19.571002039425846 ], [ -64.564867907430923, -19.572902439135149 ], [ -64.539539408448292, -19.569861266556568 ], [ -64.493557047608434, -19.60743221992572 ], [ -64.472698521529765, -19.635853179505791 ], [ -64.473173621457093, -19.663884075218 ], [ -64.479825020439648, -19.667922424600267 ], [ -64.487664169240517, -19.665546924963639 ], [ -64.497522492732529, -19.678137073037757 ], [ -64.497878817678014, -19.690014571220907 ], [ -64.505599191497055, -19.698091269985433 ], [ -64.547407985101714, -19.728022565406942 ], [ -64.563442607648938, -19.742275563226716 ], [ -64.564155257539923, -19.752727761627881 ], [ -64.572588281249963, -19.760804460392407 ] ] ], [ [ [ -69.39, -19.08 ], [ -69.498273674939696, -19.01034209367462 ], [ -69.59, -18.92 ], [ -69.680008876983024, -18.828007101586433 ], [ -69.75, -18.72 ], [ -69.78752496472373, -18.667524964723722 ], [ -69.84, -18.63 ], [ -69.84, -18.54 ], [ -69.94, -18.433072961852691 ], [ -70.0, -18.295 ], [ -70.118405337155622, -18.21045642649328 ], [ -70.2, -18.09 ], [ -70.216715258772496, -17.997619468659927 ], [ -70.265, -17.917107691812689 ], [ -70.267332253959708, -17.82219530394292 ], [ -70.29, -17.73 ], [ -70.1925, -17.616817479872498 ], [ -70.135, -17.473739041206024 ], [ -70.0975, -17.323458303472044 ], [ -70.02, -17.19 ], [ -70.035414121722766, -17.1 ], [ -70.02, -17.01 ], [ -69.979169219214199, -16.918393700128266 ], [ -69.91, -16.845768043855379 ], [ -69.861976869415457, -16.752540650879819 ], [ -69.84, -16.65 ], [ -69.859133065340771, -16.547530385211637 ], [ -69.91, -16.456543292156724 ], [ -69.980294171716722, -16.383373277114064 ], [ -70.02, -16.29 ], [ -70.133976520604122, -16.1925 ], [ -70.272947931441465, -16.135 ], [ -70.427127382183357, -16.0975 ], [ -70.56, -16.02 ], [ -70.599530619960703, -16.070469380039295 ], [ -70.65, -16.11 ], [ -70.78649955463267, -16.0125 ], [ -70.94779699763339, -15.955 ], [ -71.10670501319477, -15.8775 ], [ -71.28, -15.84 ], [ -71.37, -15.84 ], [ -71.496160269003312, -15.7875 ], [ -71.634162955591989, -15.775 ], [ -71.774162451226317, -15.7825 ], [ -71.91, -15.75 ], [ -71.931245400620838, -15.627940091352951 ], [ -71.98, -15.514041112490778 ], [ -72.053796657940154, -15.416680533944794 ], [ -72.09, -15.3 ], [ -72.182623815653301, -15.274359739141394 ], [ -72.278728884557637, -15.275 ], [ -72.359407250815792, -15.229438096748682 ], [ -72.45, -15.21 ], [ -72.453807188947351, -15.136529997284647 ], [ -72.475, -15.066080009730628 ], [ -72.519642476142039, -15.009300005565809 ], [ -72.54, -14.94 ], [ -72.648330386535832, -14.82 ], [ -72.79, -14.74 ], [ -72.919545627686986, -14.64 ], [ -73.08, -14.58 ], [ -73.08, -14.49 ], [ -73.063313198078944, -14.398035510502901 ], [ -73.015, -14.318024563888075 ], [ -72.986697522051301, -14.226113400758241 ], [ -72.99, -14.13 ], [ -72.999842541697433, -13.993530182096487 ], [ -72.97, -13.86 ], [ -73.0, -13.726722826409736 ], [ -72.99, -13.59 ], [ -72.99, -13.5 ], [ -72.968933941718035, -13.387122685804785 ], [ -72.925, -13.281033687145261 ], [ -72.9325, -13.163262655379517 ], [ -72.9, -13.05 ], [ -73.078493115821033, -12.99 ], [ -73.235, -12.89 ], [ -73.36658743932351, -12.77 ], [ -73.53, -12.69 ], [ -73.4975, -12.554830276226779 ], [ -73.505, -12.415019828753071 ], [ -73.490435284040132, -12.278111022912096 ], [ -73.44, -12.15 ], [ -73.414897031203679, -12.104648302441342 ], [ -73.37750747168748, -12.068746264156259 ], [ -73.369857497937062, -12.017672824077582 ], [ -73.35, -11.97 ], [ -73.355210081792563, -11.851359035397365 ], [ -73.325, -11.736510550896192 ], [ -73.309378859390449, -11.623187966460902 ], [ -73.26, -11.52 ], [ -73.176150909066337, -11.382079272746937 ], [ -73.06, -11.27 ], [ -73.0, -11.109041836557353 ], [ -72.9, -10.98 ], [ -72.81, -10.992746318332296 ], [ -72.72, -10.98 ], [ -72.673436684504267, -10.958006449104355 ], [ -72.622597903910119, -10.94980419217975 ], [ -72.576707106595322, -10.926244072930793 ], [ -72.54, -10.89 ], [ -72.427575512586529, -10.8575 ], [ -72.310340539013893, -10.865 ], [ -72.203983979364324, -10.819572078682796 ], [ -72.09, -10.8 ], [ -72.0, -10.8 ], [ -71.9425, -10.640562412367922 ], [ -71.845, -10.504157489358221 ], [ -71.7675, -10.34706532172051 ], [ -71.73, -10.17 ], [ -71.656447290857201, -10.167816148943919 ], [ -71.586488777615074, -10.145 ], [ -71.51832590090487, -10.122071284961907 ], [ -71.46, -10.08 ], [ -71.3825, -9.921820731078187 ], [ -71.345, -9.749278252281567 ], [ -71.248786826753687, -9.609330915741474 ], [ -71.19, -9.45 ], [ -71.1, -9.45 ], [ -71.070003489819371, -9.314091380244195 ], [ -71.075, -9.175001558787125 ], [ -71.0225, -9.048986838937029 ], [ -71.01, -8.91 ], [ -70.960321497990009, -8.826696953104186 ], [ -70.895, -8.755 ], [ -70.811240513265986, -8.705936699511051 ], [ -70.74, -8.64 ], [ -70.603648239191514, -8.631751229085609 ], [ -70.47, -8.66 ], [ -70.33606806106107, -8.635581175675616 ], [ -70.2, -8.64 ], [ -70.11, -8.64 ], [ -70.104740012734055, -8.588265631775997 ], [ -70.080987453363107, -8.542006273318446 ], [ -70.05737845545238, -8.495883015260734 ], [ -70.02, -8.46 ], [ -69.911365400052361, -8.340929156034973 ], [ -69.775, -8.255 ], [ -69.684928864457902, -8.122100337902555 ], [ -69.57, -8.01 ], [ -69.472313226607227, -7.899050545889152 ], [ -69.41, -7.765 ], [ -69.29, -7.682194234213735 ], [ -69.21, -7.56 ], [ -69.136211761446077, -7.488642988306093 ], [ -69.041115774561504, -7.45 ], [ -68.941077846328341, -7.427231521381258 ], [ -68.85, -7.38 ], [ -68.7975, -7.253929544139178 ], [ -68.785, -7.115085676305122 ], [ -68.7525, -6.979611591719715 ], [ -68.76, -6.84 ], [ -68.615470048378484, -6.822687325340251 ], [ -68.479776712624329, -6.77 ], [ -68.339007343259325, -6.735 ], [ -68.22, -6.66 ], [ -68.205642725949147, -6.524678836853655 ], [ -68.155, -6.398372610475498 ], [ -68.1625, -6.256970760859937 ], [ -68.13, -6.12 ], [ -68.081872056029823, -6.054331190257506 ], [ -68.02, -6.001411059433485 ], [ -68.000118141968002, -5.918716146367072 ], [ -67.95, -5.85 ], [ -67.971240257991511, -5.78016029513841 ], [ -68.015, -5.72173240869666 ], [ -68.037052464218533, -5.6525511514092 ], [ -68.04, -5.58 ], [ -68.018692231287375, -5.514175224994464 ], [ -68.02, -5.445 ], [ -68.022159860375609, -5.376338497833425 ], [ -68.04, -5.31 ], [ -68.1175, -5.151559067417544 ], [ -68.155, -4.975 ], [ -68.250570383743735, -4.836994608407715 ], [ -68.31, -4.68 ], [ -68.383810812611074, -4.612493152290784 ], [ -68.474362138136073, -4.57 ], [ -68.568162227863979, -4.52376803570952 ], [ -68.67, -4.5 ], [ -68.722476776646687, -4.462476776646686 ], [ -68.76, -4.41 ], [ -68.775409574958729, -4.275206078702025 ], [ -68.825, -4.148922089362443 ], [ -68.8575, -4.011563888955198 ], [ -68.85, -3.87 ], [ -68.85, -3.78 ], [ -68.839784106471271, -3.69 ], [ -68.85, -3.6 ], [ -68.824676932801864, -3.509211982685898 ], [ -68.825, -3.414959038712076 ], [ -68.80590353253892, -3.322499898860618 ], [ -68.76, -3.24 ], [ -68.772827249590947, -3.15 ], [ -68.76, -3.06 ], [ -68.7025, -2.921947266513881 ], [ -68.605, -2.81 ], [ -68.5275, -2.676370520073192 ], [ -68.49, -2.52 ], [ -68.410830575437373, -2.493618304902994 ], [ -68.339688217455944, -2.45 ], [ -68.272096787111209, -2.403429664676078 ], [ -68.22, -2.34 ], [ -68.166585279743643, -2.249446771195994 ], [ -68.15, -2.145629874292258 ], [ -68.080462628577749, -2.072469661955166 ], [ -68.04, -1.98 ], [ -68.180254609671337, -1.822793762851405 ], [ -68.285, -1.64 ], [ -68.3675, -1.433673649407472 ], [ -68.49, -1.26 ], [ -68.479669108888984, -1.17 ], [ -68.49, -1.08 ], [ -68.54935996588901, -0.962379670182363 ], [ -68.645, -0.871764376704902 ], [ -68.689506843089092, -0.744701736686578 ], [ -68.76, -0.63 ], [ -68.811724963953253, -0.624711312912903 ], [ -68.858087970544958, -0.601175941089914 ], [ -68.903393799904038, -0.576412190620319 ], [ -68.94, -0.54 ], [ -68.979167286310599, -0.489167286310597 ], [ -69.03, -0.45 ], [ -69.057700748603338, -0.361966749844815 ], [ -69.05, -0.27 ], [ -69.057848791848784, -0.178016800905688 ], [ -69.03, -0.09 ], [ -69.052693635660177, -0.008536984577849 ], [ -69.1, 0.061558178408586 ], [ -69.161346762013295, 0.11488468626383 ], [ -69.21, 0.18 ], [ -69.180671881411612, 0.290781945014366 ], [ -69.19, 0.405 ], [ -69.187638987182396, 0.518598756694896 ], [ -69.21, 0.63 ], [ -69.31, 0.762017845842213 ], [ -69.37, 0.918027602322475 ], [ -69.486736848558024, 1.030729132910043 ], [ -69.57, 1.17 ], [ -69.57, 1.26 ], [ -69.66, 1.270963491409301 ], [ -69.75, 1.26 ], [ -69.7425, 1.40111165666615 ], [ -69.775, 1.537353052473764 ], [ -69.787850724573886, 1.673539338901286 ], [ -69.84, 1.8 ], [ -69.84, 1.89 ], [ -69.814177274854245, 2.046495382530427 ], [ -69.82, 2.205 ], [ -69.81, 2.364207806465681 ], [ -69.84, 2.52 ], [ -69.888824288958588, 2.58800510282436 ], [ -69.91, 2.668999512905266 ], [ -69.956920009797159, 2.736845172522047 ], [ -70.02, 2.79 ], [ -69.988498185253547, 2.926531920790903 ], [ -69.995, 3.066499974760999 ], [ -69.949108162251235, 3.19494649830918 ], [ -69.93, 3.33 ], [ -69.814410322505111, 3.367796473267176 ], [ -69.716552273974827, 3.44 ], [ -69.602826020313771, 3.49037550353102 ], [ -69.48, 3.51 ], [ -69.39, 3.519137759080845 ], [ -69.3, 3.51 ], [ -69.207562607870898, 3.419949913703279 ], [ -69.14, 3.31 ], [ -69.05349695880389, 3.213128801495126 ], [ -68.94, 3.15 ], [ -68.866331671354203, 3.149539521146592 ], [ -68.796869116059042, 3.125 ], [ -68.727551572817589, 3.103982602055792 ], [ -68.67, 3.06 ], [ -68.609484041714069, 2.944412766628744 ], [ -68.51, 2.86 ], [ -68.420312540629993, 2.767109324212502 ], [ -68.31, 2.7 ], [ -68.176619848232562, 2.73 ], [ -68.04, 2.72 ], [ -67.906959458914372, 2.69 ], [ -67.77, 2.7 ], [ -67.733597207117867, 2.663408342725222 ], [ -67.710336907497265, 2.617331546251368 ], [ -67.7047242484159, 2.565687363041303 ], [ -67.68, 2.52 ], [ -67.542317666727413, 2.491690494877167 ], [ -67.401794002700584, 2.495 ], [ -67.274767245409322, 2.446912204867035 ], [ -67.14, 2.43 ], [ -67.047518687889109, 2.481855105542843 ], [ -66.943055738161718, 2.5 ], [ -66.851103996545973, 2.539548434266559 ], [ -66.78, 2.61 ], [ -66.706885449667666, 2.608712096913613 ], [ -66.637710796617455, 2.585 ], [ -66.5698493871284, 2.560370936601494 ], [ -66.51, 2.52 ], [ -66.433204991601798, 2.584826702413288 ], [ -66.343431120983439, 2.63 ], [ -66.240659257249462, 2.648264606783358 ], [ -66.15, 2.7 ], [ -66.122609069790784, 2.836646986146772 ], [ -66.125, 2.975991685843091 ], [ -66.07405497390242, 3.103454596937792 ], [ -66.06, 3.24 ], [ -66.008523393745378, 3.305466807020037 ], [ -65.936367248827906, 3.34705087324185 ], [ -65.866891631436573, 3.390965289716575 ], [ -65.79, 3.42 ], [ -65.715, 3.515487106735477 ], [ -65.68, 3.631784016688146 ], [ -65.665, 3.757358306782117 ], [ -65.61, 3.87 ], [ -65.627399272273863, 3.96 ], [ -65.61, 4.05 ], [ -65.55, 4.209371537779316 ], [ -65.45, 4.34 ], [ -65.33, 4.448434622695622 ], [ -65.25, 4.59 ], [ -65.1675, 4.772022290447298 ], [ -65.045, 4.925 ], [ -64.9025, 5.053350797231333 ], [ -64.8, 5.22 ], [ -64.777691996555944, 5.285736707434489 ], [ -64.782335058581367, 5.355 ], [ -64.783564229489983, 5.423494902559759 ], [ -64.8, 5.49 ], [ -64.762390045073886, 5.542390045073897 ], [ -64.71, 5.58 ], [ -64.639121587375627, 5.702805428635808 ], [ -64.6, 5.83909344747748 ], [ -64.579814653849823, 5.983238434594807 ], [ -64.53, 6.12 ], [ -64.515369958159525, 6.21 ], [ -64.53, 6.3 ], [ -64.4819645351959, 6.36551075025709 ], [ -64.42, 6.418041319035158 ], [ -64.398656714560587, 6.500311646075059 ], [ -64.35, 6.57 ], [ -64.234365742941151, 6.632697369865315 ], [ -64.140650930537788, 6.725 ], [ -64.031536027421453, 6.8025 ], [ -63.9, 6.84 ], [ -63.91, 6.976527589869796 ], [ -63.88, 7.11 ], [ -63.91, 7.243170236633278 ], [ -63.9, 7.38 ], [ -63.84981329137571, 7.390202952782666 ], [ -63.804966070268165, 7.41493214053633 ], [ -63.766301134831842, 7.448357145940438 ], [ -63.72, 7.47 ], [ -63.671362610592041, 7.598685176073781 ], [ -63.655, 7.73527849642355 ], [ -63.6625, 7.874821405359439 ], [ -63.63, 8.01 ], [ -63.586301705447873, 8.07982561332212 ], [ -63.52, 8.128705477042047 ], [ -63.477132992558985, 8.200712880910158 ], [ -63.45, 8.28 ], [ -63.325536873308245, 8.2275 ], [ -63.188914437355187, 8.215 ], [ -63.051392964037035, 8.1825 ], [ -62.91, 8.19 ], [ -62.91, 8.28 ], [ -62.782280590433146, 8.233045487176616 ], [ -62.647405336041736, 8.215 ], [ -62.511106204002289, 8.1825 ], [ -62.37, 8.19 ], [ -62.37, 8.28 ], [ -62.236521991930736, 8.25 ], [ -62.1, 8.26 ], [ -61.966534400583328, 8.29 ], [ -61.83, 8.28 ], [ -61.776621250135904, 8.369839157964094 ], [ -61.76, 8.473009402146568 ], [ -61.719730878258865, 8.56620822108761 ], [ -61.65, 8.64 ], [ -61.514572429623783, 8.6725 ], [ -61.374169951174316, 8.665 ], [ -61.237286310359366, 8.67799748986263 ], [ -61.11, 8.73 ], [ -61.046768098169572, 8.783528415264886 ], [ -61.005833385512766, 8.855555590341844 ], [ -60.954924284178489, 8.920956774331426 ], [ -60.93, 9.0 ], [ -60.78099227092325, 9.015 ], [ -60.643001164003124, 9.07 ], [ -60.522493424947861, 9.138783602191838 ], [ -60.39, 9.18 ], [ -60.336267326804297, 9.143732673195704 ], [ -60.3, 9.09 ], [ -60.161071610145058, 9.055 ], [ -60.042566636109179, 8.98 ], [ -59.897280585811231, 8.961157694075009 ], [ -59.76, 8.91 ], [ -59.667632100212074, 8.95193663709564 ], [ -59.592413159297749, 9.02 ], [ -59.489658755162814, 9.037001605773018 ], [ -59.4, 9.09 ], [ -59.294723754352077, 9.07435543120979 ], [ -59.203217866408458, 9.02 ], [ -59.111176316886727, 8.980479903421822 ], [ -59.04, 8.91 ], [ -58.902215165277937, 8.984039392719962 ], [ -58.751255829677326, 9.025 ], [ -58.611430819639139, 9.0825 ], [ -58.5, 9.18 ], [ -58.426608534188112, 9.181606223376328 ], [ -58.358190728865232, 9.155 ], [ -58.288605397786206, 9.133327120397672 ], [ -58.23, 9.09 ], [ -58.106349791051571, 9.111475383834659 ], [ -57.990609012110689, 9.16 ], [ -57.879336523204735, 9.203573536613996 ], [ -57.78, 9.27 ], [ -57.713314640775408, 9.284837880819387 ], [ -57.645, 9.284379953040931 ], [ -57.57625206993167, 9.288905630858473 ], [ -57.51, 9.27 ], [ -57.459061179971172, 9.277933976345372 ], [ -57.412087091483365, 9.299174182966722 ], [ -57.375150158290161, 9.335129144124741 ], [ -57.33, 9.36 ], [ -57.280258362649519, 9.402189010982843 ], [ -57.249935684893103, 9.459935684893104 ], [ -57.19476445547798, 9.493473013386017 ], [ -57.15, 9.54 ], [ -57.16, 9.721493626403035 ], [ -57.13, 9.9 ], [ -57.120685096509924, 10.081073050193892 ], [ -57.15, 10.26 ], [ -57.224700890331633, 10.350109488059308 ], [ -57.265, 10.46 ], [ -57.354281438632313, 10.528586731324944 ], [ -57.42, 10.62 ], [ -57.42, 10.71 ], [ -57.384683459589674, 10.74739786517995 ], [ -57.363900503647429, 10.794450251823717 ], [ -57.339350236281163, 10.839528683906117 ], [ -57.33, 10.89 ], [ -57.282013038933883, 10.955437659687338 ], [ -57.22, 11.007775205865009 ], [ -57.199612243343545, 11.090606988167091 ], [ -57.15, 11.16 ], [ -56.985634860872615, 11.265 ], [ -56.86, 11.41 ], [ -56.755, 11.5734158778919 ], [ -56.61, 11.7 ], [ -56.61, 11.79 ], [ -56.4993957597896, 11.856744699737 ], [ -56.41, 11.95 ], [ -56.313530243853435, 12.036824195082751 ], [ -56.25, 12.15 ], [ -56.1975, 12.27454157273953 ], [ -56.185, 12.411261791647286 ], [ -56.1925, 12.552597382485098 ], [ -56.16, 12.69 ], [ -56.160724383031415, 12.762989965436569 ], [ -56.188401304153167, 12.83053289861561 ], [ -56.211034407313292, 12.899151838120913 ], [ -56.25, 12.96 ], [ -56.199408082518104, 12.999408082518105 ], [ -56.16, 13.05 ], [ -56.1275, 13.185816179764275 ], [ -56.135, 13.326553853606628 ], [ -56.1225, 13.464442692390243 ], [ -56.07, 13.59 ], [ -56.002969067109937, 13.638220764096566 ], [ -55.924711449342375, 13.664567174013555 ], [ -55.868744890636343, 13.724841025974651 ], [ -55.8, 13.77 ], [ -55.765, 13.950858456709991 ], [ -55.69, 14.114580081635193 ], [ -55.635, 14.297509857443433 ], [ -55.62, 14.49 ], [ -55.53, 14.49 ], [ -55.458372377186009, 14.587023028035903 ], [ -55.42, 14.701353885586833 ], [ -55.405, 14.827326697211285 ], [ -55.35, 14.94 ], [ -55.3825, 15.076155867179713 ], [ -55.375, 15.21700850363986 ], [ -55.3875, 15.35347079770621 ], [ -55.44, 15.48 ], [ -55.393371562676329, 15.573779952549376 ], [ -55.37, 15.675871385713364 ], [ -55.305088795846011, 15.751293143282515 ], [ -55.26, 15.84 ], [ -55.213102064244829, 15.862355444881992 ], [ -55.161443784124138, 15.867887568248273 ], [ -55.124649508362964, 15.904093798784828 ], [ -55.08, 15.93 ], [ -54.960798456051762, 16.039638764841413 ], [ -54.88, 16.18 ], [ -54.78, 16.310921694044545 ], [ -54.72, 16.47 ], [ -54.651618888799604, 16.495121891385015 ], [ -54.578779289721915, 16.496337869165746 ], [ -54.510904927502672, 16.521119855006035 ], [ -54.45, 16.56 ], [ -54.381111940826692, 16.653451865975349 ], [ -54.335, 16.76 ], [ -54.26608476866322, 16.848316494642493 ], [ -54.18, 16.92 ], [ -54.197823083759999, 16.990407562284521 ], [ -54.238720873407892, 17.050426375530705 ], [ -54.245842969891747, 17.122121993413096 ], [ -54.27, 17.19 ], [ -54.2125, 17.33038013561022 ], [ -54.115, 17.440027542101959 ], [ -54.0375, 17.573985635640401 ], [ -54.0, 17.73 ], [ -54.0, 17.82 ], [ -54.017474161842436, 17.91 ], [ -54.0, 18.0 ], [ -53.867253264535933, 18.064309686320652 ], [ -53.755, 18.16 ], [ -53.633836249200002, 18.240869655430004 ], [ -53.55, 18.36 ], [ -53.5175, 18.519346869546123 ], [ -53.525, 18.682448187846116 ], [ -53.508135751267034, 18.839528655275629 ], [ -53.46, 18.99 ], [ -53.37, 18.99 ], [ -53.322125076015716, 19.071249466749354 ], [ -53.305, 19.163986816102309 ], [ -53.308668020099425, 19.259166375009819 ], [ -53.28, 19.35 ], [ -53.140371229010022, 19.3425 ], [ -53.004577455788294, 19.375 ], [ -52.876037128375614, 19.422757573271749 ], [ -52.74, 19.44 ], [ -52.651765211365422, 19.535650065595288 ], [ -52.585, 19.647349302500032 ], [ -52.5075, 19.757794558588934 ], [ -52.47, 19.89 ], [ -52.470329577559859, 19.981074491382241 ], [ -52.49, 20.07 ], [ -52.468524249100412, 20.158724916566712 ], [ -52.47, 20.25 ], [ -52.464474052570523, 20.301660865443271 ], [ -52.440301782807857, 20.34765089140393 ], [ -52.402061944965084, 20.382902152789441 ], [ -52.38, 20.43 ], [ -52.291260537045261, 20.408655166592723 ], [ -52.2, 20.41 ], [ -52.108865690027116, 20.409791210244041 ], [ -52.02, 20.43 ], [ -51.973062495077301, 20.409114631444886 ], [ -51.935428428760865, 20.374143142478278 ], [ -51.889468735573992, 20.352167769521564 ], [ -51.84, 20.34 ], [ -51.726221504438335, 20.355090701321533 ], [ -51.622866111622706, 20.405 ], [ -51.504753159979565, 20.401852367588795 ], [ -51.39, 20.43 ], [ -51.342557744012403, 20.385380502013014 ], [ -51.284893736977011, 20.355106263022986 ], [ -51.240313864492485, 20.307635771782106 ], [ -51.21, 20.25 ], [ -51.037979448198158, 20.265 ], [ -50.87765190711238, 20.32 ], [ -50.721626736672881, 20.35551944877243 ], [ -50.58, 20.43 ], [ -50.58, 20.52 ], [ -50.443391315139863, 20.53 ], [ -50.31, 20.5 ], [ -50.173490775152253, 20.49 ], [ -50.04, 20.52 ], [ -49.959263519892474, 20.54396448767676 ], [ -49.888741129867029, 20.59 ], [ -49.821621962154907, 20.6366356559198 ], [ -49.77, 20.7 ], [ -49.696926039436434, 20.699277900331005 ], [ -49.627999203618323, 20.675 ], [ -49.558758142007314, 20.652821579698973 ], [ -49.5, 20.61 ], [ -49.402784003723504, 20.523772797021198 ], [ -49.34, 20.41 ], [ -49.22911198275677, 20.343610021554039 ], [ -49.14, 20.25 ], [ -49.05, 20.25 ], [ -48.958239742746038, 20.230164252485597 ], [ -48.875937908087344, 20.185 ], [ -48.784496581038397, 20.161138249290495 ], [ -48.69, 20.16 ], [ -48.59, 20.004980998404069 ], [ -48.53, 19.825 ], [ -48.41, 19.694985927589247 ], [ -48.33, 19.53 ], [ -48.24, 19.53 ], [ -48.217013400314222, 19.483749640307295 ], [ -48.180444601346821, 19.447277699326591 ], [ -48.17228019586981, 19.396429969240653 ], [ -48.15, 19.35 ], [ -47.94862903427272, 19.32 ], [ -47.745, 19.33 ], [ -47.544354156855995, 19.36 ], [ -47.34, 19.35 ], [ -47.382255313436374, 19.291921716335899 ], [ -47.405, 19.223794792288963 ], [ -47.403145389740445, 19.149401719835371 ], [ -47.43, 19.08 ], [ -47.316113093448394, 19.004243991475981 ], [ -47.1850821450262, 18.965 ], [ -47.073242356161913, 18.899803230292196 ], [ -46.98, 18.81 ], [ -46.971968813007351, 18.759105246504287 ], [ -46.950036180171651, 18.712481909914175 ], [ -46.914105005550958, 18.67554491698797 ], [ -46.89, 18.63 ], [ -46.796006595979968, 18.589284440516895 ], [ -46.720560038168792, 18.52 ], [ -46.62037836703778, 18.498343700015621 ], [ -46.53, 18.45 ], [ -46.485934161464222, 18.367681074869552 ], [ -46.465, 18.276686764914015 ], [ -46.469155077660425, 18.181113031838944 ], [ -46.44, 18.09 ], [ -46.307270748320072, 18.035 ], [ -46.160731138830897, 18.02 ], [ -46.036147149171967, 17.951296019325831 ], [ -45.9, 17.91 ], [ -45.865, 17.771925927069155 ], [ -45.79, 17.654695087237709 ], [ -45.739984634803278, 17.516039477940478 ], [ -45.72, 17.37 ], [ -45.63, 17.37 ], [ -45.4875, 17.265 ], [ -45.385, 17.12 ], [ -45.266586676586037, 16.986249073447802 ], [ -45.18, 16.83 ], [ -45.177711067668206, 16.730049117553577 ], [ -45.1483, 16.634495953233113 ], [ -45.141601480731502, 16.534246851689073 ], [ -45.1566, 16.4349 ], [ -45.031983889632201, 16.405246252424892 ], [ -44.9233, 16.33745 ], [ -44.840059436432405, 16.249866912969193 ], [ -44.73, 16.2 ], [ -44.660931957720585, 16.246637341946322 ], [ -44.580934318150433, 16.27 ], [ -44.528568792950288, 16.333906959714415 ], [ -44.46, 16.38 ], [ -44.348107178342772, 16.33853892225612 ], [ -44.250426880216331, 16.27 ], [ -44.124817529090791, 16.253533172169018 ], [ -44.01, 16.2 ], [ -43.960734108709708, 16.242518069204227 ], [ -43.929738667659599, 16.299738667659597 ], [ -43.875359991402945, 16.334265691421166 ], [ -43.83, 16.38 ], [ -43.626899401028865, 16.3675 ], [ -43.430771593393366, 16.315 ], [ -43.227218243745888, 16.2825 ], [ -43.02, 16.29 ], [ -42.977692619042969, 16.219071102079578 ], [ -42.91563438839281, 16.164577074404797 ], [ -42.889873131668963, 16.085981565913958 ], [ -42.84, 16.02 ], [ -42.85794899549775, 15.953690895384979 ], [ -42.857158625056741, 15.885 ], [ -42.857092509898308, 15.816417964728112 ], [ -42.84, 15.75 ], [ -42.7625, 15.63713652161818 ], [ -42.725, 15.50533215800313 ], [ -42.629210901115272, 15.416472052477429 ], [ -42.57, 15.3 ], [ -42.48, 15.3 ], [ -42.34628054392293, 15.327287342959549 ], [ -42.21, 15.32 ], [ -42.073068556926614, 15.33 ], [ -41.94, 15.3 ], [ -41.871354111735798, 15.322690589893655 ], [ -41.812727883290201, 15.365 ], [ -41.739265291841463, 15.365518566230362 ], [ -41.67, 15.39 ], [ -41.46604050776152, 15.3125 ], [ -41.245, 15.275 ], [ -41.037358427388966, 15.2175 ], [ -40.86, 15.12 ], [ -40.809630327910419, 15.159630327910422 ], [ -40.77, 15.21 ], [ -40.493040440672125, 15.2925 ], [ -40.255, 15.415 ], [ -39.9975, 15.5175 ], [ -39.78, 15.66 ], [ -39.69, 15.66 ], [ -39.6075, 15.821820934704355 ], [ -39.485, 15.95 ], [ -39.3425, 16.055 ], [ -39.24, 16.2 ], [ -39.069930494492482, 16.1475 ], [ -38.888043864610147, 16.135 ], [ -38.702143088946215, 16.1425 ], [ -38.52, 16.11 ], [ -38.474179111720531, 16.085823732184881 ], [ -38.422761578456388, 16.079476843087239 ], [ -38.386876745064662, 16.042090840459242 ], [ -38.34, 16.02 ], [ -38.25, 16.02 ], [ -38.181308163175864, 16.065438917841647 ], [ -38.130169817764262, 16.13 ], [ -38.050581440219887, 16.155338784738341 ], [ -37.98, 16.2 ], [ -37.929197988078236, 16.239197988078228 ], [ -37.89, 16.29 ], [ -37.798325384544299, 16.259915009422087 ], [ -37.70197454309573, 16.265 ], [ -37.619966135612344, 16.221972871853403 ], [ -37.53, 16.2 ], [ -37.33273871908586, 16.3 ], [ -37.105, 16.36 ], [ -36.898284651972574, 16.44 ], [ -36.72, 16.56 ], [ -36.74533132039717, 16.693864346637248 ], [ -36.74, 16.83 ], [ -36.749653258068122, 16.966455796893936 ], [ -36.72, 17.1 ], [ -36.72, 17.19 ], [ -36.698400099012702, 17.23621607174147 ], [ -36.686778303553005, 17.285889151776505 ], [ -36.665920820364668, 17.333028763890059 ], [ -36.63, 17.37 ], [ -36.65333654834027, 17.438077007115297 ], [ -36.690012715628804, 17.499995761457068 ], [ -36.693970663595529, 17.572361598457505 ], [ -36.72, 17.64 ], [ -36.827989737456612, 17.759841533283563 ], [ -36.965, 17.845 ], [ -37.085111208736947, 17.952764090648678 ], [ -37.17, 18.09 ], [ -37.2, 18.223298219001887 ], [ -37.19, 18.36 ], [ -37.16165118808086, 18.493640828746727 ], [ -37.17, 18.63 ], [ -37.220276520784957, 18.669723479215047 ], [ -37.26, 18.72 ], [ -37.1625, 18.947861187166474 ], [ -37.105, 19.200547872595234 ], [ -37.0275, 19.449111440478283 ], [ -36.99, 19.71 ], [ -36.939600099068038, 19.719629297164406 ], [ -36.895002600811374, 19.745005201622746 ], [ -36.847033692434152, 19.764051603416867 ], [ -36.81, 19.8 ], [ -36.76441083012778, 19.777253357065991 ], [ -36.725045411628848, 19.744909176742304 ], [ -36.675628075260995, 19.732613001076349 ], [ -36.63, 19.71 ], [ -36.519984974477829, 19.8075 ], [ -36.38, 19.865 ], [ -36.242268410872647, 19.940829036113627 ], [ -36.09, 19.98 ], [ -36.019214720409259, 19.937031856257409 ], [ -35.940945339865507, 19.91 ], [ -35.890825862003993, 19.84361663332956 ], [ -35.82, 19.8 ], [ -35.691356261905952, 19.9425 ], [ -35.525, 20.045 ], [ -35.37072613018384, 20.1675 ], [ -35.19, 20.25 ], [ -35.281132539820312, 20.342192469891955 ], [ -35.345, 20.455 ], [ -35.389416950258202, 20.583641023348193 ], [ -35.46, 20.7 ], [ -35.4075, 20.82592523265583 ], [ -35.395, 20.9636521777431 ], [ -35.398718860718056, 21.103293339507502 ], [ -35.37, 21.24 ], [ -35.423392558292832, 21.27660744170716 ], [ -35.46, 21.33 ], [ -35.460530102688764, 21.421052210812359 ], [ -35.48, 21.51 ], [ -35.480469810302708, 21.60116331225586 ], [ -35.46, 21.69 ], [ -35.366068737065049, 21.803402032369011 ], [ -35.3, 21.935 ], [ -35.184283753896466, 22.02216707697216 ], [ -35.1, 22.14 ], [ -35.01, 22.14 ], [ -34.975, 22.321475431766309 ], [ -34.9, 22.487628131556676 ], [ -34.884059523572539, 22.677396953647005 ], [ -34.83, 22.86 ], [ -34.783541495174276, 22.882949773538495 ], [ -34.73210267091136, 22.889205341822727 ], [ -34.695870487854677, 22.926110895405898 ], [ -34.65, 22.95 ], [ -34.6575, 23.089277512309927 ], [ -34.625, 23.224880111741911 ], [ -34.575966164629627, 23.353386420716927 ], [ -34.56, 23.49 ], [ -34.28536154891691, 23.4825 ], [ -34.015331585731445, 23.515 ], [ -33.753687038391078, 23.5675 ], [ -33.48, 23.58 ], [ -33.391775375697982, 23.553539255053192 ], [ -33.3, 23.561351794452609 ], [ -33.211789438860613, 23.587948282716294 ], [ -33.12, 23.58 ], [ -33.028734317671187, 23.513335504756036 ], [ -32.965, 23.42 ], [ -32.893675769193287, 23.327948932713859 ], [ -32.85, 23.22 ], [ -32.739015210276754, 23.247046115613482 ], [ -32.625, 23.24 ], [ -32.514285756636113, 23.21 ], [ -32.4, 23.22 ], [ -32.3, 23.113247190498239 ], [ -32.24, 22.975 ], [ -32.157537580796799, 22.855390165076294 ], [ -32.04, 22.77 ], [ -31.876608200637772, 22.845 ], [ -31.693492071864359, 22.88 ], [ -31.510685080780441, 22.935 ], [ -31.32, 22.95 ], [ -31.338863463618544, 23.01624034925181 ], [ -31.334898043378921, 23.085 ], [ -31.318862964522921, 23.151552478132437 ], [ -31.32, 23.22 ], [ -31.213696606733109, 23.360872674598447 ], [ -31.075, 23.47 ], [ -30.9925, 23.630249336962954 ], [ -30.87, 23.76 ], [ -30.78, 23.777561507825659 ], [ -30.69, 23.76 ], [ -30.603231303926808, 23.805007409640485 ], [ -30.535, 23.875 ], [ -30.462110696870166, 23.941082129935932 ], [ -30.42, 24.03 ], [ -30.429874291995553, 24.12 ], [ -30.42, 24.21 ], [ -30.398130243614219, 24.256152009342564 ], [ -30.386985117840918, 24.305992558920462 ], [ -30.364704411526269, 24.352209991343411 ], [ -30.33, 24.39 ], [ -30.354783404511799, 24.478357399498687 ], [ -30.35, 24.57 ], [ -30.326528637265163, 24.658503181918352 ], [ -30.33, 24.75 ], [ -30.253593627686975, 24.839128835920011 ], [ -30.215, 24.95 ], [ -30.150924213193917, 25.043004706531612 ], [ -30.06, 25.11 ], [ -30.086959181423193, 25.246126891398777 ], [ -30.085, 25.384883835848612 ], [ -30.10017038768299, 25.521690715066537 ], [ -30.15, 25.65 ], [ -29.999531954319668, 25.699194660244267 ], [ -29.84201707057019, 25.715 ], [ -29.678750478770922, 25.7075 ], [ -29.52, 25.74 ], [ -29.507359670035498, 25.876176096770838 ], [ -29.455, 26.002517587292068 ], [ -29.425016285547084, 26.139683584402835 ], [ -29.43, 26.28 ], [ -29.374865908743761, 26.341245298471996 ], [ -29.305890958104897, 26.386336437157343 ], [ -29.225830714221456, 26.40907740057003 ], [ -29.16, 26.46 ], [ -29.108977136163972, 26.498977136163973 ], [ -29.07, 26.55 ], [ -28.947343089909484, 26.57155889117973 ], [ -28.832613135851634, 26.62 ], [ -28.716906098201004, 26.656830333212085 ], [ -28.62, 26.73 ], [ -28.569647711394445, 26.769647711394441 ], [ -28.53, 26.82 ], [ -28.380499202450654, 26.770076154257332 ], [ -28.223605644856864, 26.755 ], [ -28.063286296494255, 26.723297576732062 ], [ -27.9, 26.73 ], [ -27.853680879108179, 26.644204509048773 ], [ -27.785, 26.575 ], [ -27.713310384261248, 26.509668612517444 ], [ -27.63, 26.46 ], [ -27.632353655688394, 26.390669828786905 ], [ -27.61, 26.325 ], [ -27.609812468590114, 26.255990736087426 ], [ -27.63, 26.19 ], [ -27.525, 26.0475 ], [ -27.38, 25.945 ], [ -27.219940028933841, 25.8625 ], [ -27.09, 25.74 ], [ -26.958219786341541, 25.84 ], [ -26.8, 25.9 ], [ -26.690580660599366, 26.019475825749208 ], [ -26.55, 26.1 ], [ -26.530766945908713, 26.223389585282071 ], [ -26.48, 26.337484358733189 ], [ -26.440872840875603, 26.45195810401999 ], [ -26.37, 26.55 ], [ -26.281901987856326, 26.577117890706941 ], [ -26.19, 26.57 ], [ -26.098720640454886, 26.571514235906054 ], [ -26.01, 26.55 ], [ -25.909567830884544, 26.571996534111836 ], [ -25.818649541366476, 26.62 ], [ -25.727587414532696, 26.664670436138081 ], [ -25.65, 26.73 ], [ -25.476365346197774, 26.677504729110961 ], [ -25.295400216361685, 26.665 ], [ -25.114152310517049, 26.6325 ], [ -24.93, 26.64 ], [ -24.849558861815339, 26.663504197480641 ], [ -24.779835376821165, 26.71 ], [ -24.708921866458667, 26.753021013935761 ], [ -24.66, 26.82 ], [ -24.57, 26.82 ], [ -24.459957377239622, 26.7425 ], [ -24.327059474348609, 26.705 ], [ -24.232288508336154, 26.615799441595403 ], [ -24.12, 26.55 ], [ -23.986933675546585, 26.52 ], [ -23.85, 26.53 ], [ -23.716223945703835, 26.556523267001761 ], [ -23.58, 26.55 ], [ -23.528991475975204, 26.54233296110398 ], [ -23.483334375691022, 26.518331248617958 ], [ -23.446989332764698, 26.481562193306114 ], [ -23.4, 26.46 ], [ -23.4, 26.37 ], [ -23.25, 26.205 ], [ -23.06, 26.08 ], [ -22.884875040012211, 25.935 ], [ -22.68, 25.83 ], [ -22.61096853245126, 25.830337405953998 ], [ -22.545, 25.81 ], [ -22.478896269606526, 25.829424819844057 ], [ -22.41, 25.83 ], [ -22.362516629552939, 25.874935492087051 ], [ -22.333535535797346, 25.933535535797347 ], [ -22.286757603442457, 25.97852417823848 ], [ -22.23, 26.01 ], [ -22.23, 26.1 ], [ -22.119536883993927, 26.198431478615699 ], [ -21.985, 26.26 ], [ -21.898037569428226, 26.375926008663932 ], [ -21.78, 26.46 ], [ -21.681413129395818, 26.531701477509952 ], [ -21.565681992238545, 26.57 ], [ -21.452016728427228, 26.619059212991342 ], [ -21.33, 26.64 ], [ -21.3133720416103, 26.732861726661874 ], [ -21.265, 26.813855151514048 ], [ -21.23920475967363, 26.905141971638173 ], [ -21.24, 27.0 ], [ -21.24, 27.09 ], [ -21.25, 27.249166557878695 ], [ -21.22, 27.405 ], [ -21.25, 27.560874398041257 ], [ -21.24, 27.72 ], [ -21.17044609625232, 27.764148094521502 ], [ -21.11513282142624, 27.825199232139365 ], [ -21.048069677753194, 27.873277376411338 ], [ -20.97, 27.9 ], [ -20.921216203824525, 27.981467383463805 ], [ -20.905371898911866, 28.075092974727966 ], [ -20.883056644168004, 28.166225208413131 ], [ -20.88, 28.26 ], [ -20.835146529198855, 28.306687405513685 ], [ -20.802728812998108, 28.36272881299811 ], [ -20.746712298574334, 28.395179623482406 ], [ -20.7, 28.44 ], [ -20.701515095176543, 28.51416385586872 ], [ -20.675, 28.583442443891919 ], [ -20.651474528657321, 28.651330542642921 ], [ -20.61, 28.71 ], [ -20.523166843910989, 28.826058515008768 ], [ -20.405, 28.91 ], [ -20.269480255782344, 28.970063516666716 ], [ -20.16, 29.07 ], [ -20.10850296914996, 29.10850296914996 ], [ -20.07, 29.16 ], [ -19.937175506362539, 29.1975 ], [ -19.826910277348155, 29.275 ], [ -19.733462062912032, 29.365858293351469 ], [ -19.62, 29.43 ], [ -19.617203371317924, 29.502664611126693 ], [ -19.588729125472497, 29.569576375157496 ], [ -19.570981374304445, 29.640019181465039 ], [ -19.53, 29.7 ], [ -19.435632876026165, 29.773253379562728 ], [ -19.321962749823651, 29.81 ], [ -19.197302078219565, 29.832282103641759 ], [ -19.08, 29.88 ], [ -18.984478239322776, 29.879046443547434 ], [ -18.892027795378436, 29.855 ], [ -18.800460959562788, 29.83719630313481 ], [ -18.72, 29.79 ], [ -18.691408343970242, 29.848910451972866 ], [ -18.642923985907398, 29.892923985907398 ], [ -18.586582182434249, 29.924945704390428 ], [ -18.54, 29.97 ], [ -18.40343260574123, 29.96 ], [ -18.27, 29.99 ], [ -18.136015843401704, 29.966286114076979 ], [ -18.0, 29.97 ], [ -18.03, 30.193318232232972 ], [ -18.02, 30.42 ], [ -17.99, 30.643416547630295 ], [ -18.0, 30.87 ], [ -17.873263734751273, 30.9225 ], [ -17.736596147013547, 30.935 ], [ -17.596671757515207, 30.929506690516238 ], [ -17.46, 30.96 ], [ -17.401164971932921, 30.917014723184245 ], [ -17.331705296482326, 30.895 ], [ -17.259251793968943, 30.891573981170787 ], [ -17.19, 30.87 ], [ -17.184710132180385, 30.797932106488233 ], [ -17.1623282291491, 30.729223923616967 ], [ -17.140303650670425, 30.660203713829659 ], [ -17.1, 30.6 ], [ -17.042934888197614, 30.541027641110144 ], [ -16.974148081015784, 30.496277878476327 ], [ -16.897162797355119, 30.467420087193709 ], [ -16.83, 30.42 ], [ -16.757545795474119, 30.321426024754167 ], [ -16.72, 30.204992551940464 ], [ -16.703935991219815, 30.081855589172111 ], [ -16.65, 29.97 ], [ -16.556432833450284, 29.922611305200938 ], [ -16.454015882079869, 29.9 ], [ -16.3649483854532, 29.855526174878634 ], [ -16.29, 29.79 ], [ -16.185670830691212, 29.836199978873704 ], [ -16.073129403553271, 29.855 ], [ -15.954732090169076, 29.850410573959387 ], [ -15.84, 29.88 ], [ -15.794530684797479, 29.793574008053483 ], [ -15.725, 29.725 ], [ -15.637902984643365, 29.680435107654592 ], [ -15.57, 29.61 ], [ -15.391863291342458, 29.58 ], [ -15.21, 29.59 ], [ -15.031210894414384, 29.62 ], [ -14.85, 29.61 ], [ -14.665537684310848, 29.6025 ], [ -14.485373080817196, 29.635 ], [ -14.31150912341435, 29.6875 ], [ -14.13, 29.7 ], [ -14.04, 29.712429270852127 ], [ -13.95, 29.7 ], [ -13.724379437371894, 29.6225 ], [ -13.48, 29.585 ], [ -13.273132851259245, 29.4875 ], [ -13.05, 29.43 ], [ -13.016950601631804, 29.391085774963809 ], [ -12.992923990848718, 29.346038004575639 ], [ -12.969892725226808, 29.300271096058641 ], [ -12.96, 29.25 ], [ -12.843062362623064, 29.157410209705297 ], [ -12.707591900799619, 29.095 ], [ -12.557323696681786, 29.053685806514991 ], [ -12.42, 28.98 ], [ -12.367015765320925, 28.942984234679077 ], [ -12.33, 28.89 ], [ -12.264047578645807, 28.8695538441408 ], [ -12.195, 28.87 ], [ -12.128817078157752, 28.888890277564823 ], [ -12.06, 28.89 ], [ -11.94, 28.76058787704482 ], [ -11.86, 28.595 ], [ -11.8, 28.417660339769149 ], [ -11.7, 28.26 ], [ -11.671007212970462, 28.14918824773596 ], [ -11.68, 28.035 ], [ -11.673298865991558, 27.921015454754805 ], [ -11.7, 27.81 ], [ -11.724709632885006, 27.765187597182727 ], [ -11.758482130182461, 27.726741065091229 ], [ -11.78256189328637, 27.681081426617137 ], [ -11.79, 27.63 ], [ -11.798196628054972, 27.515882521950669 ], [ -11.77, 27.405 ], [ -11.8, 27.294293176928441 ], [ -11.79, 27.18 ], [ -11.827998607457355, 27.12799860745735 ], [ -11.88, 27.09 ], [ -11.873310190262204, 26.998145576695801 ], [ -11.9, 26.91 ], [ -11.905414442425817, 26.818287284174911 ], [ -11.88, 26.73 ], [ -11.918245195441484, 26.678245195441484 ], [ -11.97, 26.64 ], [ -12.059753625435569, 26.594239211997952 ], [ -12.137362172898325, 26.53 ], [ -12.227171364125132, 26.47708544623519 ], [ -12.33, 26.46 ], [ -12.345, 26.312647742186851 ], [ -12.4, 26.175650503015724 ], [ -12.472478086512297, 26.055345633801945 ], [ -12.51, 25.92 ], [ -12.512878484914397, 25.847121690989535 ], [ -12.535, 25.777622250920246 ], [ -12.558603423692078, 25.709279960590006 ], [ -12.6, 25.65 ], [ -12.73937676399734, 25.596536902432419 ], [ -12.887736852976255, 25.58 ], [ -13.023247894870131, 25.545 ], [ -13.14, 25.47 ], [ -13.229793033535472, 25.562758708080658 ], [ -13.34, 25.63 ], [ -13.43261013469837, 25.719911892241299 ], [ -13.5, 25.83 ], [ -13.559367068725773, 25.788010583035909 ], [ -13.628755553447569, 25.766266660342701 ], [ -13.696841273577432, 25.739493720932469 ], [ -13.77, 25.74 ], [ -13.820781588138402, 25.748546693439259 ], [ -13.868278241126397, 25.768443517747201 ], [ -13.905907199951912, 25.803512423759379 ], [ -13.95, 25.83 ], [ -13.9891581072102, 25.923525763407572 ], [ -14.06, 25.996064387651579 ], [ -14.082229904054408, 26.097641490207032 ], [ -14.13, 26.19 ], [ -14.244403722343261, 26.2 ], [ -14.355, 26.17 ], [ -14.468777052890855, 26.165633154977883 ], [ -14.58, 26.19 ], [ -14.599751865194023, 26.336840723601696 ], [ -14.65, 26.476223144426676 ], [ -14.688907045168566, 26.610087090242587 ], [ -14.76, 26.73 ], [ -14.870788952766013, 26.759249281382345 ], [ -14.985, 26.75 ], [ -15.099417687129915, 26.76 ], [ -15.21, 26.73 ], [ -15.259814211731408, 26.663628618345754 ], [ -15.330405710188064, 26.62 ], [ -15.400687906184684, 26.575351277490988 ], [ -15.48, 26.55 ], [ -15.503241376385056, 26.50393985135889 ], [ -15.539524148029612, 26.467262074014808 ], [ -15.564145233170196, 26.421571132335732 ], [ -15.57, 26.37 ], [ -15.66, 26.37 ], [ -15.74, 26.205253769400141 ], [ -15.86, 26.075 ], [ -15.92, 25.893554870713572 ], [ -16.02, 25.74 ], [ -16.070621249607949, 25.731107512716701 ], [ -16.117314647361134, 25.709629294722269 ], [ -16.153902006025543, 25.673220654944377 ], [ -16.2, 25.65 ], [ -16.262284690696816, 25.597994942325194 ], [ -16.31, 25.532366000713584 ], [ -16.330644649474916, 25.449587864092472 ], [ -16.38, 25.38 ], [ -16.44860833741631, 25.290249868274305 ], [ -16.540828968502829, 25.225 ], [ -16.651474091730105, 25.186654377647688 ], [ -16.74, 25.11 ], [ -16.75570699099433, 25.02 ], [ -16.74, 24.93 ], [ -16.820826363704299, 24.905352472021573 ], [ -16.892125416900253, 24.86 ], [ -16.9453504052894, 24.798878769512633 ], [ -17.01, 24.75 ], [ -17.045563431559049, 24.71281104027878 ], [ -17.068325605707599, 24.6666628028538 ], [ -17.079272900817674, 24.616729082017876 ], [ -17.1, 24.57 ], [ -17.169287232219556, 24.461429785775643 ], [ -17.26, 24.37 ], [ -17.368205684820744, 24.300257106025931 ], [ -17.46, 24.21 ], [ -17.482422564877083, 24.144340379981792 ], [ -17.48, 24.075 ], [ -17.458433686988709, 24.009213527853525 ], [ -17.46, 23.94 ], [ -17.3825, 23.827858009203492 ], [ -17.345, 23.695 ], [ -17.249315901773045, 23.606248952317944 ], [ -17.19, 23.49 ], [ -17.120386942181565, 23.417590065055204 ], [ -17.08, 23.325622291358293 ], [ -17.060456234263274, 23.222280403804504 ], [ -17.01, 23.13 ], [ -16.875894381629415, 23.0525 ], [ -16.72, 23.015 ], [ -16.60917132457606, 22.9175 ], [ -16.47, 22.86 ], [ -16.4303179944013, 22.800072480036739 ], [ -16.405, 22.732804594855338 ], [ -16.402525529997828, 22.659647184084157 ], [ -16.38, 22.59 ], [ -16.285417512845967, 22.592595692485368 ], [ -16.195343763937082, 22.563624944251668 ], [ -16.103553944672793, 22.54316108128512 ], [ -16.02, 22.5 ], [ -15.974347720816541, 22.405147188840068 ], [ -15.95, 22.302734421712984 ], [ -15.909279356294434, 22.211715109132385 ], [ -15.84, 22.14 ], [ -15.938812201592604, 22.005379145706264 ], [ -16.0, 21.85 ], [ -16.08, 21.705244765564991 ], [ -16.2, 21.6 ], [ -16.272490146167502, 21.603093577173105 ], [ -16.341495418059719, 21.62551374582085 ], [ -16.411805698078812, 21.645684852911071 ], [ -16.47, 21.69 ], [ -16.538935720935431, 21.783424460462125 ], [ -16.585, 21.89 ], [ -16.678347460435909, 21.95464777270271 ], [ -16.74, 22.05 ], [ -16.922114481644563, 22.0825 ], [ -17.108672505506391, 22.075 ], [ -17.289964743644067, 22.0875 ], [ -17.46, 22.14 ], [ -17.504312270877254, 22.092851992686469 ], [ -17.560133555393449, 22.060133555393449 ], [ -17.605184355195622, 22.014148553463393 ], [ -17.64, 21.96 ], [ -17.756690254261748, 21.899449778711464 ], [ -17.848135232467872, 21.805 ], [ -17.975591929155943, 21.76122175154946 ], [ -18.09, 21.69 ], [ -18.09, 21.6 ], [ -18.18, 21.6 ], [ -18.338298922685443, 21.5025 ], [ -18.52, 21.445 ], [ -18.703362191886878, 21.3675 ], [ -18.9, 21.33 ], [ -18.96, 21.488190989943263 ], [ -19.06, 21.62 ], [ -19.175435406182892, 21.732651675053688 ], [ -19.26, 21.87 ], [ -19.35, 21.87 ], [ -19.506282704090808, 21.93 ], [ -19.64, 22.03 ], [ -19.776949632570233, 22.115062959287211 ], [ -19.89, 22.23 ], [ -19.942032170026248, 22.267967829973752 ], [ -19.98, 22.32 ], [ -20.001866590292511, 22.3670199302585 ], [ -20.03940130770351, 22.402799346148242 ], [ -20.059872340656081, 22.449771629980699 ], [ -20.07, 22.5 ], [ -20.225665780781547, 22.47 ], [ -20.385, 22.48 ], [ -20.544037570176972, 22.47 ], [ -20.7, 22.5 ], [ -20.83162636716153, 22.359486585907376 ], [ -20.99, 22.25 ], [ -21.135, 22.125 ], [ -21.24, 21.96 ], [ -21.260111627605077, 21.867916612187457 ], [ -21.304869183282893, 21.784967295820724 ], [ -21.333077001995601, 21.694608923872689 ], [ -21.33, 21.6 ], [ -21.361403609007912, 21.560031274664787 ], [ -21.384243916690831, 21.514621958345415 ], [ -21.395527345597497, 21.464818983372478 ], [ -21.42, 21.42 ], [ -21.51, 21.405628525207518 ], [ -21.6, 21.42 ], [ -21.712923980112798, 21.356154975140996 ], [ -21.8, 21.26 ], [ -21.892473243657399, 21.169978594925915 ], [ -21.96, 21.06 ], [ -21.99, 20.926948654245727 ], [ -21.98, 20.79 ], [ -21.983701355689277, 20.653985084763757 ], [ -21.96, 20.52 ], [ -21.913632305370538, 20.452298230445287 ], [ -21.883598942113583, 20.375934038590945 ], [ -21.820101367324042, 20.322590399796944 ], [ -21.78, 20.25 ], [ -21.708155778218146, 20.206396107809461 ], [ -21.628367701977925, 20.18 ], [ -21.574690730410762, 20.119074212161564 ], [ -21.51, 20.07 ], [ -21.5175, 19.907963616663853 ], [ -21.485, 19.749479375412676 ], [ -21.4725, 19.588580242728174 ], [ -21.42, 19.44 ], [ -21.581068833349697, 19.3425 ], [ -21.764677334528567, 19.285 ], [ -21.963426671871865, 19.2475 ], [ -22.14, 19.17 ], [ -22.127557767752961, 19.08 ], [ -22.14, 18.99 ], [ -22.066016490944673, 18.895047988093967 ], [ -22.03, 18.780190439116222 ], [ -22.007781443462402, 18.656370254294462 ], [ -21.96, 18.54 ], [ -22.008507714917133, 18.459071086640702 ], [ -22.025, 18.366170645539789 ], [ -22.04834873085559, 18.274542148955373 ], [ -22.05, 18.18 ], [ -22.007162626538658, 18.066690023920316 ], [ -21.94, 17.965876469074377 ], [ -21.918939099746837, 17.843801590529807 ], [ -21.87, 17.73 ], [ -21.906015675691354, 17.676015675691357 ], [ -21.96, 17.64 ], [ -22.097676391441301, 17.555637638551794 ], [ -22.205, 17.435 ], [ -22.322769864229993, 17.325276825172033 ], [ -22.41, 17.19 ], [ -22.545704420076692, 17.077940331675158 ], [ -22.655, 16.94 ], [ -22.7775, 16.81184807400868 ], [ -22.86, 16.65 ], [ -22.874256541211984, 16.535869656824421 ], [ -22.925, 16.43265102676698 ], [ -22.9175, 16.314168283900838 ], [ -22.95, 16.2 ], [ -22.838893547300284, 16.133882727764139 ], [ -22.745, 16.045 ], [ -22.630071048194534, 15.971370375585561 ], [ -22.5, 15.93 ], [ -22.41, 15.93 ], [ -22.243892225950585, 15.8275 ], [ -22.115, 15.685 ], [ -21.959983938032764, 15.5625 ], [ -21.78, 15.48 ], [ -21.754650827544197, 15.435132668432329 ], [ -21.718830099324702, 15.398084950337649 ], [ -21.695353620445349, 15.351705900122916 ], [ -21.69, 15.3 ], [ -21.6229564261088, 15.230204132518008 ], [ -21.540557854682039, 15.17944214531796 ], [ -21.493592702185939, 15.093980594264425 ], [ -21.42, 15.03 ], [ -21.366283237268252, 14.993716762731749 ], [ -21.33, 14.94 ], [ -21.306471527534555, 14.894593078576266 ], [ -21.295876121445104, 14.844561939277446 ], [ -21.260308296856351, 14.807322500332413 ], [ -21.24, 14.76 ], [ -21.21, 14.581850720510822 ], [ -21.22, 14.4 ], [ -21.21, 14.218859163560126 ], [ -21.24, 14.04 ], [ -21.277755093806086, 13.987755093806086 ], [ -21.33, 13.95 ], [ -21.381649123915341, 13.944428990658093 ], [ -21.428630242449305, 13.92226048489861 ], [ -21.46531025021816, 13.885896178125021 ], [ -21.51, 13.86 ], [ -21.591292717479178, 13.807859803463147 ], [ -21.660530598716594, 13.740530598716589 ], [ -21.712502990069499, 13.659104701770723 ], [ -21.78, 13.59 ], [ -21.850103234847129, 13.446427300227574 ], [ -21.89, 13.291715207014695 ], [ -21.905, 13.120034268992251 ], [ -21.96, 12.96 ], [ -21.889168193050338, 12.8892596670256 ], [ -21.85, 12.797133708478322 ], [ -21.827029357258883, 12.694295362495707 ], [ -21.78, 12.6 ], [ -21.78, 12.51 ], [ -21.917622790829249, 12.45 ], [ -22.025, 12.35 ], [ -22.140933313182195, 12.26376914601175 ], [ -22.23, 12.15 ], [ -22.23, 12.06 ], [ -22.15, 11.894798079302703 ], [ -22.03, 11.765 ], [ -21.93, 11.608455969379715 ], [ -21.87, 11.43 ], [ -21.781678279586789, 11.385249972695092 ], [ -21.707208605867688, 11.32 ], [ -21.612659476845693, 11.273575497232764 ], [ -21.51, 11.25 ], [ -21.438743686899013, 11.182706296816862 ], [ -21.395, 11.095 ], [ -21.308809906959471, 11.049212734098106 ], [ -21.24, 10.98 ], [ -21.1924747340443, 10.89854548519955 ], [ -21.175, 10.80587336125919 ], [ -21.149525280882951, 10.714681782648135 ], [ -21.15, 10.62 ], [ -21.175024002017256, 10.57471070301232 ], [ -21.181836626533844, 10.523418313266921 ], [ -21.203184575206208, 10.476316811985166 ], [ -21.24, 10.44 ], [ -21.211098937356013, 10.303019356543642 ], [ -21.215, 10.16307740495686 ], [ -21.1625, 10.037393030982953 ], [ -21.15, 9.9 ], [ -21.189425085969063, 9.849425085969063 ], [ -21.24, 9.81 ], [ -21.287570462538675, 9.766272588140451 ], [ -21.342898818060014, 9.732898818060018 ], [ -21.372115902641838, 9.674455894549087 ], [ -21.42, 9.63 ], [ -21.442027413054848, 9.541336379228316 ], [ -21.44, 9.45 ], [ -21.439650004685035, 9.358927777257218 ], [ -21.42, 9.27 ], [ -21.487965343548566, 9.178596147219753 ], [ -21.574723732821688, 9.104792799616266 ], [ -21.643552158502029, 9.014018693360295 ], [ -21.69, 8.91 ], [ -21.57, 8.732692909034279 ], [ -21.49, 8.525 ], [ -21.39, 8.320548791248999 ], [ -21.33, 8.1 ], [ -21.3375, 7.958804469673036 ], [ -21.305, 7.822393145849229 ], [ -21.257999380918527, 7.694788664620626 ], [ -21.24, 7.56 ], [ -21.372159532008531, 7.439335435524265 ], [ -21.53, 7.355 ], [ -21.671021554072329, 7.248848524563598 ], [ -21.78, 7.11 ], [ -21.803906374569046, 7.064113687658933 ], [ -21.810621920274208, 7.012810960137102 ], [ -21.834186320946991, 6.967013919899219 ], [ -21.87, 6.93 ], [ -21.908565384971126, 6.89643120125244 ], [ -21.953788476458342, 6.87257695291668 ], [ -21.998866607845532, 6.847346788981434 ], [ -22.05, 6.84 ], [ -22.0238796938463, 6.706194096752125 ], [ -22.03, 6.57 ], [ -22.02, 6.433190525685131 ], [ -22.05, 6.3 ], [ -22.11977425593069, 6.211944393218772 ], [ -22.21, 6.145 ], [ -22.320088289201752, 6.105044850785649 ], [ -22.41, 6.03 ], [ -22.419143474090099, 5.94 ], [ -22.41, 5.85 ], [ -22.505141196135526, 5.760838465370761 ], [ -22.565, 5.645 ], [ -22.638651142521827, 5.530081148530652 ], [ -22.68, 5.4 ], [ -22.702746839326213, 5.311416315480692 ], [ -22.7, 5.22 ], [ -22.676554753827929, 5.131493916241341 ], [ -22.68, 5.04 ], [ -22.745731097827942, 4.947907745348022 ], [ -22.835, 4.878390670513515 ], [ -22.880087547445143, 4.772000278956409 ], [ -22.95, 4.68 ], [ -22.972787971000741, 4.587842587835568 ], [ -22.975, 4.492935332228411 ], [ -22.996296348183986, 4.402256627463764 ], [ -23.04, 4.32 ], [ -23.093253272098796, 4.283253272098794 ], [ -23.13, 4.23 ], [ -23.104839039639778, 4.096123034100757 ], [ -23.11, 3.96 ], [ -23.100847985324176, 3.823581332246235 ], [ -23.13, 3.69 ], [ -23.13, 3.6 ], [ -23.155993782160184, 3.530748078198078 ], [ -23.155, 3.456785129492197 ], [ -23.194590780355409, 3.397027854822684 ], [ -23.22, 3.33 ], [ -23.385, 3.225 ], [ -23.51, 3.08 ], [ -23.61941877736966, 2.921567911525567 ], [ -23.76, 2.79 ], [ -23.825808064723283, 2.768579436882157 ], [ -23.895, 2.77 ], [ -23.963587869571153, 2.77265688039474 ], [ -24.03, 2.79 ], [ -24.1075, 2.65839410543056 ], [ -24.145, 2.505446651826602 ], [ -24.2425, 2.390739626632386 ], [ -24.3, 2.25 ], [ -24.301185558537085, 2.181108788391886 ], [ -24.281768229080242, 2.115 ], [ -24.30078251125704, 2.048836780010488 ], [ -24.3, 1.98 ], [ -24.276400102133803, 1.888604239359349 ], [ -24.275, 1.794221084313582 ], [ -24.259783564888156, 1.700662231252537 ], [ -24.21, 1.62 ], [ -24.186888804034599, 1.551251132919257 ], [ -24.146035961009755, 1.491321346330081 ], [ -24.121327361751892, 1.422814463105038 ], [ -24.12, 1.35 ], [ -24.115297816623851, 1.277290039915765 ], [ -24.095, 1.207312561651266 ], [ -24.051839440570976, 1.149099077309335 ], [ -24.03, 1.08 ], [ -24.05634503622051, 1.03568096319511 ], [ -24.092132310140592, 0.998566155070293 ], [ -24.100101093866225, 0.947596570888835 ], [ -24.12, 0.9 ], [ -24.0425, 0.722105980481799 ], [ -24.005, 0.523990202486614 ], [ -23.9475, 0.338573262768119 ], [ -23.85, 0.18 ], [ -23.85, 0.09 ], [ -23.981906281934251, -0.03102282067838 ], [ -24.14, -0.115 ], [ -24.246930349192326, -0.255938419191505 ], [ -24.39, -0.36 ], [ -24.43552616167743, -0.38321446014164 ], [ -24.485461673182272, -0.394076653635456 ], [ -24.522236553272954, -0.430343937067764 ], [ -24.57, -0.45 ], [ -24.715, -0.575 ], [ -24.82, -0.74 ], [ -24.985, -0.845 ], [ -25.11, -0.99 ], [ -25.099867775196298, -1.08 ], [ -25.11, -1.17 ], [ -25.12578994417337, -1.337651363417788 ], [ -25.18, -1.4970802561572 ], [ -25.215, -1.658251384118318 ], [ -25.29, -1.8 ], [ -25.345, -1.981280359637271 ], [ -25.36, -2.1728450344055 ], [ -25.435, -2.340043706581318 ], [ -25.47, -2.52 ], [ -25.566313678331174, -2.657945806375948 ], [ -25.625, -2.815620426335453 ], [ -25.6625, -2.991681934572739 ], [ -25.74, -3.15 ], [ -25.805128808231093, -3.242850907632421 ], [ -25.9, -3.305 ], [ -25.991273329689722, -3.377676817930916 ], [ -26.1, -3.42 ], [ -26.137599333749449, -3.385024189479753 ], [ -26.183615705544668, -3.362231411089335 ], [ -26.22879358308942, -3.337101881859427 ], [ -26.28, -3.33 ], [ -26.396020471703373, -3.365816709520573 ], [ -26.492147606003723, -3.44 ], [ -26.605799599336979, -3.492921170973091 ], [ -26.73, -3.51 ], [ -26.82, -3.51 ], [ -26.892564950138514, -3.512689681185837 ], [ -26.961208750317738, -3.536373749046776 ], [ -27.020267118830585, -3.578990464269701 ], [ -27.09, -3.6 ], [ -27.18, -3.615568010111508 ], [ -27.27, -3.6 ], [ -27.385188735780819, -3.614123829268706 ], [ -27.48949378194693, -3.665 ], [ -27.607140900692595, -3.6575 ], [ -27.72, -3.69 ], [ -27.784912243955539, -3.596925542147654 ], [ -27.88, -3.535 ], [ -27.987844021826707, -3.49114177708993 ], [ -28.08, -3.42 ], [ -28.263021111892861, -3.455 ], [ -28.426749183175421, -3.53 ], [ -28.606974216556765, -3.585 ], [ -28.8, -3.6 ], [ -28.863061155998263, -3.653300749434897 ], [ -28.91, -3.721230302723132 ], [ -28.934024392950331, -3.800779459063605 ], [ -28.98, -3.87 ], [ -28.992921702664692, -3.96 ], [ -28.98, -4.05 ], [ -29.1225, -4.155 ], [ -29.225, -4.3 ], [ -29.3075, -4.460406562273388 ], [ -29.43, -4.59 ], [ -29.386550388337376, -4.680471670989429 ], [ -29.32, -4.755598482564238 ], [ -29.272105033005985, -4.848156028093831 ], [ -29.25, -4.95 ], [ -29.331213825453176, -5.090028939637461 ], [ -29.45, -5.2 ], [ -29.55, -5.329375921631502 ], [ -29.61, -5.49 ], [ -29.6875, -5.602697380629615 ], [ -29.725, -5.735 ], [ -29.785275675888094, -5.850523269450464 ], [ -29.88, -5.94 ], [ -29.97, -5.957003723426947 ], [ -30.06, -5.94 ], [ -30.18, -6.022524967716611 ], [ -30.26, -6.145 ], [ -30.352871804760827, -6.259093923421503 ], [ -30.42, -6.39 ], [ -30.569333825524438, -6.4425 ], [ -30.729785589090167, -6.455 ], [ -30.891832623174906, -6.4475 ], [ -30.961342112062049, -6.474657396239649 ], [ -31.0345031530635, -6.469987542558705 ], [ -31.087264135546473, -6.427264135546475 ], [ -31.107080462354848, -6.405387899972315 ], [ -31.119338828267324, -6.395269883663603 ], [ -31.14, -6.39 ], [ -31.152806112980755, -6.391962070639601 ], [ -31.16136751139582, -6.396631924320545 ], [ -31.17887946269936, -6.416867956937969 ], [ -31.209622666098905, -6.422510696802443 ], [ -31.25709951185517, -6.447416583100811 ], [ -31.298113637195048, -6.445 ], [ -31.338821951271687, -6.459869526249995 ], [ -31.374212534245672, -6.461983610386897 ], [ -31.404225060428281, -6.464395331240857 ], [ -31.43262977270825, -6.459571889532937 ], [ -31.451387601572378, -6.439742184733714 ], [ -31.46532198872859, -6.418304666031851 ], [ -31.483198260907539, -6.36958568841841 ], [ -31.507929057148548, -6.329472947911006 ], [ -31.524409149650598, -6.285794003555964 ], [ -31.530438451785503, -6.249216237270906 ], [ -31.529118488770152, -6.156329036988637 ], [ -31.536901578238393, -6.099512483870487 ], [ -31.535734114818148, -6.054759719428108 ], [ -31.53767988718521, -6.01428765419326 ], [ -31.547408749020509, -5.962919263702878 ], [ -31.545073822180036, -5.926727897675562 ], [ -31.552813861930566, -5.786299817802555 ], [ -31.551608001503592, -5.70490423898142 ], [ -31.544640807925486, -5.619690102141513 ], [ -31.544684667706633, -5.59828152211584 ], [ -31.539625659552279, -5.572597326870648 ], [ -31.531064261137214, -5.550026367412752 ], [ -31.529507643243569, -5.52628794453462 ], [ -31.531064261137217, -5.50877599323108 ], [ -31.528340179823335, -5.488929115087068 ], [ -31.522502862722156, -5.470249700363293 ], [ -31.52152997653862, -5.4509865539294 ], [ -31.523086594432268, -5.442814309987749 ], [ -31.522205451284155, -5.435196026973802 ], [ -31.52152997653862, -5.432112561968919 ], [ -31.524059480615797, -5.427831862761387 ], [ -31.533788342451103, -5.419136692496087 ], [ -31.539236505078865, -5.410319911457847 ], [ -31.542738895339578, -5.396760310274898 ], [ -31.557137610855822, -5.366795415822174 ], [ -31.566866472691121, -5.335273903475803 ], [ -31.580876033733954, -5.301028309815547 ], [ -31.599616263173584, -5.270941249593005 ], [ -31.620569790021968, -5.223720341456796 ], [ -31.623537092881733, -5.21394283531232 ], [ -31.626115241268089, -5.208981115776317 ], [ -31.627817792089274, -5.203885624390078 ], [ -31.631028316494927, -5.193767608081366 ], [ -31.64041666816599, -5.173336998227237 ], [ -31.644052830276927, -5.164848566275937 ], [ -31.644867622455632, -5.162270417889583 ], [ -31.645621609247868, -5.161005665850994 ], [ -31.646472884658454, -5.158330228846285 ], [ -31.648175435479633, -5.155022415822284 ], [ -31.64958612044575, -5.151422736943224 ], [ -31.651021127566462, -5.14869865562934 ], [ -31.652018335904582, -5.145609741996632 ], [ -31.653404698716113, -5.142472184054748 ], [ -31.654012752580829, -5.139602169813337 ], [ -31.655374793237758, -5.137413175900392 ], [ -31.657442176377764, -5.132597389291918 ], [ -31.658767733802822, -5.130238140296858 ], [ -31.659387948744822, -5.129253093036034 ], [ -31.659874391836588, -5.12806130746121 ], [ -31.660458123546704, -5.126601978185915 ], [ -31.66182673283696, -5.123580590055242 ], [ -31.661942788641483, -5.123684035498473 ], [ -31.660749989401765, -5.127319481746269 ], [ -31.660154096614352, -5.129423348118152 ], [ -31.65851789448956, -5.1336978388297 ], [ -31.658008436123112, -5.13541153024799 ], [ -31.65769022295488, -5.136985848027658 ], [ -31.656761156049289, -5.138945471639452 ], [ -31.656396323730466, -5.140745311078982 ], [ -31.656226068648348, -5.142204640354277 ], [ -31.65571530340199, -5.14368829178416 ], [ -31.65481538368223, -5.14522058752322 ], [ -31.654183007662937, -5.147044749117339 ], [ -31.653185799324813, -5.150303917832164 ], [ -31.651215704803164, -5.156676322334286 ], [ -31.650096885692104, -5.158962604865581 ], [ -31.649221288126927, -5.161516431097347 ], [ -31.648102469015864, -5.164751277657583 ], [ -31.64771331454245, -5.167572647589821 ], [ -31.64567025355705, -5.173239709608883 ], [ -31.641778708822933, -5.184525189337831 ], [ -31.639832936455871, -5.194059473936425 ], [ -31.635990036030929, -5.203788335771725 ], [ -31.634530706755623, -5.207521786501022 ], [ -31.63428748520974, -5.210780955215847 ], [ -31.631466115277501, -5.217299292645499 ], [ -31.628352879490215, -5.230202195654564 ], [ -31.619013172128327, -5.254718927479519 ], [ -31.616289090814444, -5.273398342203295 ], [ -31.596442212670432, -5.314259561911554 ], [ -31.586324196361723, -5.346170228731339 ], [ -31.56906790165764, -5.381344099983969 ], [ -31.565309854797466, -5.395337464231484 ], [ -31.564142391377235, -5.408434944477257 ], [ -31.56122373282664, -5.415184342375496 ], [ -31.555970147435577, -5.421216236713382 ], [ -31.55107206353604, -5.434456542108227 ], [ -31.548381635204038, -5.446511277485162 ], [ -31.549464249633399, -5.455358122842543 ], [ -31.552078602701467, -5.478811098778356 ], [ -31.550804094552266, -5.498501129230042 ], [ -31.562196619010173, -5.534849342949684 ], [ -31.563364082430407, -5.564425082928996 ], [ -31.571536326372062, -5.611901928685259 ], [ -31.582912919303748, -5.64868692459574 ], [ -31.592875225004679, -5.785294934113406 ], [ -31.600780310025986, -5.992099997340437 ], [ -31.6006463255341, -6.034707065760389 ], [ -31.596492806285614, -6.071686785521103 ], [ -31.58360011504783, -6.105738955445078 ], [ -31.578541106893475, -6.151270028834283 ], [ -31.566866472691114, -6.204584191691725 ], [ -31.562974927956994, -6.229100923516681 ], [ -31.564738481708485, -6.249752175238452 ], [ -31.558305074276053, -6.28552832216142 ], [ -31.546241285600281, -6.317828143454615 ], [ -31.542349740866161, -6.332616013444271 ], [ -31.532231724557448, -6.347014728960515 ], [ -31.529896797716976, -6.367250761577938 ], [ -31.525616098509445, -6.383984403934654 ], [ -31.523670326142383, -6.40655536339255 ], [ -31.516276391147557, -6.421926965092324 ], [ -31.508687878916025, -6.432628713111154 ], [ -31.504796334181904, -6.438076875738922 ], [ -31.498764439844017, -6.442162997709747 ], [ -31.49137050484919, -6.440995534289512 ], [ -31.4917596593226, -6.43574194889845 ], [ -31.48650607393154, -6.432434135874448 ], [ -31.484365724327773, -6.428348013903622 ], [ -31.478528407226595, -6.426791396009974 ], [ -31.470161586048235, -6.432823290347859 ], [ -31.468410390917882, -6.442357574946453 ], [ -31.465686309603999, -6.458702062829757 ], [ -31.46996700881153, -6.466874306771409 ], [ -31.470939894995059, -6.476408591370003 ], [ -31.480668756830362, -6.482245908471183 ], [ -31.49319076304101, -6.489316446731772 ], [ -31.520946244828497, -6.497617510170958 ], [ -31.549354521387574, -6.508902989899906 ], [ -31.581265188207357, -6.518631851735205 ], [ -31.610062619239844, -6.534198030671685 ], [ -31.650923838948103, -6.536143803038745 ], [ -31.69100674970954, -6.547429282767693 ], [ -31.729143888103916, -6.561827998283936 ], [ -31.77, -6.57 ], [ -31.805958276256028, -6.607319257196621 ], [ -31.851219439256184, -6.632561121487631 ], [ -31.902936033507935, -6.637905780068533 ], [ -31.95, -6.66 ], [ -32.002324103881925, -6.697675896118072 ], [ -32.04, -6.75 ], [ -32.205, -6.855 ], [ -32.33, -7.0 ], [ -32.435, -7.165 ], [ -32.58, -7.29 ], [ -32.605446008464568, -7.378283776837272 ], [ -32.6, -7.47 ], [ -32.601877625425068, -7.561319736158342 ], [ -32.58, -7.65 ], [ -32.58, -7.74 ], [ -32.71899098744521, -7.79107333472101 ], [ -32.865854057860936, -7.81 ], [ -33.001760773256187, -7.845 ], [ -33.12, -7.92 ], [ -33.185625597212265, -7.970027827222204 ], [ -33.23, -8.03960091744589 ], [ -33.25187315525983, -8.120910064687338 ], [ -33.3, -8.19 ], [ -33.365924144460124, -8.210637024894147 ], [ -33.435, -8.21 ], [ -33.500768643783211, -8.188313345536663 ], [ -33.57, -8.19 ], [ -33.660165402997372, -8.282293246253287 ], [ -33.77, -8.35 ], [ -33.836088745783819, -8.461129003372946 ], [ -33.93, -8.55 ], [ -34.022120169460962, -8.64122816297099 ], [ -34.135, -8.705 ], [ -34.24957568357334, -8.779382239343757 ], [ -34.38, -8.82 ], [ -34.404380995882796, -8.86517370937603 ], [ -34.413687529737132, -8.915656235131435 ], [ -34.435685960948547, -8.961939401318238 ], [ -34.47, -9.0 ], [ -34.696446998208785, -8.99 ], [ -34.92, -9.02 ], [ -35.143505900647973, -8.99 ], [ -35.37, -9.0 ], [ -35.42174082759697, -9.005280732597971 ], [ -35.467492518079673, -9.030014963840646 ], [ -35.512133627263786, -9.05534826621605 ], [ -35.55, -9.09 ], [ -35.535933544230289, -9.18 ], [ -35.55, -9.27 ], [ -35.528828990906391, -9.38261995734838 ], [ -35.485, -9.488499539777289 ], [ -35.460170316926991, -9.60291827328372 ], [ -35.46, -9.72 ], [ -35.483069460378111, -9.790013411150396 ], [ -35.485, -9.863704324836007 ], [ -35.527711456461567, -9.921596680239853 ], [ -35.55, -9.99 ], [ -35.559966047479413, -10.104274759775949 ], [ -35.53, -10.215 ], [ -35.56, -10.325689558482866 ], [ -35.55, -10.44 ], [ -35.551450266581639, -10.512847652652178 ], [ -35.578539328262202, -10.580486890579264 ], [ -35.596818424682098, -10.65115220266506 ], [ -35.64, -10.71 ], [ -35.58, -10.915128649445695 ], [ -35.48, -11.09 ], [ -35.4, -11.276583090119884 ], [ -35.28, -11.43 ], [ -35.298155200796394, -11.564111821342003 ], [ -35.345, -11.691080938560326 ], [ -35.3375, -11.832524201714163 ], [ -35.37, -11.97 ], [ -35.421163216172694, -12.035809473229836 ], [ -35.443195170843865, -12.116203219437418 ], [ -35.488050891519109, -12.185475211665326 ], [ -35.55, -12.24 ], [ -35.574151824888382, -12.309301905260707 ], [ -35.575, -12.38268681731477 ], [ -35.598567396791346, -12.45090396708752 ], [ -35.64, -12.51 ], [ -35.686275558470051, -12.556579712947478 ], [ -35.745879066047522, -12.58412093395248 ], [ -35.774594084169131, -12.642902721601724 ], [ -35.82, -12.69 ], [ -35.889007246794272, -12.737441418935452 ], [ -35.96965337975233, -12.76 ], [ -36.040147345087654, -12.803708582059601 ], [ -36.09, -12.87 ], [ -36.18, -12.860994776592747 ], [ -36.27, -12.87 ], [ -36.393597658799401, -12.939038999361737 ], [ -36.529115041892027, -12.98 ], [ -36.665618065815345, -13.030807624133526 ], [ -36.81, -13.05 ], [ -36.825, -13.17570196893443 ], [ -36.88, -13.288379561530087 ], [ -36.95152081892477, -13.385602282814165 ], [ -36.99, -13.5 ], [ -36.975, -13.62764517842022 ], [ -36.92, -13.74253311343888 ], [ -36.848764907341362, -13.837658627897385 ], [ -36.81, -13.95 ], [ -36.920049002956887, -14.067380459880797 ], [ -37.055, -14.155 ], [ -37.175347796428113, -14.262566129519335 ], [ -37.26, -14.4 ], [ -37.243014328501211, -14.49 ], [ -37.26, -14.58 ], [ -37.308598563080452, -14.623078545361754 ], [ -37.340168050762905, -14.679831949237087 ], [ -37.384188826908421, -14.727257167888201 ], [ -37.44, -14.76 ], [ -37.446415747587949, -14.873959177563371 ], [ -37.42, -14.985 ], [ -37.45, -15.095561697602148 ], [ -37.44, -15.21 ], [ -37.483347985953003, -15.316519866369314 ], [ -37.555, -15.406472735698348 ], [ -37.620068019115706, -15.500020072819074 ], [ -37.71, -15.57 ], [ -37.695, -15.784820625226251 ], [ -37.64, -15.991060510178865 ], [ -37.605, -16.194945973153487 ], [ -37.53, -16.38 ], [ -37.581592488773715, -16.418407511226281 ], [ -37.62, -16.47 ], [ -37.629572588862125, -16.584239785676633 ], [ -37.6, -16.695 ], [ -37.59, -16.80936576633643 ], [ -37.62, -16.92 ], [ -37.6775, -17.060476746959921 ], [ -37.775, -17.174572328740993 ], [ -37.851261884216235, -17.309726922915907 ], [ -37.89, -17.46 ], [ -37.9725, -17.622496333287621 ], [ -38.095, -17.75 ], [ -38.2375, -17.85510985114702 ], [ -38.34, -18.0 ], [ -38.35136733652881, -18.09 ], [ -38.34, -18.18 ], [ -38.4825, -18.33 ], [ -38.585, -18.52 ], [ -38.7075, -18.698280643772218 ], [ -38.79, -18.9 ], [ -38.863291531872143, -18.901391260812176 ], [ -38.932690463310422, -18.925 ], [ -38.990238479001839, -18.969460736168902 ], [ -39.06, -18.99 ], [ -39.096422572020394, -19.043577427979603 ], [ -39.15, -19.08 ], [ -39.209212499973255, -19.037878700333565 ], [ -39.278182704480123, -19.015 ], [ -39.351250028952016, -19.014745507727618 ], [ -39.42, -18.99 ], [ -39.465318821573071, -18.922095780909046 ], [ -39.53, -18.872284901410431 ], [ -39.57788246909417, -18.802064067544702 ], [ -39.6, -18.72 ], [ -39.620197445824537, -18.629267174811822 ], [ -39.665, -18.547823246101217 ], [ -39.66800616996774, -18.452647957579305 ], [ -39.69, -18.36 ], [ -39.788421107750068, -18.225163369793144 ], [ -39.85, -18.07 ], [ -39.97, -17.964430409073145 ], [ -40.05, -17.82 ], [ -40.14, -17.82 ], [ -40.2425, -17.633227279904521 ], [ -40.385, -17.48 ], [ -40.4675, -17.275215125973599 ], [ -40.59, -17.1 ], [ -40.565773436256194, -17.054849258074221 ], [ -40.531523209854583, -17.016738395072711 ], [ -40.508657270923173, -16.97068421849076 ], [ -40.5, -16.92 ], [ -40.573044476247276, -16.830512375055015 ], [ -40.615, -16.722886799306647 ], [ -40.681248333159132, -16.630736526120547 ], [ -40.77, -16.56 ], [ -40.935843509673518, -16.542425145403541 ], [ -41.094161384041307, -16.49 ], [ -41.236185747718253, -16.415 ], [ -41.4, -16.38 ], [ -41.44659363461971, -16.403514593069772 ], [ -41.498610079458849, -16.407779841082291 ], [ -41.535495427103946, -16.44387325832545 ], [ -41.58, -16.47 ], [ -41.67, -16.47 ], [ -41.809154642184637, -16.5275 ], [ -41.92, -16.625 ], [ -42.054780978798163, -16.7025 ], [ -42.21, -16.74 ], [ -42.3700315241257, -16.795 ], [ -42.541999255349161, -16.81 ], [ -42.696791717151825, -16.849308663842709 ], [ -42.84, -16.92 ], [ -42.859832529044155, -16.817047180364845 ], [ -42.91, -16.724982870575378 ], [ -42.980281640156797, -16.652680253141231 ], [ -43.02, -16.56 ], [ -42.97853186938535, -16.476644173841276 ], [ -42.955, -16.386566148027505 ], [ -42.955238143691695, -16.291576153462195 ], [ -42.93, -16.2 ], [ -43.113066748425311, -16.1175 ], [ -43.265, -15.995 ], [ -43.428748006494445, -15.892063926187173 ], [ -43.56, -15.75 ], [ -43.600180177449339, -15.700180177449338 ], [ -43.65, -15.66 ], [ -43.812904340070048, -15.735 ], [ -43.996868403585061, -15.77 ], [ -44.176796046465618, -15.825 ], [ -44.37, -15.84 ], [ -44.479922508832686, -15.722468364214675 ], [ -44.615, -15.635 ], [ -44.6975, -15.495218440762672 ], [ -44.82, -15.39 ], [ -44.72, -15.235525981883997 ], [ -44.66, -15.055 ], [ -44.54, -14.921060517203555 ], [ -44.46, -14.76 ], [ -44.368836471443011, -14.760471757012965 ], [ -44.28, -14.74 ], [ -44.188415303972668, -14.735737735754023 ], [ -44.1, -14.76 ], [ -44.0, -14.580623930892623 ], [ -43.94, -14.38 ], [ -43.82, -14.226094573860257 ], [ -43.74, -14.04 ], [ -43.919032976734648, -13.92 ], [ -44.125597163949209, -13.84 ], [ -44.351692471596238, -13.78 ], [ -44.55, -13.68 ], [ -44.55, -13.59 ], [ -44.769513824283585, -13.5525 ], [ -44.973441251271815, -13.475 ], [ -45.154392859205849, -13.3775 ], [ -45.36, -13.32 ], [ -45.383467885728727, -13.251278282600106 ], [ -45.425, -13.191708998676884 ], [ -45.427694633785805, -13.11912465749605 ], [ -45.45, -13.05 ], [ -45.494973657037448, -13.003556228052352 ], [ -45.527946421523112, -12.947946421523108 ], [ -45.574591068376996, -12.9032357656935 ], [ -45.63, -12.87 ], [ -45.689339483765416, -12.911196741675285 ], [ -45.757543228173866, -12.935 ], [ -45.830357192942245, -12.938464942191873 ], [ -45.9, -12.96 ], [ -46.038992220686147, -12.909375919833968 ], [ -46.185642173412063, -12.89 ], [ -46.306790933090561, -12.821056211203432 ], [ -46.44, -12.78 ], [ -46.509765220631252, -12.800383935350974 ], [ -46.567142024353259, -12.845 ], [ -46.63688976514954, -12.867107181874065 ], [ -46.71, -12.87 ], [ -46.84260989881929, -12.829935404200567 ], [ -46.962190818454232, -12.76 ], [ -47.109794748404333, -12.740210054012209 ], [ -47.25, -12.69 ], [ -47.2425, -12.504581140777423 ], [ -47.275, -12.322572383899088 ], [ -47.3275, -12.152173048728086 ], [ -47.34, -11.97 ], [ -47.379815858181196, -11.91981585818119 ], [ -47.43, -11.88 ], [ -47.488150500351658, -11.85041013462938 ], [ -47.533531730397804, -11.803531730397806 ], [ -47.565270377328005, -11.746968314575527 ], [ -47.61, -11.7 ], [ -47.677518684924934, -11.652542939348541 ], [ -47.755657672947429, -11.625986509421141 ], [ -47.824753909005153, -11.581117681472714 ], [ -47.88, -11.52 ], [ -47.926799522607226, -11.453300970546852 ], [ -47.99, -11.401874756379554 ], [ -48.035395525119554, -11.330728739017049 ], [ -48.06, -11.25 ], [ -47.985, -11.105136908543484 ], [ -47.95, -10.944453690819245 ], [ -47.895, -10.788720850050122 ], [ -47.88, -10.62 ], [ -47.828908574552585, -10.612575971455401 ], [ -47.783434773406, -10.588130453188015 ], [ -47.7447360623785, -10.554732514441273 ], [ -47.7, -10.53 ], [ -47.670190734191046, -10.396467353022885 ], [ -47.68, -10.26 ], [ -47.67, -10.123376378969223 ], [ -47.7, -9.99 ], [ -47.769358742951276, -9.966824322052325 ], [ -47.842464277086279, -9.965 ], [ -47.912117972792451, -9.944048525014408 ], [ -47.97, -9.9 ], [ -47.985, -9.707645473317246 ], [ -48.04, -9.528425155415302 ], [ -48.115, -9.362322917849655 ], [ -48.15, -9.18 ], [ -48.123617201431387, -9.101198163325812 ], [ -48.08, -9.030464004231129 ], [ -48.015635617165692, -8.978782955724894 ], [ -47.97, -8.91 ], [ -47.969186755501276, -8.841138999184997 ], [ -47.95, -8.775 ], [ -47.968652664189577, -8.708781876176236 ], [ -47.97, -8.64 ], [ -47.952389698836576, -8.514049002095666 ], [ -47.9, -8.398165025481221 ], [ -47.864478481637228, -8.283789558988451 ], [ -47.79, -8.19 ], [ -47.840900234633565, -8.150900234633568 ], [ -47.88, -8.1 ], [ -47.851896221432057, -8.00770538842141 ], [ -47.855, -7.911276739904281 ], [ -47.838932827070764, -7.819402066294119 ], [ -47.79, -7.74 ], [ -47.678820687459606, -7.673979090779231 ], [ -47.585, -7.585 ], [ -47.468544710185604, -7.514622139169815 ], [ -47.34, -7.47 ], [ -47.331307219073366, -7.419276945925918 ], [ -47.305538185239747, -7.374730907380128 ], [ -47.283864548343956, -7.328370092851948 ], [ -47.25, -7.29 ], [ -47.180851691931132, -7.265868308575044 ], [ -47.107618686530309, -7.265 ], [ -47.047212684616476, -7.225818000722001 ], [ -46.98, -7.2 ], [ -46.934647307941383, -7.131599155990011 ], [ -46.904744482963594, -7.055170344690939 ], [ -46.864601736817463, -6.982351341249108 ], [ -46.8, -6.93 ], [ -46.637981836918385, -6.8725 ], [ -46.503437305448827, -6.775 ], [ -46.346102049699155, -6.6975 ], [ -46.17, -6.66 ], [ -46.020527216364577, -6.645 ], [ -45.885047844886898, -6.59 ], [ -45.768176321398236, -6.515 ], [ -45.63, -6.48 ], [ -45.611816159527628, -6.344446467065015 ], [ -45.565, -6.21594098254173 ], [ -45.5325, -6.08005189542633 ], [ -45.54, -5.94 ], [ -45.604395371754904, -5.887828446521305 ], [ -45.65, -5.818626909121764 ], [ -45.676204173833305, -5.740170814205197 ], [ -45.72, -5.67 ], [ -45.746690574681395, -5.536236338865289 ], [ -45.74, -5.4 ], [ -45.71, -5.26651372206273 ], [ -45.72, -5.13 ], [ -45.769810696958785, -5.089810696958784 ], [ -45.81, -5.04 ], [ -45.81355735418402, -4.948493627312885 ], [ -45.79, -4.86 ], [ -45.815179918050966, -4.771686657561218 ], [ -45.81, -4.68 ], [ -45.808961243269387, -4.607073107672377 ], [ -45.781585297534683, -4.539471567488438 ], [ -45.741398843378356, -4.479204103013739 ], [ -45.72, -4.41 ], [ -45.755, -4.274010389285856 ], [ -45.83, -4.155425532184496 ], [ -45.885, -4.018639589356968 ], [ -45.9, -3.87 ], [ -45.841577176929107, -3.840768345238354 ], [ -45.794013703170712, -3.795986296829288 ], [ -45.762924536355293, -3.738860635277356 ], [ -45.72, -3.69 ], [ -45.58678324535866, -3.650515730964135 ], [ -45.46706172304517, -3.58 ], [ -45.328325220795826, -3.525338899516075 ], [ -45.18, -3.51 ], [ -45.137705079057866, -3.451192202294256 ], [ -45.115, -3.382404872112912 ], [ -45.111164613542002, -3.309681312970315 ], [ -45.09, -3.24 ], [ -44.979201944720941, -3.210853121889518 ], [ -44.865, -3.22 ], [ -44.750609064790723, -3.21 ], [ -44.64, -3.24 ], [ -44.484592820361058, -3.301136986904409 ], [ -44.35, -3.4 ], [ -44.241932548325209, -3.52 ], [ -44.1, -3.6 ], [ -43.940472463115007, -3.5875 ], [ -43.793454085572257, -3.535 ], [ -43.629295402821434, -3.5425 ], [ -43.47, -3.51 ], [ -43.47, -3.6 ], [ -43.357288458023156, -3.51046683052627 ], [ -43.265, -3.4 ], [ -43.131946788130946, -3.336159605674493 ], [ -43.02, -3.24 ], [ -42.95415069598085, -3.261294095917982 ], [ -42.885, -3.258510104873766 ], [ -42.818838548069458, -3.239492601569699 ], [ -42.75, -3.24 ], [ -42.636053331104094, -3.151106506239907 ], [ -42.55, -3.035 ], [ -42.45406359294099, -2.922907449507925 ], [ -42.39, -2.79 ], [ -42.212437178561729, -2.73 ], [ -42.055, -2.63 ], [ -41.88762717452876, -2.55 ], [ -41.76, -2.43 ], [ -41.7675, -2.289820562643057 ], [ -41.735, -2.153293591005152 ], [ -41.721665086289249, -2.016915458883079 ], [ -41.67, -1.89 ], [ -41.678918400818077, -1.839394540303654 ], [ -41.700835821418899, -1.792917910709447 ], [ -41.723851452799124, -1.746773609509326 ], [ -41.76, -1.71 ], [ -41.7675, -1.590763330533544 ], [ -41.735, -1.476068449927346 ], [ -41.714167413858235, -1.364524309929616 ], [ -41.67, -1.26 ], [ -41.681768634810119, -1.210382555262528 ], [ -41.703527817465172, -1.164263908732584 ], [ -41.724184841036951, -1.117052597132697 ], [ -41.76, -1.08 ], [ -41.733627361856968, -0.991819182015892 ], [ -41.74, -0.9 ], [ -41.735273047252491, -0.808363671916942 ], [ -41.76, -0.72 ], [ -41.863115991572961, -0.672029899272863 ], [ -41.954572109334087, -0.604429479112121 ], [ -42.046721180475302, -0.537321831606116 ], [ -42.12, -0.45 ], [ -42.323642398194472, -0.44 ], [ -42.525, -0.47 ], [ -42.726304605184026, -0.44 ], [ -42.93, -0.45 ], [ -42.99979412313936, -0.350978172077464 ], [ -43.04, -0.236697686010162 ], [ -43.095, -0.125054369618574 ], [ -43.11, 0.0 ], [ -43.070831168096859, 0.050831168096864 ], [ -43.02, 0.09 ], [ -43.01, 0.226751313019442 ], [ -43.04, 0.36 ], [ -43.012793707635645, 0.493725459824863 ], [ -43.02, 0.63 ], [ -43.162225061278761, 0.784645476657642 ], [ -43.27, 0.965 ], [ -43.435, 1.0925 ], [ -43.56, 1.26 ], [ -43.65, 1.274476854266962 ], [ -43.74, 1.26 ], [ -43.83, 1.26 ], [ -43.87823756805652, 1.303605891699123 ], [ -43.935403025977386, 1.334596974022616 ], [ -43.981583649742383, 1.381012324744749 ], [ -44.01, 1.44 ], [ -44.14689160903346, 1.498319985429896 ], [ -44.26, 1.595 ], [ -44.414190858881462, 1.6325 ], [ -44.55, 1.71 ], [ -44.583725159496211, 1.765015806553554 ], [ -44.629255391481834, 1.810744608518164 ], [ -44.683820043689835, 1.845043247837953 ], [ -44.73, 1.89 ], [ -44.759898223309634, 2.000731269039144 ], [ -44.75, 2.115 ], [ -44.753821866107806, 2.228728610320695 ], [ -44.73, 2.34 ], [ -44.708832978368214, 2.410019670918699 ], [ -44.705, 2.483068321810772 ], [ -44.664370288793123, 2.542371045472064 ], [ -44.64, 2.61 ], [ -44.64, 2.7 ], [ -44.56, 2.886829358314722 ], [ -44.44, 3.04 ], [ -44.38, 3.243256169565673 ], [ -44.28, 3.42 ], [ -44.219620305318713, 3.459936563122773 ], [ -44.150951196095804, 3.482853588287431 ], [ -44.081858965975762, 3.503609598491398 ], [ -44.01, 3.51 ], [ -43.903795513049531, 3.39 ], [ -43.76, 3.31 ], [ -43.628810902632303, 3.21 ], [ -43.47, 3.15 ], [ -43.367242028273125, 3.201309373025529 ], [ -43.253205107730956, 3.215 ], [ -43.138630755138131, 3.246419475851551 ], [ -43.02, 3.24 ], [ -43.029013105491345, 3.33 ], [ -43.02, 3.42 ], [ -43.0575, 3.575483793874507 ], [ -43.135, 3.71 ], [ -43.228332730534007, 3.825183707068916 ], [ -43.29, 3.96 ], [ -43.2525, 4.113744021873088 ], [ -43.175, 4.247338564908679 ], [ -43.0775, 4.360735672688455 ], [ -43.02, 4.5 ], [ -43.02, 4.59 ], [ -42.98506594684752, 4.627659156725204 ], [ -42.964155298461073, 4.674577649230534 ], [ -42.955970629656584, 4.725471961461204 ], [ -42.93, 4.77 ], [ -42.928785236760078, 4.886504386318941 ], [ -42.955, 5.000027660890976 ], [ -42.971558536212335, 5.114724400648972 ], [ -43.02, 5.22 ], [ -42.997690191035673, 5.311505955295175 ], [ -42.995, 5.405653872439949 ], [ -42.974965707805062, 5.497474421189489 ], [ -42.93, 5.58 ], [ -42.956556824406633, 5.647534494057966 ], [ -42.959926087976307, 5.720024637341231 ], [ -43.000416589160501, 5.780180746438976 ], [ -43.02, 5.85 ], [ -42.986737849143836, 5.88876273537699 ], [ -42.963748791086971, 5.934374395543484 ], [ -42.939344329649046, 5.979529639451592 ], [ -42.93, 6.03 ], [ -42.857451788431021, 6.070133080987509 ], [ -42.804017381573587, 6.133526072360376 ], [ -42.737662180889849, 6.182409813016752 ], [ -42.66, 6.21 ], [ -42.585, 6.352314275289019 ], [ -42.55, 6.510295498008796 ], [ -42.531915194889557, 6.678739036460646 ], [ -42.48, 6.84 ], [ -42.343170346977196, 6.85 ], [ -42.21, 6.82 ], [ -42.073969082672129, 6.816082616073747 ], [ -41.94, 6.84 ], [ -41.865, 7.053582774519489 ], [ -41.83, 7.278957420633581 ], [ -41.815, 7.516475878286724 ], [ -41.76, 7.74 ], [ -41.719586409537087, 7.789586409537085 ], [ -41.67, 7.83 ], [ -41.58, 7.83 ], [ -41.589775614369934, 7.880321410298476 ], [ -41.611420719557323, 7.926789640221339 ], [ -41.645376848174287, 7.965109657864804 ], [ -41.67, 8.01 ], [ -41.785298249937611, 8.070877187577993 ], [ -41.87, 8.17 ], [ -41.932670828519306, 8.283863337184558 ], [ -42.03, 8.37 ], [ -42.035834730900767, 8.44197276047796 ], [ -42.060661488084094, 8.509779503971966 ], [ -42.082872266226488, 8.578288410324973 ], [ -42.12, 8.64 ], [ -42.2425, 8.743646401389483 ], [ -42.325, 8.885 ], [ -42.427581657196967, 9.0075 ], [ -42.57, 9.09 ], [ -42.544667904513346, 9.22386428922321 ], [ -42.55, 9.36 ], [ -42.54, 9.496793962830861 ], [ -42.57, 9.63 ], [ -42.605, 9.81211543023235 ], [ -42.68, 9.976238527104869 ], [ -42.695, 10.167611899290796 ], [ -42.75, 10.35 ], [ -42.861343808645806, 10.373007152734669 ], [ -42.975, 10.37 ], [ -43.089322304846597, 10.38 ], [ -43.2, 10.35 ], [ -43.249773340465424, 10.416689702689844 ], [ -43.272303372312237, 10.496797751791844 ], [ -43.314012413014808, 10.56901036066113 ], [ -43.38, 10.62 ], [ -43.472238468336343, 10.636939487341351 ], [ -43.552768390696976, 10.685 ], [ -43.648050016691954, 10.685024223562085 ], [ -43.74, 10.71 ], [ -43.763495653824023, 10.789603495914157 ], [ -43.810878548911369, 10.857747634059086 ], [ -43.85519414560099, 10.928018534341225 ], [ -43.92, 10.98 ], [ -43.885, 11.118836689962984 ], [ -43.81, 11.235706375435301 ], [ -43.756035200554159, 11.373183593162933 ], [ -43.74, 11.52 ], [ -43.761800727228589, 11.566633921956798 ], [ -43.770133864656295, 11.617433067671849 ], [ -43.795144393768609, 11.662285678908056 ], [ -43.83, 11.7 ], [ -43.84, 11.8590566983824 ], [ -43.81, 12.015 ], [ -43.8, 12.174033375846294 ], [ -43.83, 12.33 ], [ -43.885, 12.464509799067343 ], [ -43.9, 12.610030654189455 ], [ -43.975, 12.729325737791875 ], [ -44.01, 12.87 ], [ -44.031473250964737, 12.917050514661915 ], [ -44.068326462519714, 12.953336768740146 ], [ -44.076196309046665, 13.00427889724072 ], [ -44.1, 13.05 ], [ -44.126381083223045, 13.138183923942151 ], [ -44.119886918827589, 13.23 ], [ -44.126841603564301, 13.321866955672544 ], [ -44.1, 13.41 ], [ -44.164151810838213, 13.486282353791172 ], [ -44.21, 13.574783177992579 ], [ -44.230859304368479, 13.677462098207679 ], [ -44.28, 13.77 ], [ -44.369785840188271, 13.81920977079127 ], [ -44.470039842647481, 13.84 ], [ -44.545033714440926, 13.910429611755982 ], [ -44.64, 13.95 ], [ -44.680094918312122, 13.999905081687878 ], [ -44.73, 14.04 ], [ -44.752478225399678, 14.1102474266917 ], [ -44.755, 14.183960466425452 ], [ -44.777792211876552, 14.25198664834398 ], [ -44.82, 14.31 ], [ -44.862486805460229, 14.381677900310677 ], [ -44.928268532329504, 14.432820978446998 ], [ -44.972704621062171, 14.502233507145739 ], [ -45.0, 14.58 ], [ -45.043987226900114, 14.661745004340871 ], [ -45.065, 14.752163947221794 ], [ -45.090256978706805, 14.844384086208809 ], [ -45.09, 14.94 ], [ -45.221003804064473, 14.979383200036567 ], [ -45.335, 15.055 ], [ -45.423359532346446, 15.151201908832117 ], [ -45.54, 15.21 ], [ -45.530250700319812, 15.3 ], [ -45.54, 15.39 ], [ -45.652964499163069, 15.430348068971105 ], [ -45.750624896688407, 15.5 ], [ -45.865984339375707, 15.549800593306843 ], [ -45.99, 15.57 ], [ -46.03467511002362, 15.627001990401247 ], [ -46.055, 15.69651451598315 ], [ -46.076287521951961, 15.766726175943072 ], [ -46.08, 15.84 ], [ -46.170070930781023, 15.913812603796908 ], [ -46.278996003399989, 15.955 ], [ -46.369290748527987, 16.022327926599996 ], [ -46.44, 16.11 ], [ -46.475601955904267, 16.147162203538443 ], [ -46.498951644431784, 16.193024177784103 ], [ -46.507626879128956, 16.243704887214051 ], [ -46.53, 16.29 ], [ -46.591318141941052, 16.327986249255886 ], [ -46.659315928072971, 16.352052215781082 ], [ -46.727669885300159, 16.376033735319844 ], [ -46.8, 16.38 ], [ -46.8375, 16.622637019538594 ], [ -46.915, 16.85 ], [ -46.9725, 17.077937117530912 ], [ -47.07, 17.28 ], [ -47.123957486742277, 17.31604251325772 ], [ -47.16, 17.37 ], [ -47.25, 17.353071558750486 ], [ -47.34, 17.37 ], [ -47.43, 17.37 ], [ -47.534223864656653, 17.419270966852501 ], [ -47.648429116964905, 17.435 ], [ -47.762141568466369, 17.466701765141863 ], [ -47.88, 17.46 ], [ -47.917169766375139, 17.424326400641466 ], [ -47.964564603963694, 17.404129207927387 ], [ -48.009363052171636, 17.378901514964994 ], [ -48.06, 17.37 ], [ -48.172430217154719, 17.4025 ], [ -48.289756134890837, 17.395 ], [ -48.393498492531741, 17.4475 ], [ -48.51, 17.46 ], [ -48.582125564038797, 17.52664877506799 ], [ -48.625, 17.615 ], [ -48.709944308399571, 17.662466366939704 ], [ -48.78, 17.73 ], [ -48.800474817096848, 17.818836131433684 ], [ -48.8, 17.91 ], [ -48.806311407014476, 18.001812378557162 ], [ -48.78, 18.09 ], [ -48.75487020660568, 18.181825972404251 ], [ -48.755, 18.277028382445714 ], [ -48.738873275904083, 18.36966700952226 ], [ -48.69, 18.45 ], [ -48.77, 18.613229519059061 ], [ -48.89, 18.745 ], [ -48.987725291293309, 18.904034189233048 ], [ -49.05, 19.08 ], [ -49.186221266303235, 19.135 ], [ -49.336402626146096, 19.15 ], [ -49.457463344036981, 19.218228489807295 ], [ -49.59, 19.26 ], [ -49.68, 19.26 ], [ -49.796631513935701, 19.257981508934549 ], [ -49.91010831989032, 19.285 ], [ -50.025662918987408, 19.298525854628778 ], [ -50.13, 19.35 ], [ -50.199212623827385, 19.348439789165177 ], [ -50.265, 19.37 ], [ -50.331002952876482, 19.349894931916271 ], [ -50.4, 19.35 ], [ -50.473730948432546, 19.349143683232189 ], [ -50.542784818116822, 19.375 ], [ -50.611463232544061, 19.397575604122704 ], [ -50.67, 19.44 ], [ -50.738760997260734, 19.434986204120094 ], [ -50.805, 19.454107067320368 ], [ -50.873361399929834, 19.455296848013621 ], [ -50.94, 19.44 ], [ -50.993916480333468, 19.404899447688692 ], [ -51.039614663946217, 19.359614663946214 ], [ -51.088941973470142, 19.317178648578324 ], [ -51.12, 19.26 ], [ -51.233991135713076, 19.2925 ], [ -51.352505344664401, 19.285 ], [ -51.466273178296873, 19.300701027470826 ], [ -51.57, 19.35 ], [ -51.629073751466841, 19.307442368968211 ], [ -51.69840160297349, 19.285204808920469 ], [ -51.766718444237029, 19.258656740023092 ], [ -51.84, 19.26 ], [ -51.951625251142275, 19.163348040811602 ], [ -52.085, 19.1 ], [ -52.204980727793703, 19.017917745988548 ], [ -52.29, 18.9 ], [ -52.274421328759075, 18.81 ], [ -52.29, 18.72 ], [ -52.32033075955691, 18.662316061253776 ], [ -52.363429978148943, 18.613429978148947 ], [ -52.423850740311849, 18.587071211212368 ], [ -52.47, 18.54 ], [ -52.508762783140305, 18.427523735352572 ], [ -52.58, 18.332241405406755 ], [ -52.632810308980631, 18.216267311007396 ], [ -52.65, 18.09 ], [ -52.688108982264751, 18.038108982264752 ], [ -52.74, 18.0 ], [ -52.84, 17.868092751039306 ], [ -52.9, 17.71 ], [ -53.017302195993977, 17.598841756795181 ], [ -53.1, 17.46 ], [ -53.080307124587591, 17.412391784989648 ], [ -53.071864235872617, 17.361567882063692 ], [ -53.033541196191671, 17.32638950187955 ], [ -53.01, 17.28 ], [ -53.00516781903881, 17.139080127940119 ], [ -53.035, 17.001269383463082 ], [ -53.083284820540065, 16.874561724135816 ], [ -53.1, 16.74 ], [ -53.150723706565913, 16.70072370656592 ], [ -53.19, 16.65 ], [ -53.187246512044737, 16.558582945782746 ], [ -53.21, 16.47 ], [ -53.185646335591684, 16.381594851600923 ], [ -53.19, 16.29 ], [ -53.2275, 16.157364871021763 ], [ -53.305, 16.045 ], [ -53.399068514088007, 15.95502741309093 ], [ -53.46, 15.84 ], [ -53.541476111315866, 15.793611398037589 ], [ -53.633366671060976, 15.775 ], [ -53.724214882341855, 15.74407217456298 ], [ -53.82, 15.75 ], [ -53.859676176168968, 15.690601376439195 ], [ -53.885, 15.623809914538111 ], [ -53.889390276865129, 15.550495158236611 ], [ -53.91, 15.48 ], [ -54.000268361871761, 15.366743722732675 ], [ -54.116246325562898, 15.28 ], [ -54.251046026120655, 15.219687471394872 ], [ -54.36, 15.12 ], [ -54.395846689199203, 14.96299589003533 ], [ -54.47, 14.820039385567638 ], [ -54.523026681703108, 14.658843078035391 ], [ -54.54, 14.49 ], [ -54.498395654619586, 14.375382773145411 ], [ -54.43, 14.274436922930915 ], [ -54.415, 14.150700223325829 ], [ -54.36, 14.04 ], [ -54.40693189020682, 14.019009399746984 ], [ -54.444405365723902, 13.983810731447793 ], [ -54.489949903633402, 13.960535979519101 ], [ -54.54, 13.95 ], [ -54.51, 13.748970939419328 ], [ -54.52, 13.545 ], [ -54.51, 13.340683200632849 ], [ -54.54, 13.14 ], [ -54.499757161436648, 13.090242838563357 ], [ -54.45, 13.05 ], [ -54.505, 12.889211826568001 ], [ -54.52, 12.719591966745611 ], [ -54.594885917305518, 12.577097417144106 ], [ -54.63, 12.42 ], [ -54.603889084312705, 12.350551475133013 ], [ -54.605, 12.276364930594495 ], [ -54.561937024489794, 12.21861588266181 ], [ -54.54, 12.15 ], [ -54.54, 12.06 ], [ -54.608718696954242, 11.99082354935315 ], [ -54.655, 11.905 ], [ -54.741154075586472, 11.859164188833935 ], [ -54.81, 11.79 ], [ -54.968253364270439, 11.7575 ], [ -55.130740089889919, 11.765 ], [ -55.2889332346872, 11.749453103682965 ], [ -55.44, 11.7 ], [ -55.505508735019632, 11.62312399591495 ], [ -55.55, 11.53244962407592 ], [ -55.570782155534765, 11.431053333437545 ], [ -55.62, 11.34 ], [ -55.565, 11.181084819769628 ], [ -55.55, 11.013217684351643 ], [ -55.475, 10.870436914326818 ], [ -55.44, 10.71 ], [ -55.446079185345909, 10.658480150133707 ], [ -55.471365359159115, 10.613182679579559 ], [ -55.495260706714795, 10.567769445217722 ], [ -55.53, 10.53 ], [ -55.5175, 10.392200286223931 ], [ -55.465, 10.26519633939915 ], [ -55.433849986403558, 10.129292415854625 ], [ -55.44, 9.99 ], [ -55.460711436824006, 9.889717224055778 ], [ -55.510722708780911, 9.800361354390455 ], [ -55.574896830165706, 9.721297152184132 ], [ -55.62, 9.63 ], [ -55.598032333533141, 9.527675682308317 ], [ -55.55, 9.434693214625266 ], [ -55.507787441058646, 9.343805766576413 ], [ -55.44, 9.27 ], [ -55.425, 9.076885984570179 ], [ -55.37, 8.895865775462733 ], [ -55.335, 8.713466977136751 ], [ -55.26, 8.55 ], [ -55.221070439667614, 8.498929560332389 ], [ -55.17, 8.46 ], [ -55.2, 8.304236675306951 ], [ -55.19, 8.145 ], [ -55.16, 7.989128887713678 ], [ -55.17, 7.83 ], [ -55.121116037637982, 7.786576523535042 ], [ -55.091936853593914, 7.728063146406083 ], [ -55.034951893173712, 7.696888116723661 ], [ -54.99, 7.65 ], [ -55.0875, 7.516824390079489 ], [ -55.145, 7.355 ], [ -55.2225, 7.196580103832481 ], [ -55.26, 7.02 ], [ -55.213906275737841, 6.938133041916264 ], [ -55.195, 6.846103791240382 ], [ -55.193708150177194, 6.751546263990861 ], [ -55.17, 6.66 ], [ -55.260107712485791, 6.589314017605485 ], [ -55.324241361535179, 6.494431021151387 ], [ -55.369266658122463, 6.389562595154153 ], [ -55.44, 6.3 ], [ -55.295, 6.175 ], [ -55.19, 6.01 ], [ -55.059891285714663, 5.867726108570995 ], [ -54.9, 5.76 ], [ -54.7342276207292, 5.835 ], [ -54.55401279295809, 5.87 ], [ -54.361266494175766, 5.885 ], [ -54.18, 5.94 ], [ -54.15560565519003, 5.985383271241226 ], [ -54.119729583838982, 6.022364791919488 ], [ -54.111885030442345, 6.073320034357179 ], [ -54.09, 6.12 ], [ -53.931314063688831, 6.111321503099005 ], [ -53.775, 6.14 ], [ -53.619148648487176, 6.11 ], [ -53.46, 6.12 ], [ -53.34, 5.965096379657949 ], [ -53.26, 5.78 ], [ -53.2, 5.580445620684507 ], [ -53.1, 5.4 ], [ -53.01, 5.4 ], [ -53.065, 5.241410946678458 ], [ -53.08, 5.073315365151994 ], [ -53.155, 4.930474635439703 ], [ -53.19, 4.77 ], [ -53.174637334767183, 4.68 ], [ -53.19, 4.59 ], [ -53.207151644878337, 4.487677419844972 ], [ -53.26, 4.3983961749357 ], [ -53.330306161364483, 4.324196400973107 ], [ -53.37, 4.23 ], [ -53.452309922822899, 4.184375839924931 ], [ -53.544402616370597, 4.165 ], [ -53.635929825367633, 4.143060644628469 ], [ -53.73, 4.14 ], [ -53.775159549226537, 4.082249865279754 ], [ -53.795, 4.011674944382485 ], [ -53.793621622880103, 3.938388489913468 ], [ -53.82, 3.87 ], [ -53.908969808677142, 3.889271721905676 ], [ -54.0, 3.89 ], [ -54.091827194663495, 3.896444751971423 ], [ -54.18, 3.87 ], [ -54.2325, 3.767831261540274 ], [ -54.245, 3.653354895111448 ], [ -54.27723719731388, 3.538791951871612 ], [ -54.27, 3.42 ], [ -54.232227454759943, 3.367772545240056 ], [ -54.18, 3.33 ], [ -54.167154356659253, 3.19383655146998 ], [ -54.115, 3.06740309723462 ], [ -54.121616683397384, 2.926978723278664 ], [ -54.09, 2.79 ], [ -54.142297495915003, 2.752297495914998 ], [ -54.18, 2.7 ], [ -54.15689628517061, 2.620211864516973 ], [ -54.109337686386425, 2.552108209075718 ], [ -54.042787762298921, 2.50169261857868 ], [ -54.0, 2.43 ], [ -54.125146927927631, 2.285 ], [ -54.29, 2.18 ], [ -54.395, 2.015 ], [ -54.54, 1.89 ], [ -54.63, 1.89 ], [ -54.775, 1.6975 ], [ -54.88, 1.465 ], [ -55.045, 1.2925 ], [ -55.17, 1.08 ], [ -55.17, 0.99 ], [ -55.21911999441636, 0.900204705034901 ], [ -55.240016922887051, 0.800008461443523 ], [ -55.285579762702895, 0.7089045502008 ], [ -55.35, 0.63 ], [ -55.422114810684477, 0.624728338933439 ], [ -55.491678658862867, 0.605 ], [ -55.549652384609864, 0.560285891430067 ], [ -55.62, 0.54 ], [ -55.783855239637568, 0.5325 ], [ -55.943905818181612, 0.565 ], [ -56.102777805480414, 0.5775 ], [ -56.25, 0.63 ], [ -56.35, 0.521595379686582 ], [ -56.41, 0.385 ], [ -56.53, 0.302096735820544 ], [ -56.61, 0.18 ], [ -56.6225, 0.041780746239388 ], [ -56.675, -0.084645736930013 ], [ -56.707491740480449, -0.220507775767915 ], [ -56.7, -0.36 ], [ -56.660696859514772, -0.420704767184595 ], [ -56.639918586287315, -0.489972862095771 ], [ -56.612577210023971, -0.557340840858885 ], [ -56.61, -0.63 ], [ -56.635144293935682, -0.69796788812156 ], [ -56.638993951413504, -0.770335349528832 ], [ -56.679617638599417, -0.830405994152822 ], [ -56.7, -0.9 ], [ -56.670805826806514, -0.991937761045141 ], [ -56.675, -1.088308195129813 ], [ -56.65190220285173, -1.177713633710647 ], [ -56.61, -1.26 ], [ -56.61, -1.35 ], [ -56.6225, -1.465196786167424 ], [ -56.675, -1.567463172772354 ], [ -56.704484570303968, -1.681905577737733 ], [ -56.7, -1.8 ], [ -56.6425, -1.962237813436297 ], [ -56.545, -2.095 ], [ -56.4675, -2.254678073770755 ], [ -56.43, -2.43 ], [ -56.364031906139523, -2.409659633558209 ], [ -56.295, -2.41 ], [ -56.226353078896679, -2.412258282552582 ], [ -56.16, -2.43 ], [ -56.04482610572289, -2.51700925836596 ], [ -55.955, -2.63 ], [ -55.844896692544232, -2.728982435458346 ], [ -55.71, -2.79 ], [ -55.62, -2.803681173677529 ], [ -55.53, -2.79 ], [ -55.393131494875512, -2.884738334461857 ], [ -55.24, -2.95 ], [ -55.098357366287871, -3.03 ], [ -54.99, -3.15 ], [ -54.940562562076963, -3.230263783386252 ], [ -54.925, -3.323237660650081 ], [ -54.902938577196316, -3.415338938613874 ], [ -54.9, -3.51 ], [ -54.9, -3.6 ], [ -55.014693669710276, -3.694123113370515 ], [ -55.15, -3.755 ], [ -55.304324452131908, -3.7925 ], [ -55.44, -3.87 ], [ -55.446178721528888, -3.941886765633513 ], [ -55.468639447108032, -4.010453517630655 ], [ -55.486587515044867, -4.081257454048176 ], [ -55.53, -4.14 ], [ -55.68196097251284, -4.17994624322849 ], [ -55.82, -4.255 ], [ -55.937044223911748, -4.345331896916537 ], [ -56.07, -4.41 ], [ -56.16, -4.426984601599069 ], [ -56.25, -4.41 ], [ -56.303857760528103, -4.446142239471899 ], [ -56.34, -4.5 ], [ -56.3925, -4.60358923853793 ], [ -56.405, -4.720061675350554 ], [ -56.4375, -4.832796731767863 ], [ -56.43, -4.95 ], [ -56.515270163734961, -5.067259464554855 ], [ -56.63, -5.155903965352567 ], [ -56.69, -5.293361516990909 ], [ -56.79, -5.4 ], [ -56.900920113583567, -5.427773722184931 ], [ -57.015, -5.42 ], [ -57.129483759218992, -5.43 ], [ -57.24, -5.4 ], [ -57.289953780893825, -5.359953780893827 ], [ -57.33, -5.31 ], [ -57.537041845547321, -5.39 ], [ -57.715, -5.51 ], [ -57.913767764374768, -5.61 ], [ -58.14, -5.67 ], [ -58.171569534901003, -5.805872532643443 ], [ -58.165, -5.94520961267598 ], [ -58.177910390610542, -6.082413608587886 ], [ -58.23, -6.21 ], [ -58.267014850176565, -6.262985149823437 ], [ -58.32, -6.3 ], [ -58.300632476560551, -6.36611221874971 ], [ -58.3, -6.435 ], [ -58.322140779734248, -6.500701365965297 ], [ -58.32, -6.57 ], [ -58.3275, -6.710739829054656 ], [ -58.295, -6.847422202860445 ], [ -58.2825, -6.984488451110645 ], [ -58.23, -7.11 ], [ -58.300788788082869, -7.225787485755041 ], [ -58.345, -7.354096344048361 ], [ -58.408914845316765, -7.467274794597586 ], [ -58.5, -7.56 ], [ -58.538885042888637, -7.611114957111362 ], [ -58.59, -7.65 ], [ -58.683050501954845, -7.672227163059398 ], [ -58.778678709441017, -7.675 ], [ -58.869146767001844, -7.694829044980214 ], [ -58.95, -7.74 ], [ -59.000673540732407, -7.748765937305595 ], [ -59.045643884546735, -7.773712230906549 ], [ -59.093135923306569, -7.79389227526609 ], [ -59.13, -7.83 ], [ -59.204232560354463, -7.900721997812415 ], [ -59.298939014915447, -7.94 ], [ -59.390935960956881, -7.984644612504189 ], [ -59.49, -8.01 ], [ -59.52773975319262, -8.071428635599673 ], [ -59.551231913907678, -8.139589362030772 ], [ -59.553499513770298, -8.212277163010183 ], [ -59.58, -8.28 ], [ -59.64825133861418, -8.325405877958902 ], [ -59.698724483687421, -8.39 ], [ -59.778503700905752, -8.416049980601469 ], [ -59.85, -8.46 ], [ -59.9075, -8.577692481874704 ], [ -60.005, -8.665 ], [ -60.046391346870514, -8.795061204530169 ], [ -60.12, -8.91 ], [ -60.280429591718587, -8.9225 ], [ -60.428814723986726, -8.975 ], [ -60.586991552516679, -9.0075 ], [ -60.75, -9.0 ], [ -60.787958765943692, -8.965438539855606 ], [ -60.832195533927234, -8.939391067854459 ], [ -60.883068587990259, -8.931253822288499 ], [ -60.93, -8.91 ], [ -61.044666078225198, -8.997529769819174 ], [ -61.135, -9.11 ], [ -61.243541519314483, -9.21 ], [ -61.38, -9.27 ], [ -61.373131865864273, -9.410797428717258 ], [ -61.405, -9.548112792848903 ], [ -61.4575, -9.673674527492366 ], [ -61.47, -9.81 ], [ -61.444798892165686, -9.855256879866213 ], [ -61.438294597738448, -9.906647298869228 ], [ -61.416135091748679, -9.953210720512823 ], [ -61.38, -9.99 ], [ -61.441828057067426, -10.124367391302908 ], [ -61.54, -10.235 ], [ -61.659567480058953, -10.318409775552242 ], [ -61.74, -10.44 ], [ -61.874514218338263, -10.502154486551193 ], [ -61.99, -10.595 ], [ -62.124877245129909, -10.6725 ], [ -62.28, -10.71 ], [ -62.240506737319258, -10.760506737319261 ], [ -62.19, -10.8 ], [ -62.2875, -10.957494219098093 ], [ -62.345, -11.14 ], [ -62.4225, -11.321719939391974 ], [ -62.46, -11.52 ], [ -62.465825349016178, -11.637979861515467 ], [ -62.435, -11.752010472635465 ], [ -62.417096158991562, -11.865357511153693 ], [ -62.37, -11.97 ], [ -62.420969270240967, -11.977910938740608 ], [ -62.465724030460997, -12.003551939077996 ], [ -62.504590311808691, -12.03666056563342 ], [ -62.55, -12.06 ], [ -62.52, -12.170562931161744 ], [ -62.53, -12.285 ], [ -62.557498581415807, -12.395944570540816 ], [ -62.55, -12.51 ], [ -62.445, -12.673284123930971 ], [ -62.3, -12.8 ], [ -62.135, -12.905 ], [ -62.01, -13.05 ], [ -61.907331785811216, -13.194435150094995 ], [ -61.765, -13.3 ], [ -61.6425, -13.428196780582141 ], [ -61.56, -13.59 ], [ -61.7725, -13.76 ], [ -61.945, -13.97 ], [ -62.1775, -14.12 ], [ -62.37, -14.31 ], [ -62.422808690036064, -14.347191309963936 ], [ -62.46, -14.4 ], [ -62.55, -14.415559506395452 ], [ -62.64, -14.4 ], [ -62.6925, -14.593986788502454 ], [ -62.705, -14.797012606579518 ], [ -62.7375, -15.002216858590922 ], [ -62.73, -15.21 ], [ -62.641648733695249, -15.282307505988905 ], [ -62.575063274309635, -15.375047455732226 ], [ -62.528136634004035, -15.47878292117953 ], [ -62.46, -15.57 ], [ -62.29747152653556, -15.5625 ], [ -62.139179476434286, -15.595 ], [ -61.980829627685281, -15.609614630683481 ], [ -61.83, -15.66 ], [ -61.780007490128881, -15.700007490128884 ], [ -61.74, -15.75 ], [ -61.736308385126151, -15.911759081209381 ], [ -61.765, -16.070996073174221 ], [ -61.8175, -16.219735153700004 ], [ -61.83, -16.38 ], [ -61.854062076241462, -16.459474037546251 ], [ -61.905447549455793, -16.524701633696139 ], [ -61.964072194747409, -16.582053518170493 ], [ -62.01, -16.65 ], [ -62.027621545065664, -16.74 ], [ -62.01, -16.83 ], [ -62.093454639571242, -16.94864181505244 ], [ -62.21, -17.035 ], [ -62.276259237238499, -17.166473559354447 ], [ -62.37, -17.28 ], [ -62.46, -17.28 ], [ -62.498950851886732, -17.453867618009028 ], [ -62.575, -17.615 ], [ -62.6725, -17.748170990433533 ], [ -62.73, -17.91 ], [ -62.796605412961583, -17.925602435237082 ], [ -62.865, -17.926979927507446 ], [ -62.934178065738379, -17.931831532767021 ], [ -63.0, -17.91 ], [ -63.067202189655241, -17.882482969770031 ], [ -63.13974748845812, -17.879242465374357 ], [ -63.209328388208647, -17.859415365370541 ], [ -63.27, -17.82 ], [ -63.362969683435267, -17.842395920784512 ], [ -63.458563397021877, -17.845 ], [ -63.548626820161651, -17.866039801610391 ], [ -63.63, -17.91 ], [ -63.706997752797299, -17.881197334103565 ], [ -63.775682661964282, -17.836023992946423 ], [ -63.832303083788602, -17.776518181919059 ], [ -63.9, -17.73 ], [ -63.950901633984756, -17.769098366015246 ], [ -63.99, -17.82 ], [ -64.102934368467388, -17.704917960584215 ], [ -64.24, -17.62 ], [ -64.395107803907067, -17.558320394581557 ], [ -64.53, -17.46 ], [ -64.62, -17.46 ], [ -64.71188246974269, -17.369853087178367 ], [ -64.82, -17.3 ], [ -64.885790849561587, -17.188632679649274 ], [ -64.98, -17.1 ], [ -65.048959996646289, -17.099854977362373 ], [ -65.115, -17.08 ], [ -65.181218259230434, -17.098651750194616 ], [ -65.25, -17.1 ], [ -65.295387864234527, -17.124798496346628 ], [ -65.346644476277703, -17.131711047444607 ], [ -65.384530472783027, -17.166277899201894 ], [ -65.43, -17.19 ], [ -65.540655719446903, -17.22 ], [ -65.655, -17.21 ], [ -65.768966951261419, -17.216503201691054 ], [ -65.88, -17.19 ], [ -65.97, -17.19 ], [ -66.058101523034651, -17.217086292688204 ], [ -66.15, -17.21 ], [ -66.241050201508827, -17.209451813579363 ], [ -66.33, -17.19 ], [ -66.438804528792161, -17.232187776013614 ], [ -66.53, -17.305 ], [ -66.621835283968196, -17.370282932677974 ], [ -66.69, -17.46 ], [ -66.735942945193528, -17.528862046175494 ], [ -66.760734176069775, -17.607843882620148 ], [ -66.803775918766959, -17.679289974344687 ], [ -66.87, -17.73 ], [ -66.951006081015422, -17.778827724288163 ], [ -67.044197225009569, -17.795 ], [ -67.13475390423514, -17.824926132121767 ], [ -67.23, -17.82 ], [ -67.365688858277935, -17.90673770596052 ], [ -67.475, -18.025 ], [ -67.557567786248541, -18.164177974771636 ], [ -67.68, -18.27 ], [ -67.68, -18.36 ], [ -67.698129380483763, -18.426295647335735 ], [ -67.7, -18.495 ], [ -67.697433725110855, -18.563601292609015 ], [ -67.68, -18.63 ], [ -67.735, -18.813620946975103 ], [ -67.75, -19.004974970196425 ], [ -67.786041731317169, -19.183531711965749 ], [ -67.86, -19.35 ], [ -67.95, -19.35 ], [ -67.95, -19.44 ], [ -68.064522353697512, -19.554312341735631 ], [ -68.201782348563725, -19.64 ], [ -68.357487066696109, -19.7 ], [ -68.49, -19.8 ], [ -68.605170547277979, -19.770942991822785 ], [ -68.723880721101338, -19.775 ], [ -68.826837917898231, -19.725534827282043 ], [ -68.94, -19.71 ], [ -69.0225, -19.527096550495418 ], [ -69.145, -19.375 ], [ -69.2875, -19.247015790238976 ], [ -69.39, -19.08 ] ] ], [ [ [ -72.9, -4.86 ], [ -72.862161086078061, -4.807838913921937 ], [ -72.81, -4.77 ], [ -72.779934497986545, -4.656569447524379 ], [ -72.785, -4.539331376337592 ], [ -72.7325, -4.436101063352921 ], [ -72.72, -4.32 ], [ -72.661842110968536, -4.290381645520776 ], [ -72.617597898132047, -4.242402101867956 ], [ -72.569441972720213, -4.198291546969324 ], [ -72.54, -4.14 ], [ -72.522269211447735, -4.05 ], [ -72.54, -3.96 ], [ -72.45006488057075, -3.864541827910817 ], [ -72.385, -3.750668434874178 ], [ -72.309978390631187, -3.638706670095732 ], [ -72.27, -3.51 ], [ -72.111413334637859, -3.5425 ], [ -71.94829652804431, -3.535 ], [ -71.790280861611009, -3.549156819447586 ], [ -71.64, -3.6 ], [ -71.601343318397099, -3.566568033418977 ], [ -71.55613328136414, -3.54273343727172 ], [ -71.505118981619262, -3.535023558908951 ], [ -71.46, -3.51 ], [ -71.335347157730141, -3.5625 ], [ -71.197715649782708, -3.575 ], [ -71.057531898116181, -3.57277077536268 ], [ -70.92, -3.6 ], [ -70.870233683307845, -3.735826764337955 ], [ -70.85, -3.879061516571549 ], [ -70.815, -4.019936983046284 ], [ -70.74, -4.14 ], [ -70.726431735241533, -4.23 ], [ -70.74, -4.32 ], [ -70.80840278300613, -4.408812928962807 ], [ -70.895, -4.48 ], [ -70.971487493565704, -4.569082191199716 ], [ -71.01, -4.68 ], [ -70.996118112129082, -4.77 ], [ -71.01, -4.86 ], [ -71.01, -4.95 ], [ -71.103882769849335, -5.063433701322882 ], [ -71.17, -5.195 ], [ -71.256523684697072, -5.310647624685799 ], [ -71.37, -5.4 ], [ -71.46, -5.382393890325344 ], [ -71.55, -5.4 ], [ -71.650772807488408, -5.380538134673962 ], [ -71.739323239728549, -5.32864647945711 ], [ -71.830263294044457, -5.283123116226596 ], [ -71.91, -5.22 ], [ -72.066008444362581, -5.32 ], [ -72.245, -5.38 ], [ -72.379260326964783, -5.499528517726934 ], [ -72.54, -5.58 ], [ -72.677072982228211, -5.494916490955672 ], [ -72.785, -5.375 ], [ -72.87378560941157, -5.241024693589278 ], [ -72.99, -5.13 ], [ -72.968532866679212, -5.060895029948765 ], [ -72.925, -5.00309170636366 ], [ -72.925617528415657, -4.929254048724916 ], [ -72.9, -4.86 ] ] ], [ [ [ -61.47, -12.06 ], [ -61.425067256109458, -11.990531177076297 ], [ -61.36, -11.939432047785072 ], [ -61.316920941922696, -11.86850058064454 ], [ -61.29, -11.79 ], [ -61.219503241992946, -11.7699816550411 ], [ -61.146388878578833, -11.765 ], [ -61.087397316268053, -11.724327739874845 ], [ -61.02, -11.7 ], [ -60.892924963977649, -11.751352680384121 ], [ -60.756547131358055, -11.765 ], [ -60.620370964044348, -11.7975 ], [ -60.48, -11.79 ], [ -60.465, -11.913550770079201 ], [ -60.41, -12.02426384999958 ], [ -60.335658647364497, -12.122270115609471 ], [ -60.3, -12.24 ], [ -60.359999317000266, -12.378214605686473 ], [ -60.455, -12.495167867698056 ], [ -60.493517799819934, -12.645247932299856 ], [ -60.57, -12.78 ], [ -60.684856207782971, -12.7675 ], [ -60.787395542674787, -12.715 ], [ -60.906191970647583, -12.7225 ], [ -61.02, -12.69 ], [ -61.1025, -12.5029407947421 ], [ -61.225, -12.355 ], [ -61.3275, -12.189413430354286 ], [ -61.47, -12.06 ] ] ], [ [ [ -54.63, -30.69 ], [ -54.659692353424688, -30.576460510225218 ], [ -54.655, -30.459196562613204 ], [ -54.672844721693529, -30.345252441761655 ], [ -54.72, -30.24 ], [ -54.653241800139014, -30.191871265082067 ], [ -54.61, -30.121848560948216 ], [ -54.583073910754287, -30.042202323879515 ], [ -54.54, -29.97 ], [ -54.392317165876257, -29.9175 ], [ -54.232538252315351, -29.905 ], [ -54.072828816251572, -29.8725 ], [ -53.91, -29.88 ], [ -53.857312262622749, -29.944200533413685 ], [ -53.784822550103272, -29.984733825154905 ], [ -53.707576177074053, -30.013063514064719 ], [ -53.64, -30.06 ], [ -53.609492641247783, -30.149875898277198 ], [ -53.613768074890757, -30.244692018722692 ], [ -53.592232004768995, -30.336110070475115 ], [ -53.55, -30.42 ], [ -53.61, -30.580351087974037 ], [ -53.71, -30.71 ], [ -53.790773483513647, -30.850381213189078 ], [ -53.91, -30.96 ], [ -54.046122906946032, -30.965159243771438 ], [ -54.18, -30.94 ], [ -54.313087063609018, -30.97 ], [ -54.45, -30.96 ], [ -54.474707741467903, -30.879587457523606 ], [ -54.52, -30.808698383661518 ], [ -54.567218658710686, -30.742138078120348 ], [ -54.63, -30.69 ] ] ], [ [ [ -32.424288100534234, -26.991040927437261 ], [ -32.471808680498086, -26.900904340249046 ], [ -32.515600669505652, -26.808929411651473 ], [ -32.58, -26.73 ], [ -32.602606918183803, -26.684341879145659 ], [ -32.634946469849019, -26.64497323492451 ], [ -32.644401023856581, -26.594507257074248 ], [ -32.67, -26.55 ], [ -32.716850598470714, -26.526881956798491 ], [ -32.768941146432404, -26.5228822928648 ], [ -32.814534501834153, -26.497968838563501 ], [ -32.85, -26.46 ], [ -33.058528470965676, -26.4525 ], [ -33.263269927764263, -26.485 ], [ -33.468054088694792, -26.4975 ], [ -33.66, -26.55 ], [ -33.865769772572826, -26.5625 ], [ -34.059432876968714, -26.615 ], [ -34.266515640413573, -26.6075 ], [ -34.47, -26.64 ], [ -34.535941503644274, -26.58942114591234 ], [ -34.58, -26.518955897154108 ], [ -34.627005590272866, -26.450119828725182 ], [ -34.65, -26.37 ], [ -34.794963298945724, -26.386171772470163 ], [ -34.930530279391, -26.44 ], [ -35.054141396623422, -26.509444780945405 ], [ -35.19, -26.55 ], [ -35.235755199385622, -26.52744737922405 ], [ -35.285435766689851, -26.515871533379702 ], [ -35.323397772234564, -26.481397072264205 ], [ -35.37, -26.46 ], [ -35.444939552591883, -26.370027742740337 ], [ -35.485, -26.26 ], [ -35.573449088969284, -26.190606929938991 ], [ -35.64, -26.1 ], [ -35.57794855262663, -25.944382963874144 ], [ -35.485, -25.805 ], [ -35.4475, -25.628098093490287 ], [ -35.37, -25.47 ], [ -35.4475, -25.309468324220902 ], [ -35.485, -25.135 ], [ -35.5425, -24.975978053549035 ], [ -35.64, -24.84 ], [ -35.624755327725296, -24.75 ], [ -35.64, -24.66 ], [ -35.64, -24.57 ], [ -35.6275, -24.38834871146376 ], [ -35.575, -24.217747912592095 ], [ -35.58138053242088, -24.032590432190652 ], [ -35.55, -23.85 ], [ -35.556238777657377, -23.798542045165316 ], [ -35.58090881820749, -23.752954409103747 ], [ -35.615647241334401, -23.715176231483355 ], [ -35.64, -23.67 ], [ -35.612562618052834, -23.555105338130641 ], [ -35.615, -23.437005158522677 ], [ -35.571601537960831, -23.331767017938137 ], [ -35.55, -23.22 ], [ -35.594756156287623, -23.162323256958949 ], [ -35.615, -23.092181208192073 ], [ -35.614580363585127, -23.018818919149211 ], [ -35.64, -22.95 ], [ -35.6025, -22.775147139463193 ], [ -35.525, -22.617079248685204 ], [ -35.4275, -22.480749406957305 ], [ -35.37, -22.32 ], [ -35.288301965819912, -22.272292874836165 ], [ -35.195288552485117, -22.255 ], [ -35.103902524769545, -22.233174438070741 ], [ -35.01, -22.23 ], [ -34.940409492503164, -22.252323724447361 ], [ -34.867375083105713, -22.255 ], [ -34.797229229337873, -22.274844183767591 ], [ -34.74, -22.32 ], [ -34.639248872933862, -22.296704163101523 ], [ -34.546987251601458, -22.25 ], [ -34.45732217868391, -22.204368663567646 ], [ -34.38, -22.14 ], [ -34.3025, -22.030109681789309 ], [ -34.265, -21.897681721807576 ], [ -34.169324118726664, -21.807406145189994 ], [ -34.11, -21.69 ], [ -34.132028390228385, -21.596794764333126 ], [ -34.135, -21.50106788478962 ], [ -34.178306528136417, -21.41964005693367 ], [ -34.2, -21.33 ], [ -34.18304126234446, -21.24 ], [ -34.2, -21.15 ], [ -34.320683107400569, -21.042714436804559 ], [ -34.405, -20.905 ], [ -34.540201747378859, -20.817680137111321 ], [ -34.65, -20.7 ], [ -34.599558634014187, -20.561609959757828 ], [ -34.58, -20.415618198085312 ], [ -34.507330343599911, -20.295412869895316 ], [ -34.47, -20.16 ], [ -34.38, -20.16 ], [ -34.3475, -19.978771792362291 ], [ -34.355, -19.793573498893178 ], [ -34.3425, -19.610311978326095 ], [ -34.29, -19.44 ], [ -34.342982547892412, -19.40298254789241 ], [ -34.38, -19.35 ], [ -34.372798017719965, -19.23597093490844 ], [ -34.4, -19.125 ], [ -34.408430183292701, -19.010861761485092 ], [ -34.38, -18.9 ], [ -34.474794021272629, -18.810575967303691 ], [ -34.535, -18.695 ], [ -34.604906850063237, -18.57832362349907 ], [ -34.65, -18.45 ], [ -34.650884648682172, -18.376050093944148 ], [ -34.625, -18.306772708228738 ], [ -34.604232671802983, -18.237370677098006 ], [ -34.56, -18.18 ], [ -34.5925, -18.043983410080308 ], [ -34.585, -17.903918979696066 ], [ -34.632753175313404, -17.775716159400609 ], [ -34.65, -17.64 ], [ -34.65, -17.55 ], [ -34.626343717352135, -17.461499342439982 ], [ -34.630799772818769, -17.37 ], [ -34.656638743813495, -17.281732165285128 ], [ -34.65, -17.19 ], [ -34.557193077428352, -17.099680123401214 ], [ -34.445, -17.035 ], [ -34.313358160182908, -16.996976093523379 ], [ -34.2, -16.92 ], [ -34.050547263009356, -16.9725 ], [ -33.892135426058914, -16.985 ], [ -33.729055776281761, -16.9775 ], [ -33.57, -17.01 ], [ -33.488118616407348, -16.962645791678273 ], [ -33.395190643972384, -16.945 ], [ -33.304162376434221, -16.920891847105157 ], [ -33.21, -16.92 ], [ -33.182793059276868, -16.786274588201714 ], [ -33.19, -16.65 ], [ -33.21451779477156, -16.516075392205302 ], [ -33.21, -16.38 ], [ -33.24921767937537, -16.329217679375375 ], [ -33.3, -16.29 ], [ -33.3075, -16.148950128601644 ], [ -33.275, -16.01212577591064 ], [ -33.2225, -15.886766877241911 ], [ -33.21, -15.75 ], [ -33.09593639772622, -15.700272219218599 ], [ -32.97316671631804, -15.68 ], [ -32.857452963425644, -15.642693602400017 ], [ -32.76, -15.57 ], [ -32.67, -15.57 ], [ -32.515079755030534, -15.4475 ], [ -32.335, -15.365 ], [ -32.206135420820864, -15.2225 ], [ -32.04, -15.12 ], [ -32.028215526603866, -15.03 ], [ -32.04, -14.94 ], [ -31.974872824416895, -14.828101740466485 ], [ -31.88, -14.74 ], [ -31.764409194855272, -14.679488506430911 ], [ -31.68, -14.58 ], [ -31.583572052257189, -14.586087553624822 ], [ -31.492089969723782, -14.555 ], [ -31.411352942217714, -14.508446981220644 ], [ -31.32, -14.49 ], [ -31.270755677009735, -14.422421381044849 ], [ -31.25, -14.341420918339239 ], [ -31.205811580409723, -14.270915821957711 ], [ -31.14, -14.22 ], [ -31.060288862975426, -14.171227936542998 ], [ -30.968260423810346, -14.155 ], [ -30.876180437166784, -14.127060948933705 ], [ -30.78, -14.13 ], [ -30.734347960929021, -14.041507179660845 ], [ -30.67, -13.965517523475325 ], [ -30.62408439158315, -13.871666813433478 ], [ -30.6, -13.77 ], [ -30.506951653072157, -13.704071721841339 ], [ -30.433823744475124, -13.616568340699839 ], [ -30.3255761659188, -13.577132590356427 ], [ -30.24, -13.5 ], [ -30.201088283266959, -13.44891171673304 ], [ -30.15, -13.41 ], [ -30.100335600430537, -13.326686490003151 ], [ -30.035, -13.255 ], [ -29.96662510429929, -13.185200946379217 ], [ -29.88, -13.14 ], [ -29.884183981828684, -13.022771297525976 ], [ -29.855, -12.909156291508683 ], [ -29.808249457223688, -12.803804742554661 ], [ -29.79, -12.69 ], [ -29.720280631548999, -12.669655190645988 ], [ -29.660556497343102, -12.628330507970698 ], [ -29.588335754413098, -12.623802574620752 ], [ -29.52, -12.6 ], [ -29.45184021205537, -12.503444536370251 ], [ -29.41, -12.39290897238936 ], [ -29.355, -12.27800507192168 ], [ -29.34, -12.15 ], [ -29.374359064903981, -12.111973219945593 ], [ -29.396626591539878, -12.06581329576994 ], [ -29.421441849623427, -12.020737962117119 ], [ -29.43, -11.97 ], [ -29.336335882338972, -11.880931294128825 ], [ -29.27, -11.77 ], [ -29.155838673697509, -11.707701657878113 ], [ -29.07, -11.61 ], [ -29.085401485980491, -11.421578289184374 ], [ -29.14, -11.240583954621229 ], [ -29.175, -11.05774579447519 ], [ -29.25, -10.89 ], [ -29.16, -10.89 ], [ -29.2125, -10.716805873968282 ], [ -29.225, -10.535020610982812 ], [ -29.218076038061351, -10.351179972261296 ], [ -29.25, -10.17 ], [ -29.25, -10.08 ], [ -29.2539541315628, -9.988449540937467 ], [ -29.23, -9.9 ], [ -29.250945212995461, -9.811216134777274 ], [ -29.25, -9.72 ], [ -29.2125, -9.568427851900013 ], [ -29.135, -9.433390832015407 ], [ -29.04073381559359, -9.316951345799337 ], [ -28.98, -9.18 ], [ -28.868013328171674, -9.13889224483308 ], [ -28.770623796886696, -9.07 ], [ -28.644914489441184, -9.053553500677877 ], [ -28.53, -9.0 ], [ -28.488140895736777, -8.892009325553195 ], [ -28.415, -8.802206320324986 ], [ -28.35081600970117, -8.708378739193286 ], [ -28.26, -8.64 ], [ -28.194424739150008, -8.617008010737459 ], [ -28.125, -8.62 ], [ -28.056356294784621, -8.622279989796199 ], [ -27.99, -8.64 ], [ -27.760669532261264, -8.6475 ], [ -27.535255211346268, -8.615 ], [ -27.317635818307647, -8.5625 ], [ -27.09, -8.55 ], [ -27.0, -8.55 ], [ -27.01, -8.368610707111984 ], [ -26.98, -8.19 ], [ -26.97, -8.008532683244578 ], [ -27.0, -7.83 ], [ -26.926553033318218, -7.743187971023695 ], [ -26.835552011909616, -7.675 ], [ -26.726702963941687, -7.636329179509783 ], [ -26.64, -7.56 ], [ -26.506168985823393, -7.585781308615768 ], [ -26.37, -7.58 ], [ -26.233290418766501, -7.59 ], [ -26.1, -7.56 ], [ -26.05950789042468, -7.510492109575321 ], [ -26.01, -7.47 ], [ -25.92101423768203, -7.450871860861739 ], [ -25.83, -7.45 ], [ -25.738774956510358, -7.448974608593246 ], [ -25.65, -7.47 ], [ -25.591058351274661, -7.512958914089658 ], [ -25.520592111666108, -7.531776334998322 ], [ -25.45269018259086, -7.557814164227664 ], [ -25.38, -7.56 ], [ -25.29, -7.56 ], [ -25.259657765987118, -7.617595681325 ], [ -25.213942916647319, -7.66394291664732 ], [ -25.154692953088727, -7.692024336640811 ], [ -25.11, -7.74 ], [ -25.017722703734336, -7.85448217386732 ], [ -24.95, -7.985 ], [ -24.834782727565539, -8.072653880551742 ], [ -24.75, -8.19 ], [ -24.75254570790382, -8.258604339569805 ], [ -24.77, -8.325 ], [ -24.770068161351588, -8.393991579459495 ], [ -24.75, -8.46 ], [ -24.677209523746928, -8.545852645977964 ], [ -24.58839638459332, -8.615 ], [ -24.497125681771493, -8.686176393484416 ], [ -24.39, -8.73 ], [ -24.415029664751167, -8.841164029799897 ], [ -24.41, -8.955 ], [ -24.38, -9.065535302873727 ], [ -24.39, -9.18 ], [ -24.321680559973395, -9.20384759137055 ], [ -24.26118382655271, -9.243551479658121 ], [ -24.192018068204987, -9.264388642459464 ], [ -24.12, -9.27 ], [ -24.105, -9.437984683320735 ], [ -24.05, -9.594486322114792 ], [ -23.975, -9.738359007206137 ], [ -23.94, -9.9 ], [ -24.011288678401058, -9.998203817336289 ], [ -24.05, -10.11321468198677 ], [ -24.098091045555698, -10.227737281833519 ], [ -24.12, -10.35 ], [ -24.14667629859597, -10.393992472273418 ], [ -24.155719940921486, -10.444640029539258 ], [ -24.191394168885122, -10.481893152598021 ], [ -24.21, -10.53 ], [ -24.2625, -10.679339378136541 ], [ -24.275, -10.840478712296935 ], [ -24.2675, -11.002496708860461 ], [ -24.3, -11.16 ], [ -24.284201856099699, -11.318654563956841 ], [ -24.235, -11.470312169672393 ], [ -24.242176748635359, -11.631694831917622 ], [ -24.21, -11.79 ], [ -24.172768764972382, -11.842768764972382 ], [ -24.12, -11.88 ], [ -24.195, -12.046960206997301 ], [ -24.23, -12.229629649057433 ], [ -24.245, -12.420182181415946 ], [ -24.3, -12.6 ], [ -24.38985113405376, -12.57882258154498 ], [ -24.471099461359, -12.535 ], [ -24.563214693770281, -12.504856410804088 ], [ -24.66, -12.51 ], [ -24.7375, -12.666178228434104 ], [ -24.775, -12.842961564888913 ], [ -24.8325, -13.004688051507838 ], [ -24.93, -13.14 ], [ -25.021757641829304, -13.134181223536263 ], [ -25.11, -13.16 ], [ -25.201226732732248, -13.161040594590231 ], [ -25.29, -13.14 ], [ -25.300396113671933, -13.190123392882983 ], [ -25.321282710610827, -13.236858644694587 ], [ -25.343609852708962, -13.283395211720636 ], [ -25.38, -13.32 ], [ -25.3275, -13.446707114687214 ], [ -25.315, -13.584163262026264 ], [ -25.31995941648541, -13.72366403593621 ], [ -25.29, -13.86 ], [ -25.290783845066539, -13.933195328916822 ], [ -25.315, -14.002273172170417 ], [ -25.336632411360547, -14.071667086400359 ], [ -25.38, -14.13 ], [ -25.329381896550746, -14.196232940526707 ], [ -25.307509341102456, -14.276672894068305 ], [ -25.244259229476167, -14.330058878159534 ], [ -25.2, -14.4 ], [ -25.250141641728842, -14.536606594681631 ], [ -25.27, -14.680763424393403 ], [ -25.311197760513522, -14.816238317654321 ], [ -25.38, -14.94 ], [ -25.469712855735999, -14.971501775579416 ], [ -25.564657230465297, -14.966371078138804 ], [ -25.65684283528504, -14.985745663881794 ], [ -25.74, -15.03 ], [ -25.801477176845204, -15.084032583160733 ], [ -25.85, -15.149945396398881 ], [ -25.872480462795632, -15.230813022876418 ], [ -25.92, -15.3 ], [ -25.941696426639631, -15.388700397040042 ], [ -25.94, -15.48 ], [ -25.940054332554062, -15.571117148061562 ], [ -25.92, -15.66 ], [ -25.898349876598949, -15.706238477998323 ], [ -25.887062488124929, -15.756031244062465 ], [ -25.865784240758554, -15.802944527231981 ], [ -25.83, -15.84 ], [ -25.795, -15.979103911610734 ], [ -25.72, -16.096858796481722 ], [ -25.705, -16.243546404351751 ], [ -25.65, -16.38 ], [ -25.560181028555256, -16.402197874443441 ], [ -25.478155597687515, -16.445 ], [ -25.382558617541445, -16.44606630136272 ], [ -25.29, -16.47 ], [ -25.261840829867559, -16.607864072028274 ], [ -25.265, -16.748539090645078 ], [ -25.2525, -16.884640511429208 ], [ -25.2, -17.01 ], [ -25.121152980823457, -17.035428801546267 ], [ -25.051318285653338, -17.08 ], [ -24.98251184807031, -17.126014401522237 ], [ -24.93, -17.19 ], [ -25.0525, -17.343926002043965 ], [ -25.135, -17.525 ], [ -25.2775, -17.6525 ], [ -25.38, -17.82 ], [ -25.302010731245016, -17.846866395395665 ], [ -25.232146288840244, -17.890719433260372 ], [ -25.179996276715144, -17.9553333791686 ], [ -25.11, -18.0 ], [ -25.1175, -18.208353973843259 ], [ -25.085, -18.412427800707963 ], [ -25.0725, -18.616173893020818 ], [ -25.02, -18.81 ], [ -24.999920918346447, -18.898880102038493 ], [ -25.0, -18.99 ], [ -24.998085044256243, -19.081323883971532 ], [ -25.02, -19.17 ], [ -25.004530040565424, -19.26 ], [ -25.02, -19.35 ], [ -25.069918436172703, -19.360986040501288 ], [ -25.11456341435191, -19.385873171296179 ], [ -25.162276202846485, -19.405053015386493 ], [ -25.2, -19.44 ], [ -25.22373349659491, -19.519518035516356 ], [ -25.27240932151263, -19.586727118991583 ], [ -25.334639898744268, -19.641001413248357 ], [ -25.38, -19.71 ], [ -25.520306733697865, -19.805189336303037 ], [ -25.678956264976414, -19.865 ], [ -25.85143997596262, -19.9025 ], [ -26.01, -19.98 ], [ -26.100674655397544, -19.936607136783667 ], [ -26.175962921674945, -19.87 ], [ -26.278783382901111, -19.851082685798552 ], [ -26.37, -19.8 ], [ -26.480334095412804, -19.89327821835203 ], [ -26.57, -20.006567512568438 ], [ -26.664729410620765, -20.118602609268105 ], [ -26.73, -20.25 ], [ -26.834167138377637, -20.199834172704161 ], [ -26.948829033819173, -20.185 ], [ -27.066041889048197, -20.18754804758472 ], [ -27.18, -20.16 ], [ -27.15, -20.293080399036963 ], [ -27.16, -20.43 ], [ -27.15, -20.566596378224254 ], [ -27.18, -20.7 ], [ -27.216126105485213, -20.753873894514786 ], [ -27.27, -20.79 ], [ -27.241175751079865, -20.903911333139167 ], [ -27.245, -21.021350697338526 ], [ -27.194802466959572, -21.125414231283454 ], [ -27.18, -21.24 ], [ -27.230234488510977, -21.309380206064468 ], [ -27.25, -21.392725520180409 ], [ -27.294323808246816, -21.461376712781846 ], [ -27.36, -21.51 ], [ -27.356727282298504, -21.583479045786866 ], [ -27.335, -21.653748570154281 ], [ -27.289977332768181, -21.710427044273111 ], [ -27.27, -21.78 ], [ -27.174013834987047, -21.774613022817483 ], [ -27.082805310085217, -21.805 ], [ -26.991822653102805, -21.825323866840026 ], [ -26.91, -21.87 ], [ -26.839642795671672, -21.943312402490697 ], [ -26.8, -22.03687143899274 ], [ -26.783702305475561, -22.140214423673843 ], [ -26.73, -22.23 ], [ -26.661974748115632, -22.25549610194685 ], [ -26.589376146879612, -22.258128440638835 ], [ -26.519231287788777, -22.277653841961943 ], [ -26.46, -22.32 ], [ -26.4, -22.457894432937479 ], [ -26.3, -22.56496304406269 ], [ -26.185809694521719, -22.653639816848578 ], [ -26.1, -22.77 ], [ -26.173990397986493, -22.905785027937405 ], [ -26.215, -23.054883536812763 ], [ -26.27419793812566, -23.193561472541042 ], [ -26.37, -23.31 ], [ -26.408922448784569, -23.343043692506487 ], [ -26.453851490726048, -23.367297018547905 ], [ -26.499157903986205, -23.391786110510033 ], [ -26.55, -23.4 ], [ -26.644867941314708, -23.400927981134419 ], [ -26.736128706337638, -23.375 ], [ -26.828823303951868, -23.357904864965956 ], [ -26.91, -23.31 ], [ -26.989697631317885, -23.358791189829624 ], [ -27.081727882407041, -23.375 ], [ -27.173962204883356, -23.401821756964008 ], [ -27.27, -23.4 ], [ -27.380558656588665, -23.43 ], [ -27.495, -23.42 ], [ -27.609385750861037, -23.43 ], [ -27.72, -23.4 ], [ -27.780293053669926, -23.440131687936177 ], [ -27.849459007618499, -23.461622977144494 ], [ -27.917494008299151, -23.48688307839523 ], [ -27.99, -23.49 ], [ -28.013479009116832, -23.535369567911932 ], [ -28.046775853351967, -23.574112073324013 ], [ -28.058333342900422, -23.623807396175408 ], [ -28.08, -23.67 ], [ -28.149227450012823, -23.718977110141971 ], [ -28.231381179417845, -23.74 ], [ -28.296846796521336, -23.78836143644229 ], [ -28.35, -23.85 ], [ -28.374206994193059, -23.895672712394212 ], [ -28.410961788790285, -23.932019105604862 ], [ -28.431039386312431, -23.979362204477045 ], [ -28.44, -24.03 ], [ -28.487372796564607, -24.074949951986827 ], [ -28.545720554364625, -24.104279445635377 ], [ -28.57434377758215, -24.163123430270378 ], [ -28.62, -24.21 ], [ -28.814673601163083, -24.225 ], [ -28.997447116313403, -24.28 ], [ -29.178237338186047, -24.315 ], [ -29.34, -24.39 ], [ -29.431032929960896, -24.371304401610278 ], [ -29.51160849777105, -24.325 ], [ -29.608235037410164, -24.330817596070304 ], [ -29.7, -24.3 ], [ -29.76, -24.478643662651425 ], [ -29.86, -24.634348142525738 ], [ -29.979550770122021, -24.768948536142581 ], [ -30.06, -24.93 ], [ -29.98, -25.096902511744041 ], [ -29.86, -25.226737879129363 ], [ -29.8, -25.406316842191554 ], [ -29.7, -25.56 ], [ -29.739466277112825, -25.620607619255757 ], [ -29.762273310936969, -25.689242229687679 ], [ -29.764037867676851, -25.76200435327106 ], [ -29.79, -25.83 ], [ -29.853878362704815, -25.903873914730873 ], [ -29.939915416068981, -25.950084583931016 ], [ -30.008449345146225, -26.018240358340574 ], [ -30.06, -26.1 ], [ -30.196722701316649, -26.09 ], [ -30.33, -26.12 ], [ -30.463887934939795, -26.094987121687222 ], [ -30.6, -26.1 ], [ -30.65090757409844, -26.139092425901566 ], [ -30.69, -26.19 ], [ -30.78, -26.203138980511852 ], [ -30.87, -26.19 ], [ -30.935487756687301, -26.261573599877167 ], [ -30.985, -26.345 ], [ -31.06856073037023, -26.394331189500999 ], [ -31.14, -26.46 ], [ -31.23, -26.46 ], [ -31.290190102692502, -26.615929598514484 ], [ -31.39, -26.75 ], [ -31.51, -26.856161070443822 ], [ -31.59, -27.0 ], [ -31.783071363803064, -27.0525 ], [ -31.98884930429632, -27.065 ], [ -32.196908739064916, -27.0575 ], [ -32.4, -27.09 ], [ -32.424288100534234, -26.991040927437261 ] ] ], [ [ [ -35.28, -14.85 ], [ -35.330681039913912, -14.810681039913909 ], [ -35.37, -14.76 ], [ -35.3575, -14.599216862811303 ], [ -35.305, -14.450632386554814 ], [ -35.3125, -14.28802020676399 ], [ -35.28, -14.13 ], [ -35.142743648988272, -14.075 ], [ -34.993234271731041, -14.06 ], [ -34.856872383087889, -14.025 ], [ -34.74, -13.95 ], [ -34.693796320560068, -13.97308427156155 ], [ -34.642654757876876, -13.980309515753738 ], [ -34.605466846203058, -14.015886771426722 ], [ -34.56, -14.04 ], [ -34.517101168185405, -14.151991373349412 ], [ -34.45, -14.251388610252144 ], [ -34.42822766699318, -14.37457482688365 ], [ -34.38, -14.49 ], [ -34.415, -14.62867145140042 ], [ -34.49, -14.748824057171229 ], [ -34.505, -14.895881847710308 ], [ -34.530012266082153, -14.9504990766725 ], [ -34.56908787878352, -15.000655833274253 ], [ -34.604080964784742, -15.021651684874987 ], [ -34.65, -15.03 ], [ -34.728306420089083, -15.022818121075028 ], [ -34.81090165764121, -14.995 ], [ -34.954364901114843, -14.92 ], [ -35.112397018426151, -14.865 ], [ -35.28, -14.85 ] ] ], [ [ [ -31.295, -11.36 ], [ -31.198824867837402, -11.473421418059189 ], [ -31.14, -11.61 ], [ -31.123819052279952, -11.7 ], [ -31.14, -11.79 ], [ -31.251806848000541, -11.8875 ], [ -31.394232669122413, -11.945 ], [ -31.545206578297794, -11.9825 ], [ -31.68, -12.06 ], [ -31.724121646685202, -12.118101684058184 ], [ -31.745, -12.188006045577858 ], [ -31.771654807120434, -12.256510873179806 ], [ -31.77, -12.33 ], [ -31.77, -12.42 ], [ -31.926195459213012, -12.475 ], [ -32.094714301362792, -12.49 ], [ -32.240455633502883, -12.564153949940904 ], [ -32.4, -12.6 ], [ -32.499766371716142, -12.57789390170459 ], [ -32.589545920602205, -12.529091841204417 ], [ -32.664641101597489, -12.45871506992772 ], [ -32.76, -12.42 ], [ -32.885533117763138, -12.5425 ], [ -33.05, -12.625 ], [ -33.155, -12.7675 ], [ -33.3, -12.87 ], [ -33.443599942984577, -12.797878404319619 ], [ -33.599765543149459, -12.76 ], [ -33.758366809028637, -12.705 ], [ -33.93, -12.69 ], [ -33.875, -12.48494522464134 ], [ -33.86, -12.27235583749075 ], [ -33.825, -12.067928349359327 ], [ -33.75, -11.88 ], [ -33.710336417995464, -11.829663582004533 ], [ -33.66, -11.79 ], [ -33.6675, -11.672560873921123 ], [ -33.635, -11.559784520358077 ], [ -33.619113209919718, -11.444978999486146 ], [ -33.57, -11.34 ], [ -33.524144744787804, -11.316854947221003 ], [ -33.473574850486877, -11.307850299026247 ], [ -33.436643331098651, -11.271909946261657 ], [ -33.39, -11.25 ], [ -33.346007666191319, -11.142233091939991 ], [ -33.275, -11.05 ], [ -33.183394479500151, -10.983664722984226 ], [ -33.12, -10.89 ], [ -32.964537577573026, -10.851907123833895 ], [ -32.821537586162513, -10.78 ], [ -32.660700596811225, -10.725 ], [ -32.49, -10.71 ], [ -32.49, -10.8 ], [ -32.353187893986998, -10.81 ], [ -32.22, -10.78 ], [ -32.086407037301761, -10.808995003573745 ], [ -31.95, -10.8 ], [ -31.95, -10.89 ], [ -31.82990872673453, -10.961005912384183 ], [ -31.695956441800522, -11.0 ], [ -31.557552468926893, -11.053686224137268 ], [ -31.41, -11.07 ], [ -31.3325, -11.20372876013098 ], [ -31.295, -11.36 ] ] ], [ [ [ -31.501231593074486, -10.144497529388527 ], [ -31.298909584101079, -10.03851933421198 ], [ -30.942437473052692, -10.115594385249469 ], [ -30.749749845458972, -10.385357063880681 ], [ -30.817190515116771, -10.549141547335344 ], [ -31.009878142710495, -10.664754123891578 ], [ -31.202565770304219, -10.693657268030636 ], [ -31.395253397897939, -10.616582216993146 ], [ -31.298909584101079, -10.510604021816599 ], [ -31.52050035583386, -10.375722682500994 ], [ -31.501231593074486, -10.144497529388527 ] ] ], [ [ [ -31.558977148557371, -6.006034384496647 ], [ -31.558709179573601, -6.010589857220793 ], [ -31.55951308652492, -6.013269547058525 ], [ -31.560316993476238, -6.017825019782671 ], [ -31.562460745346424, -6.021040647587951 ], [ -31.565408404167933, -6.023184399458136 ], [ -31.568088094005663, -6.023988306409457 ], [ -31.572643566729809, -6.022112523523043 ], [ -31.57666310148641, -6.018896895717765 ], [ -31.580414667259234, -6.012733609090978 ], [ -31.582558419129423, -6.00710626043174 ], [ -31.582558419129423, -5.998799221934767 ], [ -31.582558419129423, -5.994511718194395 ], [ -31.580414667259234, -5.988348431567609 ], [ -31.579342791324141, -5.980845300021957 ], [ -31.578270915389048, -5.976021858314038 ], [ -31.578806853356596, -5.972538261524986 ], [ -31.577199039453955, -5.969322633719706 ], [ -31.575055287583769, -5.970394509654799 ], [ -31.573447473681131, -5.974682013395172 ], [ -31.571571690794716, -5.980577331038184 ], [ -31.568624031973211, -5.983792958843464 ], [ -31.566748249086796, -5.987276555632516 ], [ -31.56433652823284, -5.990760152421569 ], [ -31.561656838395105, -5.997191408032128 ], [ -31.560316993476238, -6.000942973804954 ], [ -31.560049024492464, -6.003622663642687 ], [ -31.558977148557371, -6.006034384496647 ] ] ], [ [ [ -30.96, -9.72 ], [ -31.052141964669481, -9.670562678454768 ], [ -31.154666920994675, -9.65 ], [ -31.246073348835083, -9.608136296809468 ], [ -31.32, -9.54 ], [ -31.3975, -9.404081077004088 ], [ -31.435, -9.25 ], [ -31.495736679648264, -9.114606741381923 ], [ -31.59, -9.0 ], [ -31.49, -8.867748954189809 ], [ -31.43, -8.710055784588095 ], [ -31.35, -8.566721614755657 ], [ -31.23, -8.46 ], [ -31.095006066806686, -8.476397814917132 ], [ -30.968001823026295, -8.525 ], [ -30.831231858918265, -8.5575 ], [ -30.69, -8.55 ], [ -30.637607224959645, -8.611909613316168 ], [ -30.572299355556432, -8.66 ], [ -30.489451597979045, -8.680426953758868 ], [ -30.42, -8.73 ], [ -30.395541183854984, -8.774846946633211 ], [ -30.384401066365704, -8.824700533182854 ], [ -30.363340737412052, -8.871266277678433 ], [ -30.33, -8.91 ], [ -30.385, -9.022015368853388 ], [ -30.4, -9.147542519819718 ], [ -30.438299514674277, -9.262417947163565 ], [ -30.51, -9.36 ], [ -30.571777236558631, -9.412416213849163 ], [ -30.62, -9.477519604829817 ], [ -30.644208749117755, -9.558713800343062 ], [ -30.69, -9.63 ], [ -30.748944985149834, -9.671944918302243 ], [ -30.817518672914204, -9.695 ], [ -30.890975870151617, -9.694867413507007 ], [ -30.96, -9.72 ] ] ], [ [ [ -1.08, -31.14 ], [ -1.056548373732275, -31.071690703299748 ], [ -1.050942817219744, -30.99968572759342 ], [ -1.029284966021898, -30.930701135725439 ], [ -0.99, -30.87 ], [ -0.873425304220692, -30.87088599039669 ], [ -0.759757541965056, -30.845 ], [ -0.644834630802508, -30.829553659189052 ], [ -0.54, -30.78 ], [ -0.45, -30.765371928684935 ], [ -0.36, -30.78 ], [ -0.196216680136374, -30.7875 ], [ -0.036309856027825, -30.755 ], [ 0.111317192781497, -30.7025 ], [ 0.27, -30.69 ], [ 0.403298972455051, -30.72 ], [ 0.54, -30.71 ], [ 0.676090140411845, -30.71471689555991 ], [ 0.81, -30.69 ], [ 0.8885946243198, -30.715612467007283 ], [ 0.956495304476787, -30.762757043284822 ], [ 1.009898475520792, -30.82599372211768 ], [ 1.08, -30.87 ], [ 1.0025, -31.027999159942759 ], [ 0.965, -31.205 ], [ 0.8675, -31.338323928172095 ], [ 0.81, -31.5 ], [ 0.695560051281548, -31.51 ], [ 0.585, -31.48 ], [ 0.473504981773399, -31.501306044950745 ], [ 0.36, -31.5 ], [ 0.333645065368147, -31.544220111319184 ], [ 0.298308101866971, -31.581654050933484 ], [ 0.278867849654942, -31.629305434331545 ], [ 0.27, -31.68 ], [ 0.129562969128481, -31.687085071057055 ], [ -0.007343225352101, -31.655 ], [ -0.142468051585511, -31.637840929217024 ], [ -0.27, -31.59 ], [ -0.341714495059177, -31.633281269754487 ], [ -0.421101814998955, -31.66 ], [ -0.486839718601056, -31.708202470674618 ], [ -0.54, -31.77 ], [ -0.637009253785026, -31.702100015079374 ], [ -0.74768351457978, -31.66 ], [ -0.872409679775765, -31.637350949100416 ], [ -0.99, -31.59 ], [ -1.020014246531103, -31.476395150361892 ], [ -1.015, -31.358999348955489 ], [ -1.064292549428448, -31.254483779307535 ], [ -1.08, -31.14 ] ] ], [ [ [ -2.97, -28.17 ], [ -3.005, -28.030956398663911 ], [ -3.08, -27.909052970779811 ], [ -3.131893932635311, -27.773764301891791 ], [ -3.15, -27.63 ], [ -3.24, -27.63 ], [ -3.26888062880716, -27.471259974185774 ], [ -3.265, -27.309960788707798 ], [ -3.2775, -27.150159690608675 ], [ -3.33, -27.0 ], [ -3.362217764134345, -26.943809114437972 ], [ -3.408688798760903, -26.898688798760904 ], [ -3.451667859789269, -26.849460915840371 ], [ -3.51, -26.82 ], [ -3.565, -26.682717927937333 ], [ -3.58, -26.53509840276271 ], [ -3.615, -26.397702360930428 ], [ -3.69, -26.28 ], [ -3.642521061619888, -26.212825801888048 ], [ -3.613992130506431, -26.135671912995715 ], [ -3.550487176338114, -26.082359435925468 ], [ -3.51, -26.01 ], [ -3.373058655158301, -26.02 ], [ -3.24, -25.99 ], [ -3.10631322006641, -26.017728470896525 ], [ -2.97, -26.01 ], [ -2.927968613323102, -26.059693193637376 ], [ -2.870796792472599, -26.090796792472599 ], [ -2.838717658190379, -26.147174081200351 ], [ -2.79, -26.19 ], [ -2.677070284216864, -26.286968200349783 ], [ -2.54, -26.345 ], [ -2.406108004169329, -26.4225 ], [ -2.25, -26.46 ], [ -2.199426693800753, -26.450863573229391 ], [ -2.152188068234968, -26.430623863530062 ], [ -2.107876303954287, -26.404674224281795 ], [ -2.07, -26.37 ], [ -2.15, -26.181211508814464 ], [ -2.27, -26.03 ], [ -2.37, -25.85434812040404 ], [ -2.43, -25.65 ], [ -2.318674428768853, -25.584172529692808 ], [ -2.225, -25.495 ], [ -2.108829236421465, -25.424015974580357 ], [ -1.98, -25.38 ], [ -1.92842920865218, -25.44526035018016 ], [ -1.857878180225556, -25.489317270338333 ], [ -1.789606304204559, -25.53651524159697 ], [ -1.71, -25.56 ], [ -1.596629677910158, -25.532705482421964 ], [ -1.480042561084772, -25.535 ], [ -1.366074249370328, -25.515861766888936 ], [ -1.26, -25.47 ], [ -1.189191860228799, -25.516854945838649 ], [ -1.107500458751847, -25.54 ], [ -1.038493260817297, -25.58404364989962 ], [ -0.99, -25.65 ], [ -0.908593965717051, -25.604249425972331 ], [ -0.817218273975353, -25.585 ], [ -0.726033567416708, -25.554344092788131 ], [ -0.63, -25.56 ], [ -0.546368787957496, -25.601957435061273 ], [ -0.455684466348609, -25.625 ], [ -0.360547855037036, -25.620458784799172 ], [ -0.27, -25.65 ], [ -0.260916290557446, -25.700544166587814 ], [ -0.237622560088816, -25.746311280044406 ], [ -0.20365256770288, -25.784603689269005 ], [ -0.18, -25.83 ], [ -0.043790866883294, -25.9075 ], [ 0.11, -25.945 ], [ 0.225404881264529, -26.037975997960437 ], [ 0.36, -26.1 ], [ 0.418281231518393, -26.056167782978829 ], [ 0.488065829819544, -26.035 ], [ 0.560817027193111, -26.032629059857783 ], [ 0.63, -26.01 ], [ 0.668368919829807, -26.04393252869524 ], [ 0.712734201733273, -26.069531596533455 ], [ 0.7643083486395, -26.075376306859937 ], [ 0.81, -26.1 ], [ 0.850919206221113, -26.194039160641392 ], [ 0.919603599135812, -26.270198200432095 ], [ 0.940452229967479, -26.370421273431056 ], [ 0.99, -26.46 ], [ 0.9525, -26.66046115910174 ], [ 0.875, -26.84 ], [ 0.8175, -27.02530939207935 ], [ 0.72, -27.18 ], [ 0.5833765111472, -27.19 ], [ 0.45, -27.16 ], [ 0.316264472216031, -27.187070374916424 ], [ 0.18, -27.18 ], [ -0.013539784712244, -27.195 ], [ -0.197855155402099, -27.25 ], [ -0.378881689665477, -27.285 ], [ -0.54, -27.36 ], [ -0.63, -27.343971062536987 ], [ -0.72, -27.36 ], [ -0.885721988264624, -27.378504662428305 ], [ -1.044323470396234, -27.43 ], [ -1.204724267576807, -27.465 ], [ -1.35, -27.54 ], [ -1.384570868356033, -27.500878616096781 ], [ -1.431425504878972, -27.477851009757941 ], [ -1.482737298950987, -27.471091085299744 ], [ -1.53, -27.45 ], [ -1.565388206290843, -27.488052006899331 ], [ -1.612328675227533, -27.510342649544931 ], [ -1.66286775720347, -27.519561408666782 ], [ -1.71, -27.54 ], [ -1.8325, -27.667263700931041 ], [ -1.915, -27.83 ], [ -2.0175, -27.975 ], [ -2.16, -28.08 ], [ -2.160304816299116, -28.15309715186412 ], [ -2.134771954574116, -28.221590651524703 ], [ -2.093593203533968, -28.281360094613856 ], [ -2.07, -28.35 ], [ -2.097312374374262, -28.460961122277844 ], [ -2.09, -28.575 ], [ -2.063700335766457, -28.686051140957019 ], [ -2.07, -28.8 ], [ -2.159700119189643, -28.896223223235733 ], [ -2.225, -29.010420183084328 ], [ -2.302244467103694, -29.120732608229268 ], [ -2.34, -29.25 ], [ -2.423197290614336, -29.207682283084644 ], [ -2.513740608228409, -29.185 ], [ -2.60439741357316, -29.154076036476294 ], [ -2.7, -29.16 ], [ -2.813937965427251, -29.248868379369103 ], [ -2.906291696880523, -29.36 ], [ -3.01322666280578, -29.46 ], [ -3.15, -29.52 ], [ -3.28317100460953, -29.49 ], [ -3.42, -29.5 ], [ -3.556892925735676, -29.49 ], [ -3.69, -29.52 ], [ -3.719540072852703, -29.578239352570911 ], [ -3.763188561568534, -29.626811438431467 ], [ -3.822155767180062, -29.655289282042752 ], [ -3.87, -29.7 ], [ -4.007038338201115, -29.6875 ], [ -4.134013726090394, -29.635 ], [ -4.270000563380584, -29.6025 ], [ -4.41, -29.61 ], [ -4.3575, -29.391255368024925 ], [ -4.345, -29.16542504289578 ], [ -4.3125, -28.93897282160227 ], [ -4.32, -28.71 ], [ -4.209300517460734, -28.68 ], [ -4.095, -28.69 ], [ -3.984362021226389, -28.72 ], [ -3.87, -28.71 ], [ -3.66040346998174, -28.63 ], [ -3.485, -28.51 ], [ -3.286985731483101, -28.41 ], [ -3.06, -28.35 ], [ -3.02371824787169, -28.313298032154453 ], [ -2.998884089300142, -28.268057955349931 ], [ -2.974888154151678, -28.221843185102959 ], [ -2.97, -28.17 ] ] ], [ [ [ 1.763264901759995, -29.185373688076805 ], [ 1.71, -29.07 ], [ 1.734813545292532, -29.002536961384081 ], [ 1.775, -28.942938115192884 ], [ 1.773507293523608, -28.869021721128924 ], [ 1.8, -28.8 ], [ 1.845325835139706, -28.776114415872499 ], [ 1.883435592605738, -28.74187118521148 ], [ 1.93425618986914, -28.733626504281411 ], [ 1.98, -28.71 ], [ 2.0325, -28.561659651745273 ], [ 2.045, -28.400480938250009 ], [ 2.077108686514517, -28.241770098829473 ], [ 2.07, -28.08 ], [ 2.1925, -27.977250683853239 ], [ 2.275, -27.835 ], [ 2.383627012372229, -27.715920087957052 ], [ 2.52, -27.63 ], [ 2.61, -27.640332083804992 ], [ 2.7, -27.63 ], [ 2.769663867494723, -27.738268906004219 ], [ 2.86, -27.83 ], [ 2.948702654022763, -27.924121682471544 ], [ 3.06, -27.99 ], [ 3.088073253529092, -28.146352491839423 ], [ 3.08, -28.305 ], [ 3.09, -28.464164780777828 ], [ 3.06, -28.62 ], [ 3.06, -28.71 ], [ 2.883850443798103, -28.7475 ], [ 2.725, -28.825 ], [ 2.588475833273638, -28.9225 ], [ 2.43, -28.98 ], [ 2.44619914368633, -29.046529557296875 ], [ 2.44557246487958, -29.115 ], [ 2.429928086396249, -29.181593550346062 ], [ 2.43, -29.25 ], [ 2.294914976421142, -29.3275 ], [ 2.14, -29.365 ], [ 2.023473196469235, -29.456166445918118 ], [ 1.89, -29.52 ], [ 1.819691115115958, -29.423741853106876 ], [ 1.78, -29.311342629275984 ], [ 1.763264901759995, -29.185373688076805 ] ] ], [ [ [ 14.67, 10.26 ], [ 14.565, 10.4025 ], [ 14.42, 10.505 ], [ 14.261429913834233, 10.588303292741109 ], [ 14.13, 10.71 ], [ 14.04, 10.71 ], [ 13.94520347493879, 10.846836399966231 ], [ 13.88, 11.0 ], [ 13.795802488101545, 11.137641990481235 ], [ 13.68, 11.25 ], [ 13.59, 11.25 ], [ 13.4875, 11.395 ], [ 13.345, 11.5 ], [ 13.2625, 11.662736856102422 ], [ 13.14, 11.79 ], [ 13.086878292206451, 11.826878292206452 ], [ 13.05, 11.88 ], [ 12.998986566387188, 11.887764467834822 ], [ 12.951634236801976, 11.90826847360395 ], [ 12.915836587109579, 11.945772020137325 ], [ 12.87, 11.97 ], [ 12.852479432502591, 12.036385841852237 ], [ 12.85, 12.105 ], [ 12.867290597351964, 12.171419911503412 ], [ 12.87, 12.24 ], [ 12.9675, 12.351877061318465 ], [ 13.025, 12.493305759844814 ], [ 13.1025, 12.626222296504617 ], [ 13.14, 12.78 ], [ 13.110653042198031, 12.890780270417601 ], [ 13.12, 13.005 ], [ 13.147370366289657, 13.11595596744092 ], [ 13.14, 13.23 ], [ 13.122937259805056, 13.32 ], [ 13.14, 13.41 ], [ 13.169365025520536, 13.520778664398176 ], [ 13.16, 13.635 ], [ 13.17, 13.749319540814497 ], [ 13.14, 13.86 ], [ 13.165001622234302, 13.928197485797346 ], [ 13.167643990413161, 14.000785336528947 ], [ 13.207407115933952, 14.061249687460286 ], [ 13.23, 14.13 ], [ 13.243732447642588, 14.22 ], [ 13.23, 14.31 ], [ 13.252250168666272, 14.375685160197591 ], [ 13.25, 14.445 ], [ 13.230891355133272, 14.511150571130855 ], [ 13.23, 14.58 ], [ 13.22128419014115, 14.738688305387864 ], [ 13.25, 14.895 ], [ 13.22, 15.050668311481024 ], [ 13.23, 15.21 ], [ 13.200253470297625, 15.268128947706048 ], [ 13.151000068188296, 15.311000068188296 ], [ 13.107066539444354, 15.358895199417965 ], [ 13.05, 15.39 ], [ 13.015, 15.549534412482544 ], [ 12.94, 15.692804806483018 ], [ 12.925, 15.861777430750795 ], [ 12.87, 16.02 ], [ 12.794262674662889, 16.083584249226242 ], [ 12.706943276594691, 16.13 ], [ 12.612167012732868, 16.175396844993944 ], [ 12.51, 16.2 ], [ 12.4775, 16.313980455127503 ], [ 12.485, 16.432410525936792 ], [ 12.470416972363012, 16.546557558655536 ], [ 12.42, 16.65 ], [ 12.230355692915158, 16.665 ], [ 12.048852721640335, 16.72 ], [ 11.868273036982586, 16.75548542029205 ], [ 11.7, 16.83 ], [ 11.591983910882357, 16.786441024552424 ], [ 11.5, 16.715 ], [ 11.428129457666145, 16.629108301763978 ], [ 11.34, 16.56 ], [ 11.316287568214459, 16.492055975433626 ], [ 11.275, 16.433115271277703 ], [ 11.250310489703379, 16.36368695248041 ], [ 11.25, 16.29 ], [ 11.182747504623006, 16.199341285550446 ], [ 11.09, 16.135 ], [ 10.982189793590583, 16.091082967668552 ], [ 10.89, 16.02 ], [ 10.775363531021602, 16.049099664570726 ], [ 10.657162417455053, 16.045 ], [ 10.543898193272325, 16.061854231427219 ], [ 10.44, 16.11 ], [ 10.34, 16.266205122226516 ], [ 10.28, 16.445 ], [ 10.2, 16.611232533684305 ], [ 10.08, 16.74 ], [ 9.967125221409221, 16.837056808724551 ], [ 9.83, 16.895 ], [ 9.694283968306312, 16.9725 ], [ 9.54, 17.01 ], [ 9.486688012971262, 17.046688012971263 ], [ 9.45, 17.1 ], [ 9.397774283493435, 17.164521189226484 ], [ 9.328279332246119, 17.209918998369179 ], [ 9.248571202563793, 17.233177589123507 ], [ 9.18, 17.28 ], [ 9.040063760940624, 17.283709424034214 ], [ 8.903053980996377, 17.255 ], [ 8.776487064470448, 17.2025 ], [ 8.64, 17.19 ], [ 8.52, 17.05716992139617 ], [ 8.44, 16.895 ], [ 8.38, 16.7163971302781 ], [ 8.28, 16.56 ], [ 8.19, 16.56 ], [ 8.172697635668484, 16.467571680817596 ], [ 8.125, 16.386532791696496 ], [ 8.094045292038579, 16.295739782403178 ], [ 8.1, 16.2 ], [ 7.937765019401795, 16.2075 ], [ 7.779720131413312, 16.175 ], [ 7.620914386700337, 16.161300864928485 ], [ 7.47, 16.11 ], [ 7.377989498801906, 16.203994829987781 ], [ 7.261459118098261, 16.265 ], [ 7.150390632312262, 16.3425 ], [ 7.02, 16.38 ], [ 7.048454385853288, 16.495252864165465 ], [ 7.045, 16.61391600920641 ], [ 7.0975, 16.715528662671694 ], [ 7.11, 16.83 ], [ 7.238482108633641, 16.871292986482235 ], [ 7.351530943788458, 16.945 ], [ 7.470241547995377, 17.00303023275837 ], [ 7.56, 17.1 ], [ 7.586859560004167, 17.190836805186876 ], [ 7.585, 17.285543210338624 ], [ 7.600538314217301, 17.37909127652183 ], [ 7.65, 17.46 ], [ 7.763048342160634, 17.523689572299205 ], [ 7.85, 17.62 ], [ 7.940927499106117, 17.711258000715105 ], [ 8.01, 17.82 ], [ 8.01, 17.91 ], [ 8.082406888343078, 18.001428539202728 ], [ 8.125, 18.11 ], [ 8.187635906614316, 18.204399590467379 ], [ 8.28, 18.27 ], [ 8.2275, 18.417898626662463 ], [ 8.215, 18.577321438030527 ], [ 8.2225, 18.740863678781249 ], [ 8.19, 18.9 ], [ 8.176867302229292, 18.99 ], [ 8.19, 19.08 ], [ 8.19574664265105, 19.198561780211474 ], [ 8.165, 19.313211523317868 ], [ 8.118168437832423, 19.417308708812079 ], [ 8.1, 19.53 ], [ 8.099476709962717, 19.598903957031514 ], [ 8.08, 19.665 ], [ 8.100376987781198, 19.73096266847686 ], [ 8.1, 19.8 ], [ 8.139691393844727, 19.850308606155274 ], [ 8.19, 19.89 ], [ 8.225, 20.116349969664949 ], [ 8.3, 20.328414999454729 ], [ 8.355, 20.55402794776202 ], [ 8.37, 20.79 ], [ 8.239326685454108, 20.857484612101604 ], [ 8.125, 20.95 ], [ 8.042272708876345, 21.07 ], [ 7.92, 21.15 ], [ 7.831663726000066, 21.264517819150068 ], [ 7.715, 21.35 ], [ 7.577336041429933, 21.41 ], [ 7.47, 21.51 ], [ 7.41380748057511, 21.542215278612844 ], [ 7.368666240369661, 21.588666240369662 ], [ 7.339115406673126, 21.646927190542627 ], [ 7.29, 21.69 ], [ 7.250495743718115, 21.740495743718114 ], [ 7.2, 21.78 ], [ 7.086420973419751, 21.868643997755246 ], [ 6.995, 21.98 ], [ 6.88626111097487, 22.08 ], [ 6.75, 22.14 ], [ 6.714896514237561, 22.17752071523655 ], [ 6.690752217900618, 22.22287610895031 ], [ 6.68315876482023, 22.273902267209742 ], [ 6.66, 22.32 ], [ 6.62260847472186, 22.372608474721861 ], [ 6.57, 22.41 ], [ 6.43632633186309, 22.38209451984828 ], [ 6.3, 22.39 ], [ 6.166901090912249, 22.42 ], [ 6.03, 22.41 ], [ 5.981263446964112, 22.476210493593729 ], [ 5.911682126249135, 22.52 ], [ 5.83171060205576, 22.546049755467056 ], [ 5.76, 22.59 ], [ 5.625420963981767, 22.535 ], [ 5.47990793745973, 22.52 ], [ 5.343114487485026, 22.481160322396732 ], [ 5.22, 22.41 ], [ 5.118099356587352, 22.432028318670209 ], [ 5.025537454371914, 22.48 ], [ 4.952609497799124, 22.549809237421471 ], [ 4.86, 22.59 ], [ 4.777940054519448, 22.545129000792603 ], [ 4.686605151282881, 22.525 ], [ 4.595697733461106, 22.494622048508607 ], [ 4.5, 22.5 ], [ 4.42968615318122, 22.544020926818757 ], [ 4.35090184757991, 22.57 ], [ 4.280640308496334, 22.614217077137322 ], [ 4.23, 22.68 ], [ 4.1275, 22.825 ], [ 3.985, 22.93 ], [ 3.8625, 23.055247353303265 ], [ 3.78, 23.22 ], [ 3.665611277858201, 23.21 ], [ 3.555, 23.24 ], [ 3.441481622004789, 23.241456752446119 ], [ 3.33, 23.22 ], [ 3.249646072344865, 23.170492544018554 ], [ 3.156545465648694, 23.155 ], [ 3.06129994631332, 23.157220575133 ], [ 2.97, 23.13 ], [ 2.791014203502471, 23.2275 ], [ 2.585, 23.285 ], [ 2.364728879636915, 23.3225 ], [ 2.16, 23.4 ], [ 2.15, 23.536488825549508 ], [ 2.18, 23.67 ], [ 2.19, 23.806686080938363 ], [ 2.16, 23.94 ], [ 2.208604404518064, 23.983073938474252 ], [ 2.265362747974226, 24.014637252025775 ], [ 2.297004506209065, 24.071340026547837 ], [ 2.34, 24.12 ], [ 2.39115833266752, 24.127369695360699 ], [ 2.435731994001347, 24.153536011997303 ], [ 2.472489363401741, 24.189792203516294 ], [ 2.52, 24.21 ], [ 2.629668893783864, 24.309647631393457 ], [ 2.765, 24.37 ], [ 2.848749018703037, 24.489219755829385 ], [ 2.97, 24.57 ], [ 2.8875, 24.778992530505079 ], [ 2.765, 24.95 ], [ 2.660013339677001, 25.132619906531954 ], [ 2.52, 25.29 ], [ 2.590525915626066, 25.356348682682452 ], [ 2.673133338046723, 25.406866661953273 ], [ 2.742542726433817, 25.475056740958234 ], [ 2.79, 25.56 ], [ 2.81312600108027, 25.628177957734884 ], [ 2.855, 25.686740864607199 ], [ 2.880240916161672, 25.75614702851739 ], [ 2.88, 25.83 ], [ 2.922070948242973, 25.879624386261977 ], [ 2.953306481389907, 25.936693518610095 ], [ 3.000666696218287, 25.982059842819918 ], [ 3.06, 26.01 ], [ 3.091258765807823, 26.099814498113965 ], [ 3.085942281294431, 26.194764429676393 ], [ 3.104398702162285, 26.287343647297433 ], [ 3.15, 26.37 ], [ 3.239230432499749, 26.415832436887111 ], [ 3.316335595746166, 26.48 ], [ 3.406722500707988, 26.532831780510243 ], [ 3.51, 26.55 ], [ 3.545900609840035, 26.512606119179978 ], [ 3.593222685636496, 26.491445371272995 ], [ 3.643691279371105, 26.482123967144179 ], [ 3.69, 26.46 ], [ 3.813154100842557, 26.529811103091408 ], [ 3.948894202634358, 26.57 ], [ 4.082614497889735, 26.625 ], [ 4.23, 26.64 ], [ 4.283301786844764, 26.676698213155237 ], [ 4.32, 26.73 ], [ 4.43149244802807, 26.70866504031579 ], [ 4.545, 26.71 ], [ 4.656005974198816, 26.736807790263313 ], [ 4.77, 26.73 ], [ 4.842133382096738, 26.663357025426613 ], [ 4.885, 26.575 ], [ 4.972986726099181, 26.531634283003243 ], [ 5.04, 26.46 ], [ 5.173663318783967, 26.578537256354391 ], [ 5.33, 26.665 ], [ 5.475, 26.7675 ], [ 5.58, 26.91 ], [ 5.651836288212023, 26.788147796483468 ], [ 5.69, 26.651942279310042 ], [ 5.745, 26.516846410903593 ], [ 5.76, 26.37 ], [ 5.895209946619238, 26.4025 ], [ 6.035248766751468, 26.395 ], [ 6.171706296366846, 26.410873976947538 ], [ 6.3, 26.46 ], [ 6.345867720034596, 26.413253573281072 ], [ 6.404905555884554, 26.384905555884554 ], [ 6.436606554936766, 26.328267881698491 ], [ 6.48, 26.28 ], [ 6.546472248514317, 26.296783507953442 ], [ 6.615, 26.294735768202234 ], [ 6.681562880951454, 26.278782578617378 ], [ 6.75, 26.28 ], [ 6.782475825059597, 26.223977011242841 ], [ 6.830100043796396, 26.180100043796397 ], [ 6.884536126952141, 26.145645046284862 ], [ 6.93, 26.1 ], [ 7.02, 26.084893520504199 ], [ 7.11, 26.1 ], [ 7.239543673323944, 26.0625 ], [ 7.348870961326092, 25.985 ], [ 7.467507163163331, 25.925305237162167 ], [ 7.56, 25.83 ], [ 7.671198586802192, 25.805359101524665 ], [ 7.785, 25.81 ], [ 7.896198905242234, 25.83463731602486 ], [ 8.01, 25.83 ], [ 8.085, 25.947854314855551 ], [ 8.12, 26.083095791762609 ], [ 8.170715486580834, 26.22271357059407 ], [ 8.19, 26.37 ], [ 8.255228412283421, 26.421370563369909 ], [ 8.334678392330765, 26.44548241150385 ], [ 8.405100957694135, 26.488434480949678 ], [ 8.46, 26.55 ], [ 8.511010572267985, 26.511010572267988 ], [ 8.55, 26.46 ], [ 8.6525, 26.315 ], [ 8.795, 26.21 ], [ 8.9175, 26.081605257868571 ], [ 9.0, 25.92 ], [ 9.014072799948556, 25.83 ], [ 9.0, 25.74 ], [ 9.135131601389279, 25.679454257164771 ], [ 9.244836603104345, 25.58 ], [ 9.358717405124397, 25.491590812353767 ], [ 9.45, 25.38 ], [ 9.519378602679225, 25.382680568084766 ], [ 9.585, 25.36 ], [ 9.65133482317856, 25.377864943544711 ], [ 9.72, 25.38 ], [ 9.880462144275912, 25.32 ], [ 10.01, 25.22 ], [ 10.115311183849085, 25.1 ], [ 10.26, 25.02 ], [ 10.32, 24.840801075509845 ], [ 10.42, 24.685 ], [ 10.500465516103022, 24.524256282103746 ], [ 10.62, 24.39 ], [ 10.756222214351114, 24.396499893740067 ], [ 10.89, 24.37 ], [ 11.026451131922073, 24.360409719052026 ], [ 11.16, 24.39 ], [ 11.227022926264931, 24.465114788368108 ], [ 11.27, 24.556149261013751 ], [ 11.292091432776195, 24.657735947303458 ], [ 11.34, 24.75 ], [ 11.451469757230358, 24.771590231158488 ], [ 11.565, 24.77 ], [ 11.675524760997586, 24.74 ], [ 11.79, 24.75 ], [ 11.851388595930224, 24.694924229844155 ], [ 11.893670002662871, 24.624113335108582 ], [ 11.942702218995759, 24.55781251724547 ], [ 11.97, 24.48 ], [ 12.109302402365765, 24.475594496196713 ], [ 12.245537067978848, 24.505 ], [ 12.371635351039135, 24.5575 ], [ 12.51, 24.57 ], [ 12.61605992800984, 24.525150749158477 ], [ 12.70737825050321, 24.455 ], [ 12.778439355863545, 24.366746223033388 ], [ 12.87, 24.3 ], [ 12.96, 24.285948508262447 ], [ 13.05, 24.3 ], [ 13.15, 24.478459134963028 ], [ 13.21, 24.68 ], [ 13.292203537036345, 24.860468507625683 ], [ 13.41, 25.02 ], [ 13.476676595606643, 25.005080486371934 ], [ 13.545, 25.005602693889699 ], [ 13.61117558420899, 25.025220068226233 ], [ 13.68, 25.02 ], [ 13.746628360383369, 24.947846920516714 ], [ 13.835, 24.905 ], [ 13.903650013420192, 24.83577259060208 ], [ 13.95, 24.75 ], [ 14.063704833026641, 24.753554371549715 ], [ 14.175, 24.73 ], [ 14.286498395234279, 24.751268053614382 ], [ 14.4, 24.75 ], [ 14.453930257944268, 24.688743633584558 ], [ 14.519389201820051, 24.64 ], [ 14.58907445612437, 24.592907792970657 ], [ 14.67, 24.57 ], [ 14.76, 24.584652918215166 ], [ 14.85, 24.57 ], [ 14.936951039293106, 24.474215613137382 ], [ 15.048208173515306, 24.408208173515305 ], [ 15.145765715629388, 24.322704511601685 ], [ 15.21, 24.21 ], [ 15.212332674774959, 24.092223219937249 ], [ 15.185, 23.977638159029638 ], [ 15.137689280778666, 23.873242461672064 ], [ 15.12, 23.76 ], [ 15.237762170664295, 23.675643724930904 ], [ 15.325, 23.56 ], [ 15.460255925153891, 23.499532510391894 ], [ 15.57, 23.4 ], [ 15.571784268970715, 23.30869063678103 ], [ 15.55, 23.22 ], [ 15.573865710560419, 23.131540634506713 ], [ 15.57, 23.04 ], [ 15.594649930880955, 22.994645272789938 ], [ 15.602143165683348, 22.943571582841674 ], [ 15.636339208125927, 22.905432582745711 ], [ 15.66, 22.86 ], [ 15.738230969433962, 22.833606339579013 ], [ 15.805356970723265, 22.785535456084897 ], [ 15.873862123455009, 22.74007093601162 ], [ 15.93, 22.68 ], [ 15.998828254972411, 22.685368580903013 ], [ 16.065, 22.665684818471412 ], [ 16.131090874320869, 22.686131235947613 ], [ 16.2, 22.68 ], [ 16.252129487506597, 22.743203880059507 ], [ 16.319377811506477, 22.79 ], [ 16.401629080004014, 22.81006651094031 ], [ 16.47, 22.86 ], [ 16.671244249894983, 22.8025 ], [ 16.855, 22.705 ], [ 17.078887612443033, 22.6675 ], [ 17.28, 22.59 ], [ 17.327433146821281, 22.60959757388861 ], [ 17.365477980639756, 22.644044038720487 ], [ 17.409164922178892, 22.671417627932382 ], [ 17.46, 22.68 ], [ 17.593907052300139, 22.65524520605187 ], [ 17.73, 22.66 ], [ 17.863757499252884, 22.686773760086094 ], [ 18.0, 22.68 ], [ 18.0, 22.59 ], [ 18.157099064583697, 22.576645797681387 ], [ 18.306066048826828, 22.525 ], [ 18.470028352606587, 22.5325 ], [ 18.63, 22.5 ], [ 18.696225151889927, 22.518605224742977 ], [ 18.765, 22.52 ], [ 18.830812976552377, 22.498612591728545 ], [ 18.9, 22.5 ], [ 18.995192762867365, 22.500035107779699 ], [ 19.087034511072297, 22.475 ], [ 19.177306617365005, 22.452583520330037 ], [ 19.26, 22.41 ], [ 19.311168402129759, 22.371168402129761 ], [ 19.35, 22.32 ], [ 19.462846428866094, 22.2875 ], [ 19.580217149963691, 22.295 ], [ 19.686034802068193, 22.248725455055947 ], [ 19.8, 22.23 ], [ 19.868319856397662, 22.205793625171832 ], [ 19.940708341127078, 22.202125023381228 ], [ 20.00997837280018, 22.180686182565882 ], [ 20.07, 22.14 ], [ 20.252133339170019, 22.175 ], [ 20.418156375724806, 22.25 ], [ 20.608274699213368, 22.265 ], [ 20.79, 22.32 ], [ 20.827884762348237, 22.372115237651766 ], [ 20.88, 22.41 ], [ 20.881521774751022, 22.505973599776105 ], [ 20.855, 22.59822241069762 ], [ 20.832289317004896, 22.687815446442787 ], [ 20.79, 22.77 ], [ 20.89, 22.927561673962995 ], [ 20.95, 23.105 ], [ 21.03, 23.270915964268976 ], [ 21.15, 23.4 ], [ 21.238021457990261, 23.372159068139744 ], [ 21.33, 23.380086385677341 ], [ 21.421821526704992, 23.373578336103687 ], [ 21.51, 23.4 ], [ 21.591140228608801, 23.350842304458141 ], [ 21.68467758541949, 23.335 ], [ 21.778654581706245, 23.332253807756402 ], [ 21.87, 23.31 ], [ 21.906389697807764, 23.346696628030109 ], [ 21.952017086876491, 23.370965826247019 ], [ 21.99822345851592, 23.394881862661656 ], [ 22.05, 23.4 ], [ 22.099858124407795, 23.388919865878101 ], [ 22.145687023997919, 23.36637404799583 ], [ 22.192815885223162, 23.345623700965948 ], [ 22.23, 23.31 ], [ 22.362165888627533, 23.170112430807936 ], [ 22.52, 23.06 ], [ 22.662016192361644, 22.929669131346245 ], [ 22.77, 22.77 ], [ 22.884498328401502, 22.717161665427906 ], [ 23.009427244377072, 22.7 ], [ 23.104704990686447, 22.625840498950822 ], [ 23.22, 22.59 ], [ 23.271220836850134, 22.551220836850135 ], [ 23.31, 22.5 ], [ 23.468633174354459, 22.50784749608269 ], [ 23.625, 22.48 ], [ 23.783788120732911, 22.47 ], [ 23.94, 22.5 ], [ 23.990219890755064, 22.510051891524984 ], [ 24.036382821824954, 22.532234356350095 ], [ 24.074614710969609, 22.566294538583492 ], [ 24.12, 22.59 ], [ 24.26830845141437, 22.6425 ], [ 24.428997489790998, 22.655 ], [ 24.591789560825692, 22.6475 ], [ 24.75, 22.68 ], [ 24.803129369297494, 22.64312936929749 ], [ 24.84, 22.59 ], [ 24.953924022024687, 22.596020247777719 ], [ 25.065, 22.57 ], [ 25.176229527022183, 22.594292821000423 ], [ 25.29, 22.59 ], [ 25.329702625166274, 22.539702625166274 ], [ 25.38, 22.5 ], [ 25.490663996573808, 22.47 ], [ 25.605, 22.48 ], [ 25.716367848080392, 22.502736709095561 ], [ 25.83, 22.5 ], [ 25.899021324478021, 22.399801201996659 ], [ 25.94, 22.285239033256367 ], [ 25.961581671962797, 22.163626629267608 ], [ 26.01, 22.05 ], [ 25.9725, 21.874695457324403 ], [ 25.895, 21.715 ], [ 25.7975, 21.579063020584059 ], [ 25.74, 21.42 ], [ 25.788037689015056, 21.33956406030628 ], [ 25.805, 21.24742373272726 ], [ 25.827361404916473, 21.155027255398544 ], [ 25.83, 21.06 ], [ 25.809056535197591, 20.991014129164437 ], [ 25.802286764435216, 20.919237745188259 ], [ 25.760183702329297, 20.859900944008285 ], [ 25.74, 20.79 ], [ 25.82, 20.624848146361998 ], [ 25.94, 20.495 ], [ 26.04, 20.343379867285503 ], [ 26.1, 20.16 ], [ 26.199291737829828, 20.1366053993242 ], [ 26.28928749388173, 20.088574987763458 ], [ 26.366428113513773, 20.021370049444677 ], [ 26.46, 19.98 ], [ 26.498349281418918, 19.928349281418917 ], [ 26.55, 19.89 ], [ 26.698376857278767, 19.8375 ], [ 26.858199713849899, 19.825 ], [ 27.017228988992873, 19.7925 ], [ 27.18, 19.8 ], [ 27.239385352928799, 19.743283193524963 ], [ 27.284634040100077, 19.674756026733384 ], [ 27.330837695387064, 19.606814228495431 ], [ 27.36, 19.53 ], [ 27.564359353799802, 19.52 ], [ 27.765, 19.55 ], [ 27.968972277526468, 19.56 ], [ 28.17, 19.53 ], [ 28.220748797317246, 19.569251202682761 ], [ 28.26, 19.62 ], [ 28.487476756518625, 19.6525 ], [ 28.717895885549119, 19.645 ], [ 28.945151760402933, 19.6575 ], [ 29.16, 19.71 ], [ 29.16, 19.62 ], [ 29.228830248276729, 19.622906340293994 ], [ 29.295, 19.603733081608489 ], [ 29.363753581790281, 19.601463000464587 ], [ 29.43, 19.62 ], [ 29.524428199857649, 19.556662818170942 ], [ 29.5917053229781, 19.465 ], [ 29.700610580339632, 19.424325594494626 ], [ 29.79, 19.35 ], [ 29.858394660893214, 19.325437340327596 ], [ 29.931028104678795, 19.323084314036393 ], [ 30.000296180269412, 19.301318915507593 ], [ 30.06, 19.26 ], [ 30.137872192008743, 19.232932677286964 ], [ 30.206359184353328, 19.187038776529992 ], [ 30.275723403059892, 19.142233267112676 ], [ 30.33, 19.08 ], [ 30.42, 19.08 ], [ 30.53205842998748, 18.965021050472835 ], [ 30.665, 18.875 ], [ 30.786381832588624, 18.768299084410884 ], [ 30.87, 18.63 ], [ 30.87, 18.54 ], [ 30.891026659226377, 18.458953161750852 ], [ 30.94, 18.391039081606337 ], [ 31.003571065114794, 18.338308902306203 ], [ 31.05, 18.27 ], [ 31.05, 18.18 ], [ 31.158899003419211, 18.111123754274018 ], [ 31.25, 18.02 ], [ 31.313305611315343, 17.90664448905228 ], [ 31.41, 17.82 ], [ 31.431181542883468, 17.731242393653719 ], [ 31.43, 17.64 ], [ 31.432437774092229, 17.548618025100865 ], [ 31.41, 17.46 ], [ 31.568732310521867, 17.3625 ], [ 31.755752346159131, 17.305 ], [ 31.932371535512281, 17.2275 ], [ 32.13, 17.19 ], [ 32.203141576324072, 17.193661187434138 ], [ 32.273196908447161, 17.215 ], [ 32.342120382646932, 17.236727729301311 ], [ 32.4, 17.28 ], [ 32.49, 17.28 ], [ 32.588091952959211, 17.169315152952951 ], [ 32.65, 17.035 ], [ 32.735438678649921, 16.918293832829193 ], [ 32.85, 16.83 ], [ 32.85, 16.74 ], [ 32.9075, 16.578777463164347 ], [ 33.005, 16.440227592988663 ], [ 33.0825, 16.285209425735133 ], [ 33.12, 16.11 ], [ 33.237411556898905, 16.115420184530951 ], [ 33.350943334242864, 16.085 ], [ 33.465402419953477, 16.069117142693244 ], [ 33.57, 16.02 ], [ 33.625751656700999, 16.052791730294576 ], [ 33.670646665688011, 16.099353334311985 ], [ 33.703684411666217, 16.154911023685251 ], [ 33.75, 16.2 ], [ 33.883903437131956, 16.224803598718594 ], [ 34.02, 16.22 ], [ 34.156645795911373, 16.23 ], [ 34.29, 16.2 ], [ 34.330367154761241, 16.249632845238757 ], [ 34.38, 16.29 ], [ 34.513363621858694, 16.26 ], [ 34.65, 16.27 ], [ 34.786848653984521, 16.26 ], [ 34.92, 16.29 ], [ 34.975, 16.106631998483703 ], [ 34.99, 15.912547250226078 ], [ 35.065, 15.750357833653784 ], [ 35.1, 15.57 ], [ 35.078557602740133, 15.499823017712245 ], [ 35.075, 15.426529575263348 ], [ 35.054457265997051, 15.357122174031728 ], [ 35.01, 15.3 ], [ 35.060656734379727, 15.210844531973736 ], [ 35.08047067563227, 15.110235337816139 ], [ 35.146076295007241, 15.03209273490714 ], [ 35.19, 14.94 ], [ 35.202417046491874, 14.85 ], [ 35.19, 14.76 ], [ 35.16, 14.581392634540089 ], [ 35.17, 14.4 ], [ 35.16, 14.218169080417285 ], [ 35.19, 14.04 ], [ 35.18, 13.836386553776459 ], [ 35.21, 13.635 ], [ 35.18, 13.434379377324641 ], [ 35.19, 13.23 ], [ 35.19, 13.14 ], [ 35.219952138666528, 13.006477936197522 ], [ 35.21, 12.87 ], [ 35.22, 12.733366539203713 ], [ 35.19, 12.6 ], [ 35.228106432349577, 12.548106432349574 ], [ 35.28, 12.51 ], [ 35.3625, 12.350479917956676 ], [ 35.485, 12.22 ], [ 35.592546585410695, 12.080345653702485 ], [ 35.73, 11.97 ], [ 35.867517601508681, 11.939840591462296 ], [ 36.008208969941805, 11.945 ], [ 36.143956613019583, 11.932042209228289 ], [ 36.27, 11.88 ], [ 36.36, 11.88 ], [ 36.49729844303446, 11.795373053793076 ], [ 36.61, 11.68 ], [ 36.739577987274181, 11.58 ], [ 36.9, 11.52 ], [ 36.925432271896611, 11.386143131251602 ], [ 36.92, 11.25 ], [ 36.892856893906377, 11.116269859710638 ], [ 36.9, 10.98 ], [ 36.950402822649465, 10.91378849749101 ], [ 37.021162804864069, 10.87 ], [ 37.101537739449327, 10.847664635641975 ], [ 37.17, 10.8 ], [ 37.303575898074833, 10.829225375989758 ], [ 37.44, 10.82 ], [ 37.573720461320889, 10.792726227831926 ], [ 37.71, 10.8 ], [ 37.74240493583163, 10.960100100126697 ], [ 37.735, 11.123278802328175 ], [ 37.7475, 11.281087203170033 ], [ 37.8, 11.43 ], [ 37.89263844153345, 11.524933184824089 ], [ 38.010901572496635, 11.585 ], [ 38.122727905795003, 11.658556770192904 ], [ 38.25, 11.7 ], [ 38.2425, 11.817200715237174 ], [ 38.275, 11.929643042817794 ], [ 38.28830148163123, 12.045484622360769 ], [ 38.34, 12.15 ], [ 38.498293918585347, 12.1625 ], [ 38.64742698244639, 12.215 ], [ 38.81034876072264, 12.2075 ], [ 38.97, 12.24 ], [ 39.052886728333938, 12.196382132132044 ], [ 39.1440762702603, 12.175 ], [ 39.238503508354725, 12.173397906214934 ], [ 39.33, 12.15 ], [ 39.42, 12.15 ], [ 39.492354416587524, 12.063508373353498 ], [ 39.581923193849121, 11.995 ], [ 39.671882591277637, 11.921862257029844 ], [ 39.78, 11.88 ], [ 39.871637112224512, 11.884734010020587 ], [ 39.96, 11.86 ], [ 40.048972080301439, 11.879251277287011 ], [ 40.14, 11.88 ], [ 40.255720953722204, 11.792837515826536 ], [ 40.34, 11.675 ], [ 40.4, 11.538447068899176 ], [ 40.5, 11.43 ], [ 40.49989415963244, 11.312790286809609 ], [ 40.475, 11.198254664034197 ], [ 40.431190952659733, 11.092495361197003 ], [ 40.41, 10.98 ], [ 40.455022619693814, 10.922170078085847 ], [ 40.474792605521941, 10.851597535173982 ], [ 40.478766576602482, 10.779262491469984 ], [ 40.5, 10.71 ], [ 40.59, 10.71 ], [ 40.654736259296804, 10.578039261617054 ], [ 40.75, 10.466105176327765 ], [ 40.837126599381186, 10.350560518970683 ], [ 40.95, 10.26 ], [ 41.068591717605528, 10.266814245652361 ], [ 41.183039448915558, 10.235 ], [ 41.296151841620791, 10.217961333728852 ], [ 41.4, 10.17 ], [ 41.39, 10.418682800670709 ], [ 41.42, 10.665 ], [ 41.39, 10.911089816572005 ], [ 41.4, 11.16 ], [ 41.543634626329464, 11.089271863292542 ], [ 41.698847692649437, 11.05 ], [ 41.868462321729645, 11.03410500640741 ], [ 42.03, 10.98 ], [ 42.12, 10.98 ], [ 42.280946607798377, 10.9675 ], [ 42.430399690612354, 10.915 ], [ 42.588844896580234, 10.885178318719438 ], [ 42.75, 10.89 ], [ 42.863611060195083, 10.872479464277824 ], [ 42.968301760080678, 10.825 ], [ 43.08289953751671, 10.800902645589563 ], [ 43.2, 10.8 ], [ 43.288390836476808, 10.868838491378778 ], [ 43.36, 10.955 ], [ 43.471453094978436, 10.992581573950549 ], [ 43.56, 11.07 ], [ 43.681357727134511, 10.995 ], [ 43.820014753832268, 10.96 ], [ 43.953531740101766, 10.905 ], [ 44.1, 10.89 ], [ 44.190513788785438, 10.936186011816844 ], [ 44.26959392889659, 11.0 ], [ 44.369476950759733, 11.022270031337456 ], [ 44.46, 11.07 ], [ 44.593958517658955, 11.045939988395874 ], [ 44.73, 11.05 ], [ 44.863895358247625, 11.074912663657118 ], [ 45.0, 11.07 ], [ 45.046309796089083, 11.093616662646877 ], [ 45.098018141414641, 11.098963717170729 ], [ 45.144779323608326, 11.121731451198084 ], [ 45.18, 11.16 ], [ 45.235, 11.295584862149678 ], [ 45.25, 11.441142131232102 ], [ 45.285, 11.580601259625933 ], [ 45.36, 11.7 ], [ 45.409540092060119, 11.711969049615288 ], [ 45.45544395491838, 11.734112090163247 ], [ 45.492675062131184, 11.769691814629002 ], [ 45.54, 11.79 ], [ 45.555, 11.915933622370988 ], [ 45.61, 12.029146713438386 ], [ 45.645, 12.145316868178751 ], [ 45.72, 12.24 ], [ 45.879601865800325, 12.2075 ], [ 46.043163918346657, 12.215 ], [ 46.191714824942906, 12.1625 ], [ 46.35, 12.15 ], [ 46.520039847706471, 12.135 ], [ 46.676262065010285, 12.08 ], [ 46.834876424122299, 12.043625739277198 ], [ 46.98, 11.97 ], [ 47.07, 11.97 ], [ 47.225716074529153, 11.94 ], [ 47.385, 11.95 ], [ 47.543699957250354, 11.941100673307014 ], [ 47.7, 11.97 ], [ 47.788779521132291, 11.949015690190537 ], [ 47.88, 11.95 ], [ 47.971026986430843, 11.950757122122385 ], [ 48.06, 11.97 ], [ 48.148666472032843, 12.043051684061549 ], [ 48.255618005901724, 12.085 ], [ 48.349936153276808, 12.149638805462525 ], [ 48.42, 12.24 ], [ 48.556362583623205, 12.248394878913224 ], [ 48.69, 12.22 ], [ 48.823510877290609, 12.25 ], [ 48.96, 12.24 ], [ 48.996651805000987, 12.293348194999011 ], [ 49.05, 12.33 ], [ 49.043959067229963, 12.492342916976447 ], [ 49.075, 12.651805063123803 ], [ 49.125962046725569, 12.802008784801084 ], [ 49.14, 12.96 ], [ 49.36725181242312, 12.9925 ], [ 49.597164593577752, 12.985 ], [ 49.821860147871291, 12.9975 ], [ 50.04, 13.05 ], [ 50.000019838194255, 13.16203939168666 ], [ 49.93, 13.258208310193526 ], [ 49.911797311326559, 13.383967067440029 ], [ 49.86, 13.5 ], [ 50.025734053588629, 13.6025 ], [ 50.155, 13.745 ], [ 50.312180326039588, 13.864363857447495 ], [ 50.49, 13.95 ], [ 50.558226875566618, 13.90455209132263 ], [ 50.634246993129011, 13.873870489693516 ], [ 50.690289193878137, 13.813661151644611 ], [ 50.76, 13.77 ], [ 50.7925, 13.657010065208405 ], [ 50.785, 13.539668512223477 ], [ 50.805151385440453, 13.426180296159783 ], [ 50.85, 13.32 ], [ 51.05176545417892, 13.285 ], [ 51.242180713237133, 13.21 ], [ 51.457994927136141, 13.195 ], [ 51.66, 13.14 ], [ 51.676232840195937, 13.05 ], [ 51.66, 12.96 ], [ 51.806428130451664, 12.939862555699895 ], [ 51.945569927154104, 12.89 ], [ 52.083715667939529, 12.855 ], [ 52.2, 12.78 ], [ 52.291304845618789, 12.797525165690486 ], [ 52.371241360261543, 12.845 ], [ 52.46690396271925, 12.84781077296792 ], [ 52.56, 12.87 ], [ 52.555782160065085, 12.988004839669545 ], [ 52.585, 13.102413100685474 ], [ 52.5975, 13.217546055719376 ], [ 52.65, 13.32 ], [ 52.727163149849069, 13.348477573184704 ], [ 52.795787598318086, 13.393818602522865 ], [ 52.868017717130265, 13.435066208257243 ], [ 52.92, 13.5 ], [ 52.901119011994069, 13.625017440714924 ], [ 52.85, 13.740657826410152 ], [ 52.812611757619344, 13.85458310840572 ], [ 52.74, 13.95 ], [ 52.939517387145969, 14.01 ], [ 53.12, 14.11 ], [ 53.277470247443496, 14.23 ], [ 53.46, 14.31 ], [ 53.479078262680574, 14.262112885302665 ], [ 53.514691906801247, 14.224845953400624 ], [ 53.537352239218961, 14.179286655644072 ], [ 53.55, 14.13 ], [ 53.68661704918128, 14.0975 ], [ 53.827798258122492, 14.105 ], [ 53.963703626822564, 14.091880733567132 ], [ 54.09, 14.04 ], [ 54.129360672517912, 13.979339091497367 ], [ 54.151476813596624, 13.910492271198873 ], [ 54.156954148961979, 13.838462727718397 ], [ 54.18, 13.77 ], [ 54.317356427657593, 13.737604573148326 ], [ 54.458287473071451, 13.745 ], [ 54.594476299567745, 13.7325 ], [ 54.72, 13.68 ], [ 54.772096089940185, 13.588283077830877 ], [ 54.79, 13.484333828657041 ], [ 54.85637913187955, 13.409783754494539 ], [ 54.9, 13.32 ], [ 54.991581760954062, 13.278845864143031 ], [ 55.064664787902736, 13.21 ], [ 55.167553883445628, 13.189570582254643 ], [ 55.26, 13.14 ], [ 55.282765414129464, 13.09432168751743 ], [ 55.315747962175514, 13.05537398108776 ], [ 55.3410845329309, 13.010635678740428 ], [ 55.35, 12.96 ], [ 55.47239197042876, 12.942221496616339 ], [ 55.58450256269883, 12.89 ], [ 55.683741306116573, 12.818328383143884 ], [ 55.8, 12.78 ], [ 55.828293776136292, 12.720920653426505 ], [ 55.873886881062369, 12.673886881062369 ], [ 55.921330055087225, 12.628881740961612 ], [ 55.98, 12.6 ], [ 55.949325378774454, 12.508305739571901 ], [ 55.955, 12.411783366741901 ], [ 55.913094881611684, 12.329450425447295 ], [ 55.89, 12.24 ], [ 55.99, 12.109256614573841 ], [ 56.05, 11.95 ], [ 56.17, 11.843166964615079 ], [ 56.25, 11.7 ], [ 56.208235481078297, 11.572030557629507 ], [ 56.135, 11.459083589841057 ], [ 56.0775, 11.339445409074187 ], [ 55.98, 11.25 ], [ 55.891789195611373, 11.276210557204806 ], [ 55.8, 11.269662054406966 ], [ 55.708381008037655, 11.274652395672378 ], [ 55.62, 11.25 ], [ 55.532312468368566, 11.134817219922216 ], [ 55.415, 11.05 ], [ 55.306988798213752, 10.95 ], [ 55.17, 10.89 ], [ 55.118903594814441, 10.851096405185558 ], [ 55.08, 10.8 ], [ 55.105248896685566, 10.721143488796713 ], [ 55.15547690583, 10.655317937219996 ], [ 55.19835510628149, 10.584832663409316 ], [ 55.26, 10.53 ], [ 55.1625, 10.397018757020371 ], [ 55.105, 10.235 ], [ 55.028438137948392, 10.074043624286372 ], [ 54.99, 9.9 ], [ 54.995300506898374, 9.827922919705317 ], [ 55.016391204264465, 9.758797068088159 ], [ 55.056778869216735, 9.698637538012306 ], [ 55.08, 9.63 ], [ 55.026837084618563, 9.493541241832906 ], [ 55.01, 9.348063405603783 ], [ 54.974705901396106, 9.210632026185595 ], [ 54.9, 9.09 ], [ 54.936336608414436, 9.036336608414432 ], [ 54.99, 9.0 ], [ 54.925497543096512, 8.867941703087086 ], [ 54.83, 8.756226977143468 ], [ 54.716110418791061, 8.666583677003272 ], [ 54.63, 8.55 ], [ 54.648646627671738, 8.42677815460849 ], [ 54.7, 8.313225739153193 ], [ 54.768797692113885, 8.213730894532473 ], [ 54.81, 8.1 ], [ 54.878874265390749, 8.099276291387579 ], [ 54.945, 8.08 ], [ 55.011127987222629, 8.099261086247266 ], [ 55.08, 8.1 ], [ 55.183099953572814, 7.9775 ], [ 55.325, 7.895 ], [ 55.4075, 7.7525 ], [ 55.53, 7.65 ], [ 55.556040448368492, 7.589363378617497 ], [ 55.602301820512928, 7.542301820512921 ], [ 55.65023503570329, 7.497338837269485 ], [ 55.71, 7.47 ], [ 55.7625, 7.274718137322615 ], [ 55.775, 7.072812136543128 ], [ 55.8075, 6.868889531701979 ], [ 55.8, 6.66 ], [ 55.847203183805163, 6.592377002935195 ], [ 55.908780304523496, 6.537520203015664 ], [ 55.934521170937025, 6.458995561938051 ], [ 55.98, 6.39 ], [ 56.07, 6.39 ], [ 56.086358160634369, 6.3 ], [ 56.07, 6.21 ], [ 56.039895300235905, 6.051345201331174 ], [ 56.045, 5.889940182422682 ], [ 56.0325, 5.728727061445434 ], [ 55.98, 5.58 ], [ 56.007945861699326, 5.502556726969161 ], [ 56.05510247978215, 5.43506831985477 ], [ 56.10002571054013, 5.366222334773283 ], [ 56.16, 5.31 ], [ 56.0625, 5.153160247607583 ], [ 56.005, 4.97 ], [ 55.9275, 4.787171759234345 ], [ 55.89, 4.59 ], [ 55.872360503979216, 4.454721075356617 ], [ 55.825, 4.326781550832836 ], [ 55.7925, 4.190253655297189 ], [ 55.8, 4.05 ], [ 55.676119705690063, 4.035 ], [ 55.565646908180433, 3.98 ], [ 55.451167399199164, 3.938048705981227 ], [ 55.35, 3.87 ], [ 55.348650641740818, 3.801218423445804 ], [ 55.33, 3.735 ], [ 55.330945233645451, 3.66615855313266 ], [ 55.35, 3.6 ], [ 55.23426892554518, 3.530236547808401 ], [ 55.106933637433308, 3.485 ], [ 55.016209801316315, 3.390487408121956 ], [ 54.9, 3.33 ], [ 54.878254900432609, 3.260722767082137 ], [ 54.875, 3.188185948988665 ], [ 54.834690145767979, 3.128053163025808 ], [ 54.81, 3.06 ], [ 54.739184563268473, 2.992379194994354 ], [ 54.695, 2.905 ], [ 54.627424141776892, 2.834123982822453 ], [ 54.54, 2.79 ], [ 54.427692910966911, 2.809053490923883 ], [ 54.32345838661346, 2.855 ], [ 54.208862260093596, 2.887419293224046 ], [ 54.09, 2.88 ], [ 53.989162427055255, 2.85657347264932 ], [ 53.896707411255775, 2.81 ], [ 53.806310145470974, 2.765674669816217 ], [ 53.73, 2.7 ], [ 53.692016536557247, 2.638675902327749 ], [ 53.670847249599383, 2.569717583466875 ], [ 53.663062319038367, 2.49817229886728 ], [ 53.64, 2.43 ], [ 53.506255445199685, 2.3653162447134 ], [ 53.388295409265545, 2.275 ], [ 53.255511535335401, 2.1975 ], [ 53.1, 2.16 ], [ 53.01, 2.149886002872432 ], [ 52.92, 2.16 ], [ 52.859053720494664, 2.044757023604273 ], [ 52.76, 1.96 ], [ 52.649003342890687, 1.89374582138665 ], [ 52.56, 1.8 ], [ 52.68, 1.69260483332348 ], [ 52.76, 1.55 ], [ 52.86, 1.418956884091265 ], [ 52.92, 1.26 ], [ 52.898627549449962, 1.213368003728772 ], [ 52.864055181110032, 1.175472409444982 ], [ 52.840983769573924, 1.129892046596644 ], [ 52.83, 1.08 ], [ 52.879095389234337, 0.962828105601788 ], [ 52.9, 0.837518060794224 ], [ 52.971262595528692, 0.742379415058137 ], [ 53.01, 0.63 ], [ 53.024122907053957, 0.54 ], [ 53.01, 0.45 ], [ 53.0225, 0.335335681053972 ], [ 53.075, 0.233299250688023 ], [ 53.0675, 0.1144516719691 ], [ 53.1, 0.0 ], [ 53.17032616122605, -0.018723375172809 ], [ 53.229758226975733, -0.060725319072796 ], [ 53.297856399436228, -0.085052568903045 ], [ 53.37, -0.09 ], [ 53.407917145263596, -0.242765614809262 ], [ 53.485, -0.38 ], [ 53.542843682462575, -0.517186916873203 ], [ 53.64, -0.63 ], [ 53.73, -0.63 ], [ 53.8725, -0.784339265010722 ], [ 53.975, -0.97 ], [ 54.096703581890722, -1.149640172927376 ], [ 54.18, -1.35 ], [ 54.324809470052038, -1.4525 ], [ 54.43, -1.595 ], [ 54.555190367030562, -1.7175 ], [ 54.72, -1.8 ], [ 54.729118491936752, -1.91419942150549 ], [ 54.7, -2.025 ], [ 54.697443866357801, -2.138616100768196 ], [ 54.72, -2.25 ], [ 54.72, -2.34 ], [ 54.717623521835101, -2.408867892211741 ], [ 54.736987884608979, -2.475 ], [ 54.73977901171051, -2.543920070050917 ], [ 54.72, -2.61 ], [ 54.743984548584464, -2.677630886201964 ], [ 54.785, -2.736511511915725 ], [ 54.785090856868685, -2.81041780102799 ], [ 54.81, -2.88 ], [ 54.848007914564015, -2.915420649092131 ], [ 54.872142671715146, -2.961428664142429 ], [ 54.895148594539052, -3.008149000346566 ], [ 54.9, -3.06 ], [ 54.967171930842461, -3.129797360651352 ], [ 55.017329486585801, -3.212670513414193 ], [ 55.105349830048389, -3.25613048383916 ], [ 55.17, -3.33 ], [ 55.16, -3.489328370102297 ], [ 55.19, -3.645 ], [ 55.16, -3.800763598249333 ], [ 55.17, -3.96 ], [ 55.125448030282747, -4.007147898515579 ], [ 55.093734718498851, -4.063734718498853 ], [ 55.049192006411019, -4.111830217793392 ], [ 54.99, -4.14 ], [ 55.035589600070956, -4.234349667645145 ], [ 55.06, -4.336253562539714 ], [ 55.10596038406382, -4.42419932714262 ], [ 55.17, -4.5 ], [ 55.116176612612904, -4.638762752737184 ], [ 55.1, -4.786716717812121 ], [ 55.025, -4.90273111333883 ], [ 54.99, -5.04 ], [ 55.08, -5.04 ], [ 55.166457799449759, -5.156443255563998 ], [ 55.285, -5.24 ], [ 55.394969965614926, -5.339186615152147 ], [ 55.53, -5.4 ], [ 55.599010572281351, -5.39980363710088 ], [ 55.665, -5.42 ], [ 55.730841435836346, -5.398804691895323 ], [ 55.8, -5.4 ], [ 55.89, -5.4 ], [ 55.9275, -5.598380477358335 ], [ 56.005, -5.78 ], [ 56.1025, -5.935683580617421 ], [ 56.16, -6.12 ], [ 56.110453587989227, -6.236457717711319 ], [ 56.09, -6.361353264853874 ], [ 56.053225370643169, -6.475285173722085 ], [ 55.98, -6.57 ], [ 55.9225, -6.731253108945607 ], [ 55.825, -6.865 ], [ 55.748376536687935, -7.025935229012279 ], [ 55.71, -7.2 ], [ 55.7225, -7.337919148119489 ], [ 55.775, -7.463171009986531 ], [ 55.8075, -7.599177910981608 ], [ 55.8, -7.74 ], [ 55.89169993689341, -7.745299432040674 ], [ 55.98, -7.72 ], [ 56.071363754565482, -7.71772620891058 ], [ 56.16, -7.74 ], [ 56.270301338231626, -7.897671260145147 ], [ 56.41, -8.03 ], [ 56.569996939383181, -8.137603550315511 ], [ 56.7, -8.28 ], [ 56.690017213167572, -8.37 ], [ 56.7, -8.46 ], [ 56.595991844928079, -8.5825 ], [ 56.455, -8.665 ], [ 56.365655491692593, -8.798507656314213 ], [ 56.25, -8.91 ], [ 56.272098705926332, -8.998655699341519 ], [ 56.27, -9.09 ], [ 56.275095631264406, -9.181677292362712 ], [ 56.25, -9.27 ], [ 56.188463494926353, -9.38535325692442 ], [ 56.095, -9.476773661954708 ], [ 56.0575, -9.607852734957019 ], [ 55.98, -9.72 ], [ 55.98, -9.81 ], [ 55.939775028858534, -9.946618543785204 ], [ 55.87, -10.07077215894445 ], [ 55.820288797995985, -10.20669810861521 ], [ 55.8, -10.35 ], [ 55.891947186525812, -10.443077607209624 ], [ 55.955, -10.557716469672892 ], [ 55.999579076159293, -10.684991157861285 ], [ 56.07, -10.8 ], [ 56.073110579615999, -10.913665384854758 ], [ 56.05, -11.025 ], [ 56.04, -11.139401240911129 ], [ 56.07, -11.25 ], [ 56.07, -11.34 ], [ 56.09426391041621, -11.430742593492026 ], [ 56.096404879833237, -11.524648780041689 ], [ 56.137656664555756, -11.608895599778311 ], [ 56.16, -11.7 ], [ 56.186341849100181, -11.790984459002892 ], [ 56.185, -11.885695937900955 ], [ 56.227874674164148, -11.968979133006274 ], [ 56.25, -12.06 ], [ 56.240472216489721, -12.15 ], [ 56.25, -12.24 ], [ 56.319110544332318, -12.337823397831269 ], [ 56.36, -12.450401090632118 ], [ 56.415, -12.56395947255738 ], [ 56.43, -12.69 ], [ 56.38545525299606, -12.780662802715208 ], [ 56.32, -12.857601662448394 ], [ 56.273420268731954, -12.949587794879507 ], [ 56.25, -13.05 ], [ 56.2530709088511, -13.122493407905687 ], [ 56.275811455340829, -13.191396181553058 ], [ 56.29936894773406, -13.259958955553392 ], [ 56.34, -13.32 ], [ 56.406009957375133, -13.431192034099892 ], [ 56.5, -13.52 ], [ 56.60993328848344, -13.587583389395702 ], [ 56.7, -13.68 ], [ 56.772593122410868, -13.685277069575497 ], [ 56.842654630388736, -13.705 ], [ 56.911994650746095, -13.726396785530067 ], [ 56.97, -13.77 ], [ 57.025, -13.927147344983185 ], [ 57.04, -14.095287993940468 ], [ 57.115, -14.239033026402661 ], [ 57.15, -14.4 ], [ 57.045233399624514, -14.5225 ], [ 56.905, -14.605 ], [ 56.790017052228585, -14.717055084517799 ], [ 56.7, -14.85 ], [ 56.61, -14.840429400476774 ], [ 56.52, -14.85 ], [ 56.407421528539693, -14.93966956675318 ], [ 56.315, -15.05 ], [ 56.179419426834464, -15.11 ], [ 56.07, -15.21 ], [ 56.02498475090151, -15.23550469659803 ], [ 55.988686865735083, -15.272373731470156 ], [ 55.936863397138566, -15.27732765433853 ], [ 55.89, -15.3 ], [ 55.820374677629765, -15.348717984862263 ], [ 55.738105586253496, -15.37 ], [ 55.685514982840097, -15.431938370041607 ], [ 55.62, -15.48 ], [ 55.633228745907893, -15.57 ], [ 55.62, -15.66 ], [ 55.52, -15.792459777887828 ], [ 55.46, -15.95 ], [ 55.38, -16.091187153634465 ], [ 55.26, -16.2 ], [ 55.244088977213323, -16.292706842196804 ], [ 55.195, -16.372943938058825 ], [ 55.171800926216584, -16.465042040259345 ], [ 55.17, -16.56 ], [ 55.147964027884242, -16.606002227479884 ], [ 55.136331796456759, -16.655665898228378 ], [ 55.116343899605134, -16.703295525928318 ], [ 55.08, -16.74 ], [ 55.1125, -16.919875548962871 ], [ 55.105, -17.104707719557066 ], [ 55.1575, -17.27844714179562 ], [ 55.17, -17.46 ], [ 55.076850846477384, -17.573912797699521 ], [ 55.01, -17.705 ], [ 54.928828400391318, -17.825869171113474 ], [ 54.81, -17.91 ], [ 54.740606309603379, -17.907217589822803 ], [ 54.675, -17.93 ], [ 54.606401003554346, -17.927418226008175 ], [ 54.54, -17.91 ], [ 54.471922079100366, -17.885299522460016 ], [ 54.399621465862616, -17.881135602412158 ], [ 54.339532213019297, -17.840557183073614 ], [ 54.27, -17.82 ], [ 54.220147017622949, -17.831100959146209 ], [ 54.174141330175026, -17.853282660350043 ], [ 54.128398740229883, -17.876193954756321 ], [ 54.09, -17.91 ], [ 53.97, -18.063915015655372 ], [ 53.89, -18.25 ], [ 53.83, -18.448680866394959 ], [ 53.73, -18.63 ], [ 53.77811285302171, -18.710108336269222 ], [ 53.795, -18.802015987923724 ], [ 53.825716094116601, -18.893585435001206 ], [ 53.82, -18.99 ], [ 53.82, -19.08 ], [ 53.868824623570625, -19.196494661969453 ], [ 53.89, -19.32101957340193 ], [ 53.965, -19.414623369586359 ], [ 54.0, -19.53 ], [ 53.932953334599162, -19.577998846075484 ], [ 53.855088993006682, -19.605133489510035 ], [ 53.800645957050023, -19.667230492856604 ], [ 53.73, -19.71 ], [ 53.72, -19.914210162841083 ], [ 53.75, -20.115 ], [ 53.72, -20.315659791043725 ], [ 53.73, -20.52 ], [ 53.683797851329437, -20.544135278610533 ], [ 53.648950865068031, -20.582901730136054 ], [ 53.600859709169661, -20.601505629496856 ], [ 53.55, -20.61 ], [ 53.59152435106212, -20.739998773991253 ], [ 53.665, -20.855 ], [ 53.76063051124153, -20.943791564671038 ], [ 53.82, -21.06 ], [ 53.730259984699671, -21.153245354285119 ], [ 53.665, -21.265 ], [ 53.624037426913141, -21.395262465693929 ], [ 53.55, -21.51 ], [ 53.60610638330342, -21.542382604127731 ], [ 53.654032901655349, -21.585967098344653 ], [ 53.702107832636102, -21.630614601636729 ], [ 53.73, -21.69 ], [ 53.744199513932053, -21.847844115989965 ], [ 53.795, -21.997963074698781 ], [ 53.7875, -22.16102706714047 ], [ 53.82, -22.32 ], [ 53.82, -22.41 ], [ 53.85, -22.520534668768256 ], [ 53.84, -22.635 ], [ 53.81, -22.745654460746529 ], [ 53.82, -22.86 ], [ 53.871916635281544, -22.923261040085421 ], [ 53.939093758156446, -22.97 ], [ 54.010063118694745, -23.014666106125684 ], [ 54.09, -23.04 ], [ 54.110233233923644, -23.131832559366011 ], [ 54.155, -23.214528020969325 ], [ 54.179004233752778, -23.305713340430231 ], [ 54.18, -23.4 ], [ 54.270105778045796, -23.467068229114012 ], [ 54.34, -23.555 ], [ 54.451223209921523, -23.592981374049522 ], [ 54.54, -23.67 ], [ 54.5075, -23.828826946731471 ], [ 54.515, -23.990772708718787 ], [ 54.4625, -24.139625685896213 ], [ 54.45, -24.3 ], [ 54.382568489246758, -24.370131459763723 ], [ 54.335, -24.455 ], [ 54.248480616826242, -24.500343440070157 ], [ 54.18, -24.57 ], [ 54.2175, -24.79100730267087 ], [ 54.295, -24.990608879974875 ], [ 54.3525, -25.194978398394142 ], [ 54.45, -25.38 ], [ 54.54, -25.38 ], [ 54.650855872640783, -25.351503567208752 ], [ 54.765, -25.36 ], [ 54.878747961699737, -25.355960430877889 ], [ 54.99, -25.38 ], [ 55.058337421203127, -25.425450109913662 ], [ 55.115328709369329, -25.484506935946005 ], [ 55.194168247001421, -25.509789720377391 ], [ 55.26, -25.56 ], [ 55.326167993108598, -25.540598796388888 ], [ 55.395, -25.544693285475613 ], [ 55.463431713490607, -25.544129247618024 ], [ 55.53, -25.56 ], [ 55.603804177976713, -25.65062509766339 ], [ 55.645, -25.76 ], [ 55.709801192621775, -25.852301969647655 ], [ 55.8, -25.92 ], [ 55.924534387034981, -25.9725 ], [ 56.06119178206017, -25.985 ], [ 56.20270004639432, -25.9775 ], [ 56.34, -26.01 ], [ 56.365079649169317, -26.05533094866886 ], [ 56.371532592445085, -26.106733703777458 ], [ 56.405090204002889, -26.145330717343395 ], [ 56.43, -26.19 ], [ 56.564998950855106, -26.231344096462418 ], [ 56.688370008861888, -26.3 ], [ 56.834000984317889, -26.315623937530262 ], [ 56.97, -26.37 ], [ 56.985, -26.560753514507304 ], [ 57.04, -26.7436443860202 ], [ 57.075, -26.925888658625571 ], [ 57.15, -27.09 ], [ 57.15, -27.18 ], [ 57.098427893631246, -27.28379859655513 ], [ 57.085, -27.398922540523156 ], [ 57.092158316056654, -27.516588080477202 ], [ 57.06, -27.63 ], [ 57.06, -27.72 ], [ 56.991105662446586, -27.765770412403388 ], [ 56.938991168534912, -27.83 ], [ 56.87028997795386, -27.877333049804118 ], [ 56.79, -27.9 ], [ 56.7125, -28.034586018582058 ], [ 56.675, -28.187427414944743 ], [ 56.6175, -28.326913619479932 ], [ 56.52, -28.44 ], [ 56.451857642077606, -28.464187966256617 ], [ 56.379721064988352, -28.469163194965052 ], [ 56.320855807621697, -28.512365199020987 ], [ 56.25, -28.53 ], [ 56.1725, -28.66364899926079 ], [ 56.135, -28.817159551578371 ], [ 56.041836952846872, -28.933977782421866 ], [ 55.98, -29.07 ], [ 55.975311683703453, -29.165004729780218 ], [ 56.005, -29.255373324246353 ], [ 56.051359857496756, -29.337527709555356 ], [ 56.07, -29.43 ], [ 56.108789855426807, -29.481210144573186 ], [ 56.16, -29.52 ], [ 56.241423730027627, -29.566591924212482 ], [ 56.333411631184433, -29.585 ], [ 56.424842038778927, -29.611410363017082 ], [ 56.52, -29.61 ], [ 56.54363030154245, -29.678513793668348 ], [ 56.584109188447229, -29.738630270517586 ], [ 56.584456481182237, -29.811622385699668 ], [ 56.61, -29.88 ], [ 56.765072526645817, -29.94174354545445 ], [ 56.9, -30.04 ], [ 57.037499061729889, -30.124376172837643 ], [ 57.15, -30.24 ], [ 57.17618936480563, -30.28420402125462 ], [ 57.185553537022038, -30.334723231488979 ], [ 57.206983960845662, -30.381060136380267 ], [ 57.24, -30.42 ], [ 57.205, -30.536256399142864 ], [ 57.13, -30.631286129033526 ], [ 57.076760906167557, -30.745294667445823 ], [ 57.06, -30.87 ], [ 57.080993818875399, -30.916562931944561 ], [ 57.092216960805445, -30.966391519597281 ], [ 57.128752907785689, -31.002912584635517 ], [ 57.15, -31.05 ], [ 57.0725, -31.206079093154028 ], [ 57.035, -31.381329636295433 ], [ 56.9375, -31.51762829008613 ], [ 56.88, -31.68 ], [ 56.880763949600478, -31.752968115561149 ], [ 56.908003557951723, -31.820665480682756 ], [ 56.929417481505425, -31.889926968903374 ], [ 56.97, -31.95 ], [ 57.02857080768085, -31.979093279259072 ], [ 57.072093202823133, -32.027906797176868 ], [ 57.101376376705296, -32.086332697249006 ], [ 57.15, -32.13 ], [ 57.24, -32.13 ], [ 57.348489075441059, -32.23 ], [ 57.484366581719883, -32.29 ], [ 57.572649684986345, -32.404942975278622 ], [ 57.69, -32.49 ], [ 57.794906825123824, -32.445627338791915 ], [ 57.906928644045905, -32.425 ], [ 58.021249909284215, -32.3925 ], [ 58.14, -32.4 ], [ 58.254726203109797, -32.451077512976937 ], [ 58.378875119725137, -32.47 ], [ 58.475354215097568, -32.542433818872787 ], [ 58.59, -32.58 ], [ 58.658173078925799, -32.553277368096964 ], [ 58.731391010691773, -32.554173032075312 ], [ 58.799952256065225, -32.530617457930951 ], [ 58.86, -32.49 ], [ 58.929223952368226, -32.492858966390969 ], [ 58.995, -32.471095675549627 ], [ 59.064118213397897, -32.468991814744776 ], [ 59.13, -32.49 ], [ 59.191790014533439, -32.544742824384329 ], [ 59.233724151115204, -32.615850565923196 ], [ 59.281157977752542, -32.683006409463346 ], [ 59.31, -32.76 ], [ 59.32, -32.963702517197625 ], [ 59.29, -33.165 ], [ 59.28, -33.368912050469476 ], [ 59.31, -33.57 ], [ 59.185255561219087, -33.588053921822507 ], [ 59.070413390994389, -33.64 ], [ 58.955224548038885, -33.675905659126286 ], [ 58.86, -33.75 ], [ 58.77, -33.734455056507272 ], [ 58.68, -33.75 ], [ 58.567536780457282, -33.885292633119676 ], [ 58.43, -33.995 ], [ 58.300047115755874, -34.1175 ], [ 58.14, -34.2 ], [ 58.05, -34.188200302685843 ], [ 57.96, -34.2 ], [ 57.9475, -34.469652518777622 ], [ 57.895, -34.731614311773008 ], [ 57.8625, -35.004511319363367 ], [ 57.87, -35.28 ], [ 57.922054761222881, -35.317945238777114 ], [ 57.96, -35.37 ], [ 57.975, -35.584905319509929 ], [ 58.03, -35.7926772583318 ], [ 58.065, -35.996037706808615 ], [ 58.14, -36.18 ], [ 58.1275, -36.317686232012292 ], [ 58.075, -36.442531982120862 ], [ 58.04384931656665, -36.579585555638012 ], [ 58.05, -36.72 ], [ 57.944492199941664, -36.766713130862669 ], [ 57.851481899589707, -36.835 ], [ 57.783434819589125, -36.925724711016287 ], [ 57.69, -36.99 ], [ 57.6, -36.99 ], [ 57.462573329969736, -37.100371863370341 ], [ 57.355, -37.24 ], [ 57.2325, -37.370650807450453 ], [ 57.15, -37.53 ], [ 57.160632235306323, -37.62 ], [ 57.15, -37.71 ], [ 57.3175, -37.835 ], [ 57.445, -38.0 ], [ 57.6325, -38.105 ], [ 57.78, -38.25 ], [ 57.66488281400968, -38.337751525863105 ], [ 57.58, -38.455 ], [ 57.482411042276951, -38.566013333731888 ], [ 57.42, -38.7 ], [ 57.35385992002599, -38.68082053982458 ], [ 57.285, -38.68 ], [ 57.21564423866068, -38.677473610959595 ], [ 57.15, -38.7 ], [ 57.005, -38.5975 ], [ 56.9, -38.455 ], [ 56.766761473219212, -38.335861818372813 ], [ 56.61, -38.25 ], [ 56.540741376001733, -38.227575707681574 ], [ 56.481645467283599, -38.185063598149199 ], [ 56.409485155993387, -38.180091041363362 ], [ 56.34, -38.16 ], [ 56.259657354086066, -37.999172980280633 ], [ 56.14, -37.865 ], [ 56.08, -37.683171148026595 ], [ 55.98, -37.53 ], [ 55.98, -37.44 ], [ 55.957028499910422, -37.340565856236893 ], [ 55.909741825335644, -37.250129087332176 ], [ 55.841771744466229, -37.173514166545772 ], [ 55.8, -37.08 ], [ 55.664341044979743, -37.064402465600843 ], [ 55.537038132408668, -37.015 ], [ 55.400880123750802, -36.9825 ], [ 55.26, -36.99 ], [ 55.116538274959041, -37.07 ], [ 55.01, -37.19 ], [ 54.85158433923624, -37.25 ], [ 54.72, -37.35 ], [ 54.73, -37.531814854609543 ], [ 54.7, -37.71 ], [ 54.73, -37.888091494651832 ], [ 54.72, -38.07 ], [ 54.833782104060894, -38.163349278156758 ], [ 54.965, -38.23 ], [ 55.0840683053856, -38.31301748697976 ], [ 55.17, -38.43 ], [ 55.284759579959463, -38.49155052505067 ], [ 55.37, -38.59 ], [ 55.465188132111486, -38.677849494310813 ], [ 55.53, -38.79 ], [ 55.62, -38.79 ], [ 55.706560611794735, -38.886799235256575 ], [ 55.82, -38.95 ], [ 55.883020237627186, -39.063583809898248 ], [ 55.98, -39.15 ], [ 55.899920947809868, -39.311005727328727 ], [ 55.78, -39.445 ], [ 55.68, -39.598932516775939 ], [ 55.62, -39.78 ], [ 55.499608384315771, -39.861661093923672 ], [ 55.415, -39.98 ], [ 55.283192339291794, -40.045747644540562 ], [ 55.17, -40.14 ], [ 55.14, -40.250656983126575 ], [ 55.15, -40.365 ], [ 55.175474343681074, -40.476124502783911 ], [ 55.17, -40.59 ], [ 55.0088874021124, -40.643345799618487 ], [ 54.839991928091685, -40.66 ], [ 54.679070022061509, -40.695 ], [ 54.54, -40.77 ], [ 54.428067495414197, -40.8675 ], [ 54.286736463110991, -40.925 ], [ 54.152095165693417, -41.0025 ], [ 54.0, -41.04 ], [ 53.951361309922461, -41.167973718717114 ], [ 53.935, -41.303897603271558 ], [ 53.9425, -41.444076182459405 ], [ 53.91, -41.58 ], [ 53.959724129095513, -41.620275870904486 ], [ 54.0, -41.67 ], [ 54.001065450466548, -41.766258934066251 ], [ 53.975, -41.858927752253614 ], [ 53.954600024449768, -41.949061358182462 ], [ 53.91, -42.03 ], [ 53.96272370583803, -42.120037958309908 ], [ 53.98, -42.22293670832147 ], [ 54.047541525755264, -42.298210598556743 ], [ 54.09, -42.39 ], [ 54.051883760913604, -42.425344376188946 ], [ 54.029850282679391, -42.472425141339698 ], [ 54.024661540093511, -42.524191147929102 ], [ 54.0, -42.57 ], [ 54.040570410331291, -42.630069438796404 ], [ 54.063267119297613, -42.69891096023413 ], [ 54.06753326250498, -42.771179761168987 ], [ 54.09, -42.84 ], [ 54.005071597005241, -42.938839496256556 ], [ 53.89, -43.0 ], [ 53.825935321410782, -43.112748257128629 ], [ 53.73, -43.2 ], [ 53.752283517588801, -43.28863516471236 ], [ 53.75, -43.38 ], [ 53.752242586357795, -43.471360287373088 ], [ 53.73, -43.56 ], [ 53.670658606362409, -43.58793778476921 ], [ 53.625591531987936, -43.635591531987941 ], [ 53.597776351748742, -43.695021691071744 ], [ 53.55, -43.74 ], [ 53.52636689614102, -43.851288168545878 ], [ 53.53, -43.965 ], [ 53.52026991584021, -44.079253785258651 ], [ 53.55, -44.19 ], [ 53.431300549660563, -44.247651612182047 ], [ 53.342213180817836, -44.345 ], [ 53.230151287731495, -44.42154995572205 ], [ 53.1, -44.46 ], [ 53.073427369283081, -44.504302627047601 ], [ 53.065791883949871, -44.555395941974936 ], [ 53.043749163980166, -44.601557860104748 ], [ 53.01, -44.64 ], [ 53.02937325625345, -44.730655508288287 ], [ 53.075, -44.811352128390709 ], [ 53.070981838657346, -44.907865084564591 ], [ 53.1, -45.0 ], [ 53.050087958045182, -45.116429041721346 ], [ 53.03, -45.241502650567597 ], [ 52.995, -45.356576562534727 ], [ 52.92, -45.45 ], [ 52.929994107509927, -45.54 ], [ 52.92, -45.63 ], [ 52.75, -45.7975 ], [ 52.54, -45.925 ], [ 52.39, -46.1125 ], [ 52.2, -46.26 ], [ 52.11, -46.269378306226322 ], [ 52.02, -46.26 ], [ 51.984149653168508, -46.222556713396138 ], [ 51.938545299196932, -46.197909401606154 ], [ 51.890979759978485, -46.177927065186424 ], [ 51.84, -46.17 ], [ 51.803393227441418, -46.206463192835727 ], [ 51.758658861696048, -46.232317723392107 ], [ 51.711006822956683, -46.252137040384262 ], [ 51.66, -46.26 ], [ 51.51, -46.4025 ], [ 51.32, -46.505 ], [ 51.146192721102075, -46.6275 ], [ 50.94, -46.71 ], [ 50.936786578663877, -46.77945754390165 ], [ 50.96, -46.845 ], [ 50.939480745179928, -46.910941591878498 ], [ 50.94, -46.98 ], [ 51.100703981456, -47.0625 ], [ 51.23, -47.185 ], [ 51.335, -47.3275 ], [ 51.48, -47.43 ], [ 51.576390710371996, -47.541795862614208 ], [ 51.64, -47.675 ], [ 51.724619240454366, -47.792505619068912 ], [ 51.84, -47.88 ], [ 51.70120944264621, -48.013970554062112 ], [ 51.595, -48.175 ], [ 51.4725, -48.329969460132929 ], [ 51.39, -48.51 ], [ 51.376400870695171, -48.6 ], [ 51.39, -48.69 ], [ 51.292377419670011, -48.775901935736009 ], [ 51.23, -48.89 ], [ 51.120827797236366, -48.95853474654546 ], [ 51.03, -49.05 ], [ 50.985968258898943, -49.13144635241035 ], [ 50.965, -49.221627473849857 ], [ 50.962122793414458, -49.31709083311447 ], [ 50.94, -49.41 ], [ 50.94, -49.5 ], [ 50.905, -49.660260058441992 ], [ 50.83, -49.805410615535287 ], [ 50.815, -49.973995675734713 ], [ 50.76, -50.13 ], [ 50.602610190950152, -50.166204906447987 ], [ 50.458955635118116, -50.24 ], [ 50.288663793734116, -50.255 ], [ 50.13, -50.31 ], [ 50.036488647843875, -50.241215395054134 ], [ 49.93, -50.195 ], [ 49.858060052573514, -50.109179945730567 ], [ 49.77, -50.04 ], [ 49.718576530084214, -50.001423469915792 ], [ 49.68, -49.95 ], [ 49.518004250183601, -49.8925 ], [ 49.379650775794978, -49.795 ], [ 49.224877184970097, -49.7175 ], [ 49.05, -49.68 ], [ 48.981011834421793, -49.679954882347076 ], [ 48.915, -49.7 ], [ 48.846279499323757, -49.698238379564636 ], [ 48.78, -49.68 ], [ 48.722181006494381, -49.649881089692315 ], [ 48.673652961106114, -49.606347038893887 ], [ 48.645994996610327, -49.54682366369552 ], [ 48.6, -49.5 ], [ 48.507242746153331, -49.474801224239037 ], [ 48.411123825387314, -49.475 ], [ 48.330105027791618, -49.430539457927118 ], [ 48.24, -49.41 ], [ 48.2025, -49.256553239326038 ], [ 48.125, -49.124845428883738 ], [ 48.0275, -49.012560565009011 ], [ 47.97, -48.87 ], [ 47.895832484042998, -48.871723313777757 ], [ 47.826625152535826, -48.845 ], [ 47.759542002989477, -48.81984537563892 ], [ 47.7, -48.78 ], [ 47.564785504297213, -48.72 ], [ 47.455918721629672, -48.62 ], [ 47.342407294874086, -48.530864339645362 ], [ 47.25, -48.42 ], [ 47.214377718047899, -48.382269204963194 ], [ 47.168175899606567, -48.35864820078686 ], [ 47.121062668936624, -48.337556840249306 ], [ 47.07, -48.33 ], [ 47.004197885718746, -48.351460728601545 ], [ 46.935, -48.35 ], [ 46.868567591936568, -48.332793754428167 ], [ 46.8, -48.33 ], [ 46.699757194160505, -48.307130364853315 ], [ 46.60837684045628, -48.26 ], [ 46.534748248259049, -48.188836086549038 ], [ 46.44, -48.15 ], [ 46.35, -48.15 ], [ 46.150313213182379, -48.09 ], [ 45.97, -47.99 ], [ 45.811450995004307, -47.870533308492675 ], [ 45.63, -47.79 ], [ 45.608011052995366, -47.744047139731869 ], [ 45.595841859046516, -47.694579070476742 ], [ 45.572300682420739, -47.649397879624495 ], [ 45.54, -47.61 ], [ 45.403406272192051, -47.524492159759937 ], [ 45.29, -47.41 ], [ 45.135973688219124, -47.346360190102821 ], [ 45.0, -47.25 ], [ 44.91, -47.26014394882128 ], [ 44.82, -47.25 ], [ 44.780828381453723, -47.217342559828822 ], [ 44.734636203002154, -47.195727593995692 ], [ 44.685517978556867, -47.182632010619997 ], [ 44.64, -47.16 ], [ 44.522703609684186, -47.165640858241339 ], [ 44.409339593042873, -47.135 ], [ 44.294116925018713, -47.12123791654809 ], [ 44.19, -47.07 ], [ 44.1, -47.07 ], [ 44.027216330960442, -47.067873809564524 ], [ 43.960200997228284, -47.039397008315156 ], [ 43.900763342388906, -46.997285287944557 ], [ 43.83, -46.98 ], [ 43.675477293122704, -47.1025 ], [ 43.495, -47.185 ], [ 43.333616392378403, -47.29078300306788 ], [ 43.2, -47.43 ], [ 43.092495500773062, -47.550421452143411 ], [ 42.955, -47.635 ], [ 42.8725, -47.776792147195835 ], [ 42.75, -47.88 ], [ 42.683936935658963, -47.899699315698001 ], [ 42.615, -47.9 ], [ 42.546207075780778, -47.898727238479765 ], [ 42.48, -47.88 ], [ 42.444851144485902, -47.720368997646624 ], [ 42.37, -47.575059654776162 ], [ 42.315, -47.41830944439883 ], [ 42.3, -47.25 ], [ 42.21, -47.25 ], [ 42.099274311481878, -47.27996100417117 ], [ 41.985, -47.27 ], [ 41.873522909231866, -47.248492271141572 ], [ 41.76, -47.25 ], [ 41.654780145976112, -47.108065456943407 ], [ 41.515, -47.0 ], [ 41.427797712268223, -46.844186099948324 ], [ 41.31, -46.71 ], [ 41.22, -46.71 ], [ 41.112355546940236, -46.6657947009735 ], [ 41.02, -46.595 ], [ 40.930876646731768, -46.526917654986562 ], [ 40.86, -46.44 ], [ 40.857117721724485, -46.366858792783205 ], [ 40.835, -46.297082363332386 ], [ 40.791127269228539, -46.239358098197812 ], [ 40.77, -46.17 ], [ 40.65789791958391, -46.074078185637141 ], [ 40.525, -46.01 ], [ 40.412123295016087, -45.920636122608514 ], [ 40.32, -45.81 ], [ 40.295831136550142, -45.764013232737675 ], [ 40.290281113485293, -45.712359443257348 ], [ 40.268315349284073, -45.665196368932023 ], [ 40.23, -45.63 ], [ 40.2625, -45.4941863517397 ], [ 40.255, -45.354613770443493 ], [ 40.3075, -45.228482818560565 ], [ 40.32, -45.09 ], [ 40.296267048169575, -45.021512837989128 ], [ 40.292636729413516, -44.94912109019549 ], [ 40.250980155200985, -44.889575617619613 ], [ 40.23, -44.82 ], [ 40.257887274198232, -44.742538068612298 ], [ 40.303338535753561, -44.673892357169045 ], [ 40.36618431255603, -44.620137875159259 ], [ 40.41, -44.55 ], [ 40.3075, -44.405 ], [ 40.165, -44.3 ], [ 40.045541632440241, -44.166987811550868 ], [ 39.96, -44.01 ], [ 39.82311171408314, -43.9775 ], [ 39.681804613336467, -43.985 ], [ 39.544568841811639, -43.9725 ], [ 39.42, -43.92 ], [ 39.365131910776846, -43.807079638107943 ], [ 39.35, -43.682450024367569 ], [ 39.311499052260778, -43.567682317241349 ], [ 39.24, -43.47 ], [ 39.286899884746028, -43.355821904585383 ], [ 39.31, -43.23456753832604 ], [ 39.352479917621551, -43.120865235062418 ], [ 39.42, -43.02 ], [ 39.3675, -42.869647823845106 ], [ 39.355, -42.710214880963555 ], [ 39.3225, -42.552233858541534 ], [ 39.33, -42.39 ], [ 39.33, -42.3 ], [ 39.288735212992421, -42.240442804959777 ], [ 39.265, -42.171984921615014 ], [ 39.239863362419712, -42.103217457207926 ], [ 39.24, -42.03 ], [ 39.030098737798653, -41.925 ], [ 38.86, -41.78 ], [ 38.708810387544567, -41.615 ], [ 38.52, -41.49 ], [ 38.52, -41.4 ], [ 38.382211589409152, -41.34 ], [ 38.275, -41.24 ], [ 38.160594732103291, -41.15220289959413 ], [ 38.07, -41.04 ], [ 38.033803040330156, -41.003161031461495 ], [ 38.014419075846206, -40.955290462076896 ], [ 38.004647876448786, -40.904958490599732 ], [ 37.98, -40.86 ], [ 37.91279610141568, -40.811583137682902 ], [ 37.83372883867807, -40.786906741982889 ], [ 37.762614910280895, -40.744158318059135 ], [ 37.71, -40.68 ], [ 37.6725, -40.525583200903711 ], [ 37.595, -40.39 ], [ 37.504472601311335, -40.273076987186968 ], [ 37.44, -40.14 ], [ 37.420038984908707, -40.069322330568035 ], [ 37.415, -39.996053075686483 ], [ 37.374411517611307, -39.93719741072676 ], [ 37.35, -39.87 ], [ 37.304767637261065, -39.788478171392292 ], [ 37.285, -39.697368261417552 ], [ 37.285108262041739, -39.602001847121045 ], [ 37.26, -39.51 ], [ 37.222688567547785, -39.457311432452222 ], [ 37.17, -39.42 ], [ 37.0925, -39.286005285283125 ], [ 37.055, -39.13 ], [ 36.9575, -39.019032633404798 ], [ 36.9, -38.88 ], [ 36.782394974927172, -38.883737731237758 ], [ 36.668293899732873, -38.855 ], [ 36.56403003394923, -38.806100808197613 ], [ 36.45, -38.79 ], [ 36.402771464870114, -38.875303947793483 ], [ 36.328622961921326, -38.938622961921325 ], [ 36.261426812372342, -39.008024015441606 ], [ 36.18, -39.06 ], [ 36.169125110134019, -39.15 ], [ 36.18, -39.24 ], [ 36.208936834856893, -39.316946421432341 ], [ 36.252600146949106, -39.386599902033929 ], [ 36.317479389404234, -39.438570162241696 ], [ 36.36, -39.51 ], [ 36.331629444621022, -39.620867061744093 ], [ 36.34, -39.735 ], [ 36.33, -39.849483904178463 ], [ 36.36, -39.96 ], [ 36.351147819040655, -40.010727815764206 ], [ 36.324128908558244, -40.054564454279124 ], [ 36.290060328563939, -40.092844663392889 ], [ 36.27, -40.14 ], [ 36.113166935119835, -40.085 ], [ 35.945427251050909, -40.07 ], [ 35.799673349666527, -39.995675550795632 ], [ 35.64, -39.96 ], [ 35.559149031382837, -39.9844395219924 ], [ 35.488026515923451, -40.03 ], [ 35.43490504810319, -40.091321704208617 ], [ 35.37, -40.14 ], [ 35.257172627295859, -40.068300890874248 ], [ 35.130698079934589, -40.025 ], [ 35.012895618966724, -39.964428463828625 ], [ 34.92, -39.87 ], [ 34.847601386687252, -39.958253934479124 ], [ 34.754964161317126, -40.024952215089499 ], [ 34.664559598572524, -40.094469926855353 ], [ 34.56, -40.14 ], [ 34.446753788208454, -40.075932288257853 ], [ 34.353690932432357, -39.985 ], [ 34.237999669536975, -39.914458925690226 ], [ 34.11, -39.87 ], [ 33.992187332274817, -39.862566760970857 ], [ 33.878683311530757, -39.895 ], [ 33.763778714905136, -39.908784271858977 ], [ 33.66, -39.96 ], [ 33.624903629554915, -39.921559830076532 ], [ 33.57787888321478, -39.899242233570433 ], [ 33.531121362400512, -39.877317845303601 ], [ 33.48, -39.87 ], [ 33.388277546632359, -39.864497919691225 ], [ 33.3, -39.89 ], [ 33.211701986706409, -39.864682119642232 ], [ 33.12, -39.87 ], [ 32.98313802987775, -39.86 ], [ 32.85, -39.89 ], [ 32.716342835200443, -39.861871724793964 ], [ 32.58, -39.87 ], [ 32.58, -39.78 ], [ 32.39923776109525, -39.7025 ], [ 32.205691977510433, -39.665 ], [ 32.042972205282361, -39.5675 ], [ 31.86, -39.51 ], [ 31.930793030086679, -39.41259329928176 ], [ 31.97, -39.298740183540971 ], [ 31.989183780925512, -39.174732685034876 ], [ 32.04, -39.06 ], [ 31.948238637025014, -38.994640761780637 ], [ 31.88, -38.905 ], [ 31.771566364768816, -38.862167191706405 ], [ 31.68, -38.79 ], [ 31.668018925538913, -38.7 ], [ 31.68, -38.61 ], [ 31.592614125392355, -38.565824439688569 ], [ 31.525, -38.495 ], [ 31.452658340878752, -38.428511553541576 ], [ 31.41, -38.34 ], [ 31.36916862582418, -38.280066698941837 ], [ 31.345, -38.211692147984735 ], [ 31.341567194206167, -38.139246268651149 ], [ 31.32, -38.07 ], [ 31.273098872336369, -38.048601444135073 ], [ 31.23619976084548, -38.012600478309039 ], [ 31.185187127386143, -38.004895393583432 ], [ 31.14, -37.98 ], [ 31.1475, -37.83875852357118 ], [ 31.115, -37.701847150312972 ], [ 31.0625, -37.576921243900451 ], [ 31.05, -37.44 ], [ 31.003430402951054, -37.394538835654153 ], [ 30.972976329878936, -37.337023670121056 ], [ 30.914233099086569, -37.308211451469184 ], [ 30.87, -37.26 ], [ 30.945, -37.141303184036545 ], [ 30.98, -37.004211184267746 ], [ 30.996333474360817, -36.857508106647472 ], [ 31.05, -36.72 ], [ 30.998852039514876, -36.68114796048512 ], [ 30.96, -36.63 ], [ 30.975, -36.438549727967676 ], [ 31.03, -36.257847751176115 ], [ 31.065, -36.073945881500343 ], [ 31.14, -35.91 ], [ 31.005064476760104, -35.81175813587231 ], [ 30.85, -35.75 ], [ 30.743503742198889, -35.63 ], [ 30.6, -35.55 ], [ 30.577414101108353, -35.484364577613576 ], [ 30.58, -35.415 ], [ 30.602002348744783, -35.349278125739964 ], [ 30.6, -35.28 ], [ 30.7, -35.127392512905182 ], [ 30.76, -34.945 ], [ 30.879586059775161, -34.81077868459333 ], [ 30.96, -34.65 ], [ 31.141848806913256, -34.705 ], [ 31.333090594635244, -34.72 ], [ 31.498993265209663, -34.795 ], [ 31.68, -34.83 ], [ 31.720216793263926, -34.780216793263918 ], [ 31.77, -34.74 ], [ 31.927468219840332, -34.7525 ], [ 32.076368654643339, -34.805 ], [ 32.236163206969223, -34.8375 ], [ 32.4, -34.83 ], [ 32.59, -34.7275 ], [ 32.74, -34.585 ], [ 32.943417032191064, -34.5025 ], [ 33.12, -34.38 ], [ 33.123594291684881, -34.266291618516895 ], [ 33.1, -34.155 ], [ 33.091337352854715, -34.040841098031535 ], [ 33.12, -33.93 ], [ 33.0825, -33.79835279498937 ], [ 33.005, -33.686595715351345 ], [ 32.911071093072358, -33.595623769514908 ], [ 32.85, -33.48 ], [ 32.9475, -33.390870413784342 ], [ 33.005, -33.271692601130667 ], [ 33.0825, -33.162109170360985 ], [ 33.12, -33.03 ], [ 33.166724957489791, -33.006584028072673 ], [ 33.218843501043857, -33.002687002087718 ], [ 33.264022961784285, -32.977300369047988 ], [ 33.3, -32.94 ], [ 33.4, -32.830951594267297 ], [ 33.46, -32.695 ], [ 33.54071751109921, -32.573687815706556 ], [ 33.66, -32.49 ], [ 33.768574250270909, -32.39 ], [ 33.905, -32.33 ], [ 33.989924012569844, -32.211984612884095 ], [ 34.11, -32.13 ], [ 34.21685322205613, -31.969505218317803 ], [ 34.355, -31.835 ], [ 34.4375, -31.65506830325851 ], [ 34.56, -31.5 ], [ 34.628559487015302, -31.477067635770297 ], [ 34.68927553841916, -31.437826615257475 ], [ 34.757729969751679, -31.414265204579451 ], [ 34.83, -31.41 ], [ 34.935885339953899, -31.364759318413181 ], [ 35.027493538179385, -31.295 ], [ 35.095707977496218, -31.203829755559539 ], [ 35.19, -31.14 ], [ 35.28, -31.156488992806956 ], [ 35.37, -31.14 ], [ 35.500398211078966, -31.101222869508735 ], [ 35.613081100044369, -31.025 ], [ 35.731264457941855, -30.967155837611525 ], [ 35.82, -30.87 ], [ 35.91, -30.87 ], [ 36.017841203479612, -30.75 ], [ 36.16, -30.67 ], [ 36.318950925813695, -30.61 ], [ 36.45, -30.51 ], [ 36.423018470562425, -30.399009469283342 ], [ 36.43, -30.285 ], [ 36.423152555031201, -30.171002449336108 ], [ 36.45, -30.06 ], [ 36.52311386849096, -29.94616628198078 ], [ 36.565, -29.817522179469243 ], [ 36.6225, -29.69827261706217 ], [ 36.72, -29.61 ], [ 36.72, -29.52 ], [ 36.84, -29.414277206555226 ], [ 36.92, -29.269037948509659 ], [ 37.02, -29.139866874638976 ], [ 37.08, -28.98 ], [ 37.025, -28.821380485892249 ], [ 37.01, -28.650684743471459 ], [ 36.975, -28.492555261811095 ], [ 36.9, -28.35 ], [ 36.777209324187204, -28.328996294649773 ], [ 36.662675185976823, -28.28 ], [ 36.566567575154757, -28.205221242183939 ], [ 36.45, -28.17 ], [ 36.381754248624745, -28.193226927007654 ], [ 36.320310535314363, -28.230931605943098 ], [ 36.24770082884821, -28.233618446612311 ], [ 36.18, -28.26 ], [ 36.143955596131889, -28.20604440386812 ], [ 36.09, -28.17 ], [ 35.935622369257914, -28.07 ], [ 35.755030643222561, -28.01 ], [ 35.619558173629947, -27.892234948113494 ], [ 35.46, -27.81 ], [ 35.438581304993058, -27.762851471754075 ], [ 35.401410806022625, -27.726794596988686 ], [ 35.379232248832423, -27.680497901178718 ], [ 35.37, -27.63 ], [ 35.249744374953586, -27.5725 ], [ 35.160266486777168, -27.475 ], [ 35.029497060823594, -27.4375 ], [ 34.92, -27.36 ], [ 34.769039079200375, -27.3225 ], [ 34.634403527417035, -27.245 ], [ 34.492774141400311, -27.1875 ], [ 34.38, -27.09 ], [ 34.341233524241808, -27.038766475758194 ], [ 34.29, -27.0 ], [ 34.2125, -26.842774485305348 ], [ 34.175, -26.665 ], [ 34.114484774520577, -26.508575796438347 ], [ 34.02, -26.37 ], [ 34.02, -26.28 ], [ 34.057172630124292, -26.227172630124294 ], [ 34.11, -26.19 ], [ 34.082664906686347, -26.05244020039812 ], [ 34.085, -25.912210199570218 ], [ 34.0325, -25.786762783648228 ], [ 34.02, -25.65 ], [ 34.063466985840329, -25.580040980900637 ], [ 34.124339583779225, -25.524559722519484 ], [ 34.171478314743275, -25.457151804158038 ], [ 34.2, -25.38 ], [ 34.337229084490822, -25.26485039962397 ], [ 34.495, -25.18 ], [ 34.670909921494541, -25.117608273129207 ], [ 34.83, -25.02 ], [ 34.854890197819032, -24.952965479658342 ], [ 34.895, -24.893767906786561 ], [ 34.895032632095528, -24.819715985558329 ], [ 34.92, -24.75 ], [ 34.899746813181679, -24.628030118106704 ], [ 34.85, -24.514839578556664 ], [ 34.812110432548927, -24.398659077713795 ], [ 34.74, -24.3 ], [ 34.702336401557226, -24.247663598442777 ], [ 34.65, -24.21 ], [ 34.55, -24.057036823296919 ], [ 34.49, -23.875899694137459 ], [ 34.405002640499639, -23.717809491538205 ], [ 34.29, -23.58 ], [ 34.33570937558337, -23.475426449793837 ], [ 34.405, -23.384741369505527 ], [ 34.472860011702181, -23.293300721387475 ], [ 34.56, -23.22 ], [ 34.652007676981583, -23.189511729538786 ], [ 34.748779708822433, -23.195 ], [ 34.830605068721674, -23.1525302752645 ], [ 34.92, -23.13 ], [ 35.009937150755555, -23.151180199096284 ], [ 35.091282814245034, -23.195 ], [ 35.183494452017158, -23.223706693017025 ], [ 35.28, -23.22 ], [ 35.370904017701669, -23.195911115814177 ], [ 35.464938455246106, -23.194753820984403 ], [ 35.557947602381773, -23.177187661941655 ], [ 35.64, -23.13 ], [ 35.699876367982192, -23.171121803142793 ], [ 35.770088714595488, -23.189733856213525 ], [ 35.842159252829212, -23.195090401754697 ], [ 35.91, -23.22 ], [ 36.035715917431737, -23.201187643523564 ], [ 36.152069782010479, -23.15 ], [ 36.250077306009381, -23.083738527755628 ], [ 36.36, -23.04 ], [ 36.396767295260609, -23.003615297695298 ], [ 36.417128534088675, -22.956064267044336 ], [ 36.438523163456196, -22.909728978763127 ], [ 36.45, -22.86 ], [ 36.422183263347534, -22.771979637405831 ], [ 36.43, -22.68 ], [ 36.429592806571883, -22.588843645174652 ], [ 36.45, -22.5 ], [ 36.358059734042257, -22.388059983846386 ], [ 36.243042261605126, -22.3 ], [ 36.13504365005857, -22.2 ], [ 36.0, -22.14 ], [ 35.91, -22.14 ], [ 35.85, -21.957013164584051 ], [ 35.75, -21.805222407976363 ], [ 35.669927812395699, -21.644111000848252 ], [ 35.55, -21.51 ], [ 35.736960136697292, -21.3825 ], [ 35.885, -21.215 ], [ 36.0125, -21.0275 ], [ 36.18, -20.88 ], [ 36.21362569871107, -20.841480054325103 ], [ 36.236449043321571, -20.795724521660784 ], [ 36.244831227470861, -20.744920454019873 ], [ 36.27, -20.7 ], [ 36.27, -20.61 ], [ 36.222416839633723, -20.540546978790612 ], [ 36.2, -20.459396719355464 ], [ 36.154790350155473, -20.390678526277664 ], [ 36.09, -20.34 ], [ 36.101548669673306, -20.290305878260853 ], [ 36.123561311858104, -20.24428065592905 ], [ 36.156113738522315, -20.205041984275553 ], [ 36.18, -20.16 ], [ 36.204332677750138, -20.090510159148685 ], [ 36.205, -20.01688630520821 ], [ 36.230768601780255, -19.949994861761645 ], [ 36.27, -19.89 ], [ 36.277852003288629, -19.798290816974379 ], [ 36.251833551281088, -19.71 ], [ 36.245228338992021, -19.618416649000803 ], [ 36.27, -19.53 ], [ 36.29465503519458, -19.484285694364523 ], [ 36.300310960509719, -19.432655480254862 ], [ 36.324698646432765, -19.387387128222514 ], [ 36.36, -19.35 ], [ 36.367557670733504, -19.191385227255019 ], [ 36.34, -19.035 ], [ 36.366524809816951, -18.87854919427409 ], [ 36.36, -18.72 ], [ 36.308128682427615, -18.655091977219275 ], [ 36.284226182350821, -18.575515878432782 ], [ 36.240791116846388, -18.505551859019032 ], [ 36.18, -18.45 ], [ 36.225663816772517, -18.381576163531957 ], [ 36.2860147074351, -18.3256764716234 ], [ 36.334715157561639, -18.258784324998544 ], [ 36.36, -18.18 ], [ 36.37, -18.020660388922842 ], [ 36.34, -17.865 ], [ 36.37, -17.709227271217632 ], [ 36.36, -17.55 ], [ 36.457743836658409, -17.484163921450435 ], [ 36.567004053048507, -17.44 ], [ 36.684102904612338, -17.389729017217995 ], [ 36.81, -17.37 ], [ 36.825608450700678, -17.246159491806687 ], [ 36.88, -17.133813354500266 ], [ 36.954447997036546, -17.036912037668426 ], [ 36.99, -16.92 ], [ 37.104524592454744, -16.903704627678636 ], [ 37.209449711843298, -16.855 ], [ 37.322391909533337, -16.8225 ], [ 37.44, -16.83 ], [ 37.5330322040734, -16.869039530198535 ], [ 37.604751710753483, -16.94 ], [ 37.696702403708073, -16.990824739034721 ], [ 37.8, -17.01 ], [ 37.936877883976592, -16.915278664707571 ], [ 38.09, -16.85 ], [ 38.225344664136955, -16.762930830171186 ], [ 38.34, -16.65 ], [ 38.481362839606021, -16.6425 ], [ 38.618252818277071, -16.675 ], [ 38.743120608499879, -16.7275 ], [ 38.88, -16.74 ], [ 38.904945194536609, -16.695310875405735 ], [ 38.938725953509831, -16.656862976754915 ], [ 38.96281512220704, -16.611160423608098 ], [ 38.97, -16.56 ], [ 38.967241628268987, -16.464265944227844 ], [ 38.995, -16.372603024527262 ], [ 39.039350678498785, -16.290764319937658 ], [ 39.06, -16.2 ], [ 39.125923397191684, -16.088746958852244 ], [ 39.215, -15.995 ], [ 39.288152564673872, -15.879847122193857 ], [ 39.33, -15.75 ], [ 39.319290307488828, -15.66 ], [ 39.33, -15.57 ], [ 39.404399180466356, -15.434890217488332 ], [ 39.445, -15.286090134028639 ], [ 39.53890687382809, -15.167975420063646 ], [ 39.6, -15.03 ], [ 39.6917702057805, -15.00579537495371 ], [ 39.786675431776281, -15.005 ], [ 39.869164514081099, -14.961372024595139 ], [ 39.96, -14.94 ], [ 40.026106428679896, -14.86366988229077 ], [ 40.07, -14.772731984915247 ], [ 40.122847336416491, -14.682848121252714 ], [ 40.14, -14.58 ], [ 40.047201508428103, -14.464485064774573 ], [ 39.985, -14.33 ], [ 39.907964946602249, -14.192746659106001 ], [ 39.87, -14.04 ], [ 39.787783203130303, -13.998816819072838 ], [ 39.698966452412648, -13.975 ], [ 39.602063465928019, -13.980790140619209 ], [ 39.51, -13.95 ], [ 39.396993878368455, -13.967035784163848 ], [ 39.293263287569488, -14.015 ], [ 39.178111935320558, -14.041311906808181 ], [ 39.06, -14.04 ], [ 38.991139027546843, -14.038404272150876 ], [ 38.925, -14.057639887808328 ], [ 38.856374489904418, -14.057433596357903 ], [ 38.79, -14.04 ], [ 38.708254536640965, -13.992250732908669 ], [ 38.615170029328212, -13.975 ], [ 38.52114635322647, -13.973155879223963 ], [ 38.43, -13.95 ], [ 38.37, -13.771292414843117 ], [ 38.27, -13.615 ], [ 38.15, -13.487325957475736 ], [ 38.07, -13.32 ], [ 38.05623115934614, -13.23 ], [ 38.07, -13.14 ], [ 37.997968958102916, -13.073281095601061 ], [ 37.955, -12.985 ], [ 37.87117714859982, -12.936022104061111 ], [ 37.8, -12.87 ], [ 37.666473704446098, -12.840104989977627 ], [ 37.53, -12.85 ], [ 37.396018310711732, -12.873747194608432 ], [ 37.26, -12.87 ], [ 37.233324294802202, -12.758982284906471 ], [ 37.24, -12.645 ], [ 37.269429981932312, -12.534227109505094 ], [ 37.26, -12.42 ], [ 37.08107944349085, -12.365 ], [ 36.888437475192397, -12.35 ], [ 36.721208452223287, -12.275 ], [ 36.54, -12.24 ], [ 36.488923561293689, -12.201076438706318 ], [ 36.45, -12.15 ], [ 36.351231960066102, -12.124686536314963 ], [ 36.259585843791093, -12.08 ], [ 36.165076921079198, -12.03997905633377 ], [ 36.09, -11.97 ], [ 36.049816779953233, -11.920183220046768 ], [ 36.0, -11.88 ], [ 36.015, -11.733566676849904 ], [ 36.07, -11.598677362553925 ], [ 36.105, -11.458832794135176 ], [ 36.18, -11.34 ], [ 36.082636118457614, -11.252519032385706 ], [ 36.025, -11.135 ], [ 35.981402093458001, -11.005974527560529 ], [ 35.91, -10.89 ], [ 35.82, -10.873710467585685 ], [ 35.73, -10.89 ], [ 35.638166369351602, -10.942029669067283 ], [ 35.534158824493133, -10.96 ], [ 35.460419684392043, -11.02744662973959 ], [ 35.37, -11.07 ], [ 35.239221972943589, -10.95 ], [ 35.075, -10.87 ], [ 34.919466303261785, -10.77 ], [ 34.74, -10.71 ], [ 34.717575687302144, -10.640371736047809 ], [ 34.715, -10.567266942936216 ], [ 34.689100040412178, -10.500262583341986 ], [ 34.65, -10.44 ], [ 34.535730975889251, -10.430098478754152 ], [ 34.425, -10.46 ], [ 34.311480629161196, -10.461467921936544 ], [ 34.2, -10.44 ], [ 34.130928100949639, -10.462248585585684 ], [ 34.07111030733811, -10.503330922014335 ], [ 34.002775583500707, -10.528414106241019 ], [ 33.93, -10.53 ], [ 33.9375, -10.669838627072062 ], [ 33.905, -10.805620353440956 ], [ 33.857517115122903, -10.934126506174405 ], [ 33.84, -11.07 ], [ 33.752949437177008, -11.145036024719573 ], [ 33.645387940480724, -11.185517253974306 ], [ 33.553965298006631, -11.253413783235944 ], [ 33.48, -11.34 ], [ 33.410687591219755, -11.290642032561028 ], [ 33.328138663592696, -11.27 ], [ 33.276974441859608, -11.206510007832483 ], [ 33.21, -11.16 ], [ 33.171779606191713, -11.108220393808287 ], [ 33.12, -11.07 ], [ 32.995138268748505, -11.051901207105198 ], [ 32.880141386458625, -11.0 ], [ 32.781501094740477, -10.932715513735983 ], [ 32.67, -10.89 ], [ 32.58, -10.89 ], [ 32.467326398492546, -10.837748359199688 ], [ 32.344401339254397, -10.82 ], [ 32.229811293934759, -10.779402654951936 ], [ 32.13, -10.71 ], [ 32.04, -10.723668652777985 ], [ 31.95, -10.71 ], [ 31.810012210948397, -10.7175 ], [ 31.674924718760114, -10.685 ], [ 31.547942582665044, -10.6325 ], [ 31.41, -10.62 ], [ 31.250863343161896, -10.61 ], [ 31.095, -10.64 ], [ 30.939357619269948, -10.61 ], [ 30.78, -10.62 ], [ 30.73419141781935, -10.551883724656868 ], [ 30.675026562812644, -10.494982291458237 ], [ 30.648860082177269, -10.416619315092415 ], [ 30.6, -10.35 ], [ 30.6825, -10.187599020378215 ], [ 30.805, -10.06 ], [ 30.908432404812181, -9.916313756715935 ], [ 31.05, -9.81 ], [ 30.999434298180244, -9.770565701819759 ], [ 30.96, -9.72 ], [ 30.995, -9.581327479441038 ], [ 31.07, -9.463528053298999 ], [ 31.085591632503593, -9.31697231130091 ], [ 31.14, -9.18 ], [ 31.178701827915145, -9.146605763832538 ], [ 31.22533997971308, -9.125679959426158 ], [ 31.27591581417154, -9.116451250590272 ], [ 31.32, -9.09 ], [ 31.304493003856908, -9.0 ], [ 31.32, -8.91 ], [ 31.4175, -8.794296181011935 ], [ 31.475, -8.653687085560662 ], [ 31.5125, -8.503111539669801 ], [ 31.59, -8.37 ], [ 31.738641137452223, -8.411643655532222 ], [ 31.874461712165719, -8.485 ], [ 32.0169879697374, -8.5425 ], [ 32.13, -8.64 ], [ 32.268454903747276, -8.58 ], [ 32.375, -8.48 ], [ 32.490647450005525, -8.393476136255659 ], [ 32.58, -8.28 ], [ 32.753986645127839, -8.241395879285436 ], [ 32.915, -8.165 ], [ 33.048359747397853, -8.0675 ], [ 33.21, -8.01 ], [ 33.15, -7.851964652672302 ], [ 33.05, -7.72 ], [ 32.934623173926283, -7.607301460858977 ], [ 32.85, -7.47 ], [ 32.942711003014765, -7.377017963594493 ], [ 33.005, -7.261427868739045 ], [ 33.082188611894146, -7.150092264964297 ], [ 33.12, -7.02 ], [ 33.057886897910421, -6.967618766528633 ], [ 33.01, -6.901978260134421 ], [ 32.990070843676065, -6.819047617140351 ], [ 32.94, -6.75 ], [ 33.046440992558011, -6.609262172706853 ], [ 33.185, -6.5 ], [ 33.3075, -6.371015823289231 ], [ 33.39, -6.21 ], [ 33.402271931999486, -6.12 ], [ 33.39, -6.03 ], [ 33.488829105103981, -5.920095324573866 ], [ 33.55, -5.785542913544564 ], [ 33.630703975691482, -5.663995791899425 ], [ 33.75, -5.58 ], [ 33.678902581674912, -5.456885667268406 ], [ 33.64, -5.320142949160775 ], [ 33.585, -5.185554245539834 ], [ 33.57, -5.04 ], [ 33.57, -4.95 ], [ 33.406978291468114, -4.9575 ], [ 33.248646101549802, -4.925 ], [ 33.088607550769744, -4.9125 ], [ 32.94, -4.86 ], [ 32.872436165159243, -4.789966716172177 ], [ 32.825, -4.705 ], [ 32.738124651603457, -4.660136339143166 ], [ 32.67, -4.59 ], [ 32.531964609831789, -4.516242495553613 ], [ 32.380991118908511, -4.475 ], [ 32.242182334616423, -4.4175 ], [ 32.13, -4.32 ], [ 32.112725774348171, -4.214971723481614 ], [ 32.06, -4.122509133967378 ], [ 32.018298417808012, -4.032253067048462 ], [ 31.95, -3.96 ], [ 31.812389746032625, -3.925 ], [ 31.692806777230956, -3.85 ], [ 31.546788467379514, -3.833644728598821 ], [ 31.41, -3.78 ], [ 31.358838279336691, -3.741161720663311 ], [ 31.32, -3.69 ], [ 31.201668108735991, -3.695668077873221 ], [ 31.087238949006238, -3.665 ], [ 30.985084946647241, -3.6125 ], [ 30.87, -3.6 ], [ 30.792549884572139, -3.534170221043729 ], [ 30.701001690978988, -3.49 ], [ 30.601526365770226, -3.465844747816315 ], [ 30.51, -3.42 ], [ 30.464465126269161, -3.443537999513661 ], [ 30.414141017567793, -3.453282035135582 ], [ 30.376460497854136, -3.488153559905384 ], [ 30.33, -3.51 ], [ 30.167065857859612, -3.5025 ], [ 30.00733908350378, -3.535 ], [ 29.847571629747247, -3.5475 ], [ 29.7, -3.6 ], [ 29.653471787768556, -3.577861065336198 ], [ 29.602570029843442, -3.569859940313116 ], [ 29.556334478491213, -3.54675867627738 ], [ 29.52, -3.51 ], [ 29.357827762647766, -3.562952999692224 ], [ 29.18808308813707, -3.58 ], [ 29.029030764993347, -3.615 ], [ 28.89, -3.69 ], [ 28.9425, -3.791984824869342 ], [ 28.955, -3.906130771209496 ], [ 28.949042117593493, -4.025038484257141 ], [ 28.98, -4.14 ], [ 29.094137738305925, -4.232804713219053 ], [ 29.225, -4.3 ], [ 29.343581282178249, -4.383516685767296 ], [ 29.43, -4.5 ], [ 29.444818745841484, -4.59 ], [ 29.43, -4.68 ], [ 29.546367584248323, -4.765785726145467 ], [ 29.635, -4.88 ], [ 29.770497964219803, -4.940096867288425 ], [ 29.88, -5.04 ], [ 29.88, -5.13 ], [ 29.837057285907523, -5.212406759323458 ], [ 29.815, -5.302675396259088 ], [ 29.78810000725861, -5.394415901358882 ], [ 29.79, -5.49 ], [ 29.76, -5.600531840214642 ], [ 29.77, -5.715 ], [ 29.8, -5.82551455350161 ], [ 29.79, -5.94 ], [ 29.722512793543114, -6.033726079424421 ], [ 29.675, -6.138995426574276 ], [ 29.588705192679811, -6.211030903272835 ], [ 29.52, -6.3 ], [ 29.52, -6.39 ], [ 29.416639803082358, -6.53375700702071 ], [ 29.275, -6.64 ], [ 29.1925, -6.805 ], [ 29.07, -6.93 ], [ 29.00144725177627, -7.022822238027285 ], [ 28.955, -7.12845414591431 ], [ 28.866366819613415, -7.198545010147883 ], [ 28.8, -7.29 ], [ 28.618027970445954, -7.3225 ], [ 28.432423911076842, -7.315 ], [ 28.26203957914667, -7.3675 ], [ 28.08, -7.38 ], [ 28.042557891491072, -7.344712745269348 ], [ 27.995213422800315, -7.324573154399364 ], [ 27.944530784996058, -7.315757585596339 ], [ 27.9, -7.29 ], [ 27.876482667997994, -7.221377715782761 ], [ 27.873274576798952, -7.148908474400347 ], [ 27.85324410577924, -7.078757044202554 ], [ 27.81, -7.02 ], [ 27.61475125758135, -6.8975 ], [ 27.385, -6.815 ], [ 27.1725, -6.7125 ], [ 27.0, -6.57 ], [ 26.908956926131072, -6.636880147189479 ], [ 26.845, -6.73 ], [ 26.773759000590996, -6.822098925339822 ], [ 26.73, -6.93 ], [ 26.64, -6.93 ], [ 26.454273468167141, -7.035 ], [ 26.305, -7.18 ], [ 26.139641768072881, -7.306833867522409 ], [ 26.01, -7.47 ], [ 26.01, -7.56 ], [ 25.885, -7.7275 ], [ 25.72, -7.855 ], [ 25.575, -8.0025 ], [ 25.47, -8.19 ], [ 25.519793738771302, -8.230206261228698 ], [ 25.56, -8.28 ], [ 25.545, -8.472567578309665 ], [ 25.49, -8.655743584096268 ], [ 25.415, -8.820526762360997 ], [ 25.38, -9.0 ], [ 25.308799195104402, -9.042849676212168 ], [ 25.230259337150084, -9.07 ], [ 25.178551020433794, -9.134206783567645 ], [ 25.11, -9.18 ], [ 25.096642397541714, -9.27 ], [ 25.11, -9.36 ], [ 25.017871147820358, -9.450296918256285 ], [ 24.95, -9.56 ], [ 24.835334838236587, -9.621668547795732 ], [ 24.75, -9.72 ], [ 24.7825, -9.9020794217752 ], [ 24.775, -10.088977751965851 ], [ 24.788222031813362, -10.268058643822853 ], [ 24.84, -10.44 ], [ 24.93, -10.44 ], [ 24.877585901505839, -10.613331388316137 ], [ 24.865, -10.793976352208963 ], [ 24.8725, -10.978950884710398 ], [ 24.84, -11.16 ], [ 24.681129348302715, -11.1925 ], [ 24.517801310620506, -11.185 ], [ 24.369677613075087, -11.2375 ], [ 24.21, -11.25 ], [ 24.136699305922171, -11.246299570720963 ], [ 24.066463893086173, -11.225 ], [ 23.998135442919992, -11.202415749066224 ], [ 23.94, -11.16 ], [ 23.915750192038939, -11.114523843468991 ], [ 23.879790069013822, -11.077604965493091 ], [ 23.878511252808909, -11.02839513873648 ], [ 23.879658183490609, -11.024610267486867 ], [ 23.881722658717671, -11.022889871464315 ], [ 23.888145470535196, -11.020940089305423 ], [ 23.890095252694088, -11.018875614078361 ], [ 23.89215972792115, -11.01807276260117 ], [ 23.892847886330173, -11.015549515101428 ], [ 23.891860545931767, -11.012116379344578 ], [ 23.889751173489579, -11.009126703283902 ], [ 23.887219452649802, -11.005949020486664 ], [ 23.884131213149242, -11.003736129079908 ], [ 23.881301280008376, -11.001899744468838 ], [ 23.877937787468056, -11.001442267716506 ], [ 23.876395426371399, -11.000887425464382 ], [ 23.874611688491125, -11.000983495443824 ], [ 23.870570698561149, -10.999999699568168 ], [ 23.86603862424889, -10.999002954702243 ], [ 23.862160663754903, -10.997959487420728 ], [ 23.860260618854237, -10.995903701134758 ], [ 23.858921242940649, -10.993256097584643 ], [ 23.853393470879656, -10.989628881694983 ], [ 23.85, -10.98 ], [ 23.8825, -10.798074958632441 ], [ 23.875, -10.612853604132447 ], [ 23.9275, -10.440486171428478 ], [ 23.94, -10.26 ], [ 23.8425, -10.172624719384205 ], [ 23.785, -10.055 ], [ 23.714521889634018, -9.938591766090155 ], [ 23.67, -9.81 ], [ 23.581030535256623, -9.7907251826904 ], [ 23.49, -9.79 ], [ 23.401950328776252, -9.817552958986267 ], [ 23.31, -9.81 ], [ 23.22, -9.81 ], [ 23.060099008862078, -9.8225 ], [ 22.910585483401317, -9.875 ], [ 22.748052062900843, -9.8675 ], [ 22.59, -9.9 ], [ 22.59, -9.81 ], [ 22.539399482089998, -9.849399482089996 ], [ 22.5, -9.9 ], [ 22.276665544255469, -9.8175 ], [ 22.075, -9.695 ], [ 21.902376856766676, -9.5525 ], [ 21.69, -9.45 ], [ 21.7, -9.335702472830139 ], [ 21.67, -9.225 ], [ 21.665638373400963, -9.111223410968975 ], [ 21.69, -9.0 ], [ 21.730063848899398, -8.908653752033288 ], [ 21.8, -8.837532842481574 ], [ 21.845870907893925, -8.742618760644273 ], [ 21.87, -8.64 ], [ 21.842843199532499, -8.551906311163057 ], [ 21.85, -8.46 ], [ 21.873271231151953, -8.371474581239108 ], [ 21.87, -8.28 ], [ 21.896235012256913, -8.211722228345828 ], [ 21.895738002850162, -8.138579334283387 ], [ 21.935932642634189, -8.078319752468273 ], [ 21.96, -8.01 ], [ 21.9475, -7.872687785791125 ], [ 21.895, -7.747673337731723 ], [ 21.864076271897865, -7.610495428062246 ], [ 21.87, -7.47 ], [ 21.867070651625912, -7.400584540981615 ], [ 21.89, -7.335 ], [ 21.869187776156398, -7.269101810939793 ], [ 21.87, -7.2 ], [ 21.75405654189051, -7.088748607805902 ], [ 21.665, -6.955 ], [ 21.562093059721494, -6.8325 ], [ 21.42, -6.75 ], [ 21.331062403046545, -6.730438372581103 ], [ 21.24, -6.73 ], [ 21.148518432492178, -6.726665892429605 ], [ 21.06, -6.75 ], [ 20.956570855725111, -6.702556546019397 ], [ 20.865294063478913, -6.634607915361446 ], [ 20.772412397960437, -6.568245986111791 ], [ 20.7, -6.48 ], [ 20.654370680393619, -6.374098287051983 ], [ 20.635, -6.260423380611934 ], [ 20.640933469483709, -6.143211733809066 ], [ 20.61, -6.03 ], [ 20.573631540565465, -5.976368459434532 ], [ 20.52, -5.94 ], [ 20.496023161479187, -5.871077900723827 ], [ 20.495, -5.79811148588333 ], [ 20.452749606163245, -5.739002806001772 ], [ 20.43, -5.67 ], [ 20.422310879861758, -5.511376881261064 ], [ 20.45, -5.355 ], [ 20.42, -5.19901834130828 ], [ 20.43, -5.04 ], [ 20.460627442747562, -4.982558912318999 ], [ 20.50902435568894, -4.93902435568894 ], [ 20.5526380546663, -4.890728569159052 ], [ 20.61, -4.86 ], [ 20.686134187670458, -4.791253258450748 ], [ 20.780400730195083, -4.750801460390171 ], [ 20.880432384149447, -4.7294115568981 ], [ 20.97, -4.68 ], [ 21.014900404581915, -4.63265721506458 ], [ 21.073039888394241, -4.603039888394241 ], [ 21.117083924489616, -4.555675660502288 ], [ 21.15, -4.5 ], [ 21.240876136853277, -4.407126503580146 ], [ 21.355, -4.345 ], [ 21.483605307652269, -4.300506959780922 ], [ 21.6, -4.23 ], [ 21.6, -4.14 ], [ 21.776989400373701, -4.079868432032436 ], [ 21.935, -3.98 ], [ 22.101532377840694, -3.9 ], [ 22.23, -3.78 ], [ 22.23, -3.69 ], [ 22.4175, -3.585 ], [ 22.565, -3.44 ], [ 22.728810072965725, -3.311591281120306 ], [ 22.86, -3.15 ], [ 22.837948701368457, -3.061339033181282 ], [ 22.84, -2.97 ], [ 22.832764695796893, -2.878084966199654 ], [ 22.86, -2.79 ], [ 22.86, -2.7 ], [ 22.830014494064176, -2.543768921011798 ], [ 22.84, -2.385 ], [ 22.87, -2.228786942048502 ], [ 22.86, -2.07 ], [ 22.823375176680738, -2.01662482331926 ], [ 22.77, -1.98 ], [ 22.935, -1.8075 ], [ 23.06, -1.595 ], [ 23.205, -1.397267400667725 ], [ 23.31, -1.17 ], [ 23.379246979422785, -1.194077035590084 ], [ 23.452554522954699, -1.195 ], [ 23.512103675317942, -1.235683148908852 ], [ 23.58, -1.26 ], [ 23.672959838974663, -1.145963568309987 ], [ 23.74, -1.015 ], [ 23.827736035378482, -0.900535156466811 ], [ 23.94, -0.81 ], [ 23.8175, -0.68229011331261 ], [ 23.735, -0.52 ], [ 23.630003275332822, -0.377846790173833 ], [ 23.49, -0.27 ], [ 23.49, -0.18 ], [ 23.3625, -0.0375 ], [ 23.195, 0.065 ], [ 23.016923834816446, 0.15021699835859 ], [ 22.86, 0.27 ], [ 22.857901664948347, 0.339292345933578 ], [ 22.88, 0.405 ], [ 22.879303075195764, 0.473878233362336 ], [ 22.86, 0.54 ], [ 22.814380299008072, 0.60798622552874 ], [ 22.75, 0.658567458015397 ], [ 22.706955149958443, 0.730564980741779 ], [ 22.68, 0.81 ], [ 22.669719995643426, 0.9 ], [ 22.68, 0.99 ], [ 22.635613490950902, 1.071218724026436 ], [ 22.615, 1.161450244621323 ], [ 22.613408182758256, 1.257171449135158 ], [ 22.59, 1.35 ], [ 22.531168141264622, 1.378746765113934 ], [ 22.48206706204089, 1.422067062040892 ], [ 22.455925744046915, 1.48263858359643 ], [ 22.41, 1.53 ], [ 22.270393303859681, 1.526990088272306 ], [ 22.133592229226359, 1.555 ], [ 22.006263887562575, 1.605618003560142 ], [ 21.87, 1.62 ], [ 21.731151468700919, 1.728978439326898 ], [ 21.625, 1.87 ], [ 21.5025, 1.996729877040051 ], [ 21.42, 2.16 ], [ 21.456095220281465, 2.19682440321447 ], [ 21.480446791341066, 2.242276604329468 ], [ 21.487491113309332, 2.293476675206958 ], [ 21.51, 2.34 ], [ 21.48592842646136, 2.454263841476739 ], [ 21.485, 2.571032005571039 ], [ 21.440020206947779, 2.676811413215204 ], [ 21.42, 2.79 ], [ 21.462458957713537, 2.902946028212718 ], [ 21.53, 3.002934907524399 ], [ 21.549684362199915, 3.12598981778809 ], [ 21.6, 3.24 ], [ 21.522838847314866, 3.328694837206048 ], [ 21.485, 3.44 ], [ 21.392260355989571, 3.505236594864896 ], [ 21.33, 3.6 ], [ 21.437235272027653, 3.760177485943135 ], [ 21.575, 3.895 ], [ 21.6575, 4.081022841811435 ], [ 21.78, 4.23 ], [ 21.789852126327464, 4.32 ], [ 21.78, 4.41 ], [ 21.755971310018637, 4.489506966016622 ], [ 21.704277038336912, 4.55451802555794 ], [ 21.641868808307866, 4.608724758852216 ], [ 21.6, 4.68 ], [ 21.595610880521026, 4.771598791053218 ], [ 21.62, 4.86 ], [ 21.598917834805285, 4.948768648311698 ], [ 21.6, 5.04 ], [ 21.6, 5.13 ], [ 21.617368705085621, 5.264960727039944 ], [ 21.665, 5.392425739903402 ], [ 21.662028612233282, 5.532606315777814 ], [ 21.69, 5.67 ], [ 21.713712418980698, 5.715115645309153 ], [ 21.725686476738495, 5.764656761630752 ], [ 21.7450125926112, 5.81231190345477 ], [ 21.78, 5.85 ], [ 21.853206214666386, 5.849504997143108 ], [ 21.921831280953686, 5.875 ], [ 21.982503053719348, 5.914229028820655 ], [ 22.05, 5.94 ], [ 22.049594237538496, 6.034795813974706 ], [ 22.075, 6.126124660589846 ], [ 22.094298816043022, 6.217997342701596 ], [ 22.14, 6.3 ], [ 22.232538181914418, 6.341511652961243 ], [ 22.307343788412187, 6.41 ], [ 22.407257370363595, 6.435131939239387 ], [ 22.5, 6.48 ], [ 22.508209585562657, 6.594118629827792 ], [ 22.48, 6.705 ], [ 22.47297672336919, 6.819013180144961 ], [ 22.5, 6.93 ], [ 22.372312370556337, 6.978211481630864 ], [ 22.236862662823345, 6.995 ], [ 22.100752661400453, 7.0275 ], [ 21.96, 7.02 ], [ 21.870126794128055, 7.115515942541202 ], [ 21.805, 7.22935349829429 ], [ 21.767269930519397, 7.359124391201425 ], [ 21.69, 7.47 ], [ 21.621342813806454, 7.515979445681185 ], [ 21.569100232841539, 7.58 ], [ 21.500663288979808, 7.628021077885045 ], [ 21.42, 7.65 ], [ 21.382119869429893, 7.702119869429894 ], [ 21.33, 7.74 ], [ 21.282284396806183, 7.759789717456518 ], [ 21.245557786772924, 7.796115573545853 ], [ 21.199593548789107, 7.818175313382587 ], [ 21.15, 7.83 ], [ 21.10232562858393, 7.873913088365354 ], [ 21.046019433149464, 7.906019433149464 ], [ 21.015536389348604, 7.963512412079302 ], [ 20.97, 8.01 ], [ 20.897148774882751, 8.011101659897973 ], [ 20.82855998188224, 8.035679945646717 ], [ 20.769018155419214, 8.077310399202556 ], [ 20.7, 8.1 ], [ 20.63345288453014, 8.051403035449976 ], [ 20.578499715573621, 7.99 ], [ 20.510396467452853, 7.941960431612149 ], [ 20.43, 7.92 ], [ 20.239962417317052, 7.995 ], [ 20.03573183991433, 8.03 ], [ 19.823169803783156, 8.045 ], [ 19.62, 8.1 ], [ 19.53, 8.1 ], [ 19.52, 7.918870214972065 ], [ 19.55, 7.74 ], [ 19.56, 7.558725352757511 ], [ 19.53, 7.38 ], [ 19.3625, 7.255 ], [ 19.235, 7.09 ], [ 19.050813393657808, 6.985 ], [ 18.9, 6.84 ], [ 18.862087442733802, 6.892087442733803 ], [ 18.81, 6.93 ], [ 18.757248947934023, 6.892751052065977 ], [ 18.72, 6.84 ], [ 18.561450571988477, 6.8525 ], [ 18.413364473243472, 6.905 ], [ 18.249828464385914, 6.8975 ], [ 18.09, 6.93 ], [ 17.987490961672684, 6.8075 ], [ 17.845, 6.725 ], [ 17.7225, 6.622061183669234 ], [ 17.64, 6.48 ], [ 17.548359789589018, 6.484761893698837 ], [ 17.46, 6.46 ], [ 17.368890943349832, 6.460018490148475 ], [ 17.28, 6.48 ], [ 17.144385211078529, 6.577010695079838 ], [ 16.99, 6.64 ], [ 16.854775681386315, 6.727219601732896 ], [ 16.74, 6.84 ], [ 16.692947276496142, 6.819792944111732 ], [ 16.654536397260607, 6.785927205478781 ], [ 16.604094400486126, 6.77631491863453 ], [ 16.56, 6.75 ], [ 16.38744628678846, 6.789605471815396 ], [ 16.227261885361134, 6.865 ], [ 16.08970139161444, 6.9625 ], [ 15.93, 7.02 ], [ 15.757021379399843, 7.0725 ], [ 15.575015122106803, 7.085 ], [ 15.390888002174243, 7.0775 ], [ 15.21, 7.11 ], [ 15.157562511146315, 7.147562511146316 ], [ 15.12, 7.2 ], [ 15.170385346904128, 7.372215263070133 ], [ 15.185, 7.551053715120724 ], [ 15.2175, 7.73329223722621 ], [ 15.21, 7.92 ], [ 15.12, 7.92 ], [ 15.105, 8.089414288743942 ], [ 15.05, 8.244895511513482 ], [ 14.97723540673643, 8.391043047426535 ], [ 14.94, 8.55 ], [ 15.003858808886438, 8.62652707916136 ], [ 15.05, 8.714874868041358 ], [ 15.066357585032929, 8.819125291369428 ], [ 15.12, 8.91 ], [ 15.12, 9.0 ], [ 15.1125, 9.119023028074304 ], [ 15.145, 9.233303210605433 ], [ 15.189052935653882, 9.338186206393942 ], [ 15.21, 9.45 ], [ 15.219376600372092, 9.500525271455109 ], [ 15.245793832516766, 9.544603083741617 ], [ 15.280588761707101, 9.582419100198244 ], [ 15.3, 9.63 ], [ 15.276024186596285, 9.697504331356505 ], [ 15.235, 9.756229883668695 ], [ 15.232091374628924, 9.829782773591333 ], [ 15.21, 9.9 ], [ 15.051057857348916, 9.96 ], [ 14.92, 10.06 ], [ 14.775527622968932, 10.14 ], [ 14.67, 10.26 ] ] ], [ [ [ 1.113030836026218, 26.713462170330004 ], [ 1.114947439511907, 26.713249214387151 ], [ 1.114904848323336, 26.7127381201243 ], [ 1.110368886740541, 26.713334396764292 ], [ 1.110454069117683, 26.713909377809998 ], [ 1.111295245091957, 26.713781604244286 ], [ 1.111359131874813, 26.714303346304277 ], [ 1.111110667836091, 26.714331774642559 ], [ 1.111088232971329, 26.71500482058541 ], [ 1.11084144945895, 26.71599195463493 ], [ 1.110603138277692, 26.716770973292107 ], [ 1.110198521986267, 26.717042492119248 ], [ 1.109783257897698, 26.71739386942496 ], [ 1.109793905694841, 26.717894315890671 ], [ 1.109932327057697, 26.718208425906383 ], [ 1.110044128927696, 26.718410734052096 ], [ 1.110006861637696, 26.718535845668519 ], [ 1.109875538806268, 26.718912067834232 ], [ 1.109506415171985, 26.719313134859942 ], [ 1.109201178320559, 26.71963611803994 ], [ 1.109055658426274, 26.719703554088511 ], [ 1.108817857623418, 26.719749694542799 ], [ 1.108509071506278, 26.719710652619941 ], [ 1.108271270703422, 26.719490598145658 ], [ 1.108040568431995, 26.719217304685657 ], [ 1.107947351904681, 26.718886052189198 ], [ 1.107873752943425, 26.718464860354235 ], [ 1.107905696334854, 26.718014103608525 ], [ 1.108081961093251, 26.717338046520634 ], [ 1.108590704617707, 26.716648523624965 ], [ 1.109107122779132, 26.715615687302115 ], [ 1.109293443790387, 26.714915081126364 ], [ 1.109075179387703, 26.714391190630696 ], [ 1.108732572171343, 26.714084991130179 ], [ 1.10729533864753, 26.713553565271109 ], [ 1.105780985276109, 26.714613612631105 ], [ 1.103963761230403, 26.715471746208244 ], [ 1.103527683546611, 26.716979088684447 ], [ 1.102348450967553, 26.718399496059657 ], [ 1.102310592133268, 26.720961277179651 ], [ 1.10280275697898, 26.723068752288206 ], [ 1.104632600636114, 26.724242376151064 ], [ 1.104884992864685, 26.72792730268819 ], [ 1.10535191848754, 26.729984299351031 ], [ 1.106424585458963, 26.73159960961388 ], [ 1.107989417276098, 26.732470362802449 ], [ 1.10907470385895, 26.733984716173875 ], [ 1.111447190807511, 26.734994285088156 ], [ 1.113542046304643, 26.734994285088149 ], [ 1.11467781133321, 26.733631367053878 ], [ 1.11433708182464, 26.732419884356734 ], [ 1.11331489329893, 26.73141031544246 ], [ 1.111043363241798, 26.730855052539606 ], [ 1.109541629481806, 26.730362887693886 ], [ 1.109377574533235, 26.729138785385327 ], [ 1.110601676841801, 26.728268032196755 ], [ 1.112002453710365, 26.728381608699618 ], [ 1.113428469801787, 26.729227122665321 ], [ 1.11467781133321, 26.730855052539606 ], [ 1.11705029828177, 26.731915099899599 ], [ 1.119669568742708, 26.730720443351036 ], [ 1.121419488194127, 26.728095564173909 ], [ 1.121492401504607, 26.725706251076772 ], [ 1.120987617047466, 26.722475630551074 ], [ 1.12221592589317, 26.720658406505379 ], [ 1.118828261314142, 26.715588127069218 ], [ 1.115139099860475, 26.713930673404285 ], [ 1.113094722809075, 26.714111685955711 ], [ 1.113030836026218, 26.713462170330004 ] ] ], [ [ [ -3.659721227213912, 29.840860314673968 ], [ -3.654260690044372, 29.841920613153491 ], [ -3.652441615465441, 29.841809613156432 ], [ -3.651805436377728, 29.841491523612575 ], [ -3.651238839377734, 29.840595240054085 ], [ -3.650324331939146, 29.839296374416669 ], [ -3.648800152874833, 29.838487896826035 ], [ -3.647275973810519, 29.83903129979679 ], [ -3.646308451447955, 29.839747001270467 ], [ -3.645354182816385, 29.840184374393271 ], [ -3.644134839564934, 29.839906046042397 ], [ -3.643299854512311, 29.839640971422515 ], [ -3.642961884371962, 29.839226792328951 ], [ -3.642981764968454, 29.838805986369891 ], [ -3.642955257506466, 29.838196314744167 ], [ -3.642332332149746, 29.837891478931304 ], [ -3.641656391869051, 29.837851717738321 ], [ -3.640980451588355, 29.838143299820189 ], [ -3.640344272500642, 29.838063777434225 ], [ -3.63948277998603, 29.837785449083352 ], [ -3.638912869553287, 29.837295061036571 ], [ -3.638952630746269, 29.83645179240208 ], [ -3.638369466582532, 29.835974658086297 ], [ -3.637653765108854, 29.835948150624308 ], [ -3.63726278004453, 29.835782478986886 ], [ -3.636858541249211, 29.83563668794595 ], [ -3.636407914395415, 29.835378240191567 ], [ -3.636076571120564, 29.835305344671099 ], [ -3.63561931740127, 29.835152926764668 ], [ -3.635162063681976, 29.835046896916715 ], [ -3.634436421910053, 29.835089971542445 ], [ -3.633724033869123, 29.835338478998583 ], [ -3.633283347313574, 29.836103881963492 ], [ -3.632587526436386, 29.837078031191556 ], [ -3.632852601056266, 29.83811182220909 ], [ -3.633780362225848, 29.839172120688612 ], [ -3.635079227863263, 29.839675762466388 ], [ -3.636510630810618, 29.839649255004399 ], [ -3.637703466600081, 29.840020359472231 ], [ -3.63908185462346, 29.840258926630124 ], [ -3.640221675488946, 29.840948120641812 ], [ -3.641547048588349, 29.841610807191515 ], [ -3.6427663918398, 29.841928896735372 ], [ -3.644012242553238, 29.841544538536553 ], [ -3.645655705196498, 29.841677075846494 ], [ -3.64687504844795, 29.842551822092098 ], [ -3.648995645406994, 29.842763881788002 ], [ -3.649658331956695, 29.843559105647646 ], [ -3.64973785434266, 29.844672419051143 ], [ -3.649658331956695, 29.846183344384464 ], [ -3.649499287184768, 29.848741314466299 ], [ -3.646530451442106, 29.850967941273293 ], [ -3.641865138132208, 29.854042806863909 ], [ -3.634363526389586, 29.85591158293408 ], [ -3.618167467114883, 29.861040776828762 ], [ -3.60523182566471, 29.863691523027569 ], [ -3.59347122015667, 29.863700404346034 ], [ -3.568863587817094, 29.863903582723474 ], [ -3.545163897444227, 29.859831989677932 ], [ -3.499240622516481, 29.843299610703944 ], [ -3.46525739906995, 29.817582576744407 ], [ -3.452398882090181, 29.786354749793539 ], [ -3.450564436684184, 29.776912226849163 ], [ -3.447465951083548, 29.769025172592997 ], [ -3.445775868028655, 29.759823609294138 ], [ -3.445494187519506, 29.751091513510527 ], [ -3.4466209095561, 29.738697571107981 ], [ -3.451409478211631, 29.728275392269474 ], [ -3.453709869036345, 29.724942172911213 ], [ -3.45718392864918, 29.722360101577351 ], [ -3.458780118201023, 29.71705511865505 ], [ -3.463380899850452, 29.713487165539163 ], [ -3.467089693220911, 29.712501283757142 ], [ -3.469859551560873, 29.711656242229697 ], [ -3.471253812234016, 29.710143833162615 ], [ -3.472958037161509, 29.707853555356188 ], [ -3.475169056657191, 29.706683262285356 ], [ -3.477821319008374, 29.70605177124936 ], [ -3.480498841000998, 29.705849694117841 ], [ -3.481357668809952, 29.70499086630889 ], [ -3.482494352674745, 29.704687750611612 ], [ -3.483555257615218, 29.70337424925674 ], [ -3.484076237719914, 29.701580814714504 ], [ -3.484252002724936, 29.701429958522599 ], [ -3.484268842485896, 29.700952831962066 ], [ -3.484285682246856, 29.70063848975748 ], [ -3.484136229368335, 29.700444130849718 ], [ -3.483621564173997, 29.699989457303793 ], [ -3.483165136486315, 29.699954374468483 ], [ -3.482746949089143, 29.699787380172282 ], [ -3.482575043196012, 29.699870877320389 ], [ -3.482491546047918, 29.700119965451258 ], [ -3.482194043604294, 29.700281346493789 ], [ -3.481831988743656, 29.700246263658457 ], [ -3.481444674241578, 29.700306606135229 ], [ -3.480262031862498, 29.699913678379474 ], [ -3.478822232300427, 29.700191534435312 ], [ -3.478149694347092, 29.699989457303801 ], [ -3.477736067718514, 29.699307446984918 ], [ -3.477695020801175, 29.69837284025165 ], [ -3.478241260547312, 29.697716089574204 ], [ -3.478149694347092, 29.696554146067982 ], [ -3.477442424386777, 29.696377328577903 ], [ -3.477114049048059, 29.695720577900467 ], [ -3.475876326617507, 29.695644798976147 ], [ -3.47532061450583, 29.696554146067982 ], [ -3.474613344545515, 29.696958300331019 ], [ -3.473088293693583, 29.696958300331016 ], [ -3.471001215819617, 29.696554146067982 ], [ -3.470587589191039, 29.695013307940147 ], [ -3.470941224171197, 29.693750325868155 ], [ -3.471067522378396, 29.691729554552968 ], [ -3.473252481362942, 29.691325400289927 ], [ -3.474881728235812, 29.686677626264999 ], [ -3.476967834176525, 29.684175463079306 ], [ -3.492994811153901, 29.664914163666396 ], [ -3.504748728033665, 29.632473353078247 ], [ -3.524495308391668, 29.631062883052675 ], [ -3.54424188874967, 29.638585389855724 ], [ -3.583292596267001, 29.640451399934197 ], [ -3.603481629823679, 29.655040873487394 ], [ -3.636392597087017, 29.664914163666396 ], [ -3.661310900872116, 29.686071214049967 ], [ -3.670914109622796, 29.711182055464231 ], [ -3.67112904357144, 29.71170595696405 ], [ -3.671515253010408, 29.712730251563052 ], [ -3.673496675349464, 29.712333967095262 ], [ -3.672972773849645, 29.709311458442464 ], [ -3.673201141170079, 29.7092577249553 ], [ -3.673738476041688, 29.712273516922206 ], [ -3.675954982387073, 29.711910815883869 ], [ -3.675504964432101, 29.708921890660552 ], [ -3.675760198496115, 29.708881590545182 ], [ -3.676196783079297, 29.711823498967245 ], [ -3.678547623142584, 29.711454081243016 ], [ -3.678090888501716, 29.708579339679908 ], [ -3.678372989309311, 29.708606206423489 ], [ -3.67878606549186, 29.711642148448078 ], [ -3.671505177981566, 29.712928393796961 ], [ -3.671682519870166, 29.713566359033063 ], [ -3.673829151301272, 29.714500098296416 ], [ -3.688214898844155, 29.713566359033063 ], [ -3.698318019328259, 29.738364927494047 ], [ -3.697911311318413, 29.759260313184292 ], [ -3.701361136564406, 29.771604600081059 ], [ -3.700333904912931, 29.790916152617459 ], [ -3.700937017172597, 29.803413554466729 ], [ -3.697544062038125, 29.806382390209393 ], [ -3.696695823254508, 29.812532121390621 ], [ -3.688849614506042, 29.819530091355471 ], [ -3.685867525032384, 29.826793135940186 ], [ -3.681520301266342, 29.832624777577557 ], [ -3.674522331301495, 29.837078031191552 ], [ -3.666464062857126, 29.840683046021926 ], [ -3.659721227213912, 29.840860314673968 ] ] ], [ [ [ -6.32426081293538, 30.139251638924794 ], [ -6.284063692363505, 30.143648198987343 ], [ -6.25517201195247, 30.159350199210731 ], [ -6.217487211416337, 30.183845319559218 ], [ -6.17917433087127, 30.183845319559218 ], [ -6.154679210522783, 30.217761640041736 ], [ -6.122167653091675, 30.232981841367341 ], [ -6.116366329977715, 30.259843000640419 ], [ -6.124531370093877, 30.286850441024647 ], [ -6.148398410433427, 30.302552441248036 ], [ -6.165984650683624, 30.336468761730558 ], [ -6.182314730915946, 30.367872762177331 ], [ -6.213718731362725, 30.394252122552629 ], [ -6.273779898058238, 30.390008809368421 ], [ -6.302906092631571, 30.37101316222201 ], [ -6.336822413114092, 30.365360442141593 ], [ -6.349384013292802, 30.347146121882457 ], [ -6.346871693257059, 30.327047561596522 ], [ -6.377019533685966, 30.298783961194424 ], [ -6.414076254213162, 30.293759321122938 ], [ -6.448620654704619, 30.267379960747647 ], [ -6.523794438106099, 30.260824491974041 ], [ -6.581773616598954, 30.248537560479583 ], [ -6.6144337770636, 30.277429240890619 ], [ -6.608152976974247, 30.31637020144462 ], [ -6.580517456581081, 30.335212601712691 ], [ -6.529014895848366, 30.375409722284566 ], [ -6.495098575365847, 30.381690522373919 ], [ -6.46369457491907, 30.411838362802825 ], [ -6.447364494686745, 30.436961563160249 ], [ -6.454901454793973, 30.470877883642768 ], [ -6.426009774382937, 30.497257244018062 ], [ -6.415, 30.53826759809979 ], [ -6.380788013739578, 30.550015964768647 ], [ -6.361945613471512, 30.576395325143938 ], [ -6.33682241311409, 30.636691006001751 ], [ -6.284063692363504, 30.664326526394913 ], [ -6.256428171970341, 30.707035967002529 ], [ -6.248891211863114, 30.735927647413565 ], [ -6.257684331988211, 30.769843967896087 ], [ -6.219999531452078, 30.807528768432217 ], [ -6.177290090844462, 30.808784928450088 ], [ -6.128299850147489, 30.831395808771767 ], [ -6.084334249522001, 30.820090368610927 ], [ -6.041624808914384, 30.833908128807511 ], [ -5.992634568217412, 30.831395808771767 ], [ -5.948668967591924, 30.861543649200673 ], [ -5.923545767234502, 30.85651900912919 ], [ -5.917264967145146, 30.825115008682413 ], [ -5.916008807127275, 30.79999180832499 ], [ -5.921033447198761, 30.77047204790501 ], [ -5.951181287627668, 30.741580367493974 ], [ -5.991378408199541, 30.713316767091886 ], [ -6.056698729128837, 30.689449726752336 ], [ -6.083078089504131, 30.65930188632343 ], [ -6.116994409986649, 30.64799644616259 ], [ -6.148398410433427, 30.616592445715813 ], [ -6.160070714333315, 30.576816754059365 ], [ -6.150910730469169, 30.537454364589934 ], [ -6.109457449879423, 30.517355804303996 ], [ -6.046649448985868, 30.523636604393353 ], [ -5.998915368306768, 30.556296764858001 ], [ -5.991378408199541, 30.590213085340519 ], [ -5.966255207842119, 30.612823965662198 ], [ -5.933595047377472, 30.642343726082164 ], [ -5.895910246841338, 30.659301886323423 ], [ -5.885860966698369, 30.698242846877427 ], [ -5.878324006591143, 30.739696127467173 ], [ -5.864192206390098, 30.776438807989912 ], [ -5.832160125934386, 30.825429048686885 ], [ -5.82587932584503, 30.855576889115792 ], [ -5.804524605541221, 30.883212409508957 ], [ -5.780657565201671, 30.897030169705538 ], [ -5.763699404960411, 30.899542489741279 ], [ -5.756162444853184, 30.891377449625118 ], [ -5.749253564754894, 30.878815849446408 ], [ -5.73857620460299, 30.8769316094196 ], [ -5.717221484299181, 30.879443929455341 ], [ -5.698379084031115, 30.88258432950002 ], [ -5.673255883673693, 30.878815849446408 ], [ -5.665718923566466, 30.856204969124725 ], [ -5.667917203597738, 30.836734488847725 ], [ -5.659124083472641, 30.821032488624336 ], [ -5.658810043468176, 30.805958568409885 ], [ -5.657396863448068, 30.793553988233402 ], [ -5.659752163481576, 30.77957920803459 ], [ -5.653785403396689, 30.774868607967569 ], [ -5.650016923343075, 30.766703567851405 ], [ -5.649859903340841, 30.754298987674929 ], [ -5.652843283383287, 30.745191827545369 ], [ -5.649388843334142, 30.719283527176778 ], [ -5.637455323164366, 30.709234247033809 ], [ -5.62426564297672, 30.684739126685322 ], [ -5.617042722873963, 30.677045146575864 ], [ -5.603539002681847, 30.687251446721067 ], [ -5.601026682646101, 30.70892020702934 ], [ -5.590349322494196, 30.718969487172309 ], [ -5.591919522516537, 30.745662887552072 ], [ -5.59851436261036, 30.757910447726314 ], [ -5.600084562632701, 30.77157118792066 ], [ -5.604167082690779, 30.798735648307122 ], [ -5.596630122583552, 30.813809568521577 ], [ -5.582812362386971, 30.822602688646676 ], [ -5.57213500223507, 30.799677768320525 ], [ -5.558317242038486, 30.75791044772631 ], [ -5.536962521734677, 30.732787247368886 ], [ -5.547011801877646, 30.707664047011466 ], [ -5.543243321824033, 30.676260046564689 ], [ -5.552350481953598, 30.657731686301087 ], [ -5.559573402056357, 30.637319086010685 ], [ -5.580614082355696, 30.607171245581778 ], [ -5.612960202815877, 30.592097325367327 ], [ -5.646562483293929, 30.56760220501884 ], [ -5.678280523745174, 30.554412524831196 ], [ -5.702461604089192, 30.533057804527385 ], [ -5.715023204267903, 30.4997695640538 ], [ -5.730097124482356, 30.471505963651701 ], [ -5.743286804670002, 30.458316283464058 ], [ -5.751451844786164, 30.439473883195991 ], [ -5.778459285170392, 30.418119162892182 ], [ -5.807350965581428, 30.390483642499017 ], [ -5.831846085929913, 30.373525482257751 ], [ -5.85413886288293, 30.330446855988701 ], [ -5.890885606769855, 30.26800804075658 ], [ -5.894654086823469, 30.246653320452765 ], [ -5.894654086823468, 30.22404244013109 ], [ -5.917264967145149, 30.185101479577082 ], [ -5.951603877504292, 30.165297803435838 ], [ -5.97065176790467, 30.144276278996273 ], [ -5.975676407976154, 30.110359958513754 ], [ -5.983841448092316, 30.06576627787933 ], [ -6.012733128503351, 30.041271157530844 ], [ -6.020898168619514, 30.018032197200228 ], [ -6.037856328860773, 30.001702116967905 ], [ -6.070516489325422, 29.98662819675345 ], [ -6.110713609897296, 29.981603556681971 ], [ -6.150282650460236, 29.987256276762388 ], [ -6.180671286095299, 30.009420073566421 ], [ -6.211834491335919, 30.031849957396808 ], [ -6.252159870881769, 30.032941587488725 ], [ -6.28908833243499, 30.020544517235976 ], [ -6.322891562306588, 30.032105063906073 ], [ -6.363201773489385, 30.039386917504039 ], [ -6.39, 30.06 ], [ -6.396490013962968, 30.09026139822782 ], [ -6.380159933730644, 30.119153078638856 ], [ -6.350640173310673, 30.132970838835437 ], [ -6.32426081293538, 30.139251638924794 ] ] ], [ [ [ -5.50043623834981, 33.891155057508719 ], [ -5.503771325856049, 33.891030381340258 ], [ -5.504176523403536, 33.890375831455856 ], [ -5.504140727706737, 33.889318762613556 ], [ -5.504078389622508, 33.888983695410829 ], [ -5.503945921193522, 33.888929149587128 ], [ -5.503829037285593, 33.888773304376556 ], [ -5.503704361117135, 33.888742135334439 ], [ -5.503548515906564, 33.888547328821225 ], [ -5.50362643851185, 33.88839927587118 ], [ -5.503774491461893, 33.888352522308011 ], [ -5.503983421447314, 33.888254632035121 ], [ -5.504803069851667, 33.888266807442193 ], [ -5.505161513835983, 33.888251222921141 ], [ -5.505410866172898, 33.888329145526427 ], [ -5.505543334601884, 33.888695381771271 ], [ -5.505558919122942, 33.88906941027664 ], [ -5.505535542341356, 33.889474607824127 ], [ -5.505582295904527, 33.889872013111088 ], [ -5.505551126862413, 33.890651239163944 ], [ -5.505666549721492, 33.891496212414999 ], [ -5.506102916311093, 33.89317934068918 ], [ -5.506196423437435, 33.895049483216056 ], [ -5.506757466195494, 33.896296244900633 ], [ -5.506788635237609, 33.897730020837876 ], [ -5.507069156616639, 33.899194965817259 ], [ -5.507069156616639, 33.901345629723146 ], [ -5.50672629715338, 33.903683307881742 ], [ -5.506196423437436, 33.905896309871842 ], [ -5.505105506963432, 33.907828790482952 ], [ -5.504005093671906, 33.908477252663772 ], [ -5.503381712829619, 33.909287647758745 ], [ -5.503070022408474, 33.910129211895836 ], [ -5.502321965397729, 33.910659085611783 ], [ -5.501199879881612, 33.911469480706756 ], [ -5.499594674212721, 33.912162991893815 ], [ -5.49690804888735, 33.912504146800096 ], [ -5.494165173181284, 33.913158696684498 ], [ -5.490830085675045, 33.912878175305465 ], [ -5.490142662191533, 33.912283771931996 ], [ -5.489067330238587, 33.91220584932671 ], [ -5.487806688589949, 33.912379470631635 ], [ -5.484220544189802, 33.910437006186719 ], [ -5.483160796757913, 33.909392843275889 ], [ -5.482163387410253, 33.908411018449279 ], [ -5.481462083962679, 33.908286342280824 ], [ -5.481011837409014, 33.908015804735626 ], [ -5.480714026951934, 33.907600623354305 ], [ -5.480417921051847, 33.906946073469904 ], [ -5.479950385420131, 33.906385030711846 ], [ -5.479546892429637, 33.905522281366487 ], [ -5.478995102980955, 33.904225357004755 ], [ -5.478605489954525, 33.90238638352001 ], [ -5.478278215012324, 33.900672086203713 ], [ -5.478206623618719, 33.898789768269779 ], [ -5.478730166122983, 33.897711027202853 ], [ -5.479328709134837, 33.897044301911357 ], [ -5.480210695623416, 33.895809715633874 ], [ -5.480163942060243, 33.895385037435048 ], [ -5.480220435949076, 33.895191204954401 ], [ -5.480304202749758, 33.895014905059938 ], [ -5.480421086657687, 33.894946722780311 ], [ -5.48056913960773, 33.89489412502175 ], [ -5.480841868726231, 33.894948670845444 ], [ -5.481129938857648, 33.894895342562442 ], [ -5.481417034956501, 33.894644285668555 ], [ -5.481683189355178, 33.894458975972839 ], [ -5.481831242305222, 33.894116116509586 ], [ -5.481862411347336, 33.893734295743684 ], [ -5.482018500066049, 33.893456452954219 ], [ -5.482649429660724, 33.893290136893555 ], [ -5.483193670357021, 33.892961157394375 ], [ -5.484010153155531, 33.892277143024842 ], [ -5.484820548250505, 33.890905705171811 ], [ -5.486316662271995, 33.889908295824149 ], [ -5.487900195716292, 33.889750746056606 ], [ -5.493946989886482, 33.888878012877406 ], [ -5.494537497129664, 33.888957640039663 ], [ -5.495090747627194, 33.889214784637105 ], [ -5.495799843335297, 33.889066731687059 ], [ -5.49644660095917, 33.88912127751076 ], [ -5.49855051130189, 33.889105692989709 ], [ -5.499150515362593, 33.889300499502923 ], [ -5.499282983791578, 33.890344662413746 ], [ -5.499625843254836, 33.89081219804546 ], [ -5.50043623834981, 33.891155057508719 ] ] ], [ [ [ -5.768450003181019, 39.000415412953508 ], [ -5.767971457797163, 39.00219908211151 ], [ -5.767115876656331, 39.003562211386736 ], [ -5.766318301016573, 39.004055258145854 ], [ -5.765230697871447, 39.004330784275957 ], [ -5.763592042466125, 39.004185770523272 ], [ -5.762837970952171, 39.004171269148003 ], [ -5.762098400813486, 39.004432293902838 ], [ -5.758850092753377, 39.005592403924304 ], [ -5.756993916719029, 39.00907273398871 ], [ -5.758270037742643, 39.013365141068135 ], [ -5.760474246783432, 39.017135498637913 ], [ -5.760474246783432, 39.019803751687284 ], [ -5.762910477828513, 39.019165691175473 ], [ -5.766970862903648, 39.019513724181913 ], [ -5.773293462520644, 39.029447166240722 ], [ -5.774685594546404, 39.036059793363087 ], [ -5.776541770580752, 39.037219903384553 ], [ -5.777759886103293, 39.040917754077995 ], [ -5.779558056636566, 39.042788431487594 ], [ -5.780254122649446, 39.047312860571317 ], [ -5.7818782766795, 39.050329146627135 ], [ -5.784314507724582, 39.053113410678655 ], [ -5.784430518726729, 39.057869861766669 ], [ -5.786866749771809, 39.061466202833216 ], [ -5.789535002821184, 39.062394290850392 ], [ -5.790463090838357, 39.065178554901912 ], [ -5.790274572959869, 39.066411171799714 ], [ -5.790466716182175, 39.067023854904811 ], [ -5.789988170798321, 39.067922940171449 ], [ -5.789016578655342, 39.068430488305843 ], [ -5.78816099751451, 39.069271568071407 ], [ -5.787363421874751, 39.070388173967068 ], [ -5.786855873740359, 39.071838311493899 ], [ -5.787102397119921, 39.072070333498196 ], [ -5.787392424625288, 39.071896316994973 ], [ -5.787841967258607, 39.071533782613265 ], [ -5.788378518143535, 39.071359766110042 ], [ -5.788639542898365, 39.070779711099313 ], [ -5.789132589657489, 39.069793617581063 ], [ -5.789321107535977, 39.069532592826235 ], [ -5.78972714604349, 39.069474587325161 ], [ -5.789828655670369, 39.0689090336897 ], [ -5.790158561957722, 39.06870238909211 ], [ -5.791235289071397, 39.068328978678963 ], [ -5.791829845457397, 39.068711452451637 ], [ -5.792203255870558, 39.069267942727578 ], [ -5.791971233866264, 39.070167027994209 ], [ -5.791333173354457, 39.071327138015683 ], [ -5.789244975315817, 39.073009297546804 ], [ -5.788374892799716, 39.076083589103696 ], [ -5.787261912247871, 39.078160911110892 ], [ -5.784941692204937, 39.07940802938397 ], [ -5.78343354917703, 39.07920501013021 ], [ -5.781693384144829, 39.080046089895774 ], [ -5.779837208110482, 39.081235202667777 ], [ -5.777923026575063, 39.080568139405429 ], [ -5.776298872545008, 39.080916172411875 ], [ -5.774326685508515, 39.079408029383963 ], [ -5.771600426958067, 39.07865395787001 ], [ -5.768410124399034, 39.078537946867861 ], [ -5.765161816338926, 39.079814067891476 ], [ -5.762551568790625, 39.079988084394699 ], [ -5.759361266231591, 39.079350023882888 ], [ -5.756693013182218, 39.080452128403302 ], [ -5.753513586654629, 39.080709527814321 ], [ -5.752487614354399, 39.082482320940855 ], [ -5.751588529087762, 39.083410408958031 ], [ -5.75031240806415, 39.083584425461261 ], [ -5.748369223778191, 39.084338496975199 ], [ -5.74680307524921, 39.085701626250426 ], [ -5.745613962477207, 39.085817637252575 ], [ -5.744511857956813, 39.085179576740764 ], [ -5.74340975343642, 39.085092568489159 ], [ -5.741176541645098, 39.085440601495598 ], [ -5.739842415120409, 39.084454507977348 ], [ -5.739175351858066, 39.08355542271071 ], [ -5.738044244587136, 39.082917362198906 ], [ -5.737522195077475, 39.08219229343549 ], [ -5.737261170322646, 39.081177197166703 ], [ -5.736652112561376, 39.080481131153824 ], [ -5.736478096058155, 39.078740966121622 ], [ -5.736681115311912, 39.077261825844253 ], [ -5.738073247337672, 39.076884790087277 ], [ -5.738827318851626, 39.075231633306686 ], [ -5.740567483883827, 39.074390553541122 ], [ -5.74166958840422, 39.074593572794882 ], [ -5.742655681922467, 39.075173627805611 ], [ -5.743206734182664, 39.076507754330301 ], [ -5.744366844204131, 39.076942795588351 ], [ -5.745160794500065, 39.078389307771381 ], [ -5.749123295292147, 39.077290828594784 ], [ -5.752139581347961, 39.075202630556149 ], [ -5.75608395542095, 39.073636482027162 ], [ -5.759825310240179, 39.073375457272356 ], [ -5.762174533033651, 39.071490278487452 ], [ -5.763537662308873, 39.069431083199362 ], [ -5.765045805336781, 39.068909033689685 ], [ -5.766481441488346, 39.068691513060664 ], [ -5.767119502000153, 39.068241970427344 ], [ -5.767946080390448, 39.06808245529939 ], [ -5.76819260377001, 39.067835931919831 ], [ -5.76819260377001, 39.067386389286511 ], [ -5.767163006125958, 39.067270378284363 ], [ -5.766205915358248, 39.067444394787586 ], [ -5.764523755827121, 39.067270378284363 ], [ -5.763552163684142, 39.067937441546711 ], [ -5.762406555037943, 39.068067953924121 ], [ -5.761159436764866, 39.067937441546711 ], [ -5.760358235781285, 39.06748427356959 ], [ -5.758476682340222, 39.068096956674637 ], [ -5.756823525559631, 39.069199061195029 ], [ -5.754880341273674, 39.070040140960593 ], [ -5.752817520641749, 39.070152526618969 ], [ -5.751109983703906, 39.069750113455221 ], [ -5.749398821422242, 39.069779116205758 ], [ -5.747687659140579, 39.069431083199319 ], [ -5.746179516112671, 39.069141055693954 ], [ -5.744961400590131, 39.069228063945566 ], [ -5.744091318074031, 39.070011138210056 ], [ -5.742902205302027, 39.070243160214346 ], [ -5.742032122785927, 39.071026234478836 ], [ -5.741539076026804, 39.071722300491722 ], [ -5.7403499632548, 39.072273352751914 ], [ -5.73930586423548, 39.071809308743326 ], [ -5.738261765216159, 39.071838311493863 ], [ -5.736260575429129, 39.072273352751914 ], [ -5.734723429650685, 39.0718673142444 ], [ -5.733244289373315, 39.071954322496012 ], [ -5.731968168349701, 39.071026234478836 ], [ -5.730543408229579, 39.07061657062755 ], [ -5.728571221193085, 39.068064328580327 ], [ -5.72555493513727, 39.066788207556712 ], [ -5.723234715094335, 39.064351976511631 ], [ -5.722770671085748, 39.059479514421469 ], [ -5.724046792109363, 39.056811261372097 ], [ -5.728339199188791, 39.05402699732057 ], [ -5.728864874042278, 39.051043339359062 ], [ -5.729847342216698, 39.048574480219678 ], [ -5.731301105087359, 39.046344893772122 ], [ -5.733215286622779, 39.044691736991531 ], [ -5.736575980341208, 39.03964163305438 ], [ -5.739476255394876, 39.038945567041502 ], [ -5.742492541450691, 39.038133490026475 ], [ -5.743536640470011, 39.035929280985684 ], [ -5.748409102560173, 39.03430512695563 ], [ -5.752237465631016, 39.028156543841853 ], [ -5.748989157570907, 39.021195883713048 ], [ -5.746900959532266, 39.021427905717339 ], [ -5.745160794500065, 39.019223696676555 ], [ -5.751193366611694, 39.015685361111075 ], [ -5.753281564650335, 39.008956722986561 ], [ -5.752121454628867, 39.004548304904986 ], [ -5.753745608658921, 39.000023875821263 ], [ -5.756413861708296, 38.995731468741837 ], [ -5.759894191772697, 38.993411248698898 ], [ -5.763490532839246, 38.991903105670993 ], [ -5.766738840899355, 38.995629959114957 ], [ -5.766622829897208, 38.996239016876231 ], [ -5.767072372530526, 38.996717562260081 ], [ -5.767623424790723, 38.996833573262229 ], [ -5.767840945419748, 38.996558047132133 ], [ -5.768145474300383, 38.996717562260081 ], [ -5.768362994929408, 38.997239611769743 ], [ -5.768450003181019, 38.997834168155748 ], [ -5.768275986677798, 38.998747754797648 ], [ -5.768304989428335, 38.99961783731375 ], [ -5.768450003181019, 39.000415412953508 ] ] ], [ [ [ 34.74, -48.24 ], [ 34.605998572371725, -48.1425 ], [ 34.443538804681594, -48.085 ], [ 34.268522797816672, -48.0475 ], [ 34.11, -47.97 ], [ 34.12, -47.833102644049454 ], [ 34.09, -47.7 ], [ 34.086042735446021, -47.563966128551556 ], [ 34.11, -47.43 ], [ 34.242723549480523, -47.3525 ], [ 34.395468718893014, -47.315 ], [ 34.511968757173484, -47.219821402977814 ], [ 34.65, -47.16 ], [ 34.726689482229297, -47.224646823075837 ], [ 34.81615219938724, -47.27 ], [ 34.908430053291198, -47.317866083952197 ], [ 35.01, -47.34 ], [ 35.075429139975142, -47.438144570640226 ], [ 35.12, -47.547354311692416 ], [ 35.174055610116078, -47.663179869999389 ], [ 35.19, -47.79 ], [ 35.165174163838529, -47.888781950304256 ], [ 35.12, -47.980069905525738 ], [ 35.078458343393955, -48.073746875026643 ], [ 35.01, -48.15 ], [ 34.936146620055567, -48.15149034759596 ], [ 34.866119203217494, -48.175 ], [ 34.809494894735202, -48.219986369870441 ], [ 34.74, -48.24 ] ] ], [ [ [ 33.12, -46.98 ], [ 33.045933758828419, -46.889525588673656 ], [ 33.005, -46.78 ], [ 32.91841057155446, -46.70880538380662 ], [ 32.85, -46.62 ], [ 32.885, -46.461613391288935 ], [ 32.96, -46.317964746939651 ], [ 32.975, -46.147673409151672 ], [ 33.03, -45.99 ], [ 33.143676898261944, -45.993240105446901 ], [ 33.255, -45.97 ], [ 33.36622853664359, -45.99430396275956 ], [ 33.48, -45.99 ], [ 33.570828537114139, -46.081464328607325 ], [ 33.68, -46.15 ], [ 33.747191132431993, -46.260247094054407 ], [ 33.84, -46.35 ], [ 33.720131790481027, -46.460172941931162 ], [ 33.64, -46.601895773335826 ], [ 33.54, -46.732418531990227 ], [ 33.48, -46.89 ], [ 33.387138515135319, -46.913524999572147 ], [ 33.291354876919385, -46.915 ], [ 33.210360626383853, -46.959845955235934 ], [ 33.12, -46.98 ] ] ], [ [ [ 37.71, -52.47 ], [ 37.6325, -52.312306441266692 ], [ 37.595, -52.137418263693718 ], [ 37.5375, -51.975414949489888 ], [ 37.44, -51.84 ], [ 37.490879800940746, -51.800879800940749 ], [ 37.53, -51.75 ], [ 37.665694248009764, -51.663367810012204 ], [ 37.78, -51.55 ], [ 37.916999543667743, -51.455499172897788 ], [ 38.07, -51.39 ], [ 38.16, -51.39 ], [ 38.195467238293134, -51.427392781121895 ], [ 38.222683866041855, -51.471158066979079 ], [ 38.229948017864693, -51.522346067354484 ], [ 38.25, -51.57 ], [ 38.195, -51.773756177881715 ], [ 38.18, -51.986902838270254 ], [ 38.105, -52.177018236039856 ], [ 38.07, -52.38 ], [ 37.988276925269297, -52.424154188733596 ], [ 37.897757836239364, -52.445 ], [ 37.805259005594344, -52.467864889522552 ], [ 37.71, -52.47 ] ] ], [ [ [ 36.63, -46.17 ], [ 36.471840274735506, -46.1538043569929 ], [ 36.320529560353926, -46.105 ], [ 36.162517857589684, -46.0725 ], [ 36.0, -46.08 ], [ 35.929210653537844, -45.980954322925292 ], [ 35.89, -45.865699377830254 ], [ 35.875, -45.741588152450404 ], [ 35.82, -45.63 ], [ 35.836161090421363, -45.563462988495019 ], [ 35.837244580131973, -45.495 ], [ 35.840758811633052, -45.425949709491213 ], [ 35.82, -45.36 ], [ 35.91, -45.36 ], [ 35.940350728292735, -45.200597558470676 ], [ 35.935, -45.038419647582224 ], [ 35.9875, -44.890156193186954 ], [ 36.0, -44.73 ], [ 35.957349288966533, -44.671887100314912 ], [ 35.935, -44.603354614994743 ], [ 35.935956433768951, -44.529330603526695 ], [ 35.91, -44.46 ], [ 35.958151984570449, -44.356457027617793 ], [ 35.975, -44.243514984410226 ], [ 36.006610105321144, -44.128803410732509 ], [ 36.0, -44.01 ], [ 36.114166304099683, -44.001254078878489 ], [ 36.225, -44.03 ], [ 36.336254610038154, -44.005989362929192 ], [ 36.45, -44.01 ], [ 36.531244584937056, -44.130797965915065 ], [ 36.65, -44.215 ], [ 36.716069992602677, -44.346597147688051 ], [ 36.81, -44.46 ], [ 36.798595851705961, -44.55 ], [ 36.81, -44.64 ], [ 36.8225, -44.799184910072938 ], [ 36.875, -44.949379942339981 ], [ 36.8675, -45.111618081877644 ], [ 36.9, -45.27 ], [ 36.936900697805342, -45.323099302194656 ], [ 36.99, -45.36 ], [ 36.99, -45.45 ], [ 36.949086708269967, -45.585153298192473 ], [ 36.88, -45.708309045898019 ], [ 36.860465006986246, -45.852997566089982 ], [ 36.81, -45.99 ], [ 36.749681442953438, -46.016505629081095 ], [ 36.703020900702022, -46.063020900702021 ], [ 36.673039863770661, -46.120967242865511 ], [ 36.63, -46.17 ] ] ], [ [ [ 40.86, -50.4 ], [ 40.711037766474178, -50.4525 ], [ 40.550850515631488, -50.465 ], [ 40.388240891254519, -50.4575 ], [ 40.23, -50.49 ], [ 40.22265446609601, -50.438881333990118 ], [ 40.198060565105941, -50.393469717447033 ], [ 40.176306501418487, -50.346673605467991 ], [ 40.14, -50.31 ], [ 39.98410616939276, -50.28 ], [ 39.825, -50.29 ], [ 39.66861265651788, -50.317524340156574 ], [ 39.51, -50.31 ], [ 39.507080013475402, -50.218564445941709 ], [ 39.53, -50.13 ], [ 39.508485547746325, -50.041279383583749 ], [ 39.51, -49.95 ], [ 39.397070332477497, -49.855345428393825 ], [ 39.265, -49.79 ], [ 39.151135588669234, -49.701648521614032 ], [ 39.06, -49.59 ], [ 39.172456294550152, -49.474320368187684 ], [ 39.31, -49.39 ], [ 39.469133765904878, -49.33 ], [ 39.6, -49.23 ], [ 39.667912979715837, -49.276624013548322 ], [ 39.745541840713734, -49.304187238929387 ], [ 39.801619400932864, -49.364329105776349 ], [ 39.87, -49.41 ], [ 39.982556270903842, -49.370857613875479 ], [ 40.078369835012325, -49.3 ], [ 40.195614850558762, -49.252676630492616 ], [ 40.32, -49.23 ], [ 40.390502251982511, -49.272929910265752 ], [ 40.445119174171658, -49.334821238742506 ], [ 40.524598504952216, -49.358845561682578 ], [ 40.59, -49.41 ], [ 40.681741495662166, -49.415673460959439 ], [ 40.77, -49.39 ], [ 40.858919066625177, -49.409728400373417 ], [ 40.95, -49.41 ], [ 41.000810723945413, -49.475641656911549 ], [ 41.024866567374232, -49.555088955083846 ], [ 41.084594350559286, -49.611517247987969 ], [ 41.13, -49.68 ], [ 41.121545391414095, -49.794140409652087 ], [ 41.15, -49.905 ], [ 41.16, -50.019389371506101 ], [ 41.13, -50.13 ], [ 41.086439962807525, -50.217842553050744 ], [ 41.015, -50.285 ], [ 40.928087695432296, -50.329813850365269 ], [ 40.86, -50.4 ] ] ], [ [ [ 41.94, -53.19 ], [ 41.925397942744752, -53.053697068550136 ], [ 41.875, -52.926214691081682 ], [ 41.8825, -52.78607469296611 ], [ 41.85, -52.65 ], [ 41.886995623034743, -52.614158293474709 ], [ 41.932711931293177, -52.590423862586356 ], [ 41.984010941010141, -52.583701892909694 ], [ 42.03, -52.56 ], [ 42.188091322731985, -52.615 ], [ 42.358317209631821, -52.63 ], [ 42.500836784031804, -52.705 ], [ 42.66, -52.74 ], [ 42.546631413392184, -52.854305130713755 ], [ 42.46, -52.99 ], [ 42.36, -53.123749860896545 ], [ 42.3, -53.28 ], [ 42.204553112708368, -53.284550794886627 ], [ 42.11368194814375, -53.255 ], [ 42.032053943100216, -53.20857079051607 ], [ 41.94, -53.19 ] ] ], [ [ [ 46.183419721674603, -56.36 ], [ 46.081017751411864, -56.379271911131283 ], [ 45.99, -56.43 ], [ 45.898710529454327, -56.431605234911125 ], [ 45.81, -56.41 ], [ 45.721158849960752, -56.430429649646804 ], [ 45.63, -56.43 ], [ 45.533766508659006, -56.427582464708323 ], [ 45.441489707180558, -56.455 ], [ 45.361436515725089, -56.502516330351817 ], [ 45.27, -56.52 ], [ 45.203713073351736, -56.538113167007225 ], [ 45.135, -56.538859500755272 ], [ 45.066385177112046, -56.537409870945353 ], [ 45.0, -56.52 ], [ 44.932695919441926, -56.547203907623015 ], [ 44.860178370292772, -56.550535110878322 ], [ 44.790067732126722, -56.569274773307455 ], [ 44.73, -56.61 ], [ 44.615906286876552, -56.546378875819315 ], [ 44.522552530282042, -56.455 ], [ 44.394117728765977, -56.412598444442466 ], [ 44.28, -56.34 ], [ 44.258702136850317, -56.270973072619817 ], [ 44.253154509279334, -56.198948496906887 ], [ 44.209255470715753, -56.140509031609717 ], [ 44.19, -56.07 ], [ 44.19, -55.98 ], [ 44.321697671607609, -55.914083934649149 ], [ 44.435, -55.82 ], [ 44.525758462383678, -55.707964923943265 ], [ 44.64, -55.62 ], [ 44.6525, -55.460353206919883 ], [ 44.705, -55.312752774066702 ], [ 44.7375, -55.153719447487205 ], [ 44.73, -54.99 ], [ 44.73, -54.9 ], [ 44.715283344482458, -54.81 ], [ 44.73, -54.72 ], [ 44.688827362695065, -54.628181013456185 ], [ 44.62, -54.554773203946432 ], [ 44.567348379804933, -54.463730459283248 ], [ 44.55, -54.36 ], [ 44.53552463847921, -54.27 ], [ 44.55, -54.18 ], [ 44.534050360241203, -54.09 ], [ 44.55, -54.0 ], [ 44.465534578127134, -53.881514557419692 ], [ 44.345, -53.8 ], [ 44.235736851391948, -53.7 ], [ 44.1, -53.64 ], [ 43.9575, -53.485526353562513 ], [ 43.855, -53.3 ], [ 43.7725, -53.09 ], [ 43.65, -52.92 ], [ 43.637458929797795, -52.83 ], [ 43.65, -52.74 ], [ 43.826257119902024, -52.62 ], [ 44.035, -52.54 ], [ 44.25600306059448, -52.48 ], [ 44.46, -52.38 ], [ 44.55, -52.397527850119594 ], [ 44.64, -52.38 ], [ 44.731349950655833, -52.312654605306484 ], [ 44.803439380115442, -52.225 ], [ 44.9121692915962, -52.185360697008278 ], [ 45.0, -52.11 ], [ 45.018927309140558, -52.039767874090444 ], [ 45.060733611171472, -51.98024453705716 ], [ 45.087301786511119, -51.912612873865179 ], [ 45.09, -51.84 ], [ 45.0125, -51.682451204771489 ], [ 44.975, -51.50844030169236 ], [ 44.881137179835598, -51.36771845724482 ], [ 44.82, -51.21 ], [ 44.82, -51.12 ], [ 44.70232551537466, -51.034743399634479 ], [ 44.62, -50.915 ], [ 44.554402460560517, -50.783094311470684 ], [ 44.46, -50.67 ], [ 44.510969133410661, -50.566686988807369 ], [ 44.525, -50.452342921951782 ], [ 44.552642767160066, -50.337800816309041 ], [ 44.55, -50.22 ], [ 44.665052034304992, -50.193261052982919 ], [ 44.783157571637368, -50.195 ], [ 44.896029416850141, -50.177347471393965 ], [ 45.0, -50.13 ], [ 45.094906726797468, -50.192112411047781 ], [ 45.16, -50.285 ], [ 45.250973601280471, -50.358198084729622 ], [ 45.36, -50.4 ], [ 45.42919617311199, -50.404549356618368 ], [ 45.495, -50.382670979487571 ], [ 45.560835192222051, -50.404305008122641 ], [ 45.63, -50.4 ], [ 45.72052937566496, -50.445873600928167 ], [ 45.799191692326005, -50.51 ], [ 45.89881208356109, -50.533507241104545 ], [ 45.99, -50.58 ], [ 45.99, -50.67 ], [ 46.123934548591194, -50.711510894791779 ], [ 46.246290015001634, -50.78 ], [ 46.393548878854851, -50.795 ], [ 46.53, -50.85 ], [ 46.553173220388366, -50.919017581373005 ], [ 46.555, -50.991798674783297 ], [ 46.596053980659313, -51.051562340547697 ], [ 46.62, -51.12 ], [ 46.55657916892077, -51.256080404379823 ], [ 46.465, -51.375048190316754 ], [ 46.392266084651503, -51.511376037116477 ], [ 46.35, -51.66 ], [ 46.304094384215091, -51.705968894462082 ], [ 46.247042916411495, -51.73704291641149 ], [ 46.200783386673827, -51.782731049450554 ], [ 46.17, -51.84 ], [ 46.188474991850335, -51.906236482593194 ], [ 46.188894067061185, -51.975 ], [ 46.167426277514728, -52.040817622442304 ], [ 46.17, -52.11 ], [ 46.234049556487307, -52.242916616171556 ], [ 46.33, -52.355 ], [ 46.417029895283832, -52.470153760698707 ], [ 46.53, -52.56 ], [ 46.48899546154901, -52.650651680041456 ], [ 46.42, -52.722336584683596 ], [ 46.369388632030727, -52.8156397237086 ], [ 46.35, -52.92 ], [ 46.41, -53.079286078267096 ], [ 46.51, -53.21 ], [ 46.590014760102555, -53.350988191917956 ], [ 46.71, -53.46 ], [ 46.791884698201876, -53.50223354570555 ], [ 46.881162157514602, -53.525 ], [ 46.973696121647343, -53.551738049352878 ], [ 47.07, -53.55 ], [ 47.16, -53.55 ], [ 47.17, -53.708777360781397 ], [ 47.14, -53.865 ], [ 47.17, -54.020535434679005 ], [ 47.16, -54.18 ], [ 47.11614756131258, -54.287847347754735 ], [ 47.045, -54.38 ], [ 46.979969902089046, -54.472080217648767 ], [ 46.89, -54.54 ], [ 46.89307981077026, -54.634633139024793 ], [ 46.865, -54.725056811053591 ], [ 46.823650225358222, -54.809240278934496 ], [ 46.8, -54.9 ], [ 46.755353398364399, -54.948024171218123 ], [ 46.696093222893509, -54.97609322289351 ], [ 46.665551636683382, -55.033542706832016 ], [ 46.62, -55.08 ], [ 46.62, -55.17 ], [ 46.618657808269525, -55.239180324700811 ], [ 46.64, -55.305 ], [ 46.618392001478291, -55.370780296515306 ], [ 46.62, -55.44 ], [ 46.602122340724321, -55.53 ], [ 46.62, -55.62 ], [ 46.583097161654791, -55.655977176166346 ], [ 46.537495788878111, -55.679991577756219 ], [ 46.491547250581185, -55.704090750059684 ], [ 46.44, -55.71 ], [ 46.444975333774735, -55.850962079980768 ], [ 46.415, -55.988790020920796 ], [ 46.39690370785744, -56.122979257180347 ], [ 46.35, -56.25 ], [ 46.277496626594498, -56.32133511310969 ], [ 46.183419721674603, -56.36 ] ] ] ] } }
]
}
