{"type":"FeatureCollection","name":"Lakes","crs":{"type":"name","properties":{"name":"urn:ogc:def:crs:OGC:1.3:CRS84"}},"features":[{"type":"Feature","properties":{"biome":0,"type":"lake","population":0,"state":0,"province":0,"culture":0,"religion":0,"neighbors":[1643,1713,1711,1640,1639,1573,1571,1572],"lake_id":1},"geometry":{"type":"Polygon","coordinates":[[[38.934805087747634,-37.76250978029684],[38.97,-37.8],[38.8875,-37.98074425783533],[38.765,-38.135],[38.6625,-38.3025],[38.52,-38.43],[38.429233959828295,-38.40999628767143],[38.347907723894465,-38.365],[38.256361239744855,-38.33440540469976],[38.16,-38.34],[38.13117791299957,-38.206394228666696],[38.14,-38.07],[38.13,-37.93327728488667],[38.16,-37.8],[38.20418258669348,-37.71256079280668],[38.276796011432445,-37.64679601143244],[38.362388107671656,-37.6001905272271],[38.43,-37.53],[38.54441030714501,-37.556967249806505],[38.66193937108811,-37.555],[38.767325422150485,-37.59972569796191],[38.88,-37.62],[38.88960192921242,-37.67038909806502],[38.91424987980618,-37.7153750600969],[38.934805087747634,-37.76250978029684]]]}},{"type":"Feature","properties":{"biome":0,"type":"lake","population":0,"state":0,"province":0,"culture":0,"religion":0,"neighbors":[1643,1713,1711,1640,1639,1573,1571,1572],"lake_id":2,"lake_id_1":1},"geometry":{"type":"Polygon","coordinates":[[[34.242606440672375,-37.63004100913512],[34.29,-37.71],[34.26911689405543,-37.8538327323686],[34.22,-37.99062267985327],[34.18328172561596,-38.12806448432884],[34.11,-38.25],[33.97647954053644,-38.22002620275807],[33.84,-38.23],[33.70695204819998,-38.26],[33.57,-38.25],[33.53091915829088,-38.19908084170912],[33.48,-38.16],[33.45,-38.02689883712081],[33.46,-37.89],[33.45606265455345,-37.753967604040994],[33.48,-37.62],[33.52414016199738,-37.57260954540207],[33.58022376057233,-37.54022376057234],[33.61476497751308,-37.4858558456554],[33.66,-37.44],[33.79969111772326,-37.44208167864969],[33.936747764546,-37.415],[34.06458248159621,-37.36714469686668],[34.2,-37.35],[34.22903231713861,-37.44219774695535],[34.225,-37.538774350750344],[34.242606440672375,-37.63004100913512]]]}},{"type":"Feature","properties":{"biome":0,"type":"lake","population":0,"state":0,"province":0,"culture":0,"religion":0,"neighbors":[1643,1713,1711,1640,1639,1573,1571,1572],"lake_id":3,"lake_id_1":2},"geometry":{"type":"Polygon","coordinates":[[[35.90794883060518,-37.28409644535124],[36.0,-37.35],[35.8575,-37.527484015278226],[35.755,-37.735],[35.6725,-37.9654475038354],[35.55,-38.16],[35.41365640388344,-38.16813854757363],[35.28,-38.14],[35.143091606093456,-38.13],[35.01,-38.16],[35.01918244984064,-38.07],[35.01,-37.98],[35.0425,-37.75254897154895],[35.035,-37.52149856614102],[35.0475,-37.29700704583651],[35.1,-37.08],[35.15055527529762,-37.04055527529762],[35.19,-36.99],[35.326301900295356,-36.99757565398735],[35.46,-36.97],[35.59394997620705,-36.99417532120477],[35.73,-36.99],[35.80696138544712,-37.07880970336791],[35.845,-37.19],[35.90794883060518,-37.28409644535124]]]}},{"type":"Feature","properties":{"biome":0,"type":"lake","population":0,"state":0,"province":0,"culture":0,"religion":0,"neighbors":[1643,1713,1711,1640,1639,1573,1571,1572],"lake_id":4,"lake_id_1":3},"geometry":{"type":"Polygon","coordinates":[[[33.836934319108934,-36.4175],[33.67648802304893,-36.515],[33.476899922175114,-36.5525],[33.3,-36.63],[33.21,-36.63],[33.11896120038933,-36.53773665336417],[33.055,-36.425],[32.98404753295779,-36.30881442330553],[32.94,-36.18],[32.9975,-36.039853630336786],[33.095,-35.93],[33.1325,-35.77402585165463],[33.21,-35.64],[33.26382841045339,-35.603828410453396],[33.3,-35.55],[33.439252997115055,-35.44141793717275],[33.545,-35.3],[33.6275,-35.139461182072765],[33.75,-35.01],[33.84,-35.022337880466196],[33.93,-35.01],[34.046766914008174,-35.10077917095455],[34.18,-35.165],[34.332165223644495,-35.20443117515736],[34.47,-35.28],[34.48563217276761,-35.37],[34.47,-35.46],[34.5,-35.570716115563386],[34.49,-35.685],[34.46740718990149,-35.79638063910235],[34.47,-35.91],[34.38948993056155,-35.93425629965593],[34.31893673621279,-35.98],[34.270444707848625,-36.04686809113184],[34.2,-36.09],[34.17098109392321,-36.16689564137909],[34.1267934034501,-36.236195602300064],[34.06193278883053,-36.28820905488895],[34.02,-36.36],[33.836934319108934,-36.4175]]]}},{"type":"Feature","properties":{"biome":0,"type":"lake","population":0,"state":0,"province":0,"culture":0,"religion":0,"neighbors":[1643,1713,1711,1640,1639,1573,1571,1572],"lake_id":5,"lake_id_1":4},"geometry":{"type":"Polygon","coordinates":[[[38.8759988835311,-34.98625545631387],[38.88,-35.1],[38.7943235732245,-35.19790446653063],[38.68,-35.26],[38.610848965446024,-35.36867917235682],[38.52,-35.46],[38.381724992200695,-35.4025],[38.27,-35.305],[38.115926224102225,-35.2675],[37.98,-35.19],[37.949213013961064,-35.05411287488971],[37.955,-34.914902027350145],[37.90402784647666,-34.78698359498835],[37.89,-34.65],[37.98048389551938,-34.629855632483654],[38.06160789397537,-34.585],[38.15799950854682,-34.589045058641275],[38.25,-34.56],[38.40883892220816,-34.57499380815057],[38.56034469195911,-34.625],[38.721632985963694,-34.61882394703731],[38.88,-34.65],[38.91,-34.76066404381639],[38.9,-34.875],[38.8759988835311,-34.98625545631387]]]}},{"type":"Feature","properties":{"biome":0,"type":"lake","population":0,"state":0,"province":0,"culture":0,"religion":0,"neighbors":[1643,1713,1711,1640,1639,1573,1571,1572],"lake_id":6,"lake_id_1":5},"geometry":{"type":"Polygon","coordinates":[[[33.9726045947716,-33.801328675635126],[33.963468587003966,-33.79136473519044],[33.95642110210776,-33.780942279783446],[33.9514614902076,-33.77006166229899],[33.9485890350627,-33.75872312888746],[33.94780295426719,-33.74692681905832],[33.948686398988144,-33.73555793197885],[33.95123872339949,-33.72461643074772],[33.95545933185444,-33.71410221079235],[33.96134767875743,-33.704015099934566],[33.9671606721312,-33.687653815098756],[33.97289703472751,-33.66501831086646],[33.97855550575197,-33.63610852294182],[33.981946537361445,-33.61472415611221],[33.98413484237307,-33.60092436817369],[33.99055359351644,-33.57190549530824],[33.997812378069604,-33.54905186240128],[34.00591215282057,-33.53236339339388],[34.01485421279833,-33.52183997799934],[34.0232549176439,-33.51354216884796],[34.031115079544264,-33.507470089494205],[34.038435424444785,-33.50362385339484],[34.04521659242063,-33.50200356396163],[34.050780929937204,-33.50022418555469],[34.05512848121614,-33.4982858833272],[34.058259303867274,-33.49618878637561],[34.060173468865926,-33.49393298774253],[34.06467998887698,-33.49180635891884],[34.07177869336861,-33.48980861441761],[34.081469434896206,-33.48793930502598],[34.09375208895963,-33.48619781782643],[34.10517225579242,-33.485073712086916],[34.11573021339409,-33.48456722946363],[34.12542620278627,-33.484678593063094],[34.13426042802249,-33.48540800747082],[34.144666170003994,-33.4870712660138],[34.15664385487022,-33.489667970878074],[34.170194009966465,-33.493197663834316],[34.185317263887605,-33.49765982613649],[34.200189017130356,-33.502818026878394],[34.214809582399226,-33.50867235670557],[34.21516899473618,-33.50883619806873],[34.22917926035185,-33.51522290431301],[34.24329833963163,-33.52246975645672],[34.25739186570461,-33.530546287906176],[34.271460235163914,-33.53945250557056],[34.28550384332648,-33.549188415844505],[34.29952308429842,-33.55975402460939],[34.31340294522624,-33.56769091387523],[34.32714212928792,-33.57299913732688],[34.340739362312895,-33.5756787453944],[34.35419339347416,-33.57572978522775],[34.36495908214175,-33.576166380776975],[34.373036531793865,-33.5769892377369],[34.3784257739674,-33.578198885354055],[34.38112676808984,-33.579795676453266],[34.38476767191567,-33.58307742420863],[34.389348803999454,-33.58804404331745],[34.39487059228343,-33.59469542578476],[34.40133357428792,-33.603031440876784],[34.40651278306197,-33.610890462822375],[34.41040778354752,-33.618272654489445],[34.41301818290145,-33.625178138587515],[34.41434363054745,-33.631606997626434],[34.41861161212114,-33.64174888453283],[34.42582370748742,-33.65560347852936],[34.43598225550525,-33.67317024232751],[34.449090356687954,-33.694448421443354],[34.462149895665284,-33.71258834290632],[34.4685555862736,-33.71997494736565],[34.46932304985515,-33.72085993389723],[34.47085797701824,-33.72262990696039],[34.47515942895037,-33.72759004724288],[34.48811751921328,-33.739453570695694],[34.49718232695113,-33.7455823976979],[34.49718232695114,-33.7455823976979],[34.501022736211844,-33.74817894520969],[34.51082688864139,-33.75818022970153],[34.517529329560176,-33.769458157657205],[34.52112913509417,-33.782013227026845],[34.521625103698156,-33.795845700087504],[34.52380435719118,-33.80728243819749],[34.525720261073644,-33.811766362658155],[34.52766739036952,-33.816323366147614],[34.533214415499266,-33.82296833638979],[34.54044536192352,-33.82721712904842],[34.54740932494463,-33.83018005026961],[34.5541059646124,-33.8318571467088],[34.560534964669884,-33.832248462574796],[34.56669603263888,-33.8313540396181],[34.57272293502665,-33.82981661274891],[34.57861554349462,-33.82763620100792],[34.58437373571323,-33.824812822824654],[34.58999739537621,-33.8213464960153],[34.60025440236858,-33.81157708094772],[34.61514091064642,-33.79550338577818],[34.63465103683105,-33.77312367653238],[34.63488394953875,-33.772846720340304],[34.658776870147555,-33.74443568010641],[34.68099896204186,-33.72280766408136],[34.701324233740415,-33.70824073642057],[34.71975865700353,-33.700735888661114],[34.73630726386291,-33.70029399740637],[34.75235734930106,-33.70124789570449],[34.76790967723583,-33.703597778004635],[34.782964963350146,-33.707343831422484],[34.797523875272255,-33.71248623579163],[34.80314247031085,-33.71391616598474],[34.8102983244909,-33.71573732801533],[34.821287267724,-33.717097666733814],[34.830489896797175,-33.71656773146435],[34.837905638887214,-33.71414792240861],[34.84425818958369,-33.71138781120848],[34.84954757589444,-33.70828756195882],[34.85377385003875,-33.70484731114653],[34.856937089418885,-33.70106716764991],[34.85885213408545,-33.69808914570003],[34.859173365735415,-33.69758960909846],[34.86048281476001,-33.69441468646389],[34.8608655527019,-33.691542429743],[34.860321676218184,-33.68897284796606],[34.860614257361306,-33.68661080159075],[34.861743229462384,-33.68445628491695],[34.863708537947055,-33.68250927517336],[34.86651014032829,-33.68076973252017],[34.86872520356578,-33.68093883345318],[34.87035387135052,-33.6830166094132],[34.87139620963755,-33.68700308171612],[34.87185220665363,-33.69289826155978],[34.872536913722534,-33.69420132318894],[34.87484002828762,-33.69858436573899],[34.880360154021304,-33.70406121026522],[34.88841302661181,-33.70932845484461],[34.8989990519521,-33.714385602806075],[34.912862384927145,-33.717134018491464],[34.930002223988026,-33.71757259864091],[34.95041724005611,-33.7156999766856],[34.97410557660354,-33.71151452337184],[34.996713401460006,-33.710632815247706],[35.01824335037974,-33.71305544524188],[35.03869781280376,-33.71878297137814],[35.04633714753599,-33.72234343096091],[35.05807893333131,-33.72781591714187],[35.07707122812338,-33.73408790856549],[35.09567278304705,-33.73759913770221],[35.11388175945867,-33.73834979004572],[35.12780335250003,-33.73677923531061],[35.13169639525276,-33.73634004442842],[35.14701686714765,-33.732879540887936],[35.14770348944396,-33.73261666965017],[35.154242245510446,-33.73011332696834],[35.156110461529444,-33.7293980862021],[35.156951158737996,-33.7290762278573],[35.15703522845885,-33.729044042022814],[35.15704456953894,-33.72904046581898],[35.159842703056235,-33.727969208993976],[35.17017368392424,-33.72160982530698],[35.17800984344261,-33.71380201322617],[35.18406252324707,-33.70692493796253],[35.188332345410636,-33.700978864166686],[35.190819816289846,-33.695963978808535],[35.19152532665234,-33.69188039125836],[35.18968784878934,-33.68519699433636],[35.18530814446315,-33.67591366395953],[35.17838743634792,-33.664030114273395],[35.168927407033614,-33.64954589794444],[35.161439349399664,-33.63592457887496],[35.1559221018728,-33.62316652508741],[35.15237462252199,-33.61127200913658],[35.150795988783145,-33.60024120827751],[35.148933400587666,-33.59157311636803],[35.146786786206604,-33.58526773060395],[35.14435602859898,-33.58132504359484],[35.14164096538627,-33.57974504335926],[35.136467336424445,-33.57870052607426],[35.12883513459349,-33.57819118196424],[35.1187442615957,-33.5782165539428],[35.11014187639304,-33.57860005959088],[35.110131869519925,-33.57860050571045],[35.109141189081676,-33.57864467154754],[35.10713981445897,-33.57873389546087],[35.10619452807965,-33.57877603757111],[35.08825646680677,-33.574509015357386],[35.079199471417816,-33.57097675134024],[35.064933882218035,-33.565413115139734],[35.036232384439096,-33.55148524629426],[35.033071204400045,-33.549744417696616],[35.01216784962871,-33.53823316008928],[35.00276133998161,-33.53305309416598],[35.00215938403912,-33.532721603359924],[35.00180818870417,-33.53254176197336],[35.001699814500256,-33.53248626531621],[34.974854892789715,-33.518739420007996],[34.9543110957914,-33.509543240407396],[34.94052242799062,-33.50513647637023],[34.933485569343304,-33.50552141164572],[34.92414481139373,-33.50343263851928],[34.91250112100201,-33.49886962913722],[34.89855585969376,-33.491831723417185],[34.88231078296946,-33.482318129433004],[34.86985791938807,-33.47389670058072],[34.861195692489375,-33.46656859325529],[34.85632281335289,-33.46033461238119],[34.85523828044953,-33.4551952118458],[34.85492023066269,-33.4499421698579],[34.85536852608549,-33.44457549212],[34.856583022852014,-33.43909517000939],[34.85856357114313,-33.43350118058602],[34.85878613295333,-33.42800228302526],[34.85725104292516,-33.422598487005324],[34.85395862401014,-33.41728972686866],[34.848909187494655,-33.41207586166148],[34.844626344043796,-33.406748220481504],[34.84110996941975,-33.401306883131255],[34.83835993341441,-33.39575191506933],[34.83637609986143,-33.390083367416636],[34.83554122661543,-33.38424452239227],[34.83585508714786,-33.37823540296065],[34.837317441546205,-33.37205599988862],[34.839928036529194,-33.365706271765184],[34.84524095799726,-33.36094313882092],[34.85325605265259,-33.35776625455739],[34.86397346271449,-33.356175093050446],[34.87739362570594,-33.35616894883936],[34.891554990660275,-33.35406336468747],[34.90645647950443,-33.34985808314415],[34.9220969076037,-33.343552831789964],[34.93847498428789,-33.33514732335565],[34.95266936555868,-33.32855617007012],[34.96468143400971,-33.323780132297095],[34.974512299120555,-33.32081985243392],[34.98216279763613,-33.31967585520004],[34.98835121504788,-33.31908146094839],[34.993077698406665,-33.319036890383884],[34.996342339461016,-33.319542311971674],[34.99814517463934,-33.320597841955866],[35.002332077576,-33.32079937691615],[35.00890294165543,-33.320146673566725],[35.01785752006334,-33.318639349831535],[35.029195425734244,-33.31627688491864],[35.039276276829156,-33.315427410162386],[35.04810063523921,-33.316091234444755],[35.05566893229996,-33.318268627082276],[35.06198146887578,-33.321959817905146],[35.070275452428376,-33.3256843688276],[35.08055114674304,-33.32944187843693],[35.09280882008801,-33.33323184944944],[35.10704874510469,-33.337053688671276],[35.11957343639931,-33.33930973046264],[35.13038208464547,-33.34000050227944],[35.139474066083714,-33.339126458432],[35.14684894264225,-33.336687979938034],[35.154930564938944,-33.336628073156945],[35.16371959380035,-33.33894659733061],[35.17321680727078,-33.3436433963297],[35.183423101001104,-33.35071829857758],[35.19274030427606,-33.3600815644922],[35.19496629283506,-33.363158815937176],[35.20116887078981,-33.37173338470422],[35.20870911585816,-33.385673928271856],[35.21536121638073,-33.40190334273995],[35.22238539565187,-33.415258877797235],[35.22978111930872,-33.42574048973092],[35.23754778050292,-33.43334812778034],[35.245684700171566,-33.438081734168534],[35.25589372287505,-33.44233497295741],[35.26817498326203,-33.446107328895685],[35.28252854702816,-33.449398182076564],[35.298954410735185,-33.452206807958035],[35.31786944470925,-33.45645808917266],[35.33927496059491,-33.46215087029883],[35.36317251911097,-33.46928384207072],[35.389563930272416,-33.47785554091427],[35.41070253822279,-33.48589915519341],[35.426586495800564,-33.4934174019158],[35.437214146854316,-33.500412324801104],[35.44258402532602,-33.506885293558376],[35.44629892255361,-33.51211939009602],[35.44835837676311,-33.516114769292706],[35.44876206863539,-33.518871517935644],[35.44750982142734,-33.520389654672634],[35.447773449486256,-33.52250465873151],[35.44955306981527,-33.52521651929356],[35.45284886227228,-33.528525169080716],[35.45766106959727,-33.532430484332224],[35.463104588317684,-33.539223375862264],[35.46918011983584,-33.54890374753657],[35.47588849606136,-33.56147148879996],[35.48323068001428,-33.5769264746083],[35.48611536059599,-33.59372810906359],[35.48454008267316,-33.61187670492141],[35.47850197104366,-33.63137209094568],[35.46799772895898,-33.652213610980084],[35.4607807960958,-33.669068858281136],[35.45685407224113,-33.68193843209497],[35.45621955461658,-33.690822664189156],[35.45887833518838,-33.695721618258204],[35.46230518472175,-33.70050309813248],[35.466500216897835,-33.70516703948948],[35.471463539149084,-33.70971336363609],[35.477195252646744,-33.71414197750354],[35.481759545799605,-33.71957811685618],[35.485156360072224,-33.72602190912672],[35.48738555536621,-33.73347344838637],[35.48844690992465,-33.741932795342905],[35.48828585202364,-33.75024765550323],[35.486902027536914,-33.75841802612465],[35.48429509443651,-33.76644386796891],[35.48046472281851,-33.774325105273135],[35.477050328431034,-33.78048450272777],[35.4740522014261,-33.78492209890433],[35.47147058329481,-33.787637926938324],[35.46930566676163,-33.788632014516686],[35.46586355036394,-33.78832905413776],[35.46114440361879,-33.786728937836564],[35.45514851235643,-33.783831516662254],[35.447876278648394,-33.77963660072315],[35.44228212031489,-33.77584840430522],[35.43836573544279,-33.77246715800415],[35.43612686990204,-33.769493023538544],[35.43556531733988,-33.766926093786424],[35.43255832692416,-33.764069136872905],[35.42710617310128,-33.760921972205644],[35.41920917980884,-33.75748427333286],[35.40886772053345,-33.75375556800867],[35.39872030731243,-33.751820132020555],[35.38876629107466,-33.751678017307235],[35.37900504817022,-33.753329273061844],[35.369435980144125,-33.756773945749394],[35.3596043842045,-33.7617495563711],[35.34950969212089,-33.76825604025174],[35.33915130799336,-33.77629332982087],[35.32852860805044,-33.78586135459148],[35.32007038874063,-33.79443702491636],[35.31377758799971,-33.80202078806742],[35.30965099466595,-33.80861297724744],[35.30769124828887,-33.814213811436744],[35.30663979871114,-33.82034004545903],[35.30649682202705,-33.826991700473585],[35.30726252787065,-33.834168777301635],[35.30893715946088,-33.84187125641295],[35.30891606390575,-33.84999621524899],[35.30719876011279,-33.858543652738526],[35.30378471657616,-33.867513497789744],[35.2986733513008,-33.87690560922389],[35.295309480978126,-33.88702758455465],[35.293693640928815,-33.89787956176123],[35.29382645644906,-33.909461603912604],[35.29570864301619,-33.92177369909578],[35.297784937733596,-33.93223329079312],[35.30005527123931,-33.940840378839695],[35.30251954989975,-33.947594960562306],[35.305177655822476,-33.952497030781686],[35.30654091665096,-33.9569318518177],[35.30660910797591,-33.960899468343364],[35.305382047835494,-33.96439988396409],[35.302859596749364,-33.96743306120101],[35.300125438934906,-33.97315006294066],[35.29717927896534,-33.981550868493315],[35.294020783410815,-33.99263545265078],[35.29064958062183,-34.00640378567557],[35.289765736241,-34.018802017899624],[35.29008841021639,-34.02101966202123],[35.29137037146996,-34.02983020781961],[35.295464369400946,-34.03948826297589],[35.30204837447305,-34.047775939811714],[35.305724737692074,-34.05550805014146],[35.30649259508101,-34.06268485888155],[35.30435119591074,-34.06930642459889],[35.29929990284841,-34.07537259935502],[35.287972918157855,-34.080064656114565],[35.27036975133019,-34.08338086934743],[35.246490521264285,-34.08531855217524],[35.21633595842149,-34.08587405679854],[35.19303675652178,-34.08589116517675],[35.17659335875593,-34.08537376365112],[35.167005948655095,-34.084324595318584],[35.164274452291124,-34.08274525979551],[35.15961408559338,-34.08145469684489],[35.1530248887477,-34.080452687784835],[35.144506862803986,-34.07973892343125],[35.134059969750254,-34.07931300408896],[35.12233689188414,-34.0775856878106],[35.10933824421991,-34.074556608250234],[35.09506475894283,-34.07022535863866],[35.08775287466705,-34.06757578466998],[35.08773962491543,-34.06757098341825],[35.08642789950439,-34.06709565949735],[35.079517285239646,-34.06459149190213],[35.074083326738304,-34.06297280871459],[35.06654238656269,-34.06072649176582],[35.05613890382639,-34.058631175666065],[35.04830599882654,-34.05830619773576],[35.04304315406701,-34.05975204907192],[35.03721539580082,-34.062275676436066],[35.030822453202326,-34.06587699874486],[35.023864012660106,-34.07055592658402],[35.01633971769814,-34.07631236218637],[35.00838046618483,-34.080973149563505],[34.999986492969526,-34.084538206703186],[34.99115806673853,-34.08700744642571],[34.981895489972054,-34.08838077640196],[34.97335696060947,-34.08848656204764],[34.973263795759856,-34.08847271258215],[34.96554286237099,-34.087324953519115],[34.95845351443601,-34.08489608756408],[34.95208917137997,-34.08120008748776],[34.94569961463722,-34.07551988188711],[34.93928529638371,-34.06785546094585],[34.93284667225377,-34.05820681298721],[34.92638420115363,-34.04657392447664],[34.919948648286386,-34.03692456698464],[34.919537812418234,-34.03643317294869],[34.91353955384163,-34.029258754357066],[34.90715646244222,-34.02357649841257],[34.9007989229574,-34.01987780894523],[34.89462514505643,-34.0179736456093],[34.88863472684448,-34.01786403789115],[34.882827289782306,-34.019549012805186],[34.877202478548284,-34.023028594903494],[34.87175806471142,-34.025487533709516],[34.866494259031974,-34.02692585428257],[34.86141125939994,-34.02734358041503],[34.856509250792634,-34.026740734627516],[34.85110867373639,-34.027536033263885],[34.8452092488828,-34.02972941031146],[34.83881064786654,-34.03332079271177],[34.83191249320506,-34.03831010033888],[34.824332564736274,-34.04290229284102],[34.8160708580612,-34.04709724534115],[34.80712738787493,-34.05089482157365],[34.79750218798449,-34.054294873890505],[34.78712731035482,-34.0569760241721],[34.77600294656948,-34.05893808410727],[34.76412932624093,-34.060180851530106],[34.751506717002314,-34.06070411044671],[34.740065334299864,-34.06022539301521],[34.72980556137428,-34.05874502811281],[34.72072769802472,-34.056263310221695],[34.71283196060111,-34.052780499374386],[34.70546178756943,-34.0470681074203],[34.698617650372206,-34.039126222689575],[34.692299937289626,-34.0289549243932],[34.686508953335604,-34.01655428259004],[34.68064768448766,-34.00664734424862],[34.67471564309048,-33.999234111012505],[34.66871232914104,-33.99431458127086],[34.66263723004404,-33.991888750154786],[34.6552219621179,-33.99065125398583],[34.6464662742849,-33.99060185130936],[34.63636980356885,-33.99174025607004],[34.62493207505293,-33.99406613754339],[34.615079502870095,-33.99731936295656],[34.60681194669334,-34.00150031089926],[34.60012936925189,-34.006609298462074],[34.59503183642722,-34.01264658127031],[34.590117786292936,-34.01766367880108],[34.58538742792929,-34.02166061578408],[34.580840957212295,-34.02463741562975],[34.57647855676817,-34.02659410042434],[34.57198161985637,-34.02790795397333],[34.567350241984315,-34.028578962098806],[34.565820582677325,-34.028587996772806],[34.56258452469121,-34.028607110002014],[34.557684575535426,-34.02799238226531],[34.54539325703167,-34.02530205655684],[34.525712164293196,-34.020533921341425],[34.49864397149961,-34.013684436323544],[34.479298204048504,-34.00866672108963],[34.46419243329653,-34.00474873457326],[34.434033129976235,-33.99634575058621],[34.408164226061196,-33.988478632869544],[34.38933969498397,-33.98208588908423],[34.38933969498396,-33.982085889084225],[34.386584046875846,-33.981150080789966],[34.36929107958983,-33.97436234522264],[34.35409946768611,-33.96795448033293],[34.354099467686105,-33.96795448033292],[34.35406252943003,-33.967938899671985],[34.3408977361041,-33.96188050872997],[34.332540734037224,-33.9575952242804],[34.332540734037195,-33.957595224280375],[34.32979609228228,-33.95618783314443],[34.32075704367897,-33.95086142993129],[34.3141933624043,-33.94501537637229],[34.31010465951576,-33.938650065420724],[34.30849045600923,-33.93176574043817],[34.30855144915734,-33.93124051878661],[34.30935018299879,-33.9243624952647],[34.3089868167481,-33.91680306590705],[34.3074006828417,-33.90908744193446],[34.30459212003358,-33.90121557654337],[34.30056148023264,-33.89318738658712],[34.29867358193422,-33.89084862370628],[34.296110334138326,-33.88767322553763],[34.29610176140322,-33.88766260547687],[34.29577127978037,-33.88725319880863],[34.290221328983414,-33.883412930056316],[34.28391132558245,-33.88166648060359],[34.276840854676145,-33.88201373411121],[34.26963848313396,-33.88171756948502],[34.262304374438045,-33.88077796402826],[34.25483869786349,-33.87919489447275],[34.24724162845595,-33.87696833698185],[34.240227839096256,-33.87565098965282],[34.23379708006321,-33.87524295183889],[34.22794913847221,-33.87574431429299],[34.22268383824035,-33.877155159184674],[34.217549811420604,-33.879208844995176],[34.21254695143944,-33.881905387120995],[34.20767515744892,-33.88524480034365],[34.202934334315415,-33.88922709883163],[34.19715927914003,-33.89203254815493],[34.1903501294676,-33.893661004978874],[34.1825071076408,-33.89411229959606],[34.17363052078152,-33.89338623596263],[34.15608851754472,-33.888097635153656],[34.12988549512063,-33.878242801413705],[34.09502860924352,-33.8638162163908],[34.05152777029916,-33.84481054602229],[34.016628447630374,-33.82805617259623],[33.99032286214261,-33.81356038603523],[33.9726045947716,-33.801328675635126]],[[34.28754435319374,-33.68093860684394],[34.28697577924626,-33.67043021683705],[34.28785173600838,-33.660211427503306],[34.290171719912145,-33.65028220788515],[34.29393525684158,-33.64064247627466],[34.29914190206131,-33.63129210025935],[34.302041629926755,-33.622272034866626],[34.302635197635496,-33.61358244686616],[34.3009233088744,-33.60522337315493],[34.296906613904284,-33.597194720872686],[34.28795186211249,-33.58821900740389],[34.27406088304243,-33.578295156639435],[34.25523582954682,-33.56742149968285],[34.23147917799579,-33.555595775759215],[34.21107162246543,-33.546597406532655],[34.19401012469246,-33.540428058849336],[34.180292301386146,-33.53708912367767],[34.16991642298328,-33.53658171706622],[34.15856308904266,-33.54001750654396],[34.14623062612907,-33.54739620829444],[34.13291708612501,-33.55871750593053],[34.118620244509394,-33.573981050235474],[34.106015013464216,-33.588836940855614],[34.0951024440523,-33.60328570523824],[34.08588354060765,-33.617327801008464],[34.07835926067288,-33.63096361583072],[34.07230573795645,-33.64405984212826],[34.06772375800703,-33.656616703865595],[34.0646140518753,-33.668634371946276],[34.062977295993136,-33.68011296412791],[34.06223433119598,-33.69014201427207],[34.06238551342905,-33.698721547195035],[34.06343110771337,-33.7058515668094],[34.06537128798948,-33.711532056107146],[34.06615710343485,-33.71737555978783],[34.06578832310948,-33.723382098464896],[34.06426470283239,-33.72955166019841],[34.06158598516702,-33.735884200474985],[34.05999679536299,-33.741732073922385],[34.05949738362146,-33.74709532522614],[34.060087963324506,-33.75197396986294],[34.06176871099604,-33.756367994083455],[34.06550510398794,-33.76113352259634],[34.07129753168252,-33.76627036913134],[34.07914643681063,-33.771778244547114],[34.089052315443894,-33.77765675675658],[34.10014452342354,-33.78253989747453],[34.11242287988612,-33.78642734777794],[34.12588712087607,-33.78931875372207],[34.14053689931717,-33.79121372639816],[34.156124928787726,-33.79479365289429],[34.17265224165659,-33.800058177924974],[34.1901199800866,-33.80700692327459],[34.20852939644403,-33.815639487657855],[34.224556275301005,-33.82229279997637],[34.23819896008146,-33.82696779133585],[34.24945612185715,-33.8296652542245],[34.25832675982057,-33.830385842132785],[34.26667056276816,-33.82853371073895],[34.27448681314895,-33.82410896253078],[34.28177488639745,-33.81711169045374],[34.28853425121117,-33.80754197786345],[34.291430635736816,-33.79653839792652],[34.29046537440399,-33.78410121962533],[34.28564018616371,-33.770230348851506],[34.27695717353959,-33.75492532888589],[34.27197624699121,-33.741242126969304],[34.2706953654443,-33.72918119656542],[34.27311290747848,-33.7187426574751],[34.27922767032651,-33.70992629627822],[34.28367084321867,-33.70068672509032],[34.28644289746402,-33.691024124442635],[34.28754435319374,-33.68093860684394]],[[35.054754670709755,-33.36214823912439],[35.0425906917073,-33.36065969169165],[35.030748437359975,-33.36160702400837],[35.01922692374941,-33.364990329193205],[35.00802522139604,-33.37080969458607],[34.99714245482275,-33.37906520179069],[34.989299271633584,-33.387693377567906],[34.984496475787815,-33.39669480096818],[34.98273495007299,-33.406069825544186],[34.98401565636765,-33.41581857917398],[34.984305076459485,-33.42554978131566],[34.98360287696651,-33.4352634394223],[34.98190872544588,-33.44495953696346],[34.979222290397885,-33.45463803340184],[34.97777395731269,-33.46363455509652],[34.97756414477888,-33.4719491482922],[34.97859321330584,-33.47958182167691],[34.980861465225786,-33.486532546349935],[34.98421164744261,-33.49299043425549],[34.98864394435819,-33.49895539834679],[34.994158503541435,-33.50442732293605],[35.00075543567679,-33.50940606368888],[35.008051456024525,-33.51394873978244],[35.016046564251035,-33.51805522783694],[35.02474073888311,-33.52172539249779],[35.03413393729003,-33.52495908644266],[35.04271287764139,-33.52715429617796],[35.050477189159984,-33.528311193704226],[35.05742655979646,-33.52842993431141],[35.06356073628735,-33.52751065654465],[35.068839287884686,-33.52721641317227],[35.0732623376041,-33.52754731418699],[35.07682997147995,-33.52850345159453],[35.079542238565885,-33.530084899424665],[35.08326739639763,-33.53085155045128],[35.08800536661191,-33.53080331312729],[35.0937560137554,-33.52994007068778],[35.10051914529382,-33.528261681169305],[35.10981776570554,-33.529184504995],[35.12165279452144,-33.53270796437684],[35.136025609768346,-33.53883132018187],[35.152938048642234,-33.54755367149277],[35.168082404530026,-33.553557770380706],[35.181456879501575,-33.556844281893106],[35.19306001011415,-33.557413791031756],[35.20289066820999,-33.55526680241065],[35.21167732976671,-33.55195085457408],[35.21941975982664,-33.54746616986155],[35.226117808535115,-33.541812943206395],[35.23177141111363,-33.53499134210173],[35.23413658602995,-33.524855036039234],[35.233214225196114,-33.5114041959976],[35.229005977068574,-33.49463872213992],[35.221514244546334,-33.47455824422661],[35.21408937565259,-33.45844523840286],[35.20673029728138,-33.44629975031408],[35.199435960017674,-33.43812181759215],[35.19220533727259,-33.43391146987305],[35.1831990078308,-33.43063195053674],[35.172416882481826,-33.42828287122979],[35.159858758215265,-33.42686376649229],[35.14552431830485,-33.42637409368905],[35.13364441174184,-33.42534730770217],[35.12421917168445,-33.42378411912795],[35.11724864021255,-33.42168509169939],[35.11273276849685,-33.419050642248514],[35.10954254882495,-33.41522238280679],[35.10767793829083,-33.41020041438108],[35.10713878499213,-33.40398479463721],[35.10792482813162,-33.39657553790732],[35.106257236180916,-33.389701214027596],[35.10213655963107,-33.3833617239631],[35.095563258240645,-33.37755682197134],[35.0865377012134,-33.37228611566899],[35.07672789532647,-33.367961242581],[35.066133636726676,-33.36458201733334],[35.054754670709755,-33.36214823912439]],[[34.76789449130309,-33.73175192438848],[34.76228387537451,-33.73522642620187],[34.756717268169844,-33.739853306728314],[34.751194452946315,-33.74563256928394],[34.74571521631298,-33.752564216458296],[34.7402793481829,-33.760648250115445],[34.73676581176854,-33.76844983043233],[34.735175164859015,-33.775969123257916],[34.73550792770007,-33.78320620434383],[34.7377645829523,-33.79016105927209],[34.73877623569897,-33.79779533329656],[34.73854257788876,-33.80610905445805],[34.73706324214595,-33.81510221277516],[34.73433780167067,-33.82477476021164],[34.73321923873294,-33.83454277600991],[34.7337080981678,-33.844406303712674],[34.73580493598216,-33.85436532393294],[34.73951031937318,-33.86441975429104],[34.74584484263886,-33.8737575387191],[34.754809206601976,-33.882378275077805],[34.76640398040383,-33.89028139239922],[34.78062960112936,-33.897466150822936],[34.79481254894047,-33.90349666634217],[34.80895224208492,-33.90837295723662],[34.82304810194299,-33.91209504132291],[34.8370995531648,-33.91466293595092],[34.848182526563654,-33.91634202368309],[34.8562965026051,-33.9171331065794],[34.861441146635556,-33.91703677173066],[34.86361630875422,-33.91605339113625],[34.86721989857226,-33.916184159650726],[34.87225206331594,-33.91742895179388],[34.87871306179152,-33.91978759171338],[34.886603264428736,-33.92325985313917],[34.89644234756192,-33.92561553246256],[34.90823008694646,-33.926854164222405],[34.921966105635455,-33.92697519007655],[34.93764987391903,-33.92597795891636],[34.9524684337667,-33.92278791079413],[34.96642074428587,-33.91740535552977],[34.97950589874009,-33.90983058261048],[34.99172312485039,-33.900063861071075],[35.00337973981497,-33.8941891169207],[35.0144774453327,-33.89220651812882],[35.025017791910294,-33.8941162173336],[35.03500218011048,-33.89991835196191],[35.044059641294666,-33.90602372190767],[35.05219007401213,-33.912432530908056],[35.05939335712103,-33.91914496177574],[35.0656693497481,-33.92616117639663],[35.07378317250017,-33.93339994394053],[35.08373535558532,-33.94086089964143],[35.09552645811494,-33.948543596251945],[35.10915706805486,-33.956447503961236],[35.12092281918924,-33.96214387389014],[35.13082242565859,-33.96563324904954],[35.138854891094034,-33.96691608506825],[35.14501950906819,-33.96599274996172],[35.15097611133449,-33.96410604686023],[35.15672451074216,-33.961256005443985],[35.16226453446753,-33.95744265388543],[35.16759602404289,-33.9526660188439],[35.172403014729895,-33.94730493819101],[35.176685507417304,-33.9413594717765],[35.18044352458816,-33.93482967253829],[35.18367711030081,-33.92771558650015],[35.185805335143854,-33.92192738124908],[35.18682852048135,-33.91746511705794],[35.186746885263254,-33.91432882383288],[35.18556054612765,-33.91251850113421],[35.1853402099455,-33.90874019781995],[35.18608576579341,-33.90299391570737],[35.18779697055941,-33.895279632318],[35.190473449116276,-33.88559730089832],[35.19390005237797,-33.87663059427787],[35.19807662940622,-33.86837945334326],[35.20300306700819,-33.86084380495313],[35.20867928968182,-33.854023561938895],[35.21417820745735,-33.84822395664268],[35.21950005121086,-33.843445015092996],[35.22464503930987,-33.839686762044366],[35.22961337766429,-33.83694922098254],[35.234372907599685,-33.833248541311065],[35.23892349688281,-33.828584745848644],[35.24326502765967,-33.82295785587922],[35.24739739647135,-33.81636789114803],[35.250287646150376,-33.810462409015244],[35.251936100997945,-33.80524149800553],[35.25234302591223,-33.80070520899618],[35.251508626449564,-33.796853555243736],[35.247793127518335,-33.79161382272083],[35.24119723810097,-33.78498574523342],[35.2317219464964,-33.77696885290393],[35.21936852001004,-33.76756247243645],[35.208637286778995,-33.761059533007916],[35.19952678678754,-33.75746047133336],[35.19203589108739,-33.75676565485556],[35.18616380108094,-33.7589753819808],[35.180272324438874,-33.76201627852857],[35.17436128882714,-33.765888340882086],[35.16843052086785,-33.77059156505242],[35.162479846109505,-33.776125946678064],[35.15504860169108,-33.77939671306103],[35.146137203992865,-33.78040359891786],[35.135746304556484,-33.779146282727915],[35.123876789864916,-33.77562438687467],[35.109770597377775,-33.77276806575067],[35.093427621915176,-33.77057655178954],[35.07484765496611,-33.769048955433696],[35.054030384914874,-33.76818426504212],[35.033625686149485,-33.76924263743362],[35.013632204246704,-33.77222427840561],[34.994048640088955,-33.777129386993686],[34.97487374938323,-33.78395815554762],[34.957071534167916,-33.787929173766344],[34.940643958497404,-33.78904304099562],[34.92559271333437,-33.787300307715746],[34.91191921562484,-33.7827014752198],[34.89600504698336,-33.77594857270138],[34.87785193186112,-33.76704072355016],[34.85746193049277,-33.75597692745664],[34.83483743794856,-33.74275606095232],[34.816335799201404,-33.733064443059234],[34.801953343008414,-33.72690394852003],[34.79168741421483,-33.72427603104995],[34.785536371907014,-33.725181724621876],[34.77952062122342,-33.726729591928084],[34.773640034804075,-33.72891965229643],[34.76789449130309,-33.73175192438848]]]}},{"type":"Feature","properties":{"biome":0,"type":"lake","population":0,"state":0,"province":0,"culture":0,"religion":0,"neighbors":[1643,1713,1711,1640,1639,1573,1571,1572],"lake_id":7,"lake_id_1":6},"geometry":{"type":"Polygon","coordinates":[[[35.82,-31.95],[35.88886597704497,-31.904520115833936],[35.94032564388117,-31.84],[36.01063322019409,-31.795314782501684],[36.09,-31.77],[36.108348508657556,-31.667021297895374],[36.16,-31.576063042089693],[36.22794517738409,-31.50160639414323],[36.27,-31.41],[36.440693496130606,-31.3575],[36.62373560945132,-31.345],[36.805032881110535,-31.3125],[36.99,-31.32],[37.0425,-31.446717403237678],[37.055,-31.58432288165605],[37.0875,-31.72017083016448],[37.08,-31.86],[37.00996797285524,-31.927565528630986],[36.925,-31.975],[36.87885427166856,-32.06092413704442],[36.81,-32.13],[36.78752889872418,-32.25414545928828],[36.74,-32.371013116236256],[36.67113602756124,-32.46820927256222],[36.63,-32.58],[36.54,-32.56220390137826],[36.45,-32.58],[36.31459998384257,-32.69235798416571],[36.205,-32.83],[36.08325430136653,-32.961395282000474],[36.0,-33.12],[35.906748251525,-33.05417471682686],[35.845,-32.958174665097324],[35.77112493560896,-32.868589719768764],[35.73,-32.76],[35.84646013689666,-32.699166383179815],[35.93809192559603,-32.605],[36.0688206409329,-32.5675],[36.18,-32.49],[36.09718925877913,-32.35052466965599],[35.98,-32.238374483463915],[35.88,-32.10800745120414],[35.82,-31.95]]]}},{"type":"Feature","properties":{"biome":0,"type":"lake","population":0,"state":0,"province":0,"culture":0,"religion":0,"neighbors":[1643,1713,1711,1640,1639,1573,1571,1572],"lake_id":8,"lake_id_1":7},"geometry":{"type":"Polygon","coordinates":[[[38.52370520290456,-30.61775572877159],[38.52,-30.78],[38.37590813349846,-30.86],[38.27,-30.98],[38.13410949171921,-31.076510953741067],[37.98,-31.14],[37.89074660928688,-31.046812099879727],[37.78091250604493,-30.979087493955074],[37.715518824388354,-30.86736942071618],[37.62,-30.78],[37.59722111836301,-30.733325683720473],[37.55927935511876,-30.69786032244062],[37.553947056830644,-30.646145436460447],[37.53,-30.6],[37.61520405727291,-30.501505071591136],[37.73,-30.44],[37.824466681675396,-30.351573345340316],[37.89,-30.24],[38.030507531271745,-30.2475],[38.16722015182575,-30.215],[38.302143295412066,-30.196783982824048],[38.43,-30.15],[38.4429818129238,-30.308132729490264],[38.495,-30.458028012325098],[38.52370520290456,-30.61775572877159]]]}},{"type":"Feature","properties":{"biome":0,"type":"lake","population":0,"state":0,"province":0,"culture":0,"religion":0,"neighbors":[1643,1713,1711,1640,1639,1573,1571,1572],"lake_id":9,"lake_id_1":8},"geometry":{"type":"Polygon","coordinates":[[[37.56758753366425,-27.179867274372086],[37.55,-27.077097368679212],[37.5091053491726,-26.984263149676497],[37.44,-26.91],[37.57886039168652,-26.837017509470375],[37.73,-26.795],[37.840457568482044,-26.6975],[37.98,-26.64],[38.1,-26.79350192736534],[38.18,-26.98],[38.28,-27.16097140377407],[38.34,-27.36],[38.30016358598018,-27.410163585980182],[38.25,-27.45],[38.10891700797171,-27.375],[37.95261654417465,-27.34],[37.780936767730175,-27.325],[37.62,-27.27],[37.56758753366425,-27.179867274372086]]]}},{"type":"Feature","properties":{"biome":0,"type":"lake","population":0,"state":0,"province":0,"culture":0,"religion":0,"neighbors":[1643,1713,1711,1640,1639,1573,1571,1572],"lake_id":10,"lake_id_1":9},"geometry":{"type":"Polygon","coordinates":[[[36.9943760765033,-25.626888458124604],[36.9,-25.74],[36.81,-25.7252245411046],[36.72,-25.74],[36.539374429800155,-25.658063469339726],[36.38,-25.54],[36.181924629102234,-25.47917900588219],[36.0,-25.38],[36.0,-25.29],[36.022016748484724,-25.20133519427608],[36.02,-25.11],[36.027528766130004,-25.01805235931889],[36.0,-24.93],[36.047310624916385,-24.838773510108016],[36.07,-24.738544971525904],[36.13470011287679,-24.660603214035575],[36.18,-24.57],[36.3182227487304,-24.533403312351037],[36.44092889995909,-24.46],[36.57420617108657,-24.405],[36.72,-24.39],[36.77199708522971,-24.394339804986874],[36.81892369600274,-24.417152607994524],[36.86517429179006,-24.441206963529826],[36.9,-24.48],[36.98,-24.68835234012166],[37.1,-24.865],[37.16,-25.092655711419578],[37.26,-25.29],[37.14124062000734,-25.37419816586082],[37.06,-25.495],[36.9943760765033,-25.626888458124604]]]}},{"type":"Feature","properties":{"biome":0,"type":"lake","population":0,"state":0,"province":0,"culture":0,"religion":0,"neighbors":[1643,1713,1711,1640,1639,1573,1571,1572],"lake_id":11,"lake_id_1":10},"geometry":{"type":"Polygon","coordinates":[[[38.365,-25.085],[38.24732337306867,-25.0275],[38.16,-24.93],[38.08582546556445,-24.808035920722762],[38.05,-24.669856203651968],[38.00069711474391,-24.533505660425224],[37.98,-24.39],[38.14389543822432,-24.31],[38.27693136246237,-24.19],[38.428331765238035,-24.09],[38.61,-24.03],[38.72489777022858,-24.085],[38.85293260626532,-24.1],[38.9491295993868,-24.16881083748416],[39.06,-24.21],[39.097286591935685,-24.174576009166838],[39.14334952745626,-24.151699054912505],[39.1897495630968,-24.129979587444677],[39.24,-24.12],[39.320661322900904,-24.168506506567415],[39.41332790191344,-24.185],[39.50540283612309,-24.20691659807691],[39.6,-24.21],[39.65289599661023,-24.247104003389765],[39.69,-24.3],[39.789848734256964,-24.32368507557026],[39.881422094534685,-24.37],[39.959225776141416,-24.43493884929803],[40.05,-24.48],[40.0625,-24.639328091497553],[40.115,-24.787380173472947],[40.1075,-24.95049532504557],[40.14,-25.11],[40.23281137780569,-25.176381421450863],[40.305485758373386,-25.26435232216881],[40.40858315796184,-25.31235307238828],[40.5,-25.38],[40.5,-25.47],[40.41601327980405,-25.648829021969643],[40.295,-25.805],[40.18848399711432,-25.965774845061045],[40.05,-26.1],[39.98446900449968,-26.076709219627165],[39.915,-26.08],[39.84558949727736,-26.077104106622212],[39.78,-26.1],[39.626095355674494,-26.03613966783999],[39.49,-25.94],[39.37701131552787,-25.82498585559017],[39.24,-25.74],[39.151502485320826,-25.71647763211262],[39.06,-25.72],[38.968251751966406,-25.714265767697643],[38.88,-25.74],[38.83174187743699,-25.696207062531336],[38.77399860676674,-25.666001393233266],[38.743328664379945,-25.60858222737595],[38.7,-25.56],[38.70270686248243,-25.46458483200733],[38.675,-25.373240915083716],[38.62956898956466,-25.29147217330364],[38.61,-25.2],[38.49457131932637,-25.12743501534816],[38.365,-25.085]]]}},{"type":"Feature","properties":{"biome":0,"type":"lake","population":0,"state":0,"province":0,"culture":0,"religion":0,"neighbors":[1643,1713,1711,1640,1639,1573,1571,1572],"lake_id":12,"lake_id_1":11},"geometry":{"type":"Polygon","coordinates":[[[38.79684410074475,-22.37868820148948],[38.74643042941335,-22.388184226512784],[38.7,-22.41],[38.536329620355,-22.4025],[38.37686542471617,-22.435],[38.219359098882805,-22.44826844416579],[38.07,-22.5],[38.04594609875757,-22.419120075138824],[38.0,-22.348345020073562],[37.95436053319221,-22.28047202859276],[37.89,-22.23],[37.86677803379305,-22.139060472601212],[37.864027432644136,-22.045243141838966],[37.84791324881882,-21.95181246343986],[37.8,-21.87],[37.8775,-21.734154058490766],[37.915,-21.58],[37.9725,-21.44194706077689],[38.07,-21.33],[38.162220117426834,-21.258969769437968],[38.27,-21.215],[38.36408171755785,-21.15203596651133],[38.43,-21.06],[38.52,-21.06],[38.63633750313101,-21.02170206249583],[38.735634838874084,-20.95],[38.859165003002985,-20.935],[38.97,-20.88],[39.02071785344675,-20.88855839502554],[39.0669549316507,-20.9110901366986],[39.103986396625515,-20.94687611594914],[39.15,-20.97],[39.195214723226954,-20.946606287119014],[39.24457583818578,-20.934151676371574],[39.283062784510804,-20.900410696782767],[39.33,-20.88],[39.525,-21.045],[39.76,-21.17],[39.975,-21.315],[40.23,-21.42],[40.22941515418929,-21.511046128243255],[40.21,-21.6],[40.23725524757778,-21.688082750269135],[40.23,-21.78],[40.157895510762046,-21.845488754959952],[40.11069292104796,-21.93069292104796],[40.023883711561,-21.975868232244114],[39.96,-22.05],[39.8475874138337,-22.09303708932721],[39.747563670749464,-22.16],[39.62335095138685,-22.176568846634638],[39.51,-22.23],[39.471814840147324,-22.281814840147316],[39.42,-22.32],[39.28662677470474,-22.35],[39.15,-22.34],[39.013277251130226,-22.35],[38.88,-22.32],[38.834763450811124,-22.344160194460187],[38.79684410074475,-22.37868820148948]]]}},{"type":"Feature","properties":{"biome":0,"type":"lake","population":0,"state":0,"province":0,"culture":0,"religion":0,"neighbors":[1643,1713,1711,1640,1639,1573,1571,1572],"lake_id":13,"lake_id_1":12},"geometry":{"type":"Polygon","coordinates":[[[38.89,-18.921163807113953],[38.88,-19.08],[38.81088044098521,-19.18870435278816],[38.72,-19.28],[38.63579699441053,-19.37974624301316],[38.52,-19.44],[38.42780959657345,-19.41248041160854],[38.331632416829365,-19.415],[38.252043713208266,-19.366056281560937],[38.16,-19.35],[38.10817858021969,-19.237972454618838],[38.09,-19.115885724408827],[38.01924061132417,-19.015972725036185],[37.98,-18.9],[38.0625,-18.738679508570467],[38.185,-18.61],[38.32188476041503,-18.49909706520673],[38.43,-18.36],[38.496190590093434,-18.34094329470445],[38.565,-18.344044478663427],[38.63164554409515,-18.35925180862761],[38.7,-18.36],[38.74596009330892,-18.38439711294227],[38.79774176448337,-18.38951647103327],[38.84200240269474,-18.415499334765425],[38.88,-18.45],[38.85,-18.60550173811195],[38.86,-18.765],[38.89,-18.921163807113953]]]}},{"type":"Feature","properties":{"biome":0,"type":"lake","population":0,"state":0,"province":0,"culture":0,"religion":0,"neighbors":[1643,1713,1711,1640,1639,1573,1571,1572],"lake_id":14,"lake_id_1":13},"geometry":{"type":"Polygon","coordinates":[[[36.63,-8.64],[36.59191780257354,-8.69191780257354],[36.54,-8.73],[36.4403165810571,-8.796699402028494],[36.328465553084996,-8.84],[36.21525110656249,-8.895],[36.09,-8.91],[35.97653708689017,-8.892413091192669],[35.87196591114694,-8.845],[35.75807138694603,-8.813122204551915],[35.64,-8.82],[35.587150917269085,-8.707669240623629],[35.57,-8.584717741712877],[35.497428506851314,-8.486360755055369],[35.46,-8.37],[35.50654166097847,-8.303245903366035],[35.57,-8.252302063378453],[35.61433273265844,-8.180440476438685],[35.64,-8.1],[35.7118955497387,-8.011310798458732],[35.804834360523124,-7.945],[35.8935033602261,-7.87237242271823],[36.0,-7.83],[36.15353486504229,-7.894530557110842],[36.29,-7.99],[36.40223159348334,-8.105960508145822],[36.54,-8.19],[36.5725,-8.30447902005705],[36.565,-8.423288965548158],[36.61291393755431,-8.527021248227832],[36.63,-8.64]]]}},{"type":"Feature","properties":{"biome":0,"type":"lake","population":0,"state":0,"province":0,"culture":0,"religion":0,"neighbors":[1643,1713,1711,1640,1639,1573,1571,1572],"lake_id":15,"lake_id_1":14},"geometry":{"type":"Polygon","coordinates":[[[26.37,-3.06],[26.25192707850412,-3.144037755466724],[26.165,-3.26],[26.027030824727536,-3.32],[25.92,-3.42],[25.8175,-3.233400451864573],[25.675,-3.08],[25.59238490845688,-2.879272615174577],[25.47,-2.7],[25.523857349813788,-2.638581644003526],[25.589528138207022,-2.59],[25.659926203762044,-2.544600534213797],[25.74,-2.52],[25.7075,-2.405466214983385],[25.715,-2.28638288303949],[25.668693141460317,-2.182338931341828],[25.65,-2.07],[25.701192245133466,-2.004264868946658],[25.772944752697875,-1.961917129046813],[25.85064866274361,-1.934498182785601],[25.92,-1.89],[25.92830920915165,-1.83917767838182],[25.953283761103656,-1.794141880551825],[25.988747164951036,-1.756860291366821],[26.01,-1.71],[26.208709610545206,-1.5875],[26.435,-1.505],[26.6075,-1.3625],[26.82,-1.26],[26.805,-1.472006758901466],[26.75,-1.675551182680802],[26.675,-1.862084221748414],[26.64,-2.07],[26.586086353760834,-2.106086353760834],[26.55,-2.16],[26.58,-2.293032647250744],[26.57,-2.43],[26.545676141495935,-2.563938973444143],[26.55,-2.7],[26.5048165763825,-2.724506582908374],[26.46734686171942,-2.759693723438839],[26.42162574692789,-2.784330003056863],[26.37,-2.79],[26.369469072947176,-2.859060137341159],[26.39,-2.925],[26.39093742006562,-2.994120358528239],[26.37,-3.06]]]}},{"type":"Feature","properties":{"biome":0,"type":"lake","population":0,"state":0,"province":0,"culture":0,"religion":0,"neighbors":[1643,1713,1711,1640,1639,1573,1571,1572],"lake_id":16,"lake_id_1":15},"geometry":{"type":"Polygon","coordinates":[[[-156.06162589387765,6.615048798084289],[-156.15,6.66],[-156.2414809449719,6.640390632887669],[-156.32329158619635,6.595],[-156.41796340730167,6.592340386317844],[-156.51,6.57],[-156.55679744926042,6.615611972855118],[-156.58585505422664,6.674144945773361],[-156.64260910254964,6.705644919377978],[-156.69,6.75],[-156.78,6.740763710995083],[-156.87,6.75],[-156.98410110158846,6.838108870871827],[-157.075,6.95],[-157.1855113712087,7.048357587836674],[-157.32,7.11],[-157.29737544650553,7.198597271833949],[-157.3,7.29],[-157.29358023952884,7.381824417830133],[-157.32,7.47],[-157.41005918923022,7.58275183103903],[-157.525,7.67],[-157.6588679562989,7.732592816917299],[-157.77,7.83],[-157.83571159273833,7.905097463019598],[-157.88,7.994518821510802],[-157.90452161790236,8.096011622362191],[-157.95,8.19],[-157.99421162299424,8.216444736446185],[-158.04501986390568,8.224960272188644],[-158.09276100816825,8.244372589251839],[-158.13,8.28],[-158.1671010348466,8.3328989651534],[-158.22,8.37],[-158.22,8.46],[-158.32405675780834,8.603074377347843],[-158.465,8.71],[-158.58644447986498,8.841608212509247],[-158.67,9.0],[-158.71888464553527,9.065996789206533],[-158.78,9.120862062406713],[-158.8050672798532,9.200093093864917],[-158.85,9.27],[-158.8175,9.451145398942803],[-158.825,9.635758506150395],[-158.8125,9.818789732955203],[-158.76,9.99],[-158.6699918016658,10.038245455817997],[-158.57038289467343,10.060765789346917],[-158.49425152973726,10.129514759188737],[-158.4,10.17],[-158.30224074271416,10.102184859587076],[-158.19099235721615,10.06],[-158.0753258376438,10.008372701206156],[-157.95,9.99],[-157.9622588814072,9.9],[-157.95,9.81],[-157.83718473787175,9.715170245133839],[-157.705,9.65],[-157.59090733184092,9.561882484863032],[-157.5,9.45],[-157.48300385891758,9.36],[-157.5,9.27],[-157.3525,9.08],[-157.165,8.93],[-157.0375,8.72],[-156.87,8.55],[-156.77775488346435,8.484547922707693],[-156.70865853417376,8.395],[-156.61542389534998,8.326971739851446],[-156.51,8.28],[-156.49355216293128,8.18734131216322],[-156.445,8.106725859236603],[-156.41745188392827,8.015377663428232],[-156.42,7.92],[-156.35178617239495,7.897332321852691],[-156.2804200948481,7.888739715455657],[-156.21215420563323,7.866154759103445],[-156.15,7.83],[-156.09190050396285,7.800295459325954],[-156.04778536788118,7.752214632118829],[-156.00353241218076,7.705186484590757],[-155.97,7.65],[-155.82503829655417,7.635],[-155.6901278389355,7.58],[-155.54924982329103,7.545],[-155.43,7.47],[-155.37,7.33275738714002],[-155.27,7.225],[-155.1510006806765,7.141035921291221],[-155.07,7.02],[-155.13,6.882602819106645],[-155.23,6.775],[-155.3131588838176,6.656069642748889],[-155.43,6.57],[-155.5109269971075,6.521884643558355],[-155.6035508342028,6.505],[-155.69814619270292,6.50272319869614],[-155.79,6.48],[-155.89252716924304,6.503393764860214],[-155.9867977771408,6.55],[-156.06162589387765,6.615048798084289]]]}},{"type":"Feature","properties":{"biome":0,"type":"lake","population":0,"state":0,"province":0,"culture":0,"religion":0,"neighbors":[1643,1713,1711,1640,1639,1573,1571,1572],"lake_id":17,"lake_id_1":16},"geometry":{"type":"Polygon","coordinates":[[[27.45,9.81],[27.555,9.645],[27.7,9.52],[27.865,9.415],[27.99,9.27],[27.95340203252599,9.216597967474009],[27.9,9.18],[27.75661762475018,9.1],[27.65,8.98],[27.518095839105452,8.88],[27.36,8.82],[27.25739683979829,8.842130965062163],[27.16398515106459,8.89],[27.0760546551709,8.936147902113879],[27.0,9.0],[26.980186217933426,9.070570347373009],[26.975,9.143685756362332],[26.93067903007248,9.200759929630307],[26.91,9.27],[26.9875,9.380298593861747],[27.025,9.511299839410409],[27.087368642519674,9.626887862229182],[27.18,9.72],[27.238534902331235,9.761400169042725],[27.306235395434918,9.785],[27.376798732481948,9.80508482062072],[27.45,9.81]]]}},{"type":"Feature","properties":{"biome":0,"type":"lake","population":0,"state":0,"province":0,"culture":0,"religion":0,"neighbors":[1643,1713,1711,1640,1639,1573,1571,1572],"lake_id":18,"lake_id_1":17},"geometry":{"type":"Polygon","coordinates":[[[34.85987388232615,9.850454876805193],[34.92,9.81],[34.9725,9.638988430714656],[34.985,9.45508145602018],[34.9775,9.27080661986942],[35.01,9.09],[34.90721128383423,9.074049352390691],[34.818337154660945,9.02],[34.745087743925524,8.948289986946547],[34.65,8.91],[34.56891964522066,8.95415488136706],[34.47897989589445,8.975],[34.38664922924339,9.003822430182236],[34.29,9.0],[34.265818431542336,9.045814982521415],[34.22850594239348,9.081752971196739],[34.20652192388679,9.128633356295191],[34.2,9.18],[34.3225,9.356724535672289],[34.405,9.56],[34.509200530949265,9.743186382110087],[34.65,9.9],[34.718107728800355,9.87361129408869],[34.79114880861493,9.873446425844783],[34.85987388232615,9.850454876805193]]]}},{"type":"Feature","properties":{"biome":0,"type":"lake","population":0,"state":0,"province":0,"culture":0,"religion":0,"neighbors":[1643,1713,1711,1640,1639,1573,1571,1572],"lake_id":19,"lake_id_1":18},"geometry":{"type":"Polygon","coordinates":[[[-26.72430582925696,10.974206114027906],[-26.82,10.98],[-26.889966521789052,11.025725775831383],[-26.96994728689949,11.05],[-27.02045129677521,11.115392577757833],[-27.09,11.16],[-27.095909172591416,11.211563771409821],[-27.117259186149564,11.258870406925217],[-27.141400948005167,11.30502540868261],[-27.18,11.34],[-27.160240411336524,11.431005178035395],[-27.115,11.512403513125902],[-27.084029123242473,11.603740239683649],[-27.09,11.7],[-27.031166891926564,11.728669731308626],[-26.986565390501458,11.776565390501458],[-26.957732221870238,11.835277517382163],[-26.91,11.88],[-26.7510719005693,11.844246951511767],[-26.606075999054585,11.77],[-26.447720927807342,11.715],[-26.28,11.7],[-26.256381546103096,11.630771846133136],[-26.255,11.557638680041006],[-26.23091601192365,11.489533485804042],[-26.19,11.43],[-26.232496049132585,11.323637450908318],[-26.305431067249152,11.235323300436862],[-26.39689507617912,11.165918806068571],[-26.46,11.07],[-26.55216942999573,11.051944908111034],[-26.63351662276416,11.005],[-26.72430582925696,10.974206114027906]]]}},{"type":"Feature","properties":{"biome":0,"type":"lake","population":0,"state":0,"province":0,"culture":0,"religion":0,"neighbors":[1643,1713,1711,1640,1639,1573,1571,1572],"lake_id":20,"lake_id_1":19},"geometry":{"type":"Polygon","coordinates":[[[22.029191693537967,13.185015788315908],[22.080024921107658,13.12],[22.150125061159603,13.07452874128961],[22.23,13.05],[22.26894618332413,12.98912246177825],[22.295,12.921712681389366],[22.29942110268439,12.84943111586011],[22.32,12.78],[22.293587155205355,12.71178267201175],[22.2941030815962,12.6386323061346],[22.25070147809318,12.579972383741843],[22.23,12.51],[22.136662702584537,12.440912691157335],[22.03,12.395],[21.938366318962792,12.329508961070669],[21.87,12.24],[21.77959005099067,12.284175386531537],[21.703481287258708,12.35],[21.612657113343193,12.401353231089432],[21.51,12.42],[21.4358339624036,12.562421942204658],[21.4,12.718948418854952],[21.384827147996475,12.888666608554383],[21.33,13.05],[21.427090702090293,13.118922201166981],[21.53884708306749,13.16],[21.666269045357772,13.175],[21.78,13.23],[21.87,13.246823211337311],[21.96,13.23],[22.029191693537967,13.185015788315908]]]}},{"type":"Feature","properties":{"biome":0,"type":"lake","population":0,"state":0,"province":0,"culture":0,"religion":0,"neighbors":[1643,1713,1711,1640,1639,1573,1571,1572],"lake_id":21,"lake_id_1":20},"geometry":{"type":"Polygon","coordinates":[[[-18.90265657621592,22.81568661254627],[-18.99,22.86],[-18.9825,23.00031539962382],[-19.015,23.13639307980321],[-19.0275,23.27323512261852],[-19.08,23.4],[-19.073345963514686,23.45133320865199],[-19.051765182499707,23.498382591249854],[-19.012749407500312,23.533036388402472],[-18.99,23.58],[-18.84295950083353,23.595],[-18.707725323930017,23.65],[-18.56841226976549,23.685],[-18.45,23.76],[-18.398857456738046,23.752759796135603],[-18.352198836012345,23.730602327975316],[-18.317087475993784,23.69217917572416],[-18.27,23.67],[-18.19597924142004,23.54765667543749],[-18.16,23.409264276973563],[-18.105,23.27575211397514],[-18.09,23.13],[-18.10844512247502,23.06374875862632],[-18.10669649043489,22.995],[-18.11030698738502,22.926020970191004],[-18.09,22.86],[-18.247740628480212,22.7825],[-18.422598218152523,22.745],[-18.5583824584112,22.6475],[-18.72,22.59],[-18.79145507036222,22.656623745037532],[-18.83688579405427,22.743114205945727],[-18.90265657621592,22.81568661254627]]]}},{"type":"Feature","properties":{"biome":0,"type":"lake","population":0,"state":0,"province":0,"culture":0,"religion":0,"neighbors":[1643,1713,1711,1640,1639,1573,1571,1572],"lake_id":22,"lake_id_1":21},"geometry":{"type":"Polygon","coordinates":[[[-158.60223906526804,35.710208747785565],[-158.67,35.82],[-158.615,35.955622091000286],[-158.6,36.105222607739975],[-158.565,36.24216600150987],[-158.49,36.36],[-158.49,36.45],[-158.3982321007492,36.5417120761762],[-158.335,36.655],[-158.26400329693806,36.77116481284847],[-158.22,36.9],[-158.19781335479678,36.988645928310746],[-158.2,37.08],[-158.21962601463727,37.16893044281808],[-158.22,37.26],[-158.22,37.35],[-158.2001920625727,37.441930171669775],[-158.155,37.524399489168964],[-158.1248328554663,37.614820017226165],[-158.13,37.71],[-158.02339884374138,37.81],[-157.885,37.87],[-157.7999271765851,37.98786285599974],[-157.68,38.07],[-157.61418064475154,38.0913443520728],[-157.545,38.09],[-157.47561136297927,38.092748299890026],[-157.41,38.07],[-157.31451399848555,37.93195027198215],[-157.255,37.775],[-157.1775,37.615108576763646],[-157.14,37.44],[-157.23,37.44],[-157.26659651028288,37.38659651028288],[-157.32,37.35],[-157.3325,37.144386381200604],[-157.385,36.95152156478982],[-157.4175,36.74778599606335],[-157.41,36.54],[-157.41,36.45],[-157.4225,36.31195608802427],[-157.475,36.18673097363767],[-157.4693505883393,36.04672586084725],[-157.5,35.91],[-157.44689304470262,35.87310695529737],[-157.41,35.82],[-157.4340469563371,35.752476180019116],[-157.475,35.69364956539074],[-157.4978561140448,35.62362710524619],[-157.5,35.55],[-157.5,35.46],[-157.7013565869675,35.49],[-157.905,35.48],[-158.1085300854015,35.49],[-158.31,35.46],[-158.4019473469678,35.55006581629028],[-158.51,35.62],[-158.60223906526804,35.710208747785565]]]}},{"type":"Feature","properties":{"biome":0,"type":"lake","population":0,"state":0,"province":0,"culture":0,"religion":0,"neighbors":[1643,1713,1711,1640,1639,1573,1571,1572],"lake_id":23,"lake_id_1":22},"geometry":{"type":"Polygon","coordinates":[[[42.420173344565846,-45.033651381400084],[42.48,-45.09],[42.47382443513907,-45.181797284984555],[42.5,-45.27],[42.50273306452221,-45.36141478494691],[42.48,-45.45],[42.37476521680265,-45.57],[42.23,-45.65],[42.07270001815627,-45.71],[41.94,-45.81],[41.82876704347148,-45.73400329354968],[41.69982126765215,-45.695],[41.60575866112142,-45.602815181686225],[41.49,-45.54],[41.46245454036583,-45.449271700534375],[41.465,-45.35448827737593],[41.44511814003108,-45.2625436561435],[41.4,-45.18],[41.449331552273826,-45.0755268083162],[41.465,-44.96105956594443],[41.48973650078665,-44.846853738197424],[41.49,-44.73],[41.6843583988075,-44.7825],[41.89001563482646,-44.795],[42.09357633873101,-44.8275],[42.3,-44.82],[42.325335683693545,-44.898808774565396],[42.37541930315291,-44.96472046456473],[42.420173344565846,-45.033651381400084]]]}},{"type":"Feature","properties":{"biome":0,"type":"lake","population":0,"state":0,"province":0,"culture":0,"religion":0,"neighbors":[1643,1713,1711,1640,1639,1573,1571,1572],"lake_id":24,"lake_id_1":23},"geometry":{"type":"Polygon","coordinates":[[[42.35257110220628,-42.93252080217983],[42.39,-43.11],[42.27512420691802,-43.15761552210122],[42.15280241437727,-43.18],[42.03647351326118,-43.215794206936714],[41.94,-43.29],[41.8480502346355,-43.282452111719564],[41.76,-43.31],[41.66861788434339,-43.3124390409095],[41.58,-43.29],[41.57420256250571,-43.21803447003818],[41.55086455643425,-43.149711814521915],[41.53001519965923,-43.080359321772065],[41.49,-43.02],[41.50351086667994,-42.88330651857652],[41.555,-42.75596241572105],[41.5475,-42.615999163419716],[41.58,-42.48],[41.61078349968806,-42.42259448703193],[41.66045649078155,-42.38045649078155],[41.71691331406857,-42.348499239925715],[41.76,-42.3],[41.873448041715974,-42.32873785462155],[41.990419623308554,-42.325],[42.09610342061382,-42.371372044484716],[42.21,-42.39],[42.265,-42.57215503259938],[42.28,-42.7662883649917],[42.35257110220628,-42.93252080217983]]]}},{"type":"Feature","properties":{"biome":0,"type":"lake","population":0,"state":0,"province":0,"culture":0,"religion":0,"neighbors":[1643,1713,1711,1640,1639,1573,1571,1572],"lake_id":25,"lake_id_1":24},"geometry":{"type":"Polygon","coordinates":[[[42.9625,-41.14977126705686],[43.02,-41.31],[42.903259028956235,-41.385],[42.76782051008022,-41.42],[42.61931320347175,-41.43609820389615],[42.48,-41.49],[42.4025,-41.335150398279666],[42.365,-41.15932479213734],[42.2675,-41.0209815358302],[42.21,-40.86],[42.29636959912755,-40.78626737517918],[42.365,-40.69579044059082],[42.43741815066314,-40.60665758540928],[42.48,-40.5],[42.534634236984125,-40.561827298645],[42.60405229639616,-40.606421555405745],[42.67013520360225,-40.656879421352095],[42.75,-40.68],[42.7875,-40.85626795152347],[42.865,-41.015],[42.9625,-41.14977126705686]]]}},{"type":"Feature","properties":{"biome":0,"type":"lake","population":0,"state":0,"province":0,"culture":0,"religion":0,"neighbors":[1643,1713,1711,1640,1639,1573,1571,1572],"lake_id":26,"lake_id_1":25},"geometry":{"type":"Polygon","coordinates":[[[40.84120689652933,-40.13],[40.975,-40.25],[41.132084608751384,-40.35],[41.31,-40.41],[41.28,-40.54308729194204],[41.29,-40.68],[41.32,-40.81329909157505],[41.31,-40.95],[41.23681244191927,-41.0189707626887],[41.144997484263484,-41.06],[41.05379305313616,-41.11253392587192],[40.95,-41.13],[40.76832177878119,-41.1175],[40.59601199238232,-41.065],[40.4115415044274,-41.0725],[40.23,-41.04],[40.14,-41.04],[40.06781471734792,-40.94178237302646],[40.03,-40.82590543644385],[39.97779048671257,-40.71305928103913],[39.96,-40.59],[40.011287787927685,-40.55128778792769],[40.05,-40.5],[40.186982956738106,-40.414808899516274],[40.295,-40.295],[40.41359364503044,-40.18596611114791],[40.5,-40.05],[40.59,-40.03308173569708],[40.68,-40.05],[40.84120689652933,-40.13]]]}},{"type":"Feature","properties":{"biome":0,"type":"lake","population":0,"state":0,"province":0,"culture":0,"religion":0,"neighbors":[1643,1713,1711,1640,1639,1573,1571,1572],"lake_id":27,"lake_id_1":26},"geometry":{"type":"Polygon","coordinates":[[[42.48,-37.71],[42.59406019486828,-37.702447807731886],[42.705,-37.73],[42.8190521304169,-37.73746146719017],[42.93,-37.71],[43.04420090677809,-37.77224886652739],[43.13,-37.87],[43.19682340799339,-37.98054127360529],[43.29,-38.07],[43.215,-38.23259573363177],[43.18,-38.41633843068003],[43.125,-38.59804771823274],[43.11,-38.79],[43.02,-38.79],[42.97406905155823,-38.87608348986578],[42.905,-38.945],[42.837233414669114,-39.01561895020619],[42.75,-39.06],[42.633473536235925,-39.10998447089631],[42.508268733281554,-39.13],[42.414168205517896,-39.20399759011717],[42.3,-39.24],[42.261880782808284,-39.355309105554326],[42.19,-39.453198929366174],[42.135,-39.565230758809335],[42.12,-39.69],[41.98695708620459,-39.72],[41.85,-39.71],[41.71664156483736,-39.68],[41.58,-39.69],[41.51585236146387,-39.53655570508185],[41.42,-39.40064251229143],[41.302777324258805,-39.28906407701337],[41.22,-39.15],[41.13,-39.161738072303145],[41.04,-39.15],[40.96712343887132,-39.10992557736404],[40.914830728927505,-39.04525390660874],[40.8467221415203,-38.99933829842202],[40.77,-38.97],[40.75080436558958,-38.88102173715671],[40.75,-38.79],[40.749905429017716,-38.69887838100197],[40.77,-38.61],[40.83533509424021,-38.45690901751184],[40.93,-38.32],[41.05,-38.21102028609059],[41.13,-38.07],[41.16914086233072,-38.01914086233072],[41.22,-37.98],[41.31,-37.98],[41.44427504004835,-37.91745974201347],[41.56,-37.825],[41.710978477058326,-37.78257615953839],[41.85,-37.71],[41.99638771197468,-37.729287363786234],[42.135058520536745,-37.78],[42.27144980277016,-37.815],[42.39,-37.89],[42.398661637572225,-37.83923118622472],[42.42527195406821,-37.7951359770341],[42.46079055742304,-37.75781000564809],[42.48,-37.71]]]}},{"type":"Feature","properties":{"biome":0,"type":"lake","population":0,"state":0,"province":0,"culture":0,"religion":0,"neighbors":[1643,1713,1711,1640,1639,1573,1571,1572],"lake_id":28,"lake_id_1":27},"geometry":{"type":"Polygon","coordinates":[[[40.68990687946718,-35.565],[40.86,-35.55],[40.955659369479044,-35.687958636375406],[41.015,-35.845],[41.0525,-36.02325426928433],[41.13,-36.18],[40.95399824751041,-36.24219945572492],[40.795,-36.34],[40.63481552271734,-36.42129039600808],[40.5,-36.54],[40.40732017735282,-36.498955818547486],[40.33302839149823,-36.43],[40.231006597105704,-36.41018747010222],[40.14,-36.36],[40.12176516337226,-36.2896290659148],[40.080354435129216,-36.22988185495693],[40.078130548998786,-36.15713004783402],[40.05,-36.09],[40.069483630790685,-35.989218193029465],[40.121767973097576,-35.900883986548784],[40.165884755868795,-35.80910882522385],[40.23,-35.73],[40.37187077279256,-35.655],[40.531453824572935,-35.62],[40.68990687946718,-35.565]]]}},{"type":"Feature","properties":{"biome":0,"type":"lake","population":0,"state":0,"province":0,"culture":0,"religion":0,"neighbors":[1643,1713,1711,1640,1639,1573,1571,1572],"lake_id":29,"lake_id_1":28},"geometry":{"type":"Polygon","coordinates":[[[43.41,-34.742366401379606],[43.29,-34.92],[43.15044839711652,-34.9275],[43.015062214776435,-34.895],[42.87820707820501,-34.880132873108614],[42.75,-34.83],[42.7125,-34.67383053714954],[42.635,-34.54059179205227],[42.5375,-34.42857128138035],[42.48,-34.29],[42.46617396963816,-34.2],[42.48,-34.11],[42.64361914751238,-34.03],[42.775,-33.91],[42.933984902877086,-33.81217151539891],[43.11,-33.75],[43.2,-33.75],[43.28266198621266,-33.87],[43.405,-33.95],[43.512640174022785,-34.05],[43.65,-34.11],[43.55,-34.31010530811585],[43.49,-34.535],[43.41,-34.742366401379606]]]}},{"type":"Feature","properties":{"biome":0,"type":"lake","population":0,"state":0,"province":0,"culture":0,"religion":0,"neighbors":[1643,1713,1711,1640,1639,1573,1571,1572],"lake_id":30,"lake_id_1":29},"geometry":{"type":"Polygon","coordinates":[[[41.308587792531014,-33.759400752697275],[41.49,-33.84],[41.51647768712262,-33.951035316700214],[41.51,-34.065],[41.51410884041498,-34.178754119147996],[41.49,-34.29],[41.33815900611953,-34.39],[41.155,-34.45],[41.01795230415361,-34.56541714862658],[40.86,-34.65],[40.77,-34.66661020957211],[40.68,-34.65],[40.585915432818744,-34.58703890805807],[40.52,-34.495],[40.41359618818363,-34.44863706402847],[40.32,-34.38],[40.30628668936266,-34.26565651633675],[40.255,-34.16254413764679],[40.2625,-34.043843830576535],[40.23,-33.93],[40.33804334677316,-33.79019729262568],[40.48,-33.685],[40.644259460648826,-33.6025],[40.77,-33.48],[40.96855097929149,-33.54],[41.15,-33.64],[41.308587792531014,-33.759400752697275]]]}},{"type":"Feature","properties":{"biome":0,"type":"lake","population":0,"state":0,"province":0,"culture":0,"religion":0,"neighbors":[1643,1713,1711,1640,1639,1573,1571,1572],"lake_id":31,"lake_id_1":30},"geometry":{"type":"Polygon","coordinates":[[[38.45131076805043,-32.33575900309892],[38.52,-32.31],[38.600893049681986,-32.3308198866946],[38.66764361349099,-32.38103457976353],[38.720194241281746,-32.44520511315839],[38.79,-32.49],[38.8875,-32.602915044828855],[38.945,-32.74203016437554],[38.98563091279221,-32.892751708003765],[39.06,-33.03],[38.97,-33.03],[38.864071280315734,-33.15230470086514],[38.725,-33.235],[38.6025,-33.33931333597733],[38.52,-33.48],[38.43,-33.48],[38.34,-33.48],[38.294457530752794,-33.40951439143471],[38.27,-33.32923882410923],[38.22575953907849,-33.25969354011253],[38.16,-33.21],[38.1525,-33.00125834249637],[38.185,-32.797111714611994],[38.1975,-32.59361257401792],[38.25,-32.4],[38.31915884809913,-32.377700250452904],[38.377954372686645,-32.335],[38.45131076805043,-32.33575900309892]]]}},{"type":"Feature","properties":{"biome":0,"type":"lake","population":0,"state":0,"province":0,"culture":0,"religion":0,"neighbors":[1643,1713,1711,1640,1639,1573,1571,1572],"lake_id":32,"lake_id_1":31},"geometry":{"type":"Polygon","coordinates":[[[42.6025,-32.59886777232476],[42.66,-32.76],[42.58767493751343,-32.76398904309528],[42.5186342430493,-32.78590272914789],[42.44910731894133,-32.8074960206438],[42.39,-32.85],[42.24918449887597,-32.7925],[42.137139025717985,-32.695],[41.982109462439546,-32.6575],[41.85,-32.58],[41.80001354362045,-32.4760198110539],[41.785,-32.36162960595484],[41.757643637215885,-32.247418264106976],[41.76,-32.13],[41.806709681510405,-32.10806988844793],[41.857754271880005,-32.100508543760014],[41.90325773342028,-32.07620856208397],[41.94,-32.04],[42.046161137862576,-32.08418711780894],[42.159251864747844,-32.105],[42.27270435617071,-32.13523600502542],[42.39,-32.13],[42.4275,-32.30546693517198],[42.505,-32.465],[42.6025,-32.59886777232476]]]}},{"type":"Feature","properties":{"biome":0,"type":"lake","population":0,"state":0,"province":0,"culture":0,"religion":0,"neighbors":[1643,1713,1711,1640,1639,1573,1571,1572],"lake_id":33,"lake_id_1":32},"geometry":{"type":"Polygon","coordinates":[[[41.40367922884431,-30.734056616924555],[41.49,-30.87],[41.45047722487937,-30.920477224879374],[41.4,-30.96],[41.2275,-31.125],[41.015,-31.25],[40.7825,-31.355],[40.59,-31.5],[40.521534871189466,-31.45375459982473],[40.46749393884562,-31.39125909173157],[40.3871170220657,-31.369352384962895],[40.32,-31.32],[40.27114090393967,-31.202560623904294],[40.25,-31.07713223594448],[40.21380258782478,-30.963580783476647],[40.14,-30.87],[40.222032952663,-30.749971173329754],[40.34,-30.665],[40.4,-30.528976696900383],[40.5,-30.42],[40.66235039671102,-30.4275],[40.82095137192002,-30.395],[40.98122209277898,-30.3825],[41.13,-30.33],[41.19365754631526,-30.484016526170894],[41.29,-30.62],[41.40367922884431,-30.734056616924555]]]}},{"type":"Feature","properties":{"biome":0,"type":"lake","population":0,"state":0,"province":0,"culture":0,"religion":0,"neighbors":[1643,1713,1711,1640,1639,1573,1571,1572],"lake_id":34,"lake_id_1":33},"geometry":{"type":"Polygon","coordinates":[[[41.22,-29.52],[41.13,-29.52],[41.01943317352555,-29.55],[40.905,-29.54],[40.79101599920709,-29.5466950089203],[40.68,-29.52],[40.5375,-29.392438053933372],[40.435,-29.225],[40.35214512427165,-29.045478356788987],[40.23,-28.89],[40.14964138642158,-28.86444746284252],[40.07798343516498,-28.82],[40.02942323046157,-28.753811402514174],[39.96,-28.71],[39.91417378291546,-28.64114073901168],[39.85115986139898,-28.587560092400683],[39.82790632997401,-28.507835723113704],[39.78,-28.44],[39.78395806618348,-28.371247717281545],[39.76514895610628,-28.305],[39.781474934167015,-28.238479118995713],[39.78,-28.17],[39.93,-27.96],[40.12,-27.79],[40.33,-27.64],[40.5,-27.45],[40.59,-27.45],[40.680652022805106,-27.471574211810847],[40.76309859201249,-27.515],[40.85494421352753,-27.539499687008327],[40.95,-27.54],[41.011030676414755,-27.6551754588682],[41.11,-27.74],[41.20005780624309,-27.83242774219614],[41.31,-27.9],[41.34,-28.010650651056483],[41.33,-28.125],[41.33361404714634,-28.23871013752412],[41.31,-28.35],[41.361232199144624,-28.440666810631058],[41.38,-28.543102050808717],[41.446076514229155,-28.619250656699347],[41.49,-28.71],[41.4325,-28.917264819126814],[41.335,-29.095681145194135],[41.2575,-29.29928974789172],[41.22,-29.52]]]}},{"type":"Feature","properties":{"biome":0,"type":"lake","population":0,"state":0,"province":0,"culture":0,"religion":0,"neighbors":[1643,1713,1711,1640,1639,1573,1571,1572],"lake_id":35,"lake_id_1":34},"geometry":{"type":"Polygon","coordinates":[[[43.19974230170284,-27.111431893394595],[43.2,-27.18],[43.2,-27.27],[43.13325987069144,-27.3401167434762],[43.08261087618404,-27.42261087618405],[42.99505460284316,-27.466678871598326],[42.93,-27.54],[42.83826515468062,-27.445229028247553],[42.720922566124585,-27.385],[42.60652150212465,-27.314803969323645],[42.48,-27.27],[42.4827765635898,-27.131118073607507],[42.455,-26.995013844066314],[42.437734190040224,-26.858770429111047],[42.39,-26.73],[42.43544828877927,-26.6611705891598],[42.46224819260094,-26.58316546173395],[42.52577841432221,-26.530028850431687],[42.57,-26.46],[42.66,-26.46],[42.78909765879655,-26.5825],[42.95,-26.665],[43.05615655913457,-26.80672800088309],[43.2,-26.91],[43.221239645817256,-26.97590462223495],[43.21672627037543,-27.045],[43.19974230170284,-27.111431893394595]]]}},{"type":"Feature","properties":{"biome":0,"type":"lake","population":0,"state":0,"province":0,"culture":0,"religion":0,"neighbors":[1643,1713,1711,1640,1639,1573,1571,1572],"lake_id":36,"lake_id_1":35},"geometry":{"type":"Polygon","coordinates":[[[44.10409505108493,-25.1265639187057],[44.1,-25.2],[44.006145002490946,-25.288916001992753],[43.94,-25.4],[43.852801455478996,-25.496001819348734],[43.74,-25.56],[43.65,-25.56],[43.55840696173226,-25.50598937237353],[43.45328430705298,-25.49],[43.38026173600063,-25.42220506771477],[43.29,-25.38],[43.26574786215458,-25.279356917068615],[43.22,-25.186489649205857],[43.156190724312125,-25.10906512832925],[43.11,-25.02],[43.16093650556053,-24.907217836898727],[43.18,-24.78494385318888],[43.248382259596106,-24.68432045254079],[43.29,-24.57],[43.35601593343368,-24.51955327915837],[43.4357114799269,-24.496067219890357],[43.50761735720507,-24.45447217656109],[43.56,-24.39],[43.7075,-24.535],[43.895,-24.64],[44.05983126851835,-24.767369916507196],[44.19,-24.93],[44.14605886622098,-24.98712362642981],[44.125,-25.056047178919247],[44.10409505108493,-25.1265639187057]]]}},{"type":"Feature","properties":{"biome":0,"type":"lake","population":0,"state":0,"province":0,"culture":0,"religion":0,"neighbors":[1643,1713,1711,1640,1639,1573,1571,1572],"lake_id":37,"lake_id_1":36},"geometry":{"type":"Polygon","coordinates":[[[42.21304052615649,-23.20271854618519],[42.12,-23.22],[42.00694981912049,-23.130196277229953],[41.92,-23.01493665301071],[41.85915813492682,-22.879953655668572],[41.76,-22.77],[41.76408659951372,-22.67843482227625],[41.74,-22.59],[41.7658514804045,-22.5017612756005],[41.76,-22.41],[41.829292545181985,-22.387939295692803],[41.88798111628175,-22.345],[41.95722117638696,-22.322448575137493],[42.03,-22.32],[42.045,-22.125982743002332],[42.1,-21.942741761701456],[42.175,-21.77874755309939],[42.21,-21.6],[42.18831681631371,-21.49814031309164],[42.14,-21.405885006831504],[42.098552692419915,-21.313955578107286],[42.03,-21.24],[42.05006945370351,-21.169926629873725],[42.09295014451674,-21.110983381505577],[42.119260709683346,-21.042944814240915],[42.12,-20.97],[42.10150030910544,-20.903717595948113],[42.105172863693696,-20.835],[42.09981945510181,-20.766097794782088],[42.12,-20.7],[42.20607115352219,-20.58384160917473],[42.32,-20.494840299251827],[42.41827833415671,-20.38436480691481],[42.48,-20.25],[42.595735724173416,-20.236800323174688],[42.70007035810309,-20.185],[42.81747689804837,-20.1925],[42.93,-20.16],[43.02,-20.149076723053135],[43.11,-20.16],[43.2,-20.16],[43.2775,-20.293599681141146],[43.315,-20.45],[43.3725,-20.589755614428395],[43.47,-20.7],[43.48,-20.90368660206946],[43.45,-21.105],[43.44,-21.309186222454777],[43.47,-21.51],[43.47,-21.6],[43.45663927538264,-21.69],[43.47,-21.78],[43.41887529085079,-21.818875290850794],[43.38,-21.87],[43.2775,-22.0375],[43.135,-22.165],[43.0525,-22.347782612085137],[42.93,-22.5],[42.78812890116497,-22.63141213825565],[42.685,-22.795],[42.5625,-22.947092412673534],[42.48,-23.13],[42.38607045029464,-23.132795506866497],[42.29476034323535,-23.155],[42.21304052615649,-23.20271854618519]]]}},{"type":"Feature","properties":{"biome":0,"type":"lake","population":0,"state":0,"province":0,"culture":0,"religion":0,"neighbors":[1643,1713,1711,1640,1639,1573,1571,1572],"lake_id":38,"lake_id_1":37},"geometry":{"type":"Polygon","coordinates":[[[42.713029732175535,-17.43661145008844],[42.64,-17.58000114713876],[42.625,-17.751464778386886],[42.57,-17.91],[42.41386220110927,-17.88],[42.255,-17.89],[42.095895890187464,-17.88],[41.94,-17.91],[41.86912430188731,-17.838725425009443],[41.776367786855296,-17.8],[41.67199201917348,-17.782369780625377],[41.58,-17.73],[41.502031855036776,-17.795563626656698],[41.41036381538565,-17.84],[41.319446612280345,-17.886597791953907],[41.22,-17.91],[41.169962064061394,-17.8700379359386],[41.13,-17.82],[41.0075,-17.618326875116395],[40.925,-17.395],[40.7825,-17.2225],[40.68,-17.01],[40.70136606246539,-16.887386485427974],[40.75,-16.77282068468072],[40.785,-16.655735784310714],[40.86,-16.56],[40.95,-16.56],[40.97666151212882,-16.403557873785953],[40.97,-16.245],[40.94,-16.089384035890813],[40.95,-15.93],[41.01987058598136,-15.842043830690436],[41.11,-15.775],[41.2008066170777,-15.70151150796122],[41.31,-15.66],[41.48147766008161,-15.675],[41.64157020628646,-15.73],[41.801226622269866,-15.765],[41.94,-15.84],[41.94,-15.93],[42.00234988486558,-16.005381017900152],[42.08876063826605,-16.051239361733945],[42.15723474911861,-16.119218349914547],[42.21,-16.2],[42.2182771574067,-16.250817120766904],[42.24009026016644,-16.297454869916777],[42.27581868653568,-16.334537093691342],[42.3,-16.38],[42.35806483869971,-16.40973455549936],[42.40255370917215,-16.457446290827843],[42.45002607542574,-16.502115927526482],[42.48,-16.56],[42.515,-16.67713130876599],[42.59,-16.77320736217076],[42.613064484937325,-16.895132025809463],[42.66,-17.01],[42.698315204513705,-17.061684795486293],[42.75,-17.1],[42.765774919414014,-17.19],[42.75,-17.28],[42.713029732175535,-17.43661145008844]]]}},{"type":"Feature","properties":{"biome":0,"type":"lake","population":0,"state":0,"province":0,"culture":0,"religion":0,"neighbors":[1643,1713,1711,1640,1639,1573,1571,1572],"lake_id":39,"lake_id_1":38},"geometry":{"type":"Polygon","coordinates":[[[43.29,-13.5],[43.26658454095995,-13.569747138854947],[43.265,-13.643302807096445],[43.223236058723295,-13.701898684334907],[43.2,-13.77],[43.13143241383552,-13.819332672499524],[43.0495294955581,-13.84],[42.97910614828568,-13.883418027083657],[42.93,-13.95],[42.770101157379415,-13.8525],[42.59,-13.795],[42.40748008464893,-13.7175],[42.21,-13.68],[42.22550124553943,-13.553421001761354],[42.28,-13.43812825623667],[42.31661210914065,-13.324345755269299],[42.39,-13.23],[42.58417519848419,-13.215],[42.76560319744836,-13.16],[42.92724926966836,-13.085],[43.11,-13.05],[43.128691197856725,-13.171928109681946],[43.18,-13.284103114164026],[43.21762794973576,-13.400902659874289],[43.29,-13.5]]]}},{"type":"Feature","properties":{"biome":0,"type":"lake","population":0,"state":0,"province":0,"culture":0,"religion":0,"neighbors":[1643,1713,1711,1640,1639,1573,1571,1572],"lake_id":40,"lake_id_1":39},"geometry":{"type":"Polygon","coordinates":[[[49.823372955979195,-47.1236148462685],[49.86,-47.16],[49.83241084401716,-47.25242480738189],[49.835,-47.34884473695417],[49.81153184885466,-47.43785241301738],[49.77,-47.52],[49.619414335201824,-47.535],[49.482493660251926,-47.59],[49.36333296992222,-47.66126550340194],[49.23,-47.7],[49.14804993120524,-47.64867967360307],[49.08070915551831,-47.57929084448168],[49.00577559332742,-47.51643326432305],[48.96,-47.43],[48.82565371980939,-47.3325],[48.665,-47.275],[48.48651676304081,-47.2375],[48.33,-47.16],[48.27,-46.98269762356306],[48.17,-46.825],[48.09,-46.66280962894871],[47.97,-46.53],[47.97,-46.44],[48.17075243506072,-46.34],[48.395,-46.28],[48.570758956658295,-46.16],[48.78,-46.08],[48.842002437293765,-46.17501326387166],[48.935,-46.24],[48.98177141249343,-46.34616893781627],[49.05,-46.44],[49.14,-46.42364838920982],[49.23,-46.44],[49.24,-46.62191363728994],[49.21,-46.8],[49.2,-46.981378548862146],[49.19607192874223,-47.07300775922191],[49.23,-47.16],[49.29345185523979,-47.175797681636],[49.34609917342516,-47.1475],[49.4493061587607,-47.095],[49.56267120491415,-47.06421175066158],[49.68,-47.07],[49.725996505950135,-47.092655126681265],[49.77635700390266,-47.102285992194666],[49.823372955979195,-47.1236148462685]]]}},{"type":"Feature","properties":{"biome":0,"type":"lake","population":0,"state":0,"province":0,"culture":0,"religion":0,"neighbors":[1643,1713,1711,1640,1639,1573,1571,1572],"lake_id":41,"lake_id_1":40},"geometry":{"type":"Polygon","coordinates":[[[45.043200673457626,-45.728344041827654],[45.09,-45.81],[45.03674785646197,-45.846747856461974],[45.0,-45.9],[44.952358313433585,-45.91927221763594],[44.901831452712166,-45.92866290542433],[44.857231140067185,-45.954415747937595],[44.82,-45.99],[44.686395894584514,-45.96115542310907],[44.55,-45.97],[44.41365639561812,-45.96186134084457],[44.28,-45.99],[44.1825,-45.82978265565923],[44.125,-45.65],[44.0875,-45.452467057269565],[44.01,-45.27],[43.9307207207806,-45.24527179061983],[43.861099219599055,-45.2],[43.810587741799786,-45.133949000441255],[43.74,-45.09],[43.720079998689336,-44.978034322937155],[43.675,-44.873626885412186],[43.6825,-44.75463712458497],[43.65,-44.64],[43.65169586785406,-44.5452271117411],[43.625,-44.45427598774457],[43.58131274941753,-44.371310521007395],[43.56,-44.28],[43.54064173649103,-44.21380938420363],[43.54524701944673,-44.145],[43.54186082192673,-44.07632383908322],[43.56,-44.01],[43.61570307879262,-43.977152603131884],[43.66179980671916,-43.931799806719155],[43.70919844509525,-43.88727464599016],[43.74,-43.83],[43.877616474057945,-43.775],[44.027969878099356,-43.76],[44.15990270048987,-43.7185586739741],[44.28,-43.65],[44.36292128094476,-43.78866297524419],[44.48,-43.9],[44.58,-44.031198564612836],[44.64,-44.19],[44.57663648296205,-44.241175892406034],[44.53,-44.30795123000835],[44.48028865448484,-44.37720282633829],[44.46,-44.46],[44.529022193072244,-44.52892660933741],[44.615,-44.575],[44.66466111118484,-44.65831594976608],[44.73,-44.73],[44.70928402163988,-44.8432975873401],[44.665,-44.949619835641684],[44.63619941026755,-45.06304103834961],[44.64,-45.18],[44.71150223371736,-45.26627188777562],[44.8,-45.335],[44.89151926585931,-45.40724910285337],[45.0,-45.45],[44.994723781828704,-45.54539142406641],[45.025,-45.6360044081076],[45.043200673457626,-45.728344041827654]]]}},{"type":"Feature","properties":{"biome":0,"type":"lake","population":0,"state":0,"province":0,"culture":0,"religion":0,"neighbors":[1643,1713,1711,1640,1639,1573,1571,1572],"lake_id":42,"lake_id_1":41},"geometry":{"type":"Polygon","coordinates":[[[50.84,-44.75399456109457],[50.94,-44.91],[50.90351396371722,-44.94661697529719],[50.87709493407253,-44.99104746703627],[50.873065034430724,-45.043129809920224],[50.85,-45.09],[50.69079305616429,-45.1],[50.535,-45.07],[50.376421710783625,-45.0630169448421],[50.22,-45.09],[50.18231261552621,-45.03768738447379],[50.13,-45.0],[49.98157042101881,-44.9475],[49.820750214077776,-44.935],[49.658563076131735,-44.9425],[49.5,-44.91],[49.47444377389295,-44.865018286509546],[49.43760017041623,-44.828699914791876],[49.416310736601915,-44.78144425806756],[49.41,-44.73],[49.29240924522897,-44.80489298893614],[49.157486885430565,-44.84],[49.01897647029404,-44.895],[48.87,-44.91],[48.7475,-44.80512866606776],[48.665,-44.665],[48.55892385287608,-44.542871492904204],[48.42,-44.46],[48.4575,-44.3056376909986],[48.535,-44.17408645102818],[48.5925,-44.033713531826976],[48.69,-43.92],[48.850367477097485,-43.8875],[49.01389235438656,-43.895],[49.16271911569988,-43.84259329474448],[49.32,-43.83],[49.35590598204829,-43.86735280817821],[49.4018130299975,-43.891373940004996],[49.44859661264964,-43.91360990150968],[49.5,-43.92],[49.58878631019965,-43.89907679179681],[49.68,-43.9],[49.76825035337463,-43.925746819628266],[49.86,-43.92],[49.95229869585055,-44.010161043319556],[50.02,-44.12],[50.11056875736527,-44.21178905329341],[50.22,-44.28],[50.30894324161239,-44.29951082548855],[50.4,-44.3],[50.49148496809468,-44.30336471285218],[50.58,-44.28],[50.69491601784958,-44.417387445525705],[50.78,-44.575],[50.84,-44.75399456109457]]]}},{"type":"Feature","properties":{"biome":0,"type":"lake","population":0,"state":0,"province":0,"culture":0,"religion":0,"neighbors":[1643,1713,1711,1640,1639,1573,1571,1572],"lake_id":43,"lake_id_1":42},"geometry":{"type":"Polygon","coordinates":[[[46.35,-44.01],[46.29868333336419,-44.13685068702225],[46.285,-44.27300230640548],[46.28753927336127,-44.41285849964542],[46.26,-44.55],[46.144079861938444,-44.621516062553944],[46.01500169648968,-44.665],[45.925851901691864,-44.76015799101008],[45.81,-44.82],[45.75152869896593,-44.77724229164481],[45.682591081290305,-44.755],[45.6093087257892,-44.75383208314535],[45.54,-44.73],[45.51060386033104,-44.671700711501764],[45.46565013109237,-44.624349868907636],[45.4062564733747,-44.59650881270009],[45.36,-44.55],[45.3408471784989,-44.414396087477975],[45.295,-44.28534846880012],[45.2625,-44.15001432458699],[45.27,-44.01],[45.27,-43.92],[45.474694921931004,-43.8625],[45.655,-43.765],[45.87390502237488,-43.7275],[46.08,-43.65],[46.166004588574005,-43.72451144676538],[46.23347120427957,-43.816146596790325],[46.310010423999344,-43.90208797160677],[46.35,-44.01]]]}},{"type":"Feature","properties":{"biome":0,"type":"lake","population":0,"state":0,"province":0,"culture":0,"religion":0,"neighbors":[1643,1713,1711,1640,1639,1573,1571,1572],"lake_id":44,"lake_id_1":43},"geometry":{"type":"Polygon","coordinates":[[[52.33877720774001,-43.81095166358521],[52.2,-43.92],[52.03986070828792,-43.8878730924261],[51.876686144924804,-43.895],[51.72817763178411,-43.8425],[51.57,-43.83],[51.52485382758324,-43.782426359842],[51.465521178895834,-43.754478821104165],[51.42244268303311,-43.70608339115465],[51.39,-43.65],[51.41555002579433,-43.582748803807405],[51.455,-43.52258879431108],[51.480356635060474,-43.45354854256763],[51.48,-43.38],[51.61861511172298,-43.2967595237665],[51.725,-43.175],[51.8075,-43.035421385649414],[51.93,-42.93],[52.02553306809561,-42.92471092337649],[52.11629161187295,-42.955],[52.19908489036046,-42.998352539985056],[52.29,-43.02],[52.380083351831125,-43.11239581021109],[52.49,-43.18],[52.58476286428468,-43.26818970857226],[52.65,-43.38],[52.5275,-43.50589542745623],[52.445,-43.67],[52.33877720774001,-43.81095166358521]]]}},{"type":"Feature","properties":{"biome":0,"type":"lake","population":0,"state":0,"province":0,"culture":0,"religion":0,"neighbors":[1643,1713,1711,1640,1639,1573,1571,1572],"lake_id":45,"lake_id_1":44},"geometry":{"type":"Polygon","coordinates":[[[50.55835826651875,-41.10540932023447],[50.67,-41.04],[50.707953544227244,-40.987953544227246],[50.76,-40.95],[50.89595779648369,-40.91273794828602],[51.01671446835641,-40.84],[51.162717764027,-40.82264678594947],[51.3,-40.77],[51.36544885361425,-40.881669991800614],[51.46082523812844,-40.96917476187156],[51.55111555920794,-41.06110136782321],[51.66,-41.13],[51.73485291193279,-41.06122073748357],[51.82777436359189,-41.02],[51.91793054277255,-40.968642589612486],[52.02,-40.95],[52.112429736037406,-40.99263771398246],[52.18874194462871,-41.06],[52.27995537759231,-41.107064543712106],[52.38,-41.13],[52.44930032949908,-41.25424808976844],[52.49,-41.39056998933305],[52.54420241096688,-41.52547459951794],[52.56,-41.67],[52.47546708178554,-41.769333852231924],[52.36,-41.83],[52.299608323210606,-41.94568665856848],[52.2,-42.03],[52.10821267621517,-42.036085914063484],[52.02,-42.01],[51.92851089721792,-42.00659807496123],[51.84,-42.03],[51.77136240733878,-41.92091007412898],[51.68,-41.83],[51.595198485026465,-41.731001893716915],[51.48,-41.67],[51.44262604610037,-41.70547317887248],[51.394698590868956,-41.72439718173791],[51.345158086271645,-41.736370276422285],[51.3,-41.76],[51.23164415232078,-41.73764101263023],[51.16019716447544,-41.72940850657366],[51.10074362132399,-41.68733282493803],[51.03,-41.67],[50.89635567822163,-41.70926865305083],[50.77635605982733,-41.78],[50.62774647330063,-41.795],[50.49,-41.85],[50.46805511488198,-41.89682983716922],[50.461173070476555,-41.948086535238275],[50.43573058596153,-41.99288485066466],[50.4,-42.03],[50.25532062184898,-41.955002181069666],[50.096161447979426,-41.92],[49.92688839248789,-41.905],[49.77,-41.85],[49.806527897940256,-41.71591971932399],[49.88,-41.59796354435628],[49.935,-41.460151770418655],[49.95,-41.31],[50.01917172691962,-41.30871584329256],[50.085,-41.33],[50.15367137277754,-41.327906766248354],[50.22,-41.31],[50.33352213215963,-41.23337323807921],[50.465,-41.195],[50.55835826651875,-41.10540932023447]]]}},{"type":"Feature","properties":{"biome":0,"type":"lake","population":0,"state":0,"province":0,"culture":0,"religion":0,"neighbors":[1643,1713,1711,1640,1639,1573,1571,1572],"lake_id":46,"lake_id_1":45},"geometry":{"type":"Polygon","coordinates":[[[51.9875,-39.43785119839452],[51.93,-39.6],[51.88975910788925,-39.64975910788924],[51.84,-39.69],[51.84,-39.78],[51.72223917066722,-39.8643576499339],[51.635,-39.98],[51.500997327598064,-40.042386532884535],[51.39,-40.14],[51.2762124136047,-40.126413244361466],[51.17379711664827,-40.075],[51.059051146255804,-40.0425],[50.94,-40.05],[50.84,-39.942638469588324],[50.78,-39.805],[50.660434896368464,-39.72158790598199],[50.58,-39.6],[50.55701099678727,-39.5537510034319],[50.54977384820925,-39.502613075895376],[50.52562751429113,-39.457152992486265],[50.49,-39.42],[50.49,-39.33],[50.46921258027175,-39.2168242438426],[50.425,-39.110588108999174],[50.43069526448543,-38.99332135255017],[50.4,-38.88],[50.486369983892715,-38.80859279689607],[50.555,-38.72],[50.63169844476544,-38.631039105740136],[50.67,-38.52],[50.68,-38.38340642260742],[50.65,-38.25],[50.64368890585509,-38.11379177080408],[50.67,-37.98],[50.827605363451966,-37.965724111461164],[50.97750638445875,-37.915],[51.136795166624566,-37.8825],[51.3,-37.89],[51.33910547578686,-37.83910547578686],[51.39,-37.8],[51.36895717776158,-37.71121847753471],[51.370993953463866,-37.62],[51.36387497205285,-37.52824489669747],[51.39,-37.44],[51.46299612611085,-37.324773691847945],[51.505,-37.195],[51.5717218641059,-37.08435067773861],[51.66,-36.99],[51.77625882118748,-36.9775],[51.87998283388673,-36.925],[51.99734080860465,-36.9325],[52.11,-36.9],[52.2,-36.91392980912713],[52.29,-36.9],[52.344946994729554,-36.961485923743226],[52.41486782305535,-37.005198265416965],[52.48348387139096,-37.050263098353874],[52.56,-37.08],[52.59787687601101,-37.19656615381335],[52.67,-37.29566499809145],[52.685,-37.41898920490908],[52.74,-37.53],[52.717279224676716,-37.59561544069284],[52.72,-37.665],[52.71769837154512,-37.7343224634748],[52.74,-37.8],[52.77400544548559,-37.838324014903954],[52.79971375004532,-37.882643124977335],[52.80762761389272,-37.93357047618395],[52.83,-37.98],[52.8375,-38.16485868033764],[52.805,-38.34596755014133],[52.7925,-38.52810282989231],[52.74,-38.7],[52.62574604949845,-38.7975],[52.48381751518451,-38.855],[52.33379753366615,-38.8925],[52.2,-38.97],[52.1625,-39.14632364249563],[52.085,-39.30424966481238],[51.9875,-39.43785119839452]]]}},{"type":"Feature","properties":{"biome":0,"type":"lake","population":0,"state":0,"province":0,"culture":0,"religion":0,"neighbors":[1643,1713,1711,1640,1639,1573,1571,1572],"lake_id":47,"lake_id_1":46},"geometry":{"type":"Polygon","coordinates":[[[47.88,-39.87],[47.76861966798511,-39.9670269916022],[47.635,-40.03],[47.552376286591624,-40.15],[47.43,-40.23],[47.34,-40.23],[47.2575,-40.08942856677901],[47.135,-39.985],[47.001112112639646,-39.89610991416237],[46.89,-39.78],[46.89,-39.69],[46.94079749286485,-39.515613331370275],[46.955,-39.334534938765835],[46.9475,-39.150721767874266],[46.98,-38.97],[47.11602296770893,-38.97381006407059],[47.25,-38.95],[47.38611107805219,-38.945000446295495],[47.52,-38.97],[47.64,-39.17151105073079],[47.72,-39.4],[47.82,-39.62363684342781],[47.88,-39.87]]]}},{"type":"Feature","properties":{"biome":0,"type":"lake","population":0,"state":0,"province":0,"culture":0,"religion":0,"neighbors":[1643,1713,1711,1640,1639,1573,1571,1572],"lake_id":48,"lake_id_1":47},"geometry":{"type":"Polygon","coordinates":[[[52.56656304683303,-31.655],[52.47513055436039,-31.681298433863102],[52.38,-31.68],[52.235,-31.4875],[52.13,-31.255],[51.965,-31.07861520412675],[51.84,-30.87],[51.89337237381708,-30.833372373817074],[51.93,-30.78],[51.8775,-30.609384117572667],[51.865,-30.425949207112783],[51.8325,-30.24470071248053],[51.84,-30.06],[51.993437221594334,-29.99529246413973],[52.13,-29.9],[52.27427036332949,-29.82],[52.38,-29.7],[52.47056765237596,-29.72725777793153],[52.565121280299316,-29.725],[52.6477723492646,-29.770382618146673],[52.74,-29.79],[52.77994217790648,-29.882678253581737],[52.85,-29.95531803487536],[52.895562253464554,-30.04886124530175],[52.92,-30.15],[53.05768447789693,-30.178694377040607],[53.19827869650416,-30.175],[53.33313200718617,-30.191423632297788],[53.46,-30.24],[53.50598339856802,-30.307785972272207],[53.57,-30.35888671318517],[53.61663089353979,-30.429055593776056],[53.64,-30.51],[53.73,-30.496115001071807],[53.82,-30.51],[53.91801923287988,-30.668893799221554],[53.98,-30.845],[54.1,-30.97327174482974],[54.18,-31.14],[54.191282589756284,-31.23],[54.18,-31.32],[54.1707613331219,-31.370529345003536],[54.15022553394981,-31.4176127669749],[54.11496317551388,-31.455042002964205],[54.09,-31.5],[54.117522338458635,-31.614007191500487],[54.115,-31.73126228365754],[54.164803840467194,-31.835489140489564],[54.18,-31.95],[54.15871475079476,-31.996678417079917],[54.14917033800276,-32.04708516900138],[54.12486381432333,-32.09230957315802],[54.09,-32.13],[53.96197947432589,-32.17310790495536],[53.84761569888275,-32.245],[53.73494339199557,-32.310626448207564],[53.64,-32.4],[53.55,-32.4],[53.41392974946098,-32.31371810430272],[53.305,-32.195],[53.2225,-32.05305163058305],[53.1,-31.95],[53.11471440959244,-31.86],[53.1,-31.77],[53.005283847312995,-31.731724204475384],[52.93253891900014,-31.66],[52.831847380552766,-31.637163175717816],[52.74,-31.59],[52.65741557805647,-31.633530736015068],[52.56656304683303,-31.655]]]}},{"type":"Feature","properties":{"biome":0,"type":"lake","population":0,"state":0,"province":0,"culture":0,"religion":0,"neighbors":[1643,1713,1711,1640,1639,1573,1571,1572],"lake_id":49,"lake_id_1":48},"geometry":{"type":"Polygon","coordinates":[[[44.82,-29.88],[44.7838909888609,-29.933890988860895],[44.73,-29.97],[44.594548854422996,-30.0675],[44.435,-30.125],[44.2744722648002,-30.2025],[44.1,-30.24],[44.049672651939744,-30.20032734806026],[44.01,-30.15],[43.91735172784629,-30.032218177496564],[43.855,-29.89595181304854],[43.8175,-29.744229169663495],[43.74,-29.61],[43.79908687829668,-29.55302827048891],[43.84559427119321,-29.485396180795473],[43.89151119466576,-29.41715746417467],[43.92,-29.34],[44.05305814221083,-29.37],[44.19,-29.36],[44.32346972472234,-29.33],[44.46,-29.34],[44.54580215231708,-29.47635827814634],[44.66,-29.59],[44.76,-29.72030236261288],[44.82,-29.88]]]}},{"type":"Feature","properties":{"biome":0,"type":"lake","population":0,"state":0,"province":0,"culture":0,"religion":0,"neighbors":[1643,1713,1711,1640,1639,1573,1571,1572],"lake_id":50,"lake_id_1":49},"geometry":{"type":"Polygon","coordinates":[[[50.94,-28.35],[50.886845707073014,-28.386845707073025],[50.85,-28.44],[50.75508717420602,-28.4357133960092],[50.664704021458064,-28.465],[50.571937069581914,-28.48294596931755],[50.49,-28.53],[50.32909926322619,-28.475262109641953],[50.15982920756222,-28.46],[50.003683618921876,-28.42198392047889],[49.86,-28.35],[49.8475,-28.190927020258172],[49.795,-28.04149029665297],[49.7625,-27.88316818121773],[49.77,-27.72],[50.0185311783896,-27.73],[50.265,-27.7],[50.51386794895877,-27.69],[50.76,-27.72],[50.835,-27.858924375299505],[50.87,-28.017283077370518],[50.885,-28.188924309324314],[50.94,-28.35]]]}},{"type":"Feature","properties":{"biome":0,"type":"lake","population":0,"state":0,"province":0,"culture":0,"religion":0,"neighbors":[1643,1713,1711,1640,1639,1573,1571,1572],"lake_id":51,"lake_id_1":50},"geometry":{"type":"Polygon","coordinates":[[[45.724864501660825,-23.2775],[45.9,-23.4],[45.7575,-23.551640716974973],[45.655,-23.74],[45.5725,-23.94520674251214],[45.45,-24.12],[45.404538587924385,-24.143345710105073],[45.36589349075163,-24.17678698150327],[45.316169577102436,-24.188262404295134],[45.27,-24.21],[45.18,-24.196189888577027],[45.09,-24.21],[44.971563461117995,-24.100834654982904],[44.885,-23.965],[44.743905178685694,-23.8825],[44.64,-23.76],[44.657409949717554,-23.69359777032853],[44.66,-23.625],[44.63839483629115,-23.55921928351242],[44.64,-23.49],[44.63537313791956,-23.393348973785518],[44.665,-23.301234491947476],[44.68135535015062,-23.20948879470043],[44.73,-23.13],[44.780947063042795,-23.121871416337015],[44.82882061826663,-23.10264123653328],[44.865649032847216,-23.066446224012434],[44.91,-23.04],[44.97832858252548,-23.01607887965254],[45.03871684300298,-22.976150529008926],[45.111174920000316,-22.972889239682818],[45.18,-22.95],[45.33369380910123,-23.0925],[45.52,-23.195],[45.724864501660825,-23.2775]]]}},{"type":"Feature","properties":{"biome":0,"type":"lake","population":0,"state":0,"province":0,"culture":0,"religion":0,"neighbors":[1643,1713,1711,1640,1639,1573,1571,1572],"lake_id":52,"lake_id_1":51},"geometry":{"type":"Polygon","coordinates":[[[52.742866495249274,-22.476356311533397],[52.74,-22.59],[52.65369898851927,-22.63580975561076],[52.589208472179955,-22.709208472179952],[52.51767788741401,-22.775175842964043],[52.47,-22.86],[52.32468134023853,-22.840798755777378],[52.18718338728636,-22.79],[52.050062032109835,-22.75494261132319],[51.93,-22.68],[51.94264834266731,-22.59],[51.93,-22.5],[52.013932915620394,-22.381824795727216],[52.13,-22.295],[52.23,-22.18813048004957],[52.29,-22.05],[52.40815958849935,-22.04280948678972],[52.522076938774994,-22.075],[52.62644688851723,-22.122894020909403],[52.74,-22.14],[52.74248500294487,-22.253609778039543],[52.72,-22.365],[52.742866495249274,-22.476356311533397]]]}},{"type":"Feature","properties":{"biome":0,"type":"lake","population":0,"state":0,"province":0,"culture":0,"religion":0,"neighbors":[1643,1713,1711,1640,1639,1573,1571,1572],"lake_id":53,"lake_id_1":52},"geometry":{"type":"Polygon","coordinates":[[[51.440639833601956,-18.40922013674485],[51.48,-18.54],[51.476556521661095,-18.612448959331743],[51.45112500780434,-18.680375002601444],[51.42719590138462,-18.748315497297025],[51.39,-18.81],[51.27098811761323,-18.91868393514576],[51.185,-19.055],[51.04913202760302,-19.14152364274507],[50.94,-19.26],[50.85,-19.273284461564703],[50.76,-19.26],[50.69189564275768,-19.190367748921723],[50.645,-19.105],[50.55793553602017,-19.060391234059775],[50.49,-18.99],[50.5675,-18.786998820739953],[50.605,-18.565],[50.6625,-18.361712410056786],[50.76,-18.18],[50.76,-18.09],[50.871451226125295,-18.11179870609043],[50.985,-18.11],[51.09568553612839,-18.08],[51.21,-18.09],[51.27490070946641,-18.202255226522382],[51.365,-18.29550465448941],[51.440639833601956,-18.40922013674485]]]}},{"type":"Feature","properties":{"biome":0,"type":"lake","population":0,"state":0,"province":0,"culture":0,"religion":0,"neighbors":[1643,1713,1711,1640,1639,1573,1571,1572],"lake_id":54,"lake_id_1":53},"geometry":{"type":"Polygon","coordinates":[[[53.140165614071314,-17.121424551078547],[53.19,-17.19],[53.18449480533102,-17.281722799407664],[53.21,-17.37],[53.18997106659398,-17.458885674065996],[53.19,-17.55],[53.0475,-17.655031399724468],[52.945,-17.8],[52.8625,-17.963191598271926],[52.74,-18.09],[52.65,-18.09],[52.48727461168275,-17.959924958006788],[52.36,-17.795],[52.2173228914287,-17.640691872068132],[52.11,-17.46],[52.2975,-17.355],[52.445,-17.21],[52.6125,-17.085],[52.74,-16.92],[52.80588428970001,-16.941340506911825],[52.875,-16.93696152823471],[52.943420362804254,-16.935806105139445],[53.01,-16.92],[53.07448972874412,-16.970778120523274],[53.12,-17.0390874013538],[53.140165614071314,-17.121424551078547]]]}},{"type":"Feature","properties":{"biome":0,"type":"lake","population":0,"state":0,"province":0,"culture":0,"religion":0,"neighbors":[1643,1713,1711,1640,1639,1573,1571,1572],"lake_id":55,"lake_id_1":54},"geometry":{"type":"Polygon","coordinates":[[[53.03250280878607,-15.38951174402365],[53.1,-15.48],[53.041685983993645,-15.638837035056891],[52.945,-15.777695051273579],[52.8675,-15.932655312897426],[52.83,-16.11],[52.694888973950256,-16.1425],[52.55514631262697,-16.135],[52.417421649551386,-16.1475],[52.29,-16.2],[52.17806395978289,-16.134920050271383],[52.09,-16.04],[52.023904844315666,-15.928876124547463],[51.93,-15.84],[51.93,-15.75],[51.95423739118262,-15.647876682301375],[52.0,-15.553418189917991],[52.064942740821635,-15.478401749497205],[52.11,-15.39],[52.184441923256514,-15.304000440676928],[52.274865721718434,-15.235],[52.38058630537516,-15.191334926183712],[52.47,-15.12],[52.561820552898304,-15.113615023915296],[52.65,-15.14],[52.741556684843,-15.144010163587007],[52.83,-15.12],[52.903364306668266,-15.209887943821942],[52.945,-15.318186757196038],[53.03250280878607,-15.38951174402365]]]}},{"type":"Feature","properties":{"biome":0,"type":"lake","population":0,"state":0,"province":0,"culture":0,"religion":0,"neighbors":[1643,1713,1711,1640,1639,1573,1571,1572],"lake_id":56,"lake_id_1":55},"geometry":{"type":"Polygon","coordinates":[[[51.556115948813556,-12.281780887710374],[51.66,-12.33],[51.6925,-12.511380408602271],[51.685,-12.697531478189504],[51.7375,-12.867511602846717],[51.75,-13.05],[51.70117606170523,-13.093366984270745],[51.64296671198954,-13.122966711989543],[51.613249405189165,-13.181095905716932],[51.57,-13.23],[51.43672859563218,-13.26],[51.3,-13.25],[51.166677846138484,-13.22],[51.03,-13.23],[50.95684882023563,-13.11528419269045],[50.915,-12.985825752283935],[50.82399964975685,-12.8930795062379],[50.76,-12.78],[50.76,-12.69],[50.896265757340764,-12.60395175877311],[51.005,-12.485],[51.0875,-12.345256341130021],[51.21,-12.24],[51.324959317729636,-12.26602221720252],[51.44282260969532,-12.265],[51.556115948813556,-12.281780887710374]]]}},{"type":"Feature","properties":{"biome":0,"type":"lake","population":0,"state":0,"province":0,"culture":0,"religion":0,"neighbors":[1643,1713,1711,1640,1639,1573,1571,1572],"lake_id":57,"lake_id_1":56},"geometry":{"type":"Polygon","coordinates":[[[46.349200797168976,0.563515022216894],[46.44,0.54],[46.48568061383993,0.451740104508197],[46.55,0.375980324961212],[46.574463915103976,0.274226897250447],[46.62,0.18],[46.54,0.017463776734457],[46.42,-0.115],[46.36,-0.296506403836815],[46.26,-0.45],[46.20126182987423,-0.491583682101109],[46.133210001810106,-0.515],[46.05991220944036,-0.517803013251086],[45.99,-0.54],[45.85950718010116,-0.3975],[45.695,-0.295],[45.51656882904501,-0.210363133024007],[45.36,-0.09],[45.42,0.091334059329414],[45.52,0.245],[45.6,0.410810849124844],[45.72,0.54],[45.81236814631106,0.55878781614516],[45.8945222122592,0.605],[45.9860050584525,0.626818757777799],[46.08,0.63],[46.163780458117785,0.587447215766338],[46.25546585280018,0.566863411200707],[46.349200797168976,0.563515022216894]]]}},{"type":"Feature","properties":{"biome":0,"type":"lake","population":0,"state":0,"province":0,"culture":0,"religion":0,"neighbors":[1643,1713,1711,1640,1639,1573,1571,1572],"lake_id":58,"lake_id_1":57},"geometry":{"type":"Polygon","coordinates":[[[47.61,2.34],[47.58437029941171,2.273140476925227],[47.545,2.213331975002313],[47.542045919828226,2.140000985705837],[47.52,2.07],[47.44974302985694,2.025726490926018],[47.3976078841211,1.961088173818355],[47.32797901576666,1.91687494037318],[47.25,1.89],[47.117388724180444,1.9275],[47.005,2.005],[46.8900514819898,2.066035831018776],[46.8,2.16],[46.80411520153474,2.277305215261729],[46.775,2.391014289001967],[46.75481872326687,2.504163625139365],[46.71,2.61],[46.7610022670878,2.648997732912201],[46.8,2.7],[46.94571940505195,2.719145950741289],[47.083612762805245,2.77],[47.21832617849339,2.809803702152983],[47.34,2.88],[47.4175,2.745584756508554],[47.455,2.590212349850874],[47.51288962991205,2.452958064069027],[47.61,2.34]]]}},{"type":"Feature","properties":{"biome":0,"type":"lake","population":0,"state":0,"province":0,"culture":0,"religion":0,"neighbors":[1643,1713,1711,1640,1639,1573,1571,1572],"lake_id":59,"lake_id_1":58},"geometry":{"type":"Polygon","coordinates":[[[49.32,3.51],[49.32,3.42],[49.25217688549197,3.32847694805652],[49.165349529628905,3.254737852778324],[49.118199983416716,3.15113449893866],[49.05,3.06],[48.95832528216973,3.07826807679093],[48.87736786205224,3.125],[48.78214464240994,3.125963471316188],[48.69,3.15],[48.63647282035541,3.241908152149068],[48.62,3.346983903784251],[48.55161705989921,3.419461411686215],[48.51,3.51],[48.62091920633567,3.576350992080413],[48.71,3.67],[48.77225473516629,3.784196211866968],[48.87,3.87],[49.00598981648833,3.81],[49.115,3.71],[49.20163627679605,3.593739683715949],[49.32,3.51]]]}},{"type":"Feature","properties":{"biome":0,"type":"lake","population":0,"state":0,"province":0,"culture":0,"religion":0,"neighbors":[1643,1713,1711,1640,1639,1573,1571,1572],"lake_id":60,"lake_id_1":59},"geometry":{"type":"Polygon","coordinates":[[[54.49328608300398,-39.038902862129476],[54.54,-39.06],[54.54227538958188,-39.1327534283737],[54.565,-39.2019042115885],[54.58714406539588,-39.271207046316604],[54.63,-39.33],[54.581785714927335,-39.41112255335379],[54.565,-39.50398657072375],[54.54148487501916,-39.59551286469767],[54.54,-39.69],[54.48751580013786,-39.75326276010943],[54.41989628772286,-39.8],[54.34083279145755,-39.826187485028385],[54.27,-39.87],[54.20072775540308,-39.87196265102923],[54.135,-39.85],[54.06564655020245,-39.84748921386654],[54.0,-39.87],[53.90958366084513,-39.7958327637476],[53.8,-39.755],[53.729219363904114,-39.66798323726027],[53.64,-39.6],[53.67,-39.4438619781937],[53.66,-39.285],[53.668027157983026,-39.12635541854076],[53.64,-38.97],[53.68574870510366,-38.947266221759804],[53.7356387518999,-38.936277503799786],[53.77239972048503,-38.900014566063234],[53.82,-38.88],[53.94807919435278,-38.92628130646465],[54.08297118768991,-38.945],[54.22392694600263,-38.9375],[54.36,-38.97],[54.4096201169647,-38.9817417563451],[54.45520070767665,-39.0045985846467],[54.49328608300398,-39.038902862129476]]]}},{"type":"Feature","properties":{"biome":0,"type":"lake","population":0,"state":0,"province":0,"culture":0,"religion":0,"neighbors":[1643,1713,1711,1640,1639,1573,1571,1572],"lake_id":61,"lake_id_1":60},"geometry":{"type":"Polygon","coordinates":[[[56.992226656188265,-34.505],[57.15,-34.56],[57.225,-34.68090088638281],[57.26,-34.81917414695341],[57.31467657131596,-34.954682396869565],[57.33,-35.1],[57.1825,-35.2675],[56.995,-35.395],[56.83000202045153,-35.547091331442395],[56.7,-35.73],[56.61,-35.73],[56.505,-35.524573388500585],[56.36,-35.35],[56.195,-35.2],[56.07,-35.01],[56.16568616985347,-34.9212505186697],[56.225,-34.805],[56.30197197762009,-34.691639907862495],[56.34,-34.56],[56.39452366262349,-34.52565456491269],[56.44018403793362,-34.48018403793361],[56.47356240208752,-34.42488991627764],[56.52,-34.38],[56.66143896016594,-34.455],[56.821086685732816,-34.49],[56.992226656188265,-34.505]]]}},{"type":"Feature","properties":{"biome":0,"type":"lake","population":0,"state":0,"province":0,"culture":0,"religion":0,"neighbors":[1643,1713,1711,1640,1639,1573,1571,1572],"lake_id":62,"lake_id_1":61},"geometry":{"type":"Polygon","coordinates":[[[53.663314835798566,-33.837486917727446],[53.73,-33.93],[53.77918994432882,-34.08032582196184],[53.795,-34.23770290260336],[53.8275,-34.39645894464738],[53.82,-34.56],[53.73046045632335,-34.62765272910798],[53.66,-34.715],[53.56998565121706,-34.78986634994271],[53.46,-34.83],[53.355994455973274,-34.876850053560005],[53.243377138694385,-34.895],[53.12474065857019,-34.88931608625722],[53.01,-34.92],[52.9725,-34.674324793028205],[52.895,-34.45],[52.7975,-34.25042705285691],[52.74,-34.02],[52.74,-33.93],[52.792441441402815,-33.89244144140282],[52.83,-33.84],[52.96652917688505,-33.7425],[53.125,-33.685],[53.28607219038339,-33.60877551111685],[53.46,-33.57],[53.501738990048146,-33.67682348444835],[53.57572311458589,-33.76445766406058],[53.663314835798566,-33.837486917727446]]]}},{"type":"Feature","properties":{"biome":0,"type":"lake","population":0,"state":0,"province":0,"culture":0,"religion":0,"neighbors":[1643,1713,1711,1640,1639,1573,1571,1572],"lake_id":63,"lake_id_1":62},"geometry":{"type":"Polygon","coordinates":[[[55.34446633933874,-34.35234520911097],[55.26,-34.47],[55.17,-34.47],[55.0797303428102,-34.37783707148725],[54.97,-34.31],[54.8788467493549,-34.21892260051608],[54.81,-34.11],[54.82758231476864,-34.0187254274062],[54.875,-33.93877701577656],[54.87466628803825,-33.84268892175104],[54.9,-33.75],[54.96997605514991,-33.72998326735703],[55.042587933837154,-33.725],[55.10178837060305,-33.683668194832975],[55.17,-33.66],[55.278609889963846,-33.76],[55.415,-33.82],[55.499354038351946,-33.93859961068925],[55.62,-34.02],[55.56,-34.15564849165114],[55.46,-34.265],[55.34446633933874,-34.35234520911097]]]}},{"type":"Feature","properties":{"biome":0,"type":"lake","population":0,"state":0,"province":0,"culture":0,"religion":0,"neighbors":[1643,1713,1711,1640,1639,1573,1571,1572],"lake_id":64,"lake_id_1":63},"geometry":{"type":"Polygon","coordinates":[[[55.8825,-32.76237330111143],[55.98,-32.94],[55.95806311777006,-32.98639158522515],[55.92332414362574,-33.02416207181287],[55.91446107475364,-33.07479285469313],[55.89,-33.12],[55.7760308539345,-33.113472106763126],[55.665,-33.14],[55.554497021189974,-33.11],[55.44,-33.12],[55.400637927399146,-33.087642381472264],[55.355498493901145,-33.064003012197695],[55.31075419385146,-33.03856202133735],[55.26,-33.03],[55.2225,-32.85644836261731],[55.145,-32.69733626151451],[55.0475,-32.56297367846551],[54.99,-32.4],[55.02578766762925,-32.36291198556009],[55.05156732732692,-32.318283663663465],[55.07250034277277,-32.271084913025966],[55.08,-32.22],[55.22917956761167,-32.1675],[55.388917304707746,-32.155],[55.5509404673344,-32.16153140591482],[55.71,-32.13],[55.7875,-32.33259726859388],[55.825,-32.555],[55.8825,-32.76237330111143]]]}},{"type":"Feature","properties":{"biome":0,"type":"lake","population":0,"state":0,"province":0,"culture":0,"religion":0,"neighbors":[1643,1713,1711,1640,1639,1573,1571,1572],"lake_id":65,"lake_id_1":64},"geometry":{"type":"Polygon","coordinates":[[[53.525,-28.865],[53.43462281830678,-28.957763594329517],[53.37,-29.07],[53.32273130694967,-29.091108168504604],[53.2713973594735,-29.09779471894699],[53.22602259538686,-29.122778571609935],[53.19,-29.16],[53.05387761933042,-29.073902975836972],[52.94,-28.96],[52.804170504704715,-28.86337846022271],[52.65,-28.8],[52.633931516059455,-28.70759412261684],[52.585,-28.627576942666394],[52.559288084390026,-28.535549337490593],[52.56,-28.44],[52.652418162671594,-28.370345358108434],[52.75889203001309,-28.325],[52.82993652765568,-28.237615779337332],[52.92,-28.17],[53.01,-28.183054595030857],[53.1,-28.17],[53.255068081619974,-28.231751602063806],[53.39,-28.33],[53.534920625275085,-28.41],[53.64,-28.53],[53.64,-28.62],[53.60077079449962,-28.751076087214106],[53.525,-28.865]]]}},{"type":"Feature","properties":{"biome":0,"type":"lake","population":0,"state":0,"province":0,"culture":0,"religion":0,"neighbors":[1643,1713,1711,1640,1639,1573,1571,1572],"lake_id":66,"lake_id_1":65},"geometry":{"type":"Polygon","coordinates":[[[55.055,-26.847172246765766],[55.1325,-26.958810226787172],[55.17,-27.09],[55.140581767628575,-27.180220078736838],[55.145,-27.27501234754528],[55.09502230329097,-27.356013999781215],[55.08,-27.45],[54.94430561194484,-27.51],[54.835,-27.61],[54.74275384923472,-27.720510195465582],[54.63,-27.81],[54.530351256018875,-27.78620182498679],[54.438909380060075,-27.74],[54.36058381902367,-27.675588478376163],[54.27,-27.63],[54.22798110930917,-27.503072384013556],[54.155,-27.391045759683024],[54.06383841000934,-27.29555646901067],[54.0,-27.18],[54.08052433289834,-27.039094588200037],[54.2,-26.9292580358422],[54.26,-26.771571266133645],[54.36,-26.64],[54.47351303630568,-26.64139665843901],[54.585,-26.62],[54.69918098622757,-26.611088904939933],[54.81,-26.64],[54.9,-26.64],[54.96200384334919,-26.755179878426684],[55.055,-26.847172246765766]]]}},{"type":"Feature","properties":{"biome":0,"type":"lake","population":0,"state":0,"province":0,"culture":0,"religion":0,"neighbors":[1643,1713,1711,1640,1639,1573,1571,1572],"lake_id":67,"lake_id_1":66},"geometry":{"type":"Polygon","coordinates":[[[143.42012054084321,-24.66710670828901],[143.46,-24.84],[143.3905302088697,-24.93311737010007],[143.345,-25.04],[143.25197003665346,-25.10495534800805],[143.19,-25.2],[143.07326250007202,-25.202472766719797],[142.95977679368815,-25.175],[142.8546683664254,-25.126338055561394],[142.74,-25.11],[142.69025366462836,-25.06974633537164],[142.65,-25.02],[142.64146248357565,-24.969273913671387],[142.61912416676694,-24.92293791661654],[142.58348718489384,-24.88579958688017],[142.56,-24.84],[142.71107531260617,-24.673848236349357],[142.895,-24.545],[143.0225,-24.359120017651666],[143.19,-24.21],[143.2875,-24.346180976884558],[143.345,-24.506360430183655],[143.42012054084321,-24.66710670828901]]]}},{"type":"Feature","properties":{"biome":0,"type":"lake","population":0,"state":0,"province":0,"culture":0,"religion":0,"neighbors":[1643,1713,1711,1640,1639,1573,1571,1572],"lake_id":68,"lake_id_1":67},"geometry":{"type":"Polygon","coordinates":[[[54.53,-15.371640072240996],[54.63,-15.48],[54.61134135236298,-15.572622293385656],[54.565,-15.65496009409002],[54.53445473492081,-15.745042023610221],[54.54,-15.84],[54.50452482732423,-15.877948485966611],[54.45881636936999,-15.90263273873997],[54.411594802673,-15.924211702729108],[54.36,-15.93],[54.20379012311274,-15.81],[54.02,-15.73],[53.845525657145025,-15.63],[53.64,-15.57],[53.68581367659281,-15.501261393004782],[53.711745529060615,-15.422830352707074],[53.7740876067369,-15.368655189732362],[53.82,-15.3],[53.93150769000623,-15.2225],[54.065,-15.185],[54.15829887797583,-15.095330774097064],[54.27,-15.03],[54.35951418514186,-15.142730063276238],[54.47,-15.235],[54.53,-15.371640072240996]]]}},{"type":"Feature","properties":{"biome":0,"type":"lake","population":0,"state":0,"province":0,"culture":0,"religion":0,"neighbors":[1643,1713,1711,1640,1639,1573,1571,1572],"lake_id":69,"lake_id_1":68},"geometry":{"type":"Polygon","coordinates":[[[53.6275,-13.175],[53.73,-13.32],[53.74543631771572,-13.41],[53.73,-13.5],[53.5291132913981,-13.5975],[53.3,-13.655],[53.05855645689499,-13.6925],[52.83,-13.77],[52.77930517442036,-13.730694825579635],[52.74,-13.68],[52.82,-13.468612490680952],[52.94,-13.295],[53.0,-13.069718804310195],[53.1,-12.87],[53.13570265203778,-12.83236917060126],[53.18258519278269,-12.810170385565382],[53.233065419343106,-12.800809322681612],[53.28,-12.78],[53.4025,-12.905351115533009],[53.485,-13.07],[53.6275,-13.175]]]}},{"type":"Feature","properties":{"biome":0,"type":"lake","population":0,"state":0,"province":0,"culture":0,"religion":0,"neighbors":[1643,1713,1711,1640,1639,1573,1571,1572],"lake_id":70,"lake_id_1":69},"geometry":{"type":"Polygon","coordinates":[[[53.665,-10.69],[53.5825,-10.89287463836192],[53.46,-11.07],[53.30005905647765,-11.037914868117177],[53.13708555553667,-11.045],[52.988466082334966,-10.9925],[52.83,-10.98],[52.8375,-10.815961164795246],[52.805,-10.656127465574347],[52.7925,-10.498775281211774],[52.74,-10.35],[52.808342252482106,-10.259043905685308],[52.855953386914976,-10.15571504018623],[52.923780137679465,-10.064308517733036],[53.01,-9.99],[53.061717413085184,-9.951717413085184],[53.1,-9.9],[53.32749256334875,-9.96],[53.525,-10.06],[53.70660753546027,-10.18],[53.91,-10.26],[53.91,-10.35],[53.8075,-10.54],[53.665,-10.69]]]}},{"type":"Feature","properties":{"biome":0,"type":"lake","population":0,"state":0,"province":0,"culture":0,"religion":0,"neighbors":[1643,1713,1711,1640,1639,1573,1571,1572],"lake_id":71,"lake_id_1":70},"geometry":{"type":"Polygon","coordinates":[[[146.67809263721213,26.82120423697021],[146.61,26.73],[146.49931969698883,26.7],[146.385,26.71],[146.27141037305373,26.707741696854587],[146.16,26.73],[146.07324053880902,26.684980143344333],[146.005,26.615],[145.95667857819512,26.530690087145537],[145.89,26.46],[145.8,26.46],[145.70540005101782,26.457063385834626],[145.6149715176936,26.485],[145.53204721350644,26.529778840687516],[145.44,26.55],[145.3684315797653,26.645846977307478],[145.33,26.759124051380773],[145.3084197224036,26.883461877766273],[145.26,27.0],[145.33469680854503,27.087989220976112],[145.375,27.196143596631195],[145.43982937632364,27.29005757750674],[145.53,27.36],[145.46720275293129,27.47361671563097],[145.375,27.565],[145.2975,27.67658056615134],[145.26,27.81],[145.29246280344313,27.84928841184909],[145.31538008694318,27.894809956528402],[145.32410020846152,27.945529037570985],[145.35,27.99],[145.28173358737342,28.078945037768037],[145.195,28.15],[145.1261750210388,28.243488137097316],[145.08,28.35],[145.10417022857575,28.419380735259768],[145.105,28.49284635888044],[145.12604758439406,28.562277569513768],[145.17,28.62],[145.26,28.62],[145.41876714438885,28.629957524124546],[145.575,28.6],[145.7309022343776,28.63],[145.89,28.62],[145.98039445639196,28.688978689647932],[146.05475541077837,28.775],[146.14310152595488,28.84824890298434],[146.25,28.89],[146.34,28.906415458339872],[146.43,28.89],[146.595,29.0175],[146.72,29.185],[146.86263858313936,29.339336878254205],[146.97,29.52],[147.09668077609135,29.505],[147.21158250089653,29.45],[147.32250545972474,29.407721442780556],[147.42,29.34],[147.56852716762097,29.3925],[147.72819733704156,29.405],[147.89077040268654,29.3975],[148.05,29.43],[148.22078679455677,29.445],[148.37926918651118,29.5],[148.53802807518275,29.535],[148.68,29.61],[148.77,29.61],[148.86,29.60032909880254],[148.95,29.61],[149.04,29.5967984757497],[149.13,29.61],[149.24384935242975,29.6627572460719],[149.36813808682967,29.68],[149.46406813807243,29.754261917629794],[149.58,29.79],[149.6608604327136,29.742097865205075],[149.75327627065263,29.725],[149.84852531043754,29.726595214987967],[149.94,29.7],[149.9975,29.540117209007832],[150.095,29.405],[150.1325,29.229630323170934],[150.21,29.07],[150.18594771383187,29.024054923644076],[150.1483690919481,28.988315454025965],[150.1407580061486,28.93726094386779],[150.12,28.89],[150.1405888550902,28.820193669676105],[150.185,28.76253540994682],[150.20877364344324,28.69324504580532],[150.21,28.62],[150.1905542839067,28.531049524010367],[150.19,28.44],[150.21676902382686,28.351863224869657],[150.21,28.26],[150.11993584038814,28.205774785197182],[150.01599796029146,28.19],[149.92668624641772,28.144526372024643],[149.85,28.08],[149.85515451294398,27.917093918709494],[149.825,27.756920057938668],[149.7725,27.608617832656538],[149.76,27.45],[149.667649656133,27.423302638543042],[149.5715327789199,27.425],[149.48158777386695,27.403527223764712],[149.4,27.36],[149.3475,27.23434958671529],[149.335,27.095936717831115],[149.30354600413574,26.95968560010162],[149.31,26.82],[149.17590747944453,26.755316179258575],[149.05755297594442,26.665],[148.9045541078132,26.6275],[148.77,26.55],[148.70356462422563,26.64071885471858],[148.615,26.71],[148.57285446179543,26.818828815532363],[148.5,26.91],[148.38608484182248,26.90407947050305],[148.275,26.93],[148.16359891061134,26.90763725562255],[148.05,26.91],[148.00825827245788,27.023222448547074],[147.94,27.122733769080263],[147.885,27.234814875050656],[147.87,27.36],[147.78,27.370834029308906],[147.69,27.36],[147.564425706769,27.2375],[147.4,27.155],[147.255,27.0525],[147.15,26.91],[147.06824053013415,26.930509987045948],[147.00000557502182,26.98],[146.9296897090192,27.02374884623051],[146.88,27.09],[146.83928989232953,26.98256499532119],[146.76429236507303,26.895530726195233],[146.67809263721213,26.82120423697021]]]}},{"type":"Feature","properties":{"biome":0,"type":"lake","population":0,"state":0,"province":0,"culture":0,"religion":0,"neighbors":[1643,1713,1711,1640,1639,1573,1571,1572],"lake_id":72,"lake_id_1":71},"geometry":{"type":"Polygon","coordinates":[[[145.26,30.96],[145.35,30.977238164884852],[145.44,30.96],[145.4525,30.799173823261423],[145.505,30.651106875786155],[145.4991810310687,30.48912720177726],[145.53,30.33],[145.405,30.185],[145.24,30.08],[145.1004384196988,29.94755308646656],[144.99,29.79],[144.9,29.79],[144.7345583052714,29.916748965707114],[144.605,30.08],[144.42386272790174,30.186726055388338],[144.27,30.33],[144.31642096405406,30.4351734327431],[144.335,30.54862463935632],[144.3675,30.661971752748048],[144.36,30.78],[144.45298239591037,30.820145751824846],[144.52631582178628,30.89],[144.6292227411986,30.908219118946942],[144.72,30.96],[144.85685960802505,30.97],[144.99,30.94],[145.1261753171341,30.93413321868961],[145.26,30.96]]]}},{"type":"Feature","properties":{"biome":0,"type":"lake","population":0,"state":62,"province":0,"culture":0,"religion":0,"neighbors":[],"lake_id":73,"lake_id_1":72},"geometry":{"type":"Polygon","coordinates":[[[41.16642586740788,-23.367016542812085],[41.12431712806308,-23.418810862822177],[41.094447201097,-23.420755011403013],[41.036536889881646,-23.382702424919277],[40.963720419902,-23.29990675991488],[40.948034058808204,-23.266632149337916],[40.94323415950243,-23.235111119374388],[40.95047109907243,-23.161332511285483],[40.929213024016065,-23.089513221563113],[40.9287852458471,-23.053269193559792],[40.94482149339411,-23.031669917234122],[40.974377373676255,-23.03046338039227],[41.00796505924433,-23.045980956036175],[41.139583370821036,-23.12510570485476],[41.22462915208614,-23.23423345800252],[41.26207459073165,-23.305317926335583],[41.26091491634153,-23.3385654717479],[41.24045726175737,-23.358697106924243],[41.16642586740788,-23.367016542812085]]]}},{"type":"Feature","properties":{"biome":0,"type":"lake","population":0,"state":62,"province":0,"culture":0,"religion":0,"neighbors":[],"lake_id":74,"lake_id_1":73},"geometry":{"type":"Polygon","coordinates":[[[42.8868414696163,-29.875101484016486],[42.86253924532876,-29.866796729965998],[42.84340441149009,-29.876256215528255],[42.83415896519092,-29.90135538234157],[42.83396233120654,-29.93297607266971],[42.83732756150296,-29.962310060598465],[42.83889465467916,-29.98653178210027],[42.837657468620094,-30.008410647916826],[42.83693124533976,-30.03144846764546],[42.840535518181746,-30.056005535511048],[42.84917704620713,-30.080030142236666],[42.860470299620005,-30.102689738658427],[42.872142735406726,-30.126066022008146],[42.884736073496484,-30.15236860111924],[42.900795704419686,-30.179383734601217],[42.92137296715715,-30.199472352761116],[42.9436641241009,-30.20437293163714],[42.962634508698166,-30.1921716917186],[42.97540935569302,-30.170002487684577],[42.984162323398785,-30.149425320006337],[42.9944124920014,-30.138023429661924],[43.01000482024646,-30.134298054962912],[43.02932340547126,-30.130005800344986],[43.046253670371634,-30.11743774920779],[43.05500837966532,-30.095051282288097],[43.05437537817702,-30.067034384959744],[43.04767021281451,-30.038399247083053],[43.03889904260686,-30.011069828570232],[43.02913945026025,-29.984570063099746],[43.01656490386008,-29.959605657489387],[42.999634677989235,-29.93970684596639],[42.97975896120655,-29.928396242796904],[42.96045586685299,-29.92460125526998],[42.94384003663994,-29.92162030080289],[42.92824854741299,-29.91189476983737],[42.909824366287026,-29.89395375422276],[42.8868414696163,-29.875101484016486]]]}},{"type":"Feature","properties":{"biome":0,"type":"lake","population":0,"state":62,"province":0,"culture":0,"religion":0,"neighbors":[],"lake_id":75,"lake_id_1":74},"geometry":{"type":"Polygon","coordinates":[[[39.60605291193529,-29.629393112836272],[39.53745360093996,-29.69202291732645],[39.50827080355283,-29.6991301341188],[39.48875901846534,-29.68978043074721],[39.47488226470573,-29.66886544050213],[39.45334318598621,-29.59176122118245],[39.46643888270177,-29.5291829244062],[39.513132675524815,-29.449609876711712],[39.55032095571698,-29.341602018586265],[39.57699908084662,-29.314460401243306],[39.605141411705354,-29.307716185344354],[39.62960527190005,-29.318685949245182],[39.66217636244032,-29.351839391366816],[39.7112620980415,-29.38140451334471],[39.72490160041402,-29.426196073868287],[39.73366368399688,-29.513728451544708],[39.72763219793167,-29.550576136548134],[39.708920922065566,-29.585569689194802],[39.681286252431136,-29.609145483127147],[39.60605291193529,-29.629393112836272]]]}},{"type":"Feature","properties":{"biome":0,"type":"lake","population":0,"state":62,"province":0,"culture":0,"religion":0,"neighbors":[],"lake_id":76,"lake_id_1":75},"geometry":{"type":"Polygon","coordinates":[[[41.16227117003959,-27.140852990604202],[41.18551988888626,-27.063674952045588],[41.213489737697735,-27.02935506203478],[41.25830455191047,-27.005622796753364],[41.43210006534352,-26.968613245969525],[41.50175162664934,-26.96468026647356],[41.57375938083614,-26.979068474931964],[41.634360492849,-27.016904197310563],[41.67008437698264,-27.069779969134594],[41.69314392461648,-27.16846342378238],[41.71866163307192,-27.202305938374515],[41.821977135341236,-27.28285783834204],[41.856282212417085,-27.33512905930498],[41.85439775759171,-27.386050815404772],[41.819087228398885,-27.425016392896662],[41.76656200916457,-27.451402802648943],[41.65804741214589,-27.488564112868236],[41.60036890019829,-27.50074340301562],[41.53838368984745,-27.499928855644853],[41.47697559124269,-27.484044119648747],[41.37017047300959,-27.438208980923385],[41.16165612052289,-27.399866103299008],[41.09218583793535,-27.362361806580758],[41.05752297071895,-27.30792618127474],[41.065927176590975,-27.253617325499324],[41.16227117003959,-27.140852990604202]]]}},{"type":"Feature","properties":{"biome":0,"type":"lake","population":0,"state":62,"province":0,"culture":0,"religion":0,"neighbors":[],"lake_id":77,"lake_id_1":76},"geometry":{"type":"Polygon","coordinates":[[[37.32249346131198,-28.315217824729505],[37.309326351009766,-28.29402552632412],[37.310000456951016,-28.264329548506442],[37.3254154261648,-28.182330451048152],[37.34628054591151,-28.130506034921737],[37.43448333730423,-27.998954942156438],[37.459942536840344,-27.972083875331823],[37.4869936996082,-27.959886507521908],[37.506735221930676,-27.966374627952543],[37.53418317647778,-28.02848876271975],[37.574731657743236,-28.05576540569504],[37.5805658049675,-28.07770706720547],[37.547276497770284,-28.19428675013197],[37.50550406273755,-28.248352981575696],[37.47952207968142,-28.260717382831857],[37.41895561450046,-28.268007814984905],[37.369016766642616,-28.305983204401812],[37.341284999164344,-28.318180726824007],[37.32249346131198,-28.315217824729505]]]}},{"type":"Feature","properties":{"biome":0,"type":"lake","population":0,"state":62,"province":0,"culture":0,"religion":0,"neighbors":[],"lake_id":78,"lake_id_1":77},"geometry":{"type":"Polygon","coordinates":[[[36.71613700084082,-26.366047833650033],[36.755311402894314,-26.308396769249953],[36.741747679950315,-26.2599046303162],[36.746096539019796,-26.237355190473536],[36.765792233462,-26.221964111196016],[36.79905559137038,-26.21500088438063],[36.87415658392762,-26.214987331025068],[36.95817708913756,-26.22963105159704],[36.99917301984677,-26.250299849540333],[37.02958828502683,-26.2774621924236],[37.065579051326544,-26.328580112864195],[37.1716612240482,-26.39523528677558],[37.20269828349052,-26.42605243999506],[37.208450455105414,-26.454744610476055],[37.189105223130056,-26.47434363267923],[37.155500161819425,-26.484268576942338],[37.02952617728774,-26.50428622739446],[36.790147912303716,-26.44979138182194],[36.74450335020809,-26.426339826211812],[36.717694353516926,-26.395663058460933],[36.71613700084082,-26.366047833650033]]]}},{"type":"Feature","properties":{"biome":0,"type":"lake","population":0,"state":62,"province":0,"culture":0,"religion":0,"neighbors":[],"lake_id":79,"lake_id_1":78},"geometry":{"type":"Polygon","coordinates":[[[38.76774697352452,-28.212842168896707],[38.779708536621804,-28.32723004808266],[38.759812975225785,-28.356597469560562],[38.71578533762246,-28.363377400548195],[38.66334595972146,-28.34526799163863],[38.45639517604671,-28.213441892862647],[38.31844176922148,-28.033105890983137],[38.29212247600087,-27.986136807710757],[38.28955255810498,-27.943014220009193],[38.316594154352224,-27.9187946618559],[38.362611710616264,-27.915570213534604],[38.45423443917157,-27.933818038910072],[38.4830877417328,-27.930109106524835],[38.54341709951209,-27.90469255034201],[38.584833323418046,-27.906386042575058],[38.630309468727184,-27.924303007727836],[38.751765331299524,-28.02019021666136],[38.787533013812556,-28.058255127140207],[38.811787182285826,-28.09883943790034],[38.81676270163875,-28.139422484384944],[38.80307003539367,-28.16933872616821],[38.76774697352452,-28.212842168896707]]]}},{"type":"Feature","properties":{"biome":0,"type":"lake","population":0,"state":62,"province":0,"culture":0,"religion":0,"neighbors":[],"lake_id":80,"lake_id_1":79},"geometry":{"type":"Polygon","coordinates":[[[35.2797629228643,-26.00180227153729],[35.23699410504839,-25.966371762679195],[35.232517004064704,-25.948941510095548],[35.24029863360935,-25.923885712456517],[35.29468900790898,-25.849354583441023],[35.35774646974994,-25.802780238748003],[35.39851247635882,-25.791891021417506],[35.48355634340128,-25.79996242808924],[35.59315940975097,-25.76898437649507],[35.62594615359084,-25.77133352764689],[35.641646813581936,-25.786367500942006],[35.640314540248795,-25.812916773704593],[35.587011445054216,-25.909663476996265],[35.56373155242738,-25.931853134259537],[35.3773586368255,-26.056121732173573],[35.33561951270911,-26.06857537500376],[35.30294505142658,-26.063144767817683],[35.28708510220169,-26.0442928490318],[35.2797629228643,-26.00180227153729]]]}},{"type":"Feature","properties":{"biome":0,"type":"lake","population":0,"state":62,"province":0,"culture":0,"religion":0,"neighbors":[],"lake_id":81,"lake_id_1":80},"geometry":{"type":"Polygon","coordinates":[[[38.68754133423514,-29.111420084468033],[38.78155455280492,-29.122957693684263],[38.828999329613005,-29.106246825438213],[38.858629937661064,-29.10528843482885],[38.890538812373464,-29.1152988723557],[38.94604889675603,-29.155939361824547],[38.99456427944968,-29.20562831305082],[39.009749206191984,-29.234978476026964],[39.010343665807525,-29.264525219336285],[38.99629290786197,-29.288389419552324],[38.9586614383893,-29.319817571195163],[38.949256483547614,-29.398275000008812],[38.93084294156709,-29.4240610275504],[38.90154502294792,-29.43228753646397],[38.86454558040364,-29.423577270715906],[38.7488488416728,-29.351908966539092],[38.70815986856294,-29.308756380740277],[38.63535163532066,-29.173204860297073],[38.63371470598012,-29.141334988156874],[38.65461491287207,-29.1175284179069],[38.68754133423514,-29.111420084468033]]]}},{"type":"Feature","properties":{"biome":0,"type":"lake","population":0,"state":62,"province":0,"culture":0,"religion":0,"neighbors":[],"lake_id":82,"lake_id_1":81},"geometry":{"type":"Polygon","coordinates":[[[40.21607665217042,-26.759900547783303],[40.25415717075617,-26.796413691763014],[40.25991742213943,-26.82270620630303],[40.24716627498778,-26.854929129536178],[40.15202270169171,-26.946720373095886],[40.06782422871237,-26.99742512139257],[40.020145576872544,-27.00729002106055],[39.98104820597873,-27.00293020190428],[39.92499135549871,-26.98322754198162],[39.79220394281928,-27.003478527137144],[39.752139187927185,-26.995148703111845],[39.737149218266175,-26.972105046852697],[39.74787912018708,-26.93338817712536],[39.87523541137093,-26.780620315563645],[40.11838810452247,-26.64470435300522],[40.16974166501702,-26.634423993506957],[40.20595244768177,-26.64664489373206],[40.219114199768946,-26.675483531336596],[40.210032367280775,-26.74006065388716],[40.21607665217042,-26.759900547783303]]]}},{"type":"Feature","properties":{"biome":0,"type":"lake","population":0,"state":62,"province":0,"culture":0,"religion":0,"neighbors":[],"lake_id":83,"lake_id_1":82},"geometry":{"type":"Polygon","coordinates":[[[35.93372161375584,-27.711485265650023],[35.948312274989036,-27.700250242690217],[35.95950402967916,-27.681340078995586],[35.967405710696006,-27.663165263540527],[35.975019354028014,-27.651195523417574],[35.98533839273995,-27.644503388564516],[35.99838106334727,-27.637635411219897],[36.010935214543494,-27.62571887079847],[36.019205323494816,-27.608093667333474],[36.0218105264854,-27.58765244274121],[36.020357518429414,-27.56739184420615],[36.01727561307587,-27.548091584956488],[36.01326093069322,-27.52931101295998],[36.00690850065855,-27.512038495451655],[35.9967601055357,-27.499454203947433],[35.98348405115894,-27.494351718142234],[35.969784187748395,-27.495632010540554],[35.95801495938023,-27.497818650369297],[35.94792268269882,-27.494925515840382],[35.936933869173586,-27.485664963634047],[35.92290368623941,-27.475249369537703],[35.90670500058151,-27.471829806513536],[35.892059256119374,-27.48042810813443],[35.88262708827662,-27.499494349024427],[35.87903090058938,-27.52279427402562],[35.87857558517021,-27.54453725153997],[35.87786702125901,-27.563037073549363],[35.87579350910204,-27.580086756044267],[35.874097869536115,-27.59754503908389],[35.87521599915586,-27.61504808729999],[35.87971881201056,-27.631037680598656],[35.885941096129194,-27.64544411477769],[35.89203697432828,-27.660483658712852],[35.89817959869627,-27.678111457228745],[35.90649033695486,-27.696539906873554],[35.91866467643726,-27.709772201286185],[35.93372161375584,-27.711485265650023]]]}},{"type":"Feature","properties":{"biome":0,"type":"lake","population":0,"state":62,"province":0,"culture":0,"religion":0,"neighbors":[],"lake_id":84,"lake_id_1":83},"geometry":{"type":"Polygon","coordinates":[[[40.062637224601765,-22.659016142699343],[40.038905011254656,-22.65807974683613],[40.022525209658134,-22.671006322131728],[40.01742533113092,-22.6945726249257],[40.02138385616838,-22.721174835102495],[40.02801772547962,-22.74479393495127],[40.032052276738845,-22.764511710718565],[40.03312636179894,-22.78303073969079],[40.03496441303357,-22.802540361592353],[40.04121476210007,-22.822418918110454],[40.052207121736565,-22.840768174076008],[40.06555070334059,-22.8574471495926],[40.07940193677397,-22.8746686341771],[40.09458056024478,-22.893998254129478],[40.11314792812821,-22.9128179013433],[40.135010345287455,-22.924463164788296],[40.15642992725523,-22.922880110301456],[40.17253443651457,-22.907983547202008],[40.181740423726986,-22.886662760348205],[40.18770887528518,-22.868055305414458],[40.19652926825861,-22.856927473283243],[40.211366777241885,-22.850779266846562],[40.229376444487464,-22.842910626154133],[40.24372853642311,-22.828359357738975],[40.24891026402578,-22.807376234479733],[40.244536461642426,-22.78390141606117],[40.234506775239886,-22.761393884497256],[40.222829893607965,-22.740502840087117],[40.21037638943747,-22.72056848541659],[40.1954691627138,-22.702615821177044],[40.17712691622438,-22.68991080750424],[40.157144857506054,-22.68492682645355],[40.13864338756453,-22.685783953440993],[40.122651742298494,-22.686365334179968],[40.10659353886297,-22.680954057231858],[40.08675175794244,-22.669578226282248],[40.062637224601765,-22.659016142699343]]]}},{"type":"Feature","properties":{"biome":0,"type":"lake","population":0,"state":62,"province":0,"culture":0,"religion":0,"neighbors":[],"lake_id":85,"lake_id_1":84},"geometry":{"type":"Polygon","coordinates":[[[42.37102650806712,-30.929410813177903],[42.196741395259195,-30.994830380053887],[42.1577985082342,-30.99625321327463],[41.991483600257496,-30.962082018006924],[41.942595640448374,-30.94240417557703],[41.9051199883854,-30.90858281399538],[41.890743869475436,-30.862981418250733],[41.90100021551479,-30.82072271404064],[41.940609712536954,-30.758486160347335],[41.92912612346572,-30.652688750200035],[41.94081813592641,-30.61626426777458],[41.97000676560572,-30.592041895551343],[42.011157328361556,-30.58099133220812],[42.09569126976454,-30.578679241659213],[42.13990795258123,-30.58326249077825],[42.18299602162257,-30.59782807535071],[42.22023471069793,-30.625941922974988],[42.280237103042005,-30.72572124498601],[42.39291506508555,-30.816200237123127],[42.413683362100336,-30.860684901187252],[42.40405042662086,-30.90208289241446],[42.37102650806712,-30.929410813177903]]]}},{"type":"Feature","properties":{"biome":0,"type":"lake","population":0,"state":62,"province":0,"culture":0,"religion":0,"neighbors":[],"lake_id":86,"lake_id_1":85},"geometry":{"type":"Polygon","coordinates":[[[38.06874368742183,-23.11922865741546],[38.20239048852579,-23.121284461989845],[38.23891271835412,-23.140099944727428],[38.25082071909613,-23.169343258634694],[38.24408117161456,-23.204872566285367],[38.18577797500339,-23.309259681470877],[38.15166665042844,-23.340252248180448],[38.106779014467534,-23.363804814917284],[37.97323984140088,-23.401022629376914],[37.88165873867081,-23.45558181810647],[37.8216816469562,-23.479580827251212],[37.76478899313258,-23.483843350508547],[37.72795104518067,-23.465298434926826],[37.71317032542863,-23.43025754630188],[37.71569221762953,-23.361928752801166],[37.70017164797988,-23.281577230951054],[37.71264612758376,-23.250528401410367],[37.817414210491044,-23.119340464998412],[37.861565744046146,-23.08514174858151],[37.916943982043094,-23.064598955690577],[37.9712143745797,-23.06521989603632],[38.012433231820346,-23.082331462493126],[38.06874368742183,-23.11922865741546]]]}},{"type":"Feature","properties":{"biome":0,"type":"lake","population":0,"state":62,"province":0,"culture":0,"religion":0,"neighbors":[],"lake_id":87,"lake_id_1":86},"geometry":{"type":"Polygon","coordinates":[[[43.17551820569505,-31.46667734387433],[43.199045947963164,-31.464675629117153],[43.22727414752673,-31.47050860660917],[43.26210607031964,-31.476355066239964],[43.29790331797601,-31.47063146294786],[43.32403469296355,-31.447259600116464],[43.332690731249265,-31.41036550839588],[43.32518393692307,-31.370446124092975],[43.31096204256356,-31.335863077033093],[43.300109703846346,-31.30746690467804],[43.295934698735934,-31.280632372990315],[43.29387537089089,-31.251704360732955],[43.2869344230406,-31.22200496658796],[43.27198977543044,-31.1957193699023],[43.25120802639965,-31.174660429388545],[43.228178982853215,-31.156150256805983],[43.20365886170563,-31.136755090520897],[43.17570780106028,-31.118058045458387],[43.143878593497554,-31.107929853609857],[43.112427044154494,-31.114909756458157],[43.08826169909553,-31.14035674969585],[43.07487232682918,-31.17586357079778],[43.06813477169787,-31.20894350272823],[43.05876838834709,-31.232320569323225],[43.04004912781709,-31.248679684873593],[43.0140710435631,-31.266898274000717],[42.99079061704629,-31.293593037887177],[42.98056395775275,-31.32777811672327],[42.98671687367071,-31.362934179612882],[43.004402967330066,-31.39350927552727],[43.02601875239506,-31.419000287069267],[43.04755387659662,-31.441909756700248],[43.07006339942945,-31.462560700740713],[43.09583370422438,-31.477012569789736],[43.12413754235742,-31.48082966965831],[43.1514102407159,-31.474889277567364],[43.17551820569505,-31.46667734387433]]]}},{"type":"Feature","properties":{"biome":0,"type":"lake","population":0,"state":62,"province":0,"culture":0,"religion":0,"neighbors":[],"lake_id":88,"lake_id_1":87},"geometry":{"type":"Polygon","coordinates":[[[34.80571132475732,-23.98503430196614],[34.78234633377867,-23.981254568165767],[34.711989656373916,-23.991032228989425],[34.68316687443137,-23.977882543901178],[34.67430742180231,-23.95055531523466],[34.68070113318124,-23.91222448453186],[34.716830938766435,-23.820453748674623],[34.806670892320106,-23.70663600713181],[34.92325635478929,-23.65076441524015],[35.050269329344765,-23.542798725039574],[35.0984444533016,-23.521907236271474],[35.1303267104201,-23.52874785558895],[35.14385156209178,-23.5609608860872],[35.12600642154677,-23.734434826125746],[35.10956484523591,-23.77204462827978],[35.00862537170589,-23.934250266816303],[34.971107439914576,-23.982683302442396],[34.92568825834942,-24.020124186358707],[34.88035579392464,-24.03552080400327],[34.84370484531827,-24.025713371882805],[34.80571132475732,-23.98503430196614]]]}},{"type":"Feature","properties":{"biome":0,"type":"lake","population":0,"state":62,"province":0,"culture":0,"religion":0,"neighbors":[],"lake_id":89,"lake_id_1":88},"geometry":{"type":"Polygon","coordinates":[[[36.36224568217623,-21.359406657166698],[36.38543981153308,-21.33133235405072],[36.42165721282803,-21.31530302147517],[36.56232808743007,-21.28688770318918],[36.596666993287656,-21.29102659994631],[36.6908193298873,-21.324608828144996],[36.7749135276979,-21.342640853179272],[36.81423796678287,-21.363751199056644],[36.83510391217194,-21.396871091195965],[36.82940972366468,-21.430709180295267],[36.75710977918735,-21.500916973061504],[36.72664395330095,-21.576316545654684],[36.7016661361652,-21.594731801016465],[36.667727282518285,-21.605303966683426],[36.55222260982584,-21.61335067868501],[36.51131315333314,-21.60568086550266],[36.47583579653818,-21.58475151771038],[36.45561572897733,-21.554929018878227],[36.44743516230372,-21.494254089321586],[36.43781273387821,-21.4724428676038],[36.383115471466475,-21.423441971974437],[36.36225908285891,-21.39076662320992],[36.36224568217623,-21.359406657166698]]]}},{"type":"Feature","properties":{"biome":0,"type":"lake","population":0,"state":62,"province":0,"culture":0,"religion":0,"neighbors":[],"lake_id":90,"lake_id_1":89},"geometry":{"type":"Polygon","coordinates":[[[36.13844881478632,-27.07310047197348],[36.12770357127094,-26.994521719092724],[36.09808566273446,-26.961656667627977],[36.09034099701966,-26.93460617732615],[36.107792580421986,-26.875201107369232],[36.165722295587834,-26.790037101350695],[36.192726866149954,-26.768323957548525],[36.22216673566898,-26.7587806236946],[36.24997514418013,-26.76256211108496],[36.29060309319085,-26.780485528938435],[36.37514821195791,-26.758916501084332],[36.404435473823916,-26.766083700058587],[36.418740055835194,-26.789262138313994],[36.41667940973508,-26.82346527122123],[36.36937528172703,-26.942987559355593],[36.33479215655235,-26.99163381813795],[36.211456520744676,-27.100219235900685],[36.1796763671757,-27.11069780950924],[36.15109797651202,-27.09939675087057],[36.13844881478632,-27.07310047197348]]]}},{"type":"Feature","properties":{"biome":0,"type":"lake","population":0,"state":62,"province":0,"culture":0,"religion":0,"neighbors":[],"lake_id":91,"lake_id_1":90},"geometry":{"type":"Polygon","coordinates":[[[36.37066496498678,-25.90343133933616],[36.45211873313485,-25.984961058247922],[36.47437009952836,-26.018900334712132],[36.47479085121811,-26.04613314913373],[36.45399569463135,-26.060334115849827],[36.32962368570353,-26.05716337327147],[36.26866114562719,-26.04214228916394],[36.093295586318206,-25.952592477717445],[36.05675034409389,-25.922299899484774],[36.03817387878306,-25.88842221500113],[36.04276534611851,-25.861845546009455],[36.09138819408494,-25.819049068117273],[36.08954061369168,-25.775000712565493],[36.09800546122564,-25.754773772691884],[36.12017802535437,-25.744340531288554],[36.15008257598487,-25.745027215612428],[36.220195711155256,-25.76111665424775],[36.29418462813387,-25.792149030948636],[36.32685097585928,-25.818977546962657],[36.3490616950303,-25.849829395124893],[36.37066496498678,-25.90343133933616]]]}},{"type":"Feature","properties":{"biome":0,"type":"lake","population":0,"state":62,"province":0,"culture":0,"religion":0,"neighbors":[],"lake_id":92,"lake_id_1":91},"geometry":{"type":"Polygon","coordinates":[[[41.72306840997056,-25.787905485350407],[41.60978450576211,-25.786302384764983],[41.45861461780414,-25.83078671251313],[41.427206439119836,-25.778897071419216],[41.40387689500904,-25.69819512547728],[41.398233459412225,-25.65710424541638],[41.4031495070298,-25.61396191082782],[41.4202867355122,-25.57433191576188],[41.465309878478735,-25.51200606927483],[41.50617831467443,-25.380986727485652],[41.5367082838299,-25.33784845648176],[41.57630412343149,-25.32041635715215],[41.61807393565601,-25.33258228362748],[41.69680097647829,-25.420567114732066],[41.74964584437012,-25.45563763777581],[41.77185386338698,-25.482361241399207],[41.792143208996954,-25.55526700126521],[41.804539540811774,-25.687493265483074],[41.791358797391496,-25.73701641624997],[41.76157272039515,-25.77276661427886],[41.72306840997056,-25.787905485350407]]]}},{"type":"Feature","properties":{"biome":0,"type":"lake","population":0,"state":62,"province":0,"culture":0,"religion":0,"neighbors":[],"lake_id":93,"lake_id_1":92},"geometry":{"type":"Polygon","coordinates":[[[41.041273791961636,-26.589063416483484],[41.053523620524416,-26.598281176447955],[41.074152113448655,-26.597007408191036],[41.096733302029946,-26.588155127365404],[41.11604689441853,-26.578093497134674],[41.131433607206326,-26.571874849280288],[41.14583956779559,-26.569818897034686],[41.162014969377765,-26.56818433540194],[41.17978100564122,-26.56289800868631],[41.19678206781099,-26.552741785563676],[41.211391335032104,-26.53935706019363],[41.22430663406004,-26.52476438047563],[41.23698638010262,-26.509403078221595],[41.24867181280292,-26.49274947978543],[41.25551494710296,-26.47552163895398],[41.253338054728204,-26.46059666202522],[41.241726966525555,-26.45107608928092],[41.22542051201792,-26.447117020519187],[41.21122354241529,-26.444858988270973],[41.202870429081365,-26.439082781868805],[41.19833986191622,-26.427647658034232],[41.191986704155035,-26.413782886551747],[41.17948524906951,-26.404012347148015],[41.161143549204716,-26.40337663724369],[41.14092140443907,-26.41202267682657],[41.12261211554494,-26.425883917779544],[41.10708555235623,-26.44041778586162],[41.09300330866459,-26.453803943585886],[41.07968492711119,-26.466967550602877],[41.06867479989064,-26.481123289843545],[41.06215838245465,-26.495839340946635],[41.05996343445877,-26.509678101267447],[41.05866332346671,-26.522426185813778],[41.05431931234278,-26.53604375701918],[41.04657387981199,-26.552764704165284],[41.04005089110064,-26.571956199837146],[41.041273791961636,-26.589063416483484]]]}},{"type":"Feature","properties":{"biome":0,"type":"lake","population":0,"state":62,"province":0,"culture":0,"religion":0,"neighbors":[],"lake_id":94,"lake_id_1":93},"geometry":{"type":"Polygon","coordinates":[[[39.60816134501923,-20.257412329818944],[39.61634944302958,-20.24539184444426],[39.607740506895915,-20.232326301761923],[39.58593490018511,-20.22134876742762],[39.56005275167445,-20.213654975640452],[39.53783364056417,-20.207784549652],[39.520855937980876,-20.20139655270498],[39.505483820992225,-20.193708853754714],[39.48769974440493,-20.186210913851063],[39.46676954698007,-20.181065693489863],[39.4446135528166,-20.178948882081897],[39.42253675223127,-20.17858250723782],[39.39959499694187,-20.178421162513033],[39.37473220731517,-20.17869031196758],[39.350297279905085,-20.181563209903135],[39.33252226528079,-20.18913763224991],[39.32735106872751,-20.20115562455769],[39.334952456543114,-20.21478512769704],[39.348259900118315,-20.226824223986053],[39.357628092027895,-20.236298465526705],[39.358063423086286,-20.244981098867644],[39.35288136132572,-20.255352838490445],[39.35069559958393,-20.267978138925024],[39.35853342246285,-20.280789914346286],[39.3770671199195,-20.290877043257453],[39.40158122049223,-20.296947964727494],[39.42684061469542,-20.30006882267584],[39.45080020102602,-20.302080376596184],[39.47401771829288,-20.30344261526577],[39.49642037241211,-20.3027724728575],[39.515709739806304,-20.298535450954503],[39.52954440380398,-20.291084327246505],[39.53910176076418,-20.282827191441807],[39.54958967331146,-20.27619215275804],[39.566096792609684,-20.271341379553505],[39.588126073198616,-20.265952117283156],[39.60816134501923,-20.257412329818944]]]}},{"type":"Feature","properties":{"biome":0,"type":"lake","population":0,"state":62,"province":0,"culture":0,"religion":0,"neighbors":[],"lake_id":95,"lake_id_1":94},"geometry":{"type":"Polygon","coordinates":[[[37.43234602386105,-20.49407657569838],[37.34979567347323,-20.538639492628505],[37.321314381440246,-20.535915809641665],[37.304557762375545,-20.51867488921494],[37.29706549793473,-20.493565979357843],[37.294673653572154,-20.412636996367443],[37.30419512635405,-20.383140073494637],[37.38027128089975,-20.291342051256358],[37.4143579272244,-20.22683794337572],[37.442091718323375,-20.196001552871113],[37.47535693579464,-20.180816074202752],[37.5034844507901,-20.186745242624564],[37.546107044967194,-20.244190797000037],[37.58987279012495,-20.282803734849484],[37.595430075000614,-20.30663201624658],[37.58929048105796,-20.387136739064836],[37.568122936750754,-20.451881260987584],[37.541274828145994,-20.479241466529725],[37.508151737405434,-20.49282883621823],[37.43234602386105,-20.49407657569838]]]}},{"type":"Feature","properties":{"biome":0,"type":"lake","population":0,"state":62,"province":0,"culture":0,"religion":0,"neighbors":[],"lake_id":96,"lake_id_1":95},"geometry":{"type":"Polygon","coordinates":[[[35.35264792059126,-26.791158150401852],[35.27771651221041,-26.7935613948885],[35.257153145000316,-26.77469748185921],[35.24934451418481,-26.74449768845641],[35.25000746532651,-26.670024181899585],[35.2666231753422,-26.582573599157683],[35.29059810180345,-26.538216432978146],[35.324456948431205,-26.502869041507513],[35.41529262668035,-26.448311879428296],[35.47176773854539,-26.37219528146677],[35.50844684085086,-26.335404131421317],[35.54754980862162,-26.319956921911746],[35.57106717209847,-26.33115732290263],[35.584523363617045,-26.361557039000953],[35.599780493301544,-26.49571370371441],[35.59263310965482,-26.533576316683327],[35.54720111805128,-26.646299614781995],[35.51904975588283,-26.740250185032032],[35.49263660885402,-26.790862176215224],[35.455277943143535,-26.827704319311568],[35.41874346741811,-26.836900952895355],[35.39136427711651,-26.825011074368504],[35.35264792059126,-26.791158150401852]]]}},{"type":"Feature","properties":{"biome":0,"type":"lake","population":0,"state":62,"province":0,"culture":0,"religion":0,"neighbors":[],"lake_id":97,"lake_id_1":96},"geometry":{"type":"Polygon","coordinates":[[[42.800029747398305,-28.623680921893566],[42.77172297443143,-28.62814736858758],[42.736657653588956,-28.61314344003263],[42.6428671295475,-28.55020390271771],[42.5892964041448,-28.498852416055836],[42.45547568674878,-28.299862710175763],[42.44946745016849,-28.26493109378723],[42.46431385991806,-28.246392933544648],[42.49597787608469,-28.244703943224767],[42.55455215201296,-28.25934307565802],[42.611191932809476,-28.2447211372347],[42.639541469702024,-28.251774084330822],[42.76292559499163,-28.346756473802206],[42.81241131943329,-28.415759889575448],[42.81762258947739,-28.448788957506103],[42.78962458049757,-28.508402211483315],[42.81016434862569,-28.603396212814943],[42.800029747398305,-28.623680921893566]]]}},{"type":"Feature","properties":{"biome":0,"type":"lake","population":0,"state":62,"province":0,"culture":0,"religion":0,"neighbors":[],"lake_id":98,"lake_id_1":97},"geometry":{"type":"Polygon","coordinates":[[[34.60120404717466,-26.00946518384257],[34.56494702025379,-25.858467802965105],[34.56951594987208,-25.789149078002],[34.63531021351917,-25.611244660345637],[34.66536913336129,-25.581590107093128],[34.70448826800137,-25.576082973579574],[34.74248344090795,-25.59600178527336],[34.81655413830361,-25.67554418949944],[34.876183024269835,-25.695566888045043],[34.9055411495883,-25.718126397695826],[34.9239750258807,-25.750526311219467],[34.93219107106183,-25.788644600596648],[34.930597792578155,-25.907855128936987],[34.91591234700044,-25.945521990378992],[34.88833756451927,-25.97220096710401],[34.85133034642236,-25.983638933177712],[34.78692205015252,-25.98409046117358],[34.71076823169752,-26.041107776099853],[34.60981918234775,-26.019299920365427],[34.60120404717466,-26.00946518384257]]]}},{"type":"Feature","properties":{"biome":0,"type":"lake","population":0,"state":62,"province":0,"culture":0,"religion":0,"neighbors":[],"lake_id":99,"lake_id_1":98},"geometry":{"type":"Polygon","coordinates":[[[38.992568440526455,-27.00223644051133],[38.91034208150596,-27.02806074152053],[38.880233276065894,-27.02369774788485],[38.86370153782999,-27.000952776659865],[38.873516457150195,-26.93232172977929],[38.90638147880599,-26.8412481320579],[38.939089281609114,-26.78947423628707],[39.05763634547858,-26.67059700754606],[39.09317916538294,-26.6562201555856],[39.117796181587536,-26.66356801618696],[39.13268038927754,-26.688747960873727],[39.13907448762757,-26.752258034954874],[39.14599869298842,-26.771744233715175],[39.17627680813601,-26.80525162106349],[39.18455121903406,-26.829474065488384],[39.18199612608734,-26.860828063597747],[39.13808882624742,-26.953591912915115],[39.091955773494654,-27.00850432589486],[39.060309814602796,-27.021534978907084],[39.03404467990878,-27.01971026974949],[38.992568440526455,-27.00223644051133]]]}},{"type":"Feature","properties":{"biome":0,"type":"lake","population":0,"state":62,"province":0,"culture":0,"religion":0,"neighbors":[],"lake_id":100,"lake_id_1":99},"geometry":{"type":"Polygon","coordinates":[[[39.41696486980267,-23.99912785908562],[39.379383489749095,-23.98185624655423],[39.35560112720343,-23.941206005059772],[39.32266053820809,-23.8030192610377],[39.31851554260888,-23.756950651357897],[39.32428616204954,-23.70942999484799],[39.375898251530806,-23.585296010944525],[39.39718439726414,-23.47999592268769],[39.418866979192565,-23.42073065727299],[39.45401115052196,-23.379431866608577],[39.495259584894846,-23.370939617512917],[39.53461438010777,-23.3940123176193],[39.58636178832715,-23.462371237433718],[39.668174538502264,-23.507194766381648],[39.69187459969435,-23.537325200362325],[39.70582462986859,-23.579306795252343],[39.71749591604842,-23.673345258871365],[39.71623154704059,-23.78122417897661],[39.69644117075903,-23.834158191226333],[39.66163640225036,-23.870370991830914],[39.61964255104177,-23.88547887668716],[39.55099074341205,-23.89234002953271],[39.45648376204394,-23.986981829088545],[39.41696486980267,-23.99912785908562]]]}},{"type":"Feature","properties":{"biome":0,"type":"lake","population":0,"state":62,"province":0,"culture":0,"religion":0,"neighbors":[],"lake_id":101,"lake_id_1":100},"geometry":{"type":"Polygon","coordinates":[[[40.55634116347498,-23.854343116262534],[40.57316723216206,-23.877530056806105],[40.656296642916544,-23.90783273252505],[40.69468154787559,-23.932839403468826],[40.70820511096754,-23.96924854006734],[40.69163867618749,-24.007703118269767],[40.65622461835779,-24.043756643812543],[40.524681118118174,-24.13459952282622],[40.4683611290758,-24.15444303770348],[40.41088072159893,-24.160878293805133],[40.31185590991808,-24.150726620868536],[40.266083513712644,-24.15346762015537],[40.137982873632446,-24.1795741924782],[40.068397607039266,-24.179092303280573],[40.020608118804944,-24.156377245026253],[40.00981073240819,-24.116652951996002],[40.02770430807875,-24.074242848827296],[40.07899021515856,-24.00173723664249],[40.10158397867745,-23.938818080754434],[40.124070956196235,-23.90597598771855],[40.20259557546239,-23.85190289232526],[40.354774655080504,-23.771618988765095],[40.42162586186051,-23.75388009441944],[40.48188846733256,-23.75703161022741],[40.52514293909158,-23.781717816394387],[40.54702355546534,-23.819642309098843],[40.55634116347498,-23.854343116262534]]]}},{"type":"Feature","properties":{"biome":0,"type":"lake","population":0,"state":62,"province":0,"culture":0,"religion":0,"neighbors":[],"lake_id":102,"lake_id_1":101},"geometry":{"type":"Polygon","coordinates":[[[37.674712120695354,-29.03352237209501],[37.65381594732877,-28.963311417140456],[37.59311485874202,-28.931287423041926],[37.56984538548467,-28.909517859415736],[37.56720156170853,-28.881897081573147],[37.588775042489296,-28.858148240718638],[37.623233956356444,-28.83916244167417],[37.74110478179701,-28.796619628262114],[37.787799093395435,-28.79120966681991],[37.83225367337045,-28.79480513356307],[37.905893119419375,-28.813991780185624],[38.04627583871207,-28.816865970650248],[38.098177417682564,-28.827306085214577],[38.12823476052078,-28.850243371259424],[38.127065067412225,-28.878465166357586],[38.053260285054655,-28.946714759353323],[38.02585747106316,-28.987203005289643],[38.00305392584705,-29.0063252091834],[37.93278480486999,-29.032731036082126],[37.80049153085919,-29.066089014649933],[37.74656887873954,-29.068076402512805],[37.701696246075834,-29.056561095158653],[37.674712120695354,-29.03352237209501]]]}},{"type":"Feature","properties":{"biome":0,"type":"lake","population":0,"state":62,"province":0,"culture":0,"religion":0,"neighbors":[],"lake_id":103,"lake_id_1":102},"geometry":{"type":"Polygon","coordinates":[[[36.69901219394211,-28.05303249585976],[36.635476385541494,-28.02628630437268],[36.6089171725718,-27.99397997805151],[36.531587288406755,-27.813409540956982],[36.51903382649089,-27.750373960883486],[36.526724367893294,-27.68490051923521],[36.55892401318686,-27.62882307778779],[36.60326047048965,-27.59710549138922],[36.68086573965468,-27.568965170293055],[36.76594066880125,-27.448626637441663],[36.80552296343491,-27.423958706141175],[36.8446594860492,-27.426967748729325],[36.881351088080216,-27.453810427604797],[36.93691265880194,-27.527284302169654],[36.96052449979974,-27.570676936882315],[36.9747150367328,-27.62274927402309],[36.973597428252184,-27.683100092026265],[36.92743724602408,-27.834414088684355],[36.92911075463126,-27.951768006225183],[36.92066440803097,-28.025245371038082],[36.89340318069628,-28.08574084539151],[36.850194142388844,-28.11524951972243],[36.80391515814165,-28.11089555960883],[36.69901219394211,-28.05303249585976]]]}},{"type":"Feature","properties":{"biome":0,"type":"lake","population":0,"state":62,"province":0,"culture":0,"religion":0,"neighbors":[],"lake_id":104,"lake_id_1":103},"geometry":{"type":"Polygon","coordinates":[[[35.13968227466942,-25.38562835825436],[35.13915792473673,-25.348700721247166],[35.153721012741244,-25.308724565439604],[35.1949705536267,-25.209518058485653],[35.2351289302924,-25.147796944651812],[35.391910611238906,-24.991623349544277],[35.43430472236849,-24.969920226747895],[35.469348954626476,-24.97217128389294],[35.48837813564702,-24.995314726922345],[35.49755618521382,-25.054177699896208],[35.50880193690845,-25.069456696855006],[35.55222403407949,-25.090460623474087],[35.565334005574094,-25.114670372956308],[35.562165045877556,-25.14593657790037],[35.54633829473998,-25.181907021163564],[35.47399126065963,-25.28851615225398],[35.43985577178641,-25.32020768496967],[35.40086963776415,-25.34111589855001],[35.365056936331804,-25.347564834842345],[35.30940222861411,-25.345822718636406],[35.19575400198849,-25.40012501935603],[35.1584079940689,-25.40261338270518],[35.13968227466942,-25.38562835825436]]]}},{"type":"Feature","properties":{"biome":0,"type":"lake","population":0,"state":62,"province":0,"culture":0,"religion":0,"neighbors":[],"lake_id":105,"lake_id_1":104},"geometry":{"type":"Polygon","coordinates":[[[36.127900136085294,-23.47180244225763],[36.09001874689457,-23.448577954121717],[36.083653509543666,-23.426231299988412],[36.09939402221081,-23.342059761959085],[36.12406862593739,-23.28023014991054],[36.145467891953736,-23.254365152969548],[36.16793551140337,-23.240638648898063],[36.22206899139489,-23.228403349268948],[36.26500707508924,-23.187396503997956],[36.294134273372485,-23.17351244823838],[36.314376014032824,-23.18479846368311],[36.31974432491927,-23.19569967661891],[36.304095169729386,-23.330692099233406],[36.21946969654497,-23.49291558018256],[36.19639068460597,-23.522397936322456],[36.17019701194507,-23.53523457209054],[36.15230010848685,-23.5280052094589],[36.127900136085294,-23.47180244225763]]]}},{"type":"Feature","properties":{"biome":0,"type":"lake","population":0,"state":62,"province":0,"culture":0,"religion":0,"neighbors":[],"lake_id":106,"lake_id_1":105},"geometry":{"type":"Polygon","coordinates":[[[36.856599267879965,-24.104714843535877],[36.82694127245354,-24.05780654999661],[36.760171642438614,-23.874286556323987],[36.74419804531764,-23.77840493352457],[36.75401562168537,-23.551525585232785],[36.76702877747,-23.486086044249937],[36.795272293090385,-23.43705021420845],[36.834118797386544,-23.42105694955823],[36.873816784612664,-23.436113932549507],[36.93291210016416,-23.482677671909407],[37.02568735125953,-23.46125493712586],[37.060359447813454,-23.47916483332547],[37.084284256521876,-23.520387986432148],[37.09788798308725,-23.573514929920083],[37.111885005056216,-23.687724647855084],[37.112897726380346,-23.746553749268656],[37.10357070657197,-23.804003337149407],[37.081044419507535,-23.853418482514325],[36.99871692582385,-23.937703629466565],[36.96017454377712,-24.041568176244432],[36.92958108913277,-24.09501656748754],[36.89167515080711,-24.11873185817931],[36.856599267879965,-24.104714843535877]]]}},{"type":"Feature","properties":{"biome":0,"type":"lake","population":0,"state":62,"province":0,"culture":0,"religion":0,"neighbors":[],"lake_id":107,"lake_id_1":106},"geometry":{"type":"Polygon","coordinates":[[[40.478521861286,-21.011364880622242],[40.415128732800525,-20.94219100401612],[40.344235123453664,-20.91327873399479],[40.30761011832441,-20.89033994476469],[40.27855034977595,-20.853097947121604],[40.26166413347211,-20.807209728720284],[40.245100009288066,-20.71017411330484],[40.2416756685413,-20.657240641617257],[40.250221141897214,-20.605514755086443],[40.27774521600183,-20.563283366622603],[40.32106574776312,-20.5411825260951],[40.41137176817243,-20.540967503588423],[40.44282509488622,-20.532416903535985],[40.51110822443058,-20.47016047014537],[40.55738264587872,-20.44838245244686],[40.60451258882324,-20.45338199440871],[40.64493483529584,-20.48684912000242],[40.67076448281607,-20.535781071946413],[40.71407000666134,-20.675910940418586],[40.72031019338165,-20.721328012957333],[40.7145852406161,-20.766057384764764],[40.66837362557699,-20.881545647717253],[40.6474449535413,-20.98775937108856],[40.618687220217836,-21.03640345371312],[40.57179338491608,-21.058946812742185],[40.522431795233175,-21.047132469800694],[40.478521861286,-21.011364880622242]]]}},{"type":"Feature","properties":{"biome":0,"type":"lake","population":0,"state":62,"province":0,"culture":0,"religion":0,"neighbors":[],"lake_id":108,"lake_id_1":107},"geometry":{"type":"Polygon","coordinates":[[[38.26104055836399,-26.40538826913538],[38.12270454170993,-26.392510706118255],[38.08288092049193,-26.368331979615363],[38.07102504327201,-26.325024677395223],[38.09068291055517,-26.275231201553147],[38.222869389540236,-26.120823231515473],[38.2594030823963,-26.088641309162462],[38.48380233773471,-25.987005829904454],[38.542776932277654,-25.966659054424348],[38.59908473155126,-25.968128556968946],[38.632406895588566,-25.9956166411323],[38.639756529871086,-26.042693611519244],[38.614680562881645,-26.13693894868674],[38.615343980995604,-26.16878801685712],[38.643051240677295,-26.234673954350882],[38.64180135023985,-26.27611964036527],[38.620756608171504,-26.319132244679416],[38.58579764270965,-26.35790764365133],[38.503087915211246,-26.425912452223944],[38.455510869268366,-26.456488316592626],[38.404167843054246,-26.475433584587922],[38.35172137526233,-26.474390237524247],[38.31284510894421,-26.454651483127694],[38.26104055836399,-26.40538826913538]]]}},{"type":"Feature","properties":{"biome":0,"type":"lake","population":0,"state":63,"province":0,"culture":0,"religion":0,"neighbors":[],"lake_id":109,"lake_id_1":108},"geometry":{"type":"Polygon","coordinates":[[[39.711553862762706,-18.888165259912007],[39.70883741916536,-18.81691370914497],[39.72204158518075,-18.80413830565739],[39.76640317650243,-18.8122509596976],[39.83471924071985,-18.847973656305772],[39.85619115763315,-18.866951819001958],[39.891879695494104,-18.928715974490057],[39.94707041375079,-18.99325225829435],[39.9619280481291,-19.020623118820758],[39.96141332508508,-19.04299749888987],[39.94587644843624,-19.053562158485533],[39.88263549623318,-19.04811389332965],[39.851173466668705,-19.0527612352401],[39.79123096476718,-19.029640112807428],[39.721793581825665,-18.983730743740423],[39.6995058175805,-18.960078256696622],[39.68808557447799,-18.935539399435367],[39.68928798478674,-18.914683603784535],[39.711553862762706,-18.888165259912007]]]}},{"type":"Feature","properties":{"biome":0,"type":"lake","population":0,"state":63,"province":0,"culture":0,"religion":0,"neighbors":[],"lake_id":110,"lake_id_1":109},"geometry":{"type":"Polygon","coordinates":[[[36.8771323967226,-19.62837065417456],[36.796625310516404,-19.64931126748948],[36.775344317247935,-19.640249620421837],[36.76987032650579,-19.615790360393635],[36.78090554120723,-19.58210966769629],[36.867210752756975,-19.441611506228877],[36.989674964030186,-19.33589144112789],[37.02172993718555,-19.314001845939366],[37.053152800887865,-19.307409799683192],[37.070069976800404,-19.320455776843353],[37.07379641779475,-19.34695945613283],[37.0637427990914,-19.404666551091445],[37.0864494585939,-19.455203623571258],[37.08656952199911,-19.480093378291134],[37.07548843263631,-19.509721701554234],[37.01197703105238,-19.59488699372606],[36.95840648150193,-19.641026556945363],[36.92968445062483,-19.649052445550918],[36.8771323967226,-19.62837065417456]]]}},{"type":"Feature","properties":{"biome":0,"type":"lake","population":0,"state":63,"province":0,"culture":0,"religion":0,"neighbors":[],"lake_id":111,"lake_id_1":110},"geometry":{"type":"Polygon","coordinates":[[[44.00885189256422,-26.53657267788427],[44.044824512190786,-26.596164214776664],[44.04168023493021,-26.614931413909606],[44.018783495211025,-26.627439825960376],[43.98447572086552,-26.626678032839674],[43.83823197693178,-26.592221915936168],[43.716309314978545,-26.51910451345204],[43.690137302382254,-26.49798828514302],[43.67888152020867,-26.474398257048513],[43.68862738020192,-26.457050872448498],[43.766625031256886,-26.440908415822026],[43.80751597923623,-26.408127810477705],[43.86015063026817,-26.403642287851255],[43.95090513701633,-26.43450666566328],[44.003112151018485,-26.466695232737433],[44.01597089617588,-26.48837371540166],[44.00885189256422,-26.53657267788427]]]}},{"type":"Feature","properties":{"biome":0,"type":"lake","population":0,"state":63,"province":0,"culture":0,"religion":0,"neighbors":[],"lake_id":112,"lake_id_1":111},"geometry":{"type":"Polygon","coordinates":[[[41.276280181118835,-20.035347762639425],[41.20962798421635,-19.96880790656278],[41.20901849228989,-19.939700644972902],[41.22993396983393,-19.917936488177766],[41.2659286942315,-19.9012544611143],[41.38867618419795,-19.870576709375268],[41.4351241220287,-19.87030574960003],[41.47978026276696,-19.879810141632763],[41.58206457957835,-19.92405272882646],[41.68084466052982,-19.937820217117288],[41.73289388912574,-19.95390543427116],[41.76491601564649,-19.981344662670885],[41.76511571234079,-20.00890392007519],[41.7414230388187,-20.034518228253994],[41.679849586147654,-20.072286617600053],[41.61513080186705,-20.124721836894572],[41.579387940807216,-20.135887250978303],[41.40615640046203,-20.159629274745527],[41.35151005963059,-20.156988338808976],[41.30432557201065,-20.14032182808674],[41.278186124300525,-20.112885025598107],[41.276280181118835,-20.035347762639425]]]}},{"type":"Feature","properties":{"biome":0,"type":"lake","population":0,"state":71,"province":0,"culture":0,"religion":0,"neighbors":[],"lake_id":113,"lake_id_1":112},"geometry":{"type":"Polygon","coordinates":[[[39.730573980318994,-31.759990310798123],[39.77793148007173,-31.779070199582364],[39.79098163668769,-31.795219330418558],[39.785145884568884,-31.818563607069606],[39.725676286451105,-31.86810134921025],[39.61375995154549,-31.929184082175347],[39.57162486168707,-31.942326743436276],[39.4749760062683,-31.942736947994966],[39.35166282259355,-31.967109215294123],[39.31015099363514,-31.966151438338162],[39.292315111055856,-31.95215504993619],[39.30017380215663,-31.923815359851687],[39.43680272906264,-31.785804717899573],[39.58342210253558,-31.71102857160833],[39.67398275710059,-31.68135330375602],[39.71026420798104,-31.684273776896042],[39.72798405854379,-31.702380123840936],[39.72426201132689,-31.746780935805006],[39.730573980318994,-31.759990310798123]]]}},{"type":"Feature","properties":{"biome":0,"type":"lake","population":0,"state":69,"province":0,"culture":0,"religion":0,"neighbors":[],"lake_id":114,"lake_id_1":113},"geometry":{"type":"Polygon","coordinates":[[[38.57972364562737,-31.484811923205534],[38.583511764749524,-31.4602432295813],[38.600981237485136,-31.435686744724066],[38.672789075718796,-31.355637705794148],[38.83941273514283,-31.261722074217516],[38.87463646387074,-31.252163402102013],[38.90217202393693,-31.257937890742138],[38.912191837574184,-31.27521541502518],[38.90750398632308,-31.33135562874893],[38.93053891823144,-31.353583614561714],[38.93509436117112,-31.3718004032637],[38.909650100263306,-31.413154258403253],[38.83761781330417,-31.473602366219918],[38.773737393739964,-31.49906964245876],[38.74590023855503,-31.497784643268435],[38.70796894537469,-31.48487373853402],[38.61945212142966,-31.49993067719092],[38.5917791191778,-31.497094753701713],[38.57972364562737,-31.484811923205534]]]}},{"type":"Feature","properties":{"biome":0,"type":"lake","population":0,"state":63,"province":0,"culture":0,"religion":0,"neighbors":[],"lake_id":115,"lake_id_1":114},"geometry":{"type":"Polygon","coordinates":[[[41.87571419682809,-24.47813042009187],[41.94930151370147,-24.55145896099358],[41.954271957961375,-24.584525145279073],[41.933394315006105,-24.61510405426758],[41.89379264060615,-24.6338225516123],[41.711555707887506,-24.667769891590407],[41.53487239963811,-24.62674239474362],[41.49507729412931,-24.609090675308604],[41.47099966671636,-24.580526758713084],[41.47308164247656,-24.54627675131607],[41.496752160858186,-24.51597283431075],[41.553034496626296,-24.47333090587755],[41.580368136272504,-24.396558844789087],[41.60369487507258,-24.3726296538189],[41.638676464140474,-24.357895562523886],[41.7569516896064,-24.35271152075903],[41.79691121672022,-24.358247762245448],[41.83209978592023,-24.372595409650675],[41.85711418546172,-24.398261538729447],[41.87571419682809,-24.47813042009187]]]}},{"type":"Feature","properties":{"biome":0,"type":"lake","population":0,"state":71,"province":0,"culture":0,"religion":0,"neighbors":[],"lake_id":116,"lake_id_1":115},"geometry":{"type":"Polygon","coordinates":[[[40.885002887394286,-32.44396067863524],[40.95790397974855,-32.49919844203114],[40.96665385739605,-32.52745860675188],[40.95261686685326,-32.55187291007871],[40.92140554567286,-32.57439233625597],[40.80095740566423,-32.62665026105598],[40.75278494474754,-32.63525446157991],[40.703346268537345,-32.63357489530597],[40.589890684852655,-32.60084255131646],[40.43229466547144,-32.59475514595593],[40.38996765296251,-32.57669746481338],[40.377563968013824,-32.55083018461673],[40.393480101170425,-32.5191966954786],[40.515274437314616,-32.41072452900261],[40.55016035578521,-32.39497697896478],[40.72318350767949,-32.345807445000304],[40.77932906140257,-32.33768119728245],[40.831580548527334,-32.3427630240206],[40.868315864578406,-32.36246007519554],[40.884014767093966,-32.39304901805903],[40.885002887394286,-32.44396067863524]]]}},{"type":"Feature","properties":{"biome":0,"type":"lake","population":0,"state":71,"province":0,"culture":0,"religion":0,"neighbors":[],"lake_id":117,"lake_id_1":116},"geometry":{"type":"Polygon","coordinates":[[[42.05781304545469,-35.318130003066635],[42.03462395119007,-35.31845365106229],[42.013051130556065,-35.306089910542774],[41.96363197533048,-35.25722680110946],[41.94142061274105,-35.22021849080968],[41.912947304251915,-35.08664482608811],[41.91984900067383,-35.063839396837665],[41.937227283795416,-35.053317947446345],[41.9618972214289,-35.05537182165152],[42.00256460656978,-35.07237782356969],[42.05160516588069,-35.073483479463164],[42.07046873068913,-35.081009367880235],[42.11647377255306,-35.130845861992185],[42.14201245764362,-35.17402525928698],[42.145512670615794,-35.199239579660016],[42.137901465425394,-35.21986381981147],[42.092562943505484,-35.25013398396199],[42.07282390625272,-35.30609471745054],[42.05781304545469,-35.318130003066635]]]}},{"type":"Feature","properties":{"biome":0,"type":"lake","population":0,"state":71,"province":0,"culture":0,"religion":0,"neighbors":[],"lake_id":118,"lake_id_1":117},"geometry":{"type":"Polygon","coordinates":[[[34.7426636228585,-32.246711128562765],[34.71625905045779,-32.16984194984665],[34.68541182163232,-32.14161823022549],[34.66890448893126,-32.09579971939074],[34.70343039764062,-31.975680639904436],[34.72177386475319,-31.94887317296523],[34.747085692019304,-31.931351247465674],[34.77422894696025,-31.927932806959298],[34.8176133437004,-31.94202893305439],[34.83580595547294,-31.940175780939953],[34.88669385438232,-31.914810121317544],[34.91750419664884,-31.91235388114588],[34.93868441974928,-31.927318412646155],[34.94645279380308,-31.98584269616792],[34.931849760861994,-32.073541013553566],[34.909724661774135,-32.12428543244218],[34.81921421715069,-32.24258254870125],[34.79229382507118,-32.26290786681991],[34.76206988211936,-32.263794277321026],[34.7426636228585,-32.246711128562765]]]}},{"type":"Feature","properties":{"biome":0,"type":"lake","population":0,"state":63,"province":0,"culture":0,"religion":0,"neighbors":[],"lake_id":119,"lake_id_1":118},"geometry":{"type":"Polygon","coordinates":[[[39.98037112474235,-17.40915448217502],[39.91277795403262,-17.429271878085245],[39.89051472250664,-17.424024959651604],[39.88304989271452,-17.412240760788023],[39.88460685172962,-17.39448465284315],[39.9128728282386,-17.32994927126643],[40.03514443356103,-17.232129589445975],[40.0601606390382,-17.22616711034578],[40.0785652223403,-17.231893718337535],[40.096366738035485,-17.275093309075135],[40.12844624379556,-17.300211157369922],[40.13130500390199,-17.314228643033598],[40.11870644862492,-17.345388502309028],[40.09533269502037,-17.380191877255694],[40.05751624245667,-17.40920732318909],[40.033149977212894,-17.41475693492382],[39.98037112474235,-17.40915448217502]]]}},{"type":"Feature","properties":{"biome":0,"type":"lake","population":0,"state":69,"province":0,"culture":0,"religion":0,"neighbors":[],"lake_id":120,"lake_id_1":119},"geometry":{"type":"Polygon","coordinates":[[[39.23757287212584,-30.60998324326297],[39.225126175591214,-30.571390010955433],[39.2335065524422,-30.556559378485403],[39.291591197379645,-30.53415223021677],[39.34173529986852,-30.527940604274946],[39.369886557421594,-30.533523011497522],[39.43322304082723,-30.580365054409036],[39.506862550193915,-30.60858597793107],[39.51867940282167,-30.62683080310215],[39.513657769301005,-30.64095922901761],[39.49726442859618,-30.653311709612247],[39.42621680331874,-30.68540872934563],[39.281792330802396,-30.68880631689462],[39.2513913116182,-30.683247197267672],[39.22844736012005,-30.669373897394212],[39.22111412093953,-30.651853794968876],[39.23757287212584,-30.60998324326297]]]}},{"type":"Feature","properties":{"biome":0,"type":"lake","population":0,"state":63,"province":0,"culture":0,"religion":0,"neighbors":[],"lake_id":121,"lake_id_1":120},"geometry":{"type":"Polygon","coordinates":[[[44.26559975462463,-21.592647875263538],[44.32510103033305,-21.543731261501645],[44.347647982291996,-21.533370068361123],[44.365260236142234,-21.53839134875775],[44.37079696721376,-21.592222160541976],[44.35609133262199,-21.654703346787727],[44.26883085956989,-21.792584614806948],[44.245650603657346,-21.815936043243255],[44.22172210104768,-21.82521093323822],[44.20548105054189,-21.819378011166155],[44.18027560076735,-21.784900080626926],[44.15433446148733,-21.77564490843302],[44.147092407830016,-21.764574305407557],[44.1484983773535,-21.72858770467582],[44.167634316553105,-21.658860092138518],[44.1842344027552,-21.632337584085565],[44.22882792142251,-21.600834596411072],[44.26559975462463,-21.592647875263538]]]}},{"type":"Feature","properties":{"biome":0,"type":"lake","population":0,"state":63,"province":0,"culture":0,"religion":0,"neighbors":[],"lake_id":122,"lake_id_1":121},"geometry":{"type":"Polygon","coordinates":[[[37.628381538009776,-17.61773141518951],[37.57218758007428,-17.64097832924199],[37.55214567081633,-17.6363629047904],[37.54007740215996,-17.59457214820687],[37.5499555925594,-17.504667936119517],[37.578955443251104,-17.44260488567567],[37.63734322656848,-17.38571867528197],[37.69383505853602,-17.29340605134354],[37.718968226944085,-17.27270304199477],[37.738301339555676,-17.272767023367397],[37.752180176090874,-17.29206348962668],[37.77364786221622,-17.403332163278215],[37.74047831043996,-17.551475107276694],[37.706115741997934,-17.619004147921697],[37.68205900346425,-17.635649336617387],[37.658318283792006,-17.635347048733145],[37.628381538009776,-17.61773141518951]]]}},{"type":"Feature","properties":{"biome":0,"type":"lake","population":0,"state":62,"province":0,"culture":0,"religion":0,"neighbors":[],"lake_id":123,"lake_id_1":122},"geometry":{"type":"Polygon","coordinates":[[[38.62359634674315,-20.32617086083722],[38.63188631540226,-20.32793533584016],[38.637556710037764,-20.33529185972043],[38.64694953118242,-20.342342346474634],[38.6609310161756,-20.33913216607353],[38.67300308224277,-20.326266924300143],[38.68049792023395,-20.31255492257319],[38.6872965545802,-20.301673810737437],[38.69438816406921,-20.29094208586133],[38.6980145712166,-20.27977638801439],[38.698179210551615,-20.269533054876863],[38.69871558331116,-20.25835686915109],[38.69798141460905,-20.245792589039187],[38.68988626476552,-20.23883301099602],[38.6752249501391,-20.243538991122673],[38.66171594185211,-20.25419016203979],[38.651784309927,-20.26058758471995],[38.64056870769887,-20.262682886561073],[38.626988632759556,-20.268263459706144],[38.61635679509282,-20.279693075761557],[38.61085117506388,-20.292771190356937],[38.60757356675611,-20.305290397517748],[38.606997448923195,-20.31699299678021],[38.61301010783044,-20.324530526627345],[38.62359634674315,-20.32617086083722]]]}},{"type":"Feature","properties":{"biome":0,"type":"lake","population":0,"state":62,"province":0,"culture":0,"religion":0,"neighbors":[],"lake_id":124,"lake_id_1":123},"geometry":{"type":"Polygon","coordinates":[[[37.21992008507595,-29.75862936575329],[37.238715295734536,-29.755904371404725],[37.25552324206929,-29.74885100839494],[37.267312351852915,-29.748080029513936],[37.280833800866446,-29.751133272676174],[37.2979052193235,-29.747782037121116],[37.31264790809271,-29.735920646675474],[37.32285759582477,-29.721326409972715],[37.331014908079844,-29.706799391785367],[37.3347269664945,-29.692424102283532],[37.32937008016408,-29.681487975018065],[37.31946722823346,-29.675324868343083],[37.31411805463392,-29.667463288674202],[37.31171061597151,-29.653678683242152],[37.302348096760426,-29.64253654805594],[37.28478913072985,-29.64492458835911],[37.267768954772436,-29.65816565893776],[37.25518215034306,-29.671338139279438],[37.243180513757444,-29.681210419449567],[37.23138243982519,-29.692077366665487],[37.22376506064787,-29.70500540965434],[37.219011233787256,-29.718206836185804],[37.21306862483804,-29.7330859895408],[37.21049961228024,-29.749221526309956],[37.21992008507595,-29.75862936575329]]]}},{"type":"Feature","properties":{"biome":0,"type":"lake","population":0,"state":62,"province":0,"culture":0,"religion":0,"neighbors":[],"lake_id":125,"lake_id_1":124},"geometry":{"type":"Polygon","coordinates":[[[37.049863491117236,-22.13900865692014],[37.06175715848251,-22.14806857374131],[37.07423318720407,-22.154596161511947],[37.078859291142585,-22.161018945790477],[37.08260413365011,-22.169759057306333],[37.094249123495295,-22.177756118305773],[37.11142188593313,-22.18128751418251],[37.128138751183975,-22.181583865919222],[37.14360789778473,-22.180921599870818],[37.15659307452566,-22.177902508106868],[37.16264893422806,-22.171401434200757],[37.16381767816049,-22.16442215923814],[37.16936259171554,-22.15918284626392],[37.17998921288044,-22.153042620805476],[37.183136205829875,-22.144034452326196],[37.171012553130154,-22.135650118209366],[37.151731495388546,-22.13131294729624],[37.13563836360264,-22.128848390441355],[37.122249460792034,-22.12524985858449],[37.10766719098354,-22.122235855578168],[37.09323277313763,-22.12230798330715],[37.079748029123785,-22.124017510495896],[37.06457372020829,-22.125914247698354],[37.05119541290431,-22.1304303036056],[37.049863491117236,-22.13900865692014]]]}},{"type":"Feature","properties":{"biome":0,"type":"lake","population":0,"state":62,"province":0,"culture":0,"religion":0,"neighbors":[],"lake_id":126,"lake_id_1":125},"geometry":{"type":"Polygon","coordinates":[[[41.05364825134739,-25.073233372064184],[41.05736587762964,-25.059834790349935],[41.059229733221926,-25.048877844293266],[41.06544618388218,-25.043410109739114],[41.07371010748343,-25.036045727487487],[41.0760560384882,-25.022848627440887],[41.070672586850975,-25.008408533204676],[41.06254130056416,-24.996264937432212],[41.05426980050878,-24.98555377856872],[41.044719319093446,-24.977957542061244],[41.034861840110096,-24.976738049297122],[41.02658198033052,-24.978149831578634],[41.01747174720463,-24.975152418449472],[41.005098169145676,-24.97040647437509],[40.99443093652165,-24.97419576542375],[40.99252350605992,-24.988566708707694],[40.99763238615448,-25.00478108712486],[41.00201372082307,-25.017291547369027],[41.00371263577633,-25.028935024248966],[41.00722502227626,-25.041476252777183],[41.01436706956279,-25.052369771180235],[41.02294922101756,-25.06182495384451],[41.03270857768193,-25.07194153246738],[41.04419503214671,-25.0782011774627],[41.05364825134739,-25.073233372064184]]]}},{"type":"Feature","properties":{"biome":0,"type":"lake","population":0,"state":62,"province":0,"culture":0,"religion":0,"neighbors":[],"lake_id":127,"lake_id_1":126},"geometry":{"type":"Polygon","coordinates":[[[43.504959614484974,-33.01596050636321],[43.50799970715716,-33.0100209326436],[43.5120345073746,-33.002208650005635],[43.50612737881621,-32.99457244085181],[43.48890340885598,-32.991568320325094],[43.47056470794163,-32.9930451865942],[43.45679469706134,-32.99422740970483],[43.44354783209259,-32.99328166736929],[43.42870554156853,-32.993352974721546],[43.4159143881138,-32.9965142040754],[43.40577056398412,-33.00128922350285],[43.39590461174273,-33.00678907766322],[43.39057854490398,-33.01372623153695],[43.39719968578526,-33.020710090967015],[43.41237126225842,-33.02509553804734],[43.42439273377043,-33.028091536205906],[43.43066114768022,-33.033431075178626],[43.43978335961601,-33.040400911101365],[43.45557709715726,-33.04385066383556],[43.47197739346534,-33.04179017421943],[43.484842212728594,-33.03744142958208],[43.495932985648594,-33.03317831251163],[43.50421824038551,-33.028030688620134],[43.5060717656066,-33.021788157595225],[43.504959614484974,-33.01596050636321]]]}},{"type":"Feature","properties":{"biome":0,"type":"lake","population":0,"state":62,"province":0,"culture":0,"religion":0,"neighbors":[],"lake_id":128,"lake_id_1":127},"geometry":{"type":"Polygon","coordinates":[[[37.24444135927245,-22.859499624564265],[37.24178115183011,-22.846538779492832],[37.235830836982046,-22.834529642193846],[37.235291464669594,-22.82665993102725],[37.23773630776648,-22.817991464126333],[37.234616299598194,-22.806096009986934],[37.22445305506373,-22.794719574105343],[37.21216643090416,-22.786042070548685],[37.2000100937641,-22.77874593879856],[37.188074878025766,-22.774464767339293],[37.17912217108291,-22.77664153049369],[37.174075658619756,-22.78231744922892],[37.16741912502926,-22.7846618444066],[37.15589142595768,-22.784431784009033],[37.146923978330875,-22.789385086042607],[37.14941888902854,-22.801559301055224],[37.160750382343075,-22.8146484267221],[37.17176728130252,-22.824736053424402],[37.180023640054756,-22.834069983415578],[37.18918328635438,-22.843421321940063],[37.20003972720323,-22.850244225878175],[37.21111529616948,-22.855209769242013],[37.223605879482115,-22.861130072007388],[37.236974240735336,-22.864790281636736],[37.24444135927245,-22.859499624564265]]]}},{"type":"Feature","properties":{"biome":0,"type":"lake","population":0,"state":62,"province":0,"culture":0,"religion":0,"neighbors":[],"lake_id":129,"lake_id_1":128},"geometry":{"type":"Polygon","coordinates":[[[42.09051050841672,-29.357837011284953],[42.091703813635704,-29.366269672437983],[42.08797124048095,-29.377503711661713],[42.09084369417583,-29.390233595472367],[42.10668011564606,-29.397014221100058],[42.12717197347087,-29.395179766823652],[42.14364469775922,-29.391018015800178],[42.15793037479523,-29.38951066383543],[42.17307066116014,-29.387809924962543],[42.186098234634336,-29.382403534534077],[42.19610680497746,-29.37477456912702],[42.20682982949992,-29.36634870596675],[42.21546519075126,-29.35571000863956],[42.21194376705327,-29.344356951406063],[42.19531001305542,-29.337305159534747],[42.177969613097794,-29.334484381846114],[42.167646689403064,-29.329507038615226],[42.15782006263895,-29.32051571955316],[42.141892171898775,-29.314287484676186],[42.12389939758562,-29.315942298256736],[42.10907738142478,-29.322417482147724],[42.09650376803552,-29.32964348897353],[42.087016995913075,-29.33824252119199],[42.08567764296459,-29.348538177057026],[42.09051050841672,-29.357837011284953]]]}},{"type":"Feature","properties":{"biome":0,"type":"lake","population":0,"state":62,"province":0,"culture":0,"religion":0,"neighbors":[],"lake_id":130,"lake_id_1":129},"geometry":{"type":"Polygon","coordinates":[[[35.94392205296323,-21.91956119660379],[35.950054898778205,-21.915757964596242],[35.959485796839765,-21.91496674728062],[35.969787123354806,-21.910794939382978],[35.973359690967676,-21.90020524082062],[35.96842479931658,-21.88821957270046],[35.96134838471479,-21.879083440557995],[35.95657703824654,-21.871020099316198],[35.95183802608918,-21.86264814114995],[35.944750054638156,-21.856377651324117],[35.936537048101634,-21.852531113900504],[35.92763094262187,-21.848250306464664],[35.917100534925126,-21.845003360919417],[35.90784976418318,-21.848838122752216],[35.90476908516168,-21.860246764181557],[35.906287312552095,-21.87200554086932],[35.90540848586476,-21.8799883675618],[35.900653793465565,-21.887950117120777],[35.8983732254412,-21.898779911249097],[35.90268919988335,-21.909342330319127],[35.91071130609736,-21.916985161161477],[35.91918691813683,-21.923025979339553],[35.92827950138485,-21.926948598947053],[35.93724145358015,-21.925365453075372],[35.94392205296323,-21.91956119660379]]]}},{"type":"Feature","properties":{"biome":0,"type":"lake","population":0,"state":62,"province":0,"culture":0,"religion":0,"neighbors":[],"lake_id":131,"lake_id_1":130},"geometry":{"type":"Polygon","coordinates":[[[40.94949173900392,-21.867150392278198],[40.94655303373472,-21.874783923202916],[40.942545963009216,-21.8848309388047],[40.948144578459505,-21.894645495942353],[40.964829581383114,-21.89847336410031],[40.98270790424303,-21.89649381054247],[40.996145882881564,-21.894861123463023],[41.00902138608407,-21.895960723153898],[41.023444306052966,-21.89577293780691],[41.035901320776496,-21.891640214347255],[41.04579443180835,-21.88544801426266],[41.055442752436214,-21.878327925815206],[41.06073062786751,-21.869383205379595],[41.05439746276679,-21.860435000597636],[41.03965084734754,-21.854880798679908],[41.027892335435304,-21.85112986325726],[41.021779934589716,-21.844353678239766],[41.01297918076933,-21.835460203970907],[40.997679670206615,-21.831074657768045],[40.981713630213704,-21.83376787348028],[40.96915371254261,-21.839412435613934],[40.95832805532825,-21.8449531753599],[40.9502252324055,-21.85161636142494],[40.94839003685345,-21.859659672579294],[40.94949173900392,-21.867150392278198]]]}},{"type":"Feature","properties":{"biome":0,"type":"lake","population":0,"state":62,"province":0,"culture":0,"religion":0,"neighbors":[],"lake_id":132,"lake_id_1":131},"geometry":{"type":"Polygon","coordinates":[[[40.55751810368183,-22.16452020850976],[40.550063306766354,-22.16044348645623],[40.541383440745086,-22.15978158301631],[40.53571532943542,-22.169669778443964],[40.53611567073977,-22.18617774066508],[40.53895643699326,-22.200179931467346],[40.53912375290317,-22.210842210243502],[40.53766986425572,-22.223161191593416],[40.53911404452612,-22.236768076657896],[40.544210810594215,-22.2474659056648],[40.550611164856875,-22.25546829376093],[40.55765231840991,-22.262095602058928],[40.56527484321094,-22.262955395601757],[40.57122274193139,-22.254580362585],[40.57450133672764,-22.243205485569344],[40.578537982528864,-22.2366952152237],[40.585728505429856,-22.23223545461569],[40.59197597056483,-22.2221307031338],[40.5919335953931,-22.2071917477854],[40.586672583783695,-22.19415940771902],[40.580971658443545,-22.18439076514887],[40.57606975008464,-22.175281761879457],[40.57029995471442,-22.168396539610534],[40.56382907893367,-22.16607011318529],[40.55751810368183,-22.16452020850976]]]}},{"type":"Feature","properties":{"biome":0,"type":"lake","population":0,"state":62,"province":0,"culture":0,"religion":0,"neighbors":[],"lake_id":133,"lake_id_1":132},"geometry":{"type":"Polygon","coordinates":[[[41.92382809509648,-33.27696961553084],[41.91883352031676,-33.28307808501538],[41.916046565491044,-33.29097039128713],[41.922901532882484,-33.2981374984701],[41.937210780231624,-33.30088347878133],[41.95025163440436,-33.30065670400956],[41.959724562290305,-33.302091808156554],[41.97003775748799,-33.305425771690594],[41.98208472634876,-33.30653471613435],[41.9924941239852,-33.303817832301874],[42.00088024837458,-33.299381745424085],[42.008324199489756,-33.294104981010214],[42.01103392093253,-33.2872288358178],[42.00517305304866,-33.280173763645],[41.995639203979856,-33.275100507935974],[41.99032230661857,-33.270379406993435],[41.987860586276035,-33.263127217736816],[41.98067953669699,-33.25547748595318],[41.96786104458008,-33.25256961128343],[41.95532779776604,-33.254935008369934],[41.945528455941954,-33.25851652238123],[41.93658341994168,-33.26154471358192],[41.929425652854405,-33.26573465897186],[41.92619474710561,-33.271377923404],[41.92382809509648,-33.27696961553084]]]}},{"type":"Feature","properties":{"biome":0,"type":"lake","population":0,"state":63,"province":0,"culture":0,"religion":0,"neighbors":[],"lake_id":134,"lake_id_1":133},"geometry":{"type":"Polygon","coordinates":[[[41.27224458721436,-21.31818718433522],[41.283231680198234,-21.326476214766135],[41.30039055594132,-21.321461513939063],[41.31495349162702,-21.311566951703334],[41.32657867063025,-21.305865344223474],[41.339250784465236,-21.302020263121253],[41.35160293065552,-21.293952197794667],[41.36073552351361,-21.28208816043575],[41.36868145641251,-21.269005050821946],[41.37591417413877,-21.254114902486396],[41.375688081546365,-21.239514104533217],[41.364220760057435,-21.23179600061626],[41.34936935828405,-21.231219789828494],[41.33980144773131,-21.22847006617887],[41.332544088677835,-21.219094900881693],[41.320504919269126,-21.211817729881517],[41.3051536825164,-21.215531239780937],[41.29230665367757,-21.227257413367813],[41.28233786713733,-21.23985615539835],[41.27387106138473,-21.252345242681912],[41.270137432424626,-21.265643464711562],[41.2724087232901,-21.277365818288573],[41.2742756946852,-21.28779032294628],[41.2718052073376,-21.301802676042577],[41.27224458721436,-21.31818718433522]]]}},{"type":"Feature","properties":{"biome":0,"type":"lake","population":0,"state":63,"province":0,"culture":0,"religion":0,"neighbors":[],"lake_id":135,"lake_id_1":134},"geometry":{"type":"Polygon","coordinates":[[[42.69435051769896,-24.14454078245872],[42.70290694735856,-24.144929558938806],[42.711867792927144,-24.14242709076074],[42.71522485967286,-24.13339204500055],[42.710852182675694,-24.12170647763282],[42.704640179154026,-24.112656068954614],[42.701954449119626,-24.10507217096467],[42.70049866318282,-24.095740126070375],[42.695775673776055,-24.086481567923215],[42.68804208000123,-24.08055787107072],[42.67963588938642,-24.0770078383873],[42.67091404561745,-24.074666096654088],[42.6629878101975,-24.076659574469055],[42.65896093854191,-24.084684076566354],[42.65833263950796,-24.093924048433884],[42.65575291747196,-24.099935538997535],[42.64949803496215,-24.105574009592626],[42.645581881004745,-24.114947288307793],[42.64921558986955,-24.125633338962107],[42.657675378654645,-24.133170817771443],[42.665786487228964,-24.138230002790444],[42.67292941775192,-24.143096980550336],[42.680429402087135,-24.146075759221254],[42.68755914306477,-24.145556133783874],[42.69435051769896,-24.14454078245872]]]}},{"type":"Feature","properties":{"biome":0,"type":"lake","population":0,"state":63,"province":0,"culture":0,"religion":0,"neighbors":[],"lake_id":136,"lake_id_1":135},"geometry":{"type":"Polygon","coordinates":[[[42.40854365596036,-25.788927377705306],[42.40555505181547,-25.802151112104102],[42.40697873784343,-25.81735041908533],[42.421832783773965,-25.826314613378727],[42.44440949957641,-25.8237197297314],[42.46310149375876,-25.81658535196962],[42.47778274762039,-25.814183647954977],[42.49498661399294,-25.814663024903997],[42.513156582685724,-25.8103756159872],[42.52631454719291,-25.800266508191978],[42.53535954749543,-25.788204260794238],[42.54246456229541,-25.775162040038314],[42.541628516136555,-25.76177447057567],[42.528284480461885,-25.752500295127582],[42.51099420998554,-25.74858332227544],[42.50003644489674,-25.743109923044305],[42.4914637420677,-25.731746994121785],[42.47580727115378,-25.722115823887528],[42.455280552683554,-25.723655181023734],[42.438804402152485,-25.734245107178346],[42.42712025319291,-25.745550576883108],[42.416291085441635,-25.7554515257906],[42.408847862765846,-25.766453375911023],[42.40808695928106,-25.777959911515147],[42.40854365596036,-25.788927377705306]]]}},{"type":"Feature","properties":{"biome":0,"type":"lake","population":0,"state":71,"province":0,"culture":0,"religion":0,"neighbors":[],"lake_id":137,"lake_id_1":136},"geometry":{"type":"Polygon","coordinates":[[[37.90798653156566,-31.820447003895904],[37.89410746935501,-31.825280466790048],[37.88348384111092,-31.83499287957043],[37.874941194584174,-31.840240392409285],[37.8637486091101,-31.841957282786005],[37.85180563966954,-31.84747745078379],[37.844793329114474,-31.858335376753384],[37.84275273743039,-31.870622074305615],[37.84248612718419,-31.882724836588178],[37.84556616718969,-31.894088167486935],[37.85481220036312,-31.901048787406165],[37.86651053439044,-31.902496197420326],[37.875335762662246,-31.904835431498178],[37.88341594880803,-31.912674637540615],[37.89548644296538,-31.91943766696145],[37.9088225541805,-31.915980511066888],[37.91719388884183,-31.903831926281548],[37.92117118228193,-31.891271547915135],[37.925356352035244,-31.881063726245202],[37.929024285345676,-31.870734587097516],[37.928586728839306,-31.860214534763493],[37.9256281640484,-31.85048884420146],[37.923375044537565,-31.83932992812446],[37.91889921765895,-31.82686441704333],[37.90798653156566,-31.820447003895904]]]}}]}