{"type":"FeatureCollection","name":"Rivers","features":[{"type":"Feature","properties":{"id":1,"source":5837,"mouth":6181,"parent":0,"basin":1,"widthFactor":1.2,"sourceWidth":0.11,"discharge":389,"name":"Halmond","type":"River"},"geometry":{"type":"LineString","coordinates":[[-30.7512,5.5206],[-30.411,5.3644],[-30.0288,5.4292],[-29.6802,5.3172],[-29.4174,5.0001],[-29.0188,4.857],[-28.7289,4.5747],[-28.4056,4.2801],[-27.971,4.1715],[-27.6255,3.9141],[-27.2137,3.6481],[-26.7192,3.5784],[-26.2908,3.3516],[-25.9576,3.081],[-25.5266,2.9957],[-25.1739,2.7621],[-24.9139,2.6891],[-24.66,2.781],[-24.3548,2.5001],[-23.9441,2.3927],[-23.6178,2.1465]]}},{"type":"Feature","properties":{"id":2,"source":7812,"mouth":7811,"parent":15,"basin":15,"widthFactor":1.0,"sourceWidth":0.05,"discharge":50,"name":"Congtondal","type":"Stream"},"geometry":{"type":"LineString","coordinates":[[39.4623,-6.0381],[39.3537,-5.8571],[39.1199,-5.8631],[38.9862,-5.7195],[38.7038,-5.6552],[38.4404,-5.8109],[38.1618,-5.7906]]}},{"type":"Feature","properties":{"id":3,"source":6741,"mouth":5389,"parent":90,"basin":90,"widthFactor":1.0,"sourceWidth":0.06,"discharge":647,"name":"Staple","type":"Fork"},"geometry":{"type":"LineString","coordinates":[[151.9758,0.171],[152.0532,0.6295],[151.9056,1.0818],[151.938,1.539],[152.003,1.8038],[151.8921,2.0529],[152.0392,2.3187],[151.9746,2.631],[152.0793,2.9061],[151.9793,3.4097],[151.6801,3.8378],[151.5402,4.3263],[151.4589,4.683],[151.1894,4.9475],[151.0704,5.2857],[151.3011,5.6085],[151.3428,6.0138],[151.5357,6.3531],[151.6121,6.7776],[151.4855,7.1998],[151.5213,7.6239],[151.761,7.9274],[151.8215,8.3197],[152.0253,8.6409],[152.4563,8.4295],[152.9438,8.4068],[153.3861,8.2332],[153.4868,7.8363],[153.7632,7.5219],[153.8991,7.1415],[154.7937,7.385],[155.6361,7.7724],[155.9629,8.0325],[156.1761,8.3916],[156.8156,8.4351],[157.428,8.6247],[157.9489,8.4121],[158.5071,8.3412],[159.0023,7.9436],[159.5745,7.668]]}},{"type":"Feature","properties":{"id":4,"source":5300,"mouth":5303,"parent":32,"basin":32,"widthFactor":1.0,"sourceWidth":0.08,"discharge":203,"name":"Ormston","type":"River"},"geometry":{"type":"LineString","coordinates":[[-30.4722,8.0271],[-30.1324,8.0272],[-29.8404,8.2008],[-29.406,7.7757],[-28.8418,7.5291],[-28.3815,7.1397],[-28.084,7.5818],[-27.9835,8.1141],[-27.7254,8.5743],[-27.3565,8.8314],[-27.1403,9.237],[-26.802,9.5238]]}},{"type":"Feature","properties":{"id":5,"source":7767,"mouth":7191,"parent":0,"basin":5,"widthFactor":1.2,"sourceWidth":0.1,"discharge":168,"name":"Chirwon","type":"River"},"geometry":{"type":"LineString","coordinates":[[-41.4558,-6.1083],[-41.641,-5.6399],[-42.0172,-5.2903],[-42.2406,-4.8456],[-42.3209,-4.5141],[-42.5949,-4.2883],[-42.714,-3.978],[-42.9202,-3.5516],[-43.3009,-3.2537],[-43.542,-2.853]]}},{"type":"Feature","properties":{"id":6,"source":6539,"mouth":6541,"parent":34,"basin":34,"widthFactor":1.0,"sourceWidth":0.13,"discharge":125,"name":"Horstabrid","type":"Branch"},"geometry":{"type":"LineString","coordinates":[[45.4473,1.242],[45.613,1.1538],[45.7767,1.2456],[45.8185,0.7825],[46.0723,0.3806],[46.1565,-0.0702]]}},{"type":"Feature","properties":{"id":8,"source":6575,"mouth":6078,"parent":3,"basin":90,"widthFactor":1.0,"sourceWidth":0.05,"discharge":72,"name":"Soutford","type":"River"},"geometry":{"type":"LineString","coordinates":[[150.6843,0.7803],[150.9016,1.2609],[150.9011,1.7978],[151.0749,2.2896],[151.1181,2.5581],[150.9438,2.7891],[150.9435,3.0501],[150.6357,3.6232],[150.1524,4.0693],[149.8095,4.617],[150.2697,4.7646],[150.6301,5.1004],[151.0704,5.2857]]}},{"type":"Feature","properties":{"id":9,"source":9966,"mouth":9971,"parent":9,"basin":9,"widthFactor":1.2,"sourceWidth":0.04,"discharge":47,"name":"Caustowces","type":"River"},"geometry":{"type":"LineString","coordinates":[[48.3651,-18.5895],[48.6149,-18.8396],[48.9555,-18.9342],[49.4361,-18.9324],[49.8754,-18.7138],[50.3478,-18.6687],[50.566,-18.8271],[50.8356,-18.8199],[51.1876,-19.001],[51.5941,-18.9761],[51.957,-19.116],[52.2691,-19.0273],[52.4952,-18.7947],[52.6526,-18.3344],[52.6063,-17.8414],[52.7229,-17.3745]]}},{"type":"Feature","properties":{"id":10,"source":7429,"mouth":7425,"parent":218,"basin":218,"widthFactor":1.0,"sourceWidth":0.07,"discharge":182,"name":"Albridley","type":"River"},"geometry":{"type":"LineString","coordinates":[[37.6227,-3.8133],[37.2543,-3.7927],[36.9286,-3.9931],[36.5688,-4.0167],[36.1805,-3.9197],[35.7872,-4.0434],[35.3979,-3.9906],[35.0364,-4.0964],[34.7821,-4.3907],[34.4421,-4.5342],[34.1882,-4.4146],[33.912,-4.464]]}},{"type":"Feature","properties":{"id":11,"source":7952,"mouth":7579,"parent":0,"basin":11,"widthFactor":1.2,"sourceWidth":0.08,"discharge":148,"name":"Dedeokseok","type":"River"},"geometry":{"type":"LineString","coordinates":[[-42.6834,-7.3926],[-42.7459,-7.1591],[-42.9525,-7.0335],[-43.3536,-6.6734],[-43.8732,-6.4995],[-44.298,-6.1767],[-44.5496,-5.884],[-44.9297,-5.7658],[-45.207,-5.508],[-45.5094,-5.399],[-45.8283,-5.5025],[-46.134,-5.436]]}},{"type":"Feature","properties":{"id":12,"source":6915,"mouth":5569,"parent":90,"basin":90,"widthFactor":1.0,"sourceWidth":0.05,"discharge":627,"name":"Neholivedi","type":"Fork"},"geometry":{"type":"LineString","coordinates":[[152.3853,-1.4031],[152.6474,-1.5598],[152.9523,-1.5417],[153.288,-1.3818],[153.4842,-1.0509],[153.792,-0.8568],[154.1914,-1.0099],[154.6258,-0.949],[155.0322,-1.0593],[155.3831,-1.2146],[155.7748,-1.1609],[156.1338,-1.2744],[156.6146,-1.3193],[157.0784,-1.1552],[157.5558,-1.1583],[157.9464,-0.8452],[158.1832,-0.3946],[158.5431,-0.054],[158.6393,0.4036],[158.5325,0.8677],[158.5881,1.3266],[158.1853,1.6869],[157.6727,1.88],[157.248,2.2068],[157.3708,2.6225],[157.2976,3.0587],[157.3812,3.4785],[157.1157,3.7872],[157.2676,4.3619],[157.2678,4.9563],[157.7337,5.6794],[158.0661,6.4728],[158.4924,6.8637],[158.805,7.3503],[159.2177,7.4415],[159.5745,7.668]]}},{"type":"Feature","properties":{"id":13,"source":5476,"mouth":4025,"parent":0,"basin":13,"widthFactor":1.2,"sourceWidth":0.06,"discharge":344,"name":"Bruton","type":"River"},"geometry":{"type":"LineString","coordinates":[[-34.6302,7.3719],[-34.9415,7.6639],[-35.3686,7.7629],[-35.703,8.0163],[-36.0877,8.4765],[-36.6191,8.7717],[-37.0332,9.1989],[-37.1033,9.5169],[-37.3649,9.7336],[-37.4733,10.0314],[-37.3382,10.382],[-37.4141,10.7621],[-37.3212,11.1186],[-37.4418,11.5654],[-37.7514,11.9219],[-37.9098,12.3507],[-37.9998,12.9041],[-38.2863,13.3948],[-38.4156,13.9356],[-38.1747,14.0271],[-38.0621,14.2761],[-37.8468,14.3991],[-37.6695,14.7853],[-37.6864,15.2192],[-37.548,15.615],[-37.3933,15.9278],[-37.4303,16.2858],[-37.314,16.6077]]}},{"type":"Feature","properties":{"id":14,"source":6832,"mouth":6833,"parent":27,"basin":27,"widthFactor":1.0,"sourceWidth":0.13,"discharge":159,"name":"Betherster","type":"River"},"geometry":{"type":"LineString","coordinates":[[-31.9599,-0.5652],[-31.719,-0.7293],[-31.4151,-0.6774],[-31.1616,-0.7983],[-30.6499,-0.9383],[-30.1162,-0.8588],[-29.6001,-0.9549]]}},{"type":"Feature","properties":{"id":15,"source":7623,"mouth":8588,"parent":15,"basin":15,"widthFactor":1.2,"sourceWidth":0.08,"discharge":961,"name":"Thetham","type":"River"},"geometry":{"type":"LineString","coordinates":[[38.9916,-4.7421],[38.6444,-5.0357],[38.4737,-5.469],[38.1618,-5.7906],[37.9186,-6.3759],[37.8889,-7.0167],[37.6884,-7.6131],[37.4287,-7.7607],[37.3262,-8.0575],[37.098,-8.235],[36.7791,-8.1697],[36.4737,-8.3171],[36.1575,-8.2944],[36.1575,-8.2944],[36.0086,-8.6809],[36.0632,-9.1017],[35.955,-9.495],[35.865,-9.891],[35.7716,-10.1661],[35.838,-10.449],[35.7166,-10.7737],[35.7907,-11.1236],[35.7084,-11.4534]]}},{"type":"Feature","properties":{"id":16,"source":6867,"mouth":6869,"parent":34,"basin":34,"widthFactor":1.0,"sourceWidth":0.09,"discharge":96,"name":"Piltash","type":"River"},"geometry":{"type":"LineString","coordinates":[[42.8085,-1.0548],[43.192,-1.2275],[43.6218,-1.18],[44.0145,-1.3086],[44.2666,-1.2208],[44.3812,-0.9603],[44.6058,-0.8379],[44.9164,-0.9273],[45.229,-0.8],[45.54,-0.846]]}},{"type":"Feature","properties":{"id":17,"source":8979,"mouth":8978,"parent":39,"basin":1013,"widthFactor":1.0,"sourceWidth":0.1,"discharge":94,"name":"Causton","type":"River"},"geometry":{"type":"LineString","coordinates":[[47.196,-12.3984],[46.9545,-12.2953],[46.701,-12.4169],[46.4571,-12.3588],[45.9559,-12.1539],[45.4057,-12.1642],[44.8947,-12.0024]]}},{"type":"Feature","properties":{"id":18,"source":6207,"mouth":6373,"parent":218,"basin":218,"widthFactor":1.0,"sourceWidth":0.05,"discharge":95,"name":"Forough","type":"Branch"},"geometry":{"type":"LineString","coordinates":[[40.0545,3.6549],[39.8565,3.2314],[39.8768,2.7536],[39.7224,2.3193],[39.601,2.0832],[39.6983,1.8171],[39.6207,1.575]]}},{"type":"Feature","properties":{"id":20,"source":8794,"mouth":8976,"parent":39,"basin":1013,"widthFactor":1.0,"sourceWidth":0.09,"discharge":165,"name":"Clitbury","type":"River"},"geometry":{"type":"LineString","coordinates":[[45.8802,-11.2455],[45.9264,-10.9762],[45.7506,-10.7441],[45.7524,-10.4823],[45.258,-10.5593],[44.8356,-10.845],[44.3556,-10.9638],[44.0774,-11.3884],[43.9982,-11.899],[43.7598,-12.3408],[43.6782,-12.7008],[43.767,-13.059]]}},{"type":"Feature","properties":{"id":21,"source":9325,"mouth":9144,"parent":39,"basin":1013,"widthFactor":1.0,"sourceWidth":0.16,"discharge":199,"name":"Hitchwelne","type":"Fork"},"geometry":{"type":"LineString","coordinates":[[46.3158,-14.3667],[45.9808,-14.0708],[45.5338,-13.9701],[45.1764,-13.7133],[44.9079,-13.5941],[44.6146,-13.6942],[44.3412,-13.6188],[44.2103,-13.3701],[43.9281,-13.2766],[43.767,-13.059]]}},{"type":"Feature","properties":{"id":23,"source":7286,"mouth":7088,"parent":55,"basin":100,"widthFactor":1.0,"sourceWidth":0.06,"discharge":79,"name":"Stapton","type":"River"},"geometry":{"type":"LineString","coordinates":[[147.339,-3.2517],[146.7489,-3.0108],[146.104,-2.9881],[145.503,-2.7909],[145.0648,-2.5304],[144.5484,-2.4764],[144.0945,-2.2572],[143.7176,-2.0666],[143.2847,-2.0855],[142.8966,-1.9368]]}},{"type":"Feature","properties":{"id":27,"source":6504,"mouth":7012,"parent":0,"basin":27,"widthFactor":1.2,"sourceWidth":0.13,"discharge":631,"name":"Quatford","type":"River"},"geometry":{"type":"LineString","coordinates":[[-31.7277,1.125],[-31.4093,1.08],[-31.1166,1.2132],[-31.0331,0.839],[-30.7511,0.5611],[-30.6279,0.2061],[-30.3502,-0.2384],[-29.9102,-0.5392],[-29.6001,-0.9549],[-29.2247,-1.1814],[-28.7768,-1.2076],[-28.3869,-1.3941],[-28.1466,-1.3851],[-27.8327,-1.6637],[-27.4148,-1.7641],[-27.0801,-2.007],[-26.6919,-2.1055],[-26.2947,-2.0012],[-25.9047,-2.0592],[-25.5471,-2.2379],[-25.1377,-2.2234],[-24.7698,-2.3634]]}},{"type":"Feature","properties":{"id":28,"source":7001,"mouth":6822,"parent":0,"basin":28,"widthFactor":1.2,"sourceWidth":0.06,"discharge":78,"name":"Wading","type":"River"},"geometry":{"type":"LineString","coordinates":[[-37.3725,-2.2896],[-37.58,-1.9866],[-37.9363,-1.8523],[-38.1735,-1.5831],[-38.2759,-1.2598],[-38.5641,-1.0555],[-38.7036,-0.756],[-39.2723,-0.7978],[-39.7925,-1.0508],[-40.3515,-1.1349],[-40.6894,-1.0389],[-41.0328,-1.1133],[-41.467,-1.1889],[-41.8267,-1.4603],[-42.246,-1.575]]}},{"type":"Feature","properties":{"id":29,"source":8400,"mouth":8784,"parent":0,"basin":29,"widthFactor":1.2,"sourceWidth":0.11,"discharge":198,"name":"Altonrithel","type":"River"},"geometry":{"type":"LineString","coordinates":[[38.7549,-9.6894],[38.3832,-9.9855],[38.1825,-10.4278],[37.845,-10.7532],[37.3842,-10.9896],[37.0561,-11.4023],[36.6219,-11.6739],[36.3377,-11.5161],[36.0027,-11.569],[35.7084,-11.4534]]}},{"type":"Feature","properties":{"id":30,"source":10553,"mouth":10545,"parent":1012,"basin":1013,"widthFactor":1.0,"sourceWidth":0.11,"discharge":673,"name":"Foverliston","type":"Fork"},"geometry":{"type":"LineString","coordinates":[[47.1897,-22.9491],[46.7576,-23.1844],[46.4675,-23.5942],[46.0638,-23.8644],[45.8285,-23.6107],[45.4986,-23.5062],[45.4986,-23.5062],[45.0281,-23.7635],[44.6883,-24.1891],[44.244,-24.48],[44.0131,-24.6258],[43.9432,-24.9059],[43.7445,-25.0785],[43.5702,-24.7306],[43.2354,-24.5122],[43.029,-24.1902],[42.9375,-23.9374],[42.6848,-23.8081],[42.561,-23.58],[42.5762,-23.2942],[42.3967,-23.0539],[42.3729,-22.7772]]}},{"type":"Feature","properties":{"id":32,"source":5661,"mouth":4750,"parent":0,"basin":32,"widthFactor":1.2,"sourceWidth":0.12,"discharge":1126,"name":"Lympstovil","type":"River"},"geometry":{"type":"LineString","coordinates":[[-30.114,6.3675],[-29.6973,6.3922],[-29.3421,6.6334],[-28.9377,6.7014],[-28.5612,6.7001],[-28.2357,6.9135],[-27.8694,6.9552],[-27.4882,7.2448],[-27.2672,7.6804],[-26.9181,7.9992],[-26.7944,8.5009],[-26.8832,9.0188],[-26.802,9.5238],[-26.4669,9.7781],[-26.2893,10.1707],[-25.9857,10.4526],[-25.4942,10.6864],[-25.1185,11.0909],[-24.6501,11.3589],[-24.1615,11.3527],[-23.7041,11.5472],[-23.2218,11.5812],[-22.9741,11.6825],[-22.8285,11.907],[-22.4174,11.7892],[-21.9878,11.8676],[-21.573,11.7891]]}},{"type":"Feature","properties":{"id":33,"source":5702,"mouth":5341,"parent":51,"basin":51,"widthFactor":1.0,"sourceWidth":0.06,"discharge":140,"name":"Atford","type":"Fork"},"geometry":{"type":"LineString","coordinates":[[38.736,6.5772],[39.0645,6.5207],[39.3698,6.688],[39.6936,6.6762],[39.9317,6.8738],[40.023,7.1694],[40.1929,7.3971],[40.1578,7.6953],[40.2867,7.9371],[40.4366,8.6012],[40.3745,9.2858],[40.482,9.954]]}},{"type":"Feature","properties":{"id":34,"source":6042,"mouth":6214,"parent":34,"basin":34,"widthFactor":0.9,"sourceWidth":0.16,"discharge":1312,"name":"Brovilces","type":"River"},"geometry":{"type":"LineString","coordinates":[[46.2,4.45],[46.48,4.12],[46.66,3.78],[47.05,3.38],[47.056718749999995,3.37640625],[47.07015625,3.36921875],[47.090312499999996,3.3584375],[47.102907078516076,3.3517008649797693]]}},{"type":"Feature","properties":{"id":35,"source":10400,"mouth":10398,"parent":1012,"basin":1013,"widthFactor":1.0,"sourceWidth":0.07,"discharge":108,"name":"Horsbury","type":"River"},"geometry":{"type":"LineString","coordinates":[[46.2825,-21.7323],[45.9418,-21.7098],[45.6459,-21.9078],[45.3141,-21.9294],[45.0248,-21.6858],[44.6367,-21.6395],[44.3277,-21.4353],[43.7776,-21.3345],[43.222,-21.4504],[42.6708,-21.393]]}},{"type":"Feature","properties":{"id":36,"source":7091,"mouth":6733,"parent":100,"basin":100,"widthFactor":1.0,"sourceWidth":0.08,"discharge":82,"name":"Congdony","type":"Fork"},"geometry":{"type":"LineString","coordinates":[[147.0312,-1.9269],[146.7221,-1.5663],[146.273,-1.3819],[145.9359,-1.0566],[145.8474,-0.7607],[145.5744,-0.5858],[145.449,-0.3141],[145.2344,-0.1419],[144.9594,-0.1323],[144.4632,0.1546],[143.889,0.2432],[143.3772,0.4905],[143.1481,0.7296],[142.8093,0.7902],[142.5582,0.9936]]}},{"type":"Feature","properties":{"id":38,"source":6978,"mouth":6802,"parent":0,"basin":38,"widthFactor":1.2,"sourceWidth":0.05,"discharge":88,"name":"Craftford","type":"River"},"geometry":{"type":"LineString","coordinates":[[-65.394,-1.7109],[-65.5596,-1.3331],[-65.9067,-1.0883],[-66.1086,-0.7371],[-66.402,-0.6627],[-66.6849,-0.8088],[-66.9762,-0.7785],[-67.2828,-0.9306],[-67.4469,-1.2462],[-67.725,-1.431],[-68.0859,-1.5378],[-68.3418,-1.8299],[-68.6817,-1.9737]]}},{"type":"Feature","properties":{"id":39,"source":9147,"mouth":9482,"parent":1013,"basin":1013,"widthFactor":1.0,"sourceWidth":0.16,"discharge":1176,"name":"Bamney","type":"Fork"},"geometry":{"type":"LineString","coordinates":[[46.053,-13.1121],[45.7292,-12.6772],[45.2497,-12.4048],[44.8947,-12.0024],[44.4584,-12.2902],[44.1731,-12.739],[43.767,-13.059],[43.3917,-13.1478],[43.1124,-13.4309],[42.7563,-13.5585],[42.7563,-13.5585],[42.3957,-13.6485],[42.1304,-13.9252],[41.7888,-14.0526],[41.5012,-14.2386],[41.3641,-14.5656],[41.1066,-14.7798],[40.9636,-15.0182],[41.0176,-15.3056],[40.914,-15.5538],[40.9964,-15.7942],[41.238,-15.9136],[41.3523,-16.1298]]}},{"type":"Feature","properties":{"id":41,"source":3713,"mouth":3711,"parent":0,"basin":41,"widthFactor":1.2,"sourceWidth":0.09,"discharge":85,"name":"Shersford","type":"River"},"geometry":{"type":"LineString","coordinates":[[11.7612,17.6832],[11.4606,17.9154],[11.0685,17.9421],[10.7496,18.1332],[10.487,17.9113],[10.4054,17.5631],[10.179,17.316],[9.9394,17.0021],[9.8968,16.5977],[9.6966,16.2657]]}},{"type":"Feature","properties":{"id":46,"source":7234,"mouth":7036,"parent":218,"basin":218,"widthFactor":1.0,"sourceWidth":0.06,"discharge":109,"name":"Berkeby","type":"River"},"geometry":{"type":"LineString","coordinates":[[37.1745,-3.0348],[37.1396,-2.6139],[36.8897,-2.259],[36.8118,-1.8513],[36.4257,-1.6878],[35.9983,-1.7411],[35.604,-1.6209]]}},{"type":"Feature","properties":{"id":47,"source":9084,"mouth":9275,"parent":0,"basin":47,"widthFactor":1.2,"sourceWidth":0.04,"discharge":91,"name":"Framptonter","type":"River"},"geometry":{"type":"LineString","coordinates":[[-67.185,-13.2642],[-66.924,-13.8649],[-66.471,-14.3484],[-66.1716,-14.9256],[-65.6682,-14.9267],[-65.203,-14.7105],[-64.7073,-14.6682],[-64.6567,-14.9576],[-64.4131,-15.1483],[-64.3239,-15.4179],[-63.9096,-15.3534],[-63.5703,-15.0894],[-63.171,-14.985],[-62.8309,-15.1166],[-62.4621,-15.0407],[-62.1162,-15.1308]]}},{"type":"Feature","properties":{"id":51,"source":5873,"mouth":4981,"parent":0,"basin":51,"widthFactor":1.2,"sourceWidth":0.08,"discharge":328,"name":"Malewich","type":"River"},"geometry":{"type":"LineString","coordinates":[[41.3343,5.5899],[41.6145,5.9326],[41.6952,6.3793],[41.9355,6.7428],[41.8382,6.9977],[41.6052,7.1397],[41.6049,7.5746],[41.3923,7.9662],[41.3496,8.3925],[41.1349,8.9544],[40.734,9.4128],[40.482,9.954],[40.8128,10.1138],[41.0118,10.4366],[41.3163,10.629]]}},{"type":"Feature","properties":{"id":52,"source":9936,"mouth":10096,"parent":0,"basin":52,"widthFactor":1.2,"sourceWidth":0.04,"discharge":116,"name":"Newenton","type":"River"},"geometry":{"type":"LineString","coordinates":[[-28.5498,-18.5715],[-28.1637,-18.807],[-27.7011,-18.831],[-27.2997,-19.0242],[-27.2369,-19.3886],[-26.9718,-19.6647],[-26.8686,-20.0115],[-27.0033,-20.2264],[-26.9685,-20.4777]]}},{"type":"Feature","properties":{"id":53,"source":10091,"mouth":10089,"parent":0,"basin":53,"widthFactor":1.2,"sourceWidth":0.22,"discharge":298,"name":"Wiscom","type":"River"},"geometry":{"type":"LineString","coordinates":[[-31.7142,-20.1339],[-32.167,-20.0126],[-32.6353,-20.1158],[-33.0912,-20.0394],[-33.3778,-19.9736],[-33.6469,-20.1278],[-33.93,-20.106],[-34.1863,-19.9723],[-34.4806,-20.0521],[-34.7445,-19.9611]]}},{"type":"Feature","properties":{"id":54,"source":4279,"mouth":4459,"parent":90,"basin":90,"widthFactor":1.0,"sourceWidth":0.06,"discharge":82,"name":"Yeoketer","type":"Fork"},"geometry":{"type":"LineString","coordinates":[[150.3297,14.886],[150.3961,14.4024],[150.676,13.99],[150.7851,13.5207],[151.1224,13.3343],[151.5194,13.3604],[151.8687,13.2165]]}},{"type":"Feature","properties":{"id":55,"source":7483,"mouth":6905,"parent":100,"basin":100,"widthFactor":1.0,"sourceWidth":0.05,"discharge":205,"name":"Draxtedmin","type":"River"},"geometry":{"type":"LineString","coordinates":[[145.7694,-3.9357],[145.4453,-4.2632],[145.309,-4.7147],[145.0224,-5.067],[144.6929,-4.787],[144.2579,-4.7008],[143.9073,-4.4595],[143.6201,-4.065],[143.1831,-3.8272],[142.866,-3.4641],[142.9614,-2.9567],[142.8438,-2.445],[142.8966,-1.9368],[142.7029,-1.5355],[142.341,-1.2592],[142.1136,-0.8829],[141.8451,-0.4423],[141.4199,-0.1357],[141.12,0.2781]]}},{"type":"Feature","properties":{"id":56,"source":3941,"mouth":4293,"parent":0,"basin":56,"widthFactor":1.2,"sourceWidth":0.06,"discharge":528,"name":"Berlingdon","type":"River"},"geometry":{"type":"LineString","coordinates":[[158.2929,16.8723],[158.4298,16.5001],[158.7547,16.2514],[158.9292,15.9039],[159.3293,15.7876],[159.7447,15.8915],[160.1478,15.8193],[160.4424,15.349],[160.9005,15.021],[161.2278,14.5791],[161.6411,14.4274],[162.0877,14.4862],[162.5076,14.3766],[162.924,14.2518],[163.3607,14.3355],[163.7811,14.2524],[164.1383,14.2972],[164.4237,14.5353],[164.7666,14.6187],[165.2226,14.6013],[165.6501,14.7849],[166.1004,14.8077]]}},{"type":"Feature","properties":{"id":57,"source":4935,"mouth":5123,"parent":4,"basin":32,"widthFactor":1.0,"sourceWidth":0.05,"discharge":90,"name":"Pendon","type":"Fork"},"geometry":{"type":"LineString","coordinates":[[-29.4984,10.3239],[-29.4846,10.0885],[-29.2683,9.9511],[-29.214,9.7353],[-28.7389,9.6124],[-28.2478,9.7097],[-27.7695,9.6309],[-27.4565,9.509],[-27.1197,9.6026],[-26.802,9.5238]]}},{"type":"Feature","properties":{"id":58,"source":7932,"mouth":7559,"parent":0,"basin":58,"widthFactor":1.2,"sourceWidth":0.06,"discharge":207,"name":"Shifnal","type":"River"},"geometry":{"type":"LineString","coordinates":[[-66.1779,-7.2018],[-66.3675,-6.7053],[-66.7506,-6.3235],[-66.9789,-5.85],[-67.0719,-5.6665],[-67.2999,-5.6575],[-67.4199,-5.5089],[-67.779,-5.3567],[-68.1763,-5.4178],[-68.5431,-5.3082]]}},{"type":"Feature","properties":{"id":60,"source":7020,"mouth":7018,"parent":0,"basin":60,"widthFactor":1.2,"sourceWidth":0.05,"discharge":105,"name":"Wiveton","type":"Brook"},"geometry":{"type":"LineString","coordinates":[[24.0102,-1.9269],[23.8786,-1.7596],[23.6455,-1.7931],[23.4936,-1.6659],[23.3495,-1.4632],[23.0826,-1.444],[22.914,-1.278]]}},{"type":"Feature","properties":{"id":61,"source":8148,"mouth":7763,"parent":0,"basin":61,"widthFactor":1.2,"sourceWidth":0.06,"discharge":130,"name":"Negayang","type":"River"},"geometry":{"type":"LineString","coordinates":[[-43.7607,-8.2746],[-44.013,-7.7975],[-44.4438,-7.4572],[-44.7318,-7.0074],[-44.7527,-6.7352],[-44.9764,-6.5502],[-45.0378,-6.2955],[-45.3628,-6.1409],[-45.731,-6.1988],[-46.0647,-6.0867]]}},{"type":"Feature","properties":{"id":62,"source":9631,"mouth":9463,"parent":0,"basin":62,"widthFactor":1.2,"sourceWidth":0.06,"discharge":89,"name":"Thatcking","type":"River"},"geometry":{"type":"LineString","coordinates":[[-29.6136,-16.4943],[-30.1258,-16.2332],[-30.7075,-16.1861],[-31.2336,-15.9678],[-31.2198,-15.6802],[-31.419,-15.4501],[-31.4478,-15.174],[-31.6455,-14.8714],[-31.9909,-14.7275],[-32.2182,-14.4567]]}},{"type":"Feature","properties":{"id":66,"source":9933,"mouth":9628,"parent":0,"basin":66,"widthFactor":1.2,"sourceWidth":0.07,"discharge":122,"name":"Ostorough","type":"River"},"geometry":{"type":"LineString","coordinates":[[-31.4784,-18.2628],[-31.84,-17.9007],[-32.3304,-17.7231],[-32.7177,-17.3979],[-32.6315,-17.1897],[-32.766,-16.9837],[-32.724,-16.776],[-33.01,-16.6571],[-33.3198,-16.7537],[-33.6105,-16.6779]]}},{"type":"Feature","properties":{"id":67,"source":7032,"mouth":7033,"parent":218,"basin":218,"widthFactor":1.0,"sourceWidth":0.05,"discharge":61,"name":"Newbigton","type":"River"},"geometry":{"type":"LineString","coordinates":[[32.7753,-1.5336],[32.8985,-1.8921],[33.211,-2.1291],[33.372,-2.4633],[33.7765,-2.3919],[34.0968,-2.1165],[34.4844,-2.0043]]}},{"type":"Feature","properties":{"id":68,"source":9488,"mouth":9651,"parent":1013,"basin":1013,"widthFactor":1.0,"sourceWidth":0.19,"discharge":257,"name":"Waresbo","type":"River"},"geometry":{"type":"LineString","coordinates":[[44.3655,-15.6645],[43.8903,-15.5246],[43.3918,-15.6085],[42.912,-15.5133],[42.827,-15.7098],[42.9627,-15.9026],[42.9219,-16.0983],[42.5787,-16.3412],[42.3945,-16.7314],[42.0831,-17.0037]]}},{"type":"Feature","properties":{"id":69,"source":4643,"mouth":4644,"parent":90,"basin":90,"widthFactor":1.0,"sourceWidth":0.05,"discharge":55,"name":"Walney","type":"Fork"},"geometry":{"type":"LineString","coordinates":[[149.8797,12.8727],[150.3879,12.6249],[150.9613,12.5924],[151.4826,12.3876],[151.7357,12.3032],[151.9853,12.4395],[152.2377,12.3993]]}},{"type":"Feature","properties":{"id":71,"source":10001,"mouth":9528,"parent":0,"basin":71,"widthFactor":1.2,"sourceWidth":0.05,"discharge":702,"name":"Andaltonley","type":"River"},"geometry":{"type":"LineString","coordinates":[[144.4176,-19.0863],[144.3868,-18.6355],[144.139,-18.2445],[144.0648,-17.8056],[144.205,-17.3447],[144.1259,-16.8593],[144.2223,-16.3935],[144.3599,-15.9998],[144.2825,-15.5786],[144.3771,-15.1794],[144.1552,-14.9165],[143.8344,-14.7924],[143.6151,-14.3726],[143.2301,-14.0813],[142.9776,-13.6872],[142.6388,-13.827],[142.4195,-14.1348],[142.1046,-14.3082],[141.7479,-14.3888],[141.4789,-14.6526],[141.1398,-14.7699],[140.5788,-14.7028],[140.0223,-14.8357],[139.4622,-14.8086],[139.1419,-15.0289],[138.9638,-15.3855],[138.672,-15.633],[138.3228,-15.601],[137.9991,-15.7615],[137.655,-15.768]]}},{"type":"Feature","properties":{"id":73,"source":10579,"mouth":9688,"parent":0,"basin":73,"widthFactor":1.2,"sourceWidth":0.1,"discharge":525,"name":"Kirham","type":"River"},"geometry":{"type":"LineString","coordinates":[[141.9057,-22.653],[141.6859,-22.2595],[141.2956,-22.0127],[141.0417,-21.6486],[140.9027,-21.4017],[140.6147,-21.3176],[140.4459,-21.1032],[140.1378,-20.6845],[139.679,-20.4216],[139.3407,-20.034],[139.4623,-19.5313],[139.3714,-19.0133],[139.4505,-18.5076],[139.1819,-18.2363],[138.8003,-18.1415],[138.5091,-17.9055],[138.4702,-17.5466],[138.2368,-17.2562],[138.159,-16.911],[138.0525,-16.663],[137.7922,-16.5475],[137.655,-16.326]]}},{"type":"Feature","properties":{"id":74,"source":11364,"mouth":11490,"parent":813,"basin":813,"widthFactor":1.0,"sourceWidth":0.05,"discharge":209,"name":"Modleley","type":"River"},"geometry":{"type":"LineString","coordinates":[[48.5658,-29.4579],[48.876,-29.4391],[49.1082,-29.2093],[49.4028,-29.1483],[49.7384,-29.1997],[50.0495,-29.0318],[50.3802,-29.0394],[50.5451,-28.7653],[50.501,-28.434],[50.6241,-28.1484],[50.6172,-28.4222],[50.8143,-28.6348],[50.8482,-28.8963],[50.8702,-29.1719],[51.0862,-29.3683],[51.147,-29.628],[51.1692,-29.9042],[51.3827,-30.1034],[51.4431,-30.3642],[51.7623,-30.4175],[52.0635,-30.2685],[52.3791,-30.2814]]}},{"type":"Feature","properties":{"id":75,"source":10830,"mouth":10828,"parent":30,"basin":1013,"widthFactor":1.0,"sourceWidth":0.04,"discharge":57,"name":"Bothorough","type":"Fork"},"geometry":{"type":"LineString","coordinates":[[46.125,-24.9525],[45.8585,-24.9137],[45.6358,-25.0956],[45.378,-25.101],[45.5062,-24.5761],[45.4144,-24.0345],[45.4986,-23.5062]]}},{"type":"Feature","properties":{"id":77,"source":4285,"mouth":4649,"parent":90,"basin":90,"widthFactor":1.0,"sourceWidth":0.05,"discharge":80,"name":"Axbrolive","type":"River"},"geometry":{"type":"LineString","coordinates":[[156.3336,15.0111],[156.2886,14.4563],[156.4679,13.9198],[156.4677,13.3686],[156.2388,13.0138],[156.2162,12.5808],[156.0285,12.2103],[155.9888,11.9109],[156.1631,11.646],[156.1662,11.3535]]}},{"type":"Feature","properties":{"id":80,"source":3604,"mouth":3326,"parent":0,"basin":80,"widthFactor":1.2,"sourceWidth":0.05,"discharge":216,"name":"Canbumeby","type":"River"},"geometry":{"type":"LineString","coordinates":[[158.2434,18.3528],[158.759,18.3204],[159.2494,18.5115],[159.7599,18.5238],[160.0917,18.5069],[160.3854,18.6624],[160.7952,18.6711],[161.1547,18.8906],[161.5545,18.9414],[162.1234,19.0695],[162.6156,19.3964],[163.1691,19.5642],[163.3139,19.7967],[163.296,20.07],[163.8201,20.0237],[164.3299,20.1832],[164.8512,20.178]]}},{"type":"Feature","properties":{"id":81,"source":8209,"mouth":8207,"parent":15,"basin":15,"widthFactor":1.0,"sourceWidth":0.16,"discharge":164,"name":"Herthoredi","type":"Branch"},"geometry":{"type":"LineString","coordinates":[[38.8494,-8.1207],[38.4497,-8.2041],[38.1433,-8.4922],[37.7622,-8.6166],[37.5848,-8.4129],[37.2974,-8.4005],[37.098,-8.235]]}},{"type":"Feature","properties":{"id":82,"source":7360,"mouth":7357,"parent":0,"basin":82,"widthFactor":1.2,"sourceWidth":0.05,"discharge":127,"name":"Cochamney","type":"River"},"geometry":{"type":"LineString","coordinates":[[-65.7774,-4.1562],[-66.1666,-4.1094],[-66.5308,-4.2861],[-66.915,-4.284],[-67.2612,-4.1755],[-67.6202,-4.2873],[-67.9689,-4.2228],[-68.2369,-4.5441],[-68.3134,-4.9667],[-68.5431,-5.3082]]}},{"type":"Feature","properties":{"id":83,"source":8543,"mouth":9286,"parent":0,"basin":83,"widthFactor":1.2,"sourceWidth":0.05,"discharge":178,"name":"Jeomcheondo","type":"River"},"geometry":{"type":"LineString","coordinates":[[-40.5252,-10.2303],[-40.5759,-10.5058],[-40.4039,-10.7488],[-40.41,-11.0178],[-40.6616,-11.3276],[-40.7154,-11.7352],[-40.9275,-12.0645],[-41.2123,-12.5919],[-41.2936,-13.1936],[-41.5377,-13.7358],[-41.9354,-13.6793],[-42.3176,-13.8353],[-42.7122,-13.8213],[-43.0458,-14.0741],[-43.2219,-14.4652],[-43.524,-14.7456],[-43.739,-14.5206],[-44.06,-14.4726],[-44.2962,-14.283]]}},{"type":"Feature","properties":{"id":84,"source":6342,"mouth":6511,"parent":0,"basin":84,"widthFactor":1.2,"sourceWidth":0.16,"discharge":447,"name":"Congtonter","type":"River"},"geometry":{"type":"LineString","coordinates":[[-30.9303,2.1456],[-30.4851,1.9204],[-29.9762,1.911],[-29.5182,1.7289],[-29.2643,1.7804],[-29.1254,2.0204],[-28.8945,2.1096],[-28.6126,1.976],[-28.296,2.0564],[-28.0071,1.9656],[-27.6143,1.7923],[-27.176,1.8272],[-26.7741,1.6956],[-26.3746,1.6329],[-25.9861,1.7795],[-25.5888,1.7586],[-25.4109,1.4233],[-25.0762,1.222],[-24.867,0.9135],[-24.3353,0.7566],[-23.7753,0.8007],[-23.238,0.684]]}},{"type":"Feature","properties":{"id":85,"source":8542,"mouth":9099,"parent":0,"basin":85,"widthFactor":1.2,"sourceWidth":0.07,"discharge":167,"name":"Hapcheon","type":"River"},"geometry":{"type":"LineString","coordinates":[[-41.2074,-10.6344],[-41.7457,-10.8321],[-42.1742,-11.2263],[-42.6906,-11.4633],[-42.9407,-11.7099],[-43.0013,-12.0697],[-43.2135,-12.339],[-43.5279,-12.6671],[-43.6601,-13.1125],[-43.938,-13.464],[-44.1355,-13.7028],[-44.1378,-14.0271],[-44.2962,-14.283]]}},{"type":"Feature","properties":{"id":86,"source":7935,"mouth":8134,"parent":0,"basin":86,"widthFactor":1.2,"sourceWidth":0.05,"discharge":120,"name":"Fenwichton","type":"River"},"geometry":{"type":"LineString","coordinates":[[-63.0288,-6.9759],[-62.7486,-7.1084],[-62.4354,-7.0184],[-62.1486,-7.1064],[-61.6873,-7.1327],[-61.2558,-6.9403],[-60.8004,-6.9228],[-60.9207,-7.3083],[-60.825,-7.7125],[-60.9021,-8.1018],[-60.7779,-8.3489],[-60.5022,-8.4463],[-60.3477,-8.6634],[-60.4011,-9.022],[-60.2874,-9.3663]]}},{"type":"Feature","properties":{"id":87,"source":9323,"mouth":9321,"parent":39,"basin":1013,"widthFactor":1.0,"sourceWidth":0.05,"discharge":62,"name":"Sorough","type":"Branch"},"geometry":{"type":"LineString","coordinates":[[44.4051,-14.5269],[44.0262,-14.3864],[43.618,-14.4689],[43.2333,-14.373],[43.1505,-14.0569],[42.8772,-13.8523],[42.7563,-13.5585]]}},{"type":"Feature","properties":{"id":90,"source":3601,"mouth":6266,"parent":0,"basin":90,"widthFactor":1.2,"sourceWidth":0.07,"discharge":2397,"name":"Botle","type":"River"},"geometry":{"type":"LineString","coordinates":[[154.8108,18.6174],[154.5693,18.8927],[154.2258,19.0197],[153.9429,18.9824],[153.7552,18.7459],[153.4914,18.6687],[152.9203,18.6967],[152.3715,18.5092],[151.8048,18.4941],[151.7636,18.1034],[151.9341,17.7369],[151.9353,17.3511],[151.8144,17.0782],[151.8597,16.7832],[151.9057,16.4875],[152.1389,16.2785],[152.2224,16.0002],[152.1424,15.4489],[152.2654,14.8981],[152.226,14.3469],[152.0306,13.9942],[152.0259,13.5812],[151.8687,13.2165],[151.9199,12.9117],[152.1506,12.6879],[152.2377,12.3993],[152.5325,12.3362],[152.8178,12.4669],[153.1107,12.4425],[153.7082,12.2065],[154.3446,12.1185],[154.5576,11.7519],[154.8855,11.4831],[155.5184,11.3444],[156.1662,11.3535],[156.4922,10.9997],[156.9096,10.7604],[157.6667,10.1972],[158.5008,9.756],[158.7258,9.2352],[159.0732,8.7867],[159.2599,8.1987],[159.5745,7.668],[159.9342,7.5113],[160.326,7.4889],[160.771,6.8228],[161.3223,6.2415],[161.7324,6.2305],[162.1242,6.3522],[162.9038,5.9758],[163.7316,5.7222],[163.4044,5.2164],[163.1934,4.6521],[163.6663,3.9253],[164.241,3.276],[164.6008,2.8312],[165.0492,2.4759]]}},{"type":"Feature","properties":{"id":91,"source":3453,"mouth":3323,"parent":119,"basin":119,"widthFactor":1.0,"sourceWidth":0.06,"discharge":104,"name":"Lympsfield","type":"River"},"geometry":{"type":"LineString","coordinates":[[158.0445,20.0034],[158.5614,19.8139],[159.1203,19.8454],[159.6456,19.7001],[159.8464,20.2038],[159.8317,20.7548],[159.9894,21.2679],[160.5784,21.1839],[161.1664,21.3166],[161.7552,21.276],[162.2034,21.4365],[162.5451,21.7815],[162.972,21.9789]]}},{"type":"Feature","properties":{"id":92,"source":7200,"mouth":7391,"parent":0,"basin":92,"widthFactor":1.2,"sourceWidth":0.04,"discharge":99,"name":"Charham","type":"River"},"geometry":{"type":"LineString","coordinates":[[-33.25,-2.8],[-33.253125,-2.8199999999999994],[-33.259375000000006,-2.8600000000000003],[-33.26875,-2.92],[-33.28125,-3.0],[-33.28937499999999,-3.075],[-33.293125,-3.1449999999999996],[-33.292500000000004,-3.21],[-33.287499999999994,-3.2699999999999996],[-33.290625,-3.33125],[-33.301875,-3.39375],[-33.321250000000006,-3.4574999999999996],[-33.348749999999995,-3.5225],[-33.37875,-3.5887499999999997],[-33.411249999999995,-3.65625],[-33.44625,-3.725],[-33.48375,-3.795],[-33.51549375,-3.8712187499999997],[-33.541481250000004,-3.9536562499999994],[-33.561712500000006,-4.0423124999999995],[-33.576187499999996,-4.1371875],[-33.57704847892347,-4.211124567084482],[-33.564295436770436,-4.264123701253447],[-33.53792837354088,-4.296184902506894],[-33.49794728923479,-4.3073081708448235],[-33.45737670114618,-4.317995350706287],[-33.41621660927505,-4.3282464420912845],[-33.37446701362139,-4.338061444999815],[-33.332127914185214,-4.34744035943188],[-33.29434428747318,-4.354340560764042],[-33.261116133485295,-4.358762048996302],[-33.23244345222155,-4.360704824128658],[-33.208326243681945,-4.360168886161111],[-33.18447700412612,-4.358226111028755],[-33.16504525556445,-4.3554659194716985]]}},{"type":"Feature","properties":{"id":93,"source":8524,"mouth":8717,"parent":0,"basin":93,"widthFactor":1.2,"sourceWidth":0.05,"discharge":79,"name":"Bolton","type":"River"},"geometry":{"type":"LineString","coordinates":[[-65.907,-10.755],[-65.6796,-11.1175],[-65.291,-11.323],[-65.0313,-11.6541],[-64.5487,-11.5778],[-64.1394,-11.2933],[-63.6714,-11.1753],[-63.4247,-11.3035],[-63.143,-11.2177],[-62.8893,-11.3031],[-62.5952,-11.4975],[-62.2301,-11.4909],[-61.9218,-11.6451]]}},{"type":"Feature","properties":{"id":94,"source":10859,"mouth":10999,"parent":178,"basin":178,"widthFactor":1.0,"sourceWidth":0.05,"discharge":50,"name":"Rockingham","type":"River"},"geometry":{"type":"LineString","coordinates":[[146.331,-24.8454],[146.4708,-25.3331],[146.8124,-25.7213],[146.9925,-26.1891],[147.3644,-26.2326],[147.7096,-26.0571],[148.0761,-26.0568],[148.5003,-26.2837],[148.9905,-26.3041],[149.4279,-26.4897]]}},{"type":"Feature","properties":{"id":97,"source":10233,"mouth":10235,"parent":0,"basin":97,"widthFactor":1.2,"sourceWidth":0.06,"discharge":73,"name":"Horshamber","type":"Brook"},"geometry":{"type":"LineString","coordinates":[[-28.6641,-20.5758],[-28.2979,-20.8486],[-27.8355,-20.9179],[-27.45,-21.15],[-27.1766,-21.1726],[-26.946,-21.024]]}},{"type":"Feature","properties":{"id":98,"source":7028,"mouth":7225,"parent":0,"basin":98,"widthFactor":1.2,"sourceWidth":0.05,"discharge":65,"name":"Yeonewen","type":"River"},"geometry":{"type":"LineString","coordinates":[[28.0035,-2.4219],[28.3377,-2.7874],[28.8076,-2.9734],[29.169,-3.303],[29.1631,-3.5679],[29.3669,-3.7638],[29.403,-4.0149]]}},{"type":"Feature","properties":{"id":100,"source":5017,"mouth":6896,"parent":0,"basin":100,"widthFactor":1.2,"sourceWidth":0.05,"discharge":619,"name":"Staple","type":"River"},"geometry":{"type":"LineString","coordinates":[[145.7667,10.6398],[145.8125,10.0728],[146.0768,9.5591],[146.1663,9.0027],[145.7387,8.8669],[145.4179,8.5381],[145.0116,8.3637],[144.7869,8.2159],[144.7332,7.9351],[144.5427,7.7607],[144.2377,7.3707],[144.1207,6.8802],[143.8533,6.4701],[143.7761,5.9883],[143.9084,5.5095],[143.8731,5.0283],[143.8861,4.6397],[144.0991,4.3016],[144.1521,3.9231],[143.7091,3.7115],[143.3828,3.3337],[142.9632,3.0888],[142.8722,2.7754],[142.981,2.455],[142.9299,2.1402],[142.731,1.7823],[142.7196,1.3636],[142.5582,0.9936],[142.1122,0.8347],[141.7604,0.5061],[141.3333,0.3132],[141.12,0.2781],[140.3303,0.2064],[139.5684,-0.0135],[139.1916,0.2505],[138.7503,0.3807],[138.3754,0.3753],[138.0312,0.2268],[137.4954,0.4109],[136.9305,0.4536],[136.1806,0.2873],[135.4743,-0.0144],[135.1054,-0.4332],[134.8524,-0.9306],[134.4388,-0.8152],[134.01,-0.837],[133.804,-1.5898],[133.7319,-2.367]]}},{"type":"Feature","properties":{"id":101,"source":8540,"mouth":9098,"parent":0,"basin":101,"widthFactor":1.2,"sourceWidth":0.04,"discharge":150,"name":"Jeongnam","type":"River"},"geometry":{"type":"LineString","coordinates":[[-43.1055,-10.2726],[-43.4023,-10.6353],[-43.5008,-11.1045],[-43.758,-11.4885],[-44.1179,-11.6955],[-44.3296,-12.066],[-44.6598,-12.3057],[-44.7954,-12.5579],[-44.718,-12.8501],[-44.811,-13.1103],[-44.9733,-13.3438],[-44.9323,-13.6408],[-45.054,-13.887]]}},{"type":"Feature","properties":{"id":102,"source":11264,"mouth":11875,"parent":0,"basin":102,"widthFactor":1.2,"sourceWidth":0.07,"discharge":160,"name":"Totfordle","type":"River"},"geometry":{"type":"LineString","coordinates":[[142.9605,-27.5949],[142.7142,-28.1175],[142.6839,-28.7031],[142.4808,-29.2383],[142.5165,-29.6665],[142.7637,-30.0315],[142.8417,-30.447],[142.8002,-30.7335],[142.9727,-30.9855],[142.974,-31.2651],[142.8295,-31.5941],[142.8948,-31.9601],[142.7922,-32.2965],[142.976,-32.7123],[143.3326,-33.0096],[143.5509,-33.4017],[143.8088,-33.6326],[144.1637,-33.6815],[144.441,-33.876],[144.6909,-34.1054],[145.0383,-34.1566],[145.3077,-34.3503]]}},{"type":"Feature","properties":{"id":103,"source":6706,"mouth":6709,"parent":0,"basin":103,"widthFactor":1.2,"sourceWidth":0.09,"discharge":262,"name":"Harmouth","type":"River"},"geometry":{"type":"LineString","coordinates":[[49.3173,-0.0216],[49.6055,-0.0854],[49.873,0.0748],[50.157,0.0558],[50.5094,0.0429],[50.8239,0.2025],[51.4114,0.0696],[52.0159,0.1527],[52.6068,0.063],[52.9404,0.0946],[53.2005,0.3262],[53.5194,0.3978]]}},{"type":"Feature","properties":{"id":104,"source":10370,"mouth":10228,"parent":0,"basin":104,"widthFactor":1.2,"sourceWidth":0.07,"discharge":183,"name":"Bridbury","type":"River"},"geometry":{"type":"LineString","coordinates":[[-32.2578,-21.861],[-32.4093,-21.3606],[-32.7618,-20.9615],[-32.9535,-20.4813],[-33.4111,-20.4603],[-33.8362,-20.6576],[-34.2873,-20.6802],[-34.4951,-20.5042],[-34.767,-20.4894]]}},{"type":"Feature","properties":{"id":105,"source":9963,"mouth":9959,"parent":1013,"basin":1013,"widthFactor":1.0,"sourceWidth":0.15,"discharge":187,"name":"Souton","type":"Fork"},"geometry":{"type":"LineString","coordinates":[[44.8515,-18.7785],[44.5425,-18.6894],[44.2342,-18.8253],[43.9254,-18.7812],[43.644,-18.5846],[43.2869,-18.5953],[42.9903,-18.4401],[42.6647,-18.3812],[42.354,-18.495],[42.4006,-18.1322],[42.2354,-17.7922],[42.2397,-17.4339]]}},{"type":"Feature","properties":{"id":106,"source":9815,"mouth":9812,"parent":1013,"basin":1013,"widthFactor":1.0,"sourceWidth":0.17,"discharge":174,"name":"Dudford","type":"River"},"geometry":{"type":"LineString","coordinates":[[44.6481,-17.253],[44.2271,-17.1466],[43.7974,-17.265],[43.3746,-17.2035],[42.9787,-17.1938],[42.6268,-17.4004],[42.2397,-17.4339]]}},{"type":"Feature","properties":{"id":107,"source":5138,"mouth":5494,"parent":0,"basin":107,"widthFactor":1.2,"sourceWidth":0.04,"discharge":78,"name":"Seasings","type":"River"},"geometry":{"type":"LineString","coordinates":[[16.9137,9.1755],[17.0594,8.6449],[17.4094,8.2086],[17.5959,7.6968],[17.1794,7.6284],[16.8434,7.3545],[16.443,7.245],[16.2545,7.0072],[16.2672,6.6889],[16.119,6.435]]}},{"type":"Feature","properties":{"id":109,"source":6217,"mouth":6390,"parent":109,"basin":109,"widthFactor":1.2,"sourceWidth":0.05,"discharge":306,"name":"Pickington","type":"River"},"geometry":{"type":"LineString","coordinates":[[48.4632,3.2337],[48.879,3.3894],[49.2155,3.3573],[49.5148,3.5427],[49.8438,3.5541],[50.3065,3.4761],[50.7652,3.6148],[51.2271,3.5802],[51.5687,3.2504],[52.0283,3.0979],[52.3935,2.8035],[52.6452,2.6572],[52.9456,2.7147],[53.2071,2.6091],[53.2668,2.3243],[53.508,2.1373],[53.604,1.872]]}},{"type":"Feature","properties":{"id":111,"source":6743,"mouth":6581,"parent":12,"basin":90,"widthFactor":1.0,"sourceWidth":0.08,"discharge":110,"name":"Holton","type":"Fork"},"geometry":{"type":"LineString","coordinates":[[154.2501,0.0702],[154.7123,-0.0946],[155.21,-0.0372],[155.6793,-0.1575],[155.9615,0.0787],[156.0655,0.4452],[156.312,0.7074],[156.659,0.8764],[156.8698,1.2139],[157.1895,1.4166],[157.294,1.6737],[157.186,1.9465],[157.248,2.2068]]}},{"type":"Feature","properties":{"id":112,"source":3407,"mouth":3408,"parent":259,"basin":259,"widthFactor":1.0,"sourceWidth":0.05,"discharge":70,"name":"Wamerstery","type":"River"},"geometry":{"type":"LineString","coordinates":[[12.7854,19.4454],[13.2178,19.4858],[13.5832,19.741],[14.0022,19.8243],[14.3743,19.6045],[14.8174,19.5937],[15.2037,19.4157]]}},{"type":"Feature","properties":{"id":114,"source":7957,"mouth":8155,"parent":0,"basin":114,"widthFactor":1.2,"sourceWidth":0.04,"discharge":98,"name":"Bingdon","type":"River"},"geometry":{"type":"LineString","coordinates":[[-36.9855,-6.8445],[-36.6567,-6.9749],[-36.3009,-6.882],[-35.9667,-6.9678],[-35.9578,-7.4952],[-35.7319,-7.9821],[-35.6796,-8.5014],[-35.4586,-8.8686],[-35.0783,-9.0888],[-34.8255,-9.4266]]}},{"type":"Feature","properties":{"id":115,"source":10259,"mouth":10257,"parent":1012,"basin":1013,"widthFactor":1.0,"sourceWidth":0.16,"discharge":290,"name":"Frample","type":"River"},"geometry":{"type":"LineString","coordinates":[[46.1673,-20.8017],[45.6914,-20.7009],[45.2105,-20.8251],[44.7336,-20.7693],[44.5037,-20.8301],[44.4053,-21.0681],[44.2017,-21.1644],[43.7372,-21.0508],[43.2602,-21.1537],[42.7932,-21.0834]]}},{"type":"Feature","properties":{"id":116,"source":8526,"mouth":8527,"parent":0,"basin":116,"widthFactor":1.2,"sourceWidth":0.04,"discharge":64,"name":"Bothovil","type":"River"},"geometry":{"type":"LineString","coordinates":[[-64.3572,-10.5948],[-63.8756,-10.6043],[-63.4317,-10.392],[-62.9577,-10.3572],[-62.4777,-10.6945],[-61.8994,-10.8343],[-61.3998,-11.1321]]}},{"type":"Feature","properties":{"id":117,"source":7167,"mouth":7165,"parent":0,"basin":117,"widthFactor":1.2,"sourceWidth":0.08,"discharge":154,"name":"Wathampound","type":"River"},"geometry":{"type":"LineString","coordinates":[[-66.6414,-2.619],[-66.9914,-2.7989],[-67.1954,-3.1501],[-67.5162,-3.3642],[-67.7958,-3.408],[-67.995,-3.609],[-68.4254,-3.3231],[-68.9438,-3.2352],[-69.3918,-2.9889]]}},{"type":"Feature","properties":{"id":118,"source":7560,"mouth":7358,"parent":0,"basin":118,"widthFactor":1.2,"sourceWidth":0.11,"discharge":144,"name":"Westley","type":"River"},"geometry":{"type":"LineString","coordinates":[[-66.3831,-5.0454],[-66.8094,-4.8974],[-67.2657,-4.9724],[-67.698,-4.869],[-68.0204,-4.9371],[-68.241,-5.201],[-68.5431,-5.3082]]}},{"type":"Feature","properties":{"id":119,"source":3319,"mouth":3190,"parent":0,"basin":119,"widthFactor":1.2,"sourceWidth":0.09,"discharge":495,"name":"Dalton","type":"River"},"geometry":{"type":"LineString","coordinates":[[156.9681,20.7351],[157.4024,21.0822],[157.6697,21.58],[158.0706,21.9573],[158.489,21.7875],[158.9489,21.8345],[159.3756,21.708],[159.7122,21.6907],[160.0038,21.8854],[160.3314,21.9105],[160.6109,21.9766],[160.7819,22.2262],[161.0397,22.329],[161.6689,22.1298],[162.3354,22.1368],[162.972,21.9789],[163.143,22.1778],[163.5852,22.0367],[164.0544,22.0969],[164.502,21.996]]}},{"type":"Feature","properties":{"id":121,"source":11721,"mouth":11478,"parent":150,"basin":148,"widthFactor":0.9,"sourceWidth":0.08,"discharge":387,"name":"Wargley","type":"River"},"geometry":{"type":"LineString","coordinates":[[44.7903,-32.0202],[44.5776,-31.5308],[44.1766,-31.1646],[43.9263,-30.6999],[44.1577,-30.4558],[44.1946,-30.1072],[44.3871,-29.8422],[44.0545,-29.917],[43.93367838449003,-30.052654855476998]]}},{"type":"Feature","properties":{"id":123,"source":7931,"mouth":7930,"parent":0,"basin":123,"widthFactor":1.2,"sourceWidth":0.07,"discharge":175,"name":"Albrore","type":"River"},"geometry":{"type":"LineString","coordinates":[[-66.8574,-7.5015],[-67.3206,-7.3083],[-67.8318,-7.3349],[-68.3046,-7.1856],[-68.3071,-6.8933],[-68.5194,-6.6695],[-68.5638,-6.3909]]}},{"type":"Feature","properties":{"id":124,"source":2520,"mouth":2643,"parent":125,"basin":125,"widthFactor":1.0,"sourceWidth":0.04,"discharge":50,"name":"Ostedford","type":"River"},"geometry":{"type":"LineString","coordinates":[[156.5613,26.9874],[156.5903,26.6996],[156.825,26.5028],[156.8952,26.2332],[157.3226,26.0371],[157.8028,26.0553],[158.2407,25.902]]}},{"type":"Feature","properties":{"id":125,"source":3045,"mouth":3054,"parent":0,"basin":125,"widthFactor":1.2,"sourceWidth":0.05,"discharge":656,"name":"Clifton","type":"River"},"geometry":{"type":"LineString","coordinates":[[154.4301,23.0211],[154.7736,23.4178],[154.9243,23.9305],[155.2293,24.3504],[155.2248,24.6636],[155.7199,24.8515],[156.106,25.2267],[156.5793,25.452],[157.1554,25.5197],[157.6758,25.7931],[158.2407,25.902],[158.7149,25.7392],[159.2231,25.7832],[159.7041,25.6617],[160.0084,25.7063],[160.2292,25.9394],[160.5168,26.0217],[161.0305,26.3291],[161.4172,26.795],[161.9055,27.1341],[161.971,26.6322],[162.2282,26.1873],[162.3321,25.6968],[162.425,25.4229],[162.6802,25.2607],[162.8055,25.0092],[162.685,24.57],[162.7577,24.1121],[162.6759,23.6691],[163.096,23.1904],[163.6182,22.8258],[164.122,22.6787],[164.6469,22.6809]]}},{"type":"Feature","properties":{"id":126,"source":10288,"mouth":10146,"parent":73,"basin":73,"widthFactor":1.0,"sourceWidth":0.06,"discharge":55,"name":"Chawleigh","type":"Fork"},"geometry":{"type":"LineString","coordinates":[[141.5853,-21.1392],[141.4826,-20.7083],[141.1762,-20.3729],[141.0327,-19.9611],[140.4649,-19.8972],[139.9066,-20.0538],[139.3407,-20.034]]}},{"type":"Feature","properties":{"id":129,"source":5333,"mouth":5156,"parent":266,"basin":266,"widthFactor":1.0,"sourceWidth":0.05,"discharge":53,"name":"Bostery","type":"Fork"},"geometry":{"type":"LineString","coordinates":[[32.445,8.5959],[32.8871,8.6745],[33.2462,8.9623],[33.6717,9.0828],[34.0572,9.0931],[34.3864,9.3169],[34.7607,9.3699]]}},{"type":"Feature","properties":{"id":131,"source":4738,"mouth":3861,"parent":0,"basin":131,"widthFactor":1.2,"sourceWidth":0.06,"discharge":113,"name":"Tutnestore","type":"River"},"geometry":{"type":"LineString","coordinates":[[-32.9715,11.8962],[-33.1053,12.2982],[-33.4326,12.5854],[-33.6051,12.9645],[-33.9358,13.1833],[-34.3443,13.1956],[-34.6905,13.3731],[-34.7601,13.8098],[-35.0329,14.171],[-35.1432,14.5926],[-35.4904,15.1079],[-35.9963,15.481],[-36.3753,15.9678],[-36.1693,16.1541],[-36.108,16.425],[-36.4976,16.5675],[-36.9182,16.506],[-37.314,16.6077]]}},{"type":"Feature","properties":{"id":133,"source":10519,"mouth":10660,"parent":0,"basin":133,"widthFactor":1.2,"sourceWidth":0.04,"discharge":50,"name":"Bingin","type":"River"},"geometry":{"type":"LineString","coordinates":[[-29.6154,-22.9788],[-29.5126,-23.2941],[-29.2228,-23.4842],[-29.0826,-23.7744],[-29.0805,-24.185],[-28.8631,-24.5471],[-28.818,-24.948]]}},{"type":"Feature","properties":{"id":135,"source":5509,"mouth":4581,"parent":246,"basin":246,"widthFactor":1.0,"sourceWidth":0.06,"discharge":154,"name":"Bermouthel","type":"Fork"},"geometry":{"type":"LineString","coordinates":[[26.1504,7.4691],[25.8912,7.9644],[25.452,8.3247],[25.1568,8.793],[24.8988,9.1521],[24.4908,9.3492],[24.2028,9.6759],[24.2765,9.9548],[24.1337,10.2235],[24.1641,10.5003],[24.4076,11.0324],[24.4466,11.624],[24.6492,12.168],[24.6425,12.796],[24.4283,13.3938],[24.3801,14.0157]]}},{"type":"Feature","properties":{"id":136,"source":3754,"mouth":3033,"parent":1011,"basin":1011,"widthFactor":1.0,"sourceWidth":0.05,"discharge":222,"name":"Hatbume","type":"River"},"geometry":{"type":"LineString","coordinates":[[145.5075,17.8983],[144.9091,17.8497],[144.3622,17.5821],[143.7741,17.4897],[143.2597,17.3506],[142.8373,17.011],[142.3413,16.8318],[141.9885,16.9524],[141.834,17.2385],[141.525,17.3778],[141.3396,17.6346],[141.2691,18.014],[141.0058,18.3112],[140.8968,18.6741],[140.9495,18.9655],[140.797,19.2356],[140.8086,19.5228],[141.1058,19.8445],[141.2308,20.2739],[141.4935,20.6172],[141.5454,20.9949],[141.3978,21.3576],[141.4098,21.7323],[141.4748,22.2471],[141.3428,22.7566],[141.3684,23.2704],[141.1706,23.488],[140.8896,23.5746]]}},{"type":"Feature","properties":{"id":137,"source":3182,"mouth":3053,"parent":119,"basin":119,"widthFactor":1.0,"sourceWidth":0.06,"discharge":208,"name":"Redclif","type":"River"},"geometry":{"type":"LineString","coordinates":[[155.9835,21.9843],[156.3835,21.9451],[156.7547,22.1291],[157.149,22.1346],[157.5857,22.3875],[157.8801,22.8091],[158.2884,23.0958],[158.6058,23.1098],[158.8549,23.3295],[159.1587,23.3847],[159.6539,23.1684],[160.2026,23.1584],[160.7085,22.9833],[161.0676,23.0087],[161.3637,23.2339],[161.7102,23.2992],[162.0562,23.2426],[162.3897,23.3505],[162.5725,22.9157],[162.9261,22.5906],[163.143,22.1778]]}},{"type":"Feature","properties":{"id":138,"source":1978,"mouth":1765,"parent":208,"basin":208,"widthFactor":1.0,"sourceWidth":0.05,"discharge":187,"name":"Cleomerbot","type":"Fork"},"geometry":{"type":"LineString","coordinates":[[163.5597,33.4917],[163.7012,33.7482],[163.6659,34.0389],[164.0076,34.1236],[164.2443,34.4023],[164.565,34.5258],[164.8521,34.6899],[165.0168,34.9767],[164.9657,35.4383],[164.7108,35.8379],[164.619,36.2871],[164.7151,36.6515],[164.6017,37.0229],[164.6559,37.3887]]}},{"type":"Feature","properties":{"id":139,"source":6289,"mouth":6779,"parent":0,"basin":139,"widthFactor":1.2,"sourceWidth":0.05,"discharge":145,"name":"Bosin","type":"River"},"geometry":{"type":"LineString","coordinates":[[-156.9357,1.9026],[-156.832,1.6784],[-156.6036,1.584],[-156.7394,1.122],[-156.6557,0.6375],[-156.7476,0.171],[-156.4116,-0.1783],[-155.9488,-0.3518],[-155.5875,-0.666],[-155.4385,-0.952],[-155.1333,-1.093],[-154.953,-1.35]]}},{"type":"Feature","properties":{"id":140,"source":6635,"mouth":6311,"parent":0,"basin":140,"widthFactor":1.2,"sourceWidth":0.05,"discharge":92,"name":"Carwicksey","type":"River"},"geometry":{"type":"LineString","coordinates":[[-65.2797,0.0873],[-65.3486,0.4903],[-65.6255,0.8075],[-65.736,1.1934],[-65.9927,1.5641],[-66.4027,1.7761],[-66.69,2.115],[-66.537,2.3384],[-66.5925,2.6206],[-66.4812,2.8557]]}},{"type":"Feature","properties":{"id":142,"source":12032,"mouth":12031,"parent":300,"basin":300,"widthFactor":1.0,"sourceWidth":0.06,"discharge":86,"name":"Albrorenil","type":"River"},"geometry":{"type":"LineString","coordinates":[[-64.1916,-35.4537],[-64.6395,-35.3622],[-65.0882,-35.4957],[-65.5362,-35.4492],[-65.8603,-35.746],[-66.0057,-36.1723],[-66.294,-36.495]]}},{"type":"Feature","properties":{"id":143,"source":7029,"mouth":7228,"parent":0,"basin":143,"widthFactor":1.2,"sourceWidth":0.07,"discharge":220,"name":"Sealister","type":"River"},"geometry":{"type":"LineString","coordinates":[[29.0763,-1.6155],[29.4906,-2.0324],[30.0384,-2.2681],[30.4794,-2.6487],[30.6852,-2.8578],[30.9945,-2.8719],[31.221,-3.042],[31.0839,-3.4792],[31.1621,-3.9409],[31.068,-4.383]]}},{"type":"Feature","properties":{"id":144,"source":2913,"mouth":2778,"parent":125,"basin":125,"widthFactor":1.0,"sourceWidth":0.05,"discharge":75,"name":"Thornsey","type":"Fork"},"geometry":{"type":"LineString","coordinates":[[157.2399,24.165],[157.6119,24.1191],[157.9569,24.2967],[158.3235,24.2955],[158.8704,24.4832],[159.3146,24.8662],[159.8409,25.0929],[160.1363,25.3515],[160.2564,25.7376],[160.5168,26.0217]]}},{"type":"Feature","properties":{"id":146,"source":8522,"mouth":8521,"parent":414,"basin":414,"widthFactor":1.0,"sourceWidth":0.08,"discharge":142,"name":"Stotlema","type":"Brook"},"geometry":{"type":"LineString","coordinates":[[-68.211,-10.0269],[-68.5512,-9.9105],[-68.9087,-10.0184],[-69.2523,-9.9468],[-69.3534,-9.6834],[-69.6255,-9.5595],[-69.7608,-9.324]]}},{"type":"Feature","properties":{"id":148,"source":12196,"mouth":11588,"parent":148,"basin":148,"widthFactor":0.4,"sourceWidth":0.04,"discharge":4535,"name":"Bosdon","type":"River"},"geometry":{"type":"LineString","coordinates":[[43.6662,-36.0216],[43.5053,-35.7628],[43.1969,-35.674],[43.0065,-35.4492],[43.1177,-35.0927],[43.0086,-34.7222],[43.0758,-34.3629],[42.759,-34.1801],[42.3814,-34.2053],[42.0525,-34.0641],[41.6979,-33.9702],[41.3381,-34.0893],[40.9824,-34.038],[40.5397,-33.8542],[40.0517,-33.8749],[39.6,-33.732],[39.3749,-33.5975],[39.114,-33.624],[38.9947,-33.3423],[38.7162,-33.1866],[38.565,-32.9301],[38.565,-32.9301],[38.4751,-32.5959],[38.2117,-32.3547],[38.0871,-32.0391],[37.9759,-31.7855],[37.7159,-31.6566],[37.575,-31.428],[37.9488,-31.0985],[38.205,-30.6711],[37.6242,-30.6711],[37.0629,-30.8205],[36.7359,-31.2354],[36.5373,-31.725],[36.2497,-31.5126],[35.901,-31.4334],[35.6845,-31.0188],[35.352,-30.69]]}},{"type":"Feature","properties":{"id":149,"source":10792,"mouth":10921,"parent":0,"basin":149,"widthFactor":1.2,"sourceWidth":0.05,"discharge":69,"name":"Tremacury","type":"River"},"geometry":{"type":"LineString","coordinates":[[-31.8537,-24.5574],[-31.813,-25.0071],[-31.5568,-25.3923],[-31.473,-25.8291],[-31.4135,-26.3316],[-31.1427,-26.7703],[-31.041,-27.2601]]}},{"type":"Feature","properties":{"id":150,"source":11103,"mouth":11473,"parent":148,"basin":148,"widthFactor":0.4,"sourceWidth":0.06,"discharge":1538,"name":"Rothton","type":"Fork"},"geometry":{"type":"MultiLineString","coordinates":[[[44.8704,-27.1908],[44.5211,-26.98],[44.1008,-26.9827],[43.7373,-26.8146],[43.371,-26.8058],[43.0527,-27.0125],[42.696,-27.0468],[42.48853386323729,-27.272827961498752]],[[41.18472295966763,-30.462934522947926],[41.1138,-30.5892],[40.8735,-30.7152],[40.7196,-30.4807],[40.51195392437707,-30.42073292902653]],[[39.443949228387915,-30.28948898190718],[39.285,-30.492],[39.0351,-30.4524],[38.808,-30.564],[38.4933,-30.5433],[38.205,-30.6711]]]}},{"type":"Feature","properties":{"id":151,"source":10904,"mouth":10776,"parent":0,"basin":151,"widthFactor":1.2,"sourceWidth":0.05,"discharge":73,"name":"Swasal","type":"River"},"geometry":{"type":"LineString","coordinates":[[-65.9601,-25.7238],[-66.3689,-25.3586],[-66.898,-25.1834],[-67.3308,-24.8562],[-67.5867,-24.8413],[-67.7788,-25.0377],[-68.022,-25.065]]}},{"type":"Feature","properties":{"id":155,"source":8252,"mouth":9361,"parent":0,"basin":155,"widthFactor":1.2,"sourceWidth":0.06,"discharge":183,"name":"Manchelton","type":"River"},"geometry":{"type":"LineString","coordinates":[[142.8462,-8.4177],[142.4928,-8.2992],[142.1214,-8.405],[141.7644,-8.3313],[141.2773,-8.5722],[140.9189,-8.9924],[140.4576,-9.2691],[140.0462,-9.4549],[139.7603,-9.8174],[139.374,-10.0386],[139.511,-10.6509],[139.8477,-11.1889],[140.0247,-11.7864],[139.7195,-11.9725],[139.5623,-12.3069],[139.2867,-12.5226],[138.9196,-12.6855],[138.673,-13.0157],[138.33,-13.212],[138.3431,-13.6201],[138.5537,-13.9815],[138.6063,-14.3802],[138.2361,-14.5961],[137.9971,-14.963],[137.6532,-15.2091]]}},{"type":"Feature","properties":{"id":157,"source":4551,"mouth":4203,"parent":220,"basin":220,"widthFactor":1.0,"sourceWidth":0.05,"discharge":90,"name":"Wazionzan","type":"River"},"geometry":{"type":"LineString","coordinates":[[-32.3262,12.6945],[-32.5559,12.8198],[-32.8188,12.7226],[-33.0552,12.8034],[-33.0195,13.0465],[-33.156,13.2507],[-32.9062,13.5642],[-32.8511,13.9729],[-32.6403,14.3055],[-32.4549,14.8121],[-32.4787,15.3594],[-32.3352,15.8742]]}},{"type":"Feature","properties":{"id":158,"source":6638,"mouth":6809,"parent":169,"basin":169,"widthFactor":1.0,"sourceWidth":0.06,"discharge":64,"name":"Botham","type":"River"},"geometry":{"type":"LineString","coordinates":[[-62.1954,-0.3555],[-61.8574,-0.7074],[-61.3886,-0.8763],[-61.0245,-1.1916],[-60.5752,-1.6008],[-60.0026,-1.827],[-59.5287,-2.1996]]}},{"type":"Feature","properties":{"id":161,"source":8789,"mouth":9139,"parent":0,"basin":161,"widthFactor":1.2,"sourceWidth":0.09,"discharge":154,"name":"Helshamney","type":"River"},"geometry":{"type":"LineString","coordinates":[[40.6494,-11.5281],[40.5714,-11.9298],[40.7184,-12.3247],[40.6854,-12.7251],[40.3719,-12.9336],[40.2204,-13.2921],[39.9393,-13.5306],[39.7484,-13.8718],[39.7655,-14.2742],[39.6162,-14.6277]]}},{"type":"Feature","properties":{"id":162,"source":11177,"mouth":11305,"parent":0,"basin":162,"widthFactor":1.2,"sourceWidth":0.05,"discharge":134,"name":"Wargmoleley","type":"River"},"geometry":{"type":"LineString","coordinates":[[-65.2284,-28.3788],[-65.4885,-28.4091],[-65.6473,-28.6404],[-65.8872,-28.7109],[-66.0821,-28.6076],[-66.2937,-28.7243],[-66.492,-28.665],[-66.8141,-29.1701],[-66.9385,-29.764],[-67.221,-30.2868]]}},{"type":"Feature","properties":{"id":163,"source":9269,"mouth":9429,"parent":0,"basin":163,"widthFactor":1.2,"sourceWidth":0.08,"discharge":230,"name":"Kihuldon","type":"River"},"geometry":{"type":"LineString","coordinates":[[-68.526,-14.805],[-68.7647,-15.3206],[-68.7869,-15.8972],[-68.9823,-16.425],[-69.1225,-16.2612],[-69.3569,-16.2969],[-69.516,-16.173],[-69.8358,-16.2369],[-70.0581,-16.4943],[-70.3584,-16.5969]]}},{"type":"Feature","properties":{"id":164,"source":10117,"mouth":10116,"parent":1012,"basin":1013,"widthFactor":1.0,"sourceWidth":0.05,"discharge":55,"name":"Balseasings","type":"River"},"geometry":{"type":"LineString","coordinates":[[45.0369,-19.7721],[44.6988,-19.8725],[44.4777,-20.1651],[44.163,-20.304],[43.6627,-20.4871],[43.2716,-20.862],[42.7932,-21.0834]]}},{"type":"Feature","properties":{"id":167,"source":10005,"mouth":9381,"parent":0,"basin":167,"widthFactor":1.2,"sourceWidth":0.05,"discharge":673,"name":"Totnesfield","type":"River"},"geometry":{"type":"LineString","coordinates":[[149.0274,-18.5058],[149.5222,-18.528],[149.986,-18.3274],[150.4746,-18.3051],[150.6875,-18.4895],[150.9854,-18.4702],[151.2153,-18.6138],[151.398,-19.1027],[151.7682,-19.4831],[151.9884,-19.9503],[152.4729,-20.0337],[152.9566,-19.9041],[153.441,-19.9449],[153.5766,-20.2814],[153.8832,-20.4967],[154.053,-20.8089],[154.5811,-20.6053],[155.0077,-20.2222],[155.5155,-19.9827],[155.5568,-19.5031],[155.3958,-19.0405],[155.3967,-18.5643],[155.699,-18.0805],[155.8185,-17.5155],[156.0843,-17.0154],[156.5785,-17.037],[157.0499,-16.8629],[157.5396,-16.8453],[157.8254,-16.3929],[157.9337,-15.8618],[158.184,-15.3936],[158.5342,-15.2033],[158.787,-14.895],[159.0874,-14.8277],[159.3198,-14.6259]]}},{"type":"Feature","properties":{"id":168,"source":2130,"mouth":2531,"parent":0,"basin":168,"widthFactor":1.2,"sourceWidth":0.05,"discharge":222,"name":"Dodbridbute","type":"River"},"geometry":{"type":"LineString","coordinates":[[165.3489,31.4154],[165.2401,30.9118],[165.3561,30.3997],[165.2922,29.8944],[165.3684,29.5846],[165.6359,29.3848],[165.7503,29.097],[166.1084,28.7798],[166.5785,28.6481],[166.959,28.368],[167.1055,27.9388],[167.437,27.6151],[167.6205,27.207],[167.6211,26.6744],[167.8287,26.175],[167.8707,25.6491]]}},{"type":"Feature","properties":{"id":169,"source":7363,"mouth":6813,"parent":0,"basin":169,"widthFactor":1.2,"sourceWidth":0.07,"discharge":482,"name":"Holdockwar","type":"River"},"geometry":{"type":"LineString","coordinates":[[-62.6238,-3.9321],[-62.1609,-3.9946],[-61.7115,-3.8326],[-61.2513,-3.8502],[-61.1523,-3.5219],[-61.2738,-3.1864],[-61.2189,-2.8566],[-60.99,-2.663],[-60.9066,-2.3751],[-60.4365,-2.4011],[-59.9934,-2.2158],[-59.5287,-2.1996],[-59.3003,-2.0267],[-59.2417,-1.731],[-59.0472,-1.5336],[-58.6495,-1.5749],[-58.2733,-1.411],[-57.8799,-1.4112],[-57.5409,-1.3955],[-57.2481,-1.224],[-56.8165,-1.2401],[-56.4146,-1.0584],[-55.989,-1.035]]}},{"type":"Feature","properties":{"id":170,"source":11267,"mouth":11644,"parent":0,"basin":170,"widthFactor":1.2,"sourceWidth":0.07,"discharge":137,"name":"Oakhample","type":"River"},"geometry":{"type":"LineString","coordinates":[[145.9602,-27.5688],[146.3035,-27.8786],[146.7621,-27.9952],[147.1284,-28.2663],[147.2834,-28.7148],[147.6299,-29.0538],[147.8232,-29.4804],[148.1331,-29.8155],[148.5713,-29.9759],[148.9068,-30.276],[148.8247,-30.5995],[148.9131,-30.9213],[148.9572,-31.2182],[149.1918,-31.4276],[149.274,-31.707]]}},{"type":"Feature","properties":{"id":171,"source":11559,"mouth":11791,"parent":0,"basin":171,"widthFactor":1.2,"sourceWidth":0.07,"discharge":282,"name":"Brampton","type":"River"},"geometry":{"type":"LineString","coordinates":[[-63.9837,-31.2759],[-64.4027,-31.415],[-64.7087,-31.7486],[-65.1051,-31.9266],[-65.4513,-31.9364],[-65.7477,-32.1156],[-65.9329,-32.3322],[-65.9183,-32.6328],[-66.0636,-32.8662],[-66.4952,-32.8033],[-66.9158,-32.9532],[-67.3452,-32.9328],[-67.6818,-33.0032],[-67.9269,-33.2621],[-68.2452,-33.3702]]}},{"type":"Feature","properties":{"id":173,"source":12283,"mouth":12413,"parent":0,"basin":173,"widthFactor":1.2,"sourceWidth":0.06,"discharge":78,"name":"Cleomerton","type":"Brook"},"geometry":{"type":"LineString","coordinates":[[-59.5314,-37.7154],[-59.8197,-37.9405],[-59.9302,-38.3034],[-60.183,-38.556],[-60.4111,-38.69],[-60.4702,-38.966],[-60.6645,-39.1284]]}},{"type":"Feature","properties":{"id":176,"source":4633,"mouth":4442,"parent":0,"basin":176,"widthFactor":1.2,"sourceWidth":0.04,"discharge":102,"name":"Axbrigh","type":"River"},"geometry":{"type":"LineString","coordinates":[[139.6701,12.1365],[139.2827,12.5686],[138.7531,12.8264],[138.3372,13.2237],[138.3118,13.6616],[138.0731,14.0427],[138.0051,14.4693],[137.7619,14.7976],[137.3759,14.9629],[137.1042,15.2586],[136.576,14.965],[136.1765,14.5016],[135.6741,14.1741],[135.2434,14.092],[134.8905,13.8154],[134.4753,13.6944],[133.9974,13.7579],[133.5277,13.6154],[133.0515,13.6377]]}},{"type":"Feature","properties":{"id":178,"source":10861,"mouth":11525,"parent":0,"basin":178,"widthFactor":1.2,"sourceWidth":0.11,"discharge":261,"name":"Bramping","type":"River"},"geometry":{"type":"LineString","coordinates":[[148.1193,-25.1991],[148.3782,-25.4141],[148.7293,-25.4239],[149.0067,-25.5978],[149.0673,-25.9328],[149.3274,-26.1736],[149.4279,-26.4897],[149.5412,-26.9494],[149.852,-27.3196],[150.0048,-27.7614],[150.2287,-28.1431],[150.6121,-28.3836],[150.8679,-28.737],[150.5995,-29.0696],[150.5168,-29.4992],[150.2856,-29.8512],[150.367,-30.1094],[150.6169,-30.2486],[150.732,-30.483],[150.381,-30.7063],[150.1703,-31.0764],[149.8473,-31.329]]}},{"type":"Feature","properties":{"id":179,"source":6808,"mouth":6981,"parent":169,"basin":169,"widthFactor":1.0,"sourceWidth":0.06,"discharge":75,"name":"Congraton","type":"Creek"},"geometry":{"type":"LineString","coordinates":[[-62.0775,-1.3437],[-61.9885,-1.6677],[-61.7065,-1.8762],[-61.5789,-2.1771],[-61.3797,-2.3278],[-61.1182,-2.2668],[-60.9066,-2.3751]]}},{"type":"Feature","properties":{"id":180,"source":5980,"mouth":5981,"parent":181,"basin":181,"widthFactor":1.0,"sourceWidth":0.06,"discharge":67,"name":"Horshoke","type":"Fork"},"geometry":{"type":"LineString","coordinates":[[-58.581,4.5846],[-58.4225,4.3099],[-58.109,4.1984],[-57.9195,3.9564],[-57.6298,3.5544],[-57.1869,3.3114],[-56.8665,2.9412]]}},{"type":"Feature","properties":{"id":181,"source":6147,"mouth":6152,"parent":0,"basin":181,"widthFactor":1.2,"sourceWidth":0.05,"discharge":352,"name":"Godmanchin","type":"River"},"geometry":{"type":"LineString","coordinates":[[-58.9491,3.4542],[-58.6152,3.1851],[-58.18,3.117],[-57.8259,2.8881],[-57.5012,2.8177],[-57.1887,2.9676],[-56.8665,2.9412],[-56.3786,2.9832],[-55.9472,3.2344],[-55.4706,3.3183],[-55.1355,3.1211],[-54.7352,3.1267],[-54.387,2.97],[-54.0866,2.9464],[-53.82,3.087]]}},{"type":"Feature","properties":{"id":182,"source":5520,"mouth":4978,"parent":0,"basin":182,"widthFactor":1.2,"sourceWidth":0.09,"discharge":127,"name":"Mavewich","type":"River"},"geometry":{"type":"LineString","coordinates":[[37.5759,7.5807],[37.819,7.7775],[37.9134,8.0757],[37.8161,8.6186],[37.5106,9.0883],[37.3716,9.6165],[37.4908,9.848],[37.3953,10.109],[37.4715,10.3464],[37.533,10.6278],[37.3822,10.8912],[37.4013,11.169]]}},{"type":"Feature","properties":{"id":183,"source":11128,"mouth":11258,"parent":0,"basin":183,"widthFactor":1.2,"sourceWidth":0.09,"discharge":169,"name":"Atleymouth","type":"River"},"geometry":{"type":"LineString","coordinates":[[140.7132,-27.2097],[140.3153,-27.0097],[139.8591,-27.027],[139.4496,-26.8704],[139.1365,-27.1715],[139.0054,-27.5973],[138.7287,-27.9234],[138.363,-27.9314],[138.042,-28.107],[137.8111,-27.7866],[137.4382,-27.6252],[137.1789,-27.3366]]}},{"type":"Feature","properties":{"id":184,"source":11915,"mouth":11801,"parent":0,"basin":184,"widthFactor":1.2,"sourceWidth":0.05,"discharge":92,"name":"Hinckley","type":"River"},"geometry":{"type":"LineString","coordinates":[[-59.9112,-34.2864],[-59.5481,-34.4811],[-59.1245,-34.4591],[-58.7493,-34.6104],[-58.4081,-34.2273],[-58.2546,-33.728],[-57.951,-33.3216],[-57.6639,-33.2767],[-57.4728,-33.0373],[-57.2049,-32.9535]]}},{"type":"Feature","properties":{"id":185,"source":5344,"mouth":5165,"parent":498,"basin":498,"widthFactor":1.0,"sourceWidth":0.04,"discharge":54,"name":"Hitchboury","type":"River"},"geometry":{"type":"LineString","coordinates":[[43.1406,8.0262],[43.29,8.5281],[43.2159,9.0562],[43.3206,9.5634],[43.5452,9.8068],[43.5736,10.1512],[43.7589,10.4148]]}},{"type":"Feature","properties":{"id":186,"source":4574,"mouth":3143,"parent":0,"basin":186,"widthFactor":1.2,"sourceWidth":0.08,"discharge":870,"name":"Treham","type":"River"},"geometry":{"type":"LineString","coordinates":[[19.5228,12.6495],[19.1931,13.0387],[18.7201,13.2544],[18.3618,13.6089],[18.2091,14.0122],[17.8704,14.2968],[17.6805,14.6763],[17.6638,14.9518],[17.4458,15.1468],[17.3889,15.4062],[17.2985,15.7576],[17.0201,16.009],[16.8921,16.3404],[16.9123,16.6722],[16.7268,16.9635],[16.7058,17.2872],[16.791,17.7406],[16.67,18.1952],[16.7139,18.6489],[17.0178,19.1169],[17.1372,19.6696],[17.4042,20.1546],[17.6242,20.2819],[17.7246,20.5155],[17.7386,21.0633],[17.5571,21.5878],[17.532,22.131],[17.4593,22.4397],[17.2143,22.6591],[17.1072,22.95]]}},{"type":"Feature","properties":{"id":187,"source":7194,"mouth":6823,"parent":0,"basin":187,"widthFactor":1.2,"sourceWidth":0.05,"discharge":85,"name":"Pershil","type":"River"},"geometry":{"type":"LineString","coordinates":[[-39.5901,-3.276],[-39.795,-2.7747],[-40.1911,-2.3919],[-40.4343,-1.9143],[-40.638,-1.7616],[-40.9047,-1.8204],[-41.121,-1.71],[-41.4828,-1.7968],[-41.7463,-2.0768],[-42.0885,-2.2023]]}},{"type":"Feature","properties":{"id":188,"source":4956,"mouth":5317,"parent":0,"basin":188,"widthFactor":1.2,"sourceWidth":0.05,"discharge":59,"name":"Manchfield","type":"River"},"geometry":{"type":"LineString","coordinates":[[18.7011,10.1898],[18.8771,9.8812],[19.2139,9.7299],[19.422,9.4527],[19.3325,9.1407],[19.4637,8.8279],[19.4184,8.5158],[19.5053,8.1868],[19.7807,7.9648],[19.9053,7.6572]]}},{"type":"Feature","properties":{"id":189,"source":10718,"mouth":10850,"parent":0,"basin":189,"widthFactor":1.2,"sourceWidth":0.09,"discharge":148,"name":"Treringmole","type":"River"},"geometry":{"type":"LineString","coordinates":[[139.5531,-23.7456],[139.0736,-24.0075],[138.7331,-24.4464],[138.2814,-24.7437],[138.0049,-24.9659],[137.9051,-25.3203],[137.664,-25.569],[137.3021,-25.6625],[137.0417,-25.9475],[136.7001,-26.0793]]}},{"type":"Feature","properties":{"id":190,"source":4230,"mouth":4231,"parent":186,"basin":186,"widthFactor":1.0,"sourceWidth":0.09,"discharge":96,"name":"Marlton","type":"River"},"geometry":{"type":"LineString","coordinates":[[16.2864,14.5818],[16.5358,14.6286],[16.668,14.8674],[16.8939,14.9526],[17.1185,15.0387],[17.1941,15.2875],[17.3889,15.4062]]}},{"type":"Feature","properties":{"id":191,"source":7765,"mouth":7380,"parent":0,"basin":191,"widthFactor":1.2,"sourceWidth":0.07,"discharge":131,"name":"Heungnyeon","type":"River"},"geometry":{"type":"LineString","coordinates":[[-43.0515,-6.0444],[-43.1413,-5.5501],[-43.4416,-5.135],[-43.5735,-4.6566],[-43.631,-4.4367],[-43.8635,-4.3511],[-43.956,-4.158],[-43.9018,-3.8091],[-44.0634,-3.4805],[-44.0523,-3.1356]]}},{"type":"Feature","properties":{"id":193,"source":9932,"mouth":10088,"parent":0,"basin":193,"widthFactor":1.2,"sourceWidth":0.05,"discharge":98,"name":"Stansterton","type":"River"},"geometry":{"type":"LineString","coordinates":[[-32.6412,-18.4095],[-33.0226,-18.7259],[-33.2313,-19.1865],[-33.5781,-19.5318],[-33.9974,-19.5921],[-34.3405,-19.8594],[-34.7445,-19.9611]]}},{"type":"Feature","properties":{"id":197,"source":7025,"mouth":7413,"parent":0,"basin":197,"widthFactor":0.9,"sourceWidth":0.62,"discharge":755,"name":"Harbury","type":"River"},"geometry":{"type":"LineString","coordinates":[[26.199,-2.367],[26.3156,-2.7251],[26.7407,-2.7587],[26.919,-3.0519],[26.9476,-3.5073],[27.288,-3.8457],[27.3789,-4.2777],[27.7992,-4.3139],[28.1625,-4.0624],[28.5714,-4.041],[28.852,-4.1411],[29.1241,-3.9692],[29.403,-4.0149]]}},{"type":"Feature","properties":{"id":200,"source":3595,"mouth":2899,"parent":1011,"basin":1011,"widthFactor":1.0,"sourceWidth":0.07,"discharge":229,"name":"Pewentle","type":"River"},"geometry":{"type":"LineString","coordinates":[[148.5945,19.1214],[148.8009,19.3824],[148.8411,19.7127],[148.5768,20.1051],[148.1557,20.3422],[147.8601,20.7036],[147.8756,21.1138],[147.6776,21.4862],[147.6504,21.8889],[147.236,21.8475],[146.8856,21.6029],[146.484,21.5208],[146.492,22.0503],[146.2925,22.5498],[146.259,23.0733],[145.9878,23.399],[145.5868,23.5644],[145.2897,23.8581],[144.8007,24.0096],[144.2832,23.9601],[143.7885,24.0714],[143.4379,24.06],[143.1288,23.8941],[142.7698,23.9328],[142.433,23.7757],[142.0785,23.7753]]}},{"type":"Feature","properties":{"id":201,"source":7281,"mouth":6902,"parent":100,"basin":100,"widthFactor":1.0,"sourceWidth":0.05,"discharge":47,"name":"Cockewent","type":"Fork"},"geometry":{"type":"LineString","coordinates":[[142.1712,-3.4614],[141.9517,-2.8428],[141.5325,-2.3277],[141.273,-1.7298],[141.0318,-1.4193],[140.6511,-1.2798],[140.382,-1.0035],[140.0931,-1.3284],[139.7551,-1.1413],[139.3576,-1.1587],[139.0077,-1.0125],[138.748,-0.5475],[138.3238,-0.2122],[138.0312,0.2268]]}},{"type":"Feature","properties":{"id":203,"source":5607,"mouth":5612,"parent":0,"basin":203,"widthFactor":1.2,"sourceWidth":0.05,"discharge":284,"name":"Holingham","type":"River"},"geometry":{"type":"LineString","coordinates":[[-146.1735,6.2037],[-145.7424,6.309],[-145.408,6.6175],[-144.9963,6.7635],[-144.8923,6.4832],[-144.6133,6.3374],[-144.4743,6.084],[-144.1682,5.9848],[-143.8533,6.1021],[-143.5455,6.0462],[-143.1096,5.8616],[-142.6272,5.885],[-142.182,5.742],[-141.877,5.5873],[-141.526,5.6371],[-141.2118,5.5233]]}},{"type":"Feature","properties":{"id":204,"source":5883,"mouth":6225,"parent":0,"basin":204,"widthFactor":1.2,"sourceWidth":0.06,"discharge":120,"name":"Extedge","type":"River"},"geometry":{"type":"LineString","coordinates":[[51.3297,5.1363],[51.786,5.0064],[52.2618,5.1007],[52.722,5.0157],[52.7925,4.7533],[53.046,4.6144],[53.1531,4.3767],[53.252,3.9488],[53.5484,3.6104],[53.6868,3.2004],[53.7882,2.8272],[54.0778,2.5538],[54.2169,2.2005]]}},{"type":"Feature","properties":{"id":205,"source":9086,"mouth":9088,"parent":0,"basin":205,"widthFactor":1.2,"sourceWidth":0.04,"discharge":70,"name":"Clifnalton","type":"River"},"geometry":{"type":"LineString","coordinates":[[-65.3922,-13.3614],[-64.8405,-13.4037],[-64.3083,-13.2218],[-63.7605,-13.2192],[-63.4221,-13.4494],[-63.0019,-13.4746],[-62.6472,-13.6638],[-62.3715,-13.9895],[-61.9623,-14.1445],[-61.6599,-14.436]]}},{"type":"Feature","properties":{"id":207,"source":8972,"mouth":9142,"parent":39,"basin":1013,"widthFactor":1.0,"sourceWidth":0.06,"discharge":68,"name":"Chicham","type":"Branch"},"geometry":{"type":"LineString","coordinates":[[42.102,-12.1851],[41.9876,-12.5188],[42.0977,-12.8687],[42.0282,-13.2057],[42.2324,-13.4027],[42.5328,-13.4012],[42.7563,-13.5585]]}},{"type":"Feature","properties":{"id":208,"source":1909,"mouth":1490,"parent":0,"basin":208,"widthFactor":1.2,"sourceWidth":0.09,"discharge":552,"name":"Waltashton","type":"River"},"geometry":{"type":"LineString","coordinates":[[161.9361,34.4889],[162.3096,34.6307],[162.5579,34.9595],[162.9063,35.1387],[163.3137,35.4562],[163.5576,35.922],[163.9323,36.2691],[164.2463,36.5952],[164.3783,37.039],[164.6559,37.3887],[165.1539,37.8134],[165.4937,38.3808],[165.96,38.8341],[166.0939,39.1672],[166.0205,39.5308],[166.113,39.87],[166.3902,40.2389],[166.4829,40.7003],[166.7232,41.0877]]}},{"type":"Feature","properties":{"id":209,"source":4736,"mouth":4199,"parent":13,"basin":13,"widthFactor":1.0,"sourceWidth":0.05,"discharge":79,"name":"Berleigh","type":"River"},"geometry":{"type":"LineString","coordinates":[[-34.9668,11.3733],[-35.0374,11.8287],[-35.3193,12.2069],[-35.4321,12.6468],[-35.5175,12.9149],[-35.7816,13.0535],[-35.9028,13.2957],[-36.3175,13.6662],[-36.8497,13.8545],[-37.2879,14.1885],[-37.2908,14.6793],[-37.5032,15.1319],[-37.548,15.615]]}},{"type":"Feature","properties":{"id":210,"source":5065,"mouth":4322,"parent":0,"basin":210,"widthFactor":1.2,"sourceWidth":0.05,"discharge":170,"name":"Dalter","type":"River"},"geometry":{"type":"LineString","coordinates":[[-149.0373,9.6138],[-148.8008,9.8865],[-148.7656,10.2597],[-148.5693,10.5525],[-148.5464,10.8403],[-148.7383,11.0776],[-148.7583,11.3553],[-148.4153,11.8175],[-148.2638,12.3812],[-147.9591,12.8637],[-147.5429,13.0339],[-147.2432,13.3824],[-146.8503,13.5882],[-146.5399,13.5447],[-146.257,13.709],[-145.9521,13.707]]}},{"type":"Feature","properties":{"id":211,"source":9999,"mouth":9689,"parent":73,"basin":73,"widthFactor":1.0,"sourceWidth":0.08,"discharge":118,"name":"Kiganzan","type":"River"},"geometry":{"type":"LineString","coordinates":[[142.6851,-18.621],[142.5091,-18.2105],[142.1484,-17.9285],[141.9354,-17.5437],[141.5195,-17.1447],[140.9771,-16.9265],[140.5359,-16.5636],[140.0888,-16.5236],[139.6644,-16.6991],[139.2219,-16.7022],[138.8512,-16.6882],[138.5215,-16.8832],[138.159,-16.911]]}},{"type":"Feature","properties":{"id":212,"source":4288,"mouth":4289,"parent":56,"basin":56,"widthFactor":1.0,"sourceWidth":0.07,"discharge":71,"name":"Bovilseave","type":"Stream"},"geometry":{"type":"LineString","coordinates":[[159.7275,14.3082],[160.0758,14.2803],[160.3836,14.4737],[160.7238,14.49],[160.9912,14.4476],[161.2278,14.5791]]}},{"type":"Feature","properties":{"id":213,"source":1981,"mouth":1696,"parent":0,"basin":213,"widthFactor":1.2,"sourceWidth":0.05,"discharge":368,"name":"Wickley","type":"River"},"geometry":{"type":"LineString","coordinates":[[166.2642,33.0615],[166.0397,33.4383],[165.6497,33.6628],[165.3921,34.0092],[165.4105,34.3949],[165.2119,34.7404],[165.1869,35.118],[165.596,35.305],[165.8786,35.668],[166.2624,35.8902],[166.5224,35.9612],[166.6642,36.2094],[166.9005,36.3159],[167.1664,36.6895],[167.2423,37.1514],[167.4702,37.5426],[167.7891,37.3463],[168.1747,37.3452],[168.507,37.188],[168.8813,37.3752],[169.1313,37.7229],[169.4808,37.9422]]}},{"type":"Feature","properties":{"id":215,"source":8905,"mouth":8710,"parent":414,"basin":414,"widthFactor":1.0,"sourceWidth":0.05,"discharge":102,"name":"Shifnal","type":"Creek"},"geometry":{"type":"LineString","coordinates":[[-70.0326,-12.1815],[-70.0676,-11.9261],[-70.2612,-11.7558],[-70.1477,-11.4262],[-70.2542,-11.0799],[-70.1847,-10.7469]]}},{"type":"Feature","properties":{"id":216,"source":9081,"mouth":9427,"parent":0,"basin":216,"widthFactor":1.2,"sourceWidth":0.09,"discharge":221,"name":"Kingdon","type":"River"},"geometry":{"type":"LineString","coordinates":[[-70.4637,-13.3011],[-70.5396,-13.8151],[-70.3905,-14.3229],[-70.4214,-14.8356],[-70.6286,-15.07],[-70.6358,-15.3979],[-70.803,-15.651],[-70.9639,-15.8806],[-70.9175,-16.1737],[-71.037,-16.416]]}},{"type":"Feature","properties":{"id":217,"source":12084,"mouth":12206,"parent":914,"basin":914,"widthFactor":1.0,"sourceWidth":0.06,"discharge":54,"name":"Netown","type":"River"},"geometry":{"type":"LineString","coordinates":[[51.2127,-35.0397],[51.4767,-35.4537],[51.905,-35.714],[52.2018,-36.0972],[52.0128,-36.6177],[52.0406,-37.1795],[51.8949,-37.7082]]}},{"type":"Feature","properties":{"id":218,"source":6041,"mouth":7424,"parent":0,"basin":218,"widthFactor":1.2,"sourceWidth":0.08,"discharge":1024,"name":"Bewenther","type":"River"},"geometry":{"type":"LineString","coordinates":[[45.4311,3.8844],[45.0419,4.2103],[44.5412,4.3409],[44.1297,4.6278],[43.7613,4.3274],[43.5617,3.8848],[43.227,3.5559],[42.8973,3.5652],[42.6186,3.3638],[42.2991,3.3309],[42.2079,3.0809],[42.3297,2.8259],[42.2811,2.5749],[41.637,2.3954],[41.0739,2.0227],[40.446,1.8045],[40.1488,1.8075],[39.9069,1.6118],[39.6207,1.575],[39.3544,1.536],[39.159,1.3509],[38.9535,0.9871],[38.9377,0.5601],[38.7702,0.1836],[38.3873,0.0029],[38.1202,-0.3373],[37.7604,-0.5499],[37.4681,-0.6819],[37.2961,-0.9662],[37.0278,-1.1286],[36.2909,-1.3024],[35.604,-1.6209],[35.0198,-1.7413],[34.4844,-2.0043],[34.3067,-2.6212],[34.2756,-3.2625],[34.0237,-3.842],[33.912,-4.464],[33.5096,-4.9612],[33.2289,-5.5359]]}},{"type":"Feature","properties":{"id":219,"source":3937,"mouth":4110,"parent":90,"basin":90,"widthFactor":1.0,"sourceWidth":0.06,"discharge":77,"name":"Tetfordge","type":"Fork"},"geometry":{"type":"LineString","coordinates":[[153.9009,17.1297],[153.6234,16.8331],[153.5402,16.423],[153.3015,16.1037],[152.9334,16.1571],[152.5863,15.9908],[152.2224,16.0002]]}},{"type":"Feature","properties":{"id":220,"source":4206,"mouth":3860,"parent":0,"basin":220,"widthFactor":1.2,"sourceWidth":0.04,"discharge":380,"name":"Bodbury","type":"River"},"geometry":{"type":"LineString","coordinates":[[-29.6073,14.7906],[-29.7472,15.1163],[-30.0646,15.3035],[-30.24,15.6015],[-30.5942,15.5199],[-30.8682,15.2811],[-31.3247,15.5592],[-31.8624,15.6363],[-32.3352,15.8742],[-32.5756,16.2709],[-32.9748,16.5256],[-33.2469,16.8939],[-33.5435,16.8318],[-33.7421,16.5845],[-34.0191,16.4853],[-34.1734,16.7142],[-34.4564,16.7819],[-34.6365,16.9785],[-35.0421,17.0286],[-35.432,16.8762],[-35.8344,16.8858],[-36.3424,16.8717],[-36.8134,16.6611],[-37.314,16.6077]]}},{"type":"Feature","properties":{"id":222,"source":11311,"mouth":11049,"parent":0,"basin":222,"widthFactor":1.2,"sourceWidth":0.09,"discharge":106,"name":"Boleston","type":"River"},"geometry":{"type":"LineString","coordinates":[[-62.1297,-29.2167],[-61.673,-28.8515],[-61.3823,-28.3343],[-60.9588,-27.9387],[-60.6542,-28.1225],[-60.2861,-28.095],[-59.9688,-28.2366],[-59.7787,-27.977],[-59.7916,-27.6412],[-59.6421,-27.3663],[-59.3959,-27.2103],[-59.3114,-26.9155],[-59.0976,-26.7318]]}},{"type":"Feature","properties":{"id":223,"source":5808,"mouth":5633,"parent":0,"basin":223,"widthFactor":1.2,"sourceWidth":0.05,"discharge":51,"name":"Macleshead","type":"River"},"geometry":{"type":"LineString","coordinates":[[-62.1234,5.1804],[-62.4421,5.6676],[-62.9278,6.004],[-63.2799,6.4611],[-63.6178,6.7843],[-64.0754,6.922],[-64.4373,7.2081]]}},{"type":"Feature","properties":{"id":224,"source":8399,"mouth":8208,"parent":15,"basin":15,"widthFactor":1.0,"sourceWidth":0.06,"discharge":79,"name":"Knadewesto","type":"Creek"},"geometry":{"type":"LineString","coordinates":[[38.0214,-8.8965],[37.7267,-8.8417],[37.4592,-9.0102],[37.17,-9.0],[36.883,-8.6924],[36.4698,-8.5658],[36.1575,-8.2944]]}},{"type":"Feature","properties":{"id":225,"source":9466,"mouth":9123,"parent":0,"basin":225,"widthFactor":1.2,"sourceWidth":0.08,"discharge":127,"name":"Berham","type":"River"},"geometry":{"type":"LineString","coordinates":[[-29.8035,-15.5205],[-29.8069,-15.0598],[-30.0306,-14.6446],[-30.078,-14.193],[-30.2048,-13.8332],[-30.5171,-13.5929],[-30.681,-13.257]]}},{"type":"Feature","properties":{"id":226,"source":12039,"mouth":11918,"parent":0,"basin":226,"widthFactor":1.2,"sourceWidth":0.05,"discharge":72,"name":"Redcheapton","type":"River"},"geometry":{"type":"LineString","coordinates":[[-57.1608,-35.6571],[-56.9354,-35.0844],[-56.9292,-34.4607],[-56.7477,-33.8778],[-56.821,-33.5306],[-57.0921,-33.2812],[-57.2049,-32.9535]]}},{"type":"Feature","properties":{"id":231,"source":6257,"mouth":6258,"parent":12,"basin":90,"widthFactor":1.0,"sourceWidth":0.04,"discharge":45,"name":"Witfield","type":"Branch"},"geometry":{"type":"LineString","coordinates":[[155.4669,3.0456],[155.7369,2.9806],[155.9859,3.1396],[156.2517,3.1194],[156.5937,3.2722],[156.8007,3.5995],[157.1157,3.7872]]}},{"type":"Feature","properties":{"id":232,"source":1752,"mouth":2285,"parent":1011,"basin":1011,"widthFactor":1.0,"sourceWidth":0.05,"discharge":623,"name":"Kington","type":"River"},"geometry":{"type":"LineString","coordinates":[[150.624,36.5589],[150.2056,36.5163],[149.8574,36.2599],[149.4531,36.1746],[149.0744,36.1397],[148.7664,35.8958],[148.4019,35.8191],[148.2845,35.3896],[148.3833,34.9448],[148.3092,34.5123],[148.1615,34.2901],[148.2196,34.0129],[148.113,33.7797],[147.6075,33.5625],[147.213,33.1676],[146.7297,32.9148],[146.4024,32.9465],[146.1074,32.7745],[145.7865,32.7654],[145.6299,32.334],[145.6735,31.8681],[145.557,31.4298],[145.312,31.155],[145.2415,30.7827],[145.0314,30.4884],[145.2313,30.1976],[145.5645,30.0518],[145.791,29.79],[145.6534,29.5243],[145.7053,29.2171],[145.6056,28.9431],[145.5081,28.5926],[145.5633,28.233]]}},{"type":"Feature","properties":{"id":233,"source":6924,"mouth":6587,"parent":464,"basin":464,"widthFactor":1.0,"sourceWidth":0.05,"discharge":189,"name":"Borough","type":"River"},"geometry":{"type":"LineString","coordinates":[[161.0253,-0.5202],[161.4563,-0.7039],[161.9341,-0.6676],[162.3744,-0.8073],[162.7432,-0.6634],[162.988,-0.337],[163.332,-0.1566],[163.3446,0.2056],[163.145,0.5233],[163.1151,0.8766],[163.6513,1.0286],[164.0987,1.3743],[164.6172,1.5651]]}},{"type":"Feature","properties":{"id":234,"source":11262,"mouth":11261,"parent":183,"basin":183,"widthFactor":1.0,"sourceWidth":0.04,"discharge":44,"name":"Winkneth","type":"Branch"},"geometry":{"type":"LineString","coordinates":[[140.7465,-27.7533],[140.4653,-27.7752],[140.2721,-28.0041],[140.0085,-28.0674],[139.5918,-27.9317],[139.1504,-28.0153],[138.7287,-27.9234]]}},{"type":"Feature","properties":{"id":235,"source":5709,"mouth":4988,"parent":0,"basin":235,"widthFactor":1.2,"sourceWidth":0.06,"discharge":233,"name":"Dunsbury","type":"River"},"geometry":{"type":"LineString","coordinates":[[45.6309,6.1794],[46.1224,6.2438],[46.5447,6.5222],[47.0223,6.6294],[47.1669,6.9514],[47.094,7.3106],[47.1951,7.6401],[47.0456,8.1443],[46.7013,8.5535],[46.5129,9.0387],[46.2434,9.5724],[45.7994,9.9839],[45.495,10.4931],[45.3253,10.9086],[44.9798,11.2101],[44.775,11.6028]]}},{"type":"Feature","properties":{"id":236,"source":8539,"mouth":8921,"parent":0,"basin":236,"widthFactor":1.2,"sourceWidth":0.06,"discharge":180,"name":"Chirwon","type":"River"},"geometry":{"type":"LineString","coordinates":[[-44.7939,-10.4544],[-45.0513,-10.5669],[-45.6266,-10.3937],[-46.2337,-10.439],[-46.8153,-10.3095],[-46.8079,-10.7807],[-46.588,-11.2087],[-46.5381,-11.6712],[-46.6856,-11.8813],[-46.6279,-12.1489],[-46.7343,-12.3705],[-47.0635,-12.3186],[-47.3722,-12.4752],[-47.6973,-12.465]]}},{"type":"Feature","properties":{"id":237,"source":6118,"mouth":6121,"parent":372,"basin":372,"widthFactor":1.0,"sourceWidth":0.05,"discharge":117,"name":"Stotbury","type":"Fork"},"geometry":{"type":"LineString","coordinates":[[-154.5741,3.5046],[-154.3073,3.2456],[-153.9275,3.1811],[-153.6381,2.961],[-153.0782,3.0552],[-152.5883,3.3587],[-152.0424,3.4947],[-151.802,3.3049],[-151.497,3.276],[-151.1615,3.1806],[-150.8195,3.2982],[-150.4827,3.2454]]}},{"type":"Feature","properties":{"id":238,"source":7773,"mouth":8158,"parent":0,"basin":238,"widthFactor":1.2,"sourceWidth":0.08,"discharge":110,"name":"Cudleytesbu","type":"River"},"geometry":{"type":"LineString","coordinates":[[-34.8822,-6.021],[-34.613,-6.4693],[-34.1738,-6.7703],[-33.8706,-7.1892],[-33.995,-7.4591],[-33.9006,-7.7577],[-33.9813,-8.0334],[-33.8278,-8.3116],[-33.5203,-8.4373],[-33.336,-8.685]]}},{"type":"Feature","properties":{"id":239,"source":10516,"mouth":10368,"parent":0,"basin":239,"widthFactor":1.2,"sourceWidth":0.06,"discharge":82,"name":"Maverehoke","type":"Creek"},"geometry":{"type":"LineString","coordinates":[[-33.1083,-22.7754],[-33.2468,-22.4908],[-33.5513,-22.3582],[-33.723,-22.104],[-33.9949,-21.9021],[-34.3476,-21.9057],[-34.6356,-21.7449]]}},{"type":"Feature","properties":{"id":240,"source":5316,"mouth":5498,"parent":0,"basin":240,"widthFactor":1.2,"sourceWidth":0.06,"discharge":61,"name":"Neniling","type":"Creek"},"geometry":{"type":"LineString","coordinates":[[18.4248,8.6076],[18.6382,8.2208],[19.0223,7.9805],[19.2699,7.623],[19.4864,7.5462],[19.6911,7.6899],[19.9053,7.6572]]}},{"type":"Feature","properties":{"id":241,"source":10791,"mouth":10918,"parent":0,"basin":241,"widthFactor":1.2,"sourceWidth":0.04,"discharge":55,"name":"Persham","type":"River"},"geometry":{"type":"LineString","coordinates":[[-32.9148,-24.7572],[-33.141,-25.1715],[-33.1527,-25.654],[-33.336,-26.082],[-33.3886,-26.3876],[-33.222,-26.6672],[-33.2307,-26.9676]]}},{"type":"Feature","properties":{"id":242,"source":7410,"mouth":7795,"parent":0,"basin":242,"widthFactor":1.2,"sourceWidth":0.06,"discharge":186,"name":"Medine","type":"River"},"geometry":{"type":"LineString","coordinates":[[25.5105,-3.8232],[25.644,-4.0785],[25.9029,-4.2048],[26.0198,-4.6236],[26.3327,-4.9412],[26.4888,-5.3397],[26.3408,-5.6686],[26.406,-6.0363],[26.3007,-6.3729],[26.2788,-6.7981],[26.4676,-7.1915],[26.4879,-7.6104]]}},{"type":"Feature","properties":{"id":243,"source":12280,"mouth":12279,"parent":0,"basin":243,"widthFactor":1.2,"sourceWidth":0.05,"discharge":73,"name":"Manching","type":"Creek"},"geometry":{"type":"LineString","coordinates":[[-63.0378,-37.0395],[-63.273,-37.0674],[-63.3987,-37.2918],[-63.612,-37.359],[-63.5211,-37.7729],[-63.2292,-38.0956],[-63.0981,-38.4912]]}},{"type":"Feature","properties":{"id":246,"source":4768,"mouth":3572,"parent":246,"basin":246,"widthFactor":1.2,"sourceWidth":0.07,"discharge":858,"name":"Duney","type":"River"},"geometry":{"type":"LineString","coordinates":[[21.7701,11.5146],[22.0839,11.6286],[22.293,11.889],[22.1783,12.1815],[21.8891,12.339],[21.7395,12.6045],[22.1623,12.6272],[22.5294,12.8594],[22.941,12.924],[23.4722,13.22],[23.8746,13.6857],[24.3801,14.0157],[24.5076,14.3488],[24.4273,14.7087],[24.5133,15.0471],[24.8344,15.0347],[25.1103,15.2235],[25.4223,15.2514],[25.8041,15.482],[26.0511,15.8644],[26.406,16.1253],[26.5506,16.4263],[26.4994,16.7683],[26.6049,17.0775],[27.1242,17.0881],[27.6097,17.2927],[28.1223,17.3421],[28.4104,17.9103],[28.516,18.5445],[28.7676,19.1259],[28.8051,19.5896],[28.6902,20.0403]]}},{"type":"Feature","properties":{"id":248,"source":5020,"mouth":5202,"parent":3,"basin":90,"widthFactor":1.0,"sourceWidth":0.05,"discharge":90,"name":"Hatesbury","type":"River"},"geometry":{"type":"LineString","coordinates":[[149.3118,10.7874],[149.5647,10.6965],[149.8184,10.8306],[150.0714,10.7847],[150.1826,10.332],[150.4943,9.9716],[150.6456,9.5373],[151.0583,9.1658],[151.589,8.9761],[152.0253,8.6409]]}},{"type":"Feature","properties":{"id":251,"source":2977,"mouth":3113,"parent":0,"basin":251,"widthFactor":1.2,"sourceWidth":0.06,"discharge":70,"name":"Comyardbute","type":"River"},"geometry":{"type":"LineString","coordinates":[[-21.645,23.3793],[-21.7645,22.9833],[-21.6595,22.5708],[-21.7341,22.1715],[-21.3659,22.0107],[-20.956,22.0666],[-20.5794,21.9492]]}},{"type":"Feature","properties":{"id":253,"source":1761,"mouth":1839,"parent":208,"basin":208,"widthFactor":1.0,"sourceWidth":0.04,"discharge":74,"name":"Bosmouth","type":"River"},"geometry":{"type":"LineString","coordinates":[[160.6716,36.3681],[160.9919,36.1216],[161.4062,36.0796],[161.7453,35.874],[162.0851,35.5543],[162.5429,35.4211],[162.9063,35.1387]]}},{"type":"Feature","properties":{"id":254,"source":3308,"mouth":3036,"parent":200,"basin":1011,"widthFactor":1.0,"sourceWidth":0.06,"discharge":73,"name":"Buckerbot","type":"River"},"geometry":{"type":"LineString","coordinates":[[145.7838,20.4228],[145.8979,20.8245],[145.7875,21.2397],[145.8567,21.6441],[145.4752,22.043],[144.9607,22.2659],[144.5526,22.6296],[144.3745,23.1508],[144.0049,23.5705],[143.7885,24.0714]]}},{"type":"Feature","properties":{"id":255,"source":6585,"mouth":6586,"parent":274,"basin":464,"widthFactor":1.0,"sourceWidth":0.04,"discharge":57,"name":"Apleven","type":"Fork"},"geometry":{"type":"LineString","coordinates":[[161.379,0.747],[161.8651,0.8077],[162.2827,1.0827],[162.7551,1.1862],[163.0203,1.4178],[163.1033,1.7739],[163.332,2.0304]]}},{"type":"Feature","properties":{"id":256,"source":11409,"mouth":11900,"parent":0,"basin":256,"widthFactor":1.2,"sourceWidth":0.05,"discharge":144,"name":"Rethoney","type":"River"},"geometry":{"type":"LineString","coordinates":[[163.3113,-28.8567],[163.4645,-29.1957],[163.7942,-29.3952],[163.9827,-29.7063],[163.8368,-30.2197],[163.9102,-30.7576],[163.8081,-31.2759],[164.0891,-31.5881],[164.4978,-31.7251],[164.8044,-32.0022],[165.0825,-32.3561],[165.5001,-32.549],[165.8061,-32.8707],[166.1523,-33.0015],[166.5262,-32.9246],[166.878,-33.0138]]}},{"type":"Feature","properties":{"id":257,"source":11387,"mouth":11511,"parent":0,"basin":257,"widthFactor":1.2,"sourceWidth":0.07,"discharge":141,"name":"Dalton","type":"River"},"geometry":{"type":"LineString","coordinates":[[140.5422,-28.755],[140.1839,-28.7423],[139.8645,-28.9053],[139.4778,-29.2349],[139.2613,-29.705],[138.9087,-30.0627],[138.4011,-29.967],[137.8897,-30.088],[137.3814,-30.0357],[137.0641,-29.5207],[136.583,-29.1419],[136.233,-28.6542]]}},{"type":"Feature","properties":{"id":258,"source":5067,"mouth":4502,"parent":0,"basin":258,"widthFactor":1.2,"sourceWidth":0.04,"discharge":103,"name":"Tihul","type":"River"},"geometry":{"type":"LineString","coordinates":[[-147.5595,9.3663],[-147.3962,9.7337],[-147.4537,10.1441],[-147.3345,10.5201],[-147.024,10.809],[-146.8942,11.2246],[-146.6199,11.5389],[-146.3508,12.0025],[-146.2842,12.5431],[-146.0556,13.0221],[-145.9196,13.3518],[-145.9521,13.707]]}},{"type":"Feature","properties":{"id":259,"source":3558,"mouth":3142,"parent":0,"basin":259,"widthFactor":1.2,"sourceWidth":0.12,"discharge":264,"name":"Albrorough","type":"River"},"geometry":{"type":"LineString","coordinates":[[14.0166,18.6957],[14.459,18.8587],[14.7847,19.2142],[15.2037,19.4157],[15.6157,19.4348],[15.9705,19.6671],[16.371,19.7289],[16.5722,20.2133],[16.5622,20.7467],[16.7211,21.2409],[16.8545,21.5938],[16.7767,21.975],[16.8678,22.3335],[17.0656,22.6114],[17.1072,22.95]]}},{"type":"Feature","properties":{"id":262,"source":11410,"mouth":11784,"parent":256,"basin":256,"widthFactor":1.0,"sourceWidth":0.04,"discharge":61,"name":"Chartonbeck","type":"River"},"geometry":{"type":"LineString","coordinates":[[164.7,-29.3895],[164.5556,-29.6133],[164.6304,-29.8881],[164.5299,-30.1221],[164.5224,-30.387],[164.7249,-30.5844],[164.7594,-30.8358],[164.8674,-31.2228],[165.1667,-31.5078],[165.3129,-31.8744],[165.4009,-32.2443],[165.6799,-32.5197],[165.8061,-32.8707]]}},{"type":"Feature","properties":{"id":263,"source":9630,"mouth":9627,"parent":0,"basin":263,"widthFactor":1.2,"sourceWidth":0.1,"discharge":183,"name":"Mitfordge","type":"River"},"geometry":{"type":"LineString","coordinates":[[-31.2471,-16.5537],[-31.489,-16.4542],[-31.7397,-16.5795],[-31.9833,-16.5249],[-32.1917,-16.3199],[-32.5001,-16.3116],[-32.7285,-16.146],[-33.0298,-16.0268],[-33.3541,-16.1231],[-33.66,-16.047]]}},{"type":"Feature","properties":{"id":264,"source":5879,"mouth":4432,"parent":0,"basin":264,"widthFactor":1.2,"sourceWidth":0.07,"discharge":663,"name":"Dunston","type":"River"},"geometry":{"type":"LineString","coordinates":[[47.2752,5.5584],[47.5806,5.6939],[47.7427,6.0029],[48.0195,6.1731],[48.4271,6.3736],[48.7007,6.7494],[49.0815,6.9849],[49.3711,7.0117],[49.5772,7.2385],[49.8501,7.3053],[50.237,7.2712],[50.5956,7.4483],[50.9769,7.4565],[51.2757,7.6951],[51.411,8.0647],[51.6771,8.3295],[51.6631,8.8098],[51.4471,9.2488],[51.3927,9.7209],[51.639,9.8659],[51.7368,10.1494],[51.9534,10.3221],[52.245,10.7606],[52.3551,11.2833],[52.6104,11.7387],[52.8974,11.9378],[53.0676,12.2427],[53.1589,12.5109],[53.0564,12.7889],[53.109,13.059],[52.8981,13.4361],[52.569,13.716]]}},{"type":"Feature","properties":{"id":265,"source":2845,"mouth":2579,"parent":0,"basin":265,"widthFactor":1.2,"sourceWidth":0.04,"discharge":136,"name":"Skipton","type":"River"},"geometry":{"type":"LineString","coordinates":[[-20.4939,24.3693],[-20.695,24.6443],[-21.0361,24.7433],[-21.2652,24.9831],[-21.2617,25.3378],[-21.4725,25.6397],[-21.5118,25.9839],[-21.6961,26.267],[-22.0256,26.3891],[-22.239,26.64]]}},{"type":"Feature","properties":{"id":266,"source":5334,"mouth":4592,"parent":266,"basin":266,"widthFactor":1.2,"sourceWidth":0.06,"discharge":358,"name":"Shorough","type":"River"},"geometry":{"type":"LineString","coordinates":[[34.0794,8.1756],[34.3681,8.1836],[34.596,8.361],[34.738,8.6831],[34.6622,9.0407],[34.7607,9.3699],[34.8649,9.6645],[34.7528,9.9719],[34.8138,10.269],[34.9486,10.5598],[34.8732,10.8856],[34.9659,11.1834],[35.1283,11.3838],[35.0939,11.6562],[35.217,11.871],[35.5138,11.9646],[35.6986,12.2314],[35.973,12.3597]]}},{"type":"Feature","properties":{"id":267,"source":12161,"mouth":12045,"parent":0,"basin":267,"widthFactor":1.2,"sourceWidth":0.05,"discharge":82,"name":"Aytester","type":"Creek"},"geometry":{"type":"LineString","coordinates":[[-52.0839,-36.2133],[-51.9527,-35.9645],[-52.0437,-35.68],[-51.957,-35.424],[-52.1158,-35.1053],[-52.4416,-34.9309],[-52.6338,-34.641]]}},{"type":"Feature","properties":{"id":271,"source":11148,"mouth":12519,"parent":0,"basin":271,"widthFactor":1.2,"sourceWidth":0.07,"discharge":256,"name":"Durton","type":"River"},"geometry":{"type":"LineString","coordinates":[[161.4168,-26.9379],[161.1446,-26.808],[160.8404,-26.9008],[160.5618,-26.8155],[160.4127,-27.2214],[160.4819,-27.6595],[160.3764,-28.0719],[159.8996,-28.3293],[159.555,-28.7585],[159.1047,-29.0502],[158.978,-29.6037],[159.0638,-30.173],[158.9796,-30.7296],[159.0746,-31.3566],[159.3708,-31.9251],[159.5061,-32.5404],[159.7186,-32.8943],[160.0831,-33.1089],[160.326,-33.435],[160.3592,-33.8297],[160.5869,-34.1662],[160.659,-34.5492],[160.8059,-34.7997],[161.0631,-34.9344],[161.3344,-35.4921],[161.7705,-35.9418],[162.0747,-36.4779],[162.203,-36.7577],[162.4816,-36.9147],[162.6399,-37.17],[162.4135,-37.5524],[162.3303,-37.989],[162.5552,-38.5051],[162.909,-38.943]]}},{"type":"Feature","properties":{"id":272,"source":4468,"mouth":4470,"parent":56,"basin":56,"widthFactor":1.0,"sourceWidth":0.07,"discharge":132,"name":"Keford","type":"River"},"geometry":{"type":"LineString","coordinates":[[160.569,13.6764],[160.8186,13.6168],[161.0404,13.7805],[161.2845,13.7655],[161.7069,13.7706],[162.0806,13.991],[162.4932,14.0391],[162.587,14.2042],[162.5076,14.3766]]}},{"type":"Feature","properties":{"id":274,"source":6427,"mouth":6428,"parent":464,"basin":464,"widthFactor":1.0,"sourceWidth":0.07,"discharge":79,"name":"Fitonverpor","type":"River"},"geometry":{"type":"LineString","coordinates":[[161.3727,2.3031],[161.8335,2.285],[162.2591,2.4891],[162.7128,2.5155],[162.8648,2.2843],[163.1528,2.2268],[163.332,2.0304]]}},{"type":"Feature","properties":{"id":275,"source":7564,"mouth":7568,"parent":0,"basin":275,"widthFactor":1.2,"sourceWidth":0.05,"discharge":120,"name":"Brasdon","type":"River"},"geometry":{"type":"LineString","coordinates":[[-61.5789,-5.0121],[-60.9872,-4.7296],[-60.5195,-4.2593],[-59.9526,-3.9393],[-59.9757,-4.3753],[-59.7806,-4.7781],[-59.76,-5.2074],[-59.463,-5.454],[-59.0685,-5.5071],[-58.752,-5.715],[-58.3457,-5.8927],[-57.8931,-5.8624],[-57.4776,-5.9985]]}},{"type":"Feature","properties":{"id":276,"source":10020,"mouth":9553,"parent":0,"basin":276,"widthFactor":1.2,"sourceWidth":0.05,"discharge":64,"name":"Famerton","type":"River"},"geometry":{"type":"LineString","coordinates":[[164.6127,-19.0017],[164.1813,-18.458],[163.5932,-18.0758],[163.1304,-17.5644],[163.3799,-17.1333],[163.4219,-16.6272],[163.6299,-16.1811],[163.4946,-15.8552],[163.2204,-15.633],[163.1129,-15.1982],[162.8121,-14.8529],[162.666,-14.436]]}},{"type":"Feature","properties":{"id":277,"source":2044,"mouth":1987,"parent":0,"basin":277,"widthFactor":1.2,"sourceWidth":0.06,"discharge":179,"name":"Bamber","type":"River"},"geometry":{"type":"LineString","coordinates":[[167.6124,32.4603],[168.1007,32.2096],[168.6575,32.1732],[169.1595,31.9653],[169.5439,31.9814],[169.8688,32.21],[170.2413,32.2686],[170.7029,32.3386],[171.0928,32.6131],[171.54,32.724],[171.9282,32.6084],[172.3329,32.7053],[172.7244,32.6322]]}},{"type":"Feature","properties":{"id":280,"source":8968,"mouth":8967,"parent":0,"basin":280,"widthFactor":1.2,"sourceWidth":0.08,"discharge":130,"name":"Lindalton","type":"Creek"},"geometry":{"type":"LineString","coordinates":[[38.6289,-12.7161],[38.375,-12.6044],[38.106,-12.672],[37.886,-12.7805],[37.8283,-13.0385],[37.6407,-13.1769]]}},{"type":"Feature","properties":{"id":281,"source":12282,"mouth":12412,"parent":0,"basin":281,"widthFactor":1.2,"sourceWidth":0.05,"discharge":75,"name":"Perster","type":"River"},"geometry":{"type":"LineString","coordinates":[[-61.2126,-37.0278],[-61.1723,-37.5524],[-60.914,-38.0217],[-60.8301,-38.5353],[-60.8599,-38.7567],[-60.6772,-38.9188],[-60.6645,-39.1284]]}},{"type":"Feature","properties":{"id":282,"source":8969,"mouth":9137,"parent":0,"basin":282,"widthFactor":1.2,"sourceWidth":0.06,"discharge":95,"name":"Padstobury","type":"Brook"},"geometry":{"type":"LineString","coordinates":[[39.285,-13.122],[39.0259,-13.1226],[38.8453,-13.334],[38.6019,-13.3767],[38.3221,-13.455],[38.1636,-13.7178],[37.908,-13.833]]}},{"type":"Feature","properties":{"id":284,"source":9653,"mouth":9652,"parent":1013,"basin":1013,"widthFactor":1.0,"sourceWidth":0.26,"discharge":284,"name":"Padsterlis","type":"Creek"},"geometry":{"type":"LineString","coordinates":[[43.6473,-16.2135],[43.4211,-16.2911],[43.3427,-16.5384],[43.146,-16.65],[42.7638,-16.6841],[42.4513,-16.9277],[42.0831,-17.0037]]}},{"type":"Feature","properties":{"id":290,"source":5602,"mouth":5241,"parent":1103,"basin":1103,"widthFactor":1.0,"sourceWidth":0.05,"discharge":246,"name":"Altonsey","type":"River"},"geometry":{"type":"LineString","coordinates":[[-151.6419,6.5979],[-152.0195,6.6734],[-152.3884,6.5241],[-152.7642,6.5547],[-152.9031,6.9269],[-153.2265,7.1779],[-153.4023,7.5258],[-153.7111,7.5475],[-153.9739,7.3574],[-154.2735,7.3368],[-154.5157,7.5801],[-154.845,7.677],[-155.1897,7.496],[-155.3994,7.1548],[-155.7171,6.9417]]}},{"type":"Feature","properties":{"id":291,"source":5785,"mouth":5956,"parent":372,"basin":372,"widthFactor":1.0,"sourceWidth":0.06,"discharge":85,"name":"Wodge","type":"Fork"},"geometry":{"type":"LineString","coordinates":[[-147.7035,4.8159],[-147.964,4.7172],[-148.081,4.4452],[-148.3128,4.3119],[-148.7547,4.1572],[-149.0856,3.8117],[-149.5053,3.6189]]}},{"type":"Feature","properties":{"id":292,"source":6478,"mouth":6811,"parent":169,"basin":169,"widthFactor":1.0,"sourceWidth":0.04,"discharge":112,"name":"Ormsbury","type":"River"},"geometry":{"type":"LineString","coordinates":[[-60.5736,0.8397],[-60.2663,0.7551],[-59.963,0.8955],[-59.6565,0.8559],[-59.5927,0.414],[-59.3209,0.0463],[-59.2155,-0.3807],[-59.2723,-0.5773],[-59.1579,-0.747],[-58.7712,-1.044],[-58.2862,-1.152],[-57.8799,-1.4112]]}},{"type":"Feature","properties":{"id":293,"source":3768,"mouth":3771,"parent":0,"basin":293,"widthFactor":1.2,"sourceWidth":0.08,"discharge":156,"name":"Braster","type":"River"},"geometry":{"type":"LineString","coordinates":[[160.7031,17.6481],[161.0952,17.5251],[161.506,17.6263],[161.9019,17.5482],[162.0492,17.3383],[162.3225,17.3096],[162.495,17.136],[162.9737,17.0916],[163.4331,17.2632],[163.908,17.262]]}},{"type":"Feature","properties":{"id":294,"source":4583,"mouth":4239,"parent":246,"basin":246,"widthFactor":1.0,"sourceWidth":0.05,"discharge":116,"name":"Merlowbury","type":"Fork"},"geometry":{"type":"LineString","coordinates":[[26.2152,12.1077],[26.375,12.4356],[26.3145,12.8092],[26.4303,13.1463],[26.2312,13.63],[25.8451,13.9964],[25.6086,14.4567],[25.6309,14.7414],[25.4422,14.9766],[25.4223,15.2514]]}},{"type":"Feature","properties":{"id":295,"source":5638,"mouth":5983,"parent":181,"basin":181,"widthFactor":1.0,"sourceWidth":0.07,"discharge":88,"name":"Kirbury","type":"River"},"geometry":{"type":"LineString","coordinates":[[-57.7179,5.9166],[-57.3393,5.6003],[-56.8504,5.48],[-56.4498,5.2029],[-56.3512,4.8946],[-56.0686,4.7083],[-55.9332,4.4244],[-55.859,4.0222],[-55.5848,3.7037],[-55.4706,3.3183]]}},{"type":"Feature","properties":{"id":297,"source":10990,"mouth":10987,"parent":0,"basin":297,"widthFactor":1.2,"sourceWidth":0.07,"discharge":94,"name":"Thatclif","type":"River"},"geometry":{"type":"LineString","coordinates":[[139.5513,-25.8876],[139.1261,-25.9096],[138.7597,-26.1488],[138.3462,-26.2143],[138.1297,-26.1739],[137.9632,-26.3485],[137.7567,-26.3511],[137.4506,-26.3922],[137.2325,-26.6313],[136.944,-26.712]]}},{"type":"Feature","properties":{"id":298,"source":6443,"mouth":6442,"parent":0,"basin":298,"widthFactor":1.2,"sourceWidth":0.06,"discharge":48,"name":"Shifton","type":"River"},"geometry":{"type":"LineString","coordinates":[[-162.684,0.6615],[-163.1543,0.8246],[-163.6586,0.7652],[-164.1357,0.8838],[-164.4255,0.836],[-164.6156,0.5912],[-164.8854,0.504]]}},{"type":"Feature","properties":{"id":299,"source":3112,"mouth":3255,"parent":0,"basin":299,"widthFactor":1.2,"sourceWidth":0.05,"discharge":153,"name":"Fihulne","type":"River"},"geometry":{"type":"LineString","coordinates":[[-22.635,22.1454],[-22.8135,21.8389],[-22.7752,21.4722],[-22.9104,21.1536],[-22.8616,20.8975],[-22.6228,20.7537],[-22.536,20.52],[-22.1049,20.445],[-21.6798,20.5867],[-21.2499,20.5551]]}},{"type":"Feature","properties":{"id":300,"source":12149,"mouth":12147,"parent":0,"basin":300,"widthFactor":1.2,"sourceWidth":0.06,"discharge":213,"name":"Modbute","type":"River"},"geometry":{"type":"LineString","coordinates":[[-64.3383,-36.2457],[-64.6819,-36.4569],[-64.8678,-36.8286],[-65.1798,-37.0719],[-65.5106,-36.8012],[-65.9429,-36.7265],[-66.294,-36.495],[-66.5671,-36.6173],[-66.6982,-36.9033],[-66.9429,-37.0584]]}},{"type":"Feature","properties":{"id":301,"source":5380,"mouth":5381,"parent":319,"basin":90,"widthFactor":1.0,"sourceWidth":0.05,"discharge":42,"name":"Marshton","type":"River"},"geometry":{"type":"LineString","coordinates":[[148.9284,8.2854],[149.308,8.3003],[149.6258,8.5315],[149.9931,8.5896],[150.2324,8.5853],[150.394,8.7875],[150.6177,8.8245]]}},{"type":"Feature","properties":{"id":305,"source":9998,"mouth":9846,"parent":73,"basin":73,"widthFactor":1.0,"sourceWidth":0.05,"discharge":75,"name":"Pershilbo","type":"River"},"geometry":{"type":"LineString","coordinates":[[141.7635,-18.7596],[141.575,-18.3919],[141.2135,-18.168],[140.9904,-17.829],[140.6073,-17.6649],[140.1822,-17.7175],[139.7907,-17.5968],[139.3432,-17.6154],[138.9465,-17.8447],[138.5091,-17.9055]]}},{"type":"Feature","properties":{"id":306,"source":5033,"mouth":4848,"parent":0,"basin":306,"widthFactor":1.2,"sourceWidth":0.05,"discharge":158,"name":"Hatford","type":"River"},"geometry":{"type":"LineString","coordinates":[[162.2178,10.6056],[162.7291,10.2894],[163.3287,10.1802],[163.8576,9.9054],[164.0905,10.2],[164.1229,10.5869],[164.3157,10.8999],[164.7243,11.018],[165.0316,11.3276],[165.42,11.484],[165.8045,11.7089],[166.0482,12.0938],[166.4046,12.3507]]}},{"type":"Feature","properties":{"id":310,"source":2769,"mouth":2513,"parent":1011,"basin":1011,"widthFactor":1.0,"sourceWidth":0.06,"discharge":64,"name":"Swadingham","type":"River"},"geometry":{"type":"LineString","coordinates":[[150.3252,25.3386],[150.2597,25.553],[150.0235,25.6207],[149.9238,25.8057],[149.9636,26.177],[149.7846,26.5193],[149.7807,26.8848],[149.5472,27.0227],[149.2689,26.9486],[149.0265,27.0441]]}},{"type":"Feature","properties":{"id":312,"source":9104,"mouth":9106,"parent":0,"basin":312,"widthFactor":1.2,"sourceWidth":0.07,"discharge":91,"name":"Cheon","type":"River"},"geometry":{"type":"LineString","coordinates":[[-39.051,-12.9744],[-38.7866,-13.318],[-38.3762,-13.4904],[-38.0826,-13.7997],[-37.8109,-13.9137],[-37.5187,-13.8079],[-37.2429,-13.878],[-36.9564,-13.8987],[-36.7202,-13.7086],[-36.4437,-13.6872]]}},{"type":"Feature","properties":{"id":315,"source":12418,"mouth":12533,"parent":0,"basin":315,"widthFactor":1.2,"sourceWidth":0.05,"discharge":124,"name":"Bolewent","type":"Creek"},"geometry":{"type":"LineString","coordinates":[[-57.6927,-38.6721],[-57.7633,-38.9761],[-57.6094,-39.2656],[-57.6351,-39.5667],[-57.6853,-39.8396],[-57.517,-40.0813],[-57.5235,-40.3479]]}},{"type":"Feature","properties":{"id":319,"source":5200,"mouth":5382,"parent":3,"basin":90,"widthFactor":1.0,"sourceWidth":0.06,"discharge":139,"name":"Boscom","type":"River"},"geometry":{"type":"LineString","coordinates":[[149.1786,9.4518],[149.4428,9.4734],[149.6135,9.6997],[149.859,9.7623],[150.0433,9.3942],[150.3991,9.1649],[150.6177,8.8245],[151.0757,8.6773],[151.5617,8.7451],[152.0253,8.6409]]}},{"type":"Feature","properties":{"id":322,"source":11518,"mouth":11760,"parent":0,"basin":322,"widthFactor":1.2,"sourceWidth":0.06,"discharge":122,"name":"Cliford","type":"River"},"geometry":{"type":"LineString","coordinates":[[145.2924,-30.5055],[145.0435,-30.9118],[145.0051,-31.3973],[144.7983,-31.8195],[144.9756,-32.1903],[145.3269,-32.4253],[145.539,-32.769],[145.8491,-32.9314],[146.209,-32.8828],[146.529,-33.003]]}},{"type":"Feature","properties":{"id":324,"source":6450,"mouth":6610,"parent":0,"basin":324,"widthFactor":1.2,"sourceWidth":0.05,"discharge":77,"name":"Cockingdon","type":"Creek"},"geometry":{"type":"LineString","coordinates":[[-155.4066,1.5201],[-155.4263,1.0436],[-155.2235,0.6004],[-155.1987,0.1305],[-155.0759,-0.0063],[-154.8945,0.0234]]}},{"type":"Feature","properties":{"id":325,"source":8125,"mouth":8123,"parent":0,"basin":325,"widthFactor":1.2,"sourceWidth":0.05,"discharge":89,"name":"Hinckleigh","type":"Creek"},"geometry":{"type":"LineString","coordinates":[[-68.5071,-7.938],[-68.6964,-7.844],[-68.8896,-7.9299],[-68.9235,-7.6228],[-69.1607,-7.4017],[-69.2352,-7.1118]]}},{"type":"Feature","properties":{"id":329,"source":9024,"mouth":9367,"parent":71,"basin":71,"widthFactor":1.0,"sourceWidth":0.06,"discharge":166,"name":"Paigningt","type":"River"},"geometry":{"type":"LineString","coordinates":[[149.6826,-12.1212],[149.4437,-12.495],[149.415,-12.949],[149.2182,-13.3389],[148.6385,-13.403],[148.116,-13.6803],[147.5478,-13.7871],[147.3409,-13.5935],[147.0415,-13.5959],[146.8161,-13.4415],[146.4086,-13.7135],[146.1484,-14.1395],[145.7703,-14.4423],[145.4103,-14.2346],[144.9843,-14.2259],[144.6111,-14.058],[144.0849,-13.8539],[143.513,-13.851],[142.9776,-13.6872]]}},{"type":"Feature","properties":{"id":331,"source":9540,"mouth":10010,"parent":167,"basin":167,"widthFactor":1.0,"sourceWidth":0.06,"discharge":158,"name":"Swadingra","type":"River"},"geometry":{"type":"LineString","coordinates":[[151.119,-15.2154],[151.1074,-15.7526],[151.3183,-16.257],[151.3512,-16.7877],[151.4592,-17.1098],[151.751,-17.3099],[151.8957,-17.6076],[152.1009,-18.0251],[152.4794,-18.3124],[152.7192,-18.7038],[153.1194,-18.9049],[153.5773,-18.901],[153.9891,-19.0611],[154.4862,-18.9745],[154.9136,-18.6904],[155.3967,-18.5643]]}},{"type":"Feature","properties":{"id":334,"source":1605,"mouth":2108,"parent":232,"basin":1011,"widthFactor":1.0,"sourceWidth":0.04,"discharge":205,"name":"Abinghambe","type":"River"},"geometry":{"type":"LineString","coordinates":[[144.6192,38.3553],[144.1885,38.0429],[143.9188,37.5733],[143.5203,37.2294],[143.2405,37.1894],[143.0587,36.9516],[142.7985,36.8721],[142.7091,36.2905],[142.8364,35.7079],[142.7904,35.1261],[143.2455,34.9151],[143.7561,34.9098],[144.2223,34.74],[143.9492,34.3079],[143.8691,33.7943],[143.6346,33.3459],[143.6781,32.921],[143.9189,32.5563],[144.0018,32.1435],[144.0678,31.8513],[144.3123,31.6559],[144.414,31.383],[144.554,31.0394],[144.8585,30.8093],[145.0314,30.4884]]}},{"type":"Feature","properties":{"id":335,"source":5211,"mouth":5391,"parent":90,"basin":90,"widthFactor":1.0,"sourceWidth":0.05,"discharge":84,"name":"Newbigley","type":"Creek"},"geometry":{"type":"LineString","coordinates":[[160.2774,9.4554],[160.1761,9.1358],[160.2996,8.8082],[160.2432,8.487],[160.1828,8.147],[160.3424,7.8252],[160.326,7.4889]]}},{"type":"Feature","properties":{"id":336,"source":6318,"mouth":6643,"parent":0,"basin":336,"widthFactor":1.2,"sourceWidth":0.1,"discharge":109,"name":"Calterbury","type":"River"},"geometry":{"type":"LineString","coordinates":[[-59.7141,2.3517],[-59.6086,1.9087],[-59.2988,1.56],[-59.1525,1.1358],[-58.9231,0.8595],[-58.5637,0.7617],[-58.3083,0.5211],[-58.002,0.2153],[-57.5764,0.0905],[-57.2463,-0.1791],[-56.8407,-0.3123],[-56.4103,-0.234],[-55.9998,-0.3249]]}},{"type":"Feature","properties":{"id":337,"source":4776,"mouth":4591,"parent":0,"basin":337,"widthFactor":1.2,"sourceWidth":0.07,"discharge":177,"name":"Padsfield","type":"River"},"geometry":{"type":"LineString","coordinates":[[30.2625,11.142],[30.7987,11.223],[31.2649,11.5178],[31.7871,11.6415],[32.1621,11.5683],[32.5281,11.7156],[32.9013,11.6865],[33.1505,11.6037],[33.3962,11.7376],[33.6447,11.6982],[34.0169,11.8419],[34.2716,12.1634],[34.6203,12.3426],[35.047,12.4711],[35.3767,12.7853],[35.784,12.951]]}},{"type":"Feature","properties":{"id":339,"source":6776,"mouth":6952,"parent":0,"basin":339,"widthFactor":1.2,"sourceWidth":0.05,"discharge":100,"name":"Penkburgh","type":"River"},"geometry":{"type":"LineString","coordinates":[[-158.7384,-1.1232],[-158.2189,-1.1982],[-157.7059,-1.0482],[-157.1877,-1.0782],[-156.9481,-1.4319],[-156.5553,-1.6266],[-156.285,-1.9485],[-156.2244,-2.1776],[-156.024,-2.304]]}},{"type":"Feature","properties":{"id":341,"source":7792,"mouth":8189,"parent":0,"basin":341,"widthFactor":1.2,"sourceWidth":0.09,"discharge":164,"name":"Craftreley","type":"River"},"geometry":{"type":"LineString","coordinates":[[23.4684,-6.5268],[23.7594,-6.7067],[24.1142,-6.6708],[24.4179,-6.8076],[24.6082,-7.0104],[24.8823,-7.0578],[25.1124,-7.3712],[25.4842,-7.5206],[25.7427,-7.8012],[25.8094,-7.97],[25.9866,-8.0091]]}},{"type":"Feature","properties":{"id":342,"source":6621,"mouth":6461,"parent":0,"basin":342,"widthFactor":1.2,"sourceWidth":0.06,"discharge":127,"name":"Taveringham","type":"River"},"geometry":{"type":"LineString","coordinates":[[-147.3966,-0.1971],[-147.1708,0.1007],[-147.1517,0.4873],[-146.9673,0.8028],[-146.5695,0.779],[-146.2077,0.973],[-145.8171,0.9927],[-145.717,0.5211],[-145.4164,0.132],[-145.2762,-0.3231]]}},{"type":"Feature","properties":{"id":343,"source":9814,"mouth":9813,"parent":1013,"basin":1013,"widthFactor":1.0,"sourceWidth":0.05,"discharge":65,"name":"Totneshead","type":"Creek"},"geometry":{"type":"LineString","coordinates":[[44.0469,-17.6706],[43.7433,-17.6317],[43.478,-17.8145],[43.182,-17.82],[42.9014,-17.6096],[42.5371,-17.6034],[42.2397,-17.4339]]}},{"type":"Feature","properties":{"id":344,"source":12416,"mouth":12415,"parent":0,"basin":344,"widthFactor":1.2,"sourceWidth":0.06,"discharge":81,"name":"Harwick","type":"River"},"geometry":{"type":"LineString","coordinates":[[-58.599,-38.0691],[-58.8758,-38.1164],[-59.067,-38.322],[-59.2391,-38.7418],[-59.1947,-39.2041],[-59.3235,-39.6324]]}},{"type":"Feature","properties":{"id":345,"source":9080,"mouth":9264,"parent":0,"basin":345,"widthFactor":1.2,"sourceWidth":0.05,"discharge":93,"name":"Thetherham","type":"River"},"geometry":{"type":"LineString","coordinates":[[-71.4771,-13.2831],[-71.8335,-13.6166],[-72.0084,-14.0831],[-72.3285,-14.4432],[-72.6197,-14.6849],[-72.7342,-15.0588],[-72.99,-15.327]]}},{"type":"Feature","properties":{"id":349,"source":1749,"mouth":2022,"parent":232,"basin":1011,"widthFactor":1.0,"sourceWidth":0.05,"discharge":101,"name":"Blandge","type":"River"},"geometry":{"type":"LineString","coordinates":[[148.2714,36.0297],[147.7832,35.9064],[147.3882,35.5783],[146.9187,35.4141],[146.6504,35.2293],[146.5519,34.9035],[146.3175,34.6905],[145.6711,34.5704],[145.092,34.2443],[144.459,34.083],[144.4228,33.7278],[144.5553,33.3963],[144.7025,33.0336],[145.0225,32.7894],[145.2042,32.4504],[145.2438,32.0832],[145.4784,31.7835],[145.557,31.4298]]}},{"type":"Feature","properties":{"id":350,"source":2305,"mouth":2526,"parent":125,"basin":125,"widthFactor":1.0,"sourceWidth":0.06,"discharge":107,"name":"Axbrigh","type":"River"},"geometry":{"type":"LineString","coordinates":[[163.4922,29.0187],[163.0099,28.9068],[162.6174,28.5886],[162.153,28.4355],[162.1324,28.0816],[162.3283,27.7702],[162.351,27.4248],[162.258,26.8497],[162.3817,26.2723],[162.3321,25.6968]]}},{"type":"Feature","properties":{"id":352,"source":2973,"mouth":2699,"parent":0,"basin":352,"widthFactor":1.2,"sourceWidth":0.05,"discharge":117,"name":"Charton","type":"River"},"geometry":{"type":"LineString","coordinates":[[-25.5537,22.6854],[-25.9123,22.8746],[-26.3291,22.8465],[-26.6994,22.9923],[-26.8301,23.2731],[-27.1261,23.4076],[-27.2898,23.6592],[-27.7095,24.1913],[-28.2807,24.5684],[-28.7307,25.0695],[-29.0316,25.2707],[-29.406,25.2719],[-29.7216,25.4331],[-29.6953,25.6889],[-29.8323,25.9065]]}},{"type":"Feature","properties":{"id":353,"source":1845,"mouth":1769,"parent":213,"basin":213,"widthFactor":1.0,"sourceWidth":0.06,"discharge":99,"name":"Thetford","type":"River"},"geometry":{"type":"LineString","coordinates":[[167.8293,35.4033],[168.1381,35.2124],[168.5141,35.2362],[168.8364,35.0883],[168.879,35.5754],[168.7019,36.0417],[168.7005,36.5247],[168.7192,36.7701],[168.5299,36.9548],[168.507,37.188]]}},{"type":"Feature","properties":{"id":354,"source":10285,"mouth":10141,"parent":0,"basin":354,"widthFactor":1.2,"sourceWidth":0.06,"discharge":116,"name":"Ormstover","type":"River"},"geometry":{"type":"LineString","coordinates":[[138.2238,-20.3895],[138.1084,-20.1058],[137.8187,-19.9644],[137.6685,-19.7091],[137.2276,-19.6767],[136.8149,-19.8633],[136.3797,-19.8747],[136.2401,-19.475],[135.9148,-19.1873],[135.738,-18.81]]}},{"type":"Feature","properties":{"id":355,"source":10880,"mouth":11020,"parent":0,"basin":355,"widthFactor":1.2,"sourceWidth":0.06,"discharge":116,"name":"Maringin","type":"River"},"geometry":{"type":"LineString","coordinates":[[167.9238,-25.0875],[168.2865,-24.8497],[168.4895,-24.4534],[168.8202,-24.1839],[168.7933,-24.6547],[168.9852,-25.0967],[169.002,-25.5618],[169.2224,-25.8301],[169.5706,-25.9234],[169.8165,-26.1567],[170.0323,-26.2957],[170.2974,-26.2274],[170.523,-26.325]]}},{"type":"Feature","properties":{"id":356,"source":7385,"mouth":6997,"parent":0,"basin":356,"widthFactor":1.2,"sourceWidth":0.07,"discharge":130,"name":"Rombeter","type":"River"},"geometry":{"type":"LineString","coordinates":[[-40.0284,-3.7953],[-40.2193,-3.3802],[-40.5922,-3.0976],[-40.8195,-2.709],[-41.1091,-2.6893],[-41.346,-2.8839],[-41.625,-2.907],[-41.7071,-2.6245],[-41.9702,-2.461],[-42.0885,-2.2023]]}},{"type":"Feature","properties":{"id":357,"source":10427,"mouth":10142,"parent":0,"basin":357,"widthFactor":1.2,"sourceWidth":0.05,"discharge":157,"name":"Salworth","type":"River"},"geometry":{"type":"LineString","coordinates":[[137.6586,-21.294],[137.3328,-21.1106],[136.947,-21.1442],[136.6092,-21.0042],[136.6573,-20.7982],[136.4891,-20.6362],[136.494,-20.439],[136.01,-20.4398],[135.5652,-20.6538],[135.0891,-20.6973]]}},{"type":"Feature","properties":{"id":359,"source":10654,"mouth":10652,"parent":0,"basin":359,"widthFactor":1.2,"sourceWidth":0.07,"discharge":88,"name":"Halton","type":"Creek"},"geometry":{"type":"LineString","coordinates":[[-34.3287,-23.7546],[-34.5341,-23.5612],[-34.8147,-23.5314],[-35.2577,-23.34],[-35.7497,-23.3638],[-36.2025,-23.2155]]}},{"type":"Feature","properties":{"id":370,"source":12981,"mouth":12979,"parent":920,"basin":920,"widthFactor":1.0,"sourceWidth":0.09,"discharge":84,"name":"Forough","type":"River"},"geometry":{"type":"LineString","coordinates":[[45.8784,-44.2359],[45.4653,-44.359],[45.3469,-44.8193],[44.9928,-45.0099],[44.7519,-45.1087],[44.7772,-45.4075],[44.5896,-45.5463]]}},{"type":"Feature","properties":{"id":372,"source":5957,"mouth":6615,"parent":0,"basin":372,"widthFactor":1.2,"sourceWidth":0.06,"discharge":739,"name":"Mondowey","type":"River"},"geometry":{"type":"LineString","coordinates":[[-147.1212,4.0023],[-147.5912,3.7005],[-147.9107,3.2314],[-148.3506,2.8962],[-148.6887,3.2119],[-149.1438,3.3406],[-149.5053,3.6189],[-149.862,3.5754],[-150.1414,3.3294],[-150.4827,3.2454],[-150.5871,2.6704],[-150.4785,2.0884],[-150.5403,1.512],[-150.9519,1.3266],[-151.2435,0.9694],[-151.6311,0.7497],[-151.9606,0.6145],[-152.1698,0.3118],[-152.4753,0.1431],[-152.9343,0.0733],[-153.3281,-0.1888],[-153.774,-0.297]]}},{"type":"Feature","properties":{"id":373,"source":1534,"mouth":1255,"parent":0,"basin":373,"widthFactor":1.2,"sourceWidth":0.05,"discharge":292,"name":"Corough","type":"River"},"geometry":{"type":"LineString","coordinates":[[143.0928,39.8241],[142.6202,39.8509],[142.1778,39.6547],[141.7113,39.6369],[141.4468,39.7529],[141.1596,39.6494],[140.8905,39.7215],[140.6603,40.0695],[140.2781,40.263],[140.0175,40.5801],[139.7157,40.7338],[139.3681,40.6795],[139.0572,40.7916],[138.6825,41.0604],[138.2186,41.1395],[137.826,41.3703],[137.448,41.7397],[136.9507,41.9409],[136.5489,42.2766],[136.4942,42.6689],[136.2485,42.9925],[136.1556,43.371],[136.2711,43.8296],[136.1871,44.3035],[136.2627,44.7651]]}},{"type":"Feature","properties":{"id":374,"source":5783,"mouth":5953,"parent":372,"basin":372,"widthFactor":1.0,"sourceWidth":0.07,"discharge":134,"name":"Hatbury","type":"River"},"geometry":{"type":"LineString","coordinates":[[-149.1156,5.4126],[-149.432,5.2968],[-149.6174,4.998],[-149.9076,4.8456],[-150.4035,4.5949],[-150.7697,4.1655],[-151.2396,3.879],[-151.043,3.6013],[-150.7072,3.4898],[-150.4827,3.2454]]}},{"type":"Feature","properties":{"id":376,"source":6176,"mouth":6177,"parent":1,"basin":1,"widthFactor":1.0,"sourceWidth":0.06,"discharge":63,"name":"Cleole","type":"River"},"geometry":{"type":"LineString","coordinates":[[-28.3446,2.7918],[-28.0263,2.8744],[-27.822,3.151],[-27.5265,3.2724],[-27.109,3.2107],[-26.7055,3.3693],[-26.2908,3.3516]]}},{"type":"Feature","properties":{"id":377,"source":4655,"mouth":4658,"parent":0,"basin":377,"widthFactor":1.2,"sourceWidth":0.05,"discharge":124,"name":"Swazion","type":"River"},"geometry":{"type":"LineString","coordinates":[[162.5823,12.2292],[163.164,12.0962],[163.7622,12.1877],[164.3472,12.0996],[164.7369,12.2692],[164.9984,12.6185],[165.3624,12.8241],[165.6739,12.5874],[166.0751,12.548],[166.4046,12.3507]]}},{"type":"Feature","properties":{"id":378,"source":3405,"mouth":3710,"parent":0,"basin":378,"widthFactor":1.2,"sourceWidth":0.09,"discharge":120,"name":"Mitford","type":"River"},"geometry":{"type":"LineString","coordinates":[[11.0538,20.1753],[10.5331,20.1328],[10.0691,19.8726],[9.5598,19.7865],[9.448,19.3672],[9.5565,18.9356],[9.4887,18.5139],[9.4504,18.2587],[9.6248,18.0452],[9.6291,17.7984],[9.3311,17.4509],[9.2178,16.9972],[8.9568,16.6284]]}},{"type":"Feature","properties":{"id":379,"source":5429,"mouth":5072,"parent":0,"basin":379,"widthFactor":1.2,"sourceWidth":0.05,"discharge":165,"name":"Kirton","type":"River"},"geometry":{"type":"LineString","coordinates":[[-144.7839,7.5672],[-144.4503,7.6304],[-144.2157,7.8956],[-143.9019,7.9992],[-143.5962,8.2044],[-143.454,8.5581],[-143.181,8.793],[-142.7981,8.7674],[-142.45,8.9558],[-142.074,8.973]]}},{"type":"Feature","properties":{"id":380,"source":11513,"mouth":11632,"parent":494,"basin":494,"widthFactor":1.0,"sourceWidth":0.06,"discharge":70,"name":"Creton","type":"River"},"geometry":{"type":"LineString","coordinates":[[139.9149,-30.4362],[139.4764,-30.4407],[139.0864,-30.6649],[138.6576,-30.7134],[138.258,-30.7106],[137.9056,-30.9233],[137.5155,-30.9636]]}},{"type":"Feature","properties":{"id":382,"source":4118,"mouth":4120,"parent":0,"basin":382,"widthFactor":1.2,"sourceWidth":0.06,"discharge":151,"name":"Skipton","type":"River"},"geometry":{"type":"LineString","coordinates":[[161.8938,15.9417],[162.1007,15.6648],[162.4466,15.5649],[162.6813,15.3234],[163.0829,15.4309],[163.3835,15.7346],[163.7649,15.8814],[163.8866,16.0559],[163.7955,16.2712],[163.8747,16.4538]]}},{"type":"Feature","properties":{"id":383,"source":5338,"mouth":4977,"parent":0,"basin":383,"widthFactor":1.2,"sourceWidth":0.1,"discharge":130,"name":"Thatcheap","type":"River"},"geometry":{"type":"LineString","coordinates":[[36.945,8.7741],[37.0884,8.9294],[37.0173,9.1525],[37.1178,9.3213],[37.1318,9.7082],[36.9293,10.0526],[36.9,10.431],[37.1388,10.6283],[37.1983,10.9474],[37.4013,11.169]]}},{"type":"Feature","properties":{"id":384,"source":3782,"mouth":3622,"parent":0,"basin":384,"widthFactor":1.2,"sourceWidth":0.05,"discharge":63,"name":"Torksey","type":"River"},"geometry":{"type":"LineString","coordinates":[[-160.7742,17.1603],[-160.438,17.0955],[-160.1188,17.255],[-159.786,17.235],[-159.4679,17.1698],[-159.1658,17.3246],[-158.8509,17.3034]]}},{"type":"Feature","properties":{"id":385,"source":12740,"mouth":12809,"parent":0,"basin":385,"widthFactor":1.2,"sourceWidth":0.07,"discharge":139,"name":"Newleigh","type":"River"},"geometry":{"type":"LineString","coordinates":[[-47.0916,-41.2011],[-47.4569,-41.2899],[-47.7182,-41.5782],[-48.0627,-41.7069],[-48.3373,-41.8884],[-48.4452,-42.2146],[-48.6864,-42.4251],[-48.9663,-42.4678],[-49.1495,-42.7045],[-49.41,-42.786]]}},{"type":"Feature","properties":{"id":386,"source":2846,"mouth":2985,"parent":386,"basin":386,"widthFactor":1.2,"sourceWidth":0.05,"discharge":577,"name":"Watfordge","type":"River"},"geometry":{"type":"LineString","coordinates":[[-19.6173,24.336],[-19.3532,24.1936],[-19.0466,24.2722],[-18.774,24.174],[-18.7749,23.8003],[-18.5613,23.4781],[-18.5193,23.1147],[-18.5193,23.1147],[-18.4685,22.802],[-18.2244,22.5788],[-18.135,22.284],[-17.8125,21.9514],[-17.3685,21.7895],[-17.0217,21.4911]]}},{"type":"Feature","properties":{"id":387,"source":1578,"mouth":1579,"parent":0,"basin":387,"widthFactor":1.2,"sourceWidth":0.05,"discharge":91,"name":"Draxning","type":"River"},"geometry":{"type":"LineString","coordinates":[[-152.5275,38.8647],[-152.1902,38.7874],[-151.8614,38.9349],[-151.5258,38.9025],[-151.0844,38.6813],[-150.581,38.6719],[-150.1272,38.493]]}},{"type":"Feature","properties":{"id":388,"source":2848,"mouth":2980,"parent":386,"basin":386,"widthFactor":1.0,"sourceWidth":0.05,"discharge":71,"name":"Tutfield","type":"Brook"},"geometry":{"type":"LineString","coordinates":[[-20.079,23.634],[-19.9582,23.3536],[-19.6662,23.2192],[-19.5111,22.968],[-19.1676,22.9296],[-18.8564,23.1095],[-18.5193,23.1147]]}},{"type":"Feature","properties":{"id":389,"source":10520,"mouth":10521,"parent":0,"basin":389,"widthFactor":1.2,"sourceWidth":0.05,"discharge":57,"name":"Wihulton","type":"River"},"geometry":{"type":"LineString","coordinates":[[-28.5003,-22.8501],[-28.6733,-22.9553],[-28.6561,-23.1807],[-28.791,-23.31],[-28.5056,-23.7591],[-28.0562,-24.0605],[-27.738,-24.48]]}},{"type":"Feature","properties":{"id":390,"source":9124,"mouth":9122,"parent":0,"basin":390,"widthFactor":1.2,"sourceWidth":0.04,"discharge":100,"name":"Thaxted","type":"River"},"geometry":{"type":"LineString","coordinates":[[-29.0331,-13.4127],[-29.2426,-13.4011],[-29.3671,-13.5978],[-29.5596,-13.6278],[-29.7246,-13.3091],[-30.0546,-13.1369],[-30.2526,-12.8475]]}},{"type":"Feature","properties":{"id":394,"source":12581,"mouth":13043,"parent":394,"basin":394,"widthFactor":0.8,"sourceWidth":0.07,"discharge":1417,"name":"Uxbrorough","type":"River"},"geometry":{"type":"LineString","coordinates":[[42.912,-40.275],[42.7427,-40.5158],[42.7882,-40.8236],[42.6618,-41.0778],[42.6618,-41.0778],[42.3422,-41.0986],[42.0804,-41.283],[42.0818,-41.556],[42.2852,-41.7615],[42.327,-42.021],[42.1706,-42.29],[42.217,-42.6117],[42.1011,-42.8913],[42.1011,-42.8913],[41.9684,-43.2014],[42.0362,-43.544],[41.9436,-43.8606],[42.1222,-44.1297],[42.408,-44.28],[42.1845,-44.5587],[42.138,-44.9237],[41.9499,-45.2196],[41.9499,-45.2196],[41.4228,-45.2896],[40.9374,-45.5067],[40.521,-45.9945],[40.23,-46.566]]}},{"type":"Feature","properties":{"id":405,"source":4071,"mouth":3901,"parent":246,"basin":246,"widthFactor":1.0,"sourceWidth":0.05,"discharge":53,"name":"Sokeby","type":"Fork"},"geometry":{"type":"LineString","coordinates":[[27.0756,15.3045],[27.1912,15.7169],[27.0823,16.1431],[27.153,16.5582],[27.5316,16.7509],[27.7714,17.1151],[28.1223,17.3421]]}},{"type":"Feature","properties":{"id":408,"source":7711,"mouth":7516,"parent":0,"basin":408,"widthFactor":1.2,"sourceWidth":0.04,"discharge":164,"name":"Atfordgewes","type":"River"},"geometry":{"type":"LineString","coordinates":[[-164.8908,-6.5601],[-165.3074,-6.2289],[-165.8322,-6.095],[-166.2705,-5.8032],[-166.37,-5.5595],[-166.634,-5.463],[-166.7664,-5.2488],[-167.1364,-5.2072],[-167.4799,-5.3806],[-167.8446,-5.382],[-168.4067,-5.4092],[-168.9263,-5.6452],[-169.4799,-5.7141]]}},{"type":"Feature","properties":{"id":409,"source":4586,"mouth":4077,"parent":0,"basin":409,"widthFactor":1.2,"sourceWidth":0.07,"discharge":216,"name":"Duncested","type":"River"},"geometry":{"type":"LineString","coordinates":[[29.0925,12.8646],[29.648,12.7815],[30.2007,12.9234],[30.7557,12.8853],[31.1598,13.0791],[31.4311,13.4492],[31.8087,13.6782],[32.1626,13.9558],[32.3525,14.3749],[32.6736,14.6808],[32.9323,14.9603],[33.0062,15.3458],[33.228,15.6465],[33.3602,15.8975],[33.2864,16.187],[33.3774,16.4457]]}},{"type":"Feature","properties":{"id":410,"source":5547,"mouth":5726,"parent":0,"basin":410,"widthFactor":1.2,"sourceWidth":0.05,"discharge":128,"name":"Thetford","type":"River"},"geometry":{"type":"LineString","coordinates":[[135.1233,7.6149],[134.8353,7.1588],[134.755,6.616],[134.5086,6.1425],[134.2073,6.2554],[133.8882,6.1483],[133.5834,6.2172],[133.2144,6.1015],[132.9549,5.7988],[132.6078,5.6457],[132.4534,5.886],[132.1623,5.9628],[131.9805,6.1704],[131.6251,6.4527],[131.1719,6.5497],[130.797,6.795]]}},{"type":"Feature","properties":{"id":411,"source":5068,"mouth":4883,"parent":0,"basin":411,"widthFactor":1.2,"sourceWidth":0.05,"discharge":137,"name":"Cudley","type":"River"},"geometry":{"type":"LineString","coordinates":[[-146.142,9.0963],[-145.6596,9.2534],[-145.2837,9.6087],[-144.8226,9.8055],[-144.6163,10.1279],[-144.6183,10.5233],[-144.4536,10.8603],[-144.0296,10.9519],[-143.6928,11.242],[-143.2863,11.3733],[-142.8498,11.1243],[-142.3406,11.0756],[-141.8895,10.8666],[-141.8464,10.5858],[-141.6148,10.3965],[-141.534,10.134]]}},{"type":"Feature","properties":{"id":412,"source":1508,"mouth":1643,"parent":1353,"basin":1353,"widthFactor":1.0,"sourceWidth":0.04,"discharge":212,"name":"Maringley","type":"River"},"geometry":{"type":"LineString","coordinates":[[-155.529,39.1239],[-155.8077,38.9232],[-155.9117,38.5808],[-156.1554,38.3517],[-156.1826,38.0934],[-156.0384,37.8774],[-156.2094,37.4652],[-156.4665,37.371],[-156.618,37.143],[-156.9335,37.3864],[-157.3392,37.4406],[-157.6728,37.6461]]}},{"type":"Feature","properties":{"id":413,"source":11681,"mouth":11683,"parent":0,"basin":413,"widthFactor":1.2,"sourceWidth":0.05,"discharge":177,"name":"Congdonbury","type":"River"},"geometry":{"type":"LineString","coordinates":[[-60.1542,-32.1363],[-59.8503,-32.1394],[-59.6109,-31.927],[-59.3199,-31.887],[-58.8183,-32.1124],[-58.2597,-32.1246],[-57.7467,-32.3073],[-57.6325,-32.5784],[-57.3523,-32.7102],[-57.2049,-32.9535]]}},{"type":"Feature","properties":{"id":414,"source":8711,"mouth":8325,"parent":0,"basin":414,"widthFactor":1.2,"sourceWidth":0.14,"discharge":503,"name":"Garenzan","type":"River"},"geometry":{"type":"LineString","coordinates":[[-69.3909,-11.4012],[-69.5983,-11.1137],[-69.9487,-10.9997],[-70.1847,-10.7469],[-69.9588,-10.2978],[-69.9444,-9.7857],[-69.7608,-9.324],[-69.9886,-8.887],[-70.3879,-8.5825],[-70.65,-8.172]]}},{"type":"Feature","properties":{"id":415,"source":11910,"mouth":11792,"parent":0,"basin":415,"widthFactor":1.2,"sourceWidth":0.06,"discharge":123,"name":"Compoundbu","type":"River"},"geometry":{"type":"LineString","coordinates":[[-64.8972,-33.9678],[-65.4226,-33.8925],[-65.9417,-34.0422],[-66.4659,-34.0119],[-66.6948,-33.8058],[-67.0182,-33.7992],[-67.266,-33.633],[-67.5699,-33.4617],[-67.93,-33.4997],[-68.2452,-33.3702]]}},{"type":"Feature","properties":{"id":416,"source":4971,"mouth":4972,"parent":266,"basin":266,"widthFactor":1.0,"sourceWidth":0.07,"discharge":71,"name":"Cambrigh","type":"River"},"geometry":{"type":"LineString","coordinates":[[32.3991,10.8288],[32.9271,10.7496],[33.4506,10.8954],[33.9777,10.8612],[34.3345,10.8847],[34.6228,11.118],[34.9659,11.1834]]}},{"type":"Feature","properties":{"id":417,"source":10026,"mouth":9880,"parent":0,"basin":417,"widthFactor":1.2,"sourceWidth":0.04,"discharge":105,"name":"Begoke","type":"River"},"geometry":{"type":"LineString","coordinates":[[170.5581,-18.8334],[170.975,-18.9884],[171.4259,-18.9209],[171.8496,-19.0314],[172.2033,-18.8453],[172.4137,-18.4914],[172.7388,-18.2718],[173.0729,-18.2709],[173.3502,-18.0608],[173.673,-18.018],[173.991,-17.7629],[174.144,-17.3731],[174.429,-17.091]]}},{"type":"Feature","properties":{"id":418,"source":12658,"mouth":12657,"parent":0,"basin":418,"widthFactor":1.2,"sourceWidth":0.13,"discharge":167,"name":"Burton","type":"River"},"geometry":{"type":"LineString","coordinates":[[-48.0438,-40.3866],[-48.5707,-40.4684],[-49.0261,-40.7635],[-49.5387,-40.8879],[-49.9916,-41.0176],[-50.345,-41.3443],[-50.778,-41.5134]]}},{"type":"Feature","properties":{"id":419,"source":5291,"mouth":5290,"parent":0,"basin":419,"widthFactor":1.2,"sourceWidth":0.05,"discharge":94,"name":"Cleoke","type":"River"},"geometry":{"type":"LineString","coordinates":[[-40.0356,8.6733],[-40.3384,8.621],[-40.5397,8.3679],[-40.8222,8.2755],[-41.3961,8.2029],[-41.9092,7.9181],[-42.471,7.803]]}},{"type":"Feature","properties":{"id":420,"source":4743,"mouth":4746,"parent":32,"basin":32,"widthFactor":1.0,"sourceWidth":0.1,"discharge":401,"name":"Darbotle","type":"Fork"},"geometry":{"type":"LineString","coordinates":[[-28.0872,11.2887],[-27.7788,11.4559],[-27.594,11.754],[-27.2732,11.5848],[-26.9001,11.6301],[-26.5689,11.5038],[-26.5689,11.5038],[-26.201,11.5339],[-25.8858,11.7261],[-25.4978,11.5233],[-25.0501,11.5215],[-24.6501,11.3589]]}},{"type":"Feature","properties":{"id":421,"source":6299,"mouth":6462,"parent":0,"basin":421,"widthFactor":1.2,"sourceWidth":0.09,"discharge":155,"name":"Felingley","type":"River"},"geometry":{"type":"LineString","coordinates":[[-146.3274,1.8864],[-146.0751,1.5908],[-145.6901,1.4769],[-145.4112,1.2177],[-145.0998,1.0114],[-144.7134,1.0126],[-144.387,0.8478]]}},{"type":"Feature","properties":{"id":423,"source":7980,"mouth":8379,"parent":0,"basin":423,"widthFactor":1.2,"sourceWidth":0.1,"discharge":153,"name":"Grantleven","type":"River"},"geometry":{"type":"LineString","coordinates":[[22.6386,-6.7833],[22.8095,-7.0518],[23.1284,-7.1508],[23.3289,-7.3854],[23.4883,-7.6664],[23.8027,-7.7902],[23.9931,-8.0397],[24.1172,-8.524],[24.4388,-8.9188],[24.6024,-9.3852],[24.7391,-9.6319],[25.0223,-9.7238],[25.1883,-9.9396]]}},{"type":"Feature","properties":{"id":424,"source":10716,"mouth":10714,"parent":0,"basin":424,"widthFactor":1.2,"sourceWidth":0.05,"discharge":69,"name":"Gadingleyme","type":"Creek"},"geometry":{"type":"LineString","coordinates":[[137.3454,-23.6601],[137.1621,-23.5406],[136.9443,-23.6434],[136.7541,-23.5683],[136.3729,-23.5676],[136.0424,-23.7817],[135.6714,-23.8239]]}},{"type":"Feature","properties":{"id":437,"source":4858,"mouth":5045,"parent":0,"basin":437,"widthFactor":1.2,"sourceWidth":0.05,"discharge":112,"name":"Stapingmo","type":"River"},"geometry":{"type":"LineString","coordinates":[[-164.4723,10.3059],[-164.607,10.0749],[-164.5205,9.8026],[-164.6109,9.5634],[-164.9358,9.5916],[-165.2195,9.403],[-165.5361,9.3879],[-165.7832,9.2718],[-165.8806,8.999],[-166.0977,8.8515],[-166.5533,8.7896],[-166.9416,8.5255],[-167.3838,8.4231],[-167.7056,8.6142],[-168.0914,8.6058],[-168.426,8.757],[-168.66,8.5437],[-168.72,8.2194],[-168.9192,7.9839]]}},{"type":"Feature","properties":{"id":439,"source":7898,"mouth":8296,"parent":0,"basin":439,"widthFactor":1.2,"sourceWidth":0.05,"discharge":132,"name":"Blechbrid","type":"River"},"geometry":{"type":"LineString","coordinates":[[-164.511,-7.1757],[-164.915,-7.3412],[-165.1925,-7.6929],[-165.5712,-7.8957],[-165.8889,-8.2776],[-166.0146,-8.7683],[-166.2939,-9.1719],[-166.6588,-9.0819],[-167.0257,-9.2086],[-167.391,-9.162],[-167.4037,-9.6027],[-167.2062,-10.0082],[-167.1768,-10.4418]]}},{"type":"Feature","properties":{"id":440,"source":3897,"mouth":3288,"parent":0,"basin":440,"widthFactor":1.2,"sourceWidth":0.05,"discharge":143,"name":"Bretherley","type":"River"},"geometry":{"type":"LineString","coordinates":[[22.9248,16.9938],[23.0097,17.3706],[22.8696,17.7444],[22.9095,18.1206],[23.0469,18.4013],[22.9668,18.719],[23.0607,19.0071],[23.3274,19.1584],[23.4693,19.4301],[23.7822,19.6275],[23.9429,19.9741],[24.2253,20.2014],[24.6185,20.0713],[25.0359,20.1494],[25.434,20.061],[25.8422,20.1994],[26.1479,20.5168],[26.5356,20.691]]}},{"type":"Feature","properties":{"id":442,"source":6948,"mouth":7526,"parent":0,"basin":442,"widthFactor":1.2,"sourceWidth":0.08,"discharge":96,"name":"Bucking","type":"River"},"geometry":{"type":"LineString","coordinates":[[-160.8732,-2.0322],[-160.8086,-2.3542],[-160.544,-2.5732],[-160.4394,-2.8746],[-160.2028,-3.4332],[-159.7777,-3.8771],[-159.5034,-4.4127],[-159.2735,-4.5895],[-158.9689,-4.5628],[-158.724,-4.6989],[-158.5478,-4.9929],[-158.2218,-5.1354],[-158.0157,-5.3991]]}},{"type":"Feature","properties":{"id":444,"source":4208,"mouth":4041,"parent":0,"basin":444,"widthFactor":1.2,"sourceWidth":0.05,"discharge":275,"name":"Dymockwar","type":"River"},"geometry":{"type":"LineString","coordinates":[[-27.5193,14.2425],[-27.2358,14.042],[-26.8743,14.0525],[-26.5752,13.8942],[-26.4123,13.6833],[-26.1294,13.6576],[-25.9425,13.4838],[-25.4586,13.5011],[-25.0212,13.7301],[-24.5466,13.7898],[-24.0748,14.1399],[-23.7535,14.6408],[-23.3118,15.021],[-22.9852,15.0076],[-22.7041,15.1987],[-22.3866,15.2262],[-22.1021,15.4851],[-21.9859,15.8632],[-21.735,16.146]]}},{"type":"Feature","properties":{"id":445,"source":11563,"mouth":11564,"parent":413,"basin":413,"widthFactor":1.0,"sourceWidth":0.06,"discharge":53,"name":"Dartondal","type":"River"},"geometry":{"type":"LineString","coordinates":[[-60.3873,-30.6423],[-60.0474,-31.0172],[-59.5703,-31.2138],[-59.2029,-31.5531],[-58.7581,-31.8829],[-58.2118,-32.0167],[-57.7467,-32.3073]]}},{"type":"Feature","properties":{"id":448,"source":1555,"mouth":1488,"parent":0,"basin":448,"widthFactor":1.2,"sourceWidth":0.06,"discharge":96,"name":"Penley","type":"River"},"geometry":{"type":"LineString","coordinates":[[164.637,39.3462],[164.8294,39.7481],[164.8033,40.2042],[164.952,40.617],[165.0322,40.9927],[164.8917,41.3636],[164.9277,41.7384]]}},{"type":"Feature","properties":{"id":450,"source":8546,"mouth":8352,"parent":0,"basin":450,"widthFactor":1.2,"sourceWidth":0.06,"discharge":72,"name":"Normouth","type":"River"},"geometry":{"type":"LineString","coordinates":[[-36.8802,-9.9828],[-36.5923,-9.9535],[-36.3957,-9.7185],[-36.126,-9.648],[-35.6777,-9.6612],[-35.2664,-9.4569],[-34.8255,-9.4266]]}},{"type":"Feature","properties":{"id":451,"source":6788,"mouth":6786,"parent":0,"basin":451,"widthFactor":1.2,"sourceWidth":0.06,"discharge":61,"name":"Flokwarton","type":"River"},"geometry":{"type":"LineString","coordinates":[[-151.2819,-0.8406],[-151.7914,-0.9373],[-152.2212,-1.2445],[-152.7147,-1.3833],[-152.9622,-1.4338],[-153.0927,-1.6715],[-153.3168,-1.7595]]}},{"type":"Feature","properties":{"id":458,"source":5204,"mouth":5385,"parent":3,"basin":90,"widthFactor":1.0,"sourceWidth":0.07,"discharge":64,"name":"Yeorough","type":"River"},"geometry":{"type":"LineString","coordinates":[[152.6931,9.8946],[152.978,9.4305],[153.4326,9.1142],[153.7515,8.6796],[153.7128,8.1585],[153.8938,7.6584],[153.8991,7.1415]]}},{"type":"Feature","properties":{"id":463,"source":1397,"mouth":1256,"parent":0,"basin":463,"widthFactor":1.2,"sourceWidth":0.05,"discharge":99,"name":"Darmouthin","type":"River"},"geometry":{"type":"LineString","coordinates":[[143.1126,41.8023],[142.847,42.2134],[142.4181,42.4697],[142.1199,42.8499],[141.7015,42.7304],[141.3856,42.4154],[140.9877,42.2568],[140.6357,42.4478],[140.224,42.4305],[139.86,42.5799],[139.5603,42.7213],[139.2223,42.6532],[138.915,42.7527],[138.5922,42.8717],[138.2469,42.7824],[137.9196,42.8598],[137.6211,43.112],[137.2258,43.1822],[136.908,43.398],[136.7664,43.8884],[136.4411,44.2921],[136.2627,44.7651]]}},{"type":"Feature","properties":{"id":464,"source":5923,"mouth":6588,"parent":0,"basin":464,"widthFactor":1.2,"sourceWidth":0.06,"discharge":600,"name":"Tutrinchet","type":"River"},"geometry":{"type":"LineString","coordinates":[[160.4187,4.9455],[160.75,4.5421],[161.228,4.3094],[161.5887,3.9402],[161.9981,3.9492],[162.3552,4.1727],[162.7542,4.2246],[163.0079,3.7751],[163.4298,3.4623],[163.7172,3.0402],[163.5092,2.734],[163.5002,2.3518],[163.332,2.0304],[163.7319,1.7965],[164.2031,1.7596],[164.6172,1.5651],[164.8357,1.8333],[164.8679,2.19],[165.0492,2.4759]]}},{"type":"Feature","properties":{"id":465,"source":2029,"mouth":2205,"parent":1011,"basin":1011,"widthFactor":1.0,"sourceWidth":0.06,"discharge":202,"name":"Creton","type":"Fork"},"geometry":{"type":"LineString","coordinates":[[151.6815,31.9167],[151.397,31.7863],[151.2315,31.5207],[150.8789,31.4567],[150.618,31.1919],[150.2838,31.0878],[150.1164,30.7644],[150.1597,30.39],[150.0345,30.0564],[149.8769,29.8009],[149.925,29.4897],[149.8086,29.223]]}},{"type":"Feature","properties":{"id":468,"source":5812,"mouth":5982,"parent":181,"basin":181,"widthFactor":1.0,"sourceWidth":0.06,"discharge":59,"name":"Botford","type":"Fork"},"geometry":{"type":"LineString","coordinates":[[-57.7251,5.3226],[-57.5433,5.0484],[-57.2152,4.9452],[-57.0042,4.7052],[-57.0463,4.1103],[-56.8684,3.5326],[-56.8665,2.9412]]}},{"type":"Feature","properties":{"id":469,"source":4872,"mouth":4316,"parent":0,"basin":469,"widthFactor":1.2,"sourceWidth":0.05,"discharge":164,"name":"Hacurytes","type":"River"},"geometry":{"type":"LineString","coordinates":[[-152.3781,10.4715],[-152.5298,10.9121],[-152.876,11.2397],[-153.0666,11.6577],[-153.084,11.926],[-153.3047,12.1085],[-153.3627,12.3597],[-153.4608,12.7597],[-153.7539,13.0649],[-153.891,13.446],[-154.0805,13.6963],[-154.3985,13.7768],[-154.6137,13.9932]]}},{"type":"Feature","properties":{"id":470,"source":11869,"mouth":12236,"parent":0,"basin":470,"widthFactor":1.2,"sourceWidth":0.06,"discharge":159,"name":"Draxted","type":"River"},"geometry":{"type":"LineString","coordinates":[[139.5549,-32.8221],[139.4839,-33.3411],[139.6377,-33.8519],[139.6116,-34.3692],[139.7987,-34.7169],[140.1518,-34.9191],[140.3721,-35.2377],[140.4142,-35.5867],[140.6585,-35.8574],[140.7411,-36.1908],[140.989,-36.4048],[141.3108,-36.4653],[141.7499,-36.4068],[142.1225,-36.1496],[142.5483,-36.0513]]}},{"type":"Feature","properties":{"id":471,"source":2768,"mouth":2511,"parent":1011,"basin":1011,"widthFactor":1.0,"sourceWidth":0.06,"discharge":62,"name":"Manchin","type":"Fork"},"geometry":{"type":"LineString","coordinates":[[148.9401,24.8796],[149.0241,25.1728],[148.8831,25.4613],[148.9221,25.7535],[148.7521,26.0168],[148.4379,26.1131],[148.239,26.343],[148.3612,26.6759],[148.2679,27.0315],[148.347,27.369]]}},{"type":"Feature","properties":{"id":472,"source":5534,"mouth":5353,"parent":264,"basin":264,"widthFactor":1.0,"sourceWidth":0.07,"discharge":72,"name":"Romney","type":"River"},"geometry":{"type":"LineString","coordinates":[[52.029,7.6626],[52.1843,7.921],[52.1209,8.2324],[52.2324,8.5014],[52.0252,8.958],[51.6362,9.2894],[51.3927,9.7209]]}},{"type":"Feature","properties":{"id":474,"source":5843,"mouth":5845,"parent":0,"basin":474,"widthFactor":1.2,"sourceWidth":0.06,"discharge":136,"name":"Portsted","type":"River"},"geometry":{"type":"LineString","coordinates":[[-24.7743,4.8654],[-24.3437,4.7587],[-23.9044,4.8768],[-23.472,4.815],[-23.0955,4.6533],[-22.6777,4.7084],[-22.293,4.59]]}},{"type":"Feature","properties":{"id":475,"source":10781,"mouth":10782,"parent":0,"basin":475,"widthFactor":1.2,"sourceWidth":0.05,"discharge":44,"name":"Westcking","type":"River"},"geometry":{"type":"LineString","coordinates":[[-62.1099,-24.8391],[-61.7941,-25.0304],[-61.4121,-25.0067],[-61.083,-25.155],[-60.6847,-25.2877],[-60.2622,-25.2011],[-59.859,-25.29]]}},{"type":"Feature","properties":{"id":476,"source":8930,"mouth":8932,"parent":0,"basin":476,"widthFactor":1.2,"sourceWidth":0.07,"discharge":60,"name":"Jeong","type":"River"},"geometry":{"type":"LineString","coordinates":[[-38.088,-12.3372],[-37.7225,-12.4663],[-37.3333,-12.3716],[-36.963,-12.456],[-36.8712,-12.9007],[-36.5761,-13.2596],[-36.4437,-13.6872]]}},{"type":"Feature","properties":{"id":477,"source":5776,"mouth":5596,"parent":1103,"basin":1103,"widthFactor":1.0,"sourceWidth":0.08,"discharge":90,"name":"Crafther","type":"Branch"},"geometry":{"type":"LineString","coordinates":[[-156.2553,5.0706],[-156.1365,5.4007],[-156.2419,5.7501],[-156.168,6.084],[-155.9396,6.3288],[-155.9065,6.6763],[-155.7171,6.9417]]}},{"type":"Feature","properties":{"id":479,"source":9288,"mouth":9447,"parent":0,"basin":479,"widthFactor":1.2,"sourceWidth":0.05,"discharge":60,"name":"Gimhang","type":"River"},"geometry":{"type":"LineString","coordinates":[[-41.3262,-14.436],[-41.4852,-14.919],[-41.4214,-15.4335],[-41.5359,-15.9228],[-41.4387,-16.2895],[-41.1472,-16.5517],[-41.0112,-16.8975]]}},{"type":"Feature","properties":{"id":480,"source":3618,"mouth":3616,"parent":0,"basin":480,"widthFactor":1.2,"sourceWidth":0.05,"discharge":50,"name":"Pilworth","type":"Brook"},"geometry":{"type":"LineString","coordinates":[[-162.9351,17.8002],[-163.3248,17.8929],[-163.716,17.7606],[-164.106,17.8083],[-164.3901,17.7867],[-164.5902,17.5611],[-164.8575,17.4987]]}},{"type":"Feature","properties":{"id":482,"source":11601,"mouth":11600,"parent":150,"basin":148,"widthFactor":1.0,"sourceWidth":0.05,"discharge":272,"name":"Crexewentef","type":"River"},"geometry":{"type":"MultiLineString","coordinates":[[[42.3868015764311,-32.130323390592665],[42.41823452776081,-32.26312058471617]],[[42.42764405363878,-32.30623549256673],[42.3324,-32.6061],[42.0926,-32.2368],[41.84839356589399,-32.10207821340352]],[[41.14979621122722,-31.17048958191138],[41.021,-31.058],[40.8735,-30.7152]]]}},{"type":"Feature","properties":{"id":490,"source":11008,"mouth":11647,"parent":0,"basin":490,"widthFactor":1.2,"sourceWidth":0.07,"discharge":232,"name":"Betbume","type":"River"},"geometry":{"type":"LineString","coordinates":[[157.6755,-25.5924],[157.2354,-25.5816],[156.8358,-25.7921],[156.4038,-25.8255],[155.9516,-25.7928],[155.5266,-25.9791],[155.0799,-25.9902],[154.6779,-26.2145],[154.4154,-26.6048],[154.0413,-26.8623],[153.7723,-27.3303],[153.7025,-27.874],[153.4734,-28.3572],[153.3099,-28.6524],[153.3087,-28.9899],[152.7881,-28.7749],[152.2175,-28.7599],[151.6869,-28.5849],[151.4973,-29.0186],[151.505,-29.5005],[151.3548,-29.9439],[151.2195,-30.3256],[151.2822,-30.7356],[151.1865,-31.1229],[150.9249,-31.4876],[150.8411,-31.9373],[150.615,-32.319]]}},{"type":"Feature","properties":{"id":491,"source":7279,"mouth":7473,"parent":0,"basin":491,"widthFactor":1.2,"sourceWidth":0.07,"discharge":205,"name":"Chilmond","type":"River"},"geometry":{"type":"LineString","coordinates":[[140.0157,-3.0879],[139.4778,-3.354],[139.0689,-3.8046],[138.5568,-4.1076],[138.2266,-4.1066],[137.943,-4.2759],[137.6017,-4.27],[137.3119,-4.4746],[136.9809,-4.5108],[136.3931,-4.2693],[135.7515,-4.234],[135.153,-4.0338],[134.8759,-3.7055],[134.4681,-3.541],[134.1648,-3.2454]]}},{"type":"Feature","properties":{"id":493,"source":3725,"mouth":3566,"parent":697,"basin":697,"widthFactor":1.0,"sourceWidth":0.04,"discharge":47,"name":"Horscom","type":"River"},"geometry":{"type":"LineString","coordinates":[[22.3938,17.5086],[22.5101,18.0239],[22.4017,18.5507],[22.473,19.0683],[22.4601,19.3424],[22.2417,19.5357],[22.1877,19.7937]]}},{"type":"Feature","properties":{"id":494,"source":11752,"mouth":11509,"parent":0,"basin":494,"widthFactor":1.2,"sourceWidth":0.06,"discharge":187,"name":"Cambridge","type":"River"},"geometry":{"type":"LineString","coordinates":[[138.8664,-32.3559],[138.5973,-32.2232],[138.2937,-32.3128],[138.0177,-32.2245],[137.9323,-31.7715],[137.6419,-31.4002],[137.5155,-30.9636],[137.2902,-30.6654],[136.9269,-30.5344],[136.674,-30.2697],[136.3148,-30.018],[135.8696,-29.9613],[135.4932,-29.7486]]}},{"type":"Feature","properties":{"id":495,"source":3727,"mouth":3420,"parent":0,"basin":495,"widthFactor":1.2,"sourceWidth":0.07,"discharge":224,"name":"Adingdony","type":"River"},"geometry":{"type":"LineString","coordinates":[[23.9013,17.3232],[24.0655,17.7241],[24.0082,18.1652],[24.1281,18.5742],[24.4552,18.7818],[24.6246,19.1439],[24.9201,19.3824],[25.2905,19.3144],[25.6499,19.4629],[26.0181,19.4382],[26.2694,19.8233],[26.3237,20.2897],[26.5356,20.691]]}},{"type":"Feature","properties":{"id":496,"source":3276,"mouth":3006,"parent":0,"basin":496,"widthFactor":1.2,"sourceWidth":0.05,"discharge":144,"name":"Ormster","type":"River"},"geometry":{"type":"LineString","coordinates":[[13.8591,20.9889],[14.282,21.2309],[14.5589,21.6442],[14.9526,21.9204],[15.0385,22.1425],[14.9037,22.3621],[14.9454,22.5837],[15.4205,22.7703],[15.7833,23.1422],[16.236,23.3658]]}},{"type":"Feature","properties":{"id":497,"source":4365,"mouth":4023,"parent":0,"basin":497,"widthFactor":1.2,"sourceWidth":0.06,"discharge":80,"name":"Chawbigton","type":"River"},"geometry":{"type":"LineString","coordinates":[[-39.0798,13.1868],[-38.9306,13.5621],[-39.0037,13.9719],[-38.8989,14.3541],[-39.1584,14.6347],[-39.5409,14.7321],[-39.825,14.976],[-39.9093,15.3489],[-40.1886,15.6273],[-40.3119,15.9813]]}},{"type":"Feature","properties":{"id":498,"source":5345,"mouth":4986,"parent":0,"basin":498,"widthFactor":1.2,"sourceWidth":0.07,"discharge":185,"name":"Baling","type":"River"},"geometry":{"type":"LineString","coordinates":[[43.8012,8.7975],[44.0473,8.8753],[44.1551,9.1306],[44.3736,9.2439],[44.2469,9.6752],[43.9247,10.004],[43.7589,10.4148],[43.9274,10.7338],[43.8854,11.105],[44.0118,11.4345]]}},{"type":"Feature","properties":{"id":499,"source":8342,"mouth":8340,"parent":0,"basin":499,"widthFactor":1.2,"sourceWidth":0.04,"discharge":86,"name":"Yeong","type":"River"},"geometry":{"type":"LineString","coordinates":[[-45.747,-9.0963],[-45.9861,-9.0787],[-46.1562,-9.2753],[-46.3815,-9.3006],[-46.8315,-9.2611],[-47.2575,-9.4411],[-47.7027,-9.4455],[-47.9233,-9.4175],[-48.0852,-9.5982],[-48.294,-9.612]]}},{"type":"Feature","properties":{"id":500,"source":5775,"mouth":5595,"parent":1103,"basin":1103,"widthFactor":1.0,"sourceWidth":0.06,"discharge":62,"name":"Bretheford","type":"Creek"},"geometry":{"type":"LineString","coordinates":[[-157.383,5.5746],[-157.1428,5.7146],[-157.0726,6.0019],[-156.8664,6.1713],[-156.7878,6.4988],[-156.9297,6.8198],[-156.8952,7.146]]}},{"type":"Feature","properties":{"id":501,"source":2395,"mouth":2393,"parent":1011,"basin":1011,"widthFactor":1.0,"sourceWidth":0.06,"discharge":65,"name":"Bingtonbury","type":"Branch"},"geometry":{"type":"LineString","coordinates":[[151.6653,27.9522],[151.4183,28.1799],[151.0688,28.2074],[150.8013,28.395],[150.4683,28.531],[150.1045,28.4485],[149.7654,28.5408]]}},{"type":"Feature","properties":{"id":503,"source":8146,"mouth":7947,"parent":0,"basin":503,"widthFactor":1.2,"sourceWidth":0.07,"discharge":94,"name":"Hamyangjin","type":"Creek"},"geometry":{"type":"LineString","coordinates":[[-45.8208,-8.3367],[-45.9368,-7.936],[-46.2503,-7.643],[-46.4058,-7.2639],[-46.4048,-6.9676],[-46.6148,-6.7363],[-46.656,-6.453]]}},{"type":"Feature","properties":{"id":505,"source":5141,"mouth":5318,"parent":0,"basin":505,"widthFactor":1.2,"sourceWidth":0.1,"discharge":92,"name":"Paignseytes","type":"Stream"},"geometry":{"type":"LineString","coordinates":[[20.0772,9.4743],[19.9818,9.0958],[20.1114,8.7141],[20.061,8.3349],[19.9231,8.1288],[20.0002,7.8732],[19.9053,7.6572]]}},{"type":"Feature","properties":{"id":506,"source":9938,"mouth":10097,"parent":0,"basin":506,"widthFactor":1.2,"sourceWidth":0.05,"discharge":50,"name":"Sherslegole","type":"River"},"geometry":{"type":"LineString","coordinates":[[-26.6463,-18.8991],[-26.4686,-19.1987],[-26.1336,-19.3373],[-25.9245,-19.6047],[-25.9047,-19.8728],[-25.6824,-20.0534],[-25.6221,-20.304]]}},{"type":"Feature","properties":{"id":507,"source":9954,"mouth":9956,"parent":1013,"basin":1013,"widthFactor":1.0,"sourceWidth":0.06,"discharge":78,"name":"Seacury","type":"Fork"},"geometry":{"type":"LineString","coordinates":[[39.9915,-18.4356],[40.2216,-18.5468],[40.472,-18.434],[40.7061,-18.5004],[40.9789,-18.0773],[41.0482,-17.569],[41.2803,-17.1288]]}},{"type":"Feature","properties":{"id":508,"source":8186,"mouth":8377,"parent":0,"basin":508,"widthFactor":1.2,"sourceWidth":0.07,"discharge":113,"name":"Horndone","type":"Creek"},"geometry":{"type":"LineString","coordinates":[[23.076,-8.811],[22.9161,-8.9662],[22.923,-9.189],[22.8467,-9.6682],[22.9911,-10.1419],[22.959,-10.62]]}},{"type":"Feature","properties":{"id":510,"source":9955,"mouth":9805,"parent":510,"basin":510,"widthFactor":1.2,"sourceWidth":0.06,"discharge":276,"name":"Ashetford","type":"River"},"geometry":{"type":"LineString","coordinates":[[39.501,-19.053],[39.1381,-18.9624],[38.7749,-19.0968],[38.412,-19.0512],[38.4143,-18.646],[38.2009,-18.2878],[38.16,-17.892],[38.3309,-17.7021],[38.301,-17.4305],[38.4318,-17.2242],[38.344,-16.9175],[38.0745,-16.722],[37.9503,-16.4376]]}},{"type":"Feature","properties":{"id":513,"source":2842,"mouth":2574,"parent":0,"basin":513,"widthFactor":1.2,"sourceWidth":0.1,"discharge":120,"name":"Preston","type":"River"},"geometry":{"type":"LineString","coordinates":[[-23.8905,24.2748],[-23.9185,24.5216],[-24.1457,24.6637],[-24.2136,24.8895],[-24.2253,25.2869],[-24.4507,25.629],[-24.5052,26.0154],[-24.2198,26.354],[-24.1244,26.7971],[-23.877,27.1566]]}},{"type":"Feature","properties":{"id":514,"source":2523,"mouth":2524,"parent":552,"basin":125,"widthFactor":1.0,"sourceWidth":0.05,"discharge":42,"name":"Extedmouth","type":"River"},"geometry":{"type":"LineString","coordinates":[[159.1659,27.2862],[159.4041,27.0059],[159.7728,26.9088],[160.0371,26.6652],[160.6814,26.7359],[161.272,27.0206],[161.9055,27.1341]]}},{"type":"Feature","properties":{"id":515,"source":1482,"mouth":1352,"parent":0,"basin":515,"widthFactor":1.2,"sourceWidth":0.07,"discharge":270,"name":"Agelterton","type":"River"},"geometry":{"type":"LineString","coordinates":[[159.1191,40.4793],[159.1571,40.8354],[158.9726,41.1585],[158.9661,41.508],[159.5902,41.3359],[160.2433,41.3826],[160.8732,41.2542],[161.2053,41.3345],[161.4347,41.6056],[161.7462,41.724],[162.0791,41.7448],[162.3448,41.9678],[162.6642,42.0291],[162.9314,42.1033],[163.107,42.318],[163.4619,42.4565],[163.702,42.7663],[164.034,42.939]]}},{"type":"Feature","properties":{"id":516,"source":3697,"mouth":3873,"parent":0,"basin":516,"widthFactor":1.2,"sourceWidth":0.06,"discharge":308,"name":"Westham","type":"River"},"geometry":{"type":"LineString","coordinates":[[-26.6589,17.6274],[-26.2456,17.8749],[-25.982,18.2904],[-25.5987,18.5715],[-25.3497,18.3174],[-25.0092,18.2142],[-24.9694,17.6228],[-24.7178,17.0774],[-24.6357,16.4952],[-24.2114,16.4672],[-23.8159,16.6502],[-23.3973,16.6644],[-23.0448,16.5327],[-22.6645,16.6087],[-22.3065,16.5186]]}},{"type":"Feature","properties":{"id":517,"source":3723,"mouth":3146,"parent":0,"basin":517,"widthFactor":1.2,"sourceWidth":0.07,"discharge":96,"name":"Rockerpor","type":"River"},"geometry":{"type":"LineString","coordinates":[[20.4993,17.5104],[20.4966,17.9722],[20.2734,18.3888],[20.2266,18.8415],[20.1413,19.2855],[19.8515,19.6463],[19.7253,20.0736],[19.7288,20.5603],[19.5188,21.01],[19.4796,21.4893],[19.6894,21.9201],[19.6942,22.4086],[19.863,22.851]]}},{"type":"Feature","properties":{"id":519,"source":3392,"mouth":3701,"parent":0,"basin":519,"widthFactor":1.2,"sourceWidth":0.06,"discharge":142,"name":"Quathe","type":"River"},"geometry":{"type":"LineString","coordinates":[[-24.4926,19.5948],[-24.5868,19.1742],[-24.456,18.7514],[-24.5052,18.3303],[-24.2807,18.0236],[-23.9132,17.8851],[-23.6601,17.6121],[-23.2639,17.5633],[-22.8885,17.7302],[-22.4964,17.7246],[-22.3273,17.4058],[-21.9989,17.2285],[-21.798,16.938]]}},{"type":"Feature","properties":{"id":520,"source":7901,"mouth":7903,"parent":0,"basin":520,"widthFactor":1.2,"sourceWidth":0.04,"discharge":68,"name":"Roclestow","type":"River"},"geometry":{"type":"LineString","coordinates":[[-161.9172,-7.533],[-161.4464,-7.5474],[-161.0118,-7.3398],[-160.5483,-7.3098],[-160.2452,-7.2124],[-160.0653,-6.9318],[-159.7869,-6.7977],[-159.2562,-6.61],[-158.8283,-6.2315],[-158.3181,-6.0057]]}},{"type":"Feature","properties":{"id":521,"source":5486,"mouth":5668,"parent":0,"basin":521,"widthFactor":1.2,"sourceWidth":0.05,"discharge":109,"name":"Thaxted","type":"River"},"geometry":{"type":"LineString","coordinates":[[-24.9174,7.533],[-24.3943,7.4722],[-23.8837,7.6361],[-23.3631,7.6203],[-23.1633,7.1654],[-22.7805,6.8337],[-22.5441,6.4035],[-22.3667,6.1381],[-22.0486,6.0375],[-21.843,5.805]]}},{"type":"Feature","properties":{"id":522,"source":4819,"mouth":4626,"parent":0,"basin":522,"widthFactor":1.2,"sourceWidth":0.05,"discharge":57,"name":"Thaxningdon","type":"River"},"geometry":{"type":"LineString","coordinates":[[135.0729,11.6577],[135.0194,12.0432],[134.7562,12.347],[134.6607,12.7161],[134.2933,12.7353],[133.9676,12.5378],[133.6086,12.5136],[133.3538,12.718],[133.013,12.7234],[132.741,12.888]]}},{"type":"Feature","properties":{"id":524,"source":7384,"mouth":7190,"parent":0,"basin":524,"widthFactor":1.2,"sourceWidth":0.06,"discharge":96,"name":"Seungsu","type":"Creek"},"geometry":{"type":"LineString","coordinates":[[-41.6286,-3.8034],[-41.7743,-3.5773],[-42.03,-3.4938],[-41.9613,-3.0593],[-42.1131,-2.6348],[-42.0885,-2.2023]]}},{"type":"Feature","properties":{"id":525,"source":3621,"mouth":3473,"parent":0,"basin":525,"widthFactor":1.2,"sourceWidth":0.06,"discharge":83,"name":"Anwichambe","type":"River"},"geometry":{"type":"LineString","coordinates":[[-160.1928,18.0621],[-159.9527,18.0952],[-159.8239,18.3238],[-159.606,18.396],[-159.4269,17.9816],[-159.0663,17.6927],[-158.8509,17.3034]]}},{"type":"Feature","properties":{"id":526,"source":9995,"mouth":9844,"parent":0,"basin":526,"widthFactor":1.2,"sourceWidth":0.06,"discharge":81,"name":"Marlbor","type":"Creek"},"geometry":{"type":"LineString","coordinates":[[138.2121,-18.5004],[137.9779,-18.3019],[137.6549,-18.3101],[137.403,-18.153],[137.1764,-17.8852],[136.8226,-17.7979],[136.5705,-17.5662]]}},{"type":"Feature","properties":{"id":529,"source":6960,"mouth":6787,"parent":0,"basin":529,"widthFactor":1.2,"sourceWidth":0.05,"discharge":81,"name":"Botesbury","type":"River"},"geometry":{"type":"LineString","coordinates":[[-152.1009,-2.4417],[-152.1248,-2.2216],[-152.3432,-2.1145],[-152.406,-1.917],[-152.6946,-1.7775],[-153.0207,-1.8555],[-153.3168,-1.7595]]}},{"type":"Feature","properties":{"id":530,"source":7998,"mouth":7996,"parent":15,"basin":15,"widthFactor":1.0,"sourceWidth":0.08,"discharge":127,"name":"Holtonden","type":"Brook"},"geometry":{"type":"LineString","coordinates":[[36.441,-7.2315],[36.1668,-7.2677],[35.9931,-7.5052],[35.739,-7.5816],[35.8024,-7.8639],[36.0561,-8.0345],[36.1575,-8.2944]]}},{"type":"Feature","properties":{"id":531,"source":12830,"mouth":12902,"parent":0,"basin":531,"widthFactor":1.2,"sourceWidth":0.07,"discharge":155,"name":"Peridfordbu","type":"River"},"geometry":{"type":"LineString","coordinates":[[40.68,-42.822],[40.5257,-42.9972],[40.5846,-43.2444],[40.473,-43.434],[40.2654,-43.3748],[40.0893,-43.5341],[39.888,-43.5186],[39.7534,-43.8312],[39.8331,-44.176],[39.7413,-44.4951]]}},{"type":"Feature","properties":{"id":532,"source":12829,"mouth":12831,"parent":0,"basin":532,"widthFactor":1.2,"sourceWidth":0.09,"discharge":120,"name":"Brasdontale","type":"Brook"},"geometry":{"type":"LineString","coordinates":[[40.2993,-42.2955],[40.1459,-42.4693],[40.2058,-42.7148],[40.095,-42.903],[39.6579,-42.887],[39.2575,-43.0887],[38.8278,-43.1163]]}},{"type":"Feature","properties":{"id":539,"source":11373,"mouth":10977,"parent":539,"basin":539,"widthFactor":1.2,"sourceWidth":0.08,"discharge":154,"name":"Bampoundge","type":"River"},"geometry":{"type":"LineString","coordinates":[[53.1072,-28.6596],[53.5185,-28.7221],[53.8,-28.3561],[54.1854,-28.3329],[54.4965,-28.0281],[54.5129,-27.5681],[54.765,-27.2322],[55.0725,-26.9931],[55.1385,-26.5875],[55.3977,-26.3151],[55.5343,-25.867],[55.3992,-25.4022],[55.4814,-24.9507]]}},{"type":"Feature","properties":{"id":549,"source":5305,"mouth":5125,"parent":32,"basin":32,"widthFactor":1.0,"sourceWidth":0.06,"discharge":57,"name":"Stapseade","type":"Fork"},"geometry":{"type":"LineString","coordinates":[[-25.668,8.1432],[-25.4272,8.4146],[-25.3864,8.789],[-25.1856,9.081],[-25.376,9.5827],[-25.7571,9.9732],[-25.9857,10.4526]]}},{"type":"Feature","properties":{"id":552,"source":2402,"mouth":2403,"parent":125,"basin":125,"widthFactor":1.0,"sourceWidth":0.09,"discharge":101,"name":"Wickleighes","type":"Fork"},"geometry":{"type":"LineString","coordinates":[[159.858,27.6867],[160.0915,27.6397],[160.2828,27.8137],[160.5078,27.8109],[160.9352,27.5058],[161.4588,27.3994],[161.9055,27.1341]]}},{"type":"Feature","properties":{"id":553,"source":5394,"mouth":5757,"parent":623,"basin":623,"widthFactor":1.0,"sourceWidth":0.05,"discharge":71,"name":"Waton","type":"River"},"geometry":{"type":"LineString","coordinates":[[163.6317,8.4366],[163.8236,8.0625],[164.189,7.8316],[164.4156,7.4862],[164.376,6.9909],[164.5561,6.5174],[164.5605,6.0264],[164.8015,5.7444],[165.1698,5.6379],[165.4362,5.391]]}},{"type":"Feature","properties":{"id":556,"source":7133,"mouth":7524,"parent":0,"basin":556,"widthFactor":1.2,"sourceWidth":0.05,"discharge":74,"name":"Rothbury","type":"River"},"geometry":{"type":"LineString","coordinates":[[-162.2745,-3.2805],[-162.0856,-3.5092],[-161.7749,-3.5487],[-161.5617,-3.7395],[-161.4524,-4.052],[-161.1618,-4.2387],[-161.0163,-4.5261],[-160.6439,-4.8002],[-160.178,-4.8788],[-159.7869,-5.1138],[-159.3415,-5.4839],[-158.7856,-5.672],[-158.3181,-6.0057]]}},{"type":"Feature","properties":{"id":557,"source":8095,"mouth":8683,"parent":0,"basin":557,"widthFactor":1.2,"sourceWidth":0.1,"discharge":216,"name":"Wargtondon","type":"River"},"geometry":{"type":"LineString","coordinates":[[-162.5112,-8.3304],[-162.1986,-8.626],[-161.769,-8.7294],[-161.433,-8.9865],[-161.4028,-9.5315],[-161.1571,-10.0288],[-161.0838,-10.5642],[-161.3108,-10.9019],[-161.3363,-11.3194],[-161.523,-11.673],[-161.5998,-12.0222],[-161.4636,-12.3662],[-161.4978,-12.7143]]}},{"type":"Feature","properties":{"id":558,"source":1576,"mouth":1575,"parent":412,"basin":1353,"widthFactor":1.0,"sourceWidth":0.04,"discharge":58,"name":"Pickere","type":"Branch"},"geometry":{"type":"LineString","coordinates":[[-154.8792,38.529],[-155.1541,38.5211],[-155.3493,38.3027],[-155.6082,38.2527],[-155.8096,38.1941],[-155.866,37.9692],[-156.0384,37.8774]]}},{"type":"Feature","properties":{"id":559,"source":1692,"mouth":1629,"parent":0,"basin":559,"widthFactor":1.2,"sourceWidth":0.06,"discharge":144,"name":"Padsbury","type":"River"},"geometry":{"type":"LineString","coordinates":[[165.69,37.0449],[166.1121,37.2347],[166.4037,37.6078],[166.7997,37.8342],[167.2724,37.9267],[167.6636,38.2244],[168.12,38.358],[168.4036,38.2673],[168.6897,38.3499],[168.8847,38.1845],[169.1555,38.2181],[169.3656,38.0925]]}},{"type":"Feature","properties":{"id":560,"source":4135,"mouth":4309,"parent":0,"basin":560,"widthFactor":1.2,"sourceWidth":0.06,"discharge":160,"name":"Bitonden","type":"River"},"geometry":{"type":"LineString","coordinates":[[-160.956,15.0678],[-160.6544,14.7698],[-160.2323,14.6618],[-159.9066,14.4018],[-159.5807,14.1366],[-159.1546,14.0679],[-158.8086,13.842],[-158.2236,13.9113],[-157.6956,14.1898],[-157.122,14.301]]}},{"type":"Feature","properties":{"id":561,"source":5307,"mouth":5130,"parent":0,"basin":561,"widthFactor":1.2,"sourceWidth":0.05,"discharge":127,"name":"Eringmover","type":"River"},"geometry":{"type":"LineString","coordinates":[[-23.7042,8.433],[-23.4198,8.3208],[-23.1181,8.4329],[-22.8303,8.3655],[-22.479,8.2938],[-22.1382,8.4426],[-21.789,8.415],[-21.5679,8.4172],[-21.4338,8.6179],[-21.2301,8.6598]]}},{"type":"Feature","properties":{"id":562,"source":8686,"mouth":9066,"parent":0,"basin":562,"widthFactor":1.2,"sourceWidth":0.05,"discharge":100,"name":"Bitonwich","type":"River"},"geometry":{"type":"LineString","coordinates":[[-158.8293,-11.5983],[-158.5893,-11.8482],[-158.2331,-11.9054],[-157.9698,-12.1167],[-157.6495,-12.5287],[-157.1804,-12.7777],[-156.8304,-13.1571],[-156.4176,-13.2596],[-155.9965,-13.1456],[-155.5821,-13.2048]]}},{"type":"Feature","properties":{"id":563,"source":4132,"mouth":3952,"parent":0,"basin":563,"widthFactor":1.2,"sourceWidth":0.06,"discharge":58,"name":"Penkburgh","type":"River"},"geometry":{"type":"LineString","coordinates":[[-164.1645,14.2047],[-164.3984,14.7215],[-164.82,15.1141],[-165.0915,15.606],[-165.2521,15.9212],[-165.5782,16.0904],[-165.7719,16.3764]]}},{"type":"Feature","properties":{"id":564,"source":9718,"mouth":9720,"parent":0,"basin":564,"widthFactor":1.2,"sourceWidth":0.06,"discharge":60,"name":"Trering","type":"River"},"geometry":{"type":"LineString","coordinates":[[169.8795,-16.8453],[170.0488,-16.9688],[170.2598,-16.8713],[170.4375,-16.9506],[170.6729,-17.1093],[170.9686,-17.0557],[171.216,-17.172],[171.5375,-16.942],[171.6973,-16.5677],[171.9864,-16.3089]]}},{"type":"Feature","properties":{"id":565,"source":10642,"mouth":10496,"parent":0,"basin":565,"widthFactor":1.2,"sourceWidth":0.08,"discharge":113,"name":"Galistowbo","type":"Brook"},"geometry":{"type":"LineString","coordinates":[[-64.269,-24.057],[-64.3541,-23.7433],[-64.6315,-23.5463],[-64.755,-23.256],[-65.0775,-23.0583],[-65.4682,-23.0706],[-65.8044,-22.9149]]}},{"type":"Feature","properties":{"id":566,"source":5886,"mouth":5719,"parent":0,"basin":566,"widthFactor":1.2,"sourceWidth":0.06,"discharge":128,"name":"Horstomyard","type":"River"},"geometry":{"type":"LineString","coordinates":[[54.0954,5.292],[54.5801,5.3533],[54.996,5.6288],[55.467,5.733],[55.8095,5.5659],[56.2002,5.6141],[56.5524,5.49]]}},{"type":"Feature","properties":{"id":568,"source":5667,"mouth":5844,"parent":0,"basin":568,"widthFactor":1.2,"sourceWidth":0.06,"discharge":100,"name":"Malington","type":"Creek"},"geometry":{"type":"LineString","coordinates":[[-23.598,5.9454],[-23.5043,5.6455],[-23.2241,5.4714],[-23.0931,5.1966],[-22.78,5.1502],[-22.4967,5.3225],[-22.1895,5.3199]]}},{"type":"Feature","properties":{"id":579,"source":11966,"mouth":11855,"parent":579,"basin":579,"widthFactor":1.2,"sourceWidth":0.12,"discharge":417,"name":"Hatforden","type":"River"},"geometry":{"type":"LineString","coordinates":[[53.505,-34.3611],[53.5312,-34.681],[53.9074,-34.7216],[54.0036,-34.9857],[54.3452,-35.1039],[54.675,-34.956],[55.0179,-35.0551],[55.3482,-34.92],[55.4337,-34.6227],[55.2477,-34.3471],[55.2789,-34.0542],[55.5094,-33.9477],[55.584,-33.705],[55.6827,-33.3256],[55.5324,-32.9467],[55.5813,-32.5674],[55.8311,-32.9019],[56.2357,-33.0511],[56.5164,-33.3486],[56.7929,-33.2861],[56.9444,-33.0244],[57.1959,-32.922],[57.5195,-32.6492],[57.6604,-32.2371],[57.9474,-31.9365]]}},{"type":"Feature","properties":{"id":581,"source":8840,"mouth":9197,"parent":71,"basin":71,"widthFactor":1.0,"sourceWidth":0.09,"discharge":145,"name":"Dunster","type":"River"},"geometry":{"type":"LineString","coordinates":[[146.2104,-11.2923],[145.7012,-11.5231],[145.3167,-11.9412],[144.8325,-12.2094],[144.5017,-12.4362],[144.3327,-12.813],[144.0342,-13.0698],[143.6383,-13.2007],[143.3517,-13.5188],[142.9776,-13.6872]]}},{"type":"Feature","properties":{"id":584,"source":7321,"mouth":6768,"parent":0,"basin":584,"widthFactor":1.2,"sourceWidth":0.05,"discharge":138,"name":"Persford","type":"River"},"geometry":{"type":"LineString","coordinates":[[-163.6911,-3.9168],[-163.8127,-3.4772],[-164.1351,-3.1391],[-164.2968,-2.7198],[-164.5846,-2.2802],[-165.0341,-1.9908],[-165.3543,-1.5813],[-165.5723,-1.3506],[-165.879,-1.269],[-165.8912,-0.779],[-166.1122,-0.3312],[-166.1661,0.1503]]}},{"type":"Feature","properties":{"id":585,"source":3559,"mouth":3560,"parent":186,"basin":186,"widthFactor":1.0,"sourceWidth":0.1,"discharge":93,"name":"Grantham","type":"Branch"},"geometry":{"type":"LineString","coordinates":[[15.2685,19.1358],[15.5186,18.9448],[15.8484,18.9643],[16.1145,18.8154],[16.2907,18.6748],[16.5259,18.7469],[16.7139,18.6489]]}},{"type":"Feature","properties":{"id":586,"source":6263,"mouth":6264,"parent":274,"basin":464,"widthFactor":1.0,"sourceWidth":0.05,"discharge":58,"name":"Petonsey","type":"Brook"},"geometry":{"type":"LineString","coordinates":[[161.7669,3.1401],[162.147,2.9432],[162.5863,2.9633],[162.9783,2.8098],[163.0158,2.5135],[163.2543,2.3084],[163.332,2.0304]]}},{"type":"Feature","properties":{"id":587,"source":12016,"mouth":12128,"parent":0,"basin":587,"widthFactor":1.2,"sourceWidth":0.05,"discharge":184,"name":"Prescom","type":"River"},"geometry":{"type":"LineString","coordinates":[[157.1265,-34.3917],[157.2395,-34.722],[157.5395,-34.927],[157.6899,-35.2323],[157.1199,-35.4377],[156.6542,-35.8376],[156.105,-36.0819],[155.8916,-35.6262],[155.5007,-35.295],[155.2518,-34.8642],[154.7379,-35.0654],[154.3313,-35.4506],[153.8388,-35.6886],[153.5926,-35.5124],[153.2764,-35.5337],[153.0162,-35.397]]}},{"type":"Feature","properties":{"id":590,"source":7522,"mouth":7716,"parent":0,"basin":590,"widthFactor":1.2,"sourceWidth":0.04,"discharge":80,"name":"Modminbeck","type":"River"},"geometry":{"type":"LineString","coordinates":[[-161.8641,-4.8582],[-161.3863,-5.1461],[-160.825,-5.225],[-160.3305,-5.4711],[-160.3322,-5.7301],[-160.1676,-5.9301],[-159.5546,-6.0419],[-158.9328,-5.9372],[-158.3181,-6.0057]]}},{"type":"Feature","properties":{"id":591,"source":11872,"mouth":12106,"parent":0,"basin":591,"widthFactor":1.2,"sourceWidth":0.06,"discharge":82,"name":"Taveterwick","type":"River"},"geometry":{"type":"LineString","coordinates":[[142.4025,-33.0426],[142.3249,-33.3285],[142.4721,-33.6046],[142.4394,-33.8886],[142.5343,-34.3081],[142.8299,-34.6358],[142.965,-35.037],[142.8606,-35.2529],[142.9722,-35.4863],[142.911,-35.7057]]}},{"type":"Feature","properties":{"id":592,"source":2224,"mouth":2311,"parent":0,"basin":592,"widthFactor":1.2,"sourceWidth":0.06,"discharge":96,"name":"Westcking","type":"River"},"geometry":{"type":"LineString","coordinates":[[168.7104,30.6918],[169.1479,30.236],[169.7239,29.9575],[170.1891,29.5371],[170.6774,29.6155],[171.0924,29.9021],[171.5661,30.0222]]}},{"type":"Feature","properties":{"id":593,"source":8300,"mouth":8489,"parent":0,"basin":593,"widthFactor":1.2,"sourceWidth":0.05,"discharge":111,"name":"Wickleighes","type":"River"},"geometry":{"type":"LineString","coordinates":[[-164.8296,-8.9982],[-165.134,-9.4004],[-165.2376,-9.9041],[-165.5019,-10.3266],[-165.4737,-10.6655],[-165.2378,-10.9296],[-165.168,-11.2536]]}},{"type":"Feature","properties":{"id":595,"source":9450,"mouth":9448,"parent":0,"basin":595,"widthFactor":1.2,"sourceWidth":0.06,"discharge":67,"name":"Nampyeon","type":"Creek"},"geometry":{"type":"LineString","coordinates":[[-39.9861,-15.4206],[-40.349,-15.5984],[-40.5704,-15.9512],[-40.905,-16.164],[-41.0278,-16.3958],[-40.9321,-16.6593],[-41.0112,-16.8975]]}},{"type":"Feature","properties":{"id":596,"source":9320,"mouth":9483,"parent":1013,"basin":1013,"widthFactor":1.0,"sourceWidth":0.08,"discharge":151,"name":"Horsted","type":"River"},"geometry":{"type":"LineString","coordinates":[[42.003,-14.598],[41.7668,-14.716],[41.661,-14.958],[41.526,-15.1296],[41.562,-15.345],[41.4083,-15.5842],[41.4641,-15.8794],[41.3523,-16.1298]]}},{"type":"Feature","properties":{"id":598,"source":6672,"mouth":6673,"parent":0,"basin":598,"widthFactor":1.2,"sourceWidth":0.06,"discharge":100,"name":"Chawboreley","type":"Stream"},"geometry":{"type":"LineString","coordinates":[[-25.362,0.3258],[-25.1113,0.2038],[-24.8326,0.3051],[-24.5763,0.2277],[-24.3564,-0.1338],[-23.976,-0.3438],[-23.724,-0.675]]}},{"type":"Feature","properties":{"id":599,"source":12922,"mouth":12996,"parent":599,"basin":599,"widthFactor":1.2,"sourceWidth":0.07,"discharge":320,"name":"Horscom","type":"River"},"geometry":{"type":"LineString","coordinates":[[50.4297,-43.1703],[50.6852,-43.3658],[51.0057,-43.3935],[51.3188,-43.5047],[51.6479,-43.3957],[51.9642,-43.4628],[51.9642,-43.4628],[52.1641,-43.7612],[52.5078,-43.9024],[52.7364,-44.1693],[53.0156,-44.3892],[53.382,-44.4186],[53.6787,-44.6004]]}},{"type":"Feature","properties":{"id":600,"source":9949,"mouth":9947,"parent":0,"basin":600,"widthFactor":1.2,"sourceWidth":0.05,"discharge":76,"name":"Cretownver","type":"Creek"},"geometry":{"type":"LineString","coordinates":[[37.323,-18.477],[37.1441,-18.3603],[36.9332,-18.4663],[36.7479,-18.3942],[36.5539,-18.1861],[36.2532,-18.1712],[36.0378,-18.0018]]}},{"type":"Feature","properties":{"id":601,"source":9802,"mouth":9801,"parent":0,"basin":601,"widthFactor":1.2,"sourceWidth":0.06,"discharge":88,"name":"Aldock","type":"Brook"},"geometry":{"type":"LineString","coordinates":[[37.332,-18.297],[37.1833,-18.1279],[36.9391,-18.1625],[36.7713,-18.0342],[36.5307,-17.9352],[36.2804,-18.0567],[36.0378,-18.0018]]}},{"type":"Feature","properties":{"id":623,"source":5574,"mouth":6095,"parent":0,"basin":623,"widthFactor":1.2,"sourceWidth":0.08,"discharge":277,"name":"Dunscom","type":"River"},"geometry":{"type":"LineString","coordinates":[[163.5795,7.1325],[163.5523,6.7585],[163.7469,6.4225],[163.764,6.0561],[163.8951,5.8275],[164.1411,5.733],[164.5507,5.5352],[165.0156,5.5469],[165.4362,5.391],[165.36,5.0533],[165.4968,4.7213],[165.4632,4.3848],[165.6876,4.2262],[165.975,4.2676],[166.212,4.149],[166.1855,3.867],[166.361,3.6263],[166.3749,3.3525]]}},{"type":"Feature","properties":{"id":624,"source":3537,"mouth":3103,"parent":0,"basin":624,"widthFactor":1.2,"sourceWidth":0.09,"discharge":196,"name":"Caltondalbo","type":"River"},"geometry":{"type":"LineString","coordinates":[[-29.6352,18.4167],[-30.0129,18.7519],[-30.5076,18.8949],[-30.9087,19.1916],[-30.8319,19.5006],[-30.9756,19.8014],[-30.9429,20.1087],[-30.7545,20.4756],[-30.7754,20.8988],[-30.6288,21.2769],[-30.8757,21.6968],[-31.2846,21.9782],[-31.5639,22.3704],[-31.5754,22.6749],[-31.7861,22.9142],[-31.8375,23.2056]]}},{"type":"Feature","properties":{"id":626,"source":5942,"mouth":5938,"parent":0,"basin":626,"widthFactor":1.2,"sourceWidth":0.06,"discharge":69,"name":"Searen","type":"River"},"geometry":{"type":"LineString","coordinates":[[-163.1223,4.1715],[-163.5642,4.1076],[-164.0256,4.1866],[-164.4825,4.0449],[-164.943,4.0797],[-165.3321,4.2852],[-165.7827,4.2829],[-166.1841,4.4469],[-166.5562,4.4273],[-166.8688,4.2032],[-167.229,4.1427],[-167.4482,4.297],[-167.7284,4.2508],[-167.9598,4.365]]}},{"type":"Feature","properties":{"id":627,"source":4862,"mouth":4866,"parent":1103,"basin":1103,"widthFactor":1.0,"sourceWidth":0.05,"discharge":52,"name":"Southfield","type":"Fork"},"geometry":{"type":"LineString","coordinates":[[-160.3971,10.9287],[-160.3357,10.6362],[-160.0783,10.454],[-159.9777,10.1835],[-159.709,9.9419],[-159.3373,9.8955],[-159.048,9.693],[-158.8534,9.6021],[-158.6541,9.7279],[-158.4585,9.6804]]}},{"type":"Feature","properties":{"id":628,"source":5593,"mouth":5414,"parent":1103,"basin":1103,"widthFactor":1.0,"sourceWidth":0.06,"discharge":52,"name":"Newbover","type":"River"},"geometry":{"type":"LineString","coordinates":[[-158.7033,5.8824],[-158.459,6.3796],[-158.4302,6.9418],[-158.229,7.452],[-157.835,7.5369],[-157.5335,7.8221],[-157.158,7.947]]}},{"type":"Feature","properties":{"id":629,"source":6945,"mouth":6770,"parent":0,"basin":629,"widthFactor":1.2,"sourceWidth":0.05,"discharge":45,"name":"Norden","type":"River"},"geometry":{"type":"LineString","coordinates":[[-164.0016,-1.8423],[-164.256,-1.5616],[-164.6364,-1.4674],[-164.916,-1.224],[-165.0379,-0.6755],[-165.365,-0.2082],[-165.528,0.324]]}},{"type":"Feature","properties":{"id":630,"source":3457,"mouth":3325,"parent":0,"basin":630,"widthFactor":1.2,"sourceWidth":0.07,"discharge":72,"name":"Bucham","type":"River"},"geometry":{"type":"LineString","coordinates":[[162.9459,20.1438],[163.1664,20.2231],[163.2354,20.4687],[163.4256,20.5812],[163.7896,20.7541],[164.0176,21.1008],[164.3544,21.3084]]}},{"type":"Feature","properties":{"id":631,"source":4321,"mouth":4149,"parent":0,"basin":631,"widthFactor":1.2,"sourceWidth":0.09,"discharge":117,"name":"Chinwich","type":"River"},"geometry":{"type":"LineString","coordinates":[[-148.5693,13.4307],[-148.0063,13.6985],[-147.5683,14.1533],[-147.0303,14.4585],[-146.6544,14.339],[-146.2605,14.4395],[-145.881,14.364]]}},{"type":"Feature","properties":{"id":636,"source":12676,"mouth":12675,"parent":0,"basin":636,"widthFactor":1.2,"sourceWidth":0.07,"discharge":98,"name":"Witryme","type":"Creek"},"geometry":{"type":"LineString","coordinates":[[38.853,-40.239],[38.6116,-40.1654],[38.3857,-40.3163],[38.1474,-40.2876],[37.7756,-40.3623],[37.4963,-40.6373],[37.143,-40.752]]}},{"type":"Feature","properties":{"id":637,"source":12208,"mouth":12211,"parent":914,"basin":914,"widthFactor":1.0,"sourceWidth":0.05,"discharge":42,"name":"Falisbury","type":"River"},"geometry":{"type":"LineString","coordinates":[[53.4042,-36.3339],[53.3745,-36.5837],[53.563,-36.7783],[53.577,-37.017],[52.9827,-37.1657],[52.4724,-37.5186],[51.8949,-37.7082]]}},{"type":"Feature","properties":{"id":638,"source":12677,"mouth":12678,"parent":0,"basin":638,"widthFactor":1.2,"sourceWidth":0.07,"discharge":123,"name":"Uxbrokema","type":"Brook"},"geometry":{"type":"LineString","coordinates":[[38.691,-40.464],[38.575,-40.6258],[38.637,-40.815],[38.3605,-41.0587],[38.2653,-41.4282],[38.025,-41.697]]}},{"type":"Feature","properties":{"id":639,"source":9597,"mouth":9758,"parent":0,"basin":639,"widthFactor":1.2,"sourceWidth":0.05,"discharge":123,"name":"Bington","type":"River"},"geometry":{"type":"LineString","coordinates":[[-68.3802,-16.6887],[-68.6587,-17.0304],[-68.7374,-17.4756],[-68.976,-17.838],[-69.2105,-17.7423],[-69.452,-17.8671],[-69.6879,-17.8155],[-69.9265,-17.5635],[-70.2803,-17.4952],[-70.542,-17.28]]}},{"type":"Feature","properties":{"id":640,"source":12812,"mouth":12813,"parent":0,"basin":640,"widthFactor":1.2,"sourceWidth":0.05,"discharge":70,"name":"Boston","type":"Brook"},"geometry":{"type":"LineString","coordinates":[[-46.854,-42.336],[-46.9644,-42.5087],[-46.8513,-42.7071],[-46.917,-42.885],[-47.2078,-43.045],[-47.3446,-43.363],[-47.6046,-43.5546]]}},{"type":"Feature","properties":{"id":656,"source":12682,"mouth":12569,"parent":656,"basin":656,"widthFactor":0.3,"sourceWidth":0.26,"discharge":1226,"name":"Ormstow","type":"River"},"geometry":{"type":"LineString","coordinates":[[40.7025,-40.6593],[41.0249,-40.4744],[40.965,-40.0565],[41.211,-39.825],[41.3814,-39.4426],[41.2203,-39.0285],[41.3244,-38.6397],[41.1446,-38.3791],[40.8023,-38.3627],[40.59,-38.151],[40.4873,-37.7984],[40.203,-37.566],[39.8488,-37.4643],[39.4956,-37.5696],[39.1169,-37.6192],[38.8337,-37.8988],[38.4741,-37.9944],[38.2895,-38.2541],[38.3347,-38.5875],[38.196,-38.862],[37.9221,-38.9206],[37.7469,-39.1392],[37.366,-39.2622],[37.1041,-39.5817],[36.747,-39.744]]}},{"type":"Feature","properties":{"id":658,"source":8443,"mouth":8634,"parent":155,"basin":155,"widthFactor":1.0,"sourceWidth":0.05,"discharge":45,"name":"Stancewich","type":"River"},"geometry":{"type":"LineString","coordinates":[[139.1895,-9.387],[139.0295,-9.7022],[139.0895,-10.0649],[138.9735,-10.3896],[139.2534,-10.9083],[139.7096,-11.2943],[140.0247,-11.7864]]}},{"type":"Feature","properties":{"id":659,"source":8236,"mouth":8234,"parent":0,"basin":659,"widthFactor":1.2,"sourceWidth":0.06,"discharge":137,"name":"Dalcesbobu","type":"River"},"geometry":{"type":"LineString","coordinates":[[126.1206,-8.6319],[125.9031,-8.3076],[125.5326,-8.1483],[125.2845,-7.857],[124.7425,-7.9902],[124.2865,-8.3267],[123.7617,-8.5005],[123.4714,-8.7448],[123.3549,-9.1186],[123.0993,-9.3888]]}},{"type":"Feature","properties":{"id":660,"source":5576,"mouth":5217,"parent":0,"basin":660,"widthFactor":1.2,"sourceWidth":0.06,"discharge":144,"name":"Bleching","type":"River"},"geometry":{"type":"LineString","coordinates":[[165.4128,7.5267],[165.7858,7.7977],[165.9936,8.2214],[166.3335,8.523],[166.4468,8.904],[166.3399,9.2993],[166.4091,9.6831],[166.7894,9.8631],[167.0387,10.2156],[167.3928,10.4301]]}},{"type":"Feature","properties":{"id":661,"source":1432,"mouth":1501,"parent":0,"basin":661,"widthFactor":1.2,"sourceWidth":0.06,"discharge":118,"name":"Mewesbury","type":"River"},"geometry":{"type":"LineString","coordinates":[[-159.552,40.5513],[-159.7971,40.4404],[-159.8862,40.1673],[-160.1001,40.0239],[-160.331,39.9436],[-160.4475,39.7287],[-160.7485,39.9051],[-161.1092,39.873],[-161.4222,40.0077],[-161.7536,39.8411],[-161.948,39.5112],[-162.252,39.312]]}},{"type":"Feature","properties":{"id":663,"source":12101,"mouth":12367,"parent":0,"basin":663,"widthFactor":1.2,"sourceWidth":0.09,"discharge":111,"name":"Bamerster","type":"River"},"geometry":{"type":"LineString","coordinates":[[137.8296,-35.2242],[137.8457,-35.6672],[138.0803,-36.0565],[138.1401,-36.4887],[138.1459,-36.8778],[138.3659,-37.2136],[138.4146,-37.5921],[138.6706,-37.8676],[139.0471,-37.9629],[139.3272,-38.2023]]}},{"type":"Feature","properties":{"id":664,"source":3335,"mouth":3332,"parent":0,"basin":664,"widthFactor":1.2,"sourceWidth":0.05,"discharge":60,"name":"Arabing","type":"River"},"geometry":{"type":"LineString","coordinates":[[-161.7129,19.7784],[-162.1695,19.9147],[-162.6486,19.8272],[-163.1097,19.9188],[-163.4325,19.9776],[-163.735,19.8166],[-164.0538,19.8315],[-164.2802,19.7712],[-164.3771,19.5369],[-164.5776,19.4418]]}},{"type":"Feature","properties":{"id":665,"source":2134,"mouth":2226,"parent":0,"basin":665,"widthFactor":1.2,"sourceWidth":0.07,"discharge":81,"name":"Somyardle","type":"Brook"},"geometry":{"type":"LineString","coordinates":[[170.1576,31.0878],[170.2079,30.8483],[170.446,30.7328],[170.5338,30.5181],[170.8397,30.2732],[171.2411,30.2273],[171.5661,30.0222]]}},{"type":"Feature","properties":{"id":666,"source":5354,"mouth":5355,"parent":0,"basin":666,"widthFactor":1.2,"sourceWidth":0.04,"discharge":93,"name":"Milbore","type":"River"},"geometry":{"type":"LineString","coordinates":[[52.9128,8.01],[53.4525,8.0138],[53.9532,8.2391],[54.4851,8.2872],[54.6915,8.2879],[54.8027,8.4878],[54.99,8.5284]]}},{"type":"Feature","properties":{"id":667,"source":5127,"mouth":5129,"parent":0,"basin":667,"widthFactor":1.2,"sourceWidth":0.07,"discharge":99,"name":"Marlmond","type":"Brook"},"geometry":{"type":"LineString","coordinates":[[-23.0913,9.4896],[-22.7274,9.3026],[-22.3072,9.3334],[-21.9321,9.1899],[-21.7513,8.9427],[-21.4375,8.8717],[-21.2301,8.6598]]}},{"type":"Feature","properties":{"id":668,"source":8429,"mouth":8428,"parent":0,"basin":668,"widthFactor":1.2,"sourceWidth":0.07,"discharge":93,"name":"Kesoke","type":"River"},"geometry":{"type":"LineString","coordinates":[[125.3187,-9.333],[124.8459,-9.3755],[124.4354,-9.6342],[123.975,-9.72],[123.7143,-9.527],[123.3756,-9.5405],[123.0993,-9.3888]]}},{"type":"Feature","properties":{"id":670,"source":9876,"mouth":9877,"parent":0,"basin":670,"widthFactor":1.2,"sourceWidth":0.06,"discharge":55,"name":"Hatley","type":"River"},"geometry":{"type":"LineString","coordinates":[[170.5914,-17.5482],[171.069,-17.5845],[171.5211,-17.3973],[171.9936,-17.3889],[172.0795,-17.0283],[171.9447,-16.6692],[171.9864,-16.3089]]}},{"type":"Feature","properties":{"id":672,"source":5412,"mouth":5235,"parent":1103,"basin":1103,"widthFactor":1.0,"sourceWidth":0.04,"discharge":57,"name":"Dodble","type":"Fork"},"geometry":{"type":"LineString","coordinates":[[-159.3225,7.2855],[-159.1261,7.6313],[-159.1454,8.0411],[-158.9922,8.3997],[-158.588,8.5988],[-158.3183,8.9729],[-157.941,9.207]]}},{"type":"Feature","properties":{"id":673,"source":4991,"mouth":4802,"parent":0,"basin":673,"widthFactor":1.2,"sourceWidth":0.05,"discharge":58,"name":"Knutsdon","type":"Creek"},"geometry":{"type":"LineString","coordinates":[[48.411,10.9269],[48.2763,11.1256],[48.0163,11.1373],[47.8566,11.2986],[47.7539,11.6917],[47.4549,11.984],[47.313,12.357]]}},{"type":"Feature","properties":{"id":674,"source":12074,"mouth":11946,"parent":148,"basin":148,"widthFactor":1.0,"sourceWidth":0.05,"discharge":498,"name":"Soutfordge","type":"River"},"geometry":{"type":"LineString","coordinates":[[41.733,-35.514],[41.4341,-35.5171],[41.1912,-35.6913],[40.779,-35.8686],[40.779,-35.8686],[40.3389,-35.7987],[39.9063,-35.9418],[39.4677,-35.9145],[39.1738,-35.746],[38.835,-35.739],[38.7545,-35.4926],[38.5085,-35.3694],[38.3949,-35.1477],[38.3949,-35.1477],[38.3699,-34.7423],[38.1516,-34.3882],[38.088,-33.993],[38.3189,-33.671],[38.3701,-33.2683],[38.565,-32.9301]]}},{"type":"Feature","properties":{"id":675,"source":7340,"mouth":7544,"parent":0,"basin":675,"widthFactor":1.2,"sourceWidth":0.05,"discharge":48,"name":"Castnesbo","type":"River"},"geometry":{"type":"LineString","coordinates":[[-148.1841,-3.9636],[-148.2071,-4.3645],[-148.0083,-4.7276],[-147.987,-5.121],[-147.9102,-5.5975],[-147.6256,-5.9995],[-147.5073,-6.4611]]}},{"type":"Feature","properties":{"id":676,"source":3795,"mouth":3640,"parent":0,"basin":676,"widthFactor":1.2,"sourceWidth":0.06,"discharge":98,"name":"Thatcking","type":"Creek"},"geometry":{"type":"LineString","coordinates":[[-147.0078,16.9461],[-147.2498,17.2243],[-147.6203,17.3178],[-147.888,17.559],[-147.9379,17.888],[-148.1893,18.1272],[-148.2795,18.4383]]}},{"type":"Feature","properties":{"id":677,"source":11717,"mouth":11828,"parent":148,"basin":148,"widthFactor":1.0,"sourceWidth":0.06,"discharge":71,"name":"Bridgetondo","type":"Creek"},"geometry":{"type":"LineString","coordinates":[[40.149,-32.796],[39.9114,-32.8374],[39.7923,-33.07],[39.5784,-33.1497],[39.2593,-32.9902],[38.8935,-33.0464],[38.565,-32.9301]]}},{"type":"Feature","properties":{"id":678,"source":11091,"mouth":11214,"parent":0,"basin":678,"widthFactor":1.2,"sourceWidth":0.04,"discharge":53,"name":"Totrinch","type":"River"},"geometry":{"type":"LineString","coordinates":[[35.950135071908015,-28.079624254613684],[35.8973,-28.2645],[35.64,-28.557]]}},{"type":"Feature","properties":{"id":690,"source":10733,"mouth":10299,"parent":167,"basin":167,"widthFactor":1.0,"sourceWidth":0.05,"discharge":89,"name":"Stanster","type":"Fork"},"geometry":{"type":"LineString","coordinates":[[153.9009,-24.1965],[154.0085,-23.8546],[153.8914,-23.5012],[153.954,-23.157],[153.8014,-22.7753],[153.4663,-22.5176],[153.2772,-22.1607],[153.3434,-21.713],[153.1931,-21.2753],[153.216,-20.8296],[153.4971,-20.9079],[153.7729,-20.7732],[154.053,-20.8089]]}},{"type":"Feature","properties":{"id":691,"source":10450,"mouth":9863,"parent":167,"basin":167,"widthFactor":1.0,"sourceWidth":0.08,"discharge":147,"name":"Horstedge","type":"River"},"geometry":{"type":"LineString","coordinates":[[161.037,-21.3849],[160.798,-21.015],[160.399,-20.8033],[160.128,-20.4651],[159.6413,-20.163],[159.0686,-20.0641],[158.5647,-19.8027],[158.5062,-19.3398],[158.2415,-18.9436],[158.1417,-18.4941],[158.0615,-18.2419],[157.8098,-18.1162],[157.6953,-17.8893],[157.7263,-17.5289],[157.55,-17.1995],[157.5396,-16.8453]]}},{"type":"Feature","properties":{"id":694,"source":12460,"mouth":12332,"parent":656,"basin":656,"widthFactor":1.0,"sourceWidth":0.08,"discharge":73,"name":"Mither","type":"Creek"},"geometry":{"type":"LineString","coordinates":[[39.465,-38.934],[39.4111,-38.6893],[39.1695,-38.5688],[39.078,-38.349],[38.9214,-38.1547],[38.653,-38.1507],[38.4741,-37.9944]]}},{"type":"Feature","properties":{"id":696,"source":12018,"mouth":12517,"parent":0,"basin":696,"widthFactor":1.2,"sourceWidth":0.05,"discharge":107,"name":"Balborne","type":"River"},"geometry":{"type":"LineString","coordinates":[[159.291,-34.4016],[159.7481,-34.7046],[160.297,-34.8021],[160.7724,-35.064],[160.5751,-35.6011],[160.5943,-36.1814],[160.4403,-36.7272],[160.3369,-37.157],[160.45,-37.5953],[160.3899,-38.0268],[160.6686,-38.2227],[161.0223,-38.2191],[161.316,-38.3751],[161.3521,-38.7194],[161.5852,-38.992],[161.6607,-39.3219]]}},{"type":"Feature","properties":{"id":697,"source":3565,"mouth":3017,"parent":0,"basin":697,"widthFactor":1.2,"sourceWidth":0.04,"discharge":177,"name":"Dunston","type":"River"},"geometry":{"type":"LineString","coordinates":[[21.2643,19.0413],[21.629,19.2223],[21.8515,19.5778],[22.1877,19.7937],[22.3948,20.2511],[22.3879,20.7628],[22.5522,21.231],[22.6631,21.49],[22.5582,21.769],[22.626,22.032],[22.8136,22.4508],[22.794,22.9191],[22.9401,23.3478]]}},{"type":"Feature","properties":{"id":698,"source":4409,"mouth":3906,"parent":0,"basin":698,"widthFactor":1.2,"sourceWidth":0.06,"discharge":183,"name":"Sorediver","type":"River"},"geometry":{"type":"LineString","coordinates":[[30.7656,14.0121],[31.0972,14.2146],[31.2703,14.5768],[31.5702,14.8113],[31.8674,15.054],[31.9894,15.4309],[32.2515,15.7005],[32.3537,15.9908],[32.2394,16.2926],[32.2983,16.5852],[32.2499,16.9521],[32.0023,17.2432],[31.914,17.595]]}},{"type":"Feature","properties":{"id":700,"source":1916,"mouth":1850,"parent":0,"basin":700,"widthFactor":1.2,"sourceWidth":0.11,"discharge":231,"name":"Witletown","type":"River"},"geometry":{"type":"LineString","coordinates":[[168.8112,34.5888],[169.1842,34.4404],[169.5914,34.5145],[169.9713,34.4106],[170.4347,34.4695],[170.8294,34.7381],[171.279,34.839],[171.537,34.724],[171.8182,34.8245],[172.0809,34.7526]]}},{"type":"Feature","properties":{"id":701,"source":4073,"mouth":3734,"parent":0,"basin":701,"widthFactor":1.2,"sourceWidth":0.06,"discharge":109,"name":"Retford","type":"River"},"geometry":{"type":"LineString","coordinates":[[29.4642,15.3558],[29.7465,15.6704],[29.8331,16.0962],[30.0762,16.4331],[30.4698,16.7438],[30.6984,17.201],[31.059,17.541],[31.3495,17.4725],[31.6263,17.6203],[31.914,17.595]]}},{"type":"Feature","properties":{"id":702,"source":2529,"mouth":2532,"parent":0,"basin":702,"widthFactor":1.2,"sourceWidth":0.06,"discharge":98,"name":"Aldock","type":"River"},"geometry":{"type":"LineString","coordinates":[[165.7359,27.0756],[165.9646,26.9696],[166.2088,27.0881],[166.4406,27.027],[166.5513,26.8084],[166.8097,26.7538],[166.95,26.568],[167.1957,26.2003],[167.5944,25.9861],[167.8707,25.6491]]}},{"type":"Feature","properties":{"id":703,"source":10050,"mouth":9740,"parent":0,"basin":703,"widthFactor":1.2,"sourceWidth":0.04,"discharge":117,"name":"Reamerne","type":"River"},"geometry":{"type":"LineString","coordinates":[[-159.7761,-19.6227],[-159.7282,-19.3732],[-159.902,-19.1624],[-159.8985,-18.9207],[-159.7998,-18.705],[-159.9216,-18.4788],[-159.867,-18.261],[-160.095,-18.0653],[-160.4107,-18.0678],[-160.6563,-17.9118]]}},{"type":"Feature","properties":{"id":704,"source":5346,"mouth":4987,"parent":0,"basin":704,"widthFactor":1.2,"sourceWidth":0.05,"discharge":72,"name":"Brastable","type":"River"},"geometry":{"type":"LineString","coordinates":[[45.4131,8.6634],[45.3858,9.0616],[45.1433,9.3943],[45.0729,9.7794],[44.9996,10.0538],[44.7413,10.2077],[44.631,10.458],[44.765,10.8288],[44.684,11.2266],[44.775,11.6028]]}},{"type":"Feature","properties":{"id":705,"source":3001,"mouth":2871,"parent":0,"basin":705,"widthFactor":1.2,"sourceWidth":0.05,"discharge":159,"name":"Padsham","type":"Brook"},"geometry":{"type":"LineString","coordinates":[[10.0908,23.166],[10.3337,23.2532],[10.4314,23.5124],[10.6452,23.634],[10.8524,23.6923],[10.9181,23.9199],[11.097,24.012],[11.1768,24.256],[11.0399,24.4938],[11.0763,24.7365]]}},{"type":"Feature","properties":{"id":706,"source":11990,"mouth":12105,"parent":0,"basin":706,"widthFactor":1.2,"sourceWidth":0.07,"discharge":90,"name":"Watbury","type":"River"},"geometry":{"type":"LineString","coordinates":[[140.7816,-34.6554],[141.2316,-34.8323],[141.7236,-34.7882],[142.182,-34.9209],[142.3603,-35.2426],[142.7003,-35.4141],[142.911,-35.7057]]}},{"type":"Feature","properties":{"id":708,"source":3991,"mouth":3990,"parent":0,"basin":708,"widthFactor":1.2,"sourceWidth":0.05,"discharge":89,"name":"Boltonwich","type":"Creek"},"geometry":{"type":"LineString","coordinates":[[-131.535,15.5241],[-131.8199,15.6843],[-132.1568,15.6255],[-132.4521,15.7419],[-132.3191,16.0433],[-132.4046,16.3764],[-132.3153,16.6842]]}},{"type":"Feature","properties":{"id":709,"source":9266,"mouth":9426,"parent":0,"basin":709,"widthFactor":1.2,"sourceWidth":0.05,"discharge":79,"name":"Brovermouth","type":"Creek"},"geometry":{"type":"LineString","coordinates":[[-71.0325,-14.6484],[-71.2797,-14.8418],[-71.3432,-15.1652],[-71.5536,-15.3846],[-71.8472,-15.4387],[-72.0383,-15.6883],[-72.3114,-15.7815]]}},{"type":"Feature","properties":{"id":711,"source":3992,"mouth":3825,"parent":0,"basin":711,"widthFactor":1.2,"sourceWidth":0.05,"discharge":76,"name":"Mancham","type":"Creek"},"geometry":{"type":"LineString","coordinates":[[-130.941,15.813],[-130.8805,16.0534],[-131.0432,16.2658],[-131.0274,16.5006],[-131.376,16.6477],[-131.7606,16.577],[-132.1164,16.6806]]}},{"type":"Feature","properties":{"id":734,"source":9498,"mouth":9499,"parent":0,"basin":734,"widthFactor":1.2,"sourceWidth":0.06,"discharge":57,"name":"Bucheapton","type":"River"},"geometry":{"type":"LineString","coordinates":[[54.3114,-15.4629],[54.478,-15.7084],[54.7883,-15.5299],[54.9837,-15.6906],[55.4,-15.9015],[55.8758,-15.7847],[56.304,-15.93]]}},{"type":"Feature","properties":{"id":737,"source":9691,"mouth":9687,"parent":0,"basin":737,"widthFactor":1.2,"sourceWidth":0.05,"discharge":100,"name":"Calingmo","type":"River"},"geometry":{"type":"LineString","coordinates":[[141.6051,-16.1667],[141.3906,-15.9873],[141.0951,-16.0179],[140.8644,-15.8805],[140.5183,-15.774],[140.1607,-15.888],[139.8123,-15.8256],[139.4165,-15.8738],[139.093,-16.1263],[138.7116,-16.2153],[138.3505,-16.1674],[138.0116,-16.3315],[137.655,-16.326]]}},{"type":"Feature","properties":{"id":738,"source":9714,"mouth":9390,"parent":0,"basin":738,"widthFactor":1.2,"sourceWidth":0.05,"discharge":91,"name":"Horsbury","type":"River"},"geometry":{"type":"LineString","coordinates":[[165.3795,-16.3548],[165.1944,-15.8672],[164.8158,-15.4946],[164.592,-15.03],[164.4092,-14.491],[164.0309,-14.0545],[163.809,-13.536]]}},{"type":"Feature","properties":{"id":739,"source":10049,"mouth":9895,"parent":0,"basin":739,"widthFactor":1.2,"sourceWidth":0.06,"discharge":64,"name":"Weymouthing","type":"River"},"geometry":{"type":"LineString","coordinates":[[-160.3098,-20.025],[-160.28,-19.5749],[-160.4732,-19.155],[-160.488,-18.711],[-160.4577,-18.4264],[-160.6434,-18.1873],[-160.6563,-17.9118]]}},{"type":"Feature","properties":{"id":744,"source":1556,"mouth":1489,"parent":0,"basin":744,"widthFactor":1.2,"sourceWidth":0.07,"discharge":93,"name":"Borough","type":"River"},"geometry":{"type":"LineString","coordinates":[[165.2094,39.2778],[165.4258,39.6016],[165.4312,40.0039],[165.6054,40.3434],[166.0269,40.518],[166.3261,40.8763],[166.7232,41.0877]]}},{"type":"Feature","properties":{"id":745,"source":9243,"mouth":9245,"parent":0,"basin":745,"widthFactor":1.2,"sourceWidth":0.06,"discharge":70,"name":"Olborden","type":"Creek"},"geometry":{"type":"LineString","coordinates":[[-159.174,-14.373],[-158.9016,-14.3771],[-158.7004,-14.1677],[-158.4423,-14.1291],[-158.3624,-14.3985],[-158.1013,-14.5419],[-157.9851,-14.7861]]}},{"type":"Feature","properties":{"id":746,"source":12366,"mouth":12496,"parent":0,"basin":746,"widthFactor":1.2,"sourceWidth":0.06,"discharge":74,"name":"Dalborough","type":"River"},"geometry":{"type":"LineString","coordinates":[[137.7648,-37.5039],[137.7262,-37.853],[137.9101,-38.1686],[137.916,-38.511],[138.0182,-38.8115],[138.3014,-38.9855],[138.4398,-39.2607]]}},{"type":"Feature","properties":{"id":747,"source":12227,"mouth":12364,"parent":0,"basin":747,"widthFactor":1.2,"sourceWidth":0.07,"discharge":96,"name":"Walton","type":"Creek"},"geometry":{"type":"LineString","coordinates":[[135.9,-36.9],[135.6935,-36.8793],[135.5638,-37.0701],[135.3726,-37.0917],[135.1529,-37.2047],[135.0977,-37.4649],[134.9109,-37.6074]]}},{"type":"Feature","properties":{"id":765,"source":12776,"mouth":12777,"parent":0,"basin":765,"widthFactor":1.2,"sourceWidth":0.39,"discharge":421,"name":"Bunor","type":"River"},"geometry":{"type":"LineString","coordinates":[[52.0722,-41.5701],[52.173,-41.9178],[52.5858,-41.9445],[52.749,-42.228],[53.0337,-42.2501],[53.1864,-41.9665],[53.4447,-41.9274],[53.7991,-42.0871],[54.1877,-41.9555],[54.549,-42.057]]}},{"type":"Feature","properties":{"id":774,"source":8624,"mouth":9000,"parent":0,"basin":774,"widthFactor":1.2,"sourceWidth":0.06,"discharge":354,"name":"Chawces","type":"River"},"geometry":{"type":"LineString","coordinates":[[127.8531,-10.6479],[127.4905,-10.6644],[127.1936,-10.8961],[126.8442,-10.9557],[126.5958,-11.1249],[126.3474,-11.3903],[126.288,-11.7617],[126.0774,-12.0483],[125.815,-12.2969],[125.7316,-12.6612],[125.505,-12.933],[125.2507,-12.9694],[125.0922,-13.1923],[124.857,-13.266]]}},{"type":"Feature","properties":{"id":775,"source":3169,"mouth":3034,"parent":136,"basin":1011,"widthFactor":1.0,"sourceWidth":0.06,"discharge":48,"name":"Tetham","type":"River"},"geometry":{"type":"LineString","coordinates":[[143.1666,21.6036],[143.0794,22.0237],[142.7864,22.3528],[142.6581,22.7547],[142.261,23.0086],[141.7819,23.0575],[141.3684,23.2704]]}},{"type":"Feature","properties":{"id":776,"source":8826,"mouth":9678,"parent":0,"basin":776,"widthFactor":1.2,"sourceWidth":0.07,"discharge":336,"name":"Penzan","type":"River"},"geometry":{"type":"LineString","coordinates":[[131.0103,-11.6325],[130.7162,-11.8726],[130.6016,-12.2482],[130.3434,-12.5154],[130.3811,-12.8655],[130.6253,-13.1376],[130.7043,-13.4721],[130.3757,-13.9141],[130.2393,-14.4564],[129.9492,-14.9184],[129.876,-15.2174],[130.0158,-15.5077],[129.9852,-15.8049],[130.1738,-16.0662],[130.4946,-16.1648],[130.7097,-16.3935],[130.7853,-16.6477],[131.0304,-16.7846],[131.1399,-17.0154]]}},{"type":"Feature","properties":{"id":777,"source":5172,"mouth":4806,"parent":264,"basin":264,"widthFactor":1.0,"sourceWidth":0.08,"discharge":125,"name":"Towbigtony","type":"Fork"},"geometry":{"type":"LineString","coordinates":[[50.7042,9.8928],[50.9218,9.9231],[51.0199,10.1439],[51.2136,10.2123],[51.2663,10.7726],[51.0987,11.3189],[51.1074,11.8764],[51.6005,11.7442],[52.1134,11.8278],[52.6104,11.7387]]}},{"type":"Feature","properties":{"id":778,"source":8832,"mouth":9188,"parent":0,"basin":778,"widthFactor":1.2,"sourceWidth":0.07,"discharge":128,"name":"Rocliford","type":"River"},"geometry":{"type":"LineString","coordinates":[[137.2437,-11.1024],[137.0653,-11.5116],[137.1071,-11.9673],[136.9728,-12.3858],[136.8386,-12.6558],[136.9221,-12.9618],[136.8315,-13.239],[136.8394,-13.7812],[137.0608,-14.2856],[137.1114,-14.8203]]}},{"type":"Feature","properties":{"id":779,"source":12725,"mouth":12728,"parent":0,"basin":779,"widthFactor":1.2,"sourceWidth":0.04,"discharge":98,"name":"Bostabrid","type":"River"},"geometry":{"type":"LineString","coordinates":[[157.7727,-40.1742],[158.0866,-40.2618],[158.3988,-40.1244],[158.7123,-40.167],[159.0195,-40.3141],[159.3672,-40.2442],[159.6825,-40.3479],[159.8787,-40.5782],[160.1927,-40.6265],[160.4124,-40.8204],[160.7049,-40.8862],[160.9832,-40.7395],[161.2728,-40.7628]]}},{"type":"Feature","properties":{"id":780,"source":3106,"mouth":2968,"parent":0,"basin":780,"widthFactor":1.2,"sourceWidth":0.05,"discharge":83,"name":"Witnestedbu","type":"River"},"geometry":{"type":"LineString","coordinates":[[-28.998,22.1364],[-29.3832,22.1921],[-29.7482,22.0238],[-30.1293,22.0347],[-30.2494,22.3897],[-30.556,22.6267],[-30.7134,22.9581],[-30.914,23.2835],[-31.2686,23.4562],[-31.5,23.751]]}},{"type":"Feature","properties":{"id":781,"source":7319,"mouth":6941,"parent":0,"basin":781,"widthFactor":1.2,"sourceWidth":0.07,"discharge":119,"name":"Lymouthel","type":"River"},"geometry":{"type":"LineString","coordinates":[[-165.5955,-4.0131],[-165.6661,-3.6495],[-165.9405,-3.3812],[-166.0518,-3.0366],[-166.381,-2.712],[-166.8322,-2.5712],[-167.1858,-2.2833],[-167.5346,-2.2144],[-167.8724,-2.362],[-168.219,-2.3364]]}},{"type":"Feature","properties":{"id":784,"source":7896,"mouth":7893,"parent":0,"basin":784,"widthFactor":1.2,"sourceWidth":0.06,"discharge":154,"name":"Causdon","type":"River"},"geometry":{"type":"LineString","coordinates":[[-167.3001,-7.1469],[-167.6274,-7.1338],[-167.9015,-7.3394],[-168.2181,-7.3701],[-168.4835,-7.3065],[-168.7281,-7.4626],[-168.9894,-7.443],[-169.3001,-7.2179],[-169.695,-7.1925],[-170.0226,-7.0074]]}},{"type":"Feature","properties":{"id":785,"source":2327,"mouth":2239,"parent":0,"basin":785,"widthFactor":1.2,"sourceWidth":0.07,"discharge":65,"name":"Grantford","type":"River"},"geometry":{"type":"LineString","coordinates":[[-159.6303,28.0638],[-159.4964,28.4719],[-159.5862,28.9038],[-159.4971,29.3166],[-159.5278,29.7809],[-159.772,30.1892],[-159.8454,30.6423]]}},{"type":"Feature","properties":{"id":786,"source":4688,"mouth":4505,"parent":0,"basin":786,"widthFactor":1.2,"sourceWidth":0.07,"discharge":120,"name":"Carton","type":"River"},"geometry":{"type":"LineString","coordinates":[[-145.6443,11.8008],[-145.2574,11.5221],[-144.7758,11.4474],[-144.3699,11.2095],[-144.1519,11.6644],[-144.1466,12.1783],[-143.9712,12.645],[-143.8755,13.0595],[-143.9965,13.4787],[-143.9442,13.8942]]}},{"type":"Feature","properties":{"id":787,"source":8030,"mouth":7835,"parent":0,"basin":787,"widthFactor":1.2,"sourceWidth":0.1,"discharge":157,"name":"Bridley","type":"River"},"geometry":{"type":"LineString","coordinates":[[123.6798,-7.5726],[123.3134,-7.154],[122.804,-6.9089],[122.409,-6.525],[121.9978,-6.5903],[121.6666,-6.8613],[121.2714,-6.9678]]}},{"type":"Feature","properties":{"id":788,"source":4380,"mouth":4562,"parent":0,"basin":788,"widthFactor":1.2,"sourceWidth":0.05,"discharge":87,"name":"Redclif","type":"River"},"geometry":{"type":"LineString","coordinates":[[-23.6448,13.8231],[-23.2908,13.3958],[-22.7891,13.1382],[-22.4055,12.7449],[-22.0325,12.7991],[-21.7415,13.0583],[-21.3849,13.1535]]}},{"type":"Feature","properties":{"id":791,"source":2346,"mouth":2248,"parent":0,"basin":791,"widthFactor":1.2,"sourceWidth":0.06,"discharge":64,"name":"Flokwar","type":"River"},"geometry":{"type":"LineString","coordinates":[[-18.7209,27.8856],[-18.758,28.3827],[-19.0128,28.8228],[-19.0935,29.3085],[-19.1151,29.6518],[-19.346,29.9251],[-19.4094,30.2544]]}},{"type":"Feature","properties":{"id":792,"source":5536,"mouth":5537,"parent":0,"basin":792,"widthFactor":1.2,"sourceWidth":0.07,"discharge":111,"name":"Coliton","type":"River"},"geometry":{"type":"LineString","coordinates":[[54.2142,6.9291],[54.5547,6.8527],[54.8862,7.0011],[55.2249,6.9696],[55.616,6.9229],[55.9834,7.0957],[56.3697,7.0929]]}},{"type":"Feature","properties":{"id":793,"source":3133,"mouth":3131,"parent":0,"basin":793,"widthFactor":1.2,"sourceWidth":0.04,"discharge":50,"name":"Reaveter","type":"Creek"},"geometry":{"type":"LineString","coordinates":[[8.3538,22.3137],[8.1824,22.1933],[8.207,21.9622],[8.0748,21.8196],[7.7665,21.5131],[7.6424,21.0849],[7.371,20.754]]}},{"type":"Feature","properties":{"id":794,"source":4172,"mouth":3995,"parent":0,"basin":794,"widthFactor":1.2,"sourceWidth":0.07,"discharge":116,"name":"Clitley","type":"Creek"},"geometry":{"type":"LineString","coordinates":[[-129.8556,14.4594],[-129.5789,14.7418],[-129.4945,15.141],[-129.2562,15.4467],[-129.0702,15.3572],[-128.8827,15.4884],[-128.6964,15.4431]]}},{"type":"Feature","properties":{"id":798,"source":11943,"mouth":11825,"parent":148,"basin":148,"widthFactor":1.0,"sourceWidth":0.06,"discharge":86,"name":"Harleydon","type":"Branch"},"geometry":{"type":"LineString","coordinates":[[36.4086,-34.5231],[36.321,-34.1224],[36.0294,-33.8167],[35.901,-33.435],[36.0516,-33.2469],[35.9914,-32.9935],[36.0999,-32.7924]]}},{"type":"Feature","properties":{"id":799,"source":12994,"mouth":13065,"parent":0,"basin":799,"widthFactor":1.2,"sourceWidth":0.05,"discharge":64,"name":"Shifractham","type":"Brook"},"geometry":{"type":"LineString","coordinates":[[51.561,-45.063],[51.6842,-45.2845],[51.9524,-45.334],[52.1046,-45.5211],[52.3392,-45.9326],[52.7418,-46.2011],[53.01,-46.584]]}},{"type":"Feature","properties":{"id":811,"source":12992,"mouth":13063,"parent":811,"basin":811,"widthFactor":1.2,"sourceWidth":0.05,"discharge":184,"name":"Hatfordmin","type":"River"},"geometry":{"type":"LineString","coordinates":[[51.0138,-44.6103],[50.7787,-44.6532],[50.6403,-44.8479],[50.8984,-45.0587],[51.228,-45.108],[51.254,-45.3904],[51.4395,-45.6048],[51.3639,-46.0491],[51.5013,-46.4889],[51.4683,-46.9323]]}},{"type":"Feature","properties":{"id":813,"source":11613,"mouth":11376,"parent":0,"basin":813,"widthFactor":1.2,"sourceWidth":0.44,"discharge":454,"name":"Quatbumewen","type":"River"},"geometry":{"type":"LineString","coordinates":[[53.6526,-31.2273],[53.9801,-30.8839],[53.8909,-30.3767],[54.135,-30.0006],[54.4243,-30.0007],[54.5603,-29.7051],[54.819,-29.646],[55.1032,-29.6289],[55.2507,-29.3523],[55.5075,-29.2833],[55.8635,-29.3058],[56.153,-29.0643],[56.4957,-29.034]]}},{"type":"Feature","properties":{"id":831,"source":5230,"mouth":5405,"parent":0,"basin":831,"widthFactor":1.2,"sourceWidth":0.05,"discharge":76,"name":"Uxbridling","type":"River"},"geometry":{"type":"LineString","coordinates":[[-164.3391,8.6994],[-164.5421,8.429],[-164.5776,8.0928],[-165.1731,8.0142],[-165.7079,7.7234],[-166.2912,7.6023],[-166.6404,7.4305],[-166.8531,7.0904],[-167.175,6.885],[-167.5253,6.8995],[-167.8324,6.7053],[-168.174,6.678]]}},{"type":"Feature","properties":{"id":833,"source":9003,"mouth":9173,"parent":774,"basin":774,"widthFactor":1.0,"sourceWidth":0.09,"discharge":138,"name":"Berton","type":"River"},"geometry":{"type":"LineString","coordinates":[[127.8855,-12.0717],[127.61,-12.162],[127.4675,-12.4338],[127.2186,-12.5604],[126.889,-12.6779],[126.6836,-12.9779],[126.3789,-13.1319],[126.1068,-12.9811],[125.7867,-13.0416],[125.505,-12.933]]}},{"type":"Feature","properties":{"id":836,"source":3383,"mouth":3242,"parent":0,"basin":836,"widthFactor":1.2,"sourceWidth":0.04,"discharge":39,"name":"Heymockham","type":"River"},"geometry":{"type":"LineString","coordinates":[[-33.6636,19.7847],[-34.0078,20.1301],[-34.4793,20.29],[-34.8489,20.5983],[-35.1489,20.5234],[-35.3364,20.2585],[-35.6139,20.1456]]}},{"type":"Feature","properties":{"id":837,"source":8732,"mouth":8922,"parent":0,"basin":837,"widthFactor":1.2,"sourceWidth":0.04,"discharge":87,"name":"Gyeongdo","type":"River"},"geometry":{"type":"LineString","coordinates":[[-45.3591,-11.1492],[-45.6041,-11.423],[-45.6498,-11.8013],[-45.855,-12.096],[-45.9855,-12.2496],[-45.945,-12.447],[-46.1335,-12.709],[-46.1185,-13.0457],[-46.2663,-13.3227]]}},{"type":"Feature","properties":{"id":838,"source":12382,"mouth":12254,"parent":0,"basin":838,"widthFactor":1.2,"sourceWidth":0.05,"discharge":46,"name":"Ormswestham","type":"River"},"geometry":{"type":"LineString","coordinates":[[152.2233,-37.4697],[152.4696,-37.1527],[152.5119,-36.741],[152.7174,-36.405],[152.5936,-36.0896],[152.2925,-35.9057],[152.1333,-35.6166]]}},{"type":"Feature","properties":{"id":839,"source":1717,"mouth":1720,"parent":0,"basin":839,"widthFactor":1.2,"sourceWidth":0.08,"discharge":140,"name":"Kenburyme","type":"River"},"geometry":{"type":"LineString","coordinates":[[-153.1215,36.8973],[-152.6629,36.7713],[-152.1868,36.8696],[-151.7247,36.7884],[-151.3742,36.8692],[-151.1245,37.1463],[-150.7941,37.2663]]}},{"type":"Feature","properties":{"id":841,"source":8492,"mouth":8681,"parent":0,"basin":841,"widthFactor":1.2,"sourceWidth":0.05,"discharge":61,"name":"Hinckleigh","type":"Brook"},"geometry":{"type":"LineString","coordinates":[[-162.6714,-10.7217],[-162.759,-10.913],[-162.6216,-11.1015],[-162.6642,-11.2923],[-162.9866,-11.4489],[-163.1667,-11.7742],[-163.4607,-11.9646]]}},{"type":"Feature","properties":{"id":865,"source":12836,"mouth":12835,"parent":394,"basin":394,"widthFactor":1.0,"sourceWidth":0.06,"discharge":88,"name":"Sasingstab","type":"Creek"},"geometry":{"type":"LineString","coordinates":[[43.317,-43.038],[43.1038,-42.86],[42.8101,-42.8922],[42.5808,-42.7563],[42.317,-42.7388],[42.1011,-42.8913]]}},{"type":"Feature","properties":{"id":868,"source":3892,"mouth":3562,"parent":186,"basin":186,"widthFactor":1.0,"sourceWidth":0.07,"discharge":64,"name":"Swasalboke","type":"River"},"geometry":{"type":"LineString","coordinates":[[17.8416,16.281],[17.8849,16.9895],[17.7037,17.6832],[17.7021,18.3888],[17.6899,18.9921],[17.46,19.5587],[17.4042,20.1546]]}},{"type":"Feature","properties":{"id":870,"source":8629,"mouth":9183,"parent":0,"basin":870,"widthFactor":1.2,"sourceWidth":0.04,"discharge":136,"name":"Tutford","type":"River"},"geometry":{"type":"LineString","coordinates":[[133.0191,-9.8613],[133.0683,-10.5023],[133.3372,-11.0948],[133.4304,-11.7261],[133.3466,-12.1488],[133.4835,-12.5692],[133.4439,-12.9915],[133.1356,-13.0262],[132.894,-13.221],[132.8262,-13.7223],[132.9714,-14.2161],[132.9462,-14.7159]]}},{"type":"Feature","properties":{"id":871,"source":7083,"mouth":7079,"parent":0,"basin":871,"widthFactor":1.2,"sourceWidth":0.06,"discharge":142,"name":"Harpordence","type":"River"},"geometry":{"type":"LineString","coordinates":[[138.1761,-1.8324],[137.6532,-1.7595],[137.1378,-1.9116],[136.6164,-1.8837],[136.4082,-2.0877],[136.395,-2.3952],[136.2258,-2.6199],[135.861,-2.5632],[135.5142,-2.7225],[135.153,-2.709],[134.7829,-2.8129],[134.5145,-3.1041],[134.1648,-3.2454]]}},{"type":"Feature","properties":{"id":872,"source":8239,"mouth":8036,"parent":1016,"basin":1016,"widthFactor":1.0,"sourceWidth":0.06,"discharge":59,"name":"Bretfordbu","type":"River"},"geometry":{"type":"LineString","coordinates":[[129.4812,-7.884],[129.7127,-7.7956],[129.793,-7.5405],[129.9942,-7.4187],[129.7703,-6.8988],[129.3599,-6.4967],[129.0987,-6.0003]]}},{"type":"Feature","properties":{"id":873,"source":12623,"mouth":12720,"parent":875,"basin":875,"widthFactor":1.0,"sourceWidth":0.06,"discharge":60,"name":"Hading","type":"Fork"},"geometry":{"type":"LineString","coordinates":[[152.1666,-39.8511],[152.1816,-40.1056],[152.4021,-40.2684],[152.4582,-40.5045],[151.9693,-40.8887],[151.6399,-41.4254],[151.1829,-41.8401]]}},{"type":"Feature","properties":{"id":875,"source":12722,"mouth":12788,"parent":0,"basin":875,"widthFactor":1.2,"sourceWidth":0.09,"discharge":489,"name":"Redckewich","type":"River"},"geometry":{"type":"LineString","coordinates":[[153.9702,-40.8564],[153.6308,-40.9727],[153.4154,-41.2767],[153.1008,-41.4306],[152.7822,-41.4896],[152.5419,-41.7069],[152.0804,-41.665],[151.6401,-41.8388],[151.1829,-41.8401],[150.8219,-42.1004],[150.6164,-42.5064],[150.2865,-42.7959],[149.7701,-42.945],[149.3425,-43.2839],[148.8438,-43.4709],[148.5802,-43.0212],[148.1574,-42.7027],[147.8619,-42.2793],[147.5961,-42.0931],[147.2591,-42.0971],[146.979,-41.949],[146.5569,-42.2161],[146.2675,-42.6329],[145.872,-42.93]]}},{"type":"Feature","properties":{"id":876,"source":7840,"mouth":7462,"parent":0,"basin":876,"widthFactor":1.2,"sourceWidth":0.08,"discharge":101,"name":"Gatfordge","type":"River"},"geometry":{"type":"LineString","coordinates":[[127.5264,-6.5088],[127.9113,-5.9947],[128.099,-5.3723],[128.4444,-4.8366],[128.6929,-4.5292],[128.7431,-4.1248],[128.952,-3.798],[129.1758,-3.671],[129.2354,-3.4025],[129.4263,-3.2472]]}},{"type":"Feature","properties":{"id":877,"source":8830,"mouth":9189,"parent":0,"basin":877,"widthFactor":1.2,"sourceWidth":0.05,"discharge":60,"name":"Botbuse","type":"River"},"geometry":{"type":"LineString","coordinates":[[135.711,-11.4138],[135.4252,-11.8508],[135.3461,-12.3766],[135.1017,-12.8313],[135.501,-13.2111],[136.0248,-13.4087],[136.449,-13.752],[136.5961,-14.1538],[136.9274,-14.4414],[137.1114,-14.8203]]}},{"type":"Feature","properties":{"id":879,"source":7130,"mouth":6765,"parent":0,"basin":879,"widthFactor":1.2,"sourceWidth":0.07,"discharge":83,"name":"Dunster","type":"River"},"geometry":{"type":"LineString","coordinates":[[-165.2652,-2.7027],[-165.5418,-2.3891],[-165.9511,-2.2572],[-166.2543,-1.98],[-166.3455,-1.7147],[-166.6122,-1.5832],[-166.7385,-1.3446],[-167.009,-1.0802],[-167.3915,-1.0013],[-167.6844,-0.774]]}},{"type":"Feature","properties":{"id":880,"source":12622,"mouth":12504,"parent":0,"basin":880,"widthFactor":1.2,"sourceWidth":0.06,"discharge":106,"name":"Ormsterham","type":"River"},"geometry":{"type":"LineString","coordinates":[[150.6321,-39.5568],[150.4147,-39.3698],[150.1115,-39.3908],[149.877,-39.2454],[149.547,-39.008],[149.13,-38.9734],[148.7826,-38.7765],[148.5826,-38.5883],[148.2916,-38.5968],[148.0734,-38.448]]}},{"type":"Feature","properties":{"id":881,"source":7337,"mouth":7728,"parent":0,"basin":881,"widthFactor":1.2,"sourceWidth":0.04,"discharge":174,"name":"Skipseacume","type":"River"},"geometry":{"type":"LineString","coordinates":[[-151.5852,-4.4532],[-151.4915,-4.7065],[-151.2594,-4.8447],[-151.163,-5.3405],[-150.8606,-5.757],[-150.723,-6.237],[-150.7776,-6.6467],[-150.6162,-7.0394],[-150.6276,-7.4457]]}},{"type":"Feature","properties":{"id":882,"source":6164,"mouth":6160,"parent":0,"basin":882,"widthFactor":1.2,"sourceWidth":0.05,"discharge":55,"name":"Aping","type":"River"},"geometry":{"type":"LineString","coordinates":[[-41.4603,3.0015],[-41.7705,3.0184],[-42.0274,2.8168],[-42.327,2.79],[-42.6634,2.8199],[-42.9613,2.6325],[-43.29,2.619],[-43.2479,2.9477],[-43.4205,3.2467],[-43.4214,3.5694]]}},{"type":"Feature","properties":{"id":884,"source":1598,"mouth":1663,"parent":0,"basin":884,"widthFactor":1.2,"sourceWidth":0.06,"discharge":57,"name":"Craftford","type":"River"},"geometry":{"type":"LineString","coordinates":[[137.4984,38.5785],[137.0199,38.2813],[136.6891,37.8144],[136.2402,37.4832],[135.933,37.2028],[135.8058,36.7947],[135.5346,36.4887]]}},{"type":"Feature","properties":{"id":885,"source":7665,"mouth":7664,"parent":1014,"basin":1014,"widthFactor":1.0,"sourceWidth":0.07,"discharge":71,"name":"Mitholes","type":"Branch"},"geometry":{"type":"LineString","coordinates":[[135.1971,-5.004],[134.8124,-5.0213],[134.4902,-5.2548],[134.118,-5.3154],[133.9148,-5.0716],[133.5881,-5.0106],[133.3602,-4.8033]]}},{"type":"Feature","properties":{"id":886,"source":10053,"mouth":10055,"parent":0,"basin":886,"widthFactor":1.2,"sourceWidth":0.07,"discharge":66,"name":"Sholestowbo","type":"River"},"geometry":{"type":"LineString","coordinates":[[-156.492,-19.3329],[-156.2133,-19.6564],[-155.7989,-19.8004],[-155.493,-20.088],[-155.2703,-20.443],[-154.8896,-20.644],[-154.6353,-20.9682]]}},{"type":"Feature","properties":{"id":887,"source":7697,"mouth":7699,"parent":0,"basin":887,"widthFactor":1.2,"sourceWidth":0.05,"discharge":49,"name":"Cretonby","type":"Creek"},"geometry":{"type":"LineString","coordinates":[[168.9012,-4.7979],[168.8609,-5.1235],[169.0429,-5.4144],[169.047,-5.733],[169.0987,-6.0096],[169.3437,-6.1797],[169.434,-6.435]]}},{"type":"Feature","properties":{"id":888,"source":7456,"mouth":7259,"parent":0,"basin":888,"widthFactor":1.2,"sourceWidth":0.07,"discharge":85,"name":"Dodbridge","type":"River"},"geometry":{"type":"LineString","coordinates":[[123.3765,-4.2966],[123.4357,-3.7676],[123.2704,-3.2516],[123.2847,-2.7252],[123.4369,-2.5398],[123.3789,-2.2869],[123.489,-2.088]]}},{"type":"Feature","properties":{"id":889,"source":12950,"mouth":12948,"parent":0,"basin":889,"widthFactor":1.2,"sourceWidth":0.05,"discharge":57,"name":"Gatford","type":"Creek"},"geometry":{"type":"LineString","coordinates":[[158.3082,-43.2207],[157.8774,-43.2729],[157.5194,-43.5381],[157.1031,-43.6329],[156.9652,-43.4826],[156.7453,-43.5371],[156.591,-43.4277]]}},{"type":"Feature","properties":{"id":890,"source":8819,"mouth":8818,"parent":0,"basin":890,"widthFactor":1.2,"sourceWidth":0.07,"discharge":135,"name":"Botfordge","type":"Creek"},"geometry":{"type":"LineString","coordinates":[[124.8291,-11.1708],[124.6438,-11.0541],[124.4275,-11.1602],[124.236,-11.088],[123.8619,-11.2161],[123.6041,-11.5317],[123.2532,-11.6973]]}},{"type":"Feature","properties":{"id":891,"source":2634,"mouth":2510,"parent":1011,"basin":1011,"widthFactor":1.0,"sourceWidth":0.05,"discharge":43,"name":"Portstone","type":"Branch"},"geometry":{"type":"LineString","coordinates":[[147.5154,25.9713],[147.4446,26.2409],[147.1863,26.3862],[147.078,26.631],[147.25,26.7811],[147.2238,27.0284],[147.3561,27.198]]}},{"type":"Feature","properties":{"id":892,"source":9646,"mouth":9645,"parent":1013,"basin":1013,"widthFactor":1.0,"sourceWidth":0.09,"discharge":114,"name":"Bretbury","type":"River"},"geometry":{"type":"LineString","coordinates":[[40.149,-17.541],[40.2916,-17.2566],[40.2127,-16.9324],[40.311,-16.6401],[40.5944,-16.8818],[40.9771,-16.9265],[41.2803,-17.1288]]}},{"type":"Feature","properties":{"id":893,"source":11919,"mouth":11804,"parent":0,"basin":893,"widthFactor":1.2,"sourceWidth":0.05,"discharge":67,"name":"Cliton","type":"Creek"},"geometry":{"type":"LineString","coordinates":[[-56.034,-34.092],[-55.7835,-33.9807],[-55.6868,-33.7052],[-55.467,-33.561],[-55.1872,-33.6961],[-54.8719,-33.6134],[-54.585,-33.705]]}},{"type":"Feature","properties":{"id":905,"source":11942,"mouth":11702,"parent":148,"basin":148,"widthFactor":1.0,"sourceWidth":0.1,"discharge":470,"name":"Clitford","type":"River"},"geometry":{"type":"LineString","coordinates":[[35.226,-34.389],[35.2143,-34.1151],[35.0352,-33.9075],[35.0352,-33.9075],[35.0197,-33.573],[34.839,-33.291],[35.137,-33.3207],[35.395,-33.1411],[35.685,-33.129],[35.9453,-33.0258],[36.0999,-32.7924]]}},{"type":"Feature","properties":{"id":914,"source":12479,"mouth":12600,"parent":914,"basin":914,"widthFactor":1.0,"sourceWidth":0.46,"discharge":636,"name":"Kirnetown","type":"River"},"geometry":{"type":"LineString","coordinates":[[52.0632,-38.4426],[52.5451,-38.6744],[53.0747,-38.461],[53.5662,-38.6037],[53.603,-38.9132],[53.922,-39.0459],[54.0153,-39.3201],[54.3678,-39.591],[54.8313,-39.5904],[55.206,-39.807],[55.5335,-39.8798],[55.8305,-39.6821],[56.1519,-39.7008]]}},{"type":"Feature","properties":{"id":919,"source":10816,"mouth":10677,"parent":0,"basin":919,"widthFactor":1.2,"sourceWidth":0.21,"discharge":199,"name":"Picliford","type":"River"},"geometry":{"type":"LineString","coordinates":[[34.904108808739515,-24.655502114292002],[34.7983,-24.7732],[34.4502,-24.8157]]}},{"type":"Feature","properties":{"id":928,"source":10819,"mouth":10246,"parent":928,"basin":928,"widthFactor":1.0,"sourceWidth":0.18,"discharge":616,"name":"Mackerton","type":"River"},"geometry":{"type":"LineString","coordinates":[[36.01625111341969,-21.023949181371066],[36.0148,-21.0243],[35.4834,-20.961]]}},{"type":"Feature","properties":{"id":929,"source":8240,"mouth":7659,"parent":0,"basin":929,"widthFactor":1.2,"sourceWidth":0.08,"discharge":130,"name":"Marldock","type":"River"},"geometry":{"type":"LineString","coordinates":[[129.861,-8.0289],[130.3179,-7.9032],[130.675,-7.5758],[131.112,-7.4097],[131.2526,-7.1573],[131.1767,-6.8616],[131.274,-6.6006],[131.415,-6.2413],[131.3415,-5.8502],[131.4396,-5.4846],[131.5478,-5.1224],[131.4433,-4.7469],[131.5089,-4.3821]]}},{"type":"Feature","properties":{"id":930,"source":12512,"mouth":12129,"parent":0,"basin":930,"widthFactor":1.2,"sourceWidth":0.04,"discharge":222,"name":"Louthfield","type":"River"},"geometry":{"type":"LineString","coordinates":[[156.5154,-38.2851],[156.0801,-38.0763],[155.587,-38.085],[155.1402,-37.9197],[154.8267,-37.6028],[154.3902,-37.4691],[154.0521,-37.1889],[153.8662,-36.7591],[153.5008,-36.4506],[153.279,-36.045],[153.2266,-35.689],[153.0162,-35.397]]}},{"type":"Feature","properties":{"id":931,"source":12513,"mouth":12386,"parent":930,"basin":930,"widthFactor":1.0,"sourceWidth":0.05,"discharge":59,"name":"Swaring","type":"River"},"geometry":{"type":"LineString","coordinates":[[157.5522,-37.9305],[157.3926,-37.7516],[157.1535,-37.7343],[157.0061,-37.5121],[156.7255,-37.4659],[156.5514,-37.2789],[156.0452,-37.4136],[155.6285,-37.7456],[155.1402,-37.9197]]}},{"type":"Feature","properties":{"id":933,"source":10622,"mouth":10330,"parent":0,"basin":933,"widthFactor":1.2,"sourceWidth":0.08,"discharge":159,"name":"Newcesbomer","type":"River"},"geometry":{"type":"LineString","coordinates":[[-162.54,-23.6034],[-162.8379,-23.3275],[-163.2483,-23.2464],[-163.5687,-23.0094],[-163.9325,-22.5321],[-164.4503,-22.213],[-164.8449,-21.7674],[-165.1031,-21.6641],[-165.3751,-21.7771],[-165.636,-21.717],[-165.6314,-21.371],[-165.834,-21.0747],[-165.8709,-20.7387]]}},{"type":"Feature","properties":{"id":934,"source":7653,"mouth":7262,"parent":0,"basin":934,"widthFactor":1.2,"sourceWidth":0.06,"discharge":140,"name":"Carlisford","type":"River"},"geometry":{"type":"LineString","coordinates":[[125.8956,-5.3307],[125.943,-4.7775],[125.7661,-4.2416],[125.7687,-3.6918],[125.6635,-3.4357],[125.3915,-3.3241],[125.253,-3.0969],[125.2142,-2.6481],[124.9671,-2.2593],[124.8867,-1.8225]]}},{"type":"Feature","properties":{"id":935,"source":3903,"mouth":3575,"parent":0,"basin":935,"widthFactor":1.2,"sourceWidth":0.06,"discharge":151,"name":"Shersto","type":"River"},"geometry":{"type":"LineString","coordinates":[[29.3922,16.3926],[29.5502,16.7122],[29.4879,17.0773],[29.6019,17.406],[29.927,17.6853],[30.0769,18.0988],[30.3669,18.405],[30.6608,18.5917],[30.7967,18.9267],[31.059,19.143]]}},{"type":"Feature","properties":{"id":937,"source":2801,"mouth":3068,"parent":0,"basin":937,"widthFactor":1.2,"sourceWidth":0.05,"discharge":158,"name":"Charley","type":"River"},"geometry":{"type":"LineString","coordinates":[[-161.5905,23.9706],[-161.8457,23.7969],[-161.9256,23.4822],[-162.1458,23.2803],[-161.8444,23.0759],[-161.467,23.0787],[-161.1504,22.9158],[-160.862,22.5881],[-160.4426,22.4331],[-160.128,22.14],[-159.7993,22.2899],[-159.6023,22.6073],[-159.3,22.7907]]}},{"type":"Feature","properties":{"id":938,"source":3968,"mouth":3636,"parent":0,"basin":938,"widthFactor":1.2,"sourceWidth":0.06,"discharge":90,"name":"Apseatonta","type":"River"},"geometry":{"type":"LineString","coordinates":[[-150.7185,15.7986],[-150.4576,16.2115],[-150.4057,16.7074],[-150.1866,17.1369],[-150.0573,17.3455],[-150.1448,17.5951],[-150.0588,17.8119],[-149.9864,18.0441],[-150.1303,18.2628],[-150.1011,18.4923]]}},{"type":"Feature","properties":{"id":941,"source":10048,"mouth":9892,"parent":0,"basin":941,"widthFactor":1.2,"sourceWidth":0.09,"discharge":99,"name":"Tindoverke","type":"River"},"geometry":{"type":"LineString","coordinates":[[-161.5428,-19.3383],[-161.8542,-18.9798],[-162.3044,-18.7983],[-162.6435,-18.4752],[-162.7042,-18.1869],[-162.9574,-18.0066],[-163.0566,-17.7399]]}},{"type":"Feature","properties":{"id":942,"source":1288,"mouth":1217,"parent":0,"basin":942,"widthFactor":1.2,"sourceWidth":0.07,"discharge":75,"name":"Dalnewich","type":"Creek"},"geometry":{"type":"LineString","coordinates":[[-161.0451,42.8121],[-160.9859,43.104],[-161.1504,43.3719],[-161.136,43.659],[-160.9693,43.8934],[-161.0131,44.1943],[-160.8885,44.442]]}},{"type":"Feature","properties":{"id":943,"source":6558,"mouth":6556,"parent":0,"basin":943,"widthFactor":1.2,"sourceWidth":0.04,"discharge":45,"name":"Thaxted","type":"River"},"geometry":{"type":"LineString","coordinates":[[133.443,1.1601],[133.1271,1.3141],[132.7677,1.2473],[132.4431,1.3572],[132.0377,1.5284],[131.589,1.4831],[131.175,1.611]]}},{"type":"Feature","properties":{"id":944,"source":5071,"mouth":4881,"parent":0,"basin":944,"widthFactor":1.2,"sourceWidth":0.05,"discharge":61,"name":"Horsted","type":"River"},"geometry":{"type":"LineString","coordinates":[[-143.4816,9.6309],[-143.158,9.7281],[-142.9542,10.0158],[-142.6545,10.1511],[-142.4671,9.9479],[-142.1737,9.9384],[-141.9651,9.774]]}},{"type":"Feature","properties":{"id":945,"source":2549,"mouth":2433,"parent":0,"basin":945,"widthFactor":1.2,"sourceWidth":0.07,"discharge":94,"name":"Ormouth","type":"Creek"},"geometry":{"type":"LineString","coordinates":[[-158.4063,26.5068],[-158.1164,26.5258],[-157.91,26.7538],[-157.6368,26.8146],[-157.2885,26.8189],[-156.9987,27.036],[-156.6621,27.0828]]}},{"type":"Feature","properties":{"id":946,"source":2251,"mouth":2165,"parent":0,"basin":946,"widthFactor":1.2,"sourceWidth":0.04,"discharge":65,"name":"Marlmondge","type":"River"},"geometry":{"type":"LineString","coordinates":[[-17.2818,29.0952],[-17.1735,29.3289],[-17.2895,29.5799],[-17.226,29.817],[-16.8219,29.9178],[-16.5153,30.2166],[-16.1307,30.357]]}},{"type":"Feature","properties":{"id":947,"source":4131,"mouth":3951,"parent":0,"basin":947,"widthFactor":1.2,"sourceWidth":0.05,"discharge":46,"name":"Birlow","type":"Brook"},"geometry":{"type":"LineString","coordinates":[[-165.2949,14.5917],[-165.3781,14.9034],[-165.6538,15.0988],[-165.7755,15.3873],[-165.932,15.659],[-166.241,15.7712],[-166.428,16.011]]}},{"type":"Feature","properties":{"id":948,"source":6180,"mouth":6182,"parent":0,"basin":948,"widthFactor":1.2,"sourceWidth":0.1,"discharge":123,"name":"Warbury","type":"Brook"},"geometry":{"type":"LineString","coordinates":[[-24.3639,3.4038],[-24.1835,3.3067],[-23.9943,3.4344],[-23.8122,3.3822],[-23.6277,3.0609],[-23.2835,2.8919],[-23.067,2.601]]}},{"type":"Feature","properties":{"id":949,"source":4345,"mouth":4347,"parent":0,"basin":949,"widthFactor":1.2,"sourceWidth":0.08,"discharge":138,"name":"Westfordbu","type":"Creek"},"geometry":{"type":"LineString","coordinates":[[-129.1986,13.5855],[-129.0432,13.3741],[-128.7633,13.35],[-128.583,13.176],[-128.165,12.9834],[-127.6948,13.0053],[-127.2663,12.8556]]}},{"type":"Feature","properties":{"id":951,"source":7994,"mouth":8200,"parent":0,"basin":951,"widthFactor":1.2,"sourceWidth":0.09,"discharge":176,"name":"Whitford","type":"Creek"},"geometry":{"type":"LineString","coordinates":[[33.921,-7.875],[33.6239,-7.9938],[33.4658,-8.2896],[33.1965,-8.4438],[33.1914,-8.194],[32.9815,-8.0264],[32.9355,-7.7931]]}},{"type":"Feature","properties":{"id":952,"source":12321,"mouth":12454,"parent":0,"basin":952,"widthFactor":1.2,"sourceWidth":0.08,"discharge":127,"name":"Walton","type":"River"},"geometry":{"type":"LineString","coordinates":[[37.449,-37.62],[37.2241,-37.5606],[37.0304,-37.724],[36.8118,-37.7091],[36.7341,-38.0122],[36.8769,-38.3076],[36.8433,-38.6091],[36.709,-38.7924],[36.7852,-39.0274],[36.693,-39.2211]]}},{"type":"Feature","properties":{"id":953,"source":12322,"mouth":12455,"parent":0,"basin":953,"widthFactor":1.2,"sourceWidth":0.06,"discharge":89,"name":"Gramney","type":"Creek"},"geometry":{"type":"LineString","coordinates":[[37.278,-38.151],[37.194,-38.3932],[37.335,-38.6299],[37.296,-38.871],[37.0507,-38.9114],[36.9162,-39.1426],[36.693,-39.2211]]}},{"type":"Feature","properties":{"id":954,"source":2349,"mouth":2254,"parent":0,"basin":954,"widthFactor":1.2,"sourceWidth":0.06,"discharge":86,"name":"Cockingmore","type":"River"},"geometry":{"type":"LineString","coordinates":[[-15.4764,28.0179],[-15.3002,28.3548],[-15.3425,28.7457],[-15.21,29.0934],[-15.1359,29.4186],[-15.2823,29.7341],[-15.2523,30.0573]]}},{"type":"Feature","properties":{"id":955,"source":9065,"mouth":9067,"parent":0,"basin":955,"widthFactor":1.2,"sourceWidth":0.04,"discharge":53,"name":"Avemarareso","type":"Creek"},"geometry":{"type":"LineString","coordinates":[[-157.455,-13.518],[-157.1732,-13.7138],[-156.8159,-13.6976],[-156.519,-13.851],[-156.2114,-13.9026],[-155.9303,-13.7352],[-155.628,-13.743]]}},{"type":"Feature","properties":{"id":1008,"source":2194,"mouth":2109,"parent":232,"basin":1011,"widthFactor":1.0,"sourceWidth":0.05,"discharge":58,"name":"Horstony","type":"Branch"},"geometry":{"type":"LineString","coordinates":[[143.6247,29.9808],[143.7431,30.1999],[143.6383,30.4472],[143.712,30.672],[144.1396,30.5234],[144.5977,30.5933],[145.0314,30.4884]]}},{"type":"Feature","properties":{"id":1011,"source":2506,"mouth":2895,"parent":0,"basin":1011,"widthFactor":1.2,"sourceWidth":1.0,"discharge":1737,"name":"Axbrover","type":"River"},"geometry":{"type":"LineString","coordinates":[[145.7271,27.063],[145.3797,27.1186],[145.1965,26.7577],[144.882,26.73],[144.6412,26.5534],[144.6964,26.2243],[144.5148,26.0172],[144.3017,25.7278],[144.3686,25.3511],[144.2115,25.0443],[143.6923,25.0216],[143.2418,24.7354],[142.7364,24.66],[142.434,24.4269],[142.3393,24.0393],[142.0785,23.7753],[141.6656,23.8066],[141.2942,23.5924],[140.8896,23.5746],[140.4075,23.7448],[139.8894,23.6763],[139.4001,23.7987],[139.1634,23.9692],[138.8718,23.9598]]}},{"type":"Feature","properties":{"id":1012,"source":10256,"mouth":9958,"parent":1013,"basin":1013,"widthFactor":0.1,"sourceWidth":0.82,"discharge":1644,"name":"Burlister","type":"River"},"geometry":{"type":"LineString","coordinates":[[42.7932,-21.0834],[42.8522,-20.4843],[42.4727,-19.9759],[42.444,-19.395],[42.301,-19.0249],[41.9057,-18.8721],[41.7123,-18.5454],[41.9941,-18.2252],[42.0109,-17.7793],[42.2397,-17.4339]]}},{"type":"Feature","properties":{"id":1013,"source":9648,"mouth":9478,"parent":0,"basin":1013,"widthFactor":0.1,"sourceWidth":0.79,"discharge":4731,"name":"Staptonsey","type":"River"},"geometry":{"type":"LineString","coordinates":[[41.3523,-16.1298],[41.1142,-15.9412],[40.8586,-16.2001],[40.617,-16.101],[40.6081,-15.7542],[40.356,-15.516],[40.0888,-15.3775],[39.8034,-15.4728],[39.5439,-15.2367],[39.195,-15.1992]]}},{"type":"Feature","properties":{"id":1014,"source":8244,"mouth":7663,"parent":0,"basin":1014,"widthFactor":1.2,"sourceWidth":0.08,"discharge":242,"name":"Ormsle","type":"River"},"geometry":{"type":"LineString","coordinates":[[134.046,-8.2188],[134.1288,-7.7581],[133.9866,-7.3009],[134.0244,-6.8409],[133.9268,-6.5461],[133.6842,-6.3522],[133.6661,-5.9749],[133.4397,-5.6574],[133.38,-5.292],[133.4553,-5.0442],[133.3602,-4.8033],[133.2506,-4.5458],[132.9815,-4.4243],[132.84,-4.194]]}},{"type":"Feature","properties":{"id":1015,"source":8436,"mouth":7660,"parent":0,"basin":1015,"widthFactor":1.2,"sourceWidth":0.07,"discharge":146,"name":"Blechwelbo","type":"River"},"geometry":{"type":"LineString","coordinates":[[132.7761,-8.9685],[133.1328,-8.6675],[133.314,-8.2257],[133.6356,-7.8966],[133.388,-7.4714],[132.9727,-7.1897],[132.6915,-6.7932],[132.6623,-6.5044],[132.4338,-6.3008],[132.3648,-6.0291],[132.3357,-5.7759],[132.1153,-5.6164],[132.048,-5.382],[132.1297,-5.0311],[132.0019,-4.6815],[132.0417,-4.3308]]}},{"type":"Feature","properties":{"id":1016,"source":8035,"mouth":7657,"parent":0,"basin":1016,"widthFactor":1.2,"sourceWidth":0.08,"discharge":175,"name":"Brasmouth","type":"River"},"geometry":{"type":"LineString","coordinates":[[129.2634,-7.6158],[129.298,-7.0682],[129.1088,-6.5434],[129.0987,-6.0003],[129.5431,-5.7011],[129.8358,-5.2416],[130.2498,-4.9104],[130.5302,-4.6954],[130.6406,-4.3459],[130.887,-4.104]]}},{"type":"Feature","properties":{"id":1017,"source":4074,"mouth":3905,"parent":0,"basin":1017,"widthFactor":1.2,"sourceWidth":0.06,"discharge":70,"name":"Carming","type":"River"},"geometry":{"type":"LineString","coordinates":[[30.4263,15.4836],[30.8937,15.9171],[31.1863,16.4923],[31.6188,16.9542],[31.7974,17.1309],[31.7755,17.3999],[31.914,17.595]]}},{"type":"Feature","properties":{"id":1018,"source":13081,"mouth":13082,"parent":0,"basin":1018,"widthFactor":1.2,"sourceWidth":0.08,"discharge":75,"name":"Macham","type":"River"},"geometry":{"type":"LineString","coordinates":[[151.6635,-45.3699],[152.0689,-45.5485],[152.5213,-45.5071],[152.9361,-45.6417],[153.3406,-45.6042],[153.6774,-45.3567],[154.0683,-45.2772]]}},{"type":"Feature","properties":{"id":1019,"source":2800,"mouth":2799,"parent":0,"basin":1019,"widthFactor":1.2,"sourceWidth":0.05,"discharge":48,"name":"Atlemave","type":"Brook"},"geometry":{"type":"LineString","coordinates":[[-162.8217,24.4539],[-163.0329,24.2781],[-163.0514,23.9861],[-163.224,23.787],[-163.585,23.6784],[-163.8347,23.3793],[-164.1735,23.2326]]}},{"type":"Feature","properties":{"id":1021,"source":12630,"mouth":12632,"parent":0,"basin":1021,"widthFactor":1.2,"sourceWidth":0.05,"discharge":47,"name":"Searingham","type":"River"},"geometry":{"type":"LineString","coordinates":[[159.0831,-39.6423],[159.5791,-39.8131],[160.1108,-39.7617],[160.614,-39.888],[160.8834,-40.0259],[161.1918,-39.9465],[161.469,-40.041]]}},{"type":"Feature","properties":{"id":1022,"source":3793,"mouth":3637,"parent":0,"basin":1022,"widthFactor":1.2,"sourceWidth":0.1,"discharge":128,"name":"Fencesdon","type":"Stream"},"geometry":{"type":"LineString","coordinates":[[-149.6673,16.9749],[-149.552,17.1576],[-149.6597,17.3703],[-149.589,17.559],[-149.4317,17.9246],[-149.4914,18.3302],[-149.3775,18.7038]]}},{"type":"Feature","properties":{"id":1025,"source":9007,"mouth":9182,"parent":0,"basin":1025,"widthFactor":1.2,"sourceWidth":0.05,"discharge":79,"name":"Grantham","type":"River"},"geometry":{"type":"LineString","coordinates":[[132.7464,-12.5586],[132.5296,-12.8154],[132.5173,-13.166],[132.3414,-13.4415],[132.1261,-13.8004],[132.1198,-14.2303],[131.9463,-14.6034]]}},{"type":"Feature","properties":{"id":1026,"source":11984,"mouth":11865,"parent":0,"basin":1026,"widthFactor":1.2,"sourceWidth":0.12,"discharge":149,"name":"Axbrid","type":"Creek"},"geometry":{"type":"LineString","coordinates":[[135.8919,-34.047],[135.8418,-33.8407],[135.6162,-33.7752],[135.531,-33.597],[135.083,-33.8556],[134.7763,-34.2837],[134.3565,-34.5762]]}},{"type":"Feature","properties":{"id":1027,"source":10189,"mouth":9890,"parent":0,"basin":1027,"widthFactor":1.2,"sourceWidth":0.07,"discharge":99,"name":"Penkley","type":"Brook"},"geometry":{"type":"LineString","coordinates":[[-163.8693,-20.5461],[-164.0488,-20.1373],[-164.4118,-19.8587],[-164.628,-19.476],[-164.6386,-19.209],[-164.8545,-19.023],[-164.9061,-18.7722]]}},{"type":"Feature","properties":{"id":1028,"source":9711,"mouth":9552,"parent":0,"basin":1028,"widthFactor":1.2,"sourceWidth":0.04,"discharge":36,"name":"Marltontare","type":"Brook"},"geometry":{"type":"LineString","coordinates":[[162.2151,-16.3152],[162.4247,-15.9827],[162.4215,-15.577],[162.5886,-15.2298],[162.5139,-14.9841],[162.263,-14.8712],[162.153,-14.652]]}},{"type":"Feature","properties":{"id":1029,"source":1390,"mouth":1323,"parent":0,"basin":1029,"widthFactor":1.2,"sourceWidth":0.05,"discharge":65,"name":"Tetbury","type":"River"},"geometry":{"type":"LineString","coordinates":[[135.6021,41.7123],[135.1894,41.9597],[134.6992,41.9959],[134.271,42.201],[133.8826,42.2437],[133.5202,42.0672],[133.137,42.066]]}},{"type":"Feature","properties":{"id":1030,"source":11889,"mouth":11888,"parent":0,"basin":1030,"widthFactor":1.2,"sourceWidth":0.06,"discharge":73,"name":"Folesle","type":"Creek"},"geometry":{"type":"LineString","coordinates":[[154.2762,-33.0768],[154.0047,-33.0199],[153.761,-33.1863],[153.495,-33.174],[153.4204,-33.3949],[153.5661,-33.602],[153.5355,-33.8202]]}},{"type":"Feature","properties":{"id":1031,"source":10047,"mouth":9891,"parent":0,"basin":1031,"widthFactor":1.2,"sourceWidth":0.06,"discharge":91,"name":"Bihulbor","type":"River"},"geometry":{"type":"LineString","coordinates":[[-163.2528,-19.9062],[-163.1925,-19.5218],[-163.3565,-19.1549],[-163.341,-18.774],[-163.1611,-18.4527],[-163.194,-18.0729],[-163.0566,-17.7399]]}},{"type":"Feature","properties":{"id":1032,"source":4898,"mouth":5084,"parent":0,"basin":1032,"widthFactor":1.2,"sourceWidth":0.06,"discharge":92,"name":"Westckeham","type":"Creek"},"geometry":{"type":"LineString","coordinates":[[-132.822,9.459],[-132.5538,9.4073],[-132.3117,9.5337],[-132.1521,9.3275],[-131.874,9.3075],[-131.6907,9.1386]]}},{"type":"Feature","properties":{"id":1033,"source":5164,"mouth":4984,"parent":0,"basin":1033,"widthFactor":1.2,"sourceWidth":0.04,"discharge":47,"name":"Padsmouth","type":"River"},"geometry":{"type":"LineString","coordinates":[[41.7438,9.3591],[42.0171,9.6701],[42.0931,10.0893],[42.327,10.422],[42.4681,10.7409],[42.3914,11.0951],[42.489,11.421]]}},{"type":"Feature","properties":{"id":1035,"source":3214,"mouth":3213,"parent":0,"basin":1035,"widthFactor":1.2,"sourceWidth":0.05,"discharge":53,"name":"Atford","type":"River"},"geometry":{"type":"LineString","coordinates":[[-144.3537,20.7216],[-144.5221,20.9078],[-144.7922,20.8933],[-144.981,21.0393],[-145.5003,20.986],[-145.9603,20.7202],[-146.4678,20.6244]]}},{"type":"Feature","properties":{"id":1036,"source":5036,"mouth":5037,"parent":0,"basin":1036,"widthFactor":1.2,"sourceWidth":0.07,"discharge":98,"name":"Searen","type":"Creek"},"geometry":{"type":"LineString","coordinates":[[165.8511,10.08],[166.0789,10.1528],[166.1625,10.3984],[166.3614,10.5057],[166.6614,10.6549],[166.8144,10.9688],[167.085,11.151]]}},{"type":"Feature","properties":{"id":1037,"source":10768,"mouth":10769,"parent":0,"basin":1037,"widthFactor":1.2,"sourceWidth":0.06,"discharge":62,"name":"Lutewich","type":"River"},"geometry":{"type":"LineString","coordinates":[[-159.4935,-24.8481],[-159.2579,-24.9772],[-158.9866,-24.8841],[-158.7438,-24.9687],[-158.4481,-25.1085],[-158.1154,-25.0308],[-157.8123,-25.1271]]}},{"type":"Feature","properties":{"id":1038,"source":12717,"mouth":12716,"parent":0,"basin":1038,"widthFactor":1.2,"sourceWidth":0.06,"discharge":136,"name":"Famersmouth","type":"Creek"},"geometry":{"type":"LineString","coordinates":[[149.0067,-40.6602],[148.7877,-40.6181],[148.619,-40.7953],[148.41,-40.797],[148.1549,-40.3782],[147.7351,-40.1064],[147.447,-39.717]]}},{"type":"Feature","properties":{"id":1039,"source":8481,"mouth":8476,"parent":0,"basin":1039,"widthFactor":1.2,"sourceWidth":0.04,"discharge":117,"name":"Gazion","type":"River"},"geometry":{"type":"LineString","coordinates":[[-171.666,-11.187],[-171.7891,-10.8961],[-172.0859,-10.7482],[-172.2438,-10.4859],[-172.5777,-10.2815],[-172.9814,-10.2866],[-173.3292,-10.1241],[-173.3505,-9.8518],[-173.5713,-9.664],[-173.6325,-9.4086]]}},{"type":"Feature","properties":{"id":1103,"source":5237,"mouth":4490,"parent":0,"basin":1103,"widthFactor":1.2,"sourceWidth":0.84,"discharge":927,"name":"Broney","type":"River"},"geometry":{"type":"LineString","coordinates":[[-157.158,7.947],[-156.9457,8.3121],[-157.1794,8.7169],[-157.0563,9.09],[-156.8865,9.4522],[-157.0482,9.8472],[-156.9447,10.2159],[-157.0388,10.6045],[-157.3851,10.8436],[-157.5297,11.2023],[-157.2761,11.5929],[-157.2792,12.0742],[-157.077,12.483],[-156.9444,12.8441],[-157.0698,13.2257],[-156.9888,13.5909]]}},{"type":"Feature","properties":{"id":1108,"source":6236,"mouth":6399,"parent":0,"basin":1108,"widthFactor":1.2,"sourceWidth":0.04,"discharge":37,"name":"Nostoli","type":"Brook"},"geometry":{"type":"LineString","coordinates":[[132.9876,2.9502],[132.6731,2.7579],[132.5193,2.4081],[132.237,2.1843],[131.9577,2.3503],[131.6214,2.3031],[131.3307,2.4264]]}},{"type":"Feature","properties":{"id":1112,"source":4997,"mouth":4811,"parent":0,"basin":1112,"widthFactor":1.2,"sourceWidth":0.06,"discharge":90,"name":"Carton","type":"Creek"},"geometry":{"type":"LineString","coordinates":[[54.261,10.944],[54.3396,10.6684],[54.6042,10.5193],[54.72,10.269],[54.9695,10.0868],[55.2928,10.1126],[55.557,9.972]]}},{"type":"Feature","properties":{"id":1113,"source":12023,"mouth":12025,"parent":0,"basin":1113,"widthFactor":1.2,"sourceWidth":0.06,"discharge":57,"name":"Matondovil","type":"River"},"geometry":{"type":"LineString","coordinates":[[164.736,-34.1451],[164.9484,-34.114],[165.0378,-33.8944],[165.2256,-33.8256],[165.7359,-34.0456],[166.3002,-34.0516],[166.8213,-34.2288]]}},{"type":"Feature","properties":{"id":1114,"source":1985,"mouth":1986,"parent":0,"basin":1114,"widthFactor":1.2,"sourceWidth":0.04,"discharge":78,"name":"Stotham","type":"Creek"},"geometry":{"type":"LineString","coordinates":[[170.6967,33.6762],[170.942,33.5502],[171.2191,33.6469],[171.4707,33.5655],[171.7526,33.9208],[171.8382,34.3771],[172.0809,34.7526]]}},{"type":"Feature","properties":{"id":1115,"source":1557,"mouth":1558,"parent":0,"basin":1115,"widthFactor":1.2,"sourceWidth":0.05,"discharge":105,"name":"Braster","type":"Creek"},"geometry":{"type":"LineString","coordinates":[[166.6269,39.3921],[166.897,39.3764],[167.1046,39.5769],[167.3622,39.6045],[167.4923,40.0086],[167.4029,40.4352],[167.4891,40.8438]]}},{"type":"Feature","properties":{"id":1116,"source":3353,"mouth":3349,"parent":0,"basin":1116,"widthFactor":1.2,"sourceWidth":0.07,"discharge":79,"name":"Walcestow","type":"River"},"geometry":{"type":"LineString","coordinates":[[-145.269,19.602],[-145.4431,19.806],[-145.7294,19.815],[-145.926,19.98],[-146.039,20.2516],[-146.321,20.3812],[-146.4678,20.6244]]}},{"type":"Feature","properties":{"id":1118,"source":11824,"mouth":11822,"parent":148,"basin":148,"widthFactor":1.0,"sourceWidth":0.06,"discharge":86,"name":"Totfordley","type":"Brook"},"geometry":{"type":"LineString","coordinates":[[36.945,-33.48],[36.8018,-33.2716],[36.5306,-33.2482],[36.3618,-33.0768],[36.2958,-32.8748],[36.0999,-32.7924]]}},{"type":"Feature","properties":{"id":1119,"source":4169,"mouth":3988,"parent":0,"basin":1119,"widthFactor":1.2,"sourceWidth":0.07,"discharge":74,"name":"Maclesle","type":"River"},"geometry":{"type":"LineString","coordinates":[[-132.5457,14.8572],[-132.7797,15.2128],[-133.1712,15.4077],[-133.4367,15.7311],[-133.4931,16.0509],[-133.7482,16.2747],[-133.8444,16.5753]]}},{"type":"Feature","properties":{"id":1120,"source":11823,"mouth":11708,"parent":148,"basin":148,"widthFactor":1.0,"sourceWidth":0.08,"discharge":98,"name":"Gatham","type":"Brook"},"geometry":{"type":"LineString","coordinates":[[37.098,-33.354],[37.2289,-33.1041],[37.1376,-32.8189],[37.224,-32.562],[36.9492,-32.3763],[36.6039,-32.3998],[36.315,-32.256]]}},{"type":"Feature","properties":{"id":1121,"source":11864,"mouth":11863,"parent":0,"basin":1121,"widthFactor":1.2,"sourceWidth":0.04,"discharge":88,"name":"Knares","type":"Creek"},"geometry":{"type":"LineString","coordinates":[[135.1719,-33.1515],[134.8793,-33.1356],[134.644,-33.3372],[134.3628,-33.3648],[134.145,-33.6072],[134.1252,-33.9471],[133.947,-34.209]]}},{"type":"Feature","properties":{"id":1122,"source":4018,"mouth":4016,"parent":0,"basin":1122,"widthFactor":1.2,"sourceWidth":0.05,"discharge":78,"name":"Macles","type":"Creek"},"geometry":{"type":"LineString","coordinates":[[-44.082,15.552],[-43.8432,15.6771],[-43.7694,15.9552],[-43.5636,16.1109],[-43.4533,16.3206],[-43.5186,16.5483]]}},{"type":"Feature","properties":{"id":1168,"source":12183,"mouth":12451,"parent":1168,"basin":1168,"widthFactor":1.2,"sourceWidth":0.07,"discharge":821,"name":"Orlisbume","type":"River"},"geometry":{"type":"LineString","coordinates":[[33.894,-37.008],[33.836,-37.3194],[34.0018,-37.6075],[33.9885,-37.9143],[33.9885,-37.9143],[34.2544,-38.0963],[34.5762,-38.1141],[34.8691,-38.0713],[35.0718,-37.8355],[35.3466,-37.7541],[35.2767,-38.05],[35.4161,-38.3359],[35.388,-38.6298],[35.6322,-38.7087],[35.8734,-38.5814],[36.117,-38.619],[36.2503,-38.8758],[36.5303,-38.9923],[36.693,-39.2211]]}},{"type":"Feature","properties":{"id":1176,"source":12091,"mouth":12093,"parent":0,"basin":1176,"widthFactor":1.2,"sourceWidth":0.15,"discharge":142,"name":"Knutsmouth","type":"River"},"geometry":{"type":"LineString","coordinates":[[56.8899,-35.0028],[56.977,-35.3398],[57.3781,-35.3578],[57.528,-35.631],[57.9809,-35.9095],[58.5316,-35.8697],[59.004,-36.0846]]}},{"type":"Feature","properties":{"id":1183,"source":4590,"mouth":4414,"parent":0,"basin":1183,"widthFactor":1.2,"sourceWidth":0.06,"discharge":93,"name":"Quathamney","type":"Creek"},"geometry":{"type":"LineString","coordinates":[[33.8112,12.3849],[34.1687,12.5034],[34.4064,12.8124],[34.74,12.969],[35.0748,13.0843],[35.2881,13.3838],[35.5986,13.536]]}},{"type":"Feature","properties":{"id":1184,"source":12935,"mouth":12860,"parent":0,"basin":1184,"widthFactor":1.2,"sourceWidth":0.06,"discharge":94,"name":"Brutonsey","type":"River"},"geometry":{"type":"LineString","coordinates":[[148.1571,-43.6743],[147.8542,-43.3246],[147.4131,-43.1524],[147.0825,-42.8382],[146.7586,-42.9392],[146.5529,-43.2265],[146.2527,-43.3647]]}},{"type":"Feature","properties":{"id":1185,"source":5161,"mouth":4787,"parent":0,"basin":1185,"widthFactor":1.2,"sourceWidth":0.07,"discharge":77,"name":"Netonton","type":"Creek"},"geometry":{"type":"LineString","coordinates":[[38.7801,9.8946],[38.6649,10.3045],[38.3509,10.6091],[38.196,10.998],[37.9497,11.1413],[37.6569,11.0688],[37.4013,11.169]]}},{"type":"Feature","properties":{"id":1186,"source":7834,"mouth":7833,"parent":0,"basin":1186,"widthFactor":1.2,"sourceWidth":0.04,"discharge":85,"name":"Maney","type":"Creek"},"geometry":{"type":"LineString","coordinates":[[122.3829,-5.7753],[122.1145,-5.7687],[121.9163,-5.9759],[121.662,-6.012],[121.4501,-6.2972],[121.4425,-6.6659],[121.2714,-6.9678]]}},{"type":"Feature","properties":{"id":1187,"source":2323,"mouth":2233,"parent":0,"basin":1187,"widthFactor":1.2,"sourceWidth":0.06,"discharge":59,"name":"Redcham","type":"Creek"},"geometry":{"type":"LineString","coordinates":[[-164.1402,27.9846],[-164.3288,28.2806],[-164.6699,28.4111],[-164.889,28.674],[-165.1862,28.888],[-165.5654,28.897],[-165.879,29.07]]}},{"type":"Feature","properties":{"id":1188,"source":2468,"mouth":2591,"parent":0,"basin":1188,"widthFactor":1.2,"sourceWidth":0.08,"discharge":83,"name":"Westcham","type":"Creek"},"geometry":{"type":"LineString","coordinates":[[-13.2714,26.9901],[-13.4858,26.7502],[-13.4972,26.4133],[-13.671,26.154],[-13.9484,26.0989],[-14.1173,25.8516],[-14.373,25.758]]}},{"type":"Feature","properties":{"id":1189,"source":2467,"mouth":2590,"parent":0,"basin":1189,"widthFactor":1.2,"sourceWidth":0.07,"discharge":72,"name":"Ormsterton","type":"Creek"},"geometry":{"type":"LineString","coordinates":[[-14.2677,26.8272],[-14.3903,26.6655],[-14.3361,26.4699],[-14.5448,26.4781],[-14.6682,26.2828],[-14.8599,26.2503]]}},{"type":"Feature","properties":{"id":1190,"source":9174,"mouth":9346,"parent":0,"basin":1190,"widthFactor":1.2,"sourceWidth":0.1,"discharge":122,"name":"Masalcescom","type":"Brook"},"geometry":{"type":"LineString","coordinates":[[126.711,-13.779],[126.4497,-13.8793],[126.3324,-14.1526],[126.0999,-14.2875],[125.8253,-14.5025],[125.7264,-14.8512],[125.487,-15.093]]}},{"type":"Feature","properties":{"id":1191,"source":9739,"mouth":9738,"parent":0,"basin":1191,"widthFactor":1.2,"sourceWidth":0.05,"discharge":72,"name":"Piclifton","type":"Creek"},"geometry":{"type":"LineString","coordinates":[[-159.084,-17.703],[-159.3234,-17.5782],[-159.5943,-17.6762],[-159.84,-17.5959],[-160.0454,-17.3778],[-160.3598,-17.3517],[-160.587,-17.172]]}},{"type":"Feature","properties":{"id":1192,"source":13075,"mouth":13144,"parent":0,"basin":1192,"widthFactor":1.2,"sourceWidth":0.06,"discharge":47,"name":"Hatrinch","type":"Brook"},"geometry":{"type":"LineString","coordinates":[[146.808,-46.107],[146.5546,-46.1974],[146.4434,-46.4623],[146.2185,-46.5876],[146.2274,-46.2344],[146.0213,-45.9309],[145.9872,-45.5877]]}},{"type":"Feature","properties":{"id":1193,"source":4524,"mouth":4709,"parent":0,"basin":1193,"widthFactor":1.2,"sourceWidth":0.07,"discharge":90,"name":"Thetham","type":"Stream"},"geometry":{"type":"LineString","coordinates":[[-128.871,11.907],[-129.0639,11.8401],[-129.097,11.6149],[-129.258,11.5164],[-129.3282,11.0343],[-129.1779,10.5605],[-129.204,10.08]]}},{"type":"Feature","properties":{"id":1224,"source":12181,"mouth":12059,"parent":0,"basin":1224,"widthFactor":0.2,"sourceWidth":0.8,"discharge":817,"name":"Stother","type":"River"},"geometry":{"type":"LineString","coordinates":[[33.5673,-36.1206],[33.336,-35.8104],[32.9104,-35.9037],[32.6403,-35.6742],[32.5647,-35.0995],[32.1778,-34.643],[32.04,-34.092]]}},{"type":"Feature","properties":{"id":1256,"source":2426,"mouth":2321,"parent":0,"basin":1256,"widthFactor":1.2,"sourceWidth":0.06,"discharge":54,"name":"Stanster","type":"River"},"geometry":{"type":"LineString","coordinates":[[-164.5353,27.0909],[-164.6391,27.4979],[-164.9439,27.8039],[-165.0879,28.1907],[-165.409,28.4029],[-165.8063,28.4079],[-166.1427,28.5786]]}},{"type":"Feature","properties":{"id":1257,"source":10620,"mouth":10762,"parent":0,"basin":1257,"widthFactor":1.2,"sourceWidth":0.08,"discharge":108,"name":"Searingham","type":"River"},"geometry":{"type":"LineString","coordinates":[[-164.5263,-24.2253],[-164.9321,-24.3758],[-165.2174,-24.7163],[-165.5991,-24.9048],[-166.0401,-24.7296],[-166.5231,-24.7711],[-166.9725,-24.6393]]}},{"type":"Feature","properties":{"id":1258,"source":3281,"mouth":3145,"parent":0,"basin":1258,"widthFactor":1.2,"sourceWidth":0.04,"discharge":44,"name":"Clitford","type":"River"},"geometry":{"type":"LineString","coordinates":[[18.6075,20.8656],[18.7708,21.1227],[18.7171,21.439],[18.837,21.708],[18.7993,22.1956],[18.5483,22.6267],[18.468,23.103]]}},{"type":"Feature","properties":{"id":1259,"source":6107,"mouth":6106,"parent":0,"basin":1259,"widthFactor":1.2,"sourceWidth":0.05,"discharge":42,"name":"Gatham","type":"Creek"},"geometry":{"type":"LineString","coordinates":[[-166.248,2.988],[-166.5285,2.9691],[-166.7228,2.7424],[-166.986,2.682],[-167.2257,2.7792],[-167.4736,2.6559],[-167.715,2.709]]}},{"type":"Feature","properties":{"id":1260,"source":1791,"mouth":1790,"parent":1353,"basin":1353,"widthFactor":1.0,"sourceWidth":0.06,"discharge":102,"name":"Heymouth","type":"Fork"},"geometry":{"type":"LineString","coordinates":[[-153.4707,35.748],[-153.7806,35.8256],[-154.0815,35.6784],[-154.3896,35.7111],[-154.6544,35.2253],[-154.711,34.6662],[-154.9341,34.1658]]}},{"type":"Feature","properties":{"id":1262,"source":1932,"mouth":1786,"parent":1353,"basin":1353,"widthFactor":1.0,"sourceWidth":0.05,"discharge":65,"name":"Picketon","type":"River"},"geometry":{"type":"LineString","coordinates":[[-158.8212,33.5385],[-158.4676,33.9785],[-158.3095,34.5297],[-157.995,34.992],[-157.9292,35.2689],[-158.0834,35.5278],[-158.0616,35.8011]]}},{"type":"Feature","properties":{"id":1263,"source":8286,"mouth":8289,"parent":0,"basin":1263,"widthFactor":1.2,"sourceWidth":0.07,"discharge":164,"name":"Framping","type":"River"},"geometry":{"type":"LineString","coordinates":[[-171.693,-10.206],[-171.4407,-10.2869],[-171.1966,-10.143],[-170.946,-10.179],[-170.7522,-10.0396],[-170.7444,-9.7814],[-170.5878,-9.6183],[-170.8744,-9.3609],[-171.2658,-9.2932],[-171.5733,-9.0738]]}},{"type":"Feature","properties":{"id":1264,"source":1359,"mouth":1286,"parent":0,"basin":1264,"widthFactor":1.2,"sourceWidth":0.06,"discharge":67,"name":"Charne","type":"Brook"},"geometry":{"type":"LineString","coordinates":[[-162.477,41.508],[-162.5337,41.8441],[-162.7944,42.0855],[-162.8919,42.4026],[-163.1418,42.3481],[-163.2732,42.1074],[-163.4994,42.0156]]}},{"type":"Feature","properties":{"id":1265,"source":4330,"mouth":4162,"parent":0,"basin":1265,"widthFactor":1.2,"sourceWidth":0.05,"discharge":89,"name":"Cleorough","type":"Creek"},"geometry":{"type":"LineString","coordinates":[[-141.2838,13.644],[-140.9895,13.8044],[-140.852,14.1263],[-140.589,14.319],[-140.2736,14.1268],[-139.8917,14.1451],[-139.563,13.995]]}},{"type":"Feature","properties":{"id":1266,"source":7611,"mouth":7612,"parent":0,"basin":1266,"widthFactor":1.2,"sourceWidth":0.08,"discharge":73,"name":"Berlow","type":"Creek"},"geometry":{"type":"LineString","coordinates":[[28.665,-5.3559],[28.8823,-5.4194],[29.0716,-5.2596],[29.2833,-5.2785],[29.5738,-5.0698],[29.6953,-4.7191],[29.952,-4.482]]}},{"type":"Feature","properties":{"id":1267,"source":9572,"mouth":9571,"parent":0,"basin":1267,"widthFactor":1.2,"sourceWidth":0.08,"discharge":126,"name":"Towboliver","type":"Creek"},"geometry":{"type":"LineString","coordinates":[[-159.417,-16.668],[-159.6266,-16.6499],[-159.7577,-16.8428],[-159.9516,-16.8669],[-160.2016,-16.889],[-160.3561,-17.1101],[-160.587,-17.172]]}},{"type":"Feature","properties":{"id":1268,"source":4612,"mouth":4427,"parent":0,"basin":1268,"widthFactor":1.2,"sourceWidth":0.05,"discharge":76,"name":"Helstonta","type":"Creek"},"geometry":{"type":"LineString","coordinates":[[50.2227,12.2157],[50.3658,12.5831],[50.2861,12.9822],[50.3847,13.356],[50.3067,13.6019],[50.0539,13.7131],[49.941,13.932]]}},{"type":"Feature","properties":{"id":1269,"source":7127,"mouth":7317,"parent":0,"basin":1269,"widthFactor":1.2,"sourceWidth":0.04,"discharge":108,"name":"Tinverne","type":"Creek"},"geometry":{"type":"LineString","coordinates":[[-167.931,-3.852],[-168.0954,-4.0236],[-168.0505,-4.2777],[-168.1731,-4.4658],[-168.4667,-4.3061],[-168.8108,-4.3612],[-169.1145,-4.2444]]}},{"type":"Feature","properties":{"id":1270,"source":8666,"mouth":8869,"parent":0,"basin":1270,"widthFactor":1.2,"sourceWidth":0.07,"discharge":110,"name":"Bramburgh","type":"Brook"},"geometry":{"type":"LineString","coordinates":[[-172.584,-11.718],[-172.7559,-11.8788],[-172.723,-12.1326],[-172.854,-12.312],[-173.0653,-12.5193],[-173.0821,-12.8309],[-173.2545,-13.059]]}},{"type":"Feature","properties":{"id":1271,"source":12449,"mouth":12563,"parent":0,"basin":1271,"widthFactor":1.2,"sourceWidth":0.06,"discharge":77,"name":"Ormskirk","type":"Creek"},"geometry":{"type":"LineString","coordinates":[[34.56,-38.943],[34.3099,-39.0689],[34.2201,-39.3526],[34.002,-39.51],[33.9911,-39.7868],[34.192,-40.0016],[34.2234,-40.266]]}},{"type":"Feature","properties":{"id":1353,"source":1787,"mouth":1865,"parent":0,"basin":1353,"widthFactor":1.2,"sourceWidth":0.75,"discharge":1049,"name":"Wiganter","type":"River"},"geometry":{"type":"LineString","coordinates":[[-158.0616,35.8011],[-157.6156,35.7639],[-157.3141,36.1505],[-156.897,36.198],[-156.5548,35.9023],[-156.0788,35.9116],[-155.7099,35.6769],[-155.5557,35.1196],[-155.1405,34.6963],[-154.9341,34.1658],[-154.5538,33.9155],[-154.0825,33.9219],[-153.684,33.723],[-153.6574,33.439],[-153.3995,33.271],[-153.3267,33.0102]]}},{"type":"Feature","properties":{"id":1358,"source":4412,"mouth":4413,"parent":0,"basin":1358,"widthFactor":1.2,"sourceWidth":0.07,"discharge":101,"name":"Sudbury","type":"River"},"geometry":{"type":"LineString","coordinates":[[33.3585,13.7385],[33.8484,13.5989],[34.3608,13.6831],[34.8552,13.5882],[35.0968,13.4827],[35.3539,13.5974],[35.5986,13.536]]}},{"type":"Feature","properties":{"id":1359,"source":12122,"mouth":12121,"parent":0,"basin":1359,"widthFactor":1.2,"sourceWidth":0.05,"discharge":63,"name":"Boketongay","type":"River"},"geometry":{"type":"LineString","coordinates":[[149.94,-35.703],[150.1612,-35.6413],[150.2419,-35.4039],[150.435,-35.307],[150.6711,-35.0502],[150.7122,-34.6899],[150.9093,-34.4124]]}},{"type":"Feature","properties":{"id":1360,"source":12123,"mouth":12120,"parent":0,"basin":1360,"widthFactor":1.2,"sourceWidth":0.06,"discharge":71,"name":"Dudmin","type":"Stream"},"geometry":{"type":"LineString","coordinates":[[149.256,-35.622],[149.5002,-35.5314],[149.5981,-35.2698],[149.8131,-35.145],[150.0453,-34.8785],[150.0802,-34.5132],[150.273,-34.227]]}},{"type":"Feature","properties":{"id":1361,"source":4895,"mouth":4894,"parent":0,"basin":1361,"widthFactor":1.2,"sourceWidth":0.11,"discharge":238,"name":"Soreton","type":"Stream"},"geometry":{"type":"LineString","coordinates":[[-135.0072,10.1313],[-135.2186,10.3019],[-135.5053,10.2605],[-135.7317,10.3887],[-135.8311,10.8037],[-136.1298,11.124],[-136.269,11.52]]}},{"type":"Feature","properties":{"id":1362,"source":7460,"mouth":7266,"parent":0,"basin":1362,"widthFactor":1.2,"sourceWidth":0.06,"discharge":91,"name":"Chichwel","type":"Creek"},"geometry":{"type":"LineString","coordinates":[[127.4706,-3.987],[127.6517,-3.7623],[127.6223,-3.4581],[127.7613,-3.2175],[128.1781,-3.0992],[128.4927,-2.7854],[128.889,-2.628]]}},{"type":"Feature","properties":{"id":1363,"source":12442,"mouth":12443,"parent":0,"basin":1363,"widthFactor":1.2,"sourceWidth":0.1,"discharge":132,"name":"Dunsin","type":"Creek"},"geometry":{"type":"LineString","coordinates":[[32.499,-38.412],[32.2977,-38.4981],[32.2621,-38.7364],[32.094,-38.853],[31.8844,-38.9877],[31.8168,-39.2274]]}},{"type":"Feature","properties":{"id":1364,"source":7455,"mouth":7454,"parent":0,"basin":1364,"widthFactor":1.2,"sourceWidth":0.04,"discharge":76,"name":"Calborleyme","type":"Creek"},"geometry":{"type":"LineString","coordinates":[[121.5882,-4.275],[121.3916,-4.0268],[121.0655,-3.9626],[120.843,-3.7512],[120.8462,-3.5333],[120.6464,-3.4019],[120.609,-3.2013]]}},{"type":"Feature","properties":{"id":1365,"source":12312,"mouth":12311,"parent":0,"basin":1365,"widthFactor":1.2,"sourceWidth":0.07,"discharge":112,"name":"Wasalter","type":"Creek"},"geometry":{"type":"LineString","coordinates":[[32.382,-37.44],[32.1566,-37.4332],[32.0147,-37.6354],[31.806,-37.6704],[31.4523,-37.9358],[31.2636,-38.3477],[30.9429,-38.6424]]}},{"type":"Feature","properties":{"id":1366,"source":8290,"mouth":8088,"parent":0,"basin":1366,"widthFactor":1.2,"sourceWidth":0.06,"discharge":95,"name":"Chiptony","type":"River"},"geometry":{"type":"LineString","coordinates":[[-169.803,-9.513],[-169.8764,-9.2227],[-170.1413,-9.0506],[-170.253,-8.784],[-170.6376,-8.6165],[-171.0657,-8.6653],[-171.459,-8.541]]}},{"type":"Feature","properties":{"id":1367,"source":10472,"mouth":10617,"parent":0,"basin":1367,"widthFactor":1.2,"sourceWidth":0.04,"discharge":67,"name":"Kirton","type":"Brook"},"geometry":{"type":"LineString","coordinates":[[-166.491,-23.247],[-166.6858,-23.386],[-166.7286,-23.6214],[-166.8958,-23.9401],[-166.8483,-24.3103],[-166.9725,-24.6393]]}},{"type":"Feature","properties":{"id":1368,"source":12058,"mouth":12056,"parent":0,"basin":1368,"widthFactor":1.2,"sourceWidth":0.07,"discharge":98,"name":"Wistomyard","type":"Creek"},"geometry":{"type":"LineString","coordinates":[[31.734,-35.793],[31.6232,-35.5934],[31.3747,-35.5718],[31.2363,-35.4078],[30.9779,-35.5991],[30.8945,-35.9249],[30.6711,-36.1431]]}},{"type":"Feature","properties":{"id":1451,"source":4619,"mouth":4620,"parent":0,"basin":1451,"widthFactor":1.2,"sourceWidth":0.07,"discharge":101,"name":"Berpory","type":"Creek"},"geometry":{"type":"LineString","coordinates":[[54.774,11.961],[55.0447,12.0171],[55.2004,12.2667],[55.4481,12.3615],[55.7509,12.1822],[56.1149,12.2149],[56.43,12.078]]}},{"type":"Feature","properties":{"id":1454,"source":8586,"mouth":8587,"parent":0,"basin":1454,"widthFactor":1.2,"sourceWidth":0.07,"discharge":94,"name":"Leford","type":"Creek"},"geometry":{"type":"LineString","coordinates":[[34.9398,-9.8541],[34.9738,-10.1739],[35.216,-10.4082],[35.2917,-10.7109],[35.1184,-10.8344],[35.1361,-11.0684],[35.001,-11.214]]}},{"type":"Feature","properties":{"id":1455,"source":4507,"mouth":4693,"parent":0,"basin":1455,"widthFactor":1.2,"sourceWidth":0.05,"discharge":85,"name":"Southboury","type":"River"},"geometry":{"type":"LineString","coordinates":[[-142.4286,12.2976],[-141.9662,12.0129],[-141.4193,11.9367],[-140.94,11.6937],[-140.7002,11.844],[-140.6301,12.1353],[-140.4243,12.3138]]}},{"type":"Feature","properties":{"id":1456,"source":4434,"mouth":4431,"parent":0,"basin":1456,"widthFactor":1.2,"sourceWidth":0.07,"discharge":78,"name":"Lewentford","type":"Creek"},"geometry":{"type":"LineString","coordinates":[[53.739,12.753],[53.8439,13.018],[53.7241,13.2955],[53.784,13.563],[53.9307,13.8361],[53.8614,14.154],[53.9649,14.436]]}},{"type":"Feature","properties":{"id":1457,"source":3155,"mouth":3153,"parent":0,"basin":1457,"widthFactor":1.2,"sourceWidth":0.05,"discharge":56,"name":"Fiverton","type":"Creek"},"geometry":{"type":"LineString","coordinates":[[24.723,21.348],[24.7704,21.5855],[24.5966,21.782],[24.5997,22.0113],[24.6568,22.3974],[24.4939,22.7655],[24.507,23.148]]}},{"type":"Feature","properties":{"id":1458,"source":3813,"mouth":3811,"parent":0,"basin":1458,"widthFactor":1.2,"sourceWidth":0.07,"discharge":106,"name":"Causterbute","type":"Creek"},"geometry":{"type":"LineString","coordinates":[[-140.904,15.975],[-140.6555,16.0969],[-140.5663,16.3776],[-140.3496,16.5312],[-140.2661,16.8987],[-140.4033,17.2632],[-140.364,17.6301]]}},{"type":"Feature","properties":{"id":1459,"source":8582,"mouth":8778,"parent":0,"basin":1459,"widthFactor":1.2,"sourceWidth":0.04,"discharge":76,"name":"Tuthamber","type":"Creek"},"geometry":{"type":"LineString","coordinates":[[33.246,-10.26],[33.2675,-10.5079],[33.491,-10.6566],[33.5529,-10.8846],[33.7888,-11.0031],[34.0522,-10.9026],[34.2936,-10.9773]]}},{"type":"Feature","properties":{"id":1460,"source":2560,"mouth":2558,"parent":0,"basin":1460,"widthFactor":1.2,"sourceWidth":0.04,"discharge":54,"name":"Canmouthes","type":"Creek"},"geometry":{"type":"LineString","coordinates":[[-141.615,25.506],[-141.5722,25.6578],[-141.6996,25.7508],[-142.009,25.9632],[-142.3969,25.9694],[-142.722,26.1405]]}},{"type":"Feature","properties":{"id":1461,"source":4621,"mouth":4812,"parent":0,"basin":1461,"widthFactor":1.2,"sourceWidth":0.07,"discharge":102,"name":"Foroughwel","type":"River"},"geometry":{"type":"LineString","coordinates":[[55.089,11.763],[55.311,11.6366],[55.5683,11.7324],[55.7973,11.6505],[56.0576,11.7199],[56.1944,11.9721],[56.43,12.078]]}},{"type":"Feature","properties":{"id":1462,"source":3809,"mouth":3976,"parent":0,"basin":1462,"widthFactor":1.2,"sourceWidth":0.05,"discharge":53,"name":"Dodbrid","type":"River"},"geometry":{"type":"LineString","coordinates":[[-141.426,16.146],[-141.6644,16.2128],[-141.8806,16.0556],[-142.1145,16.0776],[-142.3942,16.112],[-142.6309,15.9299],[-142.902,15.921]]}},{"type":"Feature","properties":{"id":1463,"source":8388,"mouth":8387,"parent":0,"basin":1463,"widthFactor":1.2,"sourceWidth":0.06,"discharge":82,"name":"Yeomerford","type":"Creek"},"geometry":{"type":"LineString","coordinates":[[32.166,-9.684],[32.1109,-9.3782],[31.8553,-9.1747],[31.7601,-8.8893],[31.6136,-8.7071],[31.3601,-8.7179],[31.1922,-8.5743]]}},{"type":"Feature","properties":{"id":1464,"source":10948,"mouth":10677,"parent":0,"basin":1464,"widthFactor":1.1,"sourceWidth":0.07,"discharge":180,"name":"Qaria River","type":"River"},"geometry":{"type":"LineString","coordinates":[[37.02379666622495,-25.928401350139307],[37.01677593378651,-25.9285213574187],[37.00974256632226,-25.92914670385778],[37.00269806849766,-25.93021357582643],[36.995644857565765,-25.93162237070369],[36.988586035952366,-25.933247188488185],[36.981525095287616,-25.93494790611611],[36.97446557818442,-25.936583744659426],[36.96741072834699,-25.938027093833522],[36.960363161307974,-25.93917631788417],[36.95332594776296,-25.939912863309413],[36.94632838451506,-25.939091098157828],[36.939335558251486,-25.938087539614973],[36.93234501478201,-25.93699922093804],[36.92535425127079,-25.93592417378177],[36.918360892139965,-25.934954585070656],[36.91136285629702,-25.93417038142971],[36.90435850432009,-25.933633674903696],[36.89734675555843,-25.933384445414408],[36.890327167102285,-25.933437751814292],[36.88329996911336,-25.933782660126937],[36.87626605391962,-25.934382961583356],[36.86922691937378,-25.93517963218467],[36.862184570054616,-25.936094867897214],[36.85514138275061,-25.937037423143494],[36.84809994511581,-25.937908892168135],[36.84106287826172,-25.938610509068816],[36.83403265521412,-25.939050007089012],[36.827011427530785,-25.939148073542807],[36.82000087191083,-25.938843963768637],[36.81300206734936,-25.93809989396673],[36.80601541137954,-25.93690391486009],[36.79904058133268,-25.935271070301614],[36.79207654350999,-25.93324276034517],[36.78512160990827,-25.930884349132434],[36.778173538903246,-25.928281176080187],[36.77122967329243,-25.925533236323894],[36.764287106545645,-25.922748885945232],[36.75734286617927,-25.92003799314494],[36.75039410199134,-25.917504993798108],[36.7434382665453,-25.915242316232384],[36.73661443514248,-25.91332870987697],[36.73056305374985,-25.911690008033126],[36.72456084356026,-25.90972334710973],[36.71776215365394,-25.908077507108604],[36.710884459567495,-25.906823341827685],[36.70393772302352,-25.905911218445855],[36.69693596951514,-25.905271452063406],[36.68989627053042,-25.904819372614575],[36.68283752441582,-25.904461378313737],[36.675779118240015,-25.90410156528417],[36.66897505866439,-25.903690470553627],[36.66260781905461,-25.902855790760185],[36.656183467567914,-25.901229033854854],[36.64952314970835,-25.89923813733516],[36.64296856244089,-25.896957954426302],[36.636517401403154,-25.89439492470354],[36.63015848947924,-25.891579774644917],[36.62387250798262,-25.888565499941986],[36.617633290305044,-25.885423811032997],[36.611409590736045,-25.88224028126765],[36.605167208998836,-25.879108524776104],[36.59967693769428,-25.876386081451358],[36.5945493297285,-25.87339952275048],[36.58852240454087,-25.87033821669582],[36.58219970690336,-25.867592902493037],[36.57566964418258,-25.865248734549507],[36.568923650573005,-25.863322136790284],[36.56196579366578,-25.86180509951125],[36.55481265607372,-25.86066542324436],[36.54749238674649,-25.8598485695128],[36.540042984329496,-25.859280995796556],[36.53250992644644,-25.858874752122674],[36.52500161555682,-25.858558540956274],[36.51754375222446,-25.85787775569099],[36.5101522313588,-25.85669498566485],[36.50290036216413,-25.85530817940755],[36.49582901791734,-25.853647773887893],[36.48897071469704,-25.851664603514592],[36.48234389707525,-25.849330830633622],[36.475951952498384,-25.846641425350228],[36.4697832377856,-25.843614114123213],[36.463812114360834,-25.840287803359015],[36.458000920615845,-25.83671958686094],[36.45230274647988,-25.832980541277294],[36.4466407530851,-25.829137531200395],[36.4407305904426,-25.825095727749694],[36.43514632811096,-25.820741425326823],[36.42972743672009,-25.81669434724782],[36.424156504351366,-25.812839048760598],[36.418403002740924,-25.809213950636806],[36.4124519049519,-25.80583793715584],[36.40630482927636,-25.80270892043503],[36.39998003971635,-25.799803846912553],[36.39351130217789,-25.797080146368746],[36.38694567253072,-25.79447852637274],[36.380340364656035,-25.791926924113046],[36.37375890872606,-25.789345349361355],[36.36726685806172,-25.786651292105585],[36.36065525749203,-25.783584661455997],[36.354149413056135,-25.779871759464882],[36.3483176022648,-25.77585632333863],[36.34304124146426,-25.771678696717107],[36.338096145317074,-25.767141173802845],[36.3334806093754,-25.7622456464563],[36.329173858941665,-25.757014726600193],[36.32513723829459,-25.75149045250891],[36.321316586007356,-25.74573170805662],[36.31764563732269,-25.739810526963737],[36.31405022536197,-25.733807529031196],[36.31045299929219,-25.727806793733286],[36.30677834304892,-25.721890514411903],[36.30295716508884,-25.716133791106287],[36.29893123872623,-25.710599910736008],[36.294770718150026,-25.705424483924027],[36.29063217651657,-25.700396513493978],[36.28615209057385,-25.695518664799327],[36.28134322038857,-25.690890730965293],[36.27627299971889,-25.6865147564847],[36.27098840110102,-25.68234546470673],[36.26554948269695,-25.678324978739816],[36.26002501700599,-25.674387037102623],[36.25448754351974,-25.670461762558276],[36.249008180510856,-25.666480660508967],[36.243651547541674,-25.662381508090753],[36.23847114298731,-25.658112802729192],[36.23350549030355,-25.65363746884447],[36.22877531493189,-25.648935571583564],[36.22428194409081,-25.64400585350925],[36.22000703895808,-25.63886598957618],[36.21605677107798,-25.633676006035504],[36.21251910293288,-25.62827815820494],[36.2089803251736,-25.62265484457677],[36.20537894272056,-25.616995314477556],[36.201683456740824,-25.6114178177156],[36.19781404173468,-25.605991770980435],[36.19369817848454,-25.60078023309878],[36.189275585229986,-25.595835614151046],[36.18450235388454,-25.591196076244913],[36.17935401267818,-25.586882869209077],[36.173827308693895,-25.582898781594512],[36.16794058962515,-25.579227812265092],[36.16173275798233,-25.5758360856126],[36.15526086666867,-25.572673949621045],[36.14859651596736,-25.56967911632219],[36.14182129245573,-25.566780634027626],[36.135021554804645,-25.563903424837623],[36.12827856549099,-25.560968977053054],[36.12165907450247,-25.55794284114932],[36.11522723889543,-25.554778728121555],[36.109053885346974,-25.551384743034873],[36.10317257667308,-25.54773090439181],[36.097596589926084,-25.543805442302336],[36.09231829558152,-25.539615187296626],[36.08731003583894,-25.5351847845444],[36.08252635354448,-25.53055470830606],[36.07790741866379,-25.52577821253982],[36.07338341840185,-25.520917425177014],[36.06887961215983,-25.516038851233994],[36.06432170791008,-25.511208589767342],[36.059641195223,-25.506487588997544],[36.05478027346159,-25.50192726139002],[36.0496960412741,-25.497565756227345],[36.04438939933456,-25.493448799154073],[36.038774622508186,-25.48962974861208],[36.03289397032798,-25.486009071442993],[36.02681121935721,-25.482567809798056],[36.02058179654282,-25.479261081909296],[36.01427173262963,-25.4760283276874],[36.00795663127779,-25.472800227616666],[36.00171667649592,-25.469503282678883],[35.9956313015043,-25.466064701430977],[35.9897738777374,-25.462417265311256],[35.984206781844556,-25.458503844705234],[35.978977173529024,-25.454281261797046],[35.974113769495894,-25.449723240150846],[35.96965271754117,-25.444847267717243],[35.96563698495285,-25.43974903658673],[35.9618250063178,-25.434378803260756],[35.958177278711204,-25.428656920139254],[35.95473563082793,-25.422738780604636],[35.951424360244204,-25.416696561818878],[35.948162127040405,-25.410607815606337],[35.94486718680025,-25.404550480808915],[35.94146262993043,-25.39859788797744],[35.93788127617089,-25.39281409130734],[35.93406989681413,-25.38724984066905],[35.92999248274713,-25.38193946340956],[35.925620799509645,-25.37688891883963],[35.92089641534262,-25.372114310502607],[35.915837268959486,-25.36768062333137],[35.91059936734238,-25.36348360626814],[35.90520538442391,-25.35944381461423],[35.89971904688819,-25.355497107335783],[35.894209636263895,-25.351573766209494],[35.88874698681386,-25.347603530562356],[35.88339645227961,-25.343520660697287],[35.87821418299722,-25.33926868658896],[35.87323362610325,-25.3347968310469],[35.86840603532072,-25.330089872043335],[35.8636684453587,-25.325268813074736],[35.859196957729644,-25.320237389102015],[35.8549202384148,-25.314994415436527],[35.85079311258201,-25.309589030540053],[35.846757032903135,-25.30408490984889],[35.842743860500754,-25.298556154996945],[35.83868031544055,-25.29308245454069],[35.83411379799711,-25.28746383649718],[35.82900680716459,-25.282269123844323],[35.82402755895962,-25.27765245991483],[35.81880575134819,-25.273401371166393],[35.81327789956597,-25.26952691263804],[35.80743269777314,-25.26604292692079],[35.800939622577744,-25.26271970808442],[35.79356439791189,-25.259725433013443],[35.78614724432066,-25.25765442948469],[35.77904909735921,-25.256108302200605],[35.77183898344173,-25.254734642329748],[35.76401256474974,-25.253163099294902],[35.755807731151194,-25.25242171596735],[35.74817811605325,-25.252363365705246],[35.74100496324834,-25.252233382972207],[35.73406478287037,-25.251304930489376],[35.72730799818397,-25.249390447037044],[35.720700888059255,-25.247143435026903],[35.71427473556561,-25.24457775745943],[35.707962284678864,-25.241608122614775],[35.70216675234511,-25.237888638685572],[35.69660402746064,-25.234052056958355],[35.69112390094444,-25.230108391843235],[35.68566787132094,-25.226133671328498],[35.68016500199988,-25.22219839253668],[35.674686832137695,-25.218231941654984],[35.66922204906381,-25.21427032465103],[35.66356982425663,-25.21054004626116],[35.657692555113954,-25.20706506917283],[35.65157974223469,-25.203857248777354],[35.6452388997884,-25.200908013682735],[35.638647151499065,-25.198153121738823],[35.631881300416914,-25.195400664329725],[35.625122345590825,-25.19265529021418],[35.61839329056918,-25.190011034405178],[35.61169714578255,-25.18733268731782],[35.605110690782695,-25.184540747438387],[35.5987070700964,-25.18155950119405],[35.592550982819496,-25.17832199946097],[35.58666208701133,-25.17474857106287],[35.580907003873804,-25.17062800672267],[35.57567328831123,-25.166038640615145],[35.571019193439724,-25.161279482589137],[35.56670517019393,-25.15619032578719],[35.562689757574184,-25.15081144656077],[35.558915467279775,-25.145198674012292],[35.55531255970173,-25.13941972636637],[35.551803618092336,-25.133549772659418],[35.54830861296618,-25.12766651776863],[35.54472401690761,-25.121822756631683],[35.54104818090666,-25.116053403275004],[35.53728798026789,-25.11044333594246],[35.53331240054889,-25.105075524686082],[35.529073595079396,-25.099951500117335],[35.52456737033961,-25.09507512940815],[35.519809608007,-25.090431698803908],[35.51483487377465,-25.085989204023385],[35.50969375617373,-25.081700816885718],[35.504449116590905,-25.077508359549306],[35.499171505025394,-25.073346549760476],[35.493931198909806,-25.0691451624012],[35.48882859658662,-25.06480439251075],[35.4839615904402,-25.060254503227142],[35.479327991010244,-25.055507257928603],[35.47495679891089,-25.050526370490473],[35.47086366368462,-25.045297911923992],[35.46704372995634,-25.039826219364727],[35.46347164003194,-25.034133892680003],[35.46010293352124,-25.028260547994872],[35.45687675143207,-25.02226041016111],[35.45371966397269,-25.016198904432752],[35.45055036539441,-25.010148475124893],[35.44728492074018,-25.004183911281025],[35.44392692846413,-24.998456958323565],[35.44041062961928,-24.992914137513008],[35.43650168918041,-24.987560389475497],[35.432226871692585,-24.982510614443694],[35.42756894504912,-24.977792272103002],[35.42252521593351,-24.97340766270398],[35.417114562892465,-24.969340426397356],[35.4113761518298,-24.965556658671655],[35.40536681588888,-24.96200718218301],[35.39915727566113,-24.958630821633207],[35.39282745348317,-24.95535846089158],[35.38646119647247,-24.952117609061773],[35.38014076278245,-24.9488371681924],[35.373938622126204,-24.945449373593835],[35.36789972976446,-24.941893013903083],[35.36205645199151,-24.93818923727858],[35.35648788214237,-24.934273484974348],[35.351185355770994,-24.930122954024224],[35.34613628612675,-24.925748787214722],[35.341308634997546,-24.921179293260746],[35.336653387305425,-24.91645776058932],[35.332108184356215,-24.911639249589182],[35.32760186815271,-24.906786581297915],[35.32305962774174,-24.90196579472067],[35.31840839810202,-24.89724138090353],[35.31358214526635,-24.892671617075425],[35.3085131646883,-24.88829166156338],[35.30312140188743,-24.88420427098899],[35.29745090706319,-24.88039650840409],[35.29150002659795,-24.876846665352474],[35.285288305739776,-24.873533565135336],[35.27885652233085,-24.870420164115863],[35.27226240164592,-24.867454050630464],[35.26557703670684,-24.864570700039675],[35.258880390969196,-24.86169756052622],[35.252256183928175,-24.858758695788993],[35.245802165028024,-24.85569402082331],[35.239668755157766,-24.852528132100304],[35.23375184540987,-24.84916725564919],[35.22806752471608,-24.845401480542087],[35.22274535149198,-24.84129496020585],[35.21779299810819,-24.836840518846884],[35.21319737930715,-24.832050508218625],[35.20892560513138,-24.826955908427532],[35.20492724078775,-24.821604201185924],[35.20113772039557,-24.816056158950985],[35.19761564348059,-24.81049786614703],[35.1939881370769,-24.804974201410374],[35.19020267754807,-24.799359169153426],[35.18632292629309,-24.79383718113414],[35.1822883148253,-24.78846902996694],[35.17805198443552,-24.783301188289183],[35.17358415589372,-24.77836318246249],[35.1688958937887,-24.773684107161806],[35.16393177239249,-24.76933441914352],[35.15863286873361,-24.76528945558853],[35.1531452636713,-24.761386740152798],[35.14755591009508,-24.75759347976472],[35.14192790274529,-24.753841890049454],[35.136373253702494,-24.750094009430775],[35.13092494166981,-24.746427791089847],[35.125396056741934,-24.742777861081347],[35.11995739913334,-24.738822836479702],[35.11474454504511,-24.734590121062457],[35.10994227794897,-24.730161968181164],[35.10490742181665,-24.725915080905956],[35.09977959643864,-24.72134113495089],[35.09443356316804,-24.71675735894484],[35.0878702067661,-24.7137826396315],[35.0810500497504,-24.711752408081004],[35.07428510294844,-24.710189857002174],[35.06743620591904,-24.709130972861754],[35.06050095850445,-24.708589625730347],[35.05348432597513,-24.708535553795738],[35.046398135180695,-24.708897457872197],[35.03925993288519,-24.709569910805154]]}},{"type":"Feature","properties":{"id":1466,"source":10105,"mouth":10384,"parent":0,"basin":1466,"widthFactor":1.1,"sourceWidth":0.07,"discharge":95,"name":"","type":"River"},"geometry":{"type":"LineString","coordinates":[[37.50712461360328,-20.570984631216955],[37.503618631354875,-20.576691891827224],[37.49997502736677,-20.582266190183685],[37.496093469790274,-20.587610444430545],[37.49188917604222,-20.592642608474623],[37.487301266000316,-20.59730375135532],[37.48229899919073,-20.60156409132316],[37.476885286228324,-20.605426396179702],[37.471097101516435,-20.608926389510053],[37.46500269606653,-20.612130064069945],[37.45869693696103,-20.615129183962225],[37.45245956072832,-20.61819447836255],[37.446471115492095,-20.621500732208666],[37.44076080271791,-20.62507625834951],[37.43533840146044,-20.628930568620298],[37.43019395193001,-20.6330540617599],[37.42529877347,-20.637419004829983],[37.42060774591991,-20.641981739575115],[37.41606269819021,-20.646685962310418],[37.41159667320159,-20.651466853356343],[37.40713877916225,-20.656255774673205],[37.40261929747643,-20.66098521605421],[37.397974700112,-20.66559365358515],[37.39315223523994,-20.670029990169066],[37.38811376904872,-20.67425727630499],[37.38283862191608,-20.67825545805988],[37.377325205212856,-20.682022964978117],[37.37159134631155,-20.685577029092023],[37.36567327834384,-20.688952711951572],[37.359623361828746,-20.69220070391519],[37.35350669129506,-20.695384042967543],[37.34739681558971,-20.698573973467052],[37.341370860568446,-20.701845223544293],[37.335504383263164,-20.705271019425272],[37.32986630471904,-20.708918173046104],[37.324514263332176,-20.712842574703863],[37.31949070211704,-20.717085395429706],[37.31481995386191,-20.7216702560754],[37.31050652095418,-20.726601554980522],[37.30653466630431,-20.731864067936677],[37.302869343654656,-20.737423848283612],[37.2994584055196,-20.74323036719111],[37.29623594108397,-20.749219750460885],[37.29312652033407,-20.755318894205544],[37.29005005962139,-20.76145018253911],[37.28692698188986,-20.76753648994231],[37.28368332480694,-20.77350613196315],[37.28025545343246,-20.77929743163403],[37.27659406067433,-20.78486259514669],[37.272667186871566,-20.790170637133873],[37.26846205619451,-20.79520916018302],[37.263985607673945,-20.79998487061417],[37.259263687118654,-20.80452279787703],[37.25433895692368,-20.808864272426764],[37.24926766761468,-20.813063800742448],[37.24411551199818,-20.817185050620864],[37.23895284475923,-20.821296219995542],[37.23384959308259,-20.825465104231448],[37.228870204517804,-20.829754197296896],[37.22406897552075,-20.834216160004708],[37.21948607813602,-20.83888996376426],[37.21514455494098,-20.843797972638082],[37.21104848687993,-20.84894416302366],[37.20687226127686,-20.854578692110277],[37.201233036642336,-20.860368200408384],[37.19313967821946,-20.864980184610264],[37.18476187828109,-20.867400862454904],[37.177582628536754,-20.869214856940754],[37.17080921139055,-20.870933060851527],[37.16403825584609,-20.872452917311158],[37.15727107326424,-20.87367830993311],[37.15050880261491,-20.874527416501184],[37.143752333154616,-20.87493818996033],[37.13700224299983,-20.874872542013897],[37.13025875791265,-20.874318946771844],[37.12352173326641,-20.87329328836147],[37.11679066059093,-20.87183789477507],[37.11006469842107,-20.87001882249329],[37.10334272550419,-20.867921574332975],[37.09662341288174,-20.865645538560656],[37.08990531005485,-20.863297523456907],[37.08318693946446,-20.860984822394894],[37.07646689293009,-20.858808275996722],[37.06974392353596,-20.856855797926777],[37.06301702673782,-20.85519679937264],[37.05628550516753,-20.853877886380346],[37.04954901268716,-20.85292011806558],[37.04280757461966,-20.852318008136578],[37.03606158266889,-20.852040334271795],[37.029311764736086,-20.852032697662736],[37.02255913153246,-20.852221656717706],[37.01580490346867,-20.852520152520725],[37.00905042266488,-20.85283385633974],[37.002297055977294,-20.853068007177594],[36.99554609560245,-20.85313427426613],[36.98879866404656,-20.852957177752792],[36.98205563001261,-20.852479630731025],[36.97494073966527,-20.85169618532654],[36.96786181937903,-20.853132565354667],[36.960765883599905,-20.8548186207275],[36.953531440282404,-20.85733324030098],[36.94683220150693,-20.860596725863353],[36.940431764212185,-20.86344480604004],[36.934006775725706,-20.86626802716889],[36.92763364018062,-20.869143684388096],[36.92320199687752,-20.870770573535903],[36.92072078402498,-20.87018611207279],[36.91589066758738,-20.869935306944257],[36.90676310331744,-20.871334915518577],[36.89706177735509,-20.875649194513816],[36.89045825403384,-20.8803774521258],[36.88564198286476,-20.88454427597602],[36.88400661048264,-20.887360583279953],[36.88104835668553,-20.88927041456565],[36.87456680243863,-20.892572672920632],[36.86648006494231,-20.89700763354395],[36.860418809523466,-20.903256970670427],[36.856091144344546,-20.90856772956597],[36.851696524595404,-20.913785857024067],[36.84804459741981,-20.918416095222536],[36.842841286423315,-20.920436802859786],[36.83624187682319,-20.921671610554476],[36.82949571692855,-20.922563023628427],[36.82274693999771,-20.923108170877914],[36.815995797885805,-20.923334706636826],[36.80924270721525,-20.923293890525123],[36.8024882156725,-20.92305668518987],[36.79573295991326,-20.922708511626023],[36.78897761804128,-20.92234301946487],[36.78222285995663,-20.92205529621913],[36.775469298976276,-20.92193497741242],[36.768717448005965,-20.92205972623216],[36.761967683198804,-20.922489526375905],[36.75522021749384,-20.923262176796786],[36.74847508572695,-20.92439029580755],[36.74205006112975,-20.925840602191613],[36.73715926654977,-20.92877593822253],[36.73352910110026,-20.933167891290818],[36.730592354578015,-20.938455727801244],[36.72752538135817,-20.9443062883553],[36.724262043706055,-20.950265186021287],[36.72088378724121,-20.956112607507126],[36.71731554432147,-20.96177559743298],[36.713491330289784,-20.967190022534634],[36.70935856195255,-20.972304766290822],[36.704881497284475,-20.977085070173658],[36.700043564263304,-20.9815147967605],[36.69484842169931,-20.985597462534788],[36.68931968060056,-20.989355971022253],[36.68349930516839,-20.992831064390757],[36.67744480176578,-20.99607859791019],[36.67122538605429,-20.999165820927026],[36.664917387382374,-21.00216691492289],[36.6585992007651,-21.005158089284258],[36.652346126982465,-21.008212565217942],[36.6462254484527,-21.011395785766798],[36.64029207219112,-21.014761174573263],[36.63458503251178,-21.018346728907975],[36.628936628053125,-21.022326251529684],[36.622686061653106,-21.025371823197226],[36.61633675576744,-21.02803963977855],[36.60970379750288,-21.030128208424266],[36.60267041652162,-21.030350162969317],[36.59590780091836,-21.030666182033336],[36.58914491361528,-21.031000445397897],[36.58238299314442,-21.031257532913905],[36.575623238575794,-21.031346489222503],[36.568866721724255,-21.03118743258805],[36.5621143071897,-21.03071741742545],[36.55536658579984,-21.02989515129594],[36.54862382615899,-21.028704244542645],[36.541885947803586,-21.027154769896153],[36.535152518006306,-21.025283023600153],[36.52842277265708,-21.023149501174217],[36.52169565999557,-21.02083522163145],[36.514969904393034,-21.018436645650855],[36.508244085993304,-21.016059528321552],[36.50151673092102,-21.01381211920416],[36.49478640602403,-21.01179816671753],[36.488051811786114,-21.010110197266567],[36.48131186714439,-21.00882352116989],[36.47456578046494,-21.007991368562728],[36.46781310183207,-21.007641482341207],[36.46105375303343,-21.00777439701855],[36.45428803309273,-21.00836351871424],[36.44751659882267,-21.009357000070512],[36.44074042153756,-21.010681282889387],[36.433960722672,-21.012246068880277],[36.4271788924937,-21.013950382696812],[36.42039639727693,-21.015689317918543],[36.41361468113625,-21.017361010763864],[36.40683506914348,-21.01887337120107],[36.40005867832899,-21.02015011777286],[36.393286342691404,-21.02113570973859],[36.38651855743531,-21.02179884487091],[36.37975544637816,-21.02213428836832],[36.37299675490376,-21.02216291130033],[36.3662418690959,-21.02192993815538],[36.35948985988768,-21.021501524228803],[36.3527395493347,-21.0209598965834],[36.34598959458829,-21.02039738950416],[36.339114449037,-21.01990935486089],[36.33091630315526,-21.020098420962494],[36.323643063968376,-21.02403704189572],[36.317964902503604,-21.02838474378647],[36.3133642344538,-21.03351022668065],[36.30929852758673,-21.038695065711412],[36.30550914732639,-21.04415003705203],[36.301972053221874,-21.049851668745546],[36.29864495676454,-21.055758656659187],[36.29546985087484,-21.061814336465538],[36.29237661147765,-21.06795020359422],[36.28928743050486,-21.074090245301836],[36.28612178333849,-21.080155794081296],[36.28280159732165,-21.086070576383467],[36.27925627402204,-21.091765617417327],[36.275427227439074,-21.097183672491497],[36.27127163272393,-21.102282887278992],[36.26676513309308,-21.10703944134863],[36.261903322893545,-21.111448997795872],[36.25670190746165,-21.115526862202334],[36.251195529877656,-21.119306841051607],[36.24543534485116,-21.122838877287467],[36.239485504623886,-21.126185623039152],[36.23341879517978,-21.129418181118055],[36.22731171822627,-21.132611302887085],[36.221239351506135,-21.135838366730006],[36.21527033455119,-21.139166476109903],[36.20946231807738,-21.142652008075604],[36.20385818351086,-21.14633691257341],[36.198483286821,-21.150246012083098],[36.19334391147673,-21.15438548334698],[36.18842703361586,-21.158742622879483],[36.18370141390634,-21.163286910961194],[36.17911994101454,-21.167972300840923],[36.174623067068055,-21.172740576864317],[36.170143101675244,-21.177525552851364],[36.16560907290474,-21.18225782515868],[36.16095182507691,-21.186869757327173],[36.156109006918996,-21.191300357549775],[36.15102961074601,-21.195499717430643],[36.145677753429815,-21.19943271013065],[36.140035441024935,-21.203081695983126],[36.13410412759675,-21.206448050632485],[36.127904960397444,-21.20955241018133],[36.12147769250119,-21.21243361438174],[36.11487833427381,-21.215146416757484],[36.1081757004521,-21.217758113790172],[36.1014470843259,-21.220344318343024],[36.09477334948326,-21.222984160405638],[36.088233768822654,-21.225755237103122],[36.08190095744693,-21.228728651075166],[36.07583623955181,-21.231964470604538],[36.0700857600096,-21.235507916613475],[36.064677601066506,-21.23938653273242],[36.0596200968397,-21.243608528369],[36.054901457685126,-21.24816240554597],[36.050490728414026,-21.253017893599253],[36.04634001465563,-21.258128127514578],[36.04238782638555,-21.263432921729933],[36.03856331247178,-21.268862917336687],[36.034791100080156,-21.27434432178008],[36.03099641198623,-21.27980392036168],[36.0271101160512,-21.285174020753104],[36.02318963401069,-21.29029445480698],[36.01971950485878,-21.294453937578005],[36.01476492816216,-21.29722417456036],[36.00978907452726,-21.29982848860141],[36.00466296825811,-21.300190077012125],[35.99827839893436,-21.299759939146828],[35.991519328832055,-21.299134694606867],[35.98476294012478,-21.298390849104756],[35.978007229252945,-21.297619459782503],[35.97053332420333,-21.296928297390863],[35.9617580584714,-21.297737737159018],[35.9542302235031,-21.300802822302035],[35.94692725164785,-21.304353881261424],[35.94119836072351,-21.30995836444928],[35.93696098441029,-21.315063005360386],[35.93306113929576,-21.320428288934256],[35.92944211639554,-21.326070867800734],[35.926067099225996,-21.331954425203442],[35.922882560088254,-21.33802614955095],[35.919821532851046,-21.344219965373345],[35.916807797489675,-21.35046066412033],[35.91376069647371,-21.356668657856112],[35.910600260219454,-21.362765036838905],[35.907252297653415,-21.368676591477936],[35.903653109959606,-21.374340461596802],[35.899753510735614,-21.379708101105205],[35.89552188241874,-21.384748292366748],[35.89094606384283,-21.38944900861587],[35.88603394275833,-21.393818000397452],[35.880812714721394,-21.397882067952843],[35.87532685996134,-21.401685069977674],[35.86963497650818,-21.40528480428409],[35.86380568509472,-21.408748971890752],[35.857912883889334,-21.41215049781967],[35.852030674743716,-21.415562525229237],[35.846228304439094,-21.419053421512388],[35.84056546296948,-21.42268213412728],[35.83508825637357,-21.426494210231468],[35.8298261257324,-21.43051874923541],[35.82478991982095,-21.434766494198325],[35.81997125087444,-21.43922919082829],[35.81534317624532,-21.443880256946404],[35.810862159190094,-21.448676716460596],[35.806471175623415,-21.45356226619816],[35.80210375619728,-21.45847126718336],[35.79768868970835,-21.46333338931853],[35.79315506888935,-21.468078594166993],[35.788437336170226,-21.47264211762135],[35.78347998664032,-21.47696911419626],[35.778241608292895,-21.48101864748629],[35.77115994406176,-21.485892094357112],[35.76192749414763,-21.488071332062248],[35.753534452051234,-21.487954726986015],[35.746033907692286,-21.485885576870814],[35.73927519110339,-21.483500767199974],[35.73251855022024,-21.480918180425657],[35.725763054870015,-21.478240115662192],[35.71900768735798,-21.475576070514805],[35.71222589371375,-21.47573025329993],[35.70543965985795,-21.47634889449078],[35.69866973578715,-21.475256480971197],[35.69191197534185,-21.47291040285592],[35.68516055073984,-21.46993239677741],[35.678397434328154,-21.46818769956532],[35.669189038633895,-21.466416414422824],[35.65845675218692,-21.468473424711775],[35.6500202310916,-21.473824288701103],[35.64430902412698,-21.479828903762733],[35.6401004471522,-21.485065982784793],[35.63605705783121,-21.490291752248766],[35.632011998457735,-21.495516075078182],[35.62901924047634,-21.499803803599495],[35.62482337372506,-21.50269585000985],[35.62003993153068,-21.505575609046815],[35.61554301566739,-21.50678416510348],[35.609632990095776,-21.507369049752924],[35.602839220832315,-21.507769687617028],[35.59604884689579,-21.50803357058822],[35.58925902906521,-21.50827404007305],[35.58246724148337,-21.508591137070283],[35.57567157204755,-21.509059876798847],[35.56887095212008,-21.509721445891337],[35.562098228403556,-21.510579068956947],[35.55558146742215,-21.511474064272946],[35.54999999999999,-21.510000000000005]]}},{"type":"Feature","properties":{"id":1467,"source":10678,"mouth":10674,"parent":0,"basin":1467,"widthFactor":1.1,"sourceWidth":0.07,"discharge":95,"name":"","type":"River"},"geometry":{"type":"LineString","coordinates":[[36.84377332727082,-23.72313831180123],[36.836881793940215,-23.723528511161017],[36.82999828829036,-23.723451158271455],[36.82312390107667,-23.722847738486813],[36.81625902186001,-23.721700778869558],[36.80940326836522,-23.72003725523313],[36.80255548742455,-23.717927856822946],[36.795713829057654,-23.715482107852136],[36.788875888663846,-23.71283971430196],[36.782038906074135,-23.710158845780715],[36.77519915776734,-23.707650204019057],[36.768328692572936,-23.706886564404176],[36.76145035534766,-23.706569283737075],[36.754564655632535,-23.706665747767723],[36.747672533779316,-23.707119678468516],[36.740775294317,-23.707855210519345],[36.73387451481122,-23.70878225502876],[36.72697193622273,-23.70980278783036],[36.72006934206324,-23.71081763771071],[36.713168434462496,-23.71173331652589],[36.70627071553637,-23.71246843059217],[36.699377382154516,-23.7129592411621],[36.69248924135819,-23.713163999306037],[36.68560665232506,-23.71306576323795],[36.678729499005655,-23.712673508486954],[36.67185719548508,-23.712021456432677],[36.66498872389785,-23.71116666684872],[36.658122702497394,-23.710185057149502],[36.65125747941223,-23.709166117137066],[36.64439124585181,-23.70820667605536],[36.63752216117891,-23.707404142757483],[36.63064848143262,-23.706849675468348],[36.62376868262229,-23.70662174257885],[36.616881570430856,-23.70678050980133],[36.609986368844694,-23.707363433605185],[36.603082781604506,-23.708382359861375],[36.59617102215844,-23.709822325503772],[36.589251809877794,-23.711642146566568],[36.58232633253479,-23.713776755881383],[36.57539617729583,-23.716141136093057],[36.568463234607,-23.718635586395585],[36.561529581201135,-23.72115197171409],[36.55459734991071,-23.7235805369995],[36.547668594926556,-23.725816831302414],[36.540745161524555,-23.72776827890801],[36.53382856905648,-23.729359958539202],[36.526919915172115,-23.730539204874354],[36.52001980785518,-23.731278725795185],[36.51312833000584,-23.73157802855432],[36.50624503911115,-23.73146306171772],[36.49936900216359,-23.730984099649344],[36.49249886358382,-23.73021201439818],[36.48563294164435,-23.729233188176828],[36.478755573398836,-23.728143159570042],[36.471803395636655,-23.72702427642479],[36.464879913073275,-23.725896449235794],[36.45802823332871,-23.724936405521465],[36.45116771535404,-23.724208957333136],[36.44429655172609,-23.72376013197349],[36.43741386007665,-23.72361166415737],[36.43051974784051,-23.723759486480386],[36.42361530912177,-23.724173993922157],[36.41670255367988,-23.724802064639068],[36.409784272592894,-23.725570700872417],[36.40280302939795,-23.726389866452823],[36.39573605571721,-23.7271000483139],[36.38872966083794,-23.72759554801492],[36.381817729476815,-23.72785850256411],[36.374925565532415,-23.7278021989403],[36.36805729401204,-23.72736109002921],[36.36121569528067,-23.726491473493333],[36.35440199517993,-23.72517476423579],[36.347615757998,-23.723419102122865],[36.34084806257956,-23.721258816407772],[36.3339955998086,-23.71873890309495],[36.32724943255881,-23.715790141538854],[36.320629135344326,-23.712681665983084],[36.31401484995487,-23.709511676073824],[36.30739639617092,-23.706389743267724],[36.300763907492794,-23.703421835265203],[36.294108452748276,-23.70070364595544],[36.28742259520675,-23.69831461587554],[36.280898052105776,-23.69633037834828],[36.27441857556851,-23.69455672072732],[36.26769074718532,-23.693168933005413],[36.260887549104396,-23.692186260493823],[36.254035226380985,-23.69156714021765],[36.24714255204616,-23.691246315449654],[36.24023583391556,-23.691143704544317],[36.233600274429705,-23.691185992814148],[36.22695162506164,-23.690923653458974],[36.22002970191101,-23.6905502260187],[36.21313749073867,-23.69002589538051],[36.20628867141631,-23.68928138947474],[36.199639591865626,-23.68829323528963],[36.19330889030793,-23.686825666978624],[36.18700073531572,-23.68474120656508],[36.18057613520902,-23.682343234240495],[36.17424616187869,-23.67973346093411],[36.168799998366715,-23.677179965031673],[36.16383711627545,-23.67379777400568],[36.158066380425865,-23.67014372735647],[36.1539403846253,-23.667418223289914],[36.15107125492528,-23.664154730625743],[36.14522912281793,-23.658829662230087],[36.136784438723446,-23.654250595778397],[36.129169264973484,-23.651782414620662],[36.12246558327048,-23.65017037361321],[36.11477839506445,-23.648716799527747],[36.106722281610146,-23.648426118015173],[36.099386028072935,-23.648866535385974],[36.09211770226147,-23.64962812750546],[36.08479801105172,-23.650588406583218],[36.07742059657747,-23.651638671982603],[36.07007690322545,-23.652838394880792],[36.062853360604485,-23.65424744198706],[36.0556685442245,-23.655442934259742],[36.048536224772505,-23.65634175887968],[36.04146767061021,-23.65688080452187],[36.03446996359432,-23.6570205893024],[36.02755197272676,-23.65674843138704],[36.020940402987904,-23.656116660407832],[36.01434664428815,-23.655378458879618],[36.00755605114324,-23.65430688758153],[36.000795136483795,-23.653008501252376],[35.99405218601456,-23.65157328455295],[35.987314721948565,-23.65009692105083],[35.98057038800938,-23.64867401143689],[35.97380782337284,-23.647391390798763],[35.96701746646065,-23.646321996742763],[35.960286683680856,-23.645529702951322],[35.95351569818141,-23.645199352034076],[35.94661860952937,-23.645181749348357],[35.939683009344144,-23.645448000050266],[35.93272341377097,-23.645954348964324],[35.92574639442847,-23.646634495472735],[35.918760260550094,-23.64740487538459],[35.911774503823,-23.648170272581662],[35.90479915906742,-23.64883025246209],[35.897844123644994,-23.64928598413006],[35.89091848139691,-23.64944699187961],[35.884208846780545,-23.649251930108807],[35.877538108984396,-23.648752374654038],[35.870723546758484,-23.647785795145435],[35.86393731750234,-23.64635309511224],[35.85718589090107,-23.644475823008733],[35.85046567830042,-23.64220084341938],[35.843771281714794,-23.63959805418755],[35.83709582811187,-23.63675603954016],[35.83043140159973,-23.633776488846372],[35.82376954462299,-23.63076775393537],[35.81710179463292,-23.627837975718833],[35.810420220327124,-23.625088239723393],[35.803711943286054,-23.622605818296357],[35.79693114091916,-23.620473675634532],[35.79010411725348,-23.61880347628194],[35.78329274180254,-23.617538388869622],[35.77645691857316,-23.616669711177302],[35.76959857531446,-23.616165333189684],[35.76272107842234,-23.61597006967382],[35.755828981492414,-23.61600981251322],[35.74892769423106,-23.61619694321496],[35.74202309397707,-23.616436638500154],[35.73512110600488,-23.616633641913666],[35.72822728095964,-23.616699043171273],[35.721346398055616,-23.616556606596845],[35.71448212101637,-23.616148220512116],[35.70763673024461,-23.615438098770756],[35.70078709807949,-23.614414195687953],[35.69388835603858,-23.613822052182524],[35.686992621525235,-23.613616026015293],[35.68012201462918,-23.613318939389824],[35.673251440072086,-23.61302152206887],[35.66638788062879,-23.612583949389535],[35.65952751445193,-23.612083124167757],[35.652667202632536,-23.611581970001644],[35.64580381095996,-23.61114304478821],[35.63893974212408,-23.61071824191481],[35.6320691744808,-23.610423460967937],[35.62518854102017,-23.610329243741127],[35.61829815491345,-23.610428712215544],[35.611394860672746,-23.61078387155013],[35.60448211042819,-23.61132542660319],[35.59756489387039,-23.611953928903596],[35.5906576144892,-23.61247993469804],[35.58379479563814,-23.612969217561883],[35.576960143528765,-23.612740593584054],[35.57007840194238,-23.61254323877749],[35.563032319984885,-23.614349911744227],[35.556005387972206,-23.615920382607136],[35.54900367265466,-23.617181278037965],[35.542032394490725,-23.618069723439913],[35.53509091030335,-23.618594314338424],[35.52818212672596,-23.61872047475818],[35.52130300367571,-23.61848592923443],[35.51444949413404,-23.61794051224562],[35.50761589919254,-23.617153954172153],[35.50079528714752,-23.61621074089328],[35.49397999539152,-23.615203990545492],[35.4871431263008,-23.614227375354837],[35.48023282666182,-23.6133220038726],[35.47334698443079,-23.612438843972047],[35.46650008830842,-23.611824155247774],[35.45961649463591,-23.611511258938915],[35.45269423523837,-23.611515912106995],[35.44573448182016,-23.61182805754247],[35.43874150254543,-23.61241223991456],[35.431722406532536,-23.613209762739505],[35.42468669297877,-23.614142442567342],[35.417645634780655,-23.615117709093948],[35.410611537704234,-23.61603470911421],[35.403596924636794,-23.61679100445766],[35.396613699635616,-23.617289413846258],[35.389282018878205,-23.617399970140397],[35.38196975748427,-23.61683145341747],[35.37512704508075,-23.61582946206733],[35.36841477329304,-23.614360408442003],[35.36178310744863,-23.612423682731347],[35.355226447493095,-23.610052217363542],[35.348734979882515,-23.607303358932608],[35.34229529611591,-23.604255248035898],[35.3358912482627,-23.60100183137042],[35.32950498412259,-23.59764683983423],[35.32311809259966,-23.59429713574415],[35.3167019280084,-23.59105425324825],[35.31026349303106,-23.587964473102495],[35.30394671513366,-23.584855721710234],[35.29756627208097,-23.582080074541146],[35.29109986637038,-23.579666014502855],[35.284546089219006,-23.577619233728182],[35.27790962238272,-23.575919866152695],[35.27120081915632,-23.574524272437998],[35.26443490321712,-23.573368426956076],[35.257630839604744,-23.57237267581405],[35.250809954175196,-23.571447542657054],[35.24411752884177,-23.570527382620444],[35.237562185342234,-23.569067928182672],[35.2309583300923,-23.56733830335075],[35.22442424704704,-23.565354528403333],[35.217987126707825,-23.5630770929739],[35.211653624495135,-23.560485951401915],[35.20542223113618,-23.55758581171493],[35.199283270158304,-23.554406125943657],[35.19328017545848,-23.551016695309983],[35.18788168059458,-23.54755515520574],[35.18283997190861,-23.543527100669507],[35.17729998960072,-23.539347753947396],[35.17170257370446,-23.535292640607754],[35.166004716418826,-23.531454336457138],[35.16016782528196,-23.527915879376142],[35.15416029632022,-23.52474522956249],[35.149081755226014,-23.522472015917693],[35.14445645449655,-23.52020359116209],[35.13857002314193,-23.517589516102305],[35.132093339483326,-23.51517398654945],[35.12538359499319,-23.51309977079097],[35.11848329555998,-23.51130454397953],[35.11223125826245,-23.510208165754914],[35.10650784692447,-23.508570154561802],[35.100197788708435,-23.505905703893724],[35.093667914558736,-23.50293710418354],[35.08727117426934,-23.499847497147456],[35.08105301940572,-23.49656385443582],[35.07492008113287,-23.493322205921356],[35.06895408566173,-23.489993034325924],[35.06324230681409,-23.486384883966732],[35.057780027614164,-23.482513378557368],[35.052614396536434,-23.47846690595435],[35.047364399774914,-23.474554882796568],[35.04206963730129,-23.470533638091535],[35.03680701670298,-23.466433029855605],[35.031545050424036,-23.462349304706766],[35.02620105518441,-23.45844605013779],[35.020435974578646,-23.45507784438707],[35.014482010201995,-23.451906253010616],[35.008353516020875,-23.44899858053122],[35.00211293009688,-23.446419117106903],[34.99559483558789,-23.444542364664752],[34.98878556551421,-23.443084623940532],[34.98179909552948,-23.441835612516368],[34.97486583996645,-23.44081830447789],[34.96821360373213,-23.440248372898665],[34.96137683635915,-23.440035315271235],[34.954224663893484,-23.439593414647465],[34.94721450321021,-23.438975730439253],[34.941170261695554,-23.43838810146536],[34.93512030401709,-23.437976288733076],[34.92832305140685,-23.4369061973531],[34.92165616183539,-23.435373417156793],[34.91599333710141,-23.433561353683025],[34.91040976214236,-23.431809709444835],[34.90398043877426,-23.429574572632436],[34.89746388353303,-23.426967422625694],[34.89143973597584,-23.424152143073307],[34.885483587142936,-23.421557581185645],[34.87896913536878,-23.419083913681654],[34.87222739499159,-23.416639612628334],[34.86538462049521,-23.41433027188551],[34.858515272676094,-23.412010924238928],[34.85186135581551,-23.409583691249747],[34.845259848734976,-23.40749989576061],[34.838602672493394,-23.40576323769001],[34.83194728914766,-23.404296221939816],[34.825371862309964,-23.402577581603015],[34.818692672431055,-23.401094216863218],[34.81196533736932,-23.399781389801262],[34.805215503031164,-23.39855475156505],[34.798611696690315,-23.396779059967646],[34.792064727794084,-23.394832373943903],[34.785590191212876,-23.392712631335822],[34.77919655283384,-23.39034454484293],[34.77309816844988,-23.387362925777534],[34.767309775593404,-23.383848254572744],[34.76169042811763,-23.380020206283277],[34.756256430025225,-23.375908910855646],[34.751228744940086,-23.371549176901105],[34.746663152461714,-23.366646538162684],[34.741991661747754,-23.361536694361998],[34.73733745125393,-23.356401047310516],[34.73299635845314,-23.35153655230525],[34.72906285486352,-23.346719446576003],[34.72475770318944,-23.341793388638067],[34.72002578552835,-23.33703039695858],[34.71501922483118,-23.332612775670434],[34.710358841246475,-23.329032305530014],[34.7057078569934,-23.325488659169338],[34.70010155836226,-23.32181177549],[34.69416867645304,-23.3184513021572],[34.688006796888345,-23.315403770541923],[34.6820459710915,-23.31287348579474],[34.676108652460606,-23.31007263385273],[34.66972070510893,-23.306998538309543],[34.663341461834435,-23.303916439380064],[34.65704725356043,-23.30075613285615],[34.650905151173355,-23.297455949439133],[34.64496865888414,-23.293966710802582],[34.63927434300725,-23.290254823801188],[34.633839621935785,-23.286304306442542],[34.62866186471968,-23.28211761120669],[34.62371885726461,-23.277715192236624],[34.618970602770155,-23.27313384741331],[34.614362332905465,-23.26842394872452],[34.60982852451012,-23.263645749126063],[34.60512912228502,-23.259019956821025],[34.600306949820215,-23.25450718849348],[34.59533997778455,-23.250127685237548],[34.59023433570222,-23.245875798059668],[34.58502653518077,-23.241717948944494],[34.57977800454326,-23.23759766090519],[34.574567240453575,-23.23344277746933],[34.56948035135404,-23.229174157711594],[34.564600899326265,-23.2247150124941],[34.56000000000002,-23.219999999999995]]}},{"type":"Feature","properties":{"id":1468,"source":10534,"mouth":10674,"parent":1467,"basin":1467,"widthFactor":1.1,"sourceWidth":0.07,"discharge":95,"name":"","type":"River"},"geometry":{"type":"LineString","coordinates":[[36.564673522335795,-22.942168732660136],[36.5589378422615,-22.945797250000954],[36.55288003968442,-22.949113855073882],[36.546533888452174,-22.952151201785284],[36.53996370021896,-22.954971529292227],[36.53325982964844,-22.957662321245557],[36.526531536854854,-22.960329403246327],[36.51989782266068,-22.963088071729054],[36.51347704169759,-22.966053031933654],[36.50737621979286,-22.969328041911826],[36.501749780710476,-22.97306281503208],[36.497761568120055,-22.978385347373468],[36.49401185628123,-22.983939228962868],[36.49043137521061,-22.98965733727585],[36.48694343653833,-22.99546535491029],[36.48346900029544,-23.001286681773234],[36.47993187459088,-23.007047475221057],[36.47626369804878,-23.012681478715987],[36.47240836946619,-23.018134314110107],[36.46832562645738,-23.023366949117182],[36.46399353240192,-23.02835810739966],[36.45940970493829,-23.033105460202098],[36.45459120453149,-23.037625520785657],[36.44957309248457,-23.041952250522424],[36.444405757957725,-23.046134472508772],[36.439151196951784,-23.05023226910732],[36.433878497126045,-23.054312608507573],[36.42865883595043,-23.05844449757499],[36.42356033243593,-23.062693990401062],[36.41864310238359,-23.067119391880905],[36.413954853149306,-23.071766982626364],[36.40952731734515,-23.076667556421715],[36.405373768201436,-23.081834006594086],[36.40148778633905,-23.087260126795968],[36.39784336335553,-23.092920709578973],[36.39439633755631,-23.098772938342844],[36.391087067379026,-23.10475898073117],[36.38784416456378,-23.11080961025477],[36.384589037507006,-23.116848613365836],[36.38124094032362,-23.122797686086045],[36.37772218866173,-23.12858149118793],[36.37396319164756,-23.13413253605544],[36.369906961342224,-23.13939554341086],[36.36551279602635,-23.144331021248494],[36.360758889184325,-23.148917792234847],[36.355643688503704,-23.153154312872832],[36.35018591362895,-23.15705869416794],[36.34442323205967,-23.160667422900904],[36.338409683274755,-23.164032870040444],[36.33221202570035,-23.167219754449363],[36.32590525376456,-23.170300800361684],[36.319567588070306,-23.173351881398993],[36.312883508865006,-23.17677339427985],[36.30591697027965,-23.17964152689672],[36.29948102153425,-23.182332390498477],[36.29326045951704,-23.185233795112172],[36.287246693113744,-23.188392649342777],[36.28144410677721,-23.191814463376684],[36.27584023054546,-23.195483765708964],[36.27040680307732,-23.199365420466833],[36.26510191637329,-23.203407292994203],[36.25987309602413,-23.207544081653154],[36.25466110764349,-23.21170205488846],[36.24933526281265,-23.21585091661446],[36.2435742148885,-23.219826434757262],[36.23740069506704,-23.223084752025372],[36.23126709173446,-23.225956781895807],[36.22494083353722,-23.228517734212176],[36.21841018247509,-23.230748560629134],[36.2116775548187,-23.232653072617243],[36.20475960273004,-23.234258084333668],[36.19768632965995,-23.235611995724717],[36.19049929794235,-23.236781908703964],[36.18324904848629,-23.2378494683303],[36.17599190575759,-23.238905707081816],[36.16901512810567,-23.23992739693442],[36.162575054207004,-23.240634103791116],[36.155967267040374,-23.241278815516086],[36.149044801873416,-23.24247051724498],[36.14230997906665,-23.244064920615575],[36.13577757090707,-23.246093885794885],[36.12945083090796,-23.24856454935637],[36.12332135624895,-23.251459014082887],[36.117369721058914,-23.25473569637662],[36.111566837350615,-23.258332239368126],[36.10587595155837,-23.262169794287928],[36.10025514192252,-23.266158380487397],[36.094698799833985,-23.27018769373566],[36.0895706300063,-23.273970860457244],[36.083975228825665,-23.27713733310057],[36.07782881469314,-23.28024981637393],[36.07159408350833,-23.283101010199932],[36.065259459498975,-23.285656469331784],[36.05882165531299,-23.287906313031506],[36.052285809381665,-23.289865650035548],[36.04566504391234,-23.291573286248628],[36.03897947422671,-23.293088804235317],[36.032254737359544,-23.29448821370014],[36.02552014037853,-23.295858468816164],[36.01880655456928,-23.297291224950477],[36.01221625047995,-23.29885596446879],[36.005952783982345,-23.3004643208559],[35.999564930429976,-23.30194855459067],[35.99297517260787,-23.303850034727695],[35.986472298468016,-23.30613459063416],[35.98005624339798,-23.30880219241977],[35.97372101419776,-23.311826692179217],[35.96745499281864,-23.315157135078042],[35.96124162060667,-23.3187207502348],[35.95506041754289,-23.322427422530847],[35.94888826839577,-23.326175346422243],[35.94270088967667,-23.329857482937353],[35.93647437903732,-23.333368386717385],[35.93018674310956,-23.336610944860375],[35.9233499382182,-23.33958650947582],[35.91602720530618,-23.341825370512836],[35.90904760055569,-23.34335866334422],[35.90225804375707,-23.344389622532933],[35.89540789266129,-23.344962006299873],[35.88850247011809,-23.345115594435836],[35.881550130795084,-23.34491321607521],[35.87456167563417,-23.344436358427373],[35.8675496065138,-23.343779552291572],[35.860527271738896,-23.343043914212174],[35.85350796025034,-23.342330281827753],[35.84650400578558,-23.34173240618529],[35.83952596142024,-23.341330660692293],[35.83258190004764,-23.341186691241806],[35.82558977748689,-23.341348525176514],[35.81847127191017,-23.341667541993562],[35.81144219476525,-23.341958723085412],[35.80458665254243,-23.34250373531798],[35.79774095009058,-23.343251174203036],[35.79090126154698,-23.34412325965278],[35.784063173936566,-23.345029813746738],[35.777222003502715,-23.34587469316119],[35.77037313074663,-23.346562649155405],[35.763512331401344,-23.34700614938605],[35.75663608088119,-23.34713169824882],[35.74974181157808,-23.34688522617604],[35.742828105598804,-23.346236181072374],[35.73589480992823,-23.345180042610526],[35.728943066267774,-23.34373908652611],[35.72196385423652,-23.34196177814443],[35.71499212311964,-23.33986140624806],[35.708177815989515,-23.337215102983812],[35.701367146608,-23.33449536600016],[35.69455587653892,-23.331811525621102],[35.687741325194615,-23.32927255025669],[35.68092096928003,-23.3269801005211],[35.67409260364426,-23.325022072875264],[35.66725448161997,-23.32346705279903],[35.66040542539759,-23.322360049377412],[35.653544898967866,-23.32171979681254],[35.64667303864912,-23.321537802737407],[35.63979063903338,-23.32177920544024],[35.63289909515549,-23.322385380162487],[35.626000304621144,-23.32327811674223],[35.619096536131764,-23.32436508499865],[35.61219027313879,-23.325546217540023],[35.60514759270059,-23.326718246795316],[35.59813269338543,-23.327940651456878],[35.5912549583934,-23.328985033811467],[35.58438110323534,-23.32978078020755],[35.57750683887876,-23.3302857897284],[35.570632194746395,-23.330483068246938],[35.56375722999556,-23.330381757684464],[35.5568820257219,-23.33001636434666],[35.5500066759156,-23.32944423881371],[35.54313127794909,-23.32874147885358],[35.53625592337142,-23.327997533543478],[35.52938068972746,-23.327308874707025],[35.522505634016284,-23.326772164966417],[35.51563078826003,-23.326477385900365],[35.5086765138952,-23.32650159487475],[35.50163296282538,-23.32699089594131],[35.49469232676461,-23.32800085713645],[35.487862641786805,-23.32942962445526],[35.481046380775524,-23.331261861500906],[35.474242007507875,-23.333453770298235],[35.46744720215238,-23.33593789254165],[35.460659004644015,-23.338627200673816],[35.453874000836954,-23.341420509074347],[35.44708853883699,-23.344208843155428],[35.440298960920764,-23.346882339469204],[35.43350183544675,-23.349337214045516],[35.42669417321671,-23.351482331519072],[35.420033309684285,-23.353239794763066],[35.413534051839434,-23.3546930176267],[35.40686847734816,-23.355808092401208],[35.40002689638233,-23.356479202341156],[35.39315318016992,-23.356727529750565],[35.386251480123974,-23.356606905522423],[35.37932747407243,-23.356191452821502],[35.37238796263194,-23.35557033197992],[35.36544039297237,-23.35484150321587],[35.35849234234044,-23.354104929813055],[35.35155099635012,-23.353455681947224],[35.344690043810004,-23.352972918079892],[35.33801000228155,-23.352805338572693],[35.33129696830197,-23.353165077030482],[35.324460358606736,-23.353842692285625],[35.31766294645991,-23.35481544253333],[35.31090053550067,-23.356052100586815],[35.30416585841215,-23.357498262951978],[35.2974490911171,-23.359080177890867],[35.29073854380507,-23.360709915443483],[35.2840214818937,-23.362291529010726],[35.27756468127971,-23.3636936520197],[35.27134164153259,-23.365090312418893],[35.264818305205985,-23.366395918717217],[35.258016998628,-23.3673619712969],[35.25112741873048,-23.367915017969107],[35.24414666428664,-23.3680411543859],[35.237077484226035,-23.367752914547864],[35.22992817917276,-23.36708884528999],[35.222839414116024,-23.366086802740913],[35.21572563640882,-23.365166152096116],[35.2083898101665,-23.36453090770444],[35.20097517152708,-23.363888103912448],[35.19358728467311,-23.3633242188017],[35.186260065368344,-23.36294013683547],[35.17902370803512,-23.36282575115771],[35.17108762236215,-23.363315738420642],[35.16329840999747,-23.365203397983638],[35.15655820674041,-23.3673573133319],[35.150210562231806,-23.369828544261818],[35.14406749156649,-23.372675329764153],[35.137108764377984,-23.376360034407174],[35.13035671042938,-23.381591815535977],[35.125269388681645,-23.386989564497526],[35.120892895332,-23.391984142070523],[35.11652991533957,-23.39699277302413],[35.11211111692586,-23.40194448295171],[35.107574736811806,-23.406776036912678],[35.10287085662872,-23.411436317583863],[35.0979648528059,-23.415889857816218],[35.092839786035576,-23.420119288633664],[35.08805457253349,-23.42469686310384],[35.08318713028347,-23.429190431684116],[35.07829454683084,-23.43365844163058],[35.073456254041105,-23.438182230858622],[35.06873608659413,-23.4428271773457],[35.06417496648294,-23.44763520302765],[35.05978610422727,-23.452619853706903],[35.055553115292575,-23.45776436476706],[35.051431185776735,-23.4630228510935],[35.04435508844575,-23.472269383247063]]}},{"type":"Feature","properties":{"id":1469,"source":10951,"mouth":10945,"parent":0,"basin":1469,"widthFactor":1.1,"sourceWidth":0.07,"discharge":95,"name":"","type":"River"},"geometry":{"type":"LineString","coordinates":[[36.25040792505953,-26.54723445330797],[36.2440324763965,-26.550380984652275],[36.23755507018767,-26.55342923008467],[36.231064108065716,-26.55646443027984],[36.224663496411,-26.55958680706767],[36.21846325153798,-26.562902505516394],[36.21256918553099,-26.566513642440338],[36.2070726136107,-26.570508369241935],[36.20204103438706,-26.57495186890167],[36.19751066300973,-26.579879139364067],[36.19350075287258,-26.585308801401375],[36.19026924362099,-26.591489752481344],[36.18703935397847,-26.597672535115183],[36.183729607356945,-26.60377853793575],[36.18026508917537,-26.609735479936333],[36.17655840091127,-26.615501701551107],[36.17210288316161,-26.621272704800532],[36.16652157870337,-26.626054783095057],[36.16112750262413,-26.630217538270003],[36.15532266165411,-26.634151114111948],[36.14872319638957,-26.63777485125326],[36.14179140305662,-26.640463521528158],[36.135195194265776,-26.64275833999321],[36.128459120962255,-26.644972510039487],[36.12131915950191,-26.647158533359406],[36.11408055240233,-26.64875960288441],[36.107247696123714,-26.650389455842358],[36.1004933848428,-26.652231190025272],[36.09363423707054,-26.654392478390143],[36.08661496748894,-26.656476706327165],[36.07979725361706,-26.65860927523455],[36.07316512705668,-26.661000074732414],[36.06659275025468,-26.66362832136402],[36.0597399412796,-26.66648938727049],[36.05257019234354,-26.669126758256837],[36.045648056527035,-26.671547168042697],[36.03888255351336,-26.67383676774254],[36.03208402311813,-26.675919507444743],[36.025104067966716,-26.67772114969075],[36.01752103311028,-26.679113998982317],[36.00996376537232,-26.67971172724593],[36.00289385755661,-26.679801525155693],[35.99578499858194,-26.679418158164843],[35.98863896470596,-26.67858213213062],[35.98137075199233,-26.677345509429575],[35.973811140778274,-26.675708707908246],[35.96642303709753,-26.673526213544633],[35.959319381770875,-26.671188686212485],[35.95221526296932,-26.668811638229663],[35.945112750838135,-26.666503018588248],[35.93801375388498,-26.66436367712182],[35.93095998489925,-26.66248066858297],[35.92400779487739,-26.66072588227914],[35.91703389287978,-26.659239548777496],[35.910011129831624,-26.6581424951345],[35.90297542710838,-26.657428749778934],[35.895927821820145,-26.65706587665201],[35.888870144148406,-26.656998470116033],[35.88204899309779,-26.65716288998558],[35.875422422141654,-26.657051707170062],[35.86855145258537,-26.65659436148803],[35.86150087553552,-26.656057524602428],[35.85447553986941,-26.655378648243868],[35.847488697303646,-26.654483324448297],[35.84055039839318,-26.653315249141937],[35.83372247067373,-26.651848603070878],[35.827312535659146,-26.650004370558204],[35.82116708462762,-26.647289322855503],[35.81479069223735,-26.644251118151335],[35.80847422282493,-26.64102338435646],[35.802192574362884,-26.63768591836853],[35.79591668793998,-26.634331029559874],[35.78961546802095,-26.631057435619475],[35.783654635914345,-26.628069018391727],[35.778313620933545,-26.62527532635023],[35.77262748764756,-26.62238611988575],[35.7662225301849,-26.619706702351174],[35.75962439381455,-26.6174606749897],[35.75282739489779,-26.615660608852785],[35.745837089163096,-26.61429387015973],[35.738669976145935,-26.61332330094667],[35.73150402097483,-26.612745008806446],[35.72464739366458,-26.612448206513896],[35.71759564228594,-26.611792627162565],[35.71010356485715,-26.611025066416676],[35.70262865243835,-26.610227278981924],[35.695223043334586,-26.6093081460214],[35.68793277338731,-26.60818726251031],[35.68079487974048,-26.606799988240585],[35.67383511840386,-26.60510142224837],[35.666986704822634,-26.60303125380376],[35.66035544696851,-26.600344545994474],[35.65412817816409,-26.59716116702866],[35.64816564651736,-26.59377506739305],[35.64233647946345,-26.590196725215872],[35.63659078423837,-26.586498189964644],[35.63087372611759,-26.582758623147623],[35.62512948405186,-26.579058588928756],[35.61930526594372,-26.575474259568516],[35.613340464120085,-26.57206367831767],[35.607164916038016,-26.568777139826278],[35.60102723196664,-26.565424740887988],[35.594761641276065,-26.56239301276077],[35.58828900832221,-26.559617458487523],[35.58163376292985,-26.557067806940935],[35.574835618036914,-26.554694896915024],[35.56794706562561,-26.552433783346547],[35.56102999076027,-26.55020793229715],[35.55415163007993,-26.547934223248273],[35.54731819927044,-26.545487729626103],[35.54027331730403,-26.54249811645799],[35.53371271658758,-26.53895819736025],[35.52784928474113,-26.53538710396273],[35.522314588214236,-26.531458905763316],[35.51712326122146,-26.52715775435286],[35.51227072206026,-26.52248867560291],[35.5077334026716,-26.51747731627003],[35.50347023174403,-26.512168331198822],[35.49942527186376,-26.50662251884646],[35.4955313334692,-26.500912896827533],[35.49162978395194,-26.495056308383045],[35.487797215042036,-26.489056683885604],[35.484176417917034,-26.483094250582276],[35.48049012633295,-26.477342829155134],[35.47659859053736,-26.47179153046178],[35.47246011769672,-26.46648095116627],[35.468051530884836,-26.461433650687447],[35.4633694094188,-26.45665294323317],[35.45842998968138,-26.45212299618617],[35.453267735398335,-26.447810225958772],[35.447932675673236,-26.4436658949066],[35.44248669185941,-26.439629731910085],[35.43701037730736,-26.43564386027516],[35.43163215791494,-26.431555969496802],[35.42634545382241,-26.4273612799303],[35.421220596751155,-26.423013455370164],[35.4163074505827,-26.418466084760485],[35.41163944714974,-26.41368765049461],[35.407231361565486,-26.40866423398553],[35.403078019842354,-26.403400731486787],[35.39915436740533,-26.397920787770918],[35.39541689572034,-26.39226545038587],[35.39180633242094,-26.386490633329394],[35.38825141492503,-26.380663559166248],[35.3846734943924,-26.374858417488976],[35.38105898014194,-26.369209703315146],[35.37733830188251,-26.363701574181622],[35.3733030086711,-26.358365678917906],[35.36894774523283,-26.35331081679456],[35.36423921024122,-26.34858133072493],[35.35915595667618,-26.3441969324072],[35.353697445312484,-26.34015807846402],[35.34788410869143,-26.33644591520837],[35.341756034088164,-26.333023496910634],[35.335370353423485,-26.32983819567151],[35.32879751466609,-26.326825140859995],[35.32211668426481,-26.3239114569073],[35.31541058852247,-26.321021014724575],[35.30876013962506,-26.31807937772613],[35.302243330894676,-26.315022252983017],[35.295934473094356,-26.311781685082032],[35.28988855324424,-26.308278866957988],[35.284103680469094,-26.304527294578165],[35.27859513371172,-26.30052665401852],[35.2733501983063,-26.2962884464203],[35.26833681834488,-26.29184160542397],[35.26350609774467,-26.287230240152084],[35.258795944164056,-26.282510349236873],[35.25413560753233,-26.27774572908125],[35.2494508047303,-26.273003353822872],[35.244669082653495,-26.268348540121433],[35.239725056098976,-26.26384022448464],[35.23456516563176,-26.2595266733741],[35.22915163313888,-26.255441917252824],[35.22346534692033,-26.251603150985137],[35.21750748022104,-26.248009277845522],[35.211287731560155,-26.244629837727455],[35.20488738830348,-26.241392412764082],[35.19834721939996,-26.238300303181084],[35.19172696891829,-26.235279519326397],[35.185107053169,-26.232258439159487],[35.17857164886461,-26.22916243819061],[35.172203055855356,-26.22591857746855],[35.16607633090448,-26.22246035736013],[35.160254381100565,-26.21873206098477],[35.15478384676835,-26.214692396121766],[35.149692050893414,-26.210317191541467],[35.14498522041633,-26.20560096718178],[35.140648099117755,-26.200557273133345],[35.13664497801945,-26.195217774948734],[35.132922073665455,-26.189630146838336],[35.129411093835714,-26.18385491424101],[35.126033750366666,-26.177961457718368],[35.12270360405164,-26.17202040642891],[35.11932916682777,-26.166088775302597],[35.115887331636905,-26.160238230023804],[35.11228814200622,-26.154557725115865],[35.10846293264914,-26.14907504969928],[35.10437934058107,-26.143818496408837],[35.10002531511444,-26.138798592391968],[35.09540963919674,-26.13400764404871],[35.09056103148475,-26.12942052441477],[35.08552589159166,-26.12499664819746],[35.08036484214057,-26.120682999311615],[35.075148302208156,-26.116418004772946],[35.06995139203161,-26.112135991785486],[35.06484851408002,-26.107771925644222],[35.059907977670306,-26.103266107280426],[35.05518703167923,-26.098568512135078],[35.05072764266665,-26.093642476321257],[35.04655330564719,-26.088467480061922],[35.04266710516732,-26.083040839181844],[35.03905115995231,-26.077378188902003],[35.03567288387876,-26.071517761622186],[35.03250054616343,-26.065496519407535],[35.029442445811,-26.059372638456924],[35.0264061468105,-26.053222348847374],[35.023310418456724,-26.047123607149633],[35.02007037212955,-26.041149771022702],[35.016607243961374,-26.0353689064882],[35.012853490671496,-26.029839381229777],[35.00875715550347,-26.02460608821668],[35.00428521224932,-26.019697553107964],[34.99942566394101,-26.015124119535354],[34.9941882562568,-26.010877333866382],[34.98860375845378,-26.006930570319454],[34.982721860528365,-26.00324085380719],[34.976607827956585,-25.99975175728927],[34.97033813861302,-25.996397178180697],[34.963995394754164,-25.99310573936967],[34.957662851685114,-25.98980551862204],[34.951418930589725,-25.98642878837568],[34.9453320841853,-25.982916447587286],[34.93945636020048,-25.979221848362453],[34.933832135149686,-25.975317711457567],[34.92848703247838,-25.971174473991937],[34.92340686535309,-25.966795492545717],[34.918559046139634,-25.96221368468955],[34.913902361294184,-25.957468620002196],[34.90937804156033,-25.952610556481712],[34.90491643061278,-25.9476990533146],[34.900442014268016,-25.942798671575282],[34.89587885455979,-25.937974328501884],[34.891156060323034,-25.933286620083738],[34.88621292369626,-25.928787428998653],[34.88100337464868,-25.924516115867444],[34.87549945166827,-25.920496552597765],[34.86969355296697,-25.91673519988867],[34.86359931451263,-25.91322036057768],[34.857251053402265,-25.909922661192645],[34.85070181140914,-25.906796731196362],[34.84402012756597,-25.903783968604003],[34.83728575412561,-25.900816207387894],[34.83058460146303,-25.897820041315956],[34.824003249651675,-25.894721514691433],[34.81762339401676,-25.891450865825988],[34.81151659687339,-25.887947005607742],[34.80571362920957,-25.884136441462328],[34.800294230896505,-25.879989893619793],[34.79529016650078,-25.8755384519895],[34.7906722105869,-25.87076479528757],[34.78641225047697,-25.86568816862603],[34.782465030926204,-25.860346908193247],[34.77876873632792,-25.854793364264676],[34.775249188681194,-25.84909034933627],[34.771824846648585,-25.84330690812902],[34.76841226858849,-25.83751369399587],[34.76493167166652,-25.831778262680377],[34.76131221320506,-25.826160599898227],[34.75749663963841,-25.82070918342656],[34.753444991429895,-25.8154578443188],[34.74913711612972,-25.81042363791686],[34.744573822095326,-25.80560586713603],[34.73977659687721,-25.800986322655984],[34.734785910792105,-25.796530722438337],[34.72965822134272,-25.792191251982427],[34.72446188156542,-25.78791003241868],[34.71927222925844,-25.783623280951627],[34.71416618940371,-25.779265881522917],[34.70921675518836,-25.77477605599259],[34.70448772156989,-25.770099819459304],[34.70002381083796,-25.765189864777035],[34.69587274715742,-25.760012893005992],[34.69205029883067,-25.754570735043213],[34.688537311711514,-25.748873488658802],[34.685300842136286,-25.742944039677866],[34.68229110887928,-25.73682422071253],[34.679441838216306,-25.73056972359361],[34.67667437394419,-25.724246648430558],[34.673902631279525,-25.7179273426963],[34.67103856296507,-25.7116858082581],[34.667997771606125,-25.705592983550474],[34.664704892642476,-25.699712216728056],[34.66109838800205,-25.694095233021756],[34.65713443024458,-25.68877886645763],[34.65278961815837,-25.683782774783392],[34.64806234318477,-25.67910829032753],[34.642972716461635,-25.67473848305389],[34.637561062674386,-25.67063943045136],[34.63188508287488,-25.66676260764845],[34.62601587759545,-25.663048235778593],[34.6200330980058,-25.659429362245177],[34.61402469572332,-25.655841423093253],[34.60808331490202,-25.65221747857441],[34.602273330398276,-25.648467909464888],[34.59663382733182,-25.644553925187083],[34.591220806940065,-25.640451559210433],[34.586058349893214,-25.636140799252082],[34.581149593106865,-25.63161906007226],[34.57647669422681,-25.626901209384535],[34.57200223611101,-25.622018397116907],[34.567671975123275,-25.61701576796359],[34.56341874621477,-25.611949212370515],[34.55916725966068,-25.606881375909715],[34.554839464218766,-25.60187719706617],[34.55036011341261,-25.596999275404155],[34.54566215812228,-25.592303383722367],[34.540691600524895,-25.58783442832275],[34.535411480792526,-25.58362313150907],[34.529804726324414,-25.579683661887575],[34.523875669711686,-25.576012374223566],[34.517656289888315,-25.572593843824617],[34.51120527486228,-25.569353909389605],[34.50456426344221,-25.566255173612145],[34.49781181745296,-25.56324702210205],[34.49103450002594,-25.56025925232991],[34.484321718168886,-25.55721847606163],[34.47776053059695,-25.55405325484822],[34.47143011918363,-25.550698634522995],[34.465396774035625,-25.54710025521632],[34.45970972817669,-25.54321776232943],[34.45439812085505,-25.53902729094665],[34.449469292584894,-25.534522858414928],[34.44490852531755,-25.529716573097005],[34.4406802437066,-25.524637646707006],[34.43673059491812,-25.51933027786077],[34.432978231686924,-25.513837507448052],[34.42934035686299,-25.50819518364953],[34.425808307895814,-25.502503298491586],[34.4222771322029,-25.496870669939604],[34.41863881347274,-25.491324473563957],[34.41482998095575,-25.48591572889695],[34.410803344034164,-25.480682506381868],[34.40653081447371,-25.475647412515965],[34.40200530555349,-25.47081614124932],[34.39724108795209,-25.466177188762405],[34.39227267938175,-25.461702750118892],[34.38715234359771,-25.457350736416902],[34.38194636799851,-25.45306777536241],[34.37669867211768,-25.448760425940463],[34.37154650245472,-25.44433277235494],[34.36660202869049,-25.4397955060741],[34.36189828926306,-25.43510622748048],[34.3574749645691,-25.43019812470992],[34.35337453340825,-25.42503804457074],[34.34961949364915,-25.419608431963994],[34.34621048412536,-25.41390879379427],[34.34312586990163,-25.40795602215606],[34.340322821342774,-25.401783553149247],[34.33772928928845,-25.395428168584562],[34.33546081792716,-25.38890856505559],[34.3332791998275,-25.3823520683909],[34.33106116610389,-25.375820321379653],[34.32871553051026,-25.369382874269597],[34.326156824525555,-25.36310281689684],[34.3233398806964,-25.357065494351357],[34.31930369149446,-25.352452757623052],[34.31495856704273,-25.347974910065673],[34.30988340325122,-25.343468187614587],[34.30467447710199,-25.339448018526088],[34.30030248746611,-25.336531151421298],[34.29738970897747,-25.331976781104164],[34.29412131013711,-25.32609949740736],[34.29102231923784,-25.320192184917037],[34.2881617285758,-25.31424262648508],[34.285565476104004,-25.30824623395957]]}},{"type":"Feature","properties":{"id":1470,"source":10951,"mouth":11088,"parent":1469,"basin":1469,"widthFactor":1.1,"sourceWidth":0.07,"discharge":95,"name":"","type":"River"},"geometry":{"type":"LineString","coordinates":[[36.1358607270973,-26.310305255944783],[36.13130733763459,-26.305334180900314],[36.126611992742156,-26.300500873115485],[36.121680221721334,-26.295896850662913],[36.11642451374158,-26.291606872874876],[36.11077441270089,-26.287699155918293],[36.104685290063664,-26.28421687189606],[36.09842131442667,-26.28136597485812],[36.09142931524666,-26.281290742172114],[36.08386228620321,-26.281982247707017],[36.076570757475615,-26.28300006204245],[36.06992819373722,-26.28380991418488],[36.06285025827042,-26.284413079434483],[36.055598915826955,-26.284563695482827],[36.04844309568877,-26.284265720698443],[36.041917024708525,-26.283587192445584],[36.03548669585006,-26.282812573750153],[36.028574797271446,-26.281586812420738],[36.021652148909325,-26.279993328390855],[36.01476881998179,-26.278119948808357],[36.00791162463141,-26.276061183961342],[36.00114763954925,-26.273927713788233],[35.994497418069884,-26.271903043410802],[35.987699689363204,-26.27013589300457],[35.98073901807683,-26.268551287129142],[35.97375316940765,-26.267224117473358],[35.966738232656574,-26.26619363653337],[35.959692839868936,-26.26547318820015],[35.952618250809,-26.26504942343745],[35.945519225043824,-26.264883457160746],[35.93850725405674,-26.264922972630213],[35.93148894447378,-26.26523166021169],[35.92436239728722,-26.265557065794646],[35.91724117924602,-26.265807342507973],[35.91013231133475,-26.265885001805167],[35.90304225001204,-26.265700736793086],[35.89597641682876,-26.265179915421076],[35.88893879633685,-26.264268092360044],[35.881931630240196,-26.262935159840477],[35.874955229200225,-26.26117785065921],[35.868061762167194,-26.25902339976156],[35.861154736027395,-26.256616680798608],[35.8542049189703,-26.253940518824628],[35.84726187949965,-26.251081123841058],[35.84032330103676,-26.24814435236884],[35.83338320291729,-26.245242085058173],[35.82643563319614,-26.242485191303697],[35.819475051100476,-26.23997640835837],[35.81249668256887,-26.23780376386663],[35.80549682472544,-26.23603498850548],[35.79847307860162,-26.234713297823564],[35.79141938818054,-26.2338546047004],[35.78423724157182,-26.233446995911454],[35.777038783141585,-26.233530104785718],[35.76993015690941,-26.23396818163305],[35.76281061622617,-26.234676191368653],[35.75568392442532,-26.235559364790838],[35.74855413941699,-26.236516208241795],[35.741425328736035,-26.23744561866909],[35.73430128439693,-26.238253934088096],[35.72718525715628,-26.23886143636492],[35.720079728540355,-26.239207860968204],[35.71298623647411,-26.239256536525627],[35.7059052667128,-26.23899687099854],[35.6987636653651,-26.240225883454595],[35.691650860328124,-26.240449196951417],[35.684571711033655,-26.239225814479042],[35.67753030983445,-26.2369335997513],[35.670511466692204,-26.234604171509844],[35.6634511437101,-26.233653484380387],[35.65638521294126,-26.232891073507453],[35.649310920230626,-26.23240640718619],[35.64222595103995,-26.23227380168487],[35.63512860117032,-26.232546970019513],[35.62801790720172,-26.233254955446615],[35.620893727537165,-26.234399730485435],[35.61375676825911,-26.235955628530583],[35.606608551722694,-26.237870649919167],[35.599451329683326,-26.240069556237223],[35.5922879465284,-26.24245854444721],[35.58512166160764,-26.24493118444774],[35.57795594249863,-26.247375217324286],[35.57079424310913,-26.249679752717146],[35.5636397816512,-26.25174237644486],[35.55649533363512,-26.25347568564028],[35.54936305409854,-26.254812807763734],[35.542244341358995,-26.255711529276866],[35.535139751779475,-26.25615675474505],[35.528048971555414,-26.25616113119039],[35.520970847609384,-26.255763797843702],[35.51390347559575,-26.255027349474023],[35.50684433906008,-26.254033223455977],[35.49979049025164,-26.25287582832983],[35.49273876019834,-26.25165581745952],[35.48568598362691,-26.250472969633],[35.47862922327846,-26.249419165093595],[35.47156597819914,-26.248571938719873],[35.464494361667015,-26.247989052348828],[35.45741323647002,-26.24770445827909],[35.45032229813382,-26.24772593058359],[35.443222100219394,-26.248034526531278],[35.436114019733665,-26.24858591498511],[35.42900016476621,-26.249313480690876],[35.421883230412284,-26.25013299165066],[35.414766312605295,-26.250948509612826],[35.40765269241877,-26.251659138438395],[35.40054560550419,-26.252166147553122],[35.393448012452204,-26.252379981802953],[35.38636238590958,-26.252226676567894],[35.37929052923506,-26.251653237439815],[35.37223343939158,-26.250631614368757],[35.365191223786184,-26.2491609961009],[35.35816307708393,-26.24726826541356],[35.351147319896675,-26.245006581256344],[35.34414149697235,-26.24245218184761],[35.33714252839248,-26.239699624304183],[35.33014690361399,-26.23685578319157],[35.323150905227585,-26.234033015169793],[35.316150847251386,-26.231341953877603],[35.309143311772445,-26.22888442445057],[35.302125367852135,-26.226746958877502],[35.29509475780886,-26.22499535232428],[35.28805003819418,-26.22367062940249],[35.28099066583533,-26.222786692996024],[35.27391702302047,-26.22232981327378],[35.26683038001062,-26.22225998877195],[35.25969598444794,-26.2236044080849],[35.25255292779289,-26.22519956344256],[35.245410855484295,-26.22675944325039],[35.238273362857115,-26.228178356121475],[35.231142674270984,-26.22939169794154],[35.224019557163174,-26.230378088696746],[35.21690338663234,-26.23115708049584],[35.209792350883326,-26.231782777534683],[35.20268377518565,-26.23233407072733],[35.194013779702665,-26.236322978499928]]}},{"type":"Feature","properties":{"id":1471,"source":10951,"mouth":11087,"parent":0,"basin":1471,"widthFactor":1.1,"sourceWidth":0.07,"discharge":95,"name":"","type":"River"},"geometry":{"type":"LineString","coordinates":[[36.53482335704007,-26.390040717700387],[36.53002634511837,-26.39471647694685],[36.52547086864017,-26.399623511724567],[36.52120954343168,-26.404812180138027],[36.51727011305951,-26.410309044705034],[36.51364985487875,-26.416111515908675],[36.510312843605135,-26.422185232021423],[36.50719039405056,-26.428464483524177],[36.50418472415033,-26.43485572071863],[36.501175591984016,-26.441243907005912],[36.49795158307275,-26.447426783532],[36.49304917036763,-26.45200416879907],[36.48777532643136,-26.456226378856602],[36.482134043627724,-26.4600971831451],[36.476149871576496,-26.463640013969076],[36.4698663207861,-26.466896446237588],[36.463343013143536,-26.469923479222405],[36.456651771728765,-26.472789803032015],[36.44987191394946,-26.475571300891076],[36.44308506552644,-26.478346089822008],[36.43636984481501,-26.48118943345911],[36.42979677522195,-26.48416886935425],[36.423423767598315,-26.487339878641667],[36.41729247560414,-26.490742389262213],[36.4114257678365,-26.494398347557716],[36.40582648500707,-26.498310520736187],[36.400477563728884,-26.502462609371783],[36.3953435163267,-26.506820660393775],[36.390373164671736,-26.511335682962187],[36.385503441461005,-26.51594728820414],[36.380664000273335,-26.520588104519007],[36.375782320993515,-26.525188667740316],[36.37078896351906,-26.529682453400657],[36.365622612384854,-26.534010708826976],[36.360234568825334,-26.538126756409266],[36.354592383977895,-26.541999475188568],[36.34868238495273,-26.545615723460806],[36.34251092044869,-26.548981536633615],[36.336154117367116,-26.55208053275551],[36.32999298223006,-26.554480560313213],[36.32326561127373,-26.55575453601463],[36.31600150559001,-26.55726400849699],[36.30875388662334,-26.558797382290706],[36.30158531360829,-26.56044574620392],[36.2945558314207,-26.562296568015796],[36.287719040766305,-26.564427967092954],[36.28111858433115,-26.566903588302722],[36.274785284987864,-26.569768422656686],[36.26933007594997,-26.572727601577895],[36.26478924059241,-26.575380862421166],[36.259523668503284,-26.578300352601385],[36.25356445958658,-26.58194316282904],[36.247748023941845,-26.585891911164843],[36.242035067996056,-26.5900626347016],[36.23638160406365,-26.5943612940335],[36.23074185162525,-26.59868997857005],[36.225071244588676,-26.602953340602625],[36.21932934201579,-26.607064824695478],[36.21348244625026,-26.61095227304067],[36.2075544454687,-26.614544609212906],[36.20144708030916,-26.617607786142543],[36.194910367057425,-26.619887580671502],[36.18819461898592,-26.621879454216508],[36.18139314352416,-26.623602907487967],[36.17452578938815,-26.625120045050313],[36.16761741960011,-26.62650874702871],[36.16069609345546,-26.627856981761475],[36.15379103047984,-26.62925642691751],[36.146930495059586,-26.630795832961756],[36.14013974562548,-26.632554580334972],[36.133439187737245,-26.634596868684252],[36.126842856502165,-26.6369669338122],[36.12037478729606,-26.639681354523702],[36.11383901866899,-26.642440640483496],[36.10723162649239,-26.645295372907853],[36.10069610413391,-26.64841391436677],[36.09420062721731,-26.651723452743763],[36.087725760268974,-26.65513209505726],[36.081249894368206,-26.65853755800737],[36.07475063858396,-26.66183374810864],[36.068206269714274,-26.664917626687828],[36.061597142804196,-26.667695898054674],[36.054906967479546,-26.67009107090082],[36.04812386412988,-26.672046485109973],[36.04124112881278,-26.673529965824674],[36.03425765543669,-26.674535859107248],[36.02709987971192,-26.675098433896384],[36.019257519826375,-26.675288935708355],[36.011452233496605,-26.674698537175445],[36.004215198713766,-26.673778562282134],[35.99695771903942,-26.672699503956995],[35.98969332053922,-26.671565586796515],[35.98243529087254,-26.670479401812585],[35.97519580417264,-26.669535136954362],[35.96798512665242,-26.668812410540696],[35.96081095624144,-26.668371122855998],[35.953677940407474,-26.668247672153914],[35.946587404218256,-26.66845278892117],[35.939537306474826,-26.668971132720884],[35.93252242634997,-26.66976267666367],[35.92553476742387,-26.670765783604814],[35.91856415135894,-26.671901763710828],[35.91159896067681,-26.673080602813688],[35.90451669483397,-26.674217758993045],[35.897347833247984,-26.674919622520925],[35.89026513704514,-26.675318092077596],[35.88318924023075,-26.6754156826172],[35.87609059861505,-26.675164475186733],[35.86896761866031,-26.674539021856006],[35.86182041313946,-26.67353997819189],[35.854650819798344,-26.67219451552029],[35.84746230279887,-26.670554933014305],[35.840259743639905,-26.668695560293216],[35.83304913571769,-26.66670815678055],[35.82583720317699,-26.664696115723025],[35.81863096978011,-26.66276786164723],[35.81143730684344,-26.661029884663794],[35.80426249064428,-26.659579879726294],[35.797111798999175,-26.658500452043686],[35.78998917401501,-26.657853811795277],[35.78289697350455,-26.65767781467368],[35.77613155236032,-26.65797018771615],[35.76954994373417,-26.6585478081922],[35.762666028411694,-26.6594523341104],[35.75561325923827,-26.6607181615572],[35.74856398849273,-26.66225870688973],[35.74151688150372,-26.663976966170353],[35.73447054336296,-26.665769519806684],[35.72742361185064,-26.66753346699687],[35.72037484675918,-26.6691732869926],[35.713323209641864,-26.67060716428811],[35.706267928730085,-26.671772351319735],[35.69920854482504,-26.672629207535078],[35.69214493529773,-26.673163643352897],[35.68507731483465,-26.673387805524385],[35.6780062131413,-26.67333895942822],[35.670932431360065,-26.673076645843757],[35.66385698036956,-26.672678306507045],[35.656781005321044,-26.672233676374113],[35.64970570165593,-26.671838323994823],[35.6426322283799,-26.671586779097737],[35.63562932290655,-26.671565329496296],[35.62869491824891,-26.67173148029173],[35.62167874525703,-26.67213253904602],[35.61458298710435,-26.672917597738557],[35.60747556598769,-26.674091433148416],[35.60035710054218,-26.67563078799681],[35.59322897861157,-26.677486815863563],[35.5860932805656,-26.67958792459074],[35.57895265527817,-26.681844165365316],[35.571810156797184,-26.684152874021965],[35.56466905243896,-26.68640518643335],[35.557532615045986,-26.68849299070807],[35.55040391331223,-26.690315849292798],[35.543285614313895,-26.69178742597455],[35.53617981165438,-26.69284098607314],[35.52908789097739,-26.693433600552392],[35.52201044212297,-26.693548772145416],[35.51494722406417,-26.693197307981098],[35.50789718518041,-26.692416381432906],[35.50085853764906,-26.691266848001042],[35.493828881033906,-26.68982899774075],[35.486805366779684,-26.68819703211477],[35.47976208647276,-26.686472052004948],[35.47269247750831,-26.684734369078978],[35.4656525112247,-26.683067420564416],[35.458637816321264,-26.681590556999478],[35.45161281770969,-26.680367701994367],[35.444575716795036,-26.67944131252043],[35.4375257467806,-26.678828628365597],[35.43046322012303,-26.678520709288776],[35.42338950176708,-26.678483274786622],[35.41630690979404,-26.678659288111934],[35.40921855000806,-26.67897310812443],[35.402128095462594,-26.679335926429797],[35.39503952569568,-26.679652120242615],[35.38795684324295,-26.679826089372842],[35.38088378663114,-26.6797691128754],[35.37382355939977,-26.679405759437625],[35.366778593714926,-26.678679415607487],[35.359750364878764,-26.677556555458466],[35.35273926964416,-26.676029460224306],[35.345744576943105,-26.674117201081923],[35.3387533149309,-26.671864411169352],[35.33180150214486,-26.669279752492063],[35.324877524115806,-26.66649805106777],[35.31795819803446,-26.66363375703894],[35.31103774138055,-26.66079560031676],[35.304110073722384,-26.658092743462866],[35.297169452260505,-26.655627837066906],[35.29021083781586,-26.65349048589885],[35.28323021496284,-26.651751575489737],[35.27622484481759,-26.65045883981002],[35.26919343349731,-26.64963396703047],[35.262136204899974,-26.649271436618452],[35.255054872843544,-26.649339164248886],[35.24795251433089,-26.649780909082896],[35.24083335233282,-26.650520279125676],[35.233702462571095,-26.651466062646946],[35.22656542393279,-26.652518524307755],[35.21950522505723,-26.653579988070845],[35.212453330415336,-26.65446950847943],[35.205333893781514,-26.65515963383688],[35.198215907491324,-26.655606565091794],[35.19111924003007,-26.655766189726723],[35.18404545577008,-26.65561824989292],[35.17699417850334,-26.655168555993185],[35.169963125248735,-26.654448425895406],[35.16294827190515,-26.653512365771338],[35.15594413960559,-26.65243415063632],[35.14894418239411,-26.65130157099975],[35.14194124994121,-26.650210202363102],[35.13492809390541,-26.649256620520447],[35.12789788358145,-26.648531523249666],[35.120889425241884,-26.648116018779245],[35.1139374689229,-26.648024170084184],[35.106902071236966,-26.648238554408234],[35.09974170652985,-26.648862594426937],[35.09254072454838,-26.649888124215533],[35.085303170030436,-26.651274293317584],[35.07803551365544,-26.652956331664537],[35.070746265043695,-26.65484946207801],[35.063445447573756,-26.65685416427217],[35.056143969861644,-26.6588624378861],[35.048852935810686,-26.66076464457521],[35.04158293941898,-26.662456470042752],[35.034243260800054,-26.663837004743897],[35.02677088430569,-26.664728582970433],[35.0194386670605,-26.665067772972655],[35.012326361697404,-26.66496948715857],[35.00527816004598,-26.664417053036384],[34.99829034674574,-26.6634373622512],[34.99135574456488,-26.662081737555532],[34.98446423592523,-26.66042219729744],[34.97760347927247,-26.6585463539576],[34.97074730974587,-26.65654986399868],[34.9635458565148,-26.654476861348638],[34.95648727827701,-26.652113061549986],[34.94974628725486,-26.649964067891162],[34.94295738137846,-26.64804274260759],[34.936110602716326,-26.64639602349738],[34.929201072182366,-26.645046765641027],[34.92214819745992,-26.643978038084022],[34.91459768561296,-26.64295070559216],[34.90720523063945,-26.641438785822185],[34.90022204561837,-26.64019006890849],[34.89321799898567,-26.63899843851413],[34.884529660123626,-26.63714030761567],[34.876296475942794,-26.6327783069144],[34.87102850061389,-26.62908022435581],[34.866831282826475,-26.626839249403357],[34.861374615820026,-26.624414449102794],[34.85544769371277,-26.621308786563567],[34.850175238058426,-26.61822043568142],[34.844415118830426,-26.615240445435237],[34.83816593387961,-26.611723589301832],[34.832012933029304,-26.607895303536267],[34.82600502125042,-26.603851872171322],[34.81974465392478,-26.600034627896903],[34.81333119493575,-26.596279150499853],[34.80690844345483,-26.592598627539886],[34.80044893515307,-26.58909662589224],[34.793932157752096,-26.585866832247326],[34.786988452946936,-26.582932716133598],[34.77982130854166,-26.580740220598575],[34.77294553422474,-26.579034425794756],[34.766004846459815,-26.577773628789455],[34.75900237973573,-26.576935860514133],[34.75194490144119,-26.576474350961647],[34.74484230982667,-26.57632101394212],[34.73746483821528,-26.57636459134826],[34.73006356782736,-26.57676178356703],[34.72290256057457,-26.577228716226983],[34.71576507613962,-26.577631095835404],[34.7086434565863,-26.577881168158214],[34.701545132954564,-26.577908307303684],[34.694475396757404,-26.577662455513874],[34.68743703268319,-26.577117558861076],[34.680366259658,-26.57626812991997],[34.6732489051953,-26.575232742543463],[34.66619794584481,-26.574056447463164],[34.65921733434714,-26.572729241927032],[34.65224200215109,-26.571333326547663],[34.64526479385006,-26.569964356904237],[34.63827830093455,-26.568721061064323],[34.63127537934062,-26.56769832929021],[34.624249652208775,-26.56698053103002],[34.61719596378063,-26.566635512535367],[34.60998839087806,-26.56670269186963],[34.60273291952144,-26.56731771240668],[34.59557937962547,-26.568398807418987],[34.58842999596601,-26.569884789815124],[34.58126220193083,-26.57171735022022],[34.57408007678721,-26.57381762750219],[34.56688860333131,-26.576089986344872],[34.559693357203685,-26.578428022043276],[34.55250015562043,-26.580721286726373],[34.545314688955415,-26.582862285770865],[34.5381421598821,-26.584753274947786],[34.53105443952549,-26.586315113045824],[34.524028234950656,-26.587563362515418],[34.51695463809918,-26.588404474343243],[34.50987217910012,-26.58880600251593],[34.50280451503357,-26.588785953432435],[34.49575021907434,-26.58838695957815],[34.48870707242754,-26.587673732430552],[34.481672225232316,-26.586728338544372],[34.47464239990925,-26.585644329631283],[34.46761412315549,-26.58452012540658],[34.460583970836296,-26.583452098257652],[34.45354880914387,-26.582527828723745],[34.44650601564182,-26.581819989015962],[34.43945366516393,-26.581381269146338],[34.43239066788989,-26.58124068955722],[34.42531685011756,-26.581401550223525],[34.4182329720805,-26.58184115538719],[34.41114068137016,-26.582512332864024],[34.404042404843175,-26.58334664536349],[34.396941186044735,-26.584259076691342],[34.38984047888813,-26.585153875807805],[34.38274391134852,-26.585931163239493],[34.37565503504776,-26.586493852594927],[34.36857707767175,-26.58675441840725],[34.361512715083215,-26.58664105167809],[34.35446387876148,-26.58610278563785],[34.34743161188394,-26.585113243590108],[34.340415984112106,-26.58367275358809],[34.33341607117619,-26.58180868482557],[34.32643000094233,-26.579573980574967],[34.31945506310483,-26.577043984172217],[34.31248787529334,-26.57431176971332],[34.30552459452816,-26.571482290014615],[34.29856115986248,-26.568665734183416],[34.2915935499306,-26.5659705404581],[34.284618038111695,-26.56349653320507],[34.27763142818129,-26.561328644534594],[34.270631254633656,-26.55953164148672],[34.263615934223715,-26.558146211809444],[34.256584858531966,-26.557186669594536],[34.249538421286445,-26.556640432648408],[34.242477978523326,-26.556469303848473],[34.23540574415403,-26.556612466950792],[34.228324627840024,-26.556990991600966],[34.221238025976454,-26.557513540474496],[34.214149579790785,-26.558082890413793],[34.20706291685503,-26.558602824611192],[34.199953900269776,-26.55971116803001],[34.19285409953661,-26.560572460063764],[34.18576428418511,-26.56116767533431],[34.17868217258473,-26.561558101904996],[34.17160449012815,-26.561830675635715],[34.16452744277973,-26.562085369573552],[34.1574472287785,-26.562421706552218],[34.15036053967329,-26.562925678229874],[34.14326500346725,-26.56365829827318],[34.1361595282905,-26.564646856744474]]}},{"type":"Feature","properties":{"id":1472,"source":10948,"mouth":11087,"parent":0,"basin":1472,"widthFactor":1.1,"sourceWidth":0.07,"discharge":95,"name":"","type":"River"},"geometry":{"type":"LineString","coordinates":[[36.711227445122105,-26.591566209640007],[36.70694410398518,-26.596725191641045],[36.70283913721449,-26.602052867715486],[36.6989069504067,-26.607543964543353],[36.695111105117945,-26.613164076002334],[36.69138554969061,-26.618850824416395],[36.68763896165364,-26.624517961300946],[36.68376186008319,-26.630062083748793],[36.679635891842636,-26.635371402220603],[36.67514448945787,-26.640335801496423],[36.670137284175546,-26.644813218809126],[36.66374948927808,-26.647986695444047],[36.65707779231598,-26.65089200889236],[36.650180676260895,-26.653584348983227],[36.64312999898112,-26.656131557954872],[36.63600647247226,-26.658609866807087],[36.628894555843274,-26.661099074609385],[36.621877104634706,-26.663677493570564],[36.61503013511812,-26.66641699858257],[36.60841805410103,-26.669378513032903],[36.60208967307458,-26.67260823336527],[36.59607527249177,-26.67613484510667],[36.59038491116409,-26.679967916212714],[36.58500809197996,-26.684097574125634],[36.57991480397961,-26.688495486270966],[36.575057868347805,-26.693117075717726],[36.570376428261,-26.697904820361607],[36.5658003455977,-26.702792410913798],[36.56125520644434,-26.707709485132586],[36.556667596230746,-26.71258661702055],[36.551970287025966,-26.71736022271918],[36.54730778802425,-26.7218117708592],[36.54279270760016,-26.725290948594893],[36.5371020372285,-26.72768876104223],[36.530573468526185,-26.730178317963745],[36.523896603102166,-26.73241577914193],[36.51709521304901,-26.73444150741349],[36.510204348335115,-26.73631507071114],[36.503267983051245,-26.738111249326497],[36.49633604030835,-26.73991498274905],[36.489700247803995,-26.741704608510034],[36.48418326601089,-26.74304821822798],[36.47832279159677,-26.744019505395848],[36.471498983476074,-26.74570651570965],[36.46482471406625,-26.74780109556855],[36.45831064322507,-26.750332483020323],[36.45195816986625,-26.753304689947008],[36.44575923709128,-26.756695951482097],[36.43969676448627,-26.760459887134154],[36.43374567917143,-26.764528297414564],[36.42787447702202,-26.768815409585066],[36.42204720987213,-26.773223288524036],[36.41630031318867,-26.77762744983042],[36.41016733481793,-26.78153438627886],[36.40377612725325,-26.785102783734807],[36.39733008299371,-26.788396056006462],[36.39080275810615,-26.791350039654727],[36.384183867951,-26.793921396931797],[36.37746920357011,-26.7960922122679],[36.37066080547085,-26.797870749981275],[36.36376671684884,-26.799290451583538],[36.35680033386169,-26.80040724332953],[36.34977939781714,-26.80129533857919],[36.342724698305645,-26.802041820993466],[36.33565857574778,-26.802740376735308],[36.32860332523238,-26.803484601147954],[36.321427707792495,-26.804388870244278],[36.31416180949709,-26.805234727629976],[36.307061875052874,-26.80613893486262],[36.300105071199,-26.80732975458116],[36.29319570223048,-26.808828668135614],[36.28633107947053,-26.810618602302625],[36.2795046828866,-26.8126575981423],[36.27270658314261,-26.814881503299258],[36.26592409883872,-26.817208198187416],[36.25914264464798,-26.819543071666608],[36.252346713174255,-26.821785377272576],[36.24552092430525,-26.823835041402127],[36.23865107123463,-26.82559946410911],[36.23172509250156,-26.826999853407447],[36.224733904346124,-26.827976665189517],[36.21767203708396,-26.828493780946445],[36.210538032432275,-26.828541140369424],[36.20300644283104,-26.828173219624187],[36.195356165809166,-26.82714391671662],[36.18801677631311,-26.825652385111976],[36.18075110614221,-26.82389404821382],[36.1734707095237,-26.821976889254724],[36.16618578234603,-26.820008723561937],[36.158906557264125,-26.818098053594404],[36.15164265321084,-26.81634716225124],[36.14440246866782,-26.81484564153438],[36.13719265921454,-26.813664790185065],[36.13001773411222,-26.812853255212552],[36.12287979859998,-26.812434208257944],[36.11577845873365,-26.81240424415258],[36.108710894643906,-26.812734072826906],[36.10167209676281,-26.81337095474179],[36.094655248621265,-26.81424271241384],[36.08765222998406,-26.815263044321366],[36.08065420602118,-26.816337779681152],[36.07365226245465,-26.8173716491982],[36.066647945574836,-26.818274376577293],[36.05971793863366,-26.818940811191556],[36.05274212558133,-26.819116987811817],[36.04565502550849,-26.8189919567596],[36.03855221133455,-26.81854842670106],[36.03143440558918,-26.817799821669514],[36.024303582718076,-26.816785017335757],[36.01716284222237,-26.81556592760125],[36.01001620452327,-26.814223502166367],[36.00286834347096,-26.81285240386727],[35.99572427366312,-26.81155472388198],[35.988589013745596,-26.810433158065727],[35.98146724843839,-26.80958410428885],[35.974363012063144,-26.809091146245894],[35.9672794148479,-26.8090193634007],[35.96021843035796,-26.809410851267966],[35.953180758248855,-26.810281754845153],[35.94616577144266,-26.811621016188575],[35.93917155113568,-26.81339092174113],[35.93219500713699,-26.815529413849283],[35.92523207531077,-26.817954012127036],[35.91827797873383,-26.820567081946553],[35.91132753492881,-26.823262096669666],[35.9044149173124,-26.82592910234666],[35.897459257936895,-26.828354559823637],[35.8904266594056,-26.8304798532534],[35.88337759659669,-26.832307641541796],[35.87632331011809,-26.833784733679455],[35.86926346933363,-26.834883183024367],[35.862198125039065,-26.835601547804266],[35.855127696045486,-26.835964528440844],[35.84805293120012,-26.8360208378025],[35.840974849654465,-26.835839451223794],[35.8338946636219,-26.8355044924263],[35.82681368900514,-26.835109103473894],[35.81973325004534,-26.834748715390244],[35.81265458449869,-26.834514176436073],[35.80557875576226,-26.834485204566178],[35.7985065778538,-26.834724608617602],[35.79143855823587,-26.835273670802408],[35.784374862227345,-26.836149004598642],[35.77731530124908,-26.837341102444693],[35.77025934551135,-26.83881467347354],[35.76320616008127,-26.840510750575685],[35.756154661686395,-26.84235042651657],[35.7491035922241,-26.844239968721528],[35.74205160385039,-26.84607696911089],[35.73498161412519,-26.846547249444846],[35.727869456991755,-26.847118899707432],[35.72058546578272,-26.84858953527475],[35.713305955613954,-26.850552040237805],[35.706226062130604,-26.85079441901167],[35.69915568250713,-26.85036277816109],[35.69209216423794,-26.84945234284385],[35.68503513964791,-26.848095025366774],[35.6779838744627,-26.84634769919582],[35.670937312802884,-26.84428856210511],[35.66389414391032,-26.842012094802516],[35.656852886207204,-26.839622953507636],[35.6498119830836,-26.83722920664857],[35.64276990398929,-26.83493536988138],[35.6357252440243,-26.832835707047675],[35.62867681530114,-26.83100824656979],[35.62162372388089,-26.8295099143592],[35.61456542702738,-26.828373108850684],[35.607501766815275,-26.827603946363247],[35.600432977685585,-26.827182292200536],[35.59335966726805,-26.827063572350028],[35.58628277157459,-26.827182240454338],[35.579203487399454,-26.82745666301938],[35.57212318632563,-26.827795090129463],[35.5650433160303,-26.828102305714435],[35.55796529551091,-26.828286505597617],[35.55089041134707,-26.828265936235407],[35.5438197221281,-26.827974843271747],[35.53675397769781,-26.827368325677035],[35.52969355892164,-26.826425765174363],[35.522574451729085,-26.825152155274914],[35.5154128252103,-26.823743874998225],[35.508309521362456,-26.822100782073647],[35.50120863449323,-26.820290749965782],[35.49410690487436,-26.818406259648626],[35.48700581290628,-26.81654965078064],[35.47990685973303,-26.81482647774013],[35.47281146749685,-26.813338561344064],[35.46572088515858,-26.812177256221858],[35.45863610619539,-26.811417387084308],[35.451557803647894,-26.81111226226204],[35.44448628678113,-26.811290100476217],[35.4374214821306,-26.811952111731134],[35.43036294003011,-26.81307236189345],[35.423309865978716,-26.814599430457665],[35.4162611745222,-26.816459750287635],[35.40921556181627,-26.81856240491457],[35.402171591809115,-26.820805060896596],[35.395127790111005,-26.823080636419782],[35.38808273916481,-26.825284257891123],[35.38103516831749,-26.82732003707333],[35.37398403281265,-26.829107213631126],[35.366928576540815,-26.83058525096584],[35.35986837453641,-26.831717544005564],[35.352803352614266,-26.83249349141572],[35.34574619281591,-26.832928620567092],[35.338703687208735,-26.833165437472857],[35.331641479496675,-26.833277062725422],[35.324556996854895,-26.833230526359305],[35.31746907194786,-26.83311554839916],[35.31038251642747,-26.83302700315966],[35.30330200546118,-26.83305753190543],[35.29623173988683,-26.83329083307893],[35.289175141591556,-26.83379556183954],[35.282134602709846,-26.834620253550316],[35.27511130555289,-26.83578961671492],[35.26810512536987,-26.837302448402994],[35.26111462242615,-26.839131315647023],[35.254137123844984,-26.841224027038535],[35.247168889603905,-26.84350679784297],[35.2402053514121,-26.845888897549575],[35.23324140830164,-26.848268468592973],[35.226271758970476,-26.850539125788007],[35.21929124847337,-26.852596893150885],[35.212295205929834,-26.85434701180528],[35.20527975056637,-26.85571016114263],[35.19824204558637,-26.856627674749273],[35.19118048291607,-26.857065400177405],[35.1844492714021,-26.856999215303066],[35.17778011210773,-26.85666630953304],[35.17071154967494,-26.8559973465418],[35.163509230529584,-26.85498402109035],[35.15628117714686,-26.853705469221204],[35.14903713033911,-26.85226099375774],[35.14178739443931,-26.85075593681129],[35.13454216234032,-26.849294774552014],[35.12731085226472,-26.84797430406144],[35.120101500781765,-26.846877380264477],[35.11292025269205,-26.84606762361784],[35.105770981785525,-26.84558545354454],[35.09865506759424,-26.84544571298025],[35.09157134271158,-26.84563704188572],[35.08451621374127,-26.84612303943325],[35.07748394724412,-26.84684513376713],[35.07046710094926,-26.847726962919012],[35.06345707072992,-26.84867996841126],[35.05644471606833,-26.849609821188277],[35.04942102146925,-26.850423243304313],[35.04243132165423,-26.851030052086468],[35.03545311859886,-26.851650079000635],[35.028375865310316,-26.852022581006196],[35.021230444252986,-26.852044541155077],[35.01402804053014,-26.85171132765658],[35.00677241263601,-26.8510459253627],[34.999471326606354,-26.85009632733143],[34.99213609177789,-26.84893269318472],[34.98478085449804,-26.847642991484587],[34.97742169731766,-26.846327417487906],[34.97007560429568,-26.845091960414177],[34.96275936201581,-26.84404155191609],[34.95548847016676,-26.843273255896673],[34.948276134804594,-26.842869957243547],[34.941132411765466,-26.84289497362376],[34.934063557530095,-26.843387952450087],[34.927071630852105,-26.84436232867619],[34.91974006154659,-26.84586150769627],[34.91221794446892,-26.848104220627008],[34.90528647865583,-26.85087086080859],[34.89877769281134,-26.853849003431407],[34.892314572368626,-26.857011848730327],[34.885871829460136,-26.86025781780239],[34.87942408724917,-26.86348488393705],[34.872947549932206,-26.866597291861424],[34.86642155723124,-26.869511819654484],[34.859829918807684,-26.872163162270738],[34.853161938915896,-26.87450807509318],[34.846413062591395,-26.876527999790213],[34.83958510032,-26.878229997324773],[34.83268601671304,-26.87964592733569],[34.82572929826803,-26.880829931569696],[34.818588494785736,-26.881886350990616],[34.81153760112072,-26.88346454922388],[34.80465960015945,-26.8851235456904],[34.79785029109971,-26.886880863718464],[34.791113084634475,-26.888828090298475],[34.78447482576158,-26.891035949920813],[34.77795565978291,-26.8935575775654],[34.77156750949018,-26.89642449470066],[34.765313108216006,-26.899644046132313],[34.759185654756024,-26.90319847366658],[34.75316911433111,-26.907045692078125],[34.74723914631642,-26.911121717954696],[34.74174062592857,-26.915219757634183],[34.737070145589705,-26.919780154500113],[34.73227937637829,-26.924690615221813],[34.726213250456695,-26.92797927914351],[34.71974180603791,-26.93058834046728],[34.71362046567862,-26.933784970897765],[34.7079262659778,-26.93769858491342],[34.70264747055795,-26.942309657417304],[34.69767503829873,-26.947435351503284],[34.692350374392404,-26.95197055377337],[34.68728625961541,-26.953464876732763],[34.68294406418747,-26.955226311279876],[34.67706544791092,-26.958091844077916],[34.670593585544,-26.961144381829182],[34.66404011955289,-26.964116520268178],[34.657483059689575,-26.967085142798872],[34.650996540084975,-26.970123336096425],[34.64464591874854,-26.973295556403222],[34.63844689006901,-26.97668293236136],[34.63239706879049,-26.980219996746637],[34.62659176340757,-26.983932986663838],[34.621033625868535,-26.987875284051785],[34.615687272362464,-26.99203626127197],[34.610514491332154,-26.996376526641917],[34.60546281589666,-27.000841969545945],[34.60044089435614,-27.00538963055756],[34.59530666372986,-27.00989334659022],[34.59004817320975,-27.014221924293068],[34.58468448633992,-27.018369669770298],[34.579124509404615,-27.0223030950382],[34.573325805609535,-27.025975776628535],[34.56725525729572,-27.029363207850572],[34.560848351879514,-27.03246983368554],[34.5540832498614,-27.035081327000675],[34.54714547777812,-27.037391401000253],[34.54002598983061,-27.039487139687505],[34.53278150592595,-27.041435383877218],[34.52556129321803,-27.043259411128737],[34.51840306017396,-27.044863509740285],[34.51119955155237,-27.046478861528666],[34.5040431608769,-27.04834819682573],[34.497091259225236,-27.050485421329846],[34.49083260002431,-27.052689414822694],[34.484816663809006,-27.054883936398827],[34.47857806442669,-27.057660168757458],[34.47248868603065,-27.06090736456899],[34.467444783521685,-27.0641455850324],[34.46237082655726,-27.067228109632268],[34.45657432935628,-27.07089323848183],[34.45166648372735,-27.0744800090356],[34.44666400698986,-27.077480735048017],[34.441305147230636,-27.08144913554658],[34.436150952950015,-27.08461381032434],[34.42985667771269,-27.086235991976558],[34.422702722917776,-27.087452023105005],[34.41556595093823,-27.08829868501992],[34.408442893335426,-27.08885121647595],[34.401329188067024,-27.089203400573798],[34.39422019100496,-27.08945448535501],[34.38711159535007,-27.089696041178875],[34.38,-27.09]]}},{"type":"Feature","properties":{"id":1473,"source":11347,"mouth":11219,"parent":0,"basin":1473,"widthFactor":1.1,"sourceWidth":0.07,"discharge":95,"name":"","type":"River"},"geometry":{"type":"LineString","coordinates":[[37.35565416955656,-29.181310996847195],[37.36286455788804,-29.180778438758367],[37.36971287937353,-29.17970914819582],[37.37576147217981,-29.177081914172547],[37.3806901037063,-29.17317434159353],[37.38556322837127,-29.16867817072297],[37.39083116433507,-29.16433217087331],[37.396457244329596,-29.16032323230569],[37.402518945992334,-29.15672416593434],[37.40907815096196,-29.153576040257928],[37.415465855941626,-29.14964664009245],[37.421918770909436,-29.14417158736455],[37.42512565163307,-29.13676078239976],[37.42808436853449,-29.13048276223227],[37.42849698661935,-29.124145114141104],[37.42813533499649,-29.117789338979797],[37.42790384282609,-29.11143660363368],[37.42684813711939,-29.105064563907366],[37.42535685463825,-29.098682305155222],[37.423922698825315,-29.092301361948692],[37.42281384714123,-29.08592802448575],[37.42245124003485,-29.079572173070325],[37.423697164575245,-29.073254031646528],[37.425876869276884,-29.06659816042137],[37.427951064426665,-29.058677821923716],[37.426454090298705,-29.04932755414329],[37.42027237307657,-29.042755738403304],[37.41373125240216,-29.038897773424072],[37.407674031094906,-29.035224526549335],[37.401821977245135,-29.031376244754977],[37.39621099226658,-29.027322314526785],[37.39085652405471,-29.023049582877963],[37.38575268706513,-29.018563103010617],[37.38087285063384,-29.01388562835303],[37.37617165444081,-29.009055890298207],[37.371588313257206,-29.004125777055833],[37.36705098577974,-28.999156605230244],[37.362481910383266,-28.994214737064336],[37.35780295887845,-28.989366840609996],[37.352941231295695,-28.98467511438923],[37.34783431214852,-28.980192800725835],[37.3424348316472,-28.975960292637577],[37.336714022303326,-28.972002099252027],[37.33066402907365,-28.968324876817928],[37.324298815068076,-28.964916660434383],[37.31765359927174,-28.96174735048806],[37.3107828614165,-28.958770422982546],[37.303757045511105,-28.955925750229778],[37.2966581811844,-28.953143343367834],[37.28957471504514,-28.950347765956842],[37.28259589779376,-28.947462922683087],[37.275806103178176,-28.944416902002718],[37.26927945994216,-28.94114654804264],[37.2630751572329,-28.937601455440298],[37.25723373882427,-28.933747119765734],[37.25177463496011,-28.929567033073393],[37.24669509710945,-28.925063585132868],[37.241970606123985,-28.920257711213388],[37.23755672467042,-28.915187311561084],[37.23339226719033,-28.909904550271122],[37.229403571691506,-28.904472216586615],[37.22550958345696,-28.898959394701468],[37.22162740628887,-28.89343673465815],[37.21767794582775,-28.887971643763155],[37.21359126382382,-28.882623723253324],[37.20931128227911,-28.87744075833696],[37.2047995206875,-28.872455532291156],[37.20003761512521,-28.86768367952324],[37.19502845025189,-28.863122722158543],[37.18979582884566,-28.858752354563187],[37.18438270207077,-28.854535955689055],[37.17884808069522,-28.850423225984574],[37.173262836474244,-28.846353769495995],[37.1677046779388,-28.842261377852413],[37.16225264082723,-28.83807872540231],[37.156981466559046,-28.833742157034177],[37.15195625016411,-28.82919624400862],[37.14722772131964,-28.824397798829757],[37.14282847972725,-28.819319076693528],[37.13877044179045,-28.813949945879266],[37.13504367375522,-28.80829887889316],[37.13161669270766,-28.802392695559142],[37.128438217481154,-28.796275073259803],[37.125440253408414,-28.790003922531724],[37.12254230466293,-28.783647802656546],[37.11965643181581,-28.777281616628784],[37.11669281533508,-28.77098187356542],[37.11356545187951,-28.764821835949412],[37.1101976016021,-28.75886687705932],[37.106526621765994,-28.753170359950925],[37.1025078635488,-28.74777031432829],[37.098117372101264,-28.742687133906564],[37.09335321045211,-28.73792244804577],[37.08823532030957,-28.733459242180054],[37.08280393103305,-28.729263217261845],[37.077116625500075,-28.725285294812956],[37.0712442617898,-28.72146509690982],[37.065266026523254,-28.717735164767237],[37.05926395417746,-28.71402562996493],[37.05331728275461,-28.710269022117465],[37.04749702734495,-28.706404887928464],[37.04186113853145,-28.70238390965018],[37.03645057314886,-28.698171245062905],[37.03128654322581,-28.693748863863437],[37.02636912915107,-28.689116723233575],[37.0216773506202,-28.684292703776745],[37.0171706900425,-28.679311310698758],[37.013330550452686,-28.674753376054422],[37.01185963477514,-28.671986232528567]]}},{"type":"Feature","properties":{"id":1474,"source":11346,"mouth":11346,"parent":1473,"basin":1473,"widthFactor":1.1,"sourceWidth":0.07,"discharge":95,"name":"","type":"River"},"geometry":{"type":"LineString","coordinates":[[38.058888479170854,-28.700583022343114],[38.05160394560858,-28.700564468780314],[38.04431727306117,-28.700508462053538],[38.037022873016795,-28.700318004526903],[38.02971483181803,-28.69988999570876],[38.02238771026839,-28.699129085696438],[38.01503731908992,-28.69796120657142],[38.00766139369059,-28.696345447895077],[38.00026010004468,-28.694283075505254],[37.99283631799885,-28.691822733964067],[37.983073679487894,-28.689539892697038],[37.973077698801035,-28.690785902129516],[37.965474731441816,-28.691978573726594],[37.957398070546326,-28.693748755145844],[37.94916636511719,-28.696798708845545],[37.942275397710844,-28.700282917968178],[37.93624973276418,-28.703906897384268],[37.93042795594157,-28.707985617687036],[37.92427501693588,-28.712830420071864],[37.918881463101904,-28.718344880897504],[37.91429141469779,-28.723735124895704],[37.90982737300968,-28.72928316663224],[37.905417501557146,-28.734899299520684],[37.90094620786847,-28.74051942319761],[37.896441193881344,-28.746134699788012],[37.892067876761104,-28.751695795017824],[37.88753791767339,-28.7569834199014],[37.88275987858035,-28.761995967680313],[37.87771660910783,-28.766714368700764],[37.872410467136454,-28.771141204883392],[37.86687541992161,-28.775291316734943],[37.86122056911124,-28.7792240827429],[37.85553535555632,-28.78315673031844],[37.84971359054225,-28.78702943455412],[37.843872215467,-28.79088220448492],[37.83808350277857,-28.794789204708707],[37.8324148746182,-28.798819639488425],[37.82692391318698,-28.803032628715563],[37.821654060672266,-28.807472789328536],[37.81665822534596,-28.812146249421676],[37.81205253156423,-28.81716486517472],[37.80770107033097,-28.82246880194507],[37.80355314616371,-28.82798712859756],[37.79956560973563,-28.833661272642367],[37.795671123868,-28.839425943935396],[37.791792069474454,-28.845205878087388],[37.78784571536097,-28.850920850095395],[37.78374976969724,-28.856491056939554],[37.779434312679655,-28.861837396358776],[37.77499306364734,-28.866775634473047],[37.770314884450585,-28.871476444722127],[37.765098184603836,-28.875955690957205],[37.759491960274026,-28.88007325590673],[37.75350879261021,-28.883840771038624],[37.747182744414864,-28.88728982123613],[37.74056710589066,-28.890469859018253],[37.73373084494211,-28.89344491580623],[37.72675400658778,-28.896289335696437],[37.71972237826522,-28.89908282440108],[37.71272178801664,-28.90190515313747],[37.70586117556884,-28.904806738794157],[37.699238758884114,-28.907969075783758],[37.69282939751023,-28.91137524114688],[37.68669344243519,-28.915028845851403],[37.68084624756065,-28.918942193733212],[37.675280377986034,-28.923108645626623],[37.669967362714985,-28.927502639449063],[37.66486002662023,-28.932081783912608],[37.65989611960632,-28.936790120626732],[37.655002990759336,-28.941562327204014],[37.65010298320492,-28.946328569061684],[37.645119175529096,-28.95101966292538],[37.639981071435024,-28.95557219364733],[37.6346298425665,-28.95993322929044],[37.629022759994335,-28.9640643072348],[37.62313650570454,-28.967944414384945],[37.61696913273987,-28.971571753913206],[37.61054053608927,-28.97496417458843],[37.603891399494465,-28.978158230873955],[37.59708068885735,-28.981206936319232],[37.59018186351489,-28.984176362853194],[37.583278065289285,-28.987141318237825],[37.57645661577255,-28.99018039767841],[37.56980319991567,-28.993370749014097],[37.5633961354427,-28.99678291100278],[37.557301121512715,-29.000476079544846],[37.55156682692614,-29.004494127533054],[37.54622162038047,-29.008862652347382],[37.54127166684181,-29.013587254373924],[37.536700520406356,-29.018653165189182],[37.53247024147411,-29.024026251078457],[37.52852396161595,-29.02965532279897],[37.52478972028293,-29.035475592522715],[37.52118531023507,-29.041413039941936],[37.51762379923194,-29.047389387045573],[37.51401934891365,-29.05332733938237],[37.510292931181574,-29.059155733563625],[37.50637754927423,-29.064814237532133],[37.50222260474934,-29.070257281226333],[37.49779711046357,-29.07545694852219],[37.49309152936829,-29.08040463305318],[37.488118114005744,-29.085111345752193],[37.482909725384125,-29.08960665487742],[37.477517215187376,-29.093936333509568],[37.472005554683676,-29.098158878585505],[37.466448980305415,-29.10234114335331],[37.4609254936785,-29.106553386347038],[37.45565056208493,-29.110989716838308],[37.45057977838151,-29.115610159499617],[37.44567612953684,-29.120381390858473],[37.440892039687355,-29.12526056387332],[37.43615405533401,-29.130181509344137],[37.431372322341616,-29.135063272039293],[37.42645153424225,-29.13981997306761],[37.42130228604649,-29.144371037771027],[37.415851745387215,-29.148650809148855],[37.41024530063305,-29.152858111938148]]}}]}