{"type":"FeatureCollection","name":"alleys_generated","crs":{"type":"name","properties":{"name":"urn:ogc:def:crs:OGC:1.3:CRS84"}},"xy_coordinate_resolution":1e-15,"features":[{"type":"Feature","properties":{"id":"street_joaquimmorais","group":null,"name":"Avenida Joaquim Morais","settlement_id":"settlement_seshai","country_id":"country_barrel","district_id":null,"status":null,"surface":null,"access":null,"bridge":null,"tunnel":null,"oneway":null,"route_id":null,"alt_name":null,"notes":null},"geometry":{"type":"MultiPolygon","coordinates":[[[[23.90267285968705,-11.00170960191292],[23.902673719756752,-11.001710482167473],[23.902702033957194,-11.001741458865743],[23.90270301112518,-11.001742622049022],[23.902731602620257,-11.001779731699173],[23.902732086980933,-11.001780391355476],[23.902771994272385,-11.001837477058244],[23.902772658993797,-11.001838503077952],[23.902812799017774,-11.001905568550917],[23.902813406775568,-11.001906675919424],[23.903073212959775,-11.002425544813857],[23.90375071276793,-11.003709846187025],[23.904345086288274,-11.004800947808194],[23.904345306082142,-11.004801365169763],[23.90441245705401,-11.004933368366565],[23.904412602887895,-11.004933662192846],[23.9048337476962,-11.005803716973894],[23.905150264885435,-11.006406997942173],[23.905150299767023,-11.006407064792295],[23.90595360688418,-11.007955075567432],[23.90595363628055,-11.0079551324816],[23.906205864358377,-11.008445776797904],[23.906205873224543,-11.008445794069376],[23.906575261119777,-11.009166394855564],[23.906882920944547,-11.009766665396295],[23.907140227342484,-11.010268619074393],[23.907140281995705,-11.010268726650528],[23.907425799841725,-11.010835806306332],[23.908223948160387,-11.012355134425606],[23.908224374145572,-11.012356006307758],[23.908263910047793,-11.012443356872426],[23.90829245558609,-11.012506425090205],[23.908293013254845,-11.012507827853979],[23.908317799599345,-11.012579893770125],[23.908342119857302,-11.012650604144538],[23.908374929996988,-11.012739392376888],[23.90834052402294,-11.012747974030727],[23.908307651188213,-11.012659016130305],[23.908307529814817,-11.01265867586393],[23.9082831508699,-11.01258779485185],[23.908258608978667,-11.01251643967322],[23.908230376641924,-11.012454063437307],[23.908191040185482,-11.012367153525833],[23.907393051358582,-11.010848129009318],[23.90739291985047,-11.010847873340158],[23.907107364502657,-11.010280719200297],[23.9068500854373,-11.009778818843085],[23.906542425699378,-11.009178548472734],[23.906173042443314,-11.008457956737924],[23.905920833407432,-11.007967349464035],[23.905117558295203,-11.006419400371307],[23.904800933427595,-11.005815914170382],[23.904800691357764,-11.005815434088605],[23.904379500956686,-11.00494528511038],[23.90431253119823,-11.004813638137144],[23.90371821700021,-11.003722645428246],[23.903718111168885,-11.003722448022968],[23.903040476590455,-11.00243789118291],[23.903040315202514,-11.002437577236076],[23.90278071174757,-11.00191911322336],[23.902741210534163,-11.00185311506999],[23.902701889050075,-11.001796867344074],[23.902674009722897,-11.001760682038874],[23.902646624831956,-11.001730722040815],[23.902621335212746,-11.001706493660654],[23.902647123806844,-11.00168494599442],[23.90267285968705,-11.00170960191292]]]]}},{"type":"Feature","properties":{"id":"alley_avenida","group":null,"name":"Avenida Alley","settlement_id":"stl_gunsey","country_id":"country_duvessa","district_id":null,"status":null,"surface":null,"access":null,"bridge":null,"tunnel":null,"oneway":null,"route_id":null,"alt_name":null,"notes":null},"geometry":{"type":"MultiPolygon","coordinates":[[[[-3.666620343034776,29.712620264673458],[-3.666605991627454,29.71258765501616],[-3.670555602973043,29.711089983427044],[-3.670569955361643,29.711122593057937],[-3.666620343034776,29.712620264673458]]]]}},{"type":"Feature","properties":{"id":"streel_stbth1","group":null,"name":"Street Botho1","settlement_id":"stl_botho","country_id":"country_duvessa","district_id":"district_gunsey","status":null,"surface":null,"access":null,"bridge":null,"tunnel":null,"oneway":null,"route_id":null,"alt_name":null,"notes":null},"geometry":{"type":"MultiPolygon","coordinates":[[[[-3.476889875343979,29.695675071531394],[-3.476851059948002,29.695667813623643],[-3.477126235892463,29.694701342466324],[-3.477165051057694,29.694708600279533],[-3.476889875343979,29.695675071531394]]]]}},{"type":"Feature","properties":{"id":"streel_stbth2","group":null,"name":"Street Botho2","settlement_id":"stl_botho","country_id":"country_duvessa","district_id":"district_gunsey","status":null,"surface":null,"access":null,"bridge":null,"tunnel":null,"oneway":null,"route_id":null,"alt_name":null,"notes":null},"geometry":{"type":"MultiPolygon","coordinates":[[[[-3.477791238831584,29.69620634138674],[-3.477752423287352,29.696199083446125],[-3.47802759923181,29.695232612288798],[-3.47806641454529,29.695239870134873],[-3.477791238831584,29.69620634138674]]]]}},{"type":"Feature","properties":{"id":"streel_stbth3","group":null,"name":"Street Botho3","settlement_id":"stl_botho","country_id":"country_duvessa","district_id":"district_gunsey","status":null,"surface":null,"access":null,"bridge":null,"tunnel":null,"oneway":null,"route_id":null,"alt_name":null,"notes":null},"geometry":{"type":"MultiPolygon","coordinates":[[[[-3.476066344270905,29.695504907732843],[-3.476026407061814,29.695503698757896],[-3.476114729823827,29.69450270556885],[-3.476154666746677,29.69450391446716],[-3.476066344270905,29.695504907732843]]]]}},{"type":"Feature","properties":{"id":"streel_stbth4","group":null,"name":"Street Botho4","settlement_id":"stl_botho","country_id":"country_duvessa","district_id":"district_gunsey","status":null,"surface":null,"access":null,"bridge":null,"tunnel":null,"oneway":null,"route_id":null,"alt_name":null,"notes":null},"geometry":{"type":"MultiPolygon","coordinates":[[[[-3.477378766261283,29.6958844116092],[-3.477339950809119,29.695877153673575],[-3.477615126753574,29.69491068251625],[-3.477653941974995,29.694917940357314],[-3.477378766261283,29.6958844116092]]]]}},{"type":"Feature","properties":{"id":"streel_stbth3","group":null,"name":"Street Botho3","settlement_id":"stl_botho","country_id":"country_duvessa","district_id":"district_gunsey","status":null,"surface":null,"access":null,"bridge":null,"tunnel":null,"oneway":null,"route_id":null,"alt_name":null,"notes":null},"geometry":{"type":"MultiPolygon","coordinates":[[[[-3.476462094618482,29.695547314067312],[-3.476422609038586,29.69554287360839],[-3.476611762856368,29.694555954603462],[-3.476651248175687,29.69456039497481],[-3.476462094618482,29.695547314067312]]]]}},{"type":"Feature","properties":{"id":"street_stbth6","group":null,"name":"Street Botho 6","settlement_id":"stl_botho","country_id":"country_duvessa","district_id":"dist_gunsey","status":"active","surface":"gravel","access":"public","bridge":"false","tunnel":"false","oneway":"false","route_id":null,"alt_name":null,"notes":null},"geometry":{"type":"MultiPolygon","coordinates":[[[[-3.473535488369527,29.696268726769613],[-3.473535007814167,29.696272312911592],[-3.473506859994715,29.69638490425211],[-3.47349642998505,29.696455306892382],[-3.473518615458951,29.696494747724675],[-3.473565916144801,29.696553177974128],[-3.473567091089517,29.696554824120874],[-3.473609604592857,29.696622845711385],[-3.473610896517776,29.696625388698735],[-3.473639238858031,29.69669624452355],[-3.473639362702225,29.69669656415995],[-3.473656368106866,29.69674191188795],[-3.473657104256727,29.69674456324931],[-3.47366277272745,29.696775267440625],[-3.473662876854956,29.6967759053202],[-3.473665711091048,29.69679586304462],[-3.473665863898997,29.69679833439591],[-3.473665752991363,29.696804767094836],[-3.473665871001103,29.69680807135358],[-3.47362583052761,29.69681076806257],[-3.473625697673507,29.696807048131888],[-3.473625690012645,29.69680621576207],[-3.473625786653662,29.696800610632877],[-3.473623172133827,29.696782200036356],[-3.473617812639449,29.69675316941789],[-3.473601353264275,29.696709277733472],[-3.473573603419074,29.696639903095345],[-3.473532387047523,29.696573956886393],[-3.473484846059613,29.696515229774167],[-3.473483288027699,29.696512938019502],[-3.473457779936712,29.69646759029098],[-3.47345641895295,29.696464402633808],[-3.473455792504135,29.696461013697014],[-3.473455924354481,29.69645755203933],[-3.473467261296935,29.696381027751734],[-3.473467572413205,29.696379462583835],[-3.473495469893724,29.696267872725816],[-3.473499154159615,29.696081380063088],[-3.473539208272395,29.696080427408823],[-3.473535488369527,29.696268726769613]]]]}},{"type":"Feature","properties":{"id":"street_GN2","group":null,"name":"GN-2","settlement_id":"stl_gunsey","country_id":"country_duvessa","district_id":"dst_gunsey","status":"active","surface":"paved","access":"public","bridge":null,"tunnel":null,"oneway":null,"route_id":null,"alt_name":null,"notes":null},"geometry":{"type":"MultiPolygon","coordinates":[[[[-3.668684468865744,29.710058445468448],[-3.668722133001209,29.71004487299629],[-3.670064107661817,29.713275868183928],[-3.670026442593158,29.713289440667193],[-3.668684468865744,29.710058445468448]]]]}},{"type":"Feature","properties":{"id":"street_gn4","group":null,"name":"GN-4","settlement_id":"stl_gunsey","country_id":"country_duvessa","district_id":"dst_gunsey","status":"active","surface":"paved","access":"public","bridge":null,"tunnel":null,"oneway":null,"route_id":null,"alt_name":null,"notes":null},"geometry":{"type":"MultiPolygon","coordinates":[[[[-3.667188029628,29.710674255649202],[-3.667225545246498,29.710660331027587],[-3.668547499553449,29.713737839618247],[-3.668509983052748,29.71375176425793],[-3.667188029628,29.710674255649202]]]]}},{"type":"Feature","properties":{"id":"street_gn6","group":null,"name":"GN-6","settlement_id":"stl_gunsey","country_id":"country_duvessa","district_id":"dst_gunsey","status":"active","surface":"paved","access":"public","bridge":null,"tunnel":null,"oneway":null,"route_id":null,"alt_name":null,"notes":null},"geometry":{"type":"MultiPolygon","coordinates":[[[[-3.666585256150732,29.710938733096395],[-3.66662269679806,29.71092463512675],[-3.667934075461805,29.713928114299346],[-3.667896633956841,29.713942212290217],[-3.666585256150732,29.710938733096395]]]]}},{"type":"Feature","properties":{"id":"street_gn9","group":null,"name":"GN-9","settlement_id":"stl_gunsey","country_id":"country_duvessa","district_id":"dst_gunsey","status":"active","surface":"paved","access":"public","bridge":null,"tunnel":null,"oneway":null,"route_id":null,"alt_name":null,"notes":null},"geometry":{"type":"MultiPolygon","coordinates":[[[[-3.668171515975691,29.71027227013548],[-3.668209126251223,29.71025856859087],[-3.669552231838911,29.713452409123853],[-3.669514620643394,29.713466110682283],[-3.668171515975691,29.71027227013548]]]]}},{"type":"Feature","properties":{"id":"street_market1","group":null,"name":"Market 1","settlement_id":"stl_genesis","country_id":"country_velu","district_id":"dst_genesis","status":"active","surface":"cobble","access":"pedestrian","bridge":null,"tunnel":null,"oneway":null,"route_id":null,"alt_name":null,"notes":null},"geometry":{"type":"MultiPolygon","coordinates":[[[[1.11180435874856,26.714142876193083],[1.111635874496152,26.71416451614933],[1.111643270051846,26.714199407044426],[1.112643254012497,26.714070968702487],[1.112646848744622,26.714070181118615],[1.112650178254476,26.71406878771293],[1.112653121452379,26.71406683916166],[1.112655571298242,26.714064406330994],[1.112657438694599,26.714061577699614],[1.112658655726828,26.71405845614096],[1.112659178133221,26.71405515518183],[1.112658986914584,26.714051794873516],[1.112598323634117,26.713680954938823],[1.112597339031464,26.713677436887505],[1.112595588805972,26.713674136595174],[1.112593145602326,26.713671191043332],[1.112590110827815,26.713668722489658],[1.112586610443415,26.713666833393646],[1.112582789735564,26.713665602163836],[1.112578807286078,26.71366507990356],[1.112574828389917,26.71366528828965],[1.111763946137594,26.713783838697182],[1.111760414160029,26.713784674303525],[1.111757151793946,26.713786097639115],[1.111754274827149,26.713788058186974],[1.111751885368924,26.713790486363386],[1.111750068225871,26.71379329598754],[1.111748887892087,26.71379638734034],[1.111748386259958,26.713799650703507],[1.111748581133476,26.71380297025381],[1.11180435874856,26.714142876193083]],[[1.111842973722698,26.714137916510335],[1.111790145886355,26.713815986965095],[1.11256251386351,26.713703067266554],[1.112617377122312,26.714038451654375],[1.111842973722698,26.714137916510335]]]]}},{"type":"Feature","properties":{"id":"street_market2","group":null,"name":"Market 1","settlement_id":"stl_genesis","country_id":"country_velu","district_id":"dst_genesis","status":"active","surface":"cobble","access":"pedestrian","bridge":null,"tunnel":null,"oneway":null,"route_id":null,"alt_name":null,"notes":null},"geometry":{"type":"MultiPolygon","coordinates":[[[[1.112635874364004,26.714036075727012],[1.112643221483036,26.714070972744796],[1.112727326206058,26.714060268616368],[1.112719979070407,26.714025371606606],[1.112635874364004,26.714036075727012]]]]}},{"type":"Feature","properties":{"id":"street_genst3","group":null,"name":"STGN-3","settlement_id":"stl_genesis","country_id":"country_velu","district_id":"dst_genesis","status":"active","surface":"paved","access":"public","bridge":null,"tunnel":null,"oneway":null,"route_id":null,"alt_name":null,"notes":null},"geometry":{"type":"MultiPolygon","coordinates":[[[[1.112788670149421,26.714510684109133],[1.114195017653355,26.71437458591272],[1.115096379679604,26.71430199296457],[1.115091000230264,26.714266891861087],[1.114189465815371,26.71433949862656],[1.114189121109212,26.714339529183146],[1.112782364384992,26.71447566687991],[1.112781890600089,26.71447571805938],[1.111716990882984,26.71460277991981],[1.111724006622572,26.714637717862647],[1.112788670149421,26.714510684109133]]]]}},{"type":"Feature","properties":{"id":"street_beachcorridor","group":null,"name":"Beach Corridor","settlement_id":"settlement_zaynalqamar","country_id":"country_bibishirif","district_id":null,"status":"active","surface":"paved","access":"public","bridge":null,"tunnel":null,"oneway":null,"route_id":null,"alt_name":null,"notes":null},"geometry":{"type":"MultiPolygon","coordinates":[[[[-31.349249738202108,-6.4580691671007],[-31.34211312584038,-6.456909467421989],[-31.338411087025484,-6.456106615538889],[-31.331006251650326,-6.454143887899786],[-31.32293180586547,-6.451422665618885],[-31.32292066275334,-6.451456712345797],[-31.330995677045617,-6.454178125783684],[-31.3309968242203,-6.454178470729701],[-31.33840263842142,-6.456141457435641],[-31.33840344133983,-6.456141650807598],[-31.34210634843575,-6.456944690808796],[-31.342107281886907,-6.45694486775016],[-31.349245416036272,-6.458104814380145],[-31.349247532545366,-6.458105031427046],[-31.357501000121065,-6.458461937957411],[-31.357502141514505,-6.458426027960102],[-31.349249738202108,-6.4580691671007]]]]}},{"type":"Feature","properties":{"id":"street_mupingaxis","group":null,"name":"Muping Axis","settlement_id":"settlement_pointgolqik","country_id":"country_velu","district_id":null,"status":"active","surface":"gravel","access":"public","bridge":null,"tunnel":null,"oneway":null,"route_id":null,"alt_name":null,"notes":null},"geometry":{"type":"MultiPolygon","coordinates":[[[[8.461452960372998,26.54686316937319],[8.460038692402431,26.54657589610372],[8.45915348926922,26.546199684710682],[8.459151138686623,26.546198835870445],[8.45874530163797,26.546077078454925],[8.458740589105535,26.546076190857082],[8.458325662869722,26.546042668684645],[8.45832114016417,26.546042762686497],[8.458316825921452,26.546043767866863],[8.45806805473985,26.54613088048345],[8.458065198183569,26.546132145178873],[8.458062650345058,26.546133823229844],[8.458060482174925,26.5461358679071],[8.45793630963409,26.546276062689298],[8.457813391284873,26.546306792270297],[8.45721514107266,26.54626781481054],[8.454174391321539,26.545982168448646],[8.454172587391518,26.54601653239934],[8.45721366008493,26.54630220875399],[8.457214304795048,26.546302260031826],[8.45781631973846,26.546341482702786],[8.457819714135688,26.54634144563944],[8.457823014599965,26.5463408937624],[8.457954929636013,26.546307914997083],[8.457958490801898,26.546306661554055],[8.45796165410485,26.546304795725025],[8.457964293679005,26.546302391750146],[8.458089087442321,26.546161495543558],[8.458329077824274,26.546077457690142],[8.458736973930945,26.546110411846293],[8.459139297559398,26.546231115130404],[8.4600254602888,26.546607734232662],[8.460029826047624,26.546609088856762],[8.461449525061777,26.546897465134215],[8.46145270022881,26.54689788038712],[8.461455878788291,26.546897842978293],[8.463384327371836,26.546736085643488],[8.463378228292497,26.546701679013495],[8.461452960372998,26.54686316937319]]]]}},{"type":"Feature","properties":{"id":"street_northernaxis","group":null,"name":"Northern Axis","settlement_id":"settlement_pointgolqik","country_id":"country_velu","district_id":null,"status":"active","surface":"gravel","access":"public","bridge":null,"tunnel":null,"oneway":null,"route_id":null,"alt_name":null,"notes":null},"geometry":{"type":"MultiPolygon","coordinates":[[[[8.454229792637415,26.545083494023054],[8.454227639778468,26.54511782384241],[8.458985896481842,26.545601932960487],[8.458988048172202,26.545567603560325],[8.454229792637415,26.545083494023054]]]]}},{"type":"Feature","properties":{"id":"street_mudangaxis","group":null,"name":"Mudang Axis","settlement_id":"settlement_pointgolqik","country_id":"country_velu","district_id":null,"status":"active","surface":"gravel","access":"public","bridge":null,"tunnel":null,"oneway":null,"route_id":null,"alt_name":null,"notes":null},"geometry":{"type":"MultiPolygon","coordinates":[[[[8.461262052183635,26.54449542379823],[8.459866062959808,26.544550820120726],[8.459865157476838,26.544550874738313],[8.45904701994068,26.54461721017674],[8.458196481721744,26.544484658712697],[8.457316238129277,26.54427771610873],[8.457313154724186,26.54427721100407],[8.454296579440921,26.543993835580487],[8.45429477537817,26.544028199541494],[8.457309794354245,26.544311428437133],[8.458189360156757,26.544518211582442],[8.458191068989082,26.54451854512712],[8.459045106675545,26.544651641859566],[8.459050371208996,26.54465184019317],[8.45987068330384,26.544585328361247],[8.46126774538254,26.544529889317065],[8.461270754996841,26.544529559829673],[8.46319229218939,26.54418112397226],[8.463182106108246,26.544147257084354],[8.461262052183635,26.54449542379823]]]]}},{"type":"Feature","properties":{"id":"street_northspan1","group":null,"name":"North Span 1","settlement_id":"settlement_dimaeta","country_id":"country_stsutodo","district_id":null,"status":"active","surface":"paved","access":"public","bridge":null,"tunnel":null,"oneway":null,"route_id":null,"alt_name":null,"notes":null},"geometry":{"type":"MultiPolygon","coordinates":[[[[-72.16953990355469,-17.53974296632002],[-72.10381677369243,-17.577135421946064],[-72.10383873409187,-17.577163246354303],[-72.16956206943924,-17.53977066278813],[-72.16956249046504,-17.53977041514311],[-72.23057184256949,-17.50268501041719],[-72.23054905507749,-17.502657694172335],[-72.16953990355469,-17.53974296632002]]]]}},{"type":"Feature","properties":{"id":"street_firstcrescent","group":null,"name":"First Crescent","settlement_id":"settlement_dimaeta","country_id":"country_tsutodo","district_id":null,"status":"active","surface":"paved","access":"public","bridge":null,"tunnel":null,"oneway":null,"route_id":null,"alt_name":null,"notes":null},"geometry":{"type":"MultiPolygon","coordinates":[[[[-72.18409851420961,-17.725325698007904],[-72.184116000072,-17.72535565925754],[-72.18857299807635,-17.72360617978171],[-72.18855551240108,-17.723576219132553],[-72.18409851420961,-17.725325698007904]]]]}},{"type":"Feature","properties":{"id":"street_secondcrescent","group":null,"name":"Second Crescent","settlement_id":"settlement_dimaeta","country_id":"country_tsutodo","district_id":null,"status":"active","surface":"paved","access":"public","bridge":null,"tunnel":null,"oneway":null,"route_id":null,"alt_name":null,"notes":null},"geometry":{"type":"MultiPolygon","coordinates":[[[[-72.18705862662424,-17.72310474325758],[-72.18687288186729,-17.723177652537462],[-72.18592576947155,-17.723549416908366],[-72.18477989875755,-17.723999198694653],[-72.18371929891961,-17.724415509613372],[-72.1837367844503,-17.72444547097942],[-72.18479738427177,-17.72402915990684],[-72.18594325499237,-17.7235793779447],[-72.18689036738931,-17.723207613430084],[-72.18707611216945,-17.723134704113036],[-72.18819378254028,-17.722695991469976],[-72.18817629702542,-17.722666030771613],[-72.18705862662424,-17.72310474325758]]]]}},{"type":"Feature","properties":{"id":"street_thirdcrescent","group":null,"name":"Third Crescent","settlement_id":"settlement_dimaeta","country_id":"country_tsutodo","district_id":null,"status":"active","surface":"paved","access":"public","bridge":null,"tunnel":null,"oneway":null,"route_id":null,"alt_name":null,"notes":null},"geometry":{"type":"MultiPolygon","coordinates":[[[[-72.18335635133869,-17.723544468899686],[-72.1833739096403,-17.72357440159659],[-72.19300661086326,-17.71976922952302],[-72.19298905297592,-17.719739298120423],[-72.18335635133869,-17.723544468899686]]]]}},{"type":"Feature","properties":{"id":"street_valest","group":null,"name":"Vale Street","settlement_id":"settlement_dimaeta","country_id":"country_tsutodo","district_id":null,"status":"active","surface":"paved","access":"public","bridge":null,"tunnel":null,"oneway":null,"route_id":null,"alt_name":null,"notes":null},"geometry":{"type":"MultiPolygon","coordinates":[[[[-72.18786292034761,-17.725070400222023],[-72.18789770620798,-17.72506162638791],[-72.18672439157905,-17.72222532861068],[-72.18668960576582,-17.722234101970354],[-72.18786292034761,-17.725070400222023]]]]}},{"type":"Feature","properties":{"id":"street_meridianthread","group":null,"name":"Meridian Thread","settlement_id":"settlement_dimaeta","country_id":"country_tsutodo","district_id":null,"status":"active","surface":"paved","access":"public","bridge":null,"tunnel":null,"oneway":null,"route_id":null,"alt_name":null,"notes":null},"geometry":{"type":"MultiPolygon","coordinates":[[[[-72.18358635526103,-17.717715869335688],[-72.18372708202044,-17.718096659433673],[-72.1838186144852,-17.718521037336025],[-72.18381987883176,-17.71852466211354],[-72.18400243387387,-17.71889807019199],[-72.18407712783379,-17.71930473742479],[-72.18407814421214,-17.719308078505296],[-72.18426582316948,-17.719745099424973],[-72.18444454453189,-17.72017409435182],[-72.18453600778142,-17.720614781034477],[-72.18453667473499,-17.720617078905104],[-72.18476191055787,-17.72121770784218],[-72.1847631049437,-17.721220221711288],[-72.18514300476441,-17.721874276712196],[-72.18672254333667,-17.725497958845157],[-72.18675708882498,-17.725488618978705],[-72.185177165786,-17.721864055438065],[-72.18517628954339,-17.72186232672128],[-72.18479660815332,-17.721208647848524],[-72.1845722820651,-17.720610445020345],[-72.18448076067718,-17.72016947845354],[-72.18447987986285,-17.72016664009503],[-72.18430054296957,-17.719736167772925],[-72.1843004736465,-17.719736003895726],[-72.18411346320816,-17.719300539756144],[-72.18403869729595,-17.718893481024036],[-72.18403734221224,-17.71888940189083],[-72.1838546801952,-17.718515775074177],[-72.18376331830304,-17.718092188221103],[-72.18376270232788,-17.71809007694136],[-72.18362088716796,-17.717706341852683],[-72.18361900189053,-17.71770270124604],[-72.18338401683835,-17.71735711048936],[-72.1833525527826,-17.717372017767804],[-72.18358635526103,-17.717715869335688]]]]}},{"type":"Feature","properties":{"id":"street_erustonst","group":null,"name":"Eruston Street","settlement_id":"settlement_dimaeta","country_id":"country_tsutodo","district_id":null,"status":"active","surface":"paved","access":"public","bridge":null,"tunnel":null,"oneway":null,"route_id":null,"alt_name":null,"notes":null},"geometry":{"type":"MultiPolygon","coordinates":[[[[-72.18557670366351,-17.72594359014107],[-72.18561152997817,-17.725934914218406],[-72.18446035906184,-17.723126237787746],[-72.18442553279783,-17.72313491323964],[-72.18557670366351,-17.72594359014107]]]]}},{"type":"Feature","properties":{"id":"street_om","group":null,"name":"Om Street","settlement_id":"settlement_dimaeta","country_id":"country_tsutodo","district_id":null,"status":"active","surface":"paved","access":"public","bridge":null,"tunnel":null,"oneway":null,"route_id":null,"alt_name":null,"notes":null},"geometry":{"type":"MultiPolygon","coordinates":[[[[-72.1863169261731,-17.72140570224044],[-72.1863517885589,-17.72139711580809],[-72.1845282105646,-17.71690943538506],[-72.18449334826532,-17.71691802106387],[-72.1863169261731,-17.72140570224044]]]]}},{"type":"Feature","properties":{"id":"street_may","group":null,"name":"May Street","settlement_id":"settlement_dimaeta","country_id":"country_tsutodo","district_id":null,"status":"active","surface":"paved","access":"public","bridge":null,"tunnel":null,"oneway":null,"route_id":null,"alt_name":null,"notes":null},"geometry":{"type":"MultiPolygon","coordinates":[[[[-72.18404141568288,-17.722311134898334],[-72.18407626878245,-17.72230252530273],[-72.1822466139898,-17.717809755023616],[-72.18221176097545,-17.71781836386522],[-72.18404141568288,-17.722311134898334]]]]}},{"type":"Feature","properties":{"id":"street_waxingtransit","group":null,"name":"Waxing Transit","settlement_id":"settlement_dimaeta","country_id":"country_tsutodo","district_id":null,"status":"active","surface":"paved","access":"public","bridge":null,"tunnel":null,"oneway":null,"route_id":null,"alt_name":null,"notes":null},"geometry":{"type":"MultiPolygon","coordinates":[[[[-72.1850510847363,-17.718280805142836],[-72.18470703725228,-17.71876517402905],[-72.18460271164498,-17.718861828623012],[-72.18455659655483,-17.718892735540756],[-72.18350083938897,-17.719254353074614],[-72.1833910702916,-17.719272480073382],[-72.18326380524682,-17.719264335100075],[-72.18276814437596,-17.719200044319724],[-72.18136555004881,-17.71873355402011],[-72.18135504271537,-17.7187639306931],[-72.18275963852943,-17.719231086417125],[-72.18276372208123,-17.71923202208917],[-72.18326216067402,-17.719296673079047],[-72.18326355261858,-17.719296807849478],[-72.18339389743757,-17.719305149907452],[-72.18339857920422,-17.719304922832833],[-72.18351223988165,-17.719286153171232],[-72.18351532371408,-17.719285379453027],[-72.18457476632062,-17.718922499426306],[-72.18457881214633,-17.71892050700422],[-72.1846278217914,-17.71888766010994],[-72.18462976672724,-17.718886125535423],[-72.18473612808002,-17.71878758485708],[-72.18473813814417,-17.718785300925187],[-72.18508329113891,-17.71829937548469],[-72.18508373133008,-17.718298717917882],[-72.18585859375195,-17.71706853009793],[-72.18582573698117,-17.71705095142402],[-72.1850510847363,-17.718280805142836]]]]}},{"type":"Feature","properties":{"id":"street_waningtransit","group":null,"name":"Waning Transit","settlement_id":"settlement_dimaeta","country_id":"country_tsutodo","district_id":null,"status":"active","surface":"paved","access":"public","bridge":null,"tunnel":null,"oneway":null,"route_id":null,"alt_name":null,"notes":null},"geometry":{"type":"MultiPolygon","coordinates":[[[[-72.18348825606513,-17.720748994311187],[-72.18382919013824,-17.720262424687164],[-72.18393289810254,-17.720165098129147],[-72.1839788221441,-17.720133890316784],[-72.1850322477933,-17.71976550137872],[-72.18514190786728,-17.71974666869281],[-72.18526922804966,-17.719753997117607],[-72.18576529346454,-17.719815106045232],[-72.18717085306535,-17.720272586057146],[-72.18718109301844,-17.720242122400823],[-72.18577352860278,-17.719783989611617],[-72.18576944075446,-17.71978308042064],[-72.18527059762658,-17.719721629233355],[-72.18526920662005,-17.71972150355418],[-72.18513881096999,-17.719713998087414],[-72.18513414049278,-17.71971425456834],[-72.18502060260843,-17.719733753200728],[-72.18501753242116,-17.719734544452148],[-72.1839604402508,-17.720104215436386],[-72.18395641925014,-17.720106227812384],[-72.18390762138958,-17.72013938852736],[-72.18390569146837,-17.72014093146838],[-72.1837999646287,-17.720240152648856],[-72.18379797338775,-17.72024244474185],[-72.18345594561917,-17.720730575093427],[-72.18345551039224,-17.72073123435513],[-72.18268855788098,-17.721966369323297],[-72.1827215118738,-17.721983794216992],[-72.18348825606513,-17.720748994311187]]]]}},{"type":"Feature","properties":{"id":"street_westascension","group":null,"name":"West Ascension","settlement_id":"settlement_dimaeta","country_id":"country_tsutodo","district_id":null,"status":"active","surface":"paved","access":"public","bridge":null,"tunnel":null,"oneway":null,"route_id":null,"alt_name":null,"notes":null},"geometry":{"type":"MultiPolygon","coordinates":[[[[-72.18508520467131,-17.719740690609747],[-72.1851201733249,-17.71973236935862],[-72.18473963404385,-17.718771693532407],[-72.18470466541243,-17.71878001462135],[-72.18508520467131,-17.719740690609747]]]]}},{"type":"Feature","properties":{"id":"street_eastascension","group":null,"name":"East Ascension","settlement_id":"settlement_dimaeta","country_id":"country_tsutodo","district_id":null,"status":"active","surface":"paved","access":"public","bridge":null,"tunnel":null,"oneway":null,"route_id":null,"alt_name":null,"notes":null},"geometry":{"type":"MultiPolygon","coordinates":[[[[-72.18386321246139,-17.720193085011847],[-72.18389807480423,-17.720184498629134],[-72.18352476725876,-17.71926582848331],[-72.18348990493362,-17.71927441471175],[-72.18386321246139,-17.720193085011847]]]]}},{"type":"Feature","properties":{"id":"street_firstalignment","group":null,"name":"First Alignment","settlement_id":"settlement_dimaeta","country_id":"country_tsutodo","district_id":null,"status":"active","surface":"paved","access":"public","bridge":null,"tunnel":null,"oneway":null,"route_id":null,"alt_name":null,"notes":null},"geometry":{"type":"MultiPolygon","coordinates":[[[[-72.18373031357321,-17.721506827325133],[-72.18374795444107,-17.72153672710216],[-72.18602407247306,-17.720631065961825],[-72.18600643170568,-17.720601166489676],[-72.18373031357321,-17.721506827325133]]]]}},{"type":"Feature","properties":{"id":"street_secondalignment","group":null,"name":"Second Alignment","settlement_id":"settlement_dimaeta","country_id":"country_tsutodo","district_id":null,"status":"active","surface":"paved","access":"public","bridge":null,"tunnel":null,"oneway":null,"route_id":null,"alt_name":null,"notes":null},"geometry":{"type":"MultiPolygon","coordinates":[[[[-72.18249836857673,-17.718481749285733],[-72.18251600863132,-17.718511649332747],[-72.18479445003187,-17.71760506373037],[-72.1847768100779,-17.717575163988545],[-72.18249836857673,-17.718481749285733]]]]}},{"type":"Feature","properties":{"id":"street_easttransit","group":null,"name":"East Transit","settlement_id":"settlement_dimaeta","country_id":"country_tsutodo","district_id":null,"status":"active","surface":"paved","access":"public","bridge":null,"tunnel":null,"oneway":null,"route_id":null,"alt_name":null,"notes":null},"geometry":{"type":"MultiPolygon","coordinates":[[[[-72.18203017704037,-17.720361603234597],[-72.1820478795802,-17.720391478538698],[-72.18369760470051,-17.719731508029074],[-72.18367990223496,-17.719701632945426],[-72.18203017704037,-17.720361603234597]]]]}},{"type":"Feature","properties":{"id":"street_westtransit","group":null,"name":"West Transit","settlement_id":"settlement_dimaeta","country_id":"country_tsutodo","district_id":null,"status":"active","surface":"paved","access":"public","bridge":null,"tunnel":null,"oneway":null,"route_id":null,"alt_name":null,"notes":null},"geometry":{"type":"MultiPolygon","coordinates":[[[[-72.18490881302024,-17.719254275992068],[-72.18492636533328,-17.719284210570333],[-72.18651108068762,-17.718658476416586],[-72.18649352844261,-17.718628542051285],[-72.18490881302024,-17.719254275992068]]]]}},{"type":"Feature","properties":{"id":"street_jemelstreet","group":null,"name":"Jemel Street","settlement_id":"settlement_dimaeta","country_id":"country_tsutodo","district_id":null,"status":"active","surface":"paved","access":"public","bridge":null,"tunnel":null,"oneway":null,"route_id":null,"alt_name":null,"notes":null},"geometry":{"type":"MultiPolygon","coordinates":[[[[-72.19087361829268,-17.7174537401067],[-72.1930956480963,-17.723109702841295],[-72.1931306505328,-17.723101466795832],[-72.19090811073256,-17.717444207083332],[-72.19090686244812,-17.717441684063044],[-72.18942072129117,-17.714976005913897],[-72.18938821543033,-17.714989286687146],[-72.19087361829268,-17.7174537401067]]]]}},{"type":"Feature","properties":{"id":"street_warrenstreet","group":null,"name":"Warren Street","settlement_id":"settlement_dimaeta","country_id":"country_tsutodo","district_id":null,"status":"active","surface":"paved","access":"public","bridge":null,"tunnel":null,"oneway":null,"route_id":null,"alt_name":null,"notes":null},"geometry":{"type":"MultiPolygon","coordinates":[[[[-72.18996507515362,-17.71777867414716],[-72.19219239336466,-17.723448098013137],[-72.19222739582733,-17.723439861903],[-72.18999956761657,-17.717769141053942],[-72.18999831932561,-17.717766618019528],[-72.18852853048999,-17.715328070241565],[-72.18849602461778,-17.71534135110944],[-72.18996507515362,-17.71777867414716]]]]}},{"type":"Feature","properties":{"id":"street_milostreet","group":null,"name":"Milo Street","settlement_id":"settlement_dimaeta","country_id":"country_tsutodo","district_id":null,"status":"active","surface":"paved","access":"public","bridge":null,"tunnel":null,"oneway":null,"route_id":null,"alt_name":null,"notes":null},"geometry":{"type":"MultiPolygon","coordinates":[[[[-72.18918935932348,-17.718145984859177],[-72.19139041193293,-17.723748552167557],[-72.19142541442478,-17.723740316015],[-72.18922385181409,-17.71813645170589],[-72.18922260351599,-17.71813392865946],[-72.18772301116783,-17.715645933445682],[-72.18769050527646,-17.715659214384186],[-72.18918935932348,-17.718145984859177]]]]}},{"type":"Feature","properties":{"id":"street_prestonstreet","group":null,"name":"Preston Street","settlement_id":"settlement_dimaeta","country_id":"country_tsutodo","district_id":null,"status":"active","surface":"paved","access":"public","bridge":null,"tunnel":null,"oneway":null,"route_id":null,"alt_name":null,"notes":null},"geometry":{"type":"MultiPolygon","coordinates":[[[[-72.18833193041313,-17.71848879076662],[-72.19052559309294,-17.724072547721214],[-72.19056059561224,-17.72406431151277],[-72.18836642292862,-17.71847925754717],[-72.1883651746238,-17.718476734487414],[-72.18686341120497,-17.715985137218986],[-72.18683090529906,-17.71599841824271],[-72.18833193041313,-17.71848879076662]]]]}},{"type":"Feature","properties":{"id":"street_firstorbit","group":null,"name":"First Orbit","settlement_id":"settlement_dimaeta","country_id":"country_tsutodo","district_id":null,"status":"active","surface":"paved","access":"public","bridge":null,"tunnel":null,"oneway":null,"route_id":null,"alt_name":null,"notes":null},"geometry":{"type":"MultiPolygon","coordinates":[[[[-72.18947567125004,-17.7232183429594],[-72.18949344702379,-17.723248188149263],[-72.19400822429039,-17.721430796816108],[-72.19399044872445,-17.72140095222806],[-72.18947567125004,-17.7232183429594]]]]}},{"type":"Feature","properties":{"id":"street_secondorbit","group":null,"name":"Second Orbit","settlement_id":"settlement_dimaeta","country_id":"country_tsutodo","district_id":null,"status":"active","surface":"paved","access":"public","bridge":null,"tunnel":null,"oneway":null,"route_id":null,"alt_name":null,"notes":null},"geometry":{"type":"MultiPolygon","coordinates":[[[[-72.19168180378215,-17.721306087125654],[-72.19168079693247,-17.721306488142563],[-72.19150867804419,-17.721381142104764],[-72.19134353323021,-17.721430685536802],[-72.19099846113468,-17.721507599171222],[-72.19085625766019,-17.7215323301997],[-72.19079182560118,-17.721535350447535],[-72.19073767229665,-17.72153256598103],[-72.19073564882686,-17.721532559077442],[-72.19060314117782,-17.721538525051436],[-72.19060108704387,-17.72153872167184],[-72.19047387051263,-17.721557491314506],[-72.19047045567476,-17.721558315545575],[-72.18899753637452,-17.722062194923375],[-72.18901349954098,-17.72209271420909],[-72.19048477194998,-17.72158939800514],[-72.19060920472113,-17.72157103906243],[-72.19073966680251,-17.72156516516721],[-72.19079383944256,-17.72156795061916],[-72.19079590110506,-17.72156795576733],[-72.19086263765111,-17.72156482748658],[-72.19086515758406,-17.721564551640267],[-72.19100905825799,-17.72153952542544],[-72.19100996235221,-17.721539346227026],[-72.191356158173,-17.7214621820728],[-72.19135748910176,-17.721461834862584],[-72.19152433045855,-17.72141178244321],[-72.19152635036163,-17.721411045542208],[-72.1916989532286,-17.72133618163472],[-72.19354539413607,-17.720664070645597],[-72.19352875655954,-17.720633790089938],[-72.19168180378215,-17.721306087125654]]]]}},{"type":"Feature","properties":{"id":"street_thirdorbit","group":null,"name":"Third Orbit","settlement_id":"settlement_dimaeta","country_id":"country_tsutodo","district_id":null,"status":"active","surface":"paved","access":"public","bridge":null,"tunnel":null,"oneway":null,"route_id":null,"alt_name":null,"notes":null},"geometry":{"type":"MultiPolygon","coordinates":[[[[-72.19724269353203,-17.716116568030714],[-72.19659476510994,-17.716313019697505],[-72.19659358173898,-17.716313422514585],[-72.1959642726083,-17.71655184436121],[-72.19596339413435,-17.716552203923474],[-72.19519891834967,-17.716889084178142],[-72.19519827089887,-17.716889385311337],[-72.19478556368529,-17.717091681521186],[-72.1947848267667,-17.717092065004906],[-72.19443942226806,-17.717282593733188],[-72.19383553224917,-17.71749732754956],[-72.19201081024588,-17.718114544039473],[-72.19200991097652,-17.718114874668853],[-72.188014099085,-17.71970479668755],[-72.18803174000823,-17.719734695786805],[-72.19202710825681,-17.718144949685318],[-72.1938515094383,-17.71752784144349],[-72.19385177843168,-17.717527748133836],[-72.19445717392203,-17.717312478905537],[-72.19445978823961,-17.717311305672364],[-72.19480607306252,-17.717120291289522],[-72.1952180861351,-17.71691833526047],[-72.19598180138816,-17.716581790029867],[-72.19661008290747,-17.71634375741239],[-72.19725818628625,-17.71614725260349],[-72.19725970568534,-17.71614671863685],[-72.20135556339918,-17.71450079669059],[-72.201337808583,-17.714470945148268],[-72.19724269353203,-17.716116568030714]]]]}},{"type":"Feature","properties":{"id":"street_fourthorbit","group":null,"name":"Fourth Orbit","settlement_id":"settlement_dimaeta","country_id":"country_tsutodo","district_id":null,"status":"active","surface":"paved","access":"public","bridge":null,"tunnel":null,"oneway":null,"route_id":null,"alt_name":null,"notes":null},"geometry":{"type":"MultiPolygon","coordinates":[[[[-72.19997884990167,-17.713780081452388],[-72.19979310514223,-17.71385299073321],[-72.19884599274646,-17.71422475510412],[-72.19770052875147,-17.71467437724303],[-72.19717218083322,-17.71485301352711],[-72.19717059904366,-17.71485363196286],[-72.19663876408931,-17.715091165621928],[-72.19663831012812,-17.71509137616602],[-72.19642424755017,-17.71519439623592],[-72.1963232059267,-17.71524070170463],[-72.19620337567561,-17.71527471321143],[-72.19620168863851,-17.715275280479645],[-72.19604758094508,-17.715335568173682],[-72.19591450149822,-17.715375524172096],[-72.19591410388672,-17.715375648396403],[-72.19576307242814,-17.715424694036177],[-72.19576181005311,-17.715425155696696],[-72.19545928734415,-17.715548669333575],[-72.19516026112218,-17.7156545774208],[-72.19515955666785,-17.71565484341923],[-72.19501775360341,-17.71571178246538],[-72.19501504745952,-17.7157131520119],[-72.19489042610093,-17.71579086302286],[-72.19488853202955,-17.71579224341753],[-72.19480369992016,-17.715864210202724],[-72.19480223712394,-17.715865628842177],[-72.19472220224112,-17.71595450893359],[-72.19472195272327,-17.715954793252347],[-72.19456613285057,-17.71613700396185],[-72.19451093139959,-17.716198703757367],[-72.19443801026829,-17.71625553360587],[-72.19436150369933,-17.716296895307348],[-72.19427504808317,-17.716336717447415],[-72.19410651344067,-17.71640877088863],[-72.19410635679982,-17.716408838748134],[-72.19392458146682,-17.716488626781352],[-72.19385467326236,-17.716519360875036],[-72.19375907167787,-17.71655053190667],[-72.19365933639716,-17.716581625426866],[-72.1935463803979,-17.716600040656903],[-72.19333859544734,-17.71662953596272],[-72.1933383869848,-17.716629566676776],[-72.19292415808302,-17.716692834721353],[-72.19292272083185,-17.71669310915647],[-72.19274221703272,-17.716734643475622],[-72.19274084089184,-17.716735014689533],[-72.19263210206192,-17.71676879560437],[-72.19263079210515,-17.716769257249986],[-72.19250877772465,-17.716817550132458],[-72.192508582223,-17.716817628837777],[-72.19148139241499,-17.717238171989333],[-72.1876254746051,-17.71877243055701],[-72.18764311527315,-17.71880232974239],[-72.19149911572448,-17.7172680377079],[-72.19149928089071,-17.71726797104066],[-72.19252645557187,-17.716847433925626],[-72.19264772945297,-17.7167994341119],[-72.19275512346874,-17.716766070962482],[-72.1929342186113,-17.7167248607519],[-72.19334761600629,-17.716661719647547],[-72.19355550000942,-17.716632210250093],[-72.19355590567041,-17.716632148403043],[-72.19367041615577,-17.71661347972794],[-72.19367305023052,-17.716612859646723],[-72.19377418273206,-17.71658133051326],[-72.19377441281057,-17.716581257144842],[-72.1938709903386,-17.716549767891134],[-72.19387266825254,-17.71654912804581],[-72.19394337888376,-17.71651804116289],[-72.19412507136059,-17.716438289470318],[-72.19429375275594,-17.71636617326215],[-72.19429419965932,-17.716365974867692],[-72.19438138288042,-17.716325817573445],[-72.19438237411752,-17.71632532217318],[-72.19446058676725,-17.71628303810146],[-72.19446287570513,-17.716281545680438],[-72.19453796029184,-17.716223029763963],[-72.19453996121915,-17.716221163953485],[-72.19459617855382,-17.716158328665866],[-72.19459639624282,-17.71615807980734],[-72.19475220062155,-17.71597588716354],[-72.19483143099158,-17.715887900472204],[-72.19491459135216,-17.715817351885708],[-72.19503693106506,-17.71574106363474],[-72.19517695387452,-17.715684839404098],[-72.195476029533,-17.71557891376315],[-72.1954768305102,-17.7155786086826],[-72.19577912952997,-17.715455186326977],[-72.1959293199277,-17.715406413789328],[-72.1960629207504,-17.715366301232468],[-72.19606433454133,-17.71536581375396],[-72.19621831119007,-17.715305577301788],[-72.19633864040608,-17.715271424155766],[-72.19634126021195,-17.715270461216175],[-72.19644370941015,-17.7152235106664],[-72.19644400797166,-17.71522337043091],[-72.19665799395865,-17.715120387187355],[-72.19718882932612,-17.71488329989156],[-72.19771678300542,-17.71470479682292],[-72.1977176067178,-17.714704496188645],[-72.19886347741026,-17.7142547142375],[-72.19981058980727,-17.713882949722834],[-72.19999633458741,-17.713810040405807],[-72.20091687784024,-17.713448704922616],[-72.20089939317911,-17.71341874609875],[-72.19997884990167,-17.713780081452388]]]]}},{"type":"Feature","properties":{"id":"street_fifthorbit","group":null,"name":"Fifth Orbit","settlement_id":"settlement_dimaeta","country_id":"country_tsutodo","district_id":null,"status":"active","surface":"paved","access":"public","bridge":null,"tunnel":null,"oneway":null,"route_id":null,"alt_name":null,"notes":null},"geometry":{"type":"MultiPolygon","coordinates":[[[[-72.19978572185322,-17.712848786146807],[-72.1995999770916,-17.712921695428477],[-72.19865286469587,-17.713293459799424],[-72.19750699398186,-17.713743241585696],[-72.1975056857089,-17.713743816607316],[-72.1955687736881,-17.714690669150794],[-72.19494694282213,-17.714924957426465],[-72.19482573008048,-17.714967388451115],[-72.19482528410676,-17.714967551087305],[-72.19477350088682,-17.714987202699806],[-72.19477170671898,-17.71498799902202],[-72.19472888971967,-17.715009947749582],[-72.19472672834345,-17.715011269794562],[-72.1947034984239,-17.71502806399673],[-72.19470051127921,-17.715030896849953],[-72.19468116916585,-17.715055087874628],[-72.19468099601836,-17.71505530876455],[-72.19464790168293,-17.715098379246218],[-72.19464782604267,-17.71509847857118],[-72.19457236001992,-17.715198466749836],[-72.19449963467798,-17.71528533297169],[-72.19449953699544,-17.715285450894015],[-72.19446049336871,-17.715333089276182],[-72.19444426496146,-17.715350013664924],[-72.19443316129484,-17.715359480145597],[-72.19442794210548,-17.71536378110889],[-72.1944254196951,-17.715365411203496],[-72.19442519536965,-17.715365558785283],[-72.19442484014023,-17.715365796679794],[-72.19442416301573,-17.715365931751016],[-72.19442413302359,-17.71536593775819],[-72.19442120881114,-17.715366525832465],[-72.19441372601224,-17.715367020400496],[-72.1944136748873,-17.71536702384357],[-72.19439711385162,-17.71536815990997],[-72.19436605639441,-17.715366666392143],[-72.19428028689096,-17.715361560961163],[-72.19412976214632,-17.71535086348482],[-72.19412923768256,-17.71535083269537],[-72.19398914612765,-17.71534434101614],[-72.19391063495382,-17.715337527088938],[-72.19390822414853,-17.715337455168974],[-72.19386793538528,-17.71533856329074],[-72.19386366321308,-17.715339138477894],[-72.193823994973,-17.715348978047725],[-72.19382147302126,-17.715349796549468],[-72.19312557051235,-17.715632656269086],[-72.19302885546915,-17.71567092069925],[-72.19302738528162,-17.715671580881253],[-72.19294860285986,-17.71571140440498],[-72.19294603806698,-17.715713005432903],[-72.19290457836382,-17.715744560165678],[-72.19290311735688,-17.715745821595135],[-72.19285963303962,-17.7157884018922],[-72.19285898862287,-17.71578907315755],[-72.19277405982741,-17.71588323951771],[-72.19268687340147,-17.715962957733108],[-72.19259090368517,-17.716025722459545],[-72.19246371773725,-17.716049827397985],[-72.19234207112133,-17.71604166725504],[-72.19208816062785,-17.716019902119413],[-72.19208502754786,-17.71601986605912],[-72.19208197731842,-17.716020295459593],[-72.19207909725822,-17.716021178028424],[-72.19100561197662,-17.716448631687747],[-72.18727551481257,-17.717932826583333],[-72.18729315525083,-17.717962725846263],[-72.19102325441867,-17.716478529588166],[-72.19209250400263,-17.716052762385857],[-72.19234179104627,-17.71607413115886],[-72.19234218654043,-17.71607416137451],[-72.192466690822,-17.71608251319142],[-72.19247189730837,-17.716082208975404],[-72.19260524466392,-17.716056936275397],[-72.19260867937307,-17.71605594496042],[-72.19261176109931,-17.716054353498766],[-72.19271171966594,-17.715988980023443],[-72.1927137444162,-17.71598741175742],[-72.1928024079133,-17.715906342971863],[-72.19280343161462,-17.715905312833026],[-72.19288853386414,-17.715810954125576],[-72.19293099913675,-17.71576937167631],[-72.19297049157481,-17.71573931420912],[-72.19304718592919,-17.71570054616497],[-72.19314322365581,-17.715662549694482],[-72.19314337944914,-17.715662487215273],[-72.1938381416953,-17.71538009086559],[-72.19387443064264,-17.7153710895123],[-72.19391132110617,-17.715370074853297],[-72.1939890519927,-17.715376821047215],[-72.19398991003456,-17.71537687816544],[-72.19413016837353,-17.71538337755102],[-72.1942805532962,-17.71539406506627],[-72.19428079819184,-17.71539408105714],[-72.1943668114009,-17.715399200980922],[-72.19436705387251,-17.71539921402774],[-72.19439945863385,-17.715400772330714],[-72.19440189527988,-17.715400748248168],[-72.19441964132358,-17.715399530888956],[-72.19442843762022,-17.7153989495053],[-72.19443107027165,-17.715398600853906],[-72.19443527307627,-17.7153977556475],[-72.19443735099308,-17.715397341149153],[-72.19443782798761,-17.715397239777317],[-72.19443882124494,-17.715397015616535],[-72.19444136461549,-17.715396250858273],[-72.19444248072769,-17.71539582600135],[-72.19444296621228,-17.71539563311765],[-72.19444379736134,-17.71539528884438],[-72.19444616804917,-17.715394088333007],[-72.1944470355143,-17.71539356048317],[-72.19444764006789,-17.715393174432805],[-72.1944491411907,-17.715392169141644],[-72.19445233717656,-17.71539010375182],[-72.19445383450362,-17.715389009706755],[-72.19445986550976,-17.715384039750447],[-72.19446006581848,-17.715383871852605],[-72.19447185657933,-17.715373819584034],[-72.19447297226672,-17.715372767917277],[-72.19449012930771,-17.715354875063912],[-72.19449089395187,-17.71535401312027],[-72.1945302529957,-17.71530598987342],[-72.19460316576662,-17.71521889975349],[-72.19460362337732,-17.71521832432519],[-72.19467927276708,-17.71511809316501],[-72.19471224361398,-17.715075183384045],[-72.19473022221287,-17.715052697689032],[-72.19475072295474,-17.715037876557364],[-72.19479152920422,-17.715016958568043],[-72.19484216396054,-17.71499774278725],[-72.1949633561731,-17.714955318930873],[-72.19496376162569,-17.714955171617106],[-72.19558658553768,-17.7147205090964],[-72.19558812598066,-17.71471984477078],[-72.19752514828963,-17.71377293800187],[-72.19867034912794,-17.713323418985382],[-72.19961746152491,-17.71295165447072],[-72.19980320630508,-17.71287874515365],[-72.20055612458907,-17.712583206523473],[-72.20053864015692,-17.71255324762278],[-72.19978572185322,-17.712848786146807]]]]}},{"type":"Feature","properties":{"id":"street_sixthorbit","group":null,"name":"Sixth Orbit","settlement_id":"settlement_dimaeta","country_id":"country_tsutodo","district_id":null,"status":"active","surface":"paved","access":"public","bridge":null,"tunnel":null,"oneway":null,"route_id":null,"alt_name":null,"notes":null},"geometry":{"type":"MultiPolygon","coordinates":[[[[-72.19822736788441,-17.712605761709995],[-72.19804162807841,-17.71267866904648],[-72.19709451568265,-17.713050433417408],[-72.19594864496865,-17.71350021520369],[-72.19594810314767,-17.713500438141565],[-72.19569058666951,-17.713611363497748],[-72.19568978567813,-17.713611732513762],[-72.1953396997104,-17.71378383101025],[-72.19533894478313,-17.713784225568716],[-72.19516762623034,-17.713879266394805],[-72.19516592988855,-17.713880346128754],[-72.19501467920672,-17.71399022721652],[-72.19501412639514,-17.713990647473246],[-72.19490306194473,-17.714078977225324],[-72.19490195816047,-17.714079943238414],[-72.19475098609908,-17.714225338574337],[-72.19472858966274,-17.714236379865582],[-72.19456903813035,-17.71430606794885],[-72.19387932521686,-17.714596549441477],[-72.19387897320146,-17.714596702186245],[-72.19343964408927,-17.714793007812766],[-72.19254105736123,-17.71500257686092],[-72.19164621809563,-17.7151911063818],[-72.19164380878233,-17.715191781485075],[-72.19049405784425,-17.71559856183333],[-72.19049340011418,-17.715598808890345],[-72.18689882017843,-17.717029081871907],[-72.18691646036933,-17.717058981218326],[-72.1905107146521,-17.71562883726746],[-72.19165896294328,-17.715222588381568],[-72.19255276723749,-17.715034276782315],[-72.19255317351319,-17.715034186626035],[-72.19345371263462,-17.714824162106925],[-72.19345705631594,-17.714823041870797],[-72.1938978041651,-17.71462610224017],[-72.19458744819465,-17.71433564965353],[-72.19458766392694,-17.714335557117632],[-72.19474769616212,-17.71426565905088],[-72.19474843212937,-17.71426531720818],[-72.19477350429817,-17.71425295679504],[-72.19477568265405,-17.714251672882785],[-72.19477759458479,-17.71425010487751],[-72.1949298182824,-17.71410350409786],[-72.19504003353345,-17.714015849692238],[-72.19519019483235,-17.71390675999319],[-72.19536025342964,-17.713812418112898],[-72.19570956126341,-17.71364070208307],[-72.19596640263559,-17.71353006748969],[-72.19711199990564,-17.71308039286374],[-72.19805911230263,-17.712708628349095],[-72.19824485708277,-17.712635719032054],[-72.20024947891005,-17.71184749227132],[-72.20023197488732,-17.711817541078176],[-72.19822736788441,-17.712605761709995]]]]}},{"type":"Feature","properties":{"id":"street_dimaeta_oldwellthread","group":null,"name":"Old Well Thread","settlement_id":"settlement_dimaeta","country_id":"country_stsutodo","district_id":null,"status":"public","surface":"paved","access":"active","bridge":null,"tunnel":null,"oneway":null,"route_id":null,"alt_name":null,"notes":null},"geometry":{"type":"MultiPolygon","coordinates":[[[[-72.19304919958127,-17.719728132644395],[-72.19308665187896,-17.719691486091445],[-72.19312473625884,-17.719655499347798],[-72.19316344106035,-17.71962018334878],[-72.19320275443323,-17.719585548822835],[-72.19324266434123,-17.719551606288274],[-72.19328315856811,-17.719518366048383],[-72.19332422471783,-17.719485838191098],[-72.19336585022191,-17.719454032583226],[-72.19340802234183,-17.71942295886882],[-72.1934507281735,-17.719392626465723],[-72.19349395465045,-17.71936304456352],[-72.19353768855032,-17.719334222118945],[-72.19358191649636,-17.719306167855354],[-72.19362662496366,-17.719278890258405],[-72.19367180028281,-17.719252397574376],[-72.19371742864381,-17.71922669780752],[-72.19376349610178,-17.71920179871742],[-72.19380998858036,-17.719177707816943],[-72.19385689187693,-17.719154432369844],[-72.19390419166588,-17.71913197938924],[-72.19395187350541,-17.71911035563457],[-72.19399992284075,-17.7190895676102],[-72.19404832500834,-17.719069621564113],[-72.1940970652422,-17.719050523485006],[-72.19414612867723,-17.719032279101626],[-72.19419550035462,-17.719014893880757],[-72.19424516522676,-17.718998373025684],[-72.19429510816211,-17.718982721475026],[-72.19434531394896,-17.718967943901557],[-72.19439576730187,-17.718954044710728],[-72.1944464528653,-17.71894102803985],[-72.19449735521876,-17.71892889775707],[-72.19454845888289,-17.718917657460214],[-72.1945997483224,-17.71890731047641],[-72.19465120795118,-17.71889785986136],[-72.19470282213967,-17.718889308398225],[-72.19475457521577,-17.718881658597933],[-72.19480645147321,-17.718874912697988],[-72.19485843517371,-17.71886907266283],[-72.194910510554,-17.71886414018304],[-72.19496266182868,-17.718860116675593],[-72.19501487319594,-17.718857003283624],[-72.19506712884237,-17.718854800876493],[-72.19511941294672,-17.71885351004987],[-72.19517170968648,-17.718853131125897],[-72.19522400323989,-17.7188536641536],[-72.19527627779198,-17.718855108908993],[-72.19532851754,-17.718857464895603],[-72.19538070669579,-17.71886073134493],[-72.1954328294919,-17.718864907216975],[-72.19548487018494,-17.718869991200695],[-72.19553681306093,-17.718875981714955],[-72.19558864243965,-17.71888287690889],[-72.19564034267708,-17.71889067466286],[-72.19569189817251,-17.7188993725892],[-72.19574329337038,-17.718908968032988],[-72.19579451276616,-17.71891945807317],[-72.19584554090957,-17.71893083952332],[-72.19589636240896,-17.718943108932592],[-72.19594696193562,-17.718956262586946],[-72.1959973242279,-17.718970296510108],[-72.19604743409509,-17.718985206464673],[-72.19609727642121,-17.719000987953223],[-72.1961468361701,-17.71901763621974],[-72.19619609838874,-17.719035146250743],[-72.19624504821002,-17.719053512776163],[-72.19629367086071,-17.719072730271932],[-72.19634195166051,-17.71909279295963],[-72.19638987602964,-17.719113694809376],[-72.19643742949127,-17.71913542954049],[-72.19648459767632,-17.719157990623565],[-72.19653136632681,-17.719181371281646],[-72.19657772130066,-17.71920556449235],[-72.19662364857425,-17.71923056298872],[-72.19666913424864,-17.71925635926235],[-72.1967141645515,-17.719282945563915],[-72.196758725843,-17.7193103139063],[-72.19680280461787,-17.719338456065334],[-72.19684638751119,-17.719367363582997],[-72.19688946130108,-17.719397027768736],[-72.19693201291432,-17.719427439702685],[-72.19697402942771,-17.71945859023617],[-72.19701549807559,-17.71949046999681],[-72.19705640625016,-17.719523069387865],[-72.19709674150877,-17.719556378593797],[-72.19713649157448,-17.719590387579885],[-72.19717564434413,-17.719625086098542],[-72.19721418788752,-17.719660463688193],[-72.19725211045532,-17.719696509679455],[-72.19728940048023,-17.719733213195926],[-72.19732604658222,-17.71977056315857],[-72.19736203757161,-17.71980854828835],[-72.19739736245286,-17.719847157109264],[-72.19743201042844,-17.719886377952125],[-72.19746597090206,-17.71992619895752],[-72.197499233483,-17.719966608080146],[-72.19753178798756,-17.72000759309009],[-72.1975636244458,-17.72004914158025],[-72.19759473310198,-17.720091240966678],[-72.19762510441848,-17.720133878493005],[-72.19765472908088,-17.720177041236976],[-72.19768359799754,-17.720220716109008],[-72.19771170230699,-17.720264889862996],[-72.19773903337696,-17.720309549093717],[-72.19776558280991,-17.720354680245748],[-72.197791342445,-17.720400269615652],[-72.1978163043608,-17.720446303356432],[-72.19784046087705,-17.72049276748001],[-72.19786380455987,-17.72053964786653],[-72.19788632822168,-17.720586930263785],[-72.19790802492422,-17.72063460029272],[-72.19792888798207,-17.720682643454424],[-72.1979489109633,-17.72073104513121],[-72.19796808769266,-17.72077979059357],[-72.19798641225383,-17.720828865005167],[-72.19800387898945,-17.720878253422622],[-72.19802048250652,-17.72092794080902],[-72.19803621767447,-17.72097791202918],[-72.19805107962932,-17.721028151860956],[-72.19806506377431,-17.721078644996407],[-72.19807816578177,-17.721129376048985],[-72.19809038159417,-17.72118032955631],[-72.19810173593311,-17.72123161875702],[-72.1981381680958,-17.72122805606135],[-72.19812678512524,-17.721176637556333],[-72.19812672555398,-17.72117637917206],[-72.19811444771535,-17.72112516697273],[-72.1981143832304,-17.721124907991094],[-72.1981012142572,-17.721073917670143],[-72.19810114480602,-17.721073658133204],[-72.1980870887027,-17.72102290519586],[-72.19808701423207,-17.721022645148278],[-72.19807207527286,-17.720972145027584],[-72.19807199572897,-17.720971884516782],[-72.19805617845645,-17.72092165256889],[-72.19805609378503,-17.720921391645213],[-72.19803940300902,-17.720871443144734],[-72.19803931315562,-17.7208711818615],[-72.19802175395145,-17.720821531996876],[-72.1980216588614,-17.720821270410504],[-72.19800323656854,-17.72077193427935],[-72.19800313618725,-17.720771672449498],[-72.19798385640755,-17.72072266505404],[-72.19798375068065,-17.720722403043695],[-72.19796361927678,-17.720673739286195],[-72.19796350815034,-17.720673477161828],[-72.19794253124384,-17.720625171840013],[-72.19794241466457,-17.720624909671553],[-72.19792059863417,-17.72057697747422],[-72.19792047654954,-17.720576715335316],[-72.19789782802907,-17.720529170837743],[-72.19789770038763,-17.720528908805697],[-72.19787422626415,-17.720481766465355],[-72.19787409301573,-17.72048150462136],[-72.19784980042722,-17.720434778773317],[-72.19784966152324,-17.720434517202403],[-72.19782455785668,-17.720388222055135],[-72.19782441325022,-17.72038796084629],[-72.1977985061392,-17.720342110477322],[-72.19779835578548,-17.72034184972352],[-72.19777165310781,-17.720296458075136],[-72.19777149696434,-17.720296197873463],[-72.19774400683986,-17.72025127874842],[-72.19774384486678,-17.720251019199996],[-72.19771557565477,-17.72020658625738],[-72.19771540781507,-17.720206327467476],[-72.1976863681116,-17.720162394218498],[-72.19768619437151,-17.72016213629647],[-72.19765639300708,-17.72011871610047],[-72.19765621333629,-17.720118459159796],[-72.19762565937293,-17.72007556522002],[-72.19762547374495,-17.720075309378295],[-72.19759417647361,-17.720032954738105],[-72.19759398486613,-17.72003270011691],[-72.19756195380371,-17.719990897655507],[-72.1975617561988,-17.719990644380463],[-72.19752900108536,-17.719949406809175],[-72.19752879746996,-17.719949155009814],[-72.19749532826569,-17.719908494868314],[-72.19749511863176,-17.71990824467799],[-72.19746094551404,-17.719868174330223],[-72.19746072985903,-17.71986792588598],[-72.19742586321932,-17.71982845751663],[-72.1974256415463,-17.719828210959044],[-72.1973900919869,-17.71978935656974],[-72.1973898643052,-17.719789112042807],[-72.19735364263607,-17.719750883448455],[-72.19735340896118,-17.719750641099402],[-72.19731652619669,-17.719713049924636],[-72.19731628655092,-17.719712809903722],[-72.19727875390643,-17.71967586757927],[-72.19727850831897,-17.719675630039486],[-72.19724033720752,-17.7196393477989],[-72.19724008571485,-17.719639112895766],[-72.1972012877435,-17.71960350177179],[-72.19720103038962,-17.71960326966311],[-72.19716161735612,-17.719568340484436],[-72.19716135419269,-17.719568111329938],[-72.19712133808187,-17.719533874717904],[-72.19712106916855,-17.719533648678958],[-72.19708046214853,-17.719500115044273],[-72.19708018755314,-17.719499892283494],[-72.19703900197186,-17.71946707182317],[-72.19703872177055,-17.71946685250415],[-72.19699697015174,-17.71943475519823],[-72.19699668442914,-17.71943453948507],[-72.19695437946868,-17.719403175093795],[-72.19695408831805,-17.71940296315069],[-72.19691124288012,-17.71937234121141],[-72.19691094640335,-17.71937213320228],[-72.19686757351649,-17.719342263026544],[-72.19686727182422,-17.71934205911459],[-72.19682338467727,-17.71931294978539],[-72.1968230778889,-17.719312750132616],[-72.19677868982716,-17.71928441050159],[-72.19677837807073,-17.719284215268353],[-72.19673350259187,-17.71925665395306],[-72.19673318600417,-17.71925646329766],[-72.19668783675391,-17.719229688678954],[-72.1966875154802,-17.719229502757038],[-72.19664170624843,-17.719203522976645],[-72.19664138044241,-17.719203341940837],[-72.19659512515894,-17.7191781648987],[-72.19659479498254,-17.719177988898096],[-72.19654810771269,-17.71915362225011],[-72.19654777333578,-17.719153451429765],[-72.19650066827633,-17.719129902585408],[-72.19650032987657,-17.71912973708593],[-72.19645282135129,-17.719107013205942],[-72.19645247911373,-17.719106853162966],[-72.19640458156906,-17.719084961157296],[-72.1964042356858,-17.719084806701137],[-72.19635596368654,-17.719063753226724],[-72.19635561435635,-17.719063604481825],[-72.19630698258115,-17.719043395940684],[-72.19630663000912,-17.71904325302532],[-72.19625765324594,-17.719023895562472],[-72.19625729764287,-17.719023758588282],[-72.19620799078477,-17.719005258090014],[-72.19620763236682,-17.719005127161658],[-72.196158010407,-17.71898748925364],[-72.19615764939516,-17.71898736446857],[-72.19610772742281,-17.718970594514143],[-72.19610736404228,-17.71897047596211],[-72.19605715723776,-17.718954579060696],[-72.1960567917174,-17.718954466823597],[-72.19600631534762,-17.718939447809205],[-72.19600594791945,-17.718939341960873],[-72.19595521733336,-17.718925205400488],[-72.19595484823185,-17.718925106006367],[-72.19590387885583,-17.718911856198673],[-72.19590350831733,-17.718911763315777],[-72.19585231565007,-17.718899404289818],[-72.1958519439123,-17.718899317966574],[-72.1958005435206,-17.718887853480474],[-72.19580017082184,-17.718887773756585],[-72.1957485783356,-17.71887720729652],[-72.1957482049141,-17.718877134202973],[-72.19569643602172,-17.718867468982026],[-72.19569606211525,-17.718867402541093],[-72.19564413255867,-17.718858641498215],[-72.1956437584037,-17.718858581723435],[-72.19559168397376,-17.718850727522785],[-72.19559130980508,-17.718850674419063],[-72.19553910633658,-17.71884372944895],[-72.19553873238654,-17.71884368301267],[-72.19548641575369,-17.7188376493849],[-72.19548604225163,-17.71883760960411],[-72.19543362836295,-17.718832489153424],[-72.19543325553485,-17.718832456007892],[-72.19538076032848,-17.71882825029136],[-72.19538038839629,-17.718828223752944],[-72.19532782783496,-17.718824934049437],[-72.1953274570162,-17.718824914082205],[-72.19527484708267,-17.71882254139204],[-72.19527447758986,-17.71882252795261],[-72.19522183428187,-17.71882107299731],[-72.19522146632231,-17.718821066035122],[-72.1951688056477,-17.718820529257098],[-72.19516843942289,-17.71882052871469],[-72.19511577739483,-17.71882091027719],[-72.19511541310023,-17.718820916090646],[-72.19506276573225,-17.71882221587764],[-72.19506240355688,-17.71882222797683],[-72.19500978685815,-17.718824445593068],[-72.19500942698443,-17.71882446390208],[-72.19495685695468,-17.71882759867325],[-72.19495649955817,-17.718827623110787],[-72.19490399218297,-17.718831674083635],[-72.19490363743208,-17.71883170456334],[-72.19485120867797,-17.7188366705061],[-72.19485085673388,-17.71883670693699],[-72.19479852254351,-17.718842586339566],[-72.19479817355993,-17.718842628626508],[-72.1947459498472,-17.718849419701122],[-72.1947456039705,-17.7188494677451],[-72.19469350661562,-17.71885716842668],[-72.19469316398455,-17.718857222125276],[-72.19464120882945,-17.718865830072208],[-72.19464086957518,-17.718865889320018],[-72.19458907241844,-17.71887540191477],[-72.19458873666461,-17.71887546660374],[-72.1945371132568,-17.718885880953728],[-72.19453678111957,-17.718885950973537],[-72.19448534715839,-17.718897263911938],[-72.19448501874648,-17.718897339150445],[-72.19443378987214,-17.718909547237214],[-72.19443346528678,-17.71890962758076],[-72.19438245707703,-17.718922727103642],[-72.19438213641234,-17.718922812437384],[-72.19433136437782,-17.718936799413054],[-72.19433104772075,-17.71893688962142],[-72.1942805273003,-17.718951759796685],[-72.19428021473088,-17.718951854763546],[-72.19422996128688,-17.718967603616687],[-72.19422965287836,-17.718967703225747],[-72.19417968169196,-17.718984325967813],[-72.19417937751095,-17.71898443010291],[-72.19412970377745,-17.719001921679205],[-72.19412940388422,-17.719002030224548],[-72.19408004270856,-17.71902038531626],[-72.19407974715725,-17.719020498156716],[-72.1940307135492,-17.71903971118236],[-72.19403042238797,-17.71903982820373],[-72.19398173125775,-17.719059893320978],[-72.19398144452909,-17.719060014410115],[-72.19393311068289,-17.719080925517556],[-72.19393282842381,-17.719081050562657],[-72.19388486655899,-17.719102801301577],[-72.19388458880135,-17.719102930192406],[-72.19383701350226,-17.719125513948832],[-72.19383674027289,-17.71912564657678],[-72.19378956600634,-17.719149056483385],[-72.19378929732747,-17.719149192741735],[-72.1937425384383,-17.71917342168],[-72.19374227432765,-17.71917356146402],[-72.1936959450343,-17.71919860206638],[-72.19369568550546,-17.71919874527346],[-72.19364979989595,-17.7192245899255],[-72.19364954495856,-17.719224736455253],[-72.1936041169858,-17.719251377298104],[-72.19360386664576,-17.719251527052478],[-72.19355891012363,-17.71927895598515],[-72.19355866438356,-17.719279108868523],[-72.19351419298243,-17.719307317550356],[-72.19351395184167,-17.719307473469584],[-72.19346997908458,-17.719336453322857],[-72.19346974253955,-17.71933661218734],[-72.19342628179773,-17.719366354399803],[-72.19342604984216,-17.71936651612152],[-72.19338311433128,-17.71939701164911],[-72.19338288695641,-17.719397176142706],[-72.1933404897324,-17.719428415712294],[-72.19334026692724,-17.71942858289503],[-72.19329842088236,-17.719460557007206],[-72.19329820263388,-17.71946072679904],[-72.19325692049267,-17.71949342573106],[-72.193256706786,-17.719493598054616],[-72.19321600110165,-17.719527011863352],[-72.19321579192038,-17.719527186643926],[-72.19317567507073,-17.719561305168863],[-72.19317547039691,-17.719561482334417],[-72.19313595458081,-17.719596295200706],[-72.19313575439537,-17.71959647468187],[-72.19309685162882,-17.719631971303563],[-72.19309665591157,-17.719632153033597],[-72.19305837802426,-17.7196683226168],[-72.1930581867542,-17.719668506531544],[-72.19302054538566,-17.719705338077755],[-72.19302035854099,-17.719705524115625],[-72.19298336513737,-17.719743006425063],[-72.19301229870103,-17.719765521217887],[-72.19304919958127,-17.719728132644395]]]]}},{"type":"Feature","properties":{"id":"street_dimaeta_stsutodo_pottersthread","group":null,"name":"Potter's Thread","settlement_id":"settlement_dimaeta","country_id":"country_stsutodo","district_id":null,"status":"active","surface":"paved","access":"public","bridge":null,"tunnel":null,"oneway":null,"route_id":null,"alt_name":null,"notes":null},"geometry":{"type":"MultiPolygon","coordinates":[[[[-72.19364451410394,-17.720616591751046],[-72.1937426073652,-17.720571378011453],[-72.19384139215545,-17.720527700775914],[-72.19394084439615,-17.720485570621737],[-72.19404093984964,-17.720444997747695],[-72.19414165412279,-17.720405991972555],[-72.19424296267653,-17.720368562731384],[-72.19434484082912,-17.72033271907461],[-72.19444740093039,-17.720298423797793],[-72.19444847254714,-17.720298027902952],[-72.19450854894657,-17.72027365774563],[-72.19456888308996,-17.72025035306325],[-72.19462959718619,-17.720228063866674],[-72.19469067413932,-17.720206796347135],[-72.19475209675502,-17.72018655640722],[-72.19481384774646,-17.72016734965899],[-72.19487590973932,-17.720149181422695],[-72.19493826527528,-17.72013205672597],[-72.19500089682033,-17.720115980301667],[-72.19506378676579,-17.72010095658782],[-72.19512691743701,-17.72008698972588],[-72.19519027109617,-17.720074083560156],[-72.19525382994883,-17.720062241636846],[-72.19531757614722,-17.7200514672035],[-72.19538149179733,-17.72004176320826],[-72.19544555896331,-17.720033132299207],[-72.19550975967157,-17.72002557682418],[-72.1955740759173,-17.720019098830253],[-72.1956379212707,-17.72001374770313],[-72.19572649236284,-17.72001271866262],[-72.19572684348164,-17.72001271163045],[-72.19581613227133,-17.720010170929044],[-72.19581648137955,-17.72001015805704],[-72.19590571476803,-17.720006115102528],[-72.19590606170286,-17.720006096459908],[-72.19599521441698,-17.720000552397334],[-72.19599555902165,-17.72000052805796],[-72.19608460581125,-17.71999348445756],[-72.19608494793515,-17.71999345449957],[-72.1961738635799,-17.71998491335628],[-72.19617420307875,-17.71998487786178],[-72.19626296239552,-17.719974841594663],[-72.19626329913143,-17.719974800649442],[-72.19635187698145,-17.719963272101023],[-72.19635221082302,-17.719963225794135],[-72.19644058211884,-17.719950208229594],[-72.19644091294126,-17.719950156653077],[-72.1965290526539,-17.71993565375932],[-72.19652938033889,-17.719935597007805],[-72.19661726350506,-17.719919612892376],[-72.19661758794086,-17.71991955106282],[-72.19670518966976,-17.71990209025288],[-72.19670551075116,-17.719902023444202],[-72.19679280623194,-17.719883090885105],[-72.19679312386022,-17.7198830191979],[-72.19688008836862,-17.71986262025176],[-72.1968804024515,-17.719862543787986],[-72.19696701135693,-17.719840684232295],[-72.19696732180834,-17.719840603094966],[-72.19705355058112,-17.719817289120932],[-72.19705385732127,-17.719817203413825],[-72.1971396815392,-17.719792441624527],[-72.19713998449431,-17.719792351451897],[-72.19722537984988,-17.719766148860547],[-72.19722624047155,-17.719765861606927],[-72.19899681290813,-17.719126047121197],[-72.19898025545288,-17.719095738296744],[-72.19721010813721,-17.71973539889523],[-72.19712529913598,-17.719761421557916],[-72.19703977978388,-17.71978609537548],[-72.19695385962683,-17.719809325895312],[-72.1968675630099,-17.71983110661859],[-72.1967809143797,-17.719851431457585],[-72.19669393827807,-17.71987029473724],[-72.19660665933348,-17.719887691196796],[-72.19651910225481,-17.719903615990734],[-72.19643129182415,-17.71991806468996],[-72.19634325289046,-17.719931033282638],[-72.1962550103605,-17.719942518175426],[-72.19616658919395,-17.71995251619365],[-72.1960780143944,-17.71996102458233],[-72.1959893110047,-17.71996804100632],[-72.19590050409711,-17.719973563550944],[-72.19581161876805,-17.719977590722063],[-72.19572268013111,-17.71998012144614],[-72.19563353697849,-17.719981157119065],[-72.19563204975182,-17.719981227780416],[-72.19556729464207,-17.71998665514795],[-72.19556695455687,-17.719986686521572],[-72.19550229952588,-17.71999319862852],[-72.19550196208411,-17.719993235472586],[-72.19543742530146,-17.720000830488896],[-72.19543709063767,-17.720000872717687],[-72.19537269023972,-17.72000954850898],[-72.19537235848195,-17.720009596033623],[-72.19530811256683,-17.720019350161813],[-72.19530778383677,-17.720019402890646],[-72.19524371045911,-17.720030232614537],[-72.19524338487184,-17.72003029045338],[-72.1951795020378,-17.720042192729633],[-72.19517917970214,-17.7200422555821],[-72.19511550536436,-17.72005522706584],[-72.19511518638257,-17.72005529483372],[-72.19505173843503,-17.720069331879703],[-72.19505142290312,-17.720069404463185],[-72.1949882191763,-17.72008450312662],[-72.19498790718393,-17.720084580424686],[-72.19492496543951,-17.72010073646249],[-72.1949246570702,-17.72010081837309],[-72.19486199499636,-17.720118027245046],[-72.19486169032747,-17.720118113665496],[-72.1947993255338,-17.7201363705355],[-72.19479902463685,-17.720136461362618],[-72.19473697464939,-17.720155761100035],[-72.19473667759004,-17.720155856230512],[-72.19467495984628,-17.72017619341169],[-72.19467466668453,-17.720176292742295],[-72.19461329852865,-17.72019766165197],[-72.19461300931911,-17.720197765079746],[-72.19455200799707,-17.72022015971275],[-72.19455172278894,-17.72022026713524],[-72.19449110544353,-17.72024368119814],[-72.19449082428099,-17.72024379251364],[-72.19443113495247,-17.720268005645483],[-72.19432898294679,-17.72030216444327],[-72.19432871097241,-17.720302257751253],[-72.19422656254602,-17.72033819648287],[-72.19422629400275,-17.720338293321653],[-72.19412471862533,-17.72037582112766],[-72.19412445355215,-17.720375921414774],[-72.19402347594264,-17.720415029162584],[-72.19402321437474,-17.720415132816104],[-72.19392285910634,-17.720455810988724],[-72.19392260107524,-17.720455917927424],[-72.19382289256978,-17.72049815662569],[-72.19382263810348,-17.72049826676914],[-72.19372360062546,-17.720542055714063],[-72.19372334974851,-17.72054216898276],[-72.19362500739912,-17.720587497518203],[-72.19362476013285,-17.720587613833683],[-72.19352713684401,-17.720634470928683],[-72.19354701385153,-17.72066338980665],[-72.19364451410394,-17.720616591751046]]]]}},{"type":"Feature","properties":{"id":"street_dimaeta_stsutodo_littlemarkettrace","group":null,"name":"Little Market Trace","settlement_id":"settlement_dimaeta","country_id":"country_tsutodo","district_id":null,"status":"active","surface":"paved","access":"public","bridge":null,"tunnel":null,"oneway":null,"route_id":null,"alt_name":null,"notes":null},"geometry":{"type":"MultiPolygon","coordinates":[[[[-72.19422394735909,-17.72134082602322],[-72.19444084418105,-17.721254748996238],[-72.19465919880545,-17.721172447358033],[-72.19487909556483,-17.72109389218102],[-72.19487999034668,-17.721093545636535],[-72.1951814566074,-17.72096746318474],[-72.19518220770831,-17.720967128403018],[-72.19521343807459,-17.72095232543523],[-72.19521407320053,-17.720952008348505],[-72.1952368718399,-17.72094003462842],[-72.19525974025419,-17.7209285280272],[-72.19528280344234,-17.720917422646167],[-72.19530605434379,-17.720906721789454],[-72.19532948584423,-17.72089642863538],[-72.19535309077766,-17.720886546235977],[-72.19537686193082,-17.72087707751524],[-72.19540079204182,-17.720868025270022],[-72.19542487380733,-17.720859392167423],[-72.19544909988097,-17.720851180745875],[-72.195473462878,-17.720843393413574],[-72.19549795537718,-17.720836032448325],[-72.1955225699238,-17.720829099996873],[-72.19554729903048,-17.720822598075102],[-72.19557213518222,-17.720816528566743],[-72.19559707083614,-17.72081089322403],[-72.19562209842597,-17.72080569366691],[-72.1956472103643,-17.72080093138288],[-72.19567239904289,-17.720796607727305],[-72.19569765683832,-17.720792723922774],[-72.19572297611154,-17.720789281059602],[-72.1957483492121,-17.720786280095396],[-72.19577376847914,-17.720783721855522],[-72.19579922624492,-17.720781607032997],[-72.19582471483653,-17.720779936188606],[-72.19585022657755,-17.720778709751386],[-72.1958757537911,-17.72077792801852],[-72.19590128880202,-17.720777591155898],[-72.1959268239384,-17.72077769919825],[-72.19595235153467,-17.720778252049517],[-72.19597786393159,-17.72077924948323],[-72.19600335348142,-17.720780691142952],[-72.196028812547,-17.7207825765425],[-72.19605423350569,-17.72078490506669],[-72.19607960874997,-17.720787675971437],[-72.19610493069021,-17.72079088838438],[-72.19613019175638,-17.720794541305438],[-72.19615538439929,-17.720798633607004],[-72.19618050109285,-17.720803164034702],[-72.19620553433597,-17.720808131207715],[-72.19623047665445,-17.720813533619356],[-72.19625532060198,-17.720819369637596],[-72.19628005876233,-17.720825637505367],[-72.19630468375124,-17.720832335341186],[-72.19632918821758,-17.72083946113969],[-72.19635356484577,-17.72084701277214],[-72.19637780635675,-17.72085498798677],[-72.19640190551003,-17.7208633844094],[-72.19642585510522,-17.72087219954396],[-72.19644964798404,-17.72088143077299],[-72.19647327703127,-17.720891075357923],[-72.1964967351779,-17.720901130440218],[-72.196520015401,-17.72091159304116],[-72.19654311072688,-17.720922460062784],[-72.19656601423236,-17.720933728288617],[-72.19658871904656,-17.720945394383936],[-72.19661121835225,-17.72095745489631],[-72.1966335053887,-17.720969906256663],[-72.19665557345292,-17.720982744779757],[-72.19667741590139,-17.720995966664724],[-72.19669902615185,-17.72100956799569],[-72.19672039768604,-17.721023544743172],[-72.19674152405008,-17.721037892763764],[-72.19676239885881,-17.72105260780257],[-72.1967830157948,-17.7210676854923],[-72.19680336861279,-17.72108312135565],[-72.1968234511407,-17.721098910805658],[-72.19684325728052,-17.721115049146036],[-72.19686278101318,-17.721131531574404],[-72.19688201639698,-17.721148353180407],[-72.19690095757245,-17.72116550894945],[-72.19691959876333,-17.72118299376296],[-72.19693793427804,-17.7212008023994],[-72.19695595851185,-17.721218929535404],[-72.19697366595027,-17.721237369748767],[-72.19699105116892,-17.72125611751795],[-72.19700810883646,-17.721275167224274],[-72.19702483371692,-17.721294513154017],[-72.19704122067105,-17.72131414949949],[-72.19705726465824,-17.721334070360854],[-72.197072960738,-17.721354269746822],[-72.1970883040734,-17.72137474157913],[-72.19710328993018,-17.72139547969043],[-72.19711791368105,-17.721416477829617],[-72.19713217080582,-17.721437729661492],[-72.19714605689424,-17.721459228770467],[-72.19715956764645,-17.72148096866065],[-72.1971726988748,-17.72150294275825],[-72.19718544650722,-17.72152514441643],[-72.1971978065852,-17.72154756691156],[-72.19720984418359,-17.721570333790744],[-72.19724329955798,-17.721558732490404],[-72.1972311926756,-17.72153583457579],[-72.19723105164145,-17.721535573375576],[-72.1972185476774,-17.72151288985783],[-72.19721840093304,-17.72151262905524],[-72.19720550368265,-17.72149016681963],[-72.19720535118431,-17.721489906509113],[-72.19719206456243,-17.72146767237378],[-72.19719190626871,-17.721467412653627],[-72.19717823430828,-17.72144541336741],[-72.1971780701805,-17.721445154340167],[-72.19716401703148,-17.72142339658066],[-72.19716384703395,-17.721423138352858],[-72.19714941696198,-17.72140162872437],[-72.19714924106236,-17.72140137140674],[-72.19713443844753,-17.721380116438144],[-72.19713425661699,-17.721379860145387],[-72.19711908595234,-17.7213588662884],[-72.1971188981661,-17.721358611139408],[-72.19710336405653,-17.721337884766434],[-72.19710317029397,-17.72133763088402],[-72.19708727745467,-17.72131717828626],[-72.19708707769975,-17.721316925797264],[-72.19707083095476,-17.72129675318281],[-72.19707062519629,-17.7212965022178],[-72.19705402947707,-17.721276615709815],[-72.19705381770916,-17.72127636640331],[-72.19703687805317,-17.72125677203802],[-72.1970366602754,-17.721256524528016],[-72.19701938182439,-17.721237228253063],[-72.19701915804217,-17.721236982681127],[-72.19700154604078,-17.721217990353644],[-72.19700131626571,-17.721217746864603],[-72.19698337605982,-17.72119906424945],[-72.19698314030995,-17.721198822991393],[-72.19696487734514,-17.721180455759402],[-72.19696463564526,-17.721180216883166],[-72.19694605546496,-17.721162170609446],[-72.19694580784694,-17.721161934268647],[-72.19692691609085,-17.721144214430982],[-72.19692666259392,-17.721143980781623],[-72.19690746499649,-17.721126592758573],[-72.19690720566727,-17.72112636195876],[-72.19688770805556,-17.72110931102821],[-72.19688744294868,-17.721109083237963],[-72.19686765124105,-17.72109237457552],[-72.19686738041895,-17.721092149956224],[-72.19684730062278,-17.721075788633602],[-72.19684702415633,-17.72107556734792],[-72.1968266623666,-17.721059558331337],[-72.19682638033484,-17.721059340542585],[-72.1968057427322,-17.72104368869138],[-72.19680545522272,-17.72104347456333],[-72.19678454807128,-17.721028184628395],[-72.19678425518033,-17.721027974324794],[-72.19676308482627,-17.721013050947192],[-72.1967627866587,-17.721012844631286],[-72.19674135952798,-17.7209982923408],[-72.19674105619738,-17.720998090174938],[-72.19671937879386,-17.72098391338876],[-72.19671907042249,-17.720983715533983],[-72.19669714932611,-17.72096991855525],[-72.19669683604495,-17.720969725170793],[-72.19667467790956,-17.720956312187397],[-72.19667435985812,-17.72095612343019],[-72.19665197140947,-17.720943098513466],[-72.19665164873581,-17.720942914537726],[-72.19662903676968,-17.720930281641206],[-72.19662870963006,-17.720930102597862],[-72.19660588100993,-17.720917865556107],[-72.19660554956882,-17.720917691592483],[-72.19658251122412,-17.720905854119874],[-72.1965821756538,-17.720905685379073],[-72.19655893457737,-17.72089425106872],[-72.19655859505772,-17.720894087689196],[-72.19653515830419,-17.720883060011836],[-72.19653481502245,-17.720882902127006],[-72.19651118970565,-17.720872284429923],[-72.1965108428558,-17.720872132167685],[-72.19648703614692,-17.720861927673727],[-72.19648668592954,-17.72086178115602],[-72.19646270505474,-17.720851992962675],[-72.19646235167656,-17.720851852305085],[-72.19643820391491,-17.7208424833834],[-72.19643784758811,-17.72084234869485],[-72.1964135402694,-17.72083340188865],[-72.19641318121135,-17.720833273270927],[-72.19638872171367,-17.72082475129589],[-72.1963883601464,-17.720824628843516],[-72.1963637558941,-17.720816534286357],[-72.19636339204355,-17.72081641808604],[-72.19633865050503,-17.72080875340375],[-72.19633828460063,-17.720808643534355],[-72.19631341328567,-17.720801411053493],[-72.19631304555983,-17.72080130758564],[-72.19628805201789,-17.720794509501506],[-72.19628768270523,-17.720794412497572],[-72.19626257452278,-17.720788050873615],[-72.1962622038595,-17.72078796038742],[-72.19623698865769,-17.720782037154613],[-72.19623661688112,-17.720781953231377],[-72.19621130231377,-17.72077647018775],[-72.19621092966175,-17.720776392864025],[-72.1961855234127,-17.72077135167374],[-72.19618515012269,-17.72077128097736],[-72.19615965990367,-17.7207666831707],[-72.19615928621248,-17.72076661912082],[-72.19613371976075,-17.72076246609337],[-72.19613334590365,-17.720762408700473],[-72.19610771097953,-17.720758701712803],[-72.19610733718993,-17.720758650978823],[-72.19608164157454,-17.72075539115616],[-72.19608126808316,-17.720755347074572],[-72.19605551957605,-17.72075253540638],[-72.19605514661063,-17.72075249796235],[-72.19602935302744,-17.720750135302122],[-72.19602898081197,-17.720750104472742],[-72.196003149982,-17.720748191537588],[-72.19600277873641,-17.720748167292065],[-72.19597691850021,-17.72074670466263],[-72.19597654843975,-17.720746686962528],[-72.1959506666469,-17.72074567508279],[-72.19595029798181,-17.720745663882354],[-72.19592440248832,-17.720745103059457],[-72.19592403542337,-17.720745098305837],[-72.19589813408952,-17.720744988710017],[-72.19589776882368,-17.720744990343707],[-72.19587186951146,-17.72074533200823],[-72.19587150623752,-17.7207453399633],[-72.19584561680833,-17.72074613278447],[-72.1958452557127,-17.720746146988954],[-72.19581938402484,-17.72074739072609],[-72.19581902528708,-17.720747411102423],[-72.19579317919366,-17.720749105378058],[-72.1957928229865,-17.72074913184339],[-72.19576701033269,-17.720751276143183],[-72.19576665682162,-17.720751308609795],[-72.1957408854425,-17.72075390228295],[-72.19574053478587,-17.72075394065867],[-72.19571481250402,-17.720756982917887],[-72.19571446485268,-17.720757027106437],[-72.19568879947572,-17.72076051702826],[-72.19568845497304,-17.720760566929755],[-72.19566285429143,-17.72076450345489],[-72.1956625130733,-17.720764558966106],[-72.1956369848577,-17.72076894089969],[-72.19563664705248,-17.720769001914558],[-72.19561119905163,-17.72077382792649],[-72.19561086478015,-17.72077389433647],[-72.1955855047185,-17.720779162961858],[-72.19558517409409,-17.720779234656288],[-72.19555990966931,-17.72078494429599],[-72.19555958279796,-17.720785021162442],[-72.19553442167877,-17.720791170083277],[-72.19553409865911,-17.720791252008006],[-72.19550904848278,-17.720797838343614],[-72.19550872940627,-17.720797925211805],[-72.19548379777645,-17.720804946963],[-72.19548348272755,-17.720805038659098],[-72.19545867721196,-17.720812493694517],[-72.19545836626823,-17.720812590102657],[-72.19543369439616,-17.72082047615939],[-72.1954333876285,-17.720820577163586],[-72.19540885688882,-17.720828891847944],[-72.19540855436156,-17.720828997332433],[-72.19538417220022,-17.72083773812066],[-72.19538387397147,-17.720837847970138],[-72.1953596477894,-17.720847012209024],[-72.19535935391119,-17.720847126308918],[-72.19533529106185,-17.720856711216808],[-72.19533500158037,-17.72085682945352],[-72.19531110936774,-17.720866832121065],[-72.19531082432354,-17.720866954382203],[-72.19528710999985,-17.720877371773195],[-72.19528682942823,-17.720877497947686],[-72.19526330019153,-17.720888326900095],[-72.19526302412255,-17.720888456878505],[-72.19523968711492,-17.720899694105324],[-72.19523941557392,-17.72089982777993],[-72.19521627787891,-17.720911469870263],[-72.19521601088654,-17.72091160713525],[-72.19519339282954,-17.720923486010726],[-72.19516285457844,-17.720937960916135],[-72.19486221006322,-17.72106369964276],[-72.19464261787589,-17.721142145982732],[-72.19464232072086,-17.721142255048207],[-72.19442367107139,-17.721224667853594],[-72.19442337822449,-17.72122478113852],[-72.19420619070786,-17.721310973496834],[-72.19420590221505,-17.72131109088907],[-72.19399024215849,-17.721401036874717],[-72.19400843085633,-17.72143071216941],[-72.19422394735909,-17.72134082602322]]]]}},{"type":"Feature","properties":{"id":"street_dimaeta_tsutodo_datepalmveil","group":null,"name":"Date Palm Veil","settlement_id":"settlement_dimaeta","country_id":"country_tsutodo","district_id":null,"status":"active","surface":"paved","access":"public","bridge":null,"tunnel":null,"oneway":null,"route_id":null,"alt_name":null,"notes":null},"geometry":{"type":"MultiPolygon","coordinates":[[[[-72.1958626439888,-17.72200408111176],[-72.19582034071603,-17.72195166924125],[-72.1957789437859,-17.72189853541071],[-72.19573846552093,-17.72184469529564],[-72.19569891797376,-17.72179016478374],[-72.19566031292491,-17.721734959972274],[-72.19562266187727,-17.721679097160994],[-72.19558597605409,-17.7216225928499],[-72.19555026639351,-17.72156546373095],[-72.1955155435479,-17.721507726688255],[-72.19548181787646,-17.72144939878634],[-72.19544909944591,-17.721390497271674],[-72.19541739802447,-17.721331039562784],[-72.19538672307976,-17.721271043246794],[-72.19535708377614,-17.721210526075016],[-72.19532848897079,-17.7211495059556],[-72.1953009472115,-17.72108800094926],[-72.19527446673442,-17.721026029265285],[-72.19524905546034,-17.720963609252987],[-72.19522472099226,-17.720900759397157],[-72.19520147061422,-17.720837498314776],[-72.19517931128797,-17.7207738447474],[-72.19515824965039,-17.720709817554233],[-72.19513829201217,-17.72064543570862],[-72.19511944435615,-17.720580718293522],[-72.19510171233385,-17.72051568449066],[-72.19508510126535,-17.72045035358018],[-72.1950696161365,-17.72038474493107],[-72.19505526159799,-17.720318877997943],[-72.19504204196387,-17.72025277231448],[-72.19502996120924,-17.720186447484142],[-72.19501902297056,-17.72011992318047],[-72.19500923054309,-17.720053219136087],[-72.19500058688078,-17.719986355139103],[-72.19499309459472,-17.71991935102494],[-72.19498675595281,-17.719852226675087],[-72.19498157287862,-17.719785002004322],[-72.19497754695114,-17.719717696960682],[-72.19497467940405,-17.71965033151617],[-72.19497297112542,-17.719582925662305],[-72.1949724226573,-17.719515499401588],[-72.19497303419573,-17.719448072746378],[-72.19497480559049,-17.719380665707302],[-72.19497773634532,-17.71931329829002],[-72.19498182561779,-17.719245990490133],[-72.19498707221973,-17.71917876228528],[-72.19499347461763,-17.7191116336292],[-72.19500103093287,-17.719044624447204],[-72.19500973894246,-17.718977754629247],[-72.19501959607959,-17.71891104402397],[-72.1950304999231,-17.71884511412558],[-72.19503504669444,-17.718828649464566],[-72.1950351085271,-17.71882841770053],[-72.19503954888103,-17.7188111718774],[-72.19503960669236,-17.71881093895232],[-72.1950437456633,-17.718793618326487],[-72.19504379944465,-17.718793384253296],[-72.19504763577415,-17.71877599409126],[-72.19504768551518,-17.71877575888246],[-72.19505121803678,-17.718758304471812],[-72.1950512637253,-17.71875806813973],[-72.19505449136487,-17.71874055478759],[-72.19505453298696,-17.718740317344626],[-72.19505745476316,-17.718722750376102],[-72.195057492303,-17.7187225118345],[-72.1950601073274,-17.718704896590896],[-72.1950601407674,-17.71870465696307],[-72.19506244824495,-17.718686998800415],[-72.19506247756568,-17.718686758098915],[-72.19506447679474,-17.718669062386333],[-72.19506450197501,-17.718668820623982],[-72.1950661923477,-17.718651092741965],[-72.19506621336436,-17.718650849931986],[-72.1950675943667,-17.71863309527081],[-72.19506761119497,-17.718632851426843],[-72.19506868240708,-17.718615075384914],[-72.19506869502024,-17.71861483052112],[-72.19506945611641,-17.71859703850338],[-72.19506946448597,-17.7185967926346],[-72.19506991523475,-17.718578990050865],[-72.19506991933048,-17.718578743192726],[-72.19507005959487,-17.718560935455955],[-72.19507005938472,-17.718560687624805],[-72.19506988912205,-17.718542880149556],[-72.19506988457229,-17.718542631362794],[-72.19506940383431,-17.718524829563567],[-72.19506939490952,-17.718524579839585],[-72.19506860384243,-17.718506789129172],[-72.19506859050546,-17.71850653848756],[-72.1950674893498,-17.71848876427529],[-72.19506747156188,-17.718488512736773],[-72.19506606065241,-17.718470760427063],[-72.19506603837323,-17.71847050801394],[-72.195064318139,-17.718452783004476],[-72.1950642913266,-17.718452529740325],[-72.19506226229066,-17.718434837420535],[-72.1950622309017,-17.718434583330662],[-72.19505989368098,-17.718416929080014],[-72.19505985767061,-17.718416674191374],[-72.19505721297575,-17.71839906337774],[-72.19505717229787,-17.718398807719073],[-72.195054220933,-17.718381245697138],[-72.19505417554005,-17.718380989299177],[-72.19505091840259,-17.718363481408826],[-72.19505086824593,-17.7183632243043],[-72.1950473063262,-17.718345775868947],[-72.19504725135602,-17.718345518092878],[-72.19504338573708,-17.718328134417753],[-72.19504332590256,-17.718327876007297],[-72.19503915775978,-17.718310562378115],[-72.19503909300919,-17.71831030337293],[-72.19503462360987,-17.718293065053953],[-72.19503455389064,-17.71829280549622],[-72.1950297845938,-17.718275647728913],[-72.19502970985265,-17.71827538766344],[-72.19502464210838,-17.718258315664738],[-72.19502456229155,-17.71825805513907],[-72.19501919764072,-17.718241074099833],[-72.19501911269397,-17.718240813164492],[-72.19501345276774,-17.718223928247895],[-72.19501336263659,-17.718223666956415],[-72.195007409156,-17.71820688329644],[-72.19500731378572,-17.71820662170528],[-72.19500106856087,-17.718189944405115],[-72.19500096789702,-17.71818968257424],[-72.19499443282686,-17.71817311670478],[-72.19499432681509,-17.71817285469728],[-72.19498750388661,-17.71815640529543],[-72.19498739247302,-17.718156143177907],[-72.19498028376076,-17.71813981524526],[-72.1949801668921,-17.71813955308795],[-72.19497277455756,-17.71812335158905],[-72.19497265218139,-17.718123089465728],[-72.19496497847229,-17.718107019326855],[-72.19496485053725,-17.71810675731503],[-72.19495689778675,-17.718090823422337],[-72.19495676424279,-17.718090561603344],[-72.19494853486904,-17.718074768801685],[-72.19494839566762,-17.718074507260788],[-72.19493989217277,-17.71805886035206],[-72.19493974726716,-17.718058599178455],[-72.1949309722368,-17.718043102920195],[-72.19493082158235,-17.718042842207055],[-72.19492177768463,-17.718027501311045],[-72.19492162123893,-17.718027241155603],[-72.19491231122363,-17.718012060286316],[-72.19491214894705,-17.718011800789924],[-72.19490257564496,-17.717996784563223],[-72.19490240750065,-17.717996525831374],[-72.19489257382263,-17.717981678813015],[-72.19489239977699,-17.717981420955205],[-72.194882308713,-17.717966747659553],[-72.19488212873596,-17.717966490789507],[-72.19487178335432,-17.71795199567808],[-72.19487159741962,-17.717951739913527],[-72.19486100086583,-17.717937427393657],[-72.1948608089514,-17.717937172856455],[-72.19485220242748,-17.71792596237532],[-72.19484826949333,-17.71790947024048],[-72.19484820562313,-17.71790921236609],[-72.19484312725211,-17.7178894448762],[-72.19484305846052,-17.717889186448364],[-72.19483763758889,-17.717869510126093],[-72.19483756382341,-17.717869251188663],[-72.19483180208583,-17.71784967196781],[-72.19483172329336,-17.717849412567457],[-72.19482562242749,-17.717829936352594],[-72.1948255385545,-17.717829676538855],[-72.19481910040024,-17.717810309203468],[-72.19481901139292,-17.71781004902858],[-72.19481223789174,-17.717790796413347],[-72.19481214369615,-17.71779053593288],[-72.19480503689086,-17.717771403843884],[-72.19480493745311,-17.7177711431164],[-72.19479749948682,-17.717752137323366],[-72.19479739475327,-17.717751876410784],[-72.19478962786914,-17.717733002645314],[-72.19478951778638,-17.717732741612856],[-72.19478142432666,-17.71771400556676],[-72.19478130884201,-17.717713744483213],[-72.19477289124752,-17.717695151806815],[-72.194772770309,-17.71769489074441],[-72.19476403111823,-17.717676447044717],[-72.19476390467497,-17.717676186079476],[-72.19475484652338,-17.717657896918606],[-72.19475471452566,-17.717657636130188],[-72.19474534014505,-17.71763950702369],[-72.19474520254462,-17.717639246495562],[-72.19473551476199,-17.71762128291068],[-72.1947353715124,-17.717621022730253],[-72.19472537324928,-17.717603230084325],[-72.19472522430603,-17.717602970342938],[-72.19471491857769,-17.71758535400167],[-72.19471476389843,-17.71758509479455],[-72.19470415381275,-17.71756766007065],[-72.19470399335779,-17.717567401497195],[-72.1946930821145,-17.717550153648443],[-72.19469291584686,-17.71754989581193],[-72.19468170673655,-17.71753284003987],[-72.19468153462238,-17.717532583047767],[-72.19467003102534,-17.717515724495883],[-72.19466985303417,-17.717515468459585],[-72.1946580584196,-17.717498812212018],[-72.19465787452475,-17.71749855724702],[-72.19464579244959,-17.7174821083268],[-72.19464560262824,-17.71748185455255],[-72.19463323673611,-17.71746561792026],[-72.19463304096989,-17.71746536546018],[-72.19462039499001,-17.717449346012327],[-72.19462019326515,-17.71744909499368],[-72.19460727101125,-17.71743329756131],[-72.19460706331893,-17.71743304811509],[-72.19459386868793,-17.717417477462266],[-72.19459365502468,-17.71741722972316],[-72.19458019199573,-17.717401890545588],[-72.19457997236356,-17.71740164465181],[-72.19456624499679,-17.71738654157539],[-72.19456601940365,-17.717386297668558],[-72.19455203183888,-17.717371435247934],[-72.194551800299,-17.717371193472864],[-72.19453755675447,-17.717356576190127],[-72.1945373192885,-17.71735633669457],[-72.19452282405966,-17.71734196895792],[-72.19452258069508,-17.7173417318925],[-72.19450783815338,-17.717327618034837],[-72.1945075889247,-17.717327383552544],[-72.19449260351591,-17.717313527830274],[-72.1944923484651,-17.71731329608665],[-72.19447712470858,-17.717299702678226],[-72.19447686388494,-17.7172994738305],[-72.19446140637169,-17.717286146835367],[-72.19446113983247,-17.717285921042624],[-72.1944454532241,-17.71727286447986],[-72.19444518103448,-17.71727264190243],[-72.19442927006162,-17.717259859709493],[-72.19442899229495,-17.71725964050876],[-72.19441329145201,-17.717247469629555],[-72.19440108508893,-17.71723691511564],[-72.19438878892437,-17.717225904903568],[-72.19437668361681,-17.717214681675177],[-72.19436477283195,-17.717203248715247],[-72.19435306018082,-17.717191609372833],[-72.1943415492221,-17.71717976706366],[-72.19433024345825,-17.71716772526714],[-72.19431914633446,-17.717155487525453],[-72.19430826123865,-17.71714305744436],[-72.19429759149932,-17.717130438691264],[-72.19428714038277,-17.717117634992512],[-72.1942769110952,-17.717104650136257],[-72.19426690677847,-17.71709148796794],[-72.1942571305091,-17.717078152389583],[-72.19424758529964,-17.71706464736189],[-72.19423827409437,-17.717050976898975],[-72.19422919976925,-17.717037145068566],[-72.1942203651319,-17.71702315599297],[-72.19421177291841,-17.71700901384411],[-72.1942034257935,-17.716994722844444],[-72.19419532634983,-17.716980287266423],[-72.1941874771057,-17.716965711428813],[-72.1941798805045,-17.71695099969621],[-72.19417253891531,-17.716936156480536],[-72.19416545462832,-17.716921186232884],[-72.19415862985815,-17.716906093450035],[-72.19415206673995,-17.716890882667354],[-72.19414576732977,-17.716875558459375],[-72.19413973360408,-17.716860125439474],[-72.19413396745729,-17.7168445882541],[-72.19412847070362,-17.716828951588],[-72.19412324507374,-17.716813220155377],[-72.19411829221619,-17.716797398704244],[-72.19411361369542,-17.716781492011577],[-72.19410921099177,-17.71676550488267],[-72.19410508550088,-17.716749442149673],[-72.19410123853278,-17.716733308669372],[-72.19409767131222,-17.716717109323955],[-72.19409438497698,-17.716700849014952],[-72.19409187220367,-17.71668720259535],[-72.19409363203867,-17.716678822823738],[-72.19409367901177,-17.716678589132112],[-72.1940958157316,-17.71666746237418],[-72.19409585871874,-17.716667227586893],[-72.19409780289259,-17.716656065575325],[-72.1940978418792,-17.716655829704273],[-72.19409959292676,-17.71664463577082],[-72.1940996278965,-17.71664439882799],[-72.19410118529508,-17.716633176313852],[-72.19410121622984,-17.716632938311484],[-72.19410257951462,-17.71662169056642],[-72.19410260639461,-17.716621451516737],[-72.19410377515862,-17.71661018189805],[-72.1941037979622,-17.71660994181375],[-72.1941047718566,-17.716598653685317],[-72.19410479056044,-17.716598412579547],[-72.19410556929455,-17.716587109310638],[-72.19410558387357,-17.71658686719682],[-72.19410616721491,-17.716575552161345],[-72.19410617764228,-17.716575309053663],[-72.19410656541675,-17.716563985628987],[-72.1941065716639,-17.716563741542213],[-72.19410676375577,-17.716552413108253],[-72.19410676579248,-17.716552168057866],[-72.19410676214439,-17.716540837995986],[-72.19410675993868,-17.716540591998452],[-72.19410656055176,-17.71652926369054],[-72.19410655407005,-17.716529016763115],[-72.19410615900375,-17.716517693590497],[-72.19410614821079,-17.716517445751737],[-72.19410555758314,-17.716506131094206],[-72.19410554244216,-17.71650588236352],[-72.19410475642934,-17.716494579598375],[-72.19410473690193,-17.716494329996713],[-72.19410375573862,-17.716483042497657],[-72.1941037317849,-17.716482792047135],[-72.19410255576396,-17.71647152318335],[-72.19410252734255,-17.71647127190761],[-72.19410115681498,-17.716460025042696],[-72.19410112388313,-17.716459772966978],[-72.19409955925799,-17.716448551457944],[-72.19409952177159,-17.716448298609293],[-72.19409776351598,-17.71643710580558],[-72.19409772142959,-17.716436852212535],[-72.19409577006827,-17.716425691455118],[-72.19409572333525,-17.716425437148345],[-72.19409357945065,-17.71641431176851],[-72.19409352802327,-17.7164140567808],[-72.19409119225543,-17.716402970099317],[-72.19409113608488,-17.716402714465275],[-72.19408860913084,-17.716391669791363],[-72.19408854816736,-17.716391413548138],[-72.1940858307815,-17.716380414178495],[-72.19408576497446,-17.71638015736542],[-72.19408285796781,-17.716369206583213],[-72.1940827872659,-17.71636894924218],[-72.1940796915062,-17.716358050316067],[-72.19407961585739,-17.716357792491536],[-72.19407633226868,-17.716346948674673],[-72.19407625162053,-17.71634669041383],[-72.1940727811829,-17.71633590494298],[-72.19407269548255,-17.716335646295786],[-72.19406903923189,-17.71632492239023],[-72.1940689484263,-17.716324663409658],[-72.19406510745401,-17.71631400427037],[-72.19406501149004,-17.71631374501231],[-72.19406098694246,-17.716303153820835],[-72.19406088576713,-17.71630289434442],[-72.1940566788456,-17.716292374262142],[-72.1940565724062,-17.716292114629752],[-72.19405218436647,-17.716281668796757],[-72.1940520726107,-17.716281409074057],[-72.19404750476251,-17.71627104060824],[-72.19404738763873,-17.71627078086433],[-72.19404264134552,-17.71626049286061],[-72.19404251880304,-17.716260233168164],[-72.19403759548146,-17.716250028697345],[-72.19403746747058,-17.71624976913267],[-72.19403236859024,-17.716239651240613],[-72.1940322350626,-17.716239391883693],[-72.19402696214541,-17.716229363590436],[-72.19402682305413,-17.71622910452495],[-72.19402137767403,-17.716219168823866],[-72.19402123297411,-17.71621891013737],[-72.19401561675642,-17.716209069994107],[-72.19401546640488,-17.71620881177812],[-72.19400968102599,-17.716199070129782],[-72.19400952498204,-17.716198812479533],[-72.19400357216884,-17.716189172233896],[-72.19400341039437,-17.716188915248743],[-72.19399729192367,-17.71617937928329],[-72.19399712438342,-17.71617912306643],[-72.19399084208146,-17.71616969422752],[-72.19399066874331,-17.71616943888619],[-72.19398422448529,-17.716160119988206],[-72.19398404532053,-17.716159865633593],[-72.19397744102999,-17.716150659458076],[-72.19397725601361,-17.71615040620525],[-72.19397049366184,-17.716141315500145],[-72.19397030277298,-17.716141063468104],[-72.19396338437842,-17.716132090946857],[-72.1939631876005,-17.716131840258456],[-72.1939561152282,-17.71612298859922],[-72.19395591254926,-17.716122739381028],[-72.19394868831026,-17.716114011225894],[-72.19394847972332,-17.716113763608117],[-72.1939411057739,-17.716105161562357],[-72.19394089127735,-17.716104915678855],[-72.19393336981865,-17.71609644231004],[-72.19393314941631,-17.716096198297908],[-72.19392548269323,-17.716087856135225],[-72.19392525639489,-17.71608761413498],[-72.19391744669593,-17.71607940566846],[-72.19391721451755,-17.71607916582357],[-72.19390926417374,-17.716071093503302],[-72.19390641545063,-17.71606869748101],[-72.19389590598111,-17.71606138746947],[-72.19388566627715,-17.71605400177801],[-72.19387555291064,-17.71604644063604],[-72.19386556883957,-17.71603870616724],[-72.19385571698923,-17.716030800546303],[-72.19384600025299,-17.716022725999725],[-72.1938364214912,-17.71601448480567],[-72.1938269835292,-17.716006079292654],[-72.193817689157,-17.71599751183952],[-72.1938085411282,-17.71598878487547],[-72.19379954215842,-17.715979900878494],[-72.19379069492616,-17.715970862377148],[-72.19378200206835,-17.715961671946403],[-72.1937734661829,-17.715952332210737],[-72.19376508982546,-17.715942845841454],[-72.19375687550867,-17.715933215555896],[-72.19374882570169,-17.71592344411767],[-72.19374094282935,-17.715913534336273],[-72.19373322927025,-17.71590348906498],[-72.19372568735595,-17.715893311200354],[-72.19371831937147,-17.71588300368338],[-72.19371112755218,-17.71587256949593],[-72.19370411408339,-17.71586201166023],[-72.19369728110202,-17.715851333242156],[-72.19369063069074,-17.715840537342633],[-72.193684164882,-17.715829627104327],[-72.19367788565445,-17.71581860570636],[-72.1936717949323,-17.71580747636377],[-72.19366589458576,-17.71579624232834],[-72.19366018642867,-17.71578490688495],[-72.19365467221928,-17.71577347335352],[-72.19364935365805,-17.71576194508498],[-72.19364423238797,-17.715750325461883],[-72.19363930999388,-17.715738617898147],[-72.19363458800099,-17.715726825835375],[-72.19363006787505,-17.715714952743742],[-72.19362575102157,-17.715703002120822],[-72.19362163878468,-17.71569097748847],[-72.19361773244759,-17.715678882394492],[-72.19361403323158,-17.715666720410752],[-72.19361054229512,-17.715654495129424],[-72.19360726073377,-17.71564221016437],[-72.19360418958021,-17.715629869150753],[-72.19360132980295,-17.715617475740665],[-72.19359868230654,-17.71560503360501],[-72.19359624793105,-17.715592546430276],[-72.19359402745182,-17.715580017918573],[-72.19359202157895,-17.715567451785542],[-72.19359023095738,-17.71555485176062],[-72.19358865616594,-17.715542221581593],[-72.19358744986526,-17.71553098254683],[-72.19358869177027,-17.715519577960944],[-72.19358871558732,-17.715519340354923],[-72.19358990127748,-17.715506396452263],[-72.19358992107585,-17.715506157839126],[-72.19359088499645,-17.71549319553476],[-72.19359090075224,-17.71549295592761],[-72.19359164262079,-17.71547997902084],[-72.19359165430843,-17.71547973843315],[-72.19359217390748,-17.715466750727636],[-72.19359218149971,-17.7154665091736],[-72.19359247867693,-17.715453514476064],[-72.19359248214491,-17.71545327197052],[-72.19359255681321,-17.71544027408981],[-72.19359255612643,-17.715440030648434],[-72.19359240826392,-17.7154270333943],[-72.19359240339023,-17.7154267890337],[-72.19359203304029,-17.71541379621568],[-72.19359202394601,-17.715413550953226],[-72.19359143121716,-17.71540056637963],[-72.19359141786698,-17.715400320234128],[-72.19359060293299,-17.71538734771075],[-72.19359058529022,-17.71538710070182],[-72.19358954838987,-17.71537414403107],[-72.19358952641626,-17.71537389617988],[-72.19358826785354,-17.715360959159355],[-72.19358824150937,-17.71536071048826],[-72.19358676165314,-17.715347796909885],[-72.19358673089738,-17.715347547442864],[-72.19358503018142,-17.715334661091745],[-72.19358499497164,-17.715334410854236],[-72.1935830738944,-17.71532155550736],[-72.19358303418697,-17.7153213045266],[-72.19358089331155,-17.715308483951965],[-72.19358084906163,-17.715308232256945],[-72.19357848901558,-17.715295450212352],[-72.19357844017715,-17.715295197833953],[-72.19357586165219,-17.715282458065868],[-72.19357580817818,-17.715282205036864],[-72.19357301193004,-17.71526951127938],[-72.19357295377252,-17.71526925763496],[-72.19356994062085,-17.715256613608744],[-72.19356987773091,-17.715256359385993],[-72.19356664855884,-17.71524376879705],[-72.1935665808869,-17.71524351403565],[-72.19356313664098,-17.715230980574315],[-72.19356306413664,-17.715230725316182],[-72.19355940582636,-17.71521825265613],[-72.1935593284389,-17.71521799694596],[-72.19355545713651,-17.715205588742982],[-72.19355537481464,-17.715205332627914],[-72.1935512916549,-17.715192992518915],[-72.19355120434707,-17.715192736048994],[-72.19354691052675,-17.71518046765095],[-72.1935468181813,-17.71518021087906],[-72.19354231495893,-17.71516801778788],[-72.19354221752423,-17.71516776076983],[-72.1935375062197,-17.715155646559417],[-72.19353740364426,-17.715155389354216],[-72.19353248563853,-17.715143357575283],[-72.19353237787124,-17.715143100245005],[-72.19352725460581,-17.715131154424142],[-72.19352714159604,-17.715130897034115],[-72.19352181457252,-17.715119040672736],[-72.19352169627037,-17.715118783291732],[-72.19351616705016,-17.715107019864952],[-72.19351604340673,-17.71510676256522],[-72.19351031361053,-17.715095095521022],[-72.19351018457787,-17.7150948383781],[-72.19350425588507,-17.715083271136123],[-72.19350412141678,-17.71508301422938],[-72.19349799556512,-17.71507155018008],[-72.19349785561626,-17.715071293592406],[-72.19349153440123,-17.715059936095926],[-72.19349138892869,-17.715059679914017],[-72.19348487420312,-17.715048432299312],[-72.19348472316587,-17.715048176613497],[-72.19347801683928,-17.71503704217731],[-72.19347786019857,-17.715036787081768],[-72.19347096423655,-17.715025769087642],[-72.19347080195628,-17.715025514680317],[-72.19346371838012,-17.715014616357724],[-72.19346355042696,-17.7150143627405],[-72.19345628131292,-17.715003587283828],[-72.19345610765666,-17.715003334562237],[-72.19344865513531,-17.714992685129772],[-72.19344847574926,-17.714992433413336],[-72.19344084200502,-17.7149819131265],[-72.19344065686603,-17.714981662528338],[-72.19343284413634,-17.714971274470717],[-72.19343265322543,-17.71497102510793],[-72.19342466380031,-17.714960772324286],[-72.19342446710257,-17.714960524317302],[-72.19341630332373,-17.71495040981282],[-72.19341610082905,-17.71495016328604],[-72.19340776508935,-17.714940190025306],[-72.19340755679225,-17.71493994510628],[-72.19339905153493,-17.71493011601256],[-72.1933988374354,-17.714929872832563],[-72.1933901651534,-17.714920190786746],[-72.19338994525657,-17.714919949479977],[-72.19338136835508,-17.714910697632842],[-72.19337140934235,-17.71489904964552],[-72.1933711931002,-17.714898801158917],[-72.19336078042157,-17.714887044287394],[-72.19336055815384,-17.71488679770118],[-72.1933499419014,-17.714875224322682],[-72.19334971361775,-17.714874979781335],[-72.19333889702456,-17.71486359342039],[-72.19333866274107,-17.714863351071646],[-72.19332764910106,-17.714852155195736],[-72.19332740884055,-17.71485191519033],[-72.19331620150767,-17.71484091320896],[-72.19331595530006,-17.71484067570047],[-72.19330455768737,-17.714829870964056],[-72.19330430556971,-17.71482963610848],[-72.19329272114813,-17.714819031907446],[-72.19329246316508,-17.714818799863043],[-72.19328069546239,-17.714808399426662],[-72.19328043166638,-17.71480817035358],[-72.1932684842662,-17.714797976849137],[-72.19326821471768,-17.714797750909256],[-72.19325609125842,-17.71478776744097],[-72.19325581602597,-17.714787544797282],[-72.19324352019954,-17.714777774405444],[-72.19324323936019,-17.714777555221925],[-72.19323077491116,-17.71476800088194],[-72.19323048855034,-17.714767785322987],[-72.19321785927441,-17.71475844994444],[-72.19321756748633,-17.714758238174618],[-72.19320477722958,-17.714749124600434],[-72.19320448011699,-17.71474891678392],[-72.19319153277445,-17.714740027789446],[-72.193191230449,-17.714739824089737],[-72.1931781299635,-17.714731162381966],[-72.19317782254551,-17.71473096296117],[-72.19316457290657,-17.714722531177863],[-72.19316426052514,-17.714722336196587],[-72.1931508657677,-17.714714136905496],[-72.19315054856055,-17.714713946522064],[-72.19313701276373,-17.71470598222012],[-72.19313669087724,-17.714705796590312],[-72.19312301816312,-17.714698069702862],[-72.19312269175185,-17.714697888979263],[-72.19310888628416,-17.71469040185945],[-72.19310855551122,-17.71469022619114],[-72.1930946214942,-17.714682981118983],[-72.19309428653042,-17.714682810650924],[-72.19308022820739,-17.71467580983281],[-72.19307988923147,-17.714675644705483],[-72.19306571088369,-17.714668890273348],[-72.1930653680817,-17.714668730622215],[-72.19305107402681,-17.714662224632974],[-72.19305072759177,-17.714662070588034],[-72.19303632218283,-17.714655815023015],[-72.19303597231459,-17.714655666708477],[-72.1930214599385,-17.71464966347266],[-72.19302110684299,-17.71464952100639],[-72.19300649191916,-17.714643771927978],[-72.19300613580825,-17.714643635421268],[-72.19299142278746,-17.71463814225103],[-72.1929910638781,-17.71463801180804],[-72.19297625724083,-17.71463277621884],[-72.19297589575493,-17.71463265193652],[-72.1929610000104,-17.714627675522724],[-72.1929606361739,-17.714627557490275],[-72.1929456558582,-17.71462284176738],[-72.1929452899008,-17.71462273006612],[-72.19293022957595,-17.7146182764702],[-72.19292986173038,-17.7146181711733],[-72.19291472598276,-17.714613981060612],[-72.19291435648417,-17.714613882232857],[-72.19289914992304,-17.714609956879432],[-72.19289877900842,-17.714609864577124],[-72.19288350626468,-17.714606205178345],[-72.19288313417222,-17.71460611944914],[-72.19286779989683,-17.71460272711943],[-72.19286742686536,-17.71460264800228],[-72.19285203572821,-17.714599523774705],[-72.19285166199651,-17.714599451299815],[-72.19283621868456,-17.714596596125794],[-72.19283584449069,-17.714596530314555],[-72.19282035370699,-17.714593945063584],[-72.19281997928778,-17.714593885928732],[-72.19280444574972,-17.71459157138812],[-72.19280407134023,-17.714591518933712],[-72.19278849977827,-17.714589475808264],[-72.19278812561095,-17.71458943002982],[-72.1927725207671,-17.71458765894177],[-72.19277214707155,-17.714587619826446],[-72.19275651369804,-17.714586121315136],[-72.1927561407002,-17.714586088841877],[-72.19274150185097,-17.714584943065095],[-72.1927266857566,-17.714582356443756],[-72.19271109501504,-17.714579354161852],[-72.19269555949649,-17.714576081207255],[-72.19268008377907,-17.714572538565005],[-72.1926646724247,-17.714568727295696],[-72.1926493299738,-17.71456464853404],[-72.19263406094859,-17.714560303489673],[-72.19261886984853,-17.71455569344594],[-72.1926037611531,-17.714550819760426],[-72.19258873931727,-17.71454568386405],[-72.19257380877403,-17.714540287261315],[-72.19255897393177,-17.714534631530004],[-72.19254423917288,-17.714528718320597],[-72.19252960885518,-17.7145225493568],[-72.19251508730795,-17.714516126434255],[-72.19250067883402,-17.71450945142169],[-72.19248638770608,-17.714502526259263],[-72.19247221816897,-17.71449535296005],[-72.1924581744341,-17.714487933607526],[-72.1924442606842,-17.71448027035833],[-72.19243048106682,-17.71447236543899],[-72.19241683969676,-17.714464221147818],[-72.19240334065329,-17.714455839853482],[-72.19238998798069,-17.714447223995904],[-72.19237678568419,-17.71443837608391],[-72.1923637377324,-17.714429298697397],[-72.1923508480532,-17.71441999448487],[-72.19233812053359,-17.714410466164043],[-72.19232555901976,-17.71440071652201],[-72.19231316731232,-17.71439074841239],[-72.19230094916925,-17.714380564758013],[-72.19228890830186,-17.714370168548186],[-72.19227704837326,-17.714359562837995],[-72.19226537300003,-17.714348750749995],[-72.1922538857464,-17.71433773546995],[-72.19224259012724,-17.71432652024967],[-72.19223148960445,-17.71431510840448],[-72.19222058758525,-17.714303503311633],[-72.19221069361286,-17.714292597083613],[-72.19219691795296,-17.714272046422344],[-72.19218284830964,-17.71425026921153],[-72.19216914796205,-17.71422825501918],[-72.19215582091299,-17.714206010126485],[-72.1921428710586,-17.71418354088376],[-72.1921303021891,-17.71416085371101],[-72.19211811798448,-17.714137955092113],[-72.19210632201603,-17.714114851576955],[-72.19209491774396,-17.714091549777823],[-72.1920839085148,-17.71406805636478],[-72.19207329756343,-17.71404437806983],[-72.19206308800865,-17.714020521677895],[-72.19205328285453,-17.713996494030447],[-72.19204388498815,-17.713972302020352],[-72.19203485042227,-17.713947825919508],[-72.19199961186604,-17.713955439838386],[-72.19200869341235,-17.713980043223305],[-72.19200878964088,-17.713980297275686],[-72.19201828624156,-17.714004743453447],[-72.1920183874919,-17.714004997689873],[-72.19202829642707,-17.714029279659208],[-72.19202840274865,-17.71402953401976],[-72.19203872118047,-17.714053644826347],[-72.19203883262215,-17.714053899248018],[-72.19204955759544,-17.714077831986614],[-72.19204967420545,-17.71407808640323],[-72.1920608026486,-17.714101834219544],[-72.19206092447426,-17.714102088561564],[-72.19207245320015,-17.714125644654317],[-72.19207258028779,-17.714125898848955],[-72.1920845059946,-17.714149256471742],[-72.19208463838925,-17.714149510442674],[-72.1920969576615,-17.714172662905963],[-72.19209709540664,-17.714172916573474],[-72.19210980471614,-17.71419585724646],[-72.19210994785362,-17.71419611052728],[-72.19212304356049,-17.714218832839784],[-72.19212319213018,-17.71421908564704],[-72.19213667048379,-17.71424158309153],[-72.19213682452347,-17.71424183533483],[-72.1921506816637,-17.71426410146805],[-72.19215084120864,-17.714264353053206],[-72.19216507316685,-17.714286381498216],[-72.19216523824961,-17.714286632327514],[-72.19217984094976,-17.714308416775463],[-72.1921815015401,-17.714310536786442],[-72.19219242442115,-17.71432257719024],[-72.1921926501229,-17.714322821669917],[-72.19220378083847,-17.714334670206746],[-72.1922040125105,-17.714334912554005],[-72.19221534769096,-17.714346565636795],[-72.1922155853126,-17.714346805703013],[-72.19222712152626,-17.714358259803983],[-72.19222736507038,-17.71435849743801],[-72.19223909882483,-17.71436974908952],[-72.19223934825699,-17.714369984137427],[-72.19225127599991,-17.71438102993316],[-72.1922515312784,-17.714381262238824],[-72.19226364939883,-17.714392098834775],[-72.1922639104742,-17.71439232823996],[-72.1922762153035,-17.714402952355538],[-72.19227648211863,-17.71440317870049],[-72.19228896993164,-17.71441358711926],[-72.19228924242123,-17.71441381024267],[-72.19230190943745,-17.71442399981368],[-72.19230218752809,-17.71442421955333],[-72.19231502991262,-17.714434187191724],[-72.19231531352251,-17.71443440338479],[-72.1923283273875,-17.714444146073024],[-72.19232861642631,-17.714444358556396],[-72.19234179783194,-17.714453873344954],[-72.19234209220079,-17.714454081955743],[-72.19235543715656,-17.714463365964136],[-72.19235573674796,-17.714463570540037],[-72.19236924121384,-17.714472620957615],[-72.19236954591153,-17.714472821337335],[-72.19238320579915,-17.714481635424207],[-72.19238351547837,-17.71448183144802],[-72.19239732665234,-17.7144904065358],[-72.19239764117965,-17.714490598045874],[-72.19241159945877,-17.714498931538568],[-72.19241191869226,-17.714499118379585],[-72.1924260198509,-17.714507207754313],[-72.19242634364028,-17.714507389773754],[-72.1924405834094,-17.714515232581505],[-72.19244091159612,-17.71451540963032],[-72.19245528566479,-17.714523003496804],[-72.1924556180824,-17.714523175429683],[-72.19247012209904,-17.714530518055938],[-72.19247045857335,-17.71453068473197],[-72.19248508814701,-17.714537773895085],[-72.19248542849635,-17.714537935178008],[-72.19250017919805,-17.714544768731844],[-72.19250052323369,-17.714544924490692],[-72.19251539059783,-17.714551500366454],[-72.19251573812427,-17.714551650475897],[-72.19253071764994,-17.714557966682772],[-72.19253106846531,-17.714558111023422],[-72.1925461556176,-17.71456416564929],[-72.1925465095142,-17.71456430410827],[-72.19256169972563,-17.714570095320166],[-72.1925620564904,-17.71457022779141],[-72.19257734516233,-17.714575753836062],[-72.19257770457718,-17.714575880220572],[-72.19259308708106,-17.71458113942504],[-72.19259344892347,-17.714581259631277],[-72.19260892060248,-17.714586250403467],[-72.1926092846464,-17.714586364347674],[-72.19262484081665,-17.714591085176608],[-72.19262520683242,-17.714591192782947],[-72.1926408427844,-17.71459564223946],[-72.19264121053995,-17.71459574344028],[-72.19265692154006,-17.71459992017737],[-72.19265729080112,-17.71460001491335],[-72.19267307209306,-17.71460391766654],[-72.19267344262394,-17.714604005886915],[-72.19268928943005,-17.714607633474674],[-72.19268966099425,-17.714607715137166],[-72.19270556851714,-17.714611066461323],[-72.19270594087786,-17.714611141532373],[-72.19272190430159,-17.714614215578337],[-72.19272227722256,-17.71461428403304],[-72.19273829171448,-17.714617079870152],[-72.19274032170706,-17.71461733619555],[-72.19275579232576,-17.714618547072124],[-72.1927710523167,-17.714620009790973],[-72.19278628319303,-17.714621738432697],[-72.19280148043009,-17.714623732440938],[-72.19281663951759,-17.71462599118487],[-72.19283175595791,-17.714628513959283],[-72.19284682527059,-17.71463129998543],[-72.19286184298937,-17.714634348410737],[-72.19287680466654,-17.71463765830977],[-72.19289170587027,-17.714641228683796],[-72.19290654218872,-17.714645058461905],[-72.1929213092286,-17.71464914650063],[-72.19293600261645,-17.714653491584478],[-72.19295061800071,-17.71465809242637],[-72.19296515104942,-17.71466294766715],[-72.19297959745562,-17.71466805587705],[-72.19299395293295,-17.71467341555438],[-72.19300821322135,-17.71467902512721],[-72.19302237408418,-17.714684882952447],[-72.19303643131076,-17.714690987316416],[-72.19305038071748,-17.71469733643542],[-72.1930642181473,-17.71470392845503],[-72.19307793947274,-17.71471076145141],[-72.19309154059489,-17.71471783343062],[-72.19310501744454,-17.714725142328682],[-72.193118365985,-17.714732686013],[-72.1931315822117,-17.714740462281448],[-72.19314466215215,-17.71474846886243],[-72.19315760187037,-17.714756703416747],[-72.19317039746399,-17.71476516353567],[-72.19318304506852,-17.71477384674304],[-72.19319554085739,-17.71478275049499],[-72.19320788104199,-17.71479187217948],[-72.19322006187555,-17.714801209118598],[-72.19323207965178,-17.71481075856707],[-72.19324393070728,-17.714820517713655],[-72.19325561142273,-17.71483048368143],[-72.19326711822534,-17.714840653529635],[-72.19327844758631,-17.71485102425064],[-72.19328959602764,-17.71486159277557],[-72.19330056011819,-17.714872355970275],[-72.19331133647954,-17.714883310640193],[-72.19332192178274,-17.714894453526792],[-72.19333231275435,-17.71490578131294],[-72.19334250617378,-17.714917290619805],[-72.19335260521329,-17.714929102380584],[-72.19335311199772,-17.714929671490488],[-72.19336183764437,-17.714939083787254],[-72.19337029292357,-17.714948523562654],[-72.19337858697864,-17.714958108580028],[-72.1933867173198,-17.714967836091983],[-72.19339468149981,-17.714977703303322],[-72.19340247711882,-17.714987707376352],[-72.19341010182269,-17.7149978454286],[-72.19341755330409,-17.715008114533536],[-72.19342482930412,-17.715018511722313],[-72.19343192761434,-17.715029033986166],[-72.1934388460748,-17.715039678272973],[-72.19344558257785,-17.71505044149267],[-72.1934521350675,-17.71506132051578],[-72.19345850154049,-17.715072312174545],[-72.19346468004774,-17.715083413265095],[-72.19347066869369,-17.7150946205459],[-72.1934764656395,-17.715105930742727],[-72.19348206910128,-17.71511734054563],[-72.19348747735256,-17.715128846612526],[-72.19349268872396,-17.71514044556888],[-72.19349770160525,-17.715152134011394],[-72.19350251444395,-17.71516390850428],[-72.19350712574813,-17.715175765585848],[-72.19351153408479,-17.715187701764034],[-72.19351573808342,-17.715199713524928],[-72.19351973643299,-17.715211797324706],[-72.19352352788543,-17.715223949598826],[-72.1935271112548,-17.71523616675952],[-72.19353048541741,-17.71524844519601],[-72.19353364931327,-17.71526078127773],[-72.19353660194592,-17.715273171355584],[-72.19353934238312,-17.71528561176241],[-72.19354186975656,-17.715298098813197],[-72.19354418326301,-17.71531062880753],[-72.19354628216423,-17.715323198031076],[-72.19354816578722,-17.71533580275545],[-72.1935498335248,-17.715348439242256],[-72.1935512848352,-17.71536110373863],[-72.19355251924314,-17.715373792486385],[-72.19355353633921,-17.715386501714466],[-72.19355433578066,-17.715399227649495],[-72.19355491729101,-17.71541196650735],[-72.19355528066052,-17.71542471450263],[-72.19355542574618,-17.715437467844602],[-72.19355535247175,-17.71545022274082],[-72.19355506082773,-17.715462975397685],[-72.1935545508716,-17.715475722021665],[-72.19355382272755,-17.715488458820438],[-72.1935528765867,-17.715501182003994],[-72.19355171270675,-17.71551388778698],[-72.19355031851273,-17.715526690845216],[-72.19355031878,-17.71552974968825],[-72.19355170392726,-17.715542655044686],[-72.1935517328318,-17.71554290420722],[-72.19355333873894,-17.715555783955637],[-72.19355337208057,-17.715556033899595],[-72.19355519827674,-17.71556888426394],[-72.19355523609858,-17.715569134962912],[-72.19355728204843,-17.7155819521758],[-72.19355732439485,-17.71558220360149],[-72.1935595894985,-17.715594983905174],[-72.19355963641507,-17.715595236027593],[-72.19356212000851,-17.715607975675155],[-72.19356217154186,-17.71560822846219],[-72.19356487289686,-17.715620923718635],[-72.19356492909459,-17.715621177136203],[-72.19356784741923,-17.715633824279593],[-72.19356790832988,-17.71563407829139],[-72.1935710427686,-17.71564667361391],[-72.1935711084415,-17.71564692818139],[-72.19357445807532,-17.715659467990303],[-72.19357452856055,-17.715659723072363],[-72.19357809240738,-17.715672203691344],[-72.1935781677556,-17.715672459244644],[-72.19358194477074,-17.715684877014606],[-72.19358202503297,-17.715685132992817],[-72.19358601410893,-17.71569748427317],[-72.19358609933668,-17.71569774062763],[-72.19359029930408,-17.715710021797257],[-72.193590389549,-17.715710278476212],[-72.19359479917648,-17.71572248593455],[-72.19359489449022,-17.715722742883358],[-72.19359951248491,-17.715734873051463],[-72.19359961291914,-17.71573513021255],[-72.19360443792719,-17.71574717953411],[-72.19360454353317,-17.715747436846605],[-72.19360957413998,-17.715759401789047],[-72.1936096849686,-17.715759659188972],[-72.19361491969934,-17.71577153624445],[-72.19361503580086,-17.715771793664505],[-72.19362047312082,-17.71578357935093],[-72.19362059454461,-17.715783836720316],[-72.19362623285964,-17.715795527582358],[-72.19362635965402,-17.715795784826813],[-72.19363219731115,-17.715807377437017],[-72.19363232952328,-17.71580763447886],[-72.19363836481105,-17.71581912543852],[-72.19363850248652,-17.715819382196237],[-72.19364473363547,-17.715830768136435],[-72.1936448768182,-17.715831024524935],[-72.19365130200148,-17.71584230210763],[-72.19365145073343,-17.71584255803813],[-72.19365806806744,-17.715853723956933],[-72.19365822238832,-17.71585397933675],[-72.19366502993289,-17.715865030318092],[-72.19366518988004,-17.715865285050846],[-72.19367218563937,-17.715876217854827],[-72.19367235124726,-17.71587647184027],[-72.19367953317042,-17.71588728326162],[-72.19367970447061,-17.715887536395684],[-72.19368707045196,-17.715898223264723],[-72.19368724747265,-17.715898475439502],[-72.19369479535264,-17.715909034623145],[-72.19369497811859,-17.71590928572704],[-72.19370270568439,-17.715919714129488],[-72.19370289421626,-17.715919964046957],[-72.19371079920232,-17.715930258610907],[-72.19371099351683,-17.715930507222872],[-72.19371907360556,-17.715940664930127],[-72.19371927371478,-17.715940912113712],[-72.19372752653729,-17.715950929986366],[-72.1937277324488,-17.715951175615448],[-72.19373615558558,-17.71596105071636],[-72.19373636730165,-17.715961294661],[-72.19374495828322,-17.715971024095097],[-72.19374517580084,-17.715971266222276],[-72.19375393210842,-17.71598084713706],[-72.19375415541914,-17.715981087310603],[-72.19376307448567,-17.715990516897204],[-72.19376330357487,-17.715990754977838],[-72.19377238278545,-17.71600003047171],[-72.1937726176325,-17.716000266317458],[-72.19378185432537,-17.716009384999225],[-72.19378209490301,-17.71600961846536],[-72.1937914863701,-17.71601857766164],[-72.19379173264461,-17.716018808601287],[-72.19380127613259,-17.71602760568542],[-72.19380152806316,-17.716027833949454],[-72.19381122077411,-17.71603646634233],[-72.19381147831274,-17.716036691779674],[-72.19382131740488,-17.716045156950496],[-72.19382158049628,-17.716045379408765],[-72.19383156308513,-17.71605367487574],[-72.19383183166643,-17.716053894201067],[-72.19384195482525,-17.716062017532145],[-72.1938422288258,-17.716062233569964],[-72.19385248958679,-17.716070182383532],[-72.19385276892811,-17.716070394978463],[-72.1938631642829,-17.716078166944154],[-72.19386344887864,-17.7160783759409],[-72.19387397577967,-17.716085968780117],[-72.19387426553531,-17.716086174023353],[-72.19388336854784,-17.71609250575231],[-72.19388990524874,-17.716099142740315],[-72.19389748570302,-17.716107110256026],[-72.19390492907036,-17.716115209384593],[-72.19391223307453,-17.71612343777737],[-72.19391939547857,-17.716131793045353],[-72.19392641408142,-17.716140272755307],[-72.19393328672295,-17.71614887443466],[-72.19394001128238,-17.716157595569317],[-72.19394658568051,-17.71616643360607],[-72.19395300787993,-17.716175385952184],[-72.1939592758869,-17.716184449977543],[-72.19396538775017,-17.716193623012465],[-72.19397134156479,-17.716202902352897],[-72.19397713547066,-17.716212285257484],[-72.19398276765378,-17.716221768949424],[-72.1939882363482,-17.716231350618745],[-72.1939935398356,-17.7162410274217],[-72.19399867644657,-17.716250796482196],[-72.19400364456104,-17.716260654892075],[-72.19400844260983,-17.71627059971397],[-72.19401306907389,-17.716280627979177],[-72.19401752248669,-17.716290736692173],[-72.1940218014333,-17.71630092282846],[-72.19402590455186,-17.71631118333704],[-72.19402983053473,-17.71632151514346],[-72.19403357812713,-17.716331915145524],[-72.19403714612967,-17.716342380219615],[-72.19404053339811,-17.716352907219655],[-72.19404373884333,-17.716363492977102],[-72.19404676143277,-17.716374134304438],[-72.19404960018993,-17.716384827993412],[-72.19405225419564,-17.716395570819678],[-72.1940547225877,-17.71640635953997],[-72.19405700456163,-17.716417190896003],[-72.19405909937093,-17.716428061614128],[-72.19406100632732,-17.7164389684072],[-72.19406272480134,-17.716449907976603],[-72.19406425422203,-17.716460877009798],[-72.19406559407764,-17.716471872186272],[-72.19406674391549,-17.71648289017362],[-72.19406770334261,-17.716493927633845],[-72.1940684720255,-17.716504981220485],[-72.19406904969037,-17.71651604758094],[-72.19406943612333,-17.716527123358592],[-72.1940696311704,-17.716538205191895],[-72.19406963473767,-17.716549289718454],[-72.19406944679129,-17.71656037357199],[-72.19406906735752,-17.71657145338766],[-72.1940684965226,-17.71658252580143],[-72.19406773443303,-17.71659358744981],[-72.19406678129548,-17.71660463497141],[-72.194065637376,-17.71661566501278],[-72.19406430300133,-17.71662667422036],[-72.19406277855754,-17.716637659251056],[-72.19406106449054,-17.71664861676675],[-72.19405916130574,-17.716659543438364],[-72.19405706956813,-17.716670435945918],[-72.19405476542886,-17.71668140751203],[-72.19405446957633,-17.716684138285355],[-72.19405471169665,-17.716686913133564],[-72.19405776305956,-17.716703484549623],[-72.1940578123808,-17.71670373994798],[-72.19406115040324,-17.71672025600836],[-72.19406120447155,-17.716720512073696],[-72.19406482815154,-17.71673696782004],[-72.19406488701662,-17.716737224515928],[-72.19406879526619,-17.716753615007956],[-72.19406885897874,-17.716753872295907],[-72.19407305062461,-17.716770192612948],[-72.19407311923611,-17.71677045045188],[-72.19407759301988,-17.716786695694303],[-72.19407766658243,-17.71678695404057],[-72.194082421161,-17.71680311933132],[-72.19408249972734,-17.716803378138625],[-72.19408753367328,-17.71681945862464],[-72.19408761729657,-17.71681971784396],[-72.19409292909864,-17.7168357086976],[-72.19409301783233,-17.716835968276865],[-72.19409860589583,-17.71685186469747],[-72.19409869979346,-17.71685212458166],[-72.19410456244076,-17.716867921796833],[-72.1941046615559,-17.71686818192781],[-72.19411079702697,-17.716883875195],[-72.19411090141291,-17.716884135511364],[-72.19411730786585,-17.71689972011919],[-72.19411741757558,-17.716899980556178],[-72.19412409308694,-17.71691545182592],[-72.19412420817287,-17.716915712315352],[-72.1941311507386,-17.71693106560229],[-72.1941312712523,-17.716931326072515],[-72.19413847878819,-17.716946556767372],[-72.19413860478028,-17.716946817142933],[-72.19414607512245,-17.71696192067321],[-72.19414620664232,-17.716962180875246],[-72.19415393754811,-17.716977152706598],[-72.19415407464372,-17.71697741265216],[-72.19416206379215,-17.71699224828985],[-72.19416220650976,-17.716992507892364],[-72.19417045150243,-17.717007202882474],[-72.19417059988625,-17.717007462051352],[-72.19417909824783,-17.717022011982255],[-72.19417925234005,-17.717022270623044],[-72.19418800151918,-17.717036671126582],[-72.19418816135935,-17.71703692914082],[-72.19419715872944,-17.717051175893747],[-72.19419732435438,-17.717051433178924],[-72.19420656721424,-17.717065521904168],[-72.19420673865777,-17.71706577835388],[-72.1942162242326,-17.717079704821746],[-72.1942164015251,-17.717079960325435],[-72.1942261269672,-17.717093720355017],[-72.19422631013538,-17.717093974798154],[-72.19423627252489,-17.717107564258487],[-72.1942364615917,-17.71710781752274],[-72.19424665793785,-17.71712123233402],[-72.19424685292175,-17.717121484297],[-72.19425728016347,-17.717134720431925],[-72.1942574810784,-17.7171349709675],[-72.19426813608526,-17.717148024452346],[-72.1942683429402,-17.717148273430467],[-72.19427922251333,-17.717161140346402],[-72.1942794353123,-17.717161387633702],[-72.1942905361855,-17.717174064117852],[-72.19429075492673,-17.717174309577185],[-72.19430207376739,-17.717186791823913],[-72.19430229844336,-17.717187035314844],[-72.19431383185339,-17.71719931957676],[-72.19431406245042,-17.71719956095572],[-72.1943258069673,-17.717211643544896],[-72.1943260434654,-17.717211882665328],[-72.19433799556326,-17.71722375995442],[-72.1943382379356,-17.717223996666924],[-72.19435039402613,-17.717235665090126],[-72.19435064223903,-17.717235899242887],[-72.19436299867291,-17.717247355297186],[-72.19436325268525,-17.71724758673594],[-72.19437580575284,-17.71725882698206],[-72.19437606551628,-17.717259055550777],[-72.19438881144896,-17.717270076614195],[-72.19438964969343,-17.71727076296396],[-72.19440564025648,-17.717283158424213],[-72.19442127623803,-17.717295719698605],[-72.19443669347015,-17.717308552047058],[-72.1944518872912,-17.717321651692764],[-72.19446685310062,-17.717335014776225],[-72.1944815863606,-17.717348637356235],[-72.194496082598,-17.717362515411264],[-72.19451033740458,-17.717376644838644],[-72.19452434644015,-17.717391021457573],[-72.19453810543328,-17.717405641009076],[-72.19455161018318,-17.71742049915758],[-72.19456485656083,-17.717435591491217],[-72.19457784051113,-17.717450913524154],[-72.19459055805451,-17.717466460697448],[-72.19460300528762,-17.717482228379858],[-72.19461517838519,-17.71749821186911],[-72.19462707360209,-17.71751440639436],[-72.19463868727415,-17.717530807116542],[-72.1946500158195,-17.717547409129896],[-72.19466105574061,-17.717564207464235],[-72.19467180362417,-17.717581197084314],[-72.19468225614526,-17.717598372895484],[-72.19469241006509,-17.71761572974043],[-72.19470226223484,-17.717633262403925],[-72.19471180959569,-17.717650965613153],[-72.1947210491809,-17.71766883404101],[-72.19472997811567,-17.71768686230479],[-72.19473859361963,-17.71770504497133],[-72.19474689300681,-17.717723376556027],[-72.19475487368709,-17.71774185152567],[-72.19476253316728,-17.71776046430021],[-72.1947698690527,-17.71777920925642],[-72.1947768790459,-17.717798080724332],[-72.19478356095017,-17.71781707299511],[-72.19478991266897,-17.717836180320205],[-72.19479593220687,-17.717855396912846],[-72.19480161766997,-17.717874716949346],[-72.19480696726768,-17.717894134574287],[-72.19481197931228,-17.71791364389857],[-72.1948166828688,-17.71793336752415],[-72.19481784721131,-17.717936615542985],[-72.19481972225353,-17.71793964318177],[-72.1948304695628,-17.717953642156363],[-72.19484087719175,-17.717967699499592],[-72.19485103961777,-17.717981938268363],[-72.19486095367097,-17.71799635417487],[-72.19487061625514,-17.718010942873793],[-72.19488002434879,-17.718025699962922],[-72.1948891750048,-17.718040620982375],[-72.19489806535506,-17.71805570142137],[-72.19490669260816,-17.718070936713737],[-72.19491505405273,-17.71808632224347],[-72.1949231470573,-17.71810185334392],[-72.19493096907205,-17.718117525300396],[-72.19493851762958,-17.718133333351457],[-72.19494579034581,-17.718149272690138],[-72.19495278492144,-17.718165338466413],[-72.19495949914186,-17.718181525787276],[-72.19496593087877,-17.718197829719017],[-72.19497207809127,-17.71821424529038],[-72.19497793882601,-17.71823076749192],[-72.19498351121815,-17.718247391278602],[-72.19498879349196,-17.718264111570782],[-72.19499378396209,-17.71828092325793],[-72.19499848103365,-17.718297821198355],[-72.19500288320292,-17.718314800221112],[-72.19500698905776,-17.718331855127293],[-72.19501079727902,-17.718348980694845],[-72.19501430663995,-17.71836617167616],[-72.19501751600703,-17.718383422801644],[-72.19502042434087,-17.718400728782353],[-72.19502303069576,-17.71841808430908],[-72.1950253342209,-17.71843548405774],[-72.19502733416013,-17.718452922688453],[-72.19502902985234,-17.718470394847103],[-72.19503042073187,-17.718487895168977],[-72.19503150632852,-17.71850541827937],[-72.19503228626805,-17.71852295879614],[-72.19503276027183,-17.71854051132811],[-72.1950329281575,-17.718558070483617],[-72.19503278983869,-17.71857563086495],[-72.19503234532512,-17.71859318707464],[-72.19503159472272,-17.718610733714957],[-72.19503053823348,-17.718628265392866],[-72.19502917615571,-17.718645776716095],[-72.19502750888331,-17.71866326230205],[-72.1950255369064,-17.71868071677269],[-72.19502326081074,-17.718698134760142],[-72.19502068127761,-17.71871551090841],[-72.19501779908339,-17.718732839875162],[-72.19501461510019,-17.718750116329083],[-72.19501113029416,-17.71876733495915],[-72.19500734572651,-17.71878449046992],[-72.19500326255229,-17.718801577586717],[-72.19499888202083,-17.718818591054404],[-72.194994173555,-17.718835641228747],[-72.1949938610176,-17.718837061401267],[-72.1949828188071,-17.718903827862448],[-72.19498278195633,-17.71890406324316],[-72.19497288994648,-17.718971009780688],[-72.19497285708687,-17.718971246217905],[-72.19496411820523,-17.719038353018536],[-72.19496408935547,-17.719038590500197],[-72.19495650618842,-17.719105837703204],[-72.19495648136895,-17.719106076216992],[-72.19495005616074,-17.71917344392017],[-72.19495003539365,-17.719173683453388],[-72.19494477004586,-17.719241151718812],[-72.19494475335506,-17.7192413922584],[-72.19494064942609,-17.719308941118413],[-72.19494063683713,-17.719309182650708],[-72.19493769554141,-17.719376792113792],[-72.19493768708162,-17.719377034624618],[-72.19493590928978,-17.7194446846813],[-72.19493590498807,-17.71944492815574],[-72.19493529122624,-17.7195125987845],[-72.19493529111323,-17.719512843206843],[-72.19493584156304,-17.719580514380194],[-72.19493584567104,-17.719580759733848],[-72.19493756016956,-17.719648411424043],[-72.19493756853245,-17.71964865769144],[-72.19494044657229,-17.719716269876507],[-72.19494045922555,-17.719716517039014],[-72.19494449995499,-17.719784069708698],[-72.19494451693565,-17.719784317746438],[-72.19494971915871,-17.719851790908077],[-72.19494974050532,-17.719852039799957],[-72.19495610268248,-17.719919413484455],[-72.19495612843502,-17.71991966320795],[-72.19496364868327,-17.719986917475598],[-72.19496367888324,-17.719987168006764],[-72.19497235497698,-17.72005428295325],[-72.19497238966714,-17.72005453426646],[-72.1949822190386,-17.72012149002865],[-72.19498225826305,-17.720121742096616],[-72.19499323800318,-17.720188518858574],[-72.19499328180731,-17.72018877165221],[-72.19500540866656,-17.72025534965086],[-72.19500545709684,-17.720255603139112],[-72.19501872748619,-17.720321962670337],[-72.19501878059022,-17.7203222168202],[-72.19503319058222,-17.720388338244362],[-72.1950332484086,-17.720388593020576],[-72.19504879373854,-17.7204544567687],[-72.1950488563367,-17.72045471213386],[-72.19506553240385,-17.7205202987131],[-72.19506559982412,-17.720520554627363],[-72.19508340169307,-17.72058584462696],[-72.19508347398639,-17.720586101048013],[-72.19510239638858,-17.720651075144954],[-72.19510247360648,-17.720651332027924],[-72.1951225109417,-17.720715970992725],[-72.19512259313619,-17.720716228289994],[-72.19514373947422,-17.72078051299231],[-72.19514382669756,-17.720780770653498],[-72.19516607578007,-17.720844682067856],[-72.19516616808468,-17.720844940039637],[-72.19518951332687,-17.720908459251046],[-72.19518961076518,-17.720908717477062],[-72.19521404525794,-17.720971825686586],[-72.19521414788228,-17.720972084107352],[-72.19523966439395,-17.72103476263774],[-72.19523977225622,-17.72103502119058],[-72.19526636323516,-17.721097251491667],[-72.19526647638678,-17.72109751011051],[-72.19529413396309,-17.721159273764883],[-72.1952942524548,-17.72115953238032],[-72.19532296844312,-17.72122081110856],[-72.19532309232467,-17.72122106964761],[-72.19535285822634,-17.721281845313946],[-72.19535298754636,-17.72128210370012],[-72.19538379455193,-17.72134235831758],[-72.19538392935777,-17.721342616470682],[-72.1954157683497,-17.72140233220649],[-72.19541590868704,-17.72140259004261],[-72.19544877024241,-17.721461749223558],[-72.19544891615513,-17.721462006655035],[-72.19548279054831,-17.721520591772563],[-72.19548294207823,-17.7215208487079],[-72.19551781928386,-17.72157884242333],[-72.19551797647037,-17.721579098767172],[-72.19555384616639,-17.721636483916875],[-72.19555400904635,-17.721636739569963],[-72.19559086061683,-17.721693499170506],[-72.19559102922415,-17.72169375402971],[-72.19562885176263,-17.72174987128265],[-72.19562902612805,-17.721750125240916],[-72.1956678084407,-17.72180558353803],[-72.19566798859152,-17.721805836484467],[-72.19570771920054,-17.721860619412503],[-72.19570790516026,-17.72186087123229],[-72.19574857230707,-17.721914962577877],[-72.19574876409519,-17.72191521315242],[-72.19579035574408,-17.721968596906876],[-72.19579055337569,-17.72196884611383],[-72.1958330572173,-17.722021506477883],[-72.19583326070284,-17.722021754191253],[-72.19587666415792,-17.722073675579743],[-72.19590594449589,-17.72205587935145],[-72.1958626439888,-17.72200408111176]]]]}},{"type":"Feature","properties":{"id":"street_dimaeta_tsutodo_eastgardenthread","group":null,"name":"East Garden Thread","settlement_id":"settlement_dimaeta","country_id":"country_tsutodo","district_id":null,"status":"active","surface":"paved","access":"public","bridge":null,"tunnel":null,"oneway":null,"route_id":null,"alt_name":null,"notes":null},"geometry":{"type":"MultiPolygon","coordinates":[[[[-72.19506411855376,-17.718305800299877],[-72.19509565224497,-17.71828619325187],[-72.19512752054159,-17.718267139339396],[-72.19515971371091,-17.718248644287947],[-72.19519222192295,-17.71823071365069],[-72.19522503525589,-17.71821335280563],[-72.19525814369611,-17.71819656695574],[-72.19529153714481,-17.718180361125857],[-72.19532520541924,-17.718164740162052],[-72.19535913825658,-17.718149708730373],[-72.19539332531731,-17.718135271315195],[-72.19542775618936,-17.718121432217995],[-72.19546242039011,-17.718108195556468],[-72.19549730737049,-17.718095565263482],[-72.19553240651928,-17.71808354508555],[-72.19556770716473,-17.718072138582677],[-72.19560319857979,-17.71806134912682],[-72.19563886998469,-17.71805117990143],[-72.195674710551,-17.71804163390066],[-72.19571070940329,-17.7180327139291],[-72.19574685562624,-17.71802442260022],[-72.1957831382639,-17.71801676233714],[-72.19581954632598,-17.718009735371375],[-72.1958560687907,-17.718003343742655],[-72.19589269460761,-17.71799758929879],[-72.1959294127019,-17.71799247369532],[-72.19596621197667,-17.717987998395497],[-72.19600308131746,-17.71798416467003],[-72.19604000959461,-17.717980973597314],[-72.1960769856677,-17.71797842606317],[-72.19611399838804,-17.717976522761226],[-72.19615103660173,-17.71797526419291],[-72.19618808915396,-17.717974650667706],[-72.19622514489073,-17.717974682303446],[-72.19626219266395,-17.71797535902655],[-72.19629922133247,-17.717976680572498],[-72.19633621976648,-17.717978646486053],[-72.19637317685036,-17.717981256121973],[-72.19641008148525,-17.717984508645117],[-72.19644692259351,-17.717988403031406],[-72.19648368911858,-17.717992938067876],[-72.19652037003176,-17.71799811235373],[-72.1965569543318,-17.71800392430047],[-72.1965934310497,-17.71801037213293],[-72.1966297892512,-17.718017453889743],[-72.19666601803894,-17.71802516742398],[-72.19670210655538,-17.718033510403806],[-72.19673804398683,-17.71804248031356],[-72.19677381956365,-17.71805207445378],[-72.19680942256579,-17.71806228994272],[-72.19684484232366,-17.718073123716668],[-72.19688006822109,-17.718084572530735],[-72.19691508969842,-17.718096632959877],[-72.1969498962558,-17.71810930139973],[-72.19698447745333,-17.71812257406686],[-72.19701882291798,-17.718136447000923],[-72.1970529223414,-17.71815091606392],[-72.1970867654869,-17.718165976942704],[-72.19712034218924,-17.718181625148702],[-72.19715364235897,-17.71819785601973],[-72.19718665598425,-17.718214664720445],[-72.19721937313422,-17.718232046243923],[-72.19725178396196,-17.718249995412684],[-72.19728387870558,-17.71826850687907],[-72.19731564769302,-17.718287575127388],[-72.19734708134453,-17.7183071944753],[-72.19737817017365,-17.718327359073704],[-72.19740890479258,-17.71834806290984],[-72.19743927591301,-17.718369299807343],[-72.19746927435041,-17.71839106342877],[-72.19749889102522,-17.71841334727595],[-72.19752811696688,-17.718436144692276],[-72.1975569433175,-17.718459448865246],[-72.19758536133196,-17.718483252826054],[-72.19761336238305,-17.718507549452887],[-72.19764093796414,-17.718532331473067],[-72.19766807968983,-17.71855759146296],[-72.19769477930217,-17.71858332185281],[-72.19772102866999,-17.718609514925976],[-72.19774681979456,-17.718636162823753],[-72.19777214480891,-17.718663257543938],[-72.19779699598469,-17.71869079094771],[-72.19782136573167,-17.718718754758235],[-72.19784524660098,-17.71874714056419],[-72.19786863128812,-17.718775939822148],[-72.19789151263589,-17.71880514385993],[-72.19791388363655,-17.718834743878606],[-72.19793573743267,-17.71886473095331],[-72.19795706732269,-17.71889509603949],[-72.1979778667603,-17.718925829972346],[-72.1979981293586,-17.718956923471612],[-72.19801784889087,-17.71898836714263],[-72.19803701929492,-17.719020151482198],[-72.19805563467258,-17.71905226687776],[-72.1980736892937,-17.719084703612968],[-72.19809117759702,-17.719117451869383],[-72.19810809419343,-17.719150501731328],[-72.198124433866,-17.719183843185718],[-72.19814019157344,-17.719217466128548],[-72.19815536245146,-17.71925136036688],[-72.19816994181349,-17.719285515620577],[-72.1981839251537,-17.719319921527966],[-72.19819730814733,-17.719354567646455],[-72.19821013439123,-17.71938957374766],[-72.19824540041594,-17.719382033291122],[-72.19823252619742,-17.71934689626408],[-72.1982324278533,-17.719346634931917],[-72.19821894386497,-17.719311727364914],[-72.19821884021155,-17.719311465830287],[-72.19820475054057,-17.719276798304378],[-72.19820464152396,-17.719276536632172],[-72.19818995044125,-17.719242119655718],[-72.19818983600811,-17.719241857914287],[-72.19817454796677,-17.719207701919622],[-72.19817442806459,-17.719207440180938],[-72.19815854769864,-17.719173555521284],[-72.1981584222758,-17.71917329386097],[-72.19814195439885,-17.71913969080733],[-72.19814182340498,-17.719139429304732],[-72.19812477300874,-17.719106118042788],[-72.19812463639474,-17.71910585678115],[-72.19810700864745,-17.719072847408064],[-72.19810686636615,-17.719072586474493],[-72.19808866661106,-17.719039888995965],[-72.19808851861698,-17.719039628481575],[-72.19806975237078,-17.71900725280873],[-72.19806959862085,-17.71900699280856],[-72.19805027157189,-17.71897494875504],[-72.19805011202534,-17.718974689368263],[-72.19803023003192,-17.718942986647125],[-72.19803006465091,-17.718942727976973],[-72.19800963373964,-17.718911376197834],[-72.1980094624893,-17.718911118351617],[-72.19798848885314,-17.718880127017744],[-72.19798831170195,-17.71887987010684],[-72.1979668016983,-17.718849248612198],[-72.19796661861847,-17.718848992752125],[-72.19794457876739,-17.71881875037859],[-72.19794438973511,-17.71881849568884],[-72.19792182671725,-17.718788641603375],[-72.19792163171294,-17.718788388207475],[-72.19789855236758,-17.718758931459416],[-72.19789835137637,-17.718758679484733],[-72.19787476269919,-17.718729629002812],[-72.19787455571111,-17.718729378580655],[-72.19785046485222,-17.71870074317061],[-72.19785025186258,-17.71870049443594],[-72.19782566612432,-17.718672282777653],[-72.19782544713405,-17.718672035869076],[-72.19780037396878,-17.718644256513933],[-72.19780014898461,-17.718644011573442],[-72.19777459599241,-17.71861667294181],[-72.19777436502743,-17.718616430114707],[-72.19774833995385,-17.718589540493404],[-72.19774810302754,-17.71858929992805],[-72.19772161376116,-17.718562867467796],[-72.19772137089984,-17.718562629315397],[-72.19769442547003,-17.718536662028246],[-72.19769417670716,-17.718536426442647],[-72.19766678328159,-17.718510932199763],[-72.19766652865786,-17.71851069933711],[-72.19763869553982,-17.718485685866213],[-72.19763843510364,-17.718485455884764],[-72.19761017072989,-17.71846093076785],[-72.19760990453743,-17.718460703827603],[-72.19758121747529,-17.718436674498626],[-72.19758094559079,-17.718436450760933],[-72.19755184453584,-17.71841292450363],[-72.19755156703172,-17.71841270413098],[-72.19752206080499,-17.718389688076503],[-72.19752177776203,-17.718389471232026],[-72.19749187530732,-17.718366972356936],[-72.19749158681485,-17.71836675920406],[-72.19746129719609,-17.71834478432813],[-72.197461003352,-17.718344575030176],[-72.19743033575044,-17.718323130814362],[-72.19743003666129,-17.718322925534064],[-72.19739900037278,-17.71830201847848],[-72.19739869615381,-17.718301817377643],[-72.19736730058601,-17.71828145381955],[-72.19736699136111,-17.71828125705848],[-72.19733524603052,-17.718261443170423],[-72.19733493193223,-17.71826125090753],[-72.19730284646138,-17.718241992695443],[-72.19730252763082,-17.718241805086834],[-72.19727011174538,-17.718223108388166],[-72.19726978833198,-17.718222925587007],[-72.19723705185766,-17.718204796069042],[-72.19723672401919,-17.718204618225275],[-72.19720367687904,-17.718187061383386],[-72.19720334478134,-17.71818688864307],[-72.1971699969924,-17.71816990979907],[-72.19716966080897,-17.7181697423041],[-72.19713602247963,-17.718153346604495],[-72.19713568239153,-17.71815318449201],[-72.19710176371804,-17.718137376906608],[-72.19710141991357,-17.718137220308574],[-72.19706723117726,-17.718122005628988],[-72.19706688385145,-17.71812185467179],[-72.19703243541544,-17.718107237509795],[-72.19703208476977,-17.71810709231386],[-72.19699738707602,-17.71809307710016],[-72.19699703331788,-17.71809293777945],[-72.19696209688384,-17.718079528762317],[-72.19696174022616,-17.718079395424056],[-72.1969265756416,-17.718066596667942],[-72.19692621630229,-17.718066469412225],[-72.19689083422618,-17.7180542847967],[-72.19689047242757,-17.718054163716175],[-72.19685488358478,-17.71804259693458],[-72.19685451955318,-17.71804248211426],[-72.19681873473131,-17.718031536672694],[-72.1968183686963,-17.718031428189565],[-72.1967823987423,-17.718021107405757],[-72.19678203093626,-17.718021005328623],[-72.19674588675325,-17.718011312330955],[-72.19674551741065,-17.718011216720303],[-72.19670920995449,-17.71800215444693],[-72.19670883931133,-17.718002065354735],[-72.19667237958745,-17.717993636552606],[-72.19667200788079,-17.717993554022218],[-72.19663540694067,-17.71798576124618],[-72.19663503440765,-17.71798568531234],[-72.19659830334568,-17.717978530924544],[-72.19659793022326,-17.71797846161328],[-72.19656108017328,-17.717971947782345],[-72.19656070669747,-17.717971885111016],[-72.19652374882924,-17.71796601381139],[-72.1965233752345,-17.717965957788742],[-72.1964863207507,-17.71796073080013],[-72.19648594726942,-17.71796068142637],[-72.19644880740174,-17.71795610033315],[-72.19644843426362,-17.717956057600112],[-72.19641122026982,-17.7179521237909],[-72.19641084770136,-17.71795208768221],[-72.19637357086164,-17.71794880234943],[-72.19637319908567,-17.717948772840597],[-72.19633587069924,-17.71794613698004],[-72.19633549993422,-17.71794611403887],[-72.19629813131588,-17.717944128449588],[-72.19629776177577,-17.717944112036257],[-72.19626036425264,-17.71794277732002],[-72.19625999614615,-17.717942767387466],[-72.196222581054,-17.717942083948923],[-72.19622221458432,-17.71794208044308],[-72.19618479326432,-17.71794204848939],[-72.19618442862887,-17.717942051349592],[-72.196147012424,-17.71794267089043],[-72.19614664981394,-17.717942680049706],[-72.19610925006575,-17.717943950897293],[-72.19610888966574,-17.717943966282764],[-72.19607151771058,-17.717945888051897],[-72.19607115969856,-17.717945909585097],[-72.1960338268646,-17.71794848169324],[-72.19603347141157,-17.717948509290558],[-72.19599618901496,-17.717951730958063],[-72.19599583628472,-17.717951764531065],[-72.19595861562638,-17.71795563478139],[-72.19595826577547,-17.717955674237317],[-72.19592111813759,-17.71796019189735],[-72.19592077131514,-17.717960237139426],[-72.19588370795786,-17.717965400839773],[-72.19588336430557,-17.717965451767654],[-72.19584639646332,-17.717971259943113],[-72.19584605611539,-17.71797131645326],[-72.19580919499373,-17.71797776734331],[-72.19580885807682,-17.71797782932938],[-72.19577211484909,-17.717984920978616],[-72.19577178148236,-17.717984988331864],[-72.1957351672859,-17.717992718590732],[-72.1957348375811,-17.717992791200384],[-72.19569836351437,-17.71800115772568],[-72.19569803757591,-17.718001235479306],[-72.19566171469475,-17.71801023573499],[-72.19566139261971,-17.718010318518843],[-72.1956252319342,-17.718019949776824],[-72.19562491381257,-17.718020037476176],[-72.19558892628365,-17.718030296817076],[-72.19558861219848,-17.718030389316564],[-72.1955528087345,-17.718041273630586],[-72.19555249876188,-17.718041370814518],[-72.1955168902156,-17.71805287680242],[-72.19551658442508,-17.71805297855511],[-72.19548118158993,-17.718065102729287],[-72.19548088004468,-17.718065208935258],[-72.19544569365189,-17.71807794762063],[-72.1954453964087,-17.718078058164963],[-72.1954104371238,-17.718091407500268],[-72.19541014423359,-17.71809152226881],[-72.19537542265338,-17.71810547820759],[-72.1953751341612,-17.718105597087135],[-72.19534066081036,-17.71812015539915],[-72.19534037675571,-17.7181202782778],[-72.19530616208365,-17.718135434550216],[-72.19530588250086,-17.71813556131739],[-72.19527193687864,-17.71815131095607],[-72.19527166179691,-17.718151441502858],[-72.19523799551403,-17.718167779733776],[-72.19523772495766,-17.718167913953028],[-72.19520434821891,-17.718184835823866],[-72.19520408220787,-17.718184973610313],[-72.19517100513029,-17.718202473991735],[-72.19517074368017,-17.71820261524216],[-72.19513797629,-17.71822068882948],[-72.19513771941226,-17.718220833442853],[-72.19510527164185,-17.718239474757727],[-72.19510501934435,-17.718239622635238],[-72.19507290102914,-17.718258826027135],[-72.19507265331615,-17.71825897707238],[-72.19504087419168,-17.718278736720485],[-72.19504063106409,-17.71827889083946],[-72.19500920076324,-17.71829920075423],[-72.19503280899184,-17.71832603220016],[-72.19506411855376,-17.718305800299877]]]]}},{"type":"Feature","properties":{"id":"street_dimaeta_stsutodo_thirdcrescentsegmentb","group":null,"name":"Third Crescent Segment B","settlement_id":"settlement_dimaeta","country_id":"country_tsutodo","district_id":null,"status":"active","surface":"paved","access":"public","bridge":null,"tunnel":null,"oneway":null,"route_id":null,"alt_name":null,"notes":null},"geometry":{"type":"MultiPolygon","coordinates":[[[[-72.2016730383081,-17.716184435520635],[-72.2014872935411,-17.716257344804426],[-72.20054018114537,-17.716629109175344],[-72.19939431277315,-17.717078890042416],[-72.19826736740036,-17.717520883657638],[-72.19828484349311,-17.717550846447413],[-72.19941179115484,-17.717108851764014],[-72.20055766652537,-17.716659067977393],[-72.20150477892231,-17.71628730346274],[-72.20169052370245,-17.716214394145677],[-72.20201633996204,-17.716086503386368],[-72.20199885457488,-17.71605654480778],[-72.2016730383081,-17.716184435520635]]]]}},{"type":"Feature","properties":{"id":"street_dimaeta_stsutodo_secondcrescentsegmentb","group":null,"name":"Second Crescent Segment B","settlement_id":"settlement_dimaeta","country_id":"country_tsutodo","district_id":null,"status":"active","surface":"paved","access":"public","bridge":null,"tunnel":null,"oneway":null,"route_id":null,"alt_name":null,"notes":null},"geometry":{"type":"MultiPolygon","coordinates":[[[[-72.20112672168902,-17.717638231421628],[-72.1999808509797,-17.718088013206035],[-72.19878053818708,-17.71856017052179],[-72.19879804826869,-17.718590119967015],[-72.19999834275707,-17.718117969664732],[-72.20114420736205,-17.71766819010313],[-72.20246012439213,-17.71715166085317],[-72.2024426387431,-17.717121702361293],[-72.20112672168902,-17.717638231421628]]]]}},{"type":"Feature","properties":{"id":"street_dimaeta_stsutodo_firstcrescentsegmentb","group":null,"name":"First Crescent Segment B","settlement_id":"settlement_dimaeta","country_id":"country_tsutodo","district_id":null,"status":"active","surface":"paved","access":"public","bridge":null,"tunnel":null,"oneway":null,"route_id":null,"alt_name":null,"notes":null},"geometry":{"type":"MultiPolygon","coordinates":[[[[-72.2025548627501,-17.718371479184107],[-72.20236911798354,-17.71844438846775],[-72.20142200558777,-17.718816152838656],[-72.20027613487376,-17.719265934624946],[-72.20027611186467,-17.71926594367477],[-72.1991581521106,-17.719706539471204],[-72.19917568416464,-17.719736480295257],[-72.20029363237124,-17.71929588888057],[-72.20143949155435,-17.718846111447125],[-72.20238660395133,-17.718474346932478],[-72.20257234873148,-17.718401437615423],[-72.20293100721894,-17.718260655487608],[-72.20291352124576,-17.71823069710735],[-72.2025548627501,-17.718371479184107]]]]}},{"type":"Feature","properties":{"id":"street_walvisstreet","group":null,"name":"Walvis Street","settlement_id":"settlement_dimaeta","country_id":"country_tsutodo","district_id":null,"status":"active","surface":"paved","access":"public","bridge":null,"tunnel":null,"oneway":null,"route_id":null,"alt_name":null,"notes":null},"geometry":{"type":"MultiPolygon","coordinates":[[[[-72.20208791255982,-17.719741291020846],[-72.20212259743143,-17.71973227781781],[-72.19858226222625,-17.711363365840924],[-72.1985475774642,-17.71137237765104],[-72.20208791255982,-17.719741291020846]]]]}},{"type":"Feature","properties":{"id":"street_leemanstreet","group":null,"name":"Leeman Street","settlement_id":"settlement_dimaeta","country_id":"country_tsutodo","district_id":null,"status":"active","surface":"paved","access":"public","bridge":null,"tunnel":null,"oneway":null,"route_id":null,"alt_name":null,"notes":null},"geometry":{"type":"MultiPolygon","coordinates":[[[[-72.20074375241077,-17.72024489422155],[-72.20077841733493,-17.72023583378694],[-72.19723459023207,-17.711895138542175],[-72.19719992541147,-17.711904197590076],[-72.20074375241077,-17.72024489422155]]]]}},{"type":"Feature","properties":{"id":"street_hughestreet","group":null,"name":"Hughe Street","settlement_id":"settlement_dimaeta","country_id":"country_tsutodo","district_id":null,"status":"active","surface":"paved","access":"public","bridge":null,"tunnel":null,"oneway":null,"route_id":null,"alt_name":null,"notes":null},"geometry":{"type":"MultiPolygon","coordinates":[[[[-72.19755464112329,-17.716007560153965],[-72.19758909138052,-17.715998006545433],[-72.19598488226826,-17.712387992223057],[-72.1959504320298,-17.7123975452384],[-72.19755464112329,-17.716007560153965]]]]}},{"type":"Feature","properties":{"id":"street_hughestreet","group":null,"name":"Hughe Street","settlement_id":"settlement_dimaeta","country_id":"country_tsutodo","district_id":null,"status":"active","surface":"paved","access":"public","bridge":null,"tunnel":null,"oneway":null,"route_id":null,"alt_name":null,"notes":null},"geometry":{"type":"MultiPolygon","coordinates":[[[[-72.19504695474622,-17.71398071543172],[-72.19508163463424,-17.713971691327504],[-72.19463647008338,-17.712920394412787],[-72.19460179020896,-17.712929418342096],[-72.19504695474622,-17.71398071543172]]]]}},{"type":"Feature","properties":{"id":"street_dimaeta_stsutodo_noonlaterntrace","group":null,"name":"Noon Latern Trace","settlement_id":"settlement_dimaeta","country_id":"country_stsutodo","district_id":null,"status":"active","surface":"paved","access":"public","bridge":null,"tunnel":null,"oneway":null,"route_id":null,"alt_name":null,"notes":null},"geometry":{"type":"MultiPolygon","coordinates":[[[[-72.24999483375143,-17.695412703354684],[-72.25103100252652,-17.697583643845746],[-72.25145575423618,-17.698571544149715],[-72.25149036286003,-17.69856235965318],[-72.25106548350274,-17.697574162645097],[-72.25106521584968,-17.69757357243236],[-72.25002890696497,-17.695402338716754],[-72.24965950569579,-17.69462838367106],[-72.24962543264203,-17.694638748530746],[-72.24999483375143,-17.695412703354684]]]]}},{"type":"Feature","properties":{"id":"street_dimaeta_stsutodo_eastclockorbit","group":null,"name":"East Clock Orbit","settlement_id":"settlement_dimaeta","country_id":"country_tsutodo","district_id":null,"status":"active","surface":"paved","access":"public","bridge":null,"tunnel":null,"oneway":null,"route_id":null,"alt_name":null,"notes":null},"geometry":{"type":"MultiPolygon","coordinates":[[[[-72.25089762900498,-17.69726979217356],[-72.25089734697255,-17.697269917738435],[-72.25086963950376,-17.697282544757293],[-72.25086936198596,-17.697282674161922],[-72.25084187910898,-17.697295782819644],[-72.25084160613217,-17.697295915955294],[-72.25081435621848,-17.697309502258886],[-72.2508140878044,-17.69730963901867],[-72.25078707915463,-17.697323698829607],[-72.25078681532057,-17.69732383910866],[-72.25076005616181,-17.697338368144223],[-72.2507597969209,-17.697338511839817],[-72.25073329540425,-17.69735350567428],[-72.25073304076561,-17.697353652685983],[-72.2507068049637,-17.6973691067521],[-72.25070655493293,-17.697369256981787],[-72.25068059283743,-17.697385166572086],[-72.25068034741662,-17.697385319924113],[-72.25065466693584,-17.697401680192403],[-72.25065442612396,-17.697401836573555],[-72.25062903508041,-17.697418642536338],[-72.25062879887348,-17.697418801856035],[-72.25060370500151,-17.697436048394042],[-72.25060347339286,-17.69743621056431],[-72.25057868433635,-17.697453892424086],[-72.25057845731686,-17.69745405735958],[-72.25055398062678,-17.697472169155038],[-72.25055375818512,-17.697472336773075],[-72.25052960131733,-17.697490872987228],[-72.25052938344015,-17.697491043207773],[-72.250505553753,-17.69750999819426],[-72.2505053404251,-17.697510170940088],[-72.25048184517738,-17.69752953892511],[-72.25048163638202,-17.69752971412157],[-72.25045848273064,-17.69754948920538],[-72.25045827844961,-17.697549666780535],[-72.25043547344737,-17.697569842939497],[-72.2504352736613,-17.69757002282411],[-72.25041282425484,-17.697590593912327],[-72.25041262894334,-17.697590776039743],[-72.25039054197096,-17.69761173579108],[-72.2503903511127,-17.697611920097273],[-72.25036863330232,-17.69763326212722],[-72.25036844687538,-17.697633448550732],[-72.25034710484243,-17.697655166358274],[-72.25034692282429,-17.69765535484023],[-72.25032596306978,-17.69767744180991],[-72.25032578543757,-17.697677632293818],[-72.25030521434606,-17.69770008169772],[-72.25030504107666,-17.697700274129648],[-72.25028486491428,-17.697723079129496],[-72.25028469598449,-17.697723273457814],[-72.25026492089714,-17.697746427106946],[-72.25026475628376,-17.697746623282406],[-72.25024538829507,-17.697770118528044],[-72.25024522797516,-17.69777031650361],[-72.25022627298482,-17.69779414618882],[-72.25022611693556,-17.697794345919764],[-72.25020758071747,-17.69781850278585],[-72.2502074289166,-17.69781870422951],[-72.25018931711709,-17.69784318091801],[-72.25018916954272,-17.69784338403382],[-72.25017148767876,-17.697868173088946],[-72.25017134430966,-17.697868377838436],[-72.2501540977674,-17.697893471709175],[-72.25015395858311,-17.69789367805571],[-72.2501371526159,-17.697919069098184],[-72.25013701759653,-17.69791927700714],[-72.25012065732378,-17.697944957487042],[-72.25012052645054,-17.697945166925496],[-72.25010461685562,-17.6979711290203],[-72.25010449011053,-17.697971339957085],[-72.25008903603977,-17.697997575758468],[-72.25008891340592,-17.697997788164145],[-72.25007391956669,-17.698024289680443],[-72.25007380102832,-17.698024503527087],[-72.25005927198791,-17.698051262685656],[-72.25005915753036,-17.69805147794692],[-72.25004509771448,-17.698078486596696],[-72.25004498732427,-17.698078703247656],[-72.2500314010157,-17.698105953161498],[-72.25003129468074,-17.698106171178576],[-72.25001818601797,-17.698133654055916],[-72.25001808372744,-17.69813387341684],[-72.25000545670346,-17.69816158088613],[-72.25000535844796,-17.698161801569935],[-72.2499932169092,-17.698189725191238],[-72.24999312268085,-17.698189947177905],[-72.2499814703256,-17.698218078445343],[-72.24998138011784,-17.698218301716093],[-72.24997022049565,-17.698246632060677],[-72.24997013430354,-17.698246856597617],[-72.24995947081366,-17.69827537738963],[-72.24995938863385,-17.698275603175844],[-72.24994922452456,-17.698304305727522],[-72.24994914635528,-17.698304532746857],[-72.24993948472257,-17.698333408315207],[-72.24993941056371,-17.698333636552327],[-72.24993025435066,-17.698362676341503],[-72.24993018420369,-17.69836290578168],[-72.24992153619938,-17.69839210094593],[-72.24992147006755,-17.698392331575068],[-72.24991333290625,-17.69842167322125],[-72.24991327079454,-17.698421905025757],[-72.24990564695489,-17.698451384216085],[-72.24990558886996,-17.698451617182798],[-72.24989848067426,-17.698481224937673],[-72.2498984266246,-17.698481459053763],[-72.24989183623812,-17.698511186354317],[-72.24989178623393,-17.69851142160721],[-72.24988571566409,-17.698541259398265],[-72.24988566971746,-17.69854149577563],[-72.24988012081347,-17.698571434968272],[-72.2498800789382,-17.69857167245778],[-72.24987505339034,-17.698601703932276],[-72.24987501560211,-17.698601942521655],[-72.24987051494114,-17.69863205713009],[-72.24987048125745,-17.698632296807002],[-72.2498665068544,-17.698662485376175],[-72.2498664772946,-17.698662726128035],[-72.24986303036002,-17.698692979462262],[-72.24986300494521,-17.698693221276294],[-72.2498600865291,-17.698723530160073],[-72.24986006528228,-17.698723773023183],[-72.24985767627369,-17.698754128224156],[-72.24985765921967,-17.69875437212271],[-72.24985580034623,-17.698784764394343],[-72.24985578751168,-17.698785009314214],[-72.24985445933967,-17.698815429398767],[-72.24985445075295,-17.69881567532515],[-72.24985365368687,-17.69884611395635],[-72.24985364937821,-17.698846360873805],[-72.24985338366099,-17.698876808779755],[-72.24985338366236,-17.698877056671883],[-72.24985364937486,-17.69890750457782],[-72.24985365372002,-17.698907753427367],[-72.2498544507813,-17.698938192058634],[-72.24985445950567,-17.69893844184724],[-72.24985578767294,-17.698968861931874],[-72.24985580081365,-17.698969112640096],[-72.24985765968235,-17.69899950491185],[-72.24985767727814,-17.69899975651895],[-72.24986006628208,-17.6990301117201],[-72.24986008837334,-17.69903036420395],[-72.24986300678476,-17.699060673087903],[-72.24986303341348,-17.69906092642497],[-72.2498664803434,-17.699091179759453],[-72.24986651155295,-17.699091433924508],[-72.24987048595138,-17.699121622494],[-72.24987052178665,-17.699121877460275],[-72.24987502244299,-17.69915199206902],[-72.2498750629502,-17.6991522478078],[-72.24988008849354,-17.69918227928264],[-72.24988013372024,-17.699182535763285],[-72.24988568261976,-17.69921247495634],[-72.24988573261473,-17.69921273214618],[-72.24989180318012,-17.69924256993765],[-72.24989185799326,-17.699242827801864],[-72.24989844837539,-17.699272555102908],[-72.24989850805767,-17.699272813604313],[-72.24990561624902,-17.699302421359672],[-72.24990568085232,-17.6993026804588],[-72.2499133046877,-17.69933215964965],[-72.24991337426466,-17.699332419304355],[-72.24992151142179,-17.699361760951067],[-72.24992158602585,-17.699362021116656],[-72.24993023402607,-17.69939121628149],[-72.24993031371119,-17.699391476910407],[-72.24993946992018,-17.69942051670021],[-72.24993955474085,-17.6994207777421],[-72.2499492163696,-17.699449653311078],[-72.2499493063804,-17.69944991471249],[-72.2499594704858,-17.69947861726484],[-72.24995956574162,-17.699478878969295],[-72.24997022922774,-17.699507399761988],[-72.24997032978328,-17.699507661709607],[-72.24998148940178,-17.699535992054905],[-72.24998159531162,-17.699536254182682],[-72.24999324766324,-17.699564385450884],[-72.24999335898151,-17.69956464769218],[-72.25000550051682,-17.699592571314238],[-72.25000561729705,-17.699592833598924],[-72.25001824431759,-17.699620541069024],[-72.25001836661242,-17.69962080332332],[-72.25003147527195,-17.699648286201487],[-72.25003160313302,-17.699648548347884],[-72.25004518943841,-17.699675798262565],[-72.25004532291608,-17.699676060219712],[-72.2500593827289,-17.69970306887031],[-72.25005952187193,-17.69970333055292],[-72.25007405090936,-17.699730089712354],[-72.25007419576482,-17.699730351031242],[-72.25008918960123,-17.699756852548433],[-72.250089340214,-17.699757113410314],[-72.25010479428212,-17.699783349212606],[-72.2501049506949,-17.6997836095202],[-72.25012086028725,-17.699809571615894],[-72.25012102254,-17.699809831267753],[-72.25013738281031,-17.699835511748596],[-72.25013755094022,-17.69983577063922],[-72.25015435690506,-17.699861161682623],[-72.25015453094596,-17.69986141970225],[-72.25017177748603,-17.699886513573936],[-72.25017195746834,-17.699886770608785],[-72.25018963933023,-17.699911559664855],[-72.25018982528044,-17.69991181559699],[-72.25020793707802,-17.69993629228647],[-72.25020812901857,-17.699936546993943],[-72.25022666523488,-17.699960703861002],[-72.25022686318366,-17.699960957217804],[-72.25024581817233,-17.699984786903993],[-72.25024602214249,-17.699985038780145],[-72.25026539012963,-17.70000853402676],[-72.25026560012914,-17.700008784288567],[-72.25028537521511,-17.700031937938707],[-72.25028559124657,-17.70003218644871],[-72.25030576740771,-17.700054991449505],[-72.25030598946776,-17.700055238066604],[-72.25032656055816,-17.70007768747149],[-72.2503267886376,-17.70007793205127],[-72.25034774839114,-17.700100019021907],[-72.25034798247417,-17.700100261416623],[-72.25036932450631,-17.70012197922514],[-72.25036956457048,-17.700122219284125],[-72.25039128238018,-17.700143561315038],[-72.2503915283961,-17.7001437988848],[-72.25041361536795,-17.700164758637122],[-72.25041386729887,-17.700164993561643],[-72.25043631670498,-17.7001855646508],[-72.25043657450671,-17.70018579677177],[-72.25045937950873,-17.700205972931666],[-72.2504596431292,-17.70020620208885],[-72.25048279678047,-17.70022597717359],[-72.25048306615969,-17.700226203205148],[-72.25050656140743,-17.700245571191076],[-72.25050683647714,-17.700245793933867],[-72.25053066616448,-17.700264748921285],[-72.25053094684806,-17.70026496821122],[-72.2505551037162,-17.700283504426256],[-72.25055538992858,-17.700283720098813],[-72.25057986661916,-17.70030183189517],[-72.2505801582665,-17.70030204378558],[-72.25060494732362,-17.700319725646228],[-72.25060524430351,-17.700319933590194],[-72.2506303381762,-17.70033718012903],[-72.25063064037732,-17.70033738396285],[-72.25065603142178,-17.70035418992646],[-72.25065633872413,-17.7003543894877],[-72.25068201920593,-17.700370749756804],[-72.25068233148073,-17.700370944884686],[-72.25070829357739,-17.700386854475816],[-72.25070861068716,-17.70038704501172],[-72.25073484649036,-17.700402499078628],[-72.25073516828901,-17.700402684866486],[-72.25076166980705,-17.700417678701722],[-72.25076199614016,-17.700417859588605],[-72.2507887553004,-17.70043238862489],[-72.25078908600514,-17.700432564461412],[-72.25081609465656,-17.700446624273074],[-72.25081642956218,-17.70044679491391],[-72.25084367947763,-17.700460381218186],[-72.2508440184056,-17.70046054652251],[-72.25087150128446,-17.70047365518091],[-72.25087184404889,-17.70047381501287],[-72.25089955151962,-17.70048644203235],[-72.25089989792744,-17.700486596261534],[-72.25092782155008,-17.700498737795755],[-72.25092817140154,-17.700498886297595],[-72.25095630267033,-17.700510538648164],[-72.25095665575944,-17.700510681304323],[-72.25098498610527,-17.700521840921827],[-72.25098534222022,-17.70052197762063],[-72.25101386301337,-17.700532641105745],[-72.25101422193701,-17.700532771742573],[-72.2510429244898,-17.700542935847068],[-72.25104328600025,-17.70054306032458],[-72.2510721615696,-17.70055272195242],[-72.25107252544072,-17.700552840181004],[-72.25110156523078,-17.700561996389123],[-72.25110193123274,-17.700562108287002],[-72.25113112639782,-17.700570756286368],[-72.25113149429761,-17.70057086177999],[-72.25116083594443,-17.7005789989363],[-72.25116120550676,-17.700579097960475],[-72.25119068469773,-17.700586721795098],[-72.25119105568523,-17.700586814293125],[-72.25122066344059,-17.70059392248377],[-72.25122103561483,-17.700594008407613],[-72.25125076291582,-17.700600598789023],[-72.25125113603768,-17.700600678099327],[-72.25128097382907,-17.70060674866408],[-72.2512813476594,-17.700606821330346],[-72.25131128685226,-17.70061237022924],[-72.25131166115263,-17.70061243622967],[-72.25134169262724,-17.700617461772463],[-72.25134206716041,-17.70061752109402],[-72.25137218176884,-17.700622021749933],[-72.25137255629939,-17.700622074388264],[-72.25140274486851,-17.7006260487863],[-72.2514031191635,-17.700626094745616],[-72.2514333724975,-17.70062954167515],[-72.25143374632691,-17.70062958096803],[-72.25146405521039,-17.700632499379136],[-72.25146442834783,-17.700632532026404],[-72.25149478354837,-17.700634921030037],[-72.25149515577131,-17.70063494706054],[-72.25152554804244,-17.700636805929026],[-72.25152591913306,-17.700636825379338],[-72.25155633921696,-17.700638153546475],[-72.25155670896233,-17.70063816646067],[-72.25158714759276,-17.700638963521865],[-72.25158751578532,-17.700638969951235],[-72.25161796369038,-17.70063923566368],[-72.25161833012831,-17.700639235666333],[-72.2516487780333,-17.70063896994913],[-72.25164914252098,-17.700638963589757],[-72.25167958115114,-17.70063816652382],[-72.25167994349937,-17.700638153873243],[-72.2517103635828,-17.700636825701373],[-72.25171072360907,-17.700636806836197],[-72.25174111587954,-17.700634947962982],[-72.25174147340829,-17.700634922965254],[-72.25177182860801,-17.7006325339569],[-72.25177218347079,-17.700632502913642],[-72.25180249235322,-17.700629584497907],[-72.25180284438898,-17.70062954750077],[-72.25183309772179,-17.7006261005666],[-72.25183344677681,-17.700626057711418],[-72.25186363534458,-17.70062208330881],[-72.25186398127275,-17.70062203469523],[-72.25189409587963,-17.700617534034834],[-72.25189443854232,-17.700617479765928],[-72.25192447001521,-17.700612454218657],[-72.25192480928145,-17.70061239440046],[-72.25195474847247,-17.70060684549718],[-72.25195508421892,-17.700606780238353],[-72.2519849220082,-17.700600709669292],[-72.25198525411896,-17.700600639080676],[-72.25201498141774,-17.700594048695013],[-72.2520153097845,-17.700593972889358],[-72.25204491753746,-17.700586864694586],[-72.25204524205924,-17.70058678378602],[-72.25207472124765,-17.70057915994735],[-72.2520750418307,-17.700579074051227],[-72.2521043834749,-17.700570936890962],[-72.2521047000327,-17.700570846123366],[-72.25213389519492,-17.700562198120142],[-72.25213420764787,-17.700562102597612],[-72.25216324743499,-17.700552946385752],[-72.2521635557103,-17.700552846224962],[-72.2521924312765,-17.70054318459354],[-72.25219273530793,-17.70054307991108],[-72.25222143785743,-17.70053291580308],[-72.25222173758523,-17.700532806715056],[-72.25225025837501,-17.700522143226546],[-72.25225055374547,-17.700522029848447],[-72.25227888408776,-17.700510870227717],[-72.25227917505323,-17.70051075267403],[-72.25230730631833,-17.700499100320336],[-72.25230759283677,-17.700498978704474],[-72.25233551645569,-17.70048683716725],[-72.25233579849053,-17.700486711601233],[-72.25236350595745,-17.700474084578964],[-72.25236378347712,-17.700473955173415],[-72.2523724497992,-17.70046982154912],[-72.25235264857923,-17.700440875012877],[-72.25234412026245,-17.70044494281065],[-72.25231669258443,-17.700457442321508],[-72.25228905325521,-17.700469460241752],[-72.25226121074537,-17.700480992984833],[-72.25223317358598,-17.700492037113484],[-72.25220495036075,-17.70050258934288],[-72.25217654970794,-17.7005126465394],[-72.25214798031291,-17.700522205723118],[-72.25211925090896,-17.700531264067255],[-72.252090370272,-17.700539818899543],[-72.25206134721972,-17.700547867702145],[-72.25203219060595,-17.70055540811302],[-72.25200290932065,-17.70056243792548],[-72.2519735122856,-17.70056895508908],[-72.25194400845054,-17.700574957709986],[-72.2519144067929,-17.700580444050747],[-72.25188471631269,-17.700585412530973],[-72.25185494603053,-17.70058986172725],[-72.251825104985,-17.70059379037317],[-72.25179520222912,-17.700597197359592],[-72.25176524682873,-17.70060008173432],[-72.2517352478584,-17.700602442702216],[-72.25170521440043,-17.700604279624887],[-72.25167515554027,-17.700605592020754],[-72.25164508036481,-17.70060637956461],[-72.2516149979606,-17.70060664208743],[-72.2515849174093,-17.70060637957608],[-72.25155484778742,-17.700605592172934],[-72.25152479816184,-17.700604280175558],[-72.25149477758882,-17.700602444036242],[-72.25146479511007,-17.70060008436158],[-72.25143485975237,-17.700597201912036],[-72.2514049805233,-17.70059379760145],[-72.2513751664106,-17.700589872496593],[-72.25134542637736,-17.700585427816367],[-72.25131576936352,-17.700580464931836],[-72.25128620428025,-17.700574985365062],[-72.25125674000944,-17.70056899078892],[-72.25122738540064,-17.70056248302634],[-72.25119814927048,-17.700555464049977],[-72.25116904039851,-17.700547935981323],[-72.25114006752686,-17.70053990109042],[-72.25111123935633,-17.700531361794795],[-72.25108256454595,-17.700522320659324],[-72.2510540517102,-17.70051278039546],[-72.25102570941691,-17.700502743860522],[-72.25099754618452,-17.700492214056954],[-72.25096957048197,-17.700481194132223],[-72.2509417907236,-17.700469687377105],[-72.25091421526972,-17.700457697226106],[-72.2508868524238,-17.70044522725642],[-72.25085971042847,-17.70043228118636],[-72.2508327974663,-17.70041886287608],[-72.25080612165554,-17.700404976325668],[-72.25077969104845,-17.70039062567461],[-72.25075351362936,-17.70037581520124],[-72.25072759731246,-17.700360549321754],[-72.25070194993882,-17.700344832588794],[-72.2506765792748,-17.700328669691128],[-72.25065149301038,-17.700312065452913],[-72.2506266987552,-17.70029502483143],[-72.25060220403707,-17.700277552916816],[-72.25057801630089,-17.700259654931706],[-72.25055414290362,-17.700241336227858],[-72.25053059111428,-17.70022260228696],[-72.25050736811166,-17.700203458719216],[-72.25048448097927,-17.700183911259902],[-72.25046193670603,-17.700163965770273],[-72.25043974218283,-17.700143628235338],[-72.25041790419962,-17.700122904761695],[-72.250396429444,-17.700101801576842],[-72.25037532449846,-17.700080325027088],[-72.25035459583785,-17.70005848157549],[-72.2503342498275,-17.700036277800447],[-72.25031429272171,-17.70001372039503],[-72.25029473065926,-17.699990816161918],[-72.25027556966454,-17.699967572016003],[-72.25025681564132,-17.69994399497713],[-72.25023847437527,-17.699920092173496],[-72.25022055152714,-17.699895870834194],[-72.2502030526351,-17.699871338292315],[-72.25018598310929,-17.699846501978254],[-72.25016934823135,-17.69982136941956],[-72.25015315315322,-17.69979594823942],[-72.25013740289415,-17.69977024615324],[-72.25012210233817,-17.699744270964505],[-72.25010725623437,-17.699718030565936],[-72.25009286919449,-17.699691532936],[-72.2500789456892,-17.699664786132733],[-72.2500654900502,-17.6996377982978],[-72.25005250646494,-17.699610577647213],[-72.25003999897748,-17.699583132473162],[-72.25002797148683,-17.69955547114092],[-72.25001642774393,-17.69952760208311],[-72.25000537135233,-17.699499533801077],[-72.24999480576594,-17.699471274860194],[-72.24998473428705,-17.699442833885147],[-72.24997516006734,-17.699414219563106],[-72.24996608610385,-17.699385440632664],[-72.24995751524082,-17.699356505889345],[-72.24994945016621,-17.699327424175838],[-72.24994189341294,-17.69929820438575],[-72.24993484735593,-17.699268855453475],[-72.24992831421281,-17.699239386357586],[-72.24992229604267,-17.699209806115743],[-72.24991679474489,-17.699180123779552],[-72.24991181205928,-17.699150348436376],[-72.24990734956474,-17.699120489201658],[-72.24990340867912,-17.699090555219186],[-72.24989999065848,-17.699060555656107],[-72.24989709659724,-17.69903049970339],[-72.24989472742688,-17.69900039656793],[-72.24989288391635,-17.698970255473768],[-72.24989156667147,-17.698940085657696],[-72.24989077613469,-17.698909896365148],[-72.24989051258515,-17.69887969684892],[-72.2498907761384,-17.698849496367135],[-72.24989156674633,-17.698819304176624],[-72.24989288419724,-17.69878912953444],[-72.24989472811593,-17.69875898169012],[-72.24989709796361,-17.698728869888534],[-72.24989999303847,-17.698698803360937],[-72.24990341247513,-17.698668791328522],[-72.24990735524604,-17.698638842990853],[-72.24991182016045,-17.698608967533747],[-72.2499168058662,-17.698579174115732],[-72.24992231084867,-17.698549471874266],[-72.24992833343272,-17.69851986991536],[-72.24993487178176,-17.698490377316805],[-72.24994192389984,-17.698461003120048],[-72.2499494876307,-17.698431756332766],[-72.24995756066,-17.698402645920037],[-72.24996614051464,-17.698373680807183],[-72.24997522456455,-17.69834486987334],[-72.24998481002298,-17.698316221949938],[-72.24999489394764,-17.698287745817552],[-72.25000547324159,-17.69825945020342],[-72.25001654465375,-17.69823134377937],[-72.25002810478098,-17.698203435157055],[-72.25004015006805,-17.698175732887087],[-72.25005267680909,-17.69814824545679],[-72.2500656811493,-17.698120981284898],[-72.25007915908571,-17.698093948721112],[-72.25009310646783,-17.698067156044118],[-72.2501075190007,-17.698040611455724],[-72.25012239224425,-17.698014323081914],[-72.2501377216161,-17.69798829896806],[-72.2501535023923,-17.697962547077392],[-72.25016972970926,-17.697937075287705],[-72.25018639856522,-17.697911891389374],[-72.25020350382147,-17.697887003083082],[-72.25022104020425,-17.697862417977298],[-72.2502390023067,-17.6978381435853],[-72.25025738459045,-17.69781418732305],[-72.25027618138662,-17.697790556508174],[-72.25029538689972,-17.69776725835435],[-72.25031499520576,-17.697744299974456],[-72.25033500025903,-17.697721688371807],[-72.2503553958904,-17.697699430442835],[-72.25037617581005,-17.697677532973497],[-72.25039733361095,-17.697656002635906],[-72.250418862769,-17.697634845988368],[-72.25044075664682,-17.697614069471296],[-72.25046300849463,-17.697593679406715],[-72.25048561145323,-17.697573681995543],[-72.25050855855618,-17.69755408331548],[-72.25053184273187,-17.697534889319687],[-72.25055545680601,-17.6975161058345],[-72.25057939350361,-17.697497738557935],[-72.25060364545239,-17.697479793057447],[-72.25062820518353,-17.697462274769077],[-72.25065306513613,-17.69744518899469],[-72.25067821765863,-17.697428540900898],[-72.25070365501091,-17.69741233551797],[-72.25072936936844,-17.69739657773713],[-72.25075535282289,-17.69738127231056],[-72.25078159738644,-17.697366423848727],[-72.25080809499416,-17.697352036819378],[-72.2508348375059,-17.697338115546764],[-72.2508618167097,-17.69732466420977],[-72.2508890243245,-17.697311686841093],[-72.25091645200273,-17.697299187325836],[-72.25094423386513,-17.69728710742614],[-72.25092555262552,-17.697257650639962],[-72.25089762900498,-17.69726979217356]]]]}},{"type":"Feature","properties":{"id":"street_dimaeta_stsutodo_westclockorbit","group":null,"name":"West Clock Orbit","settlement_id":"settlement_dimaeta","country_id":"country_tsutodo","district_id":null,"status":"active","surface":"paved","access":"public","bridge":null,"tunnel":null,"oneway":null,"route_id":null,"alt_name":null,"notes":null},"geometry":{"type":"MultiPolygon","coordinates":[[[[-72.25239126635245,-17.70046084651213],[-72.25239153933094,-17.70046071337561],[-72.25241878924234,-17.700447127068774],[-72.25241905765793,-17.700446990308187],[-72.25244606630517,-17.700432930494145],[-72.25244633014044,-17.700432790214407],[-72.25247308929652,-17.70041826117591],[-72.2524733485384,-17.70041811747975],[-72.25249985005213,-17.700403123642456],[-72.2525001046914,-17.700402976630336],[-72.2525263404902,-17.70038752256156],[-72.2525265905214,-17.700387372331576],[-72.25255255261361,-17.700371462738723],[-72.25255279803451,-17.700371309386597],[-72.25257847851185,-17.700354949115948],[-72.25257871932362,-17.70035479273478],[-72.25260411036349,-17.70033798676978],[-72.2526043465701,-17.700337827450255],[-72.25262944043818,-17.70032058091016],[-72.25262967204628,-17.70032041874023],[-72.25265446109873,-17.70030273687856],[-72.25265468811746,-17.70030257194356],[-72.25267916480331,-17.700284460146342],[-72.25267938724403,-17.700284292528977],[-72.25270354410746,-17.700265756313225],[-72.25270376198355,-17.700265586093472],[-72.2527275916661,-17.70024663110552],[-72.25272780499272,-17.700246458360702],[-72.25275130023572,-17.70022709037444],[-72.25275150902968,-17.7002269151791],[-72.25277466267617,-17.70020714009417],[-72.25277486695562,-17.700206962520323],[-72.25279767195285,-17.700186786360423],[-72.25279787173722,-17.700186606477285],[-72.25282032113851,-17.700166035388275],[-72.25282051644824,-17.70016585326248],[-72.25284260341533,-17.70014489351054],[-72.2528427942717,-17.700144709206107],[-72.25286451207661,-17.700123367175717],[-72.25286469850158,-17.700123180754137],[-72.25288604052899,-17.70010146294632],[-72.25288622254506,-17.70010127446646],[-72.25290718229391,-17.70007918749666],[-72.25290735992401,-17.70007899701495],[-72.25292793100972,-17.70005654761109],[-72.25292810427698,-17.700056355181506],[-72.25294828043344,-17.700033550181917],[-72.25294844936103,-17.700033355856064],[-72.25296822444241,-17.70001020220732],[-72.25296838905356,-17.700010006034443],[-72.25298775703614,-17.699986510789394],[-72.25298791735386,-17.699986312816506],[-72.253006872338,-17.699962483131994],[-72.253007028385,-17.69996228340387],[-72.2530255645968,-17.69993812653869],[-72.25302571639548,-17.69993792509793],[-72.25304382818862,-17.699913448410484],[-72.25304397576076,-17.699913245297655],[-72.25306165761829,-17.699888456243777],[-72.2530618009852,-17.69988825149733],[-72.25307904752098,-17.69986315762801],[-72.25307918670318,-17.69986295128458],[-72.25309599266377,-17.699837560243658],[-72.25309612768102,-17.699837352337894],[-72.25311248794719,-17.699811671859727],[-72.25311261881838,-17.6998114624245],[-72.25312852840665,-17.69978550033158],[-72.25312865514971,-17.699785289398065],[-72.25314410921385,-17.699759053598708],[-72.25314423184574,-17.699758841196324],[-72.2531592256782,-17.69973233968224],[-72.25315934421468,-17.69973212583891],[-72.25317387324833,-17.699705366682693],[-72.2531739877041,-17.69970515142475],[-72.25318804751325,-17.69967814277751],[-72.25318815790172,-17.69967792612989],[-72.25320174420352,-17.699650676218695],[-72.25320185053681,-17.699650458204925],[-72.25321495919283,-17.69962297533037],[-72.2532150614818,-17.69962275597271],[-72.25322768849894,-17.69959504850635],[-72.25322778675292,-17.699594827825866],[-72.25323992828494,-17.699566904207675],[-72.25324002251192,-17.699566682224226],[-72.2532516748604,-17.699538550959954],[-72.25325176506682,-17.699538327692366],[-72.25326292468229,-17.69950999735115],[-72.25326301087314,-17.69950977281733],[-72.25327367435634,-17.699481252028804],[-72.25327375653501,-17.699481026245618],[-72.25328392063766,-17.699452323697546],[-72.25328399880587,-17.699452096681153],[-72.25329366043194,-17.69942322111655],[-72.25329373458987,-17.69942299288229],[-72.25330289079633,-17.699393953096955],[-72.25330296094243,-17.699393723659522],[-72.25331160894021,-17.699364528499252],[-72.25331167507126,-17.699364297872744],[-72.25331981222611,-17.69933495623067],[-72.25331987433712,-17.699334724428667],[-72.25332749817036,-17.699305245242527],[-72.25332755625465,-17.699305012278206],[-72.25333466444401,-17.699275404527654],[-72.25333471849314,-17.69927517041379],[-72.25334130887336,-17.699245443117622],[-72.25334135887707,-17.699245207866852],[-72.25334742944077,-17.69921537008026],[-72.25334747538697,-17.69921513370484],[-72.25335302428488,-17.699185194516776],[-72.25335306615982,-17.699184957029058],[-72.25335809170174,-17.699154925559224],[-72.25335812948967,-17.699154686971433],[-72.25336263014475,-17.699124572367758],[-72.25336266382817,-17.6991243326923],[-72.25336663822554,-17.69909414412793],[-72.25336666778516,-17.6990939033773],[-72.2533701147141,-17.699063650047997],[-72.25337014012875,-17.69906340823499],[-72.25337305853934,-17.699033099356214],[-72.25337307978603,-17.69903285649394],[-72.25337546878923,-17.69900250129802],[-72.25337548584315,-17.69900225740013],[-72.25337734471134,-17.69897186513356],[-72.25337735754584,-17.698971620214135],[-72.25337868571273,-17.698941200134733],[-72.25337869429943,-17.698940954208584],[-72.2533794913605,-17.698910515582583],[-72.25337949566914,-17.698910268665134],[-72.25337976138154,-17.698879820764436],[-72.2533797613801,-17.698879572872094],[-72.25337949566295,-17.69884912497142],[-72.25337949131774,-17.698848876121417],[-72.25337869425192,-17.698818437495493],[-72.25337868552748,-17.698818187706223],[-72.25337735735584,-17.698787767626925],[-72.25337734421505,-17.69878751691781],[-72.25337548534216,-17.698757124651415],[-72.25337546774624,-17.698756873043227],[-72.25337307873828,-17.698726517847465],[-72.25337305664682,-17.698726265362264],[-72.25337013823157,-17.69869595648366],[-72.25337011160269,-17.69869570314504],[-72.25336666466904,-17.698665449815962],[-72.25336663345927,-17.698665195649088],[-72.25336265905732,-17.698635007085024],[-72.25336262322173,-17.69863475211672],[-72.25335812256202,-17.698604637513363],[-72.25335808205446,-17.698604381772373],[-72.253353056508,-17.698574350302874],[-72.25335301128082,-17.69857409381975],[-72.2533474623784,-17.698544154632064],[-72.25334741238285,-17.698543897439553],[-72.25334134181473,-17.698514059653427],[-72.25334128700092,-17.698513801786326],[-72.25333469661625,-17.69848407449062],[-72.25333463693322,-17.698483815986112],[-72.25332752873956,-17.698454208236043],[-72.25332746413541,-17.698453949133626],[-72.25331984029788,-17.698424469947984],[-72.25331977071994,-17.69842421028979],[-72.25331163356088,-17.69839486864827],[-72.25331155895573,-17.698394608479042],[-72.25330291095383,-17.698365413319348],[-72.25330283126748,-17.69836515268653],[-72.25329367505694,-17.698336112901817],[-72.25329359023499,-17.698335851855933],[-72.25328392860496,-17.698306976291978],[-72.25328383859268,-17.698306714886353],[-72.25327367448614,-17.698278012338942],[-72.25327357922872,-17.69827775063022],[-72.25326291574179,-17.6982492298424],[-72.25326281518447,-17.698248967890272],[-72.25325165556528,-17.69822063754978],[-72.25325154965357,-17.6982203754174],[-72.25323989730148,-17.69819224415393],[-72.25323978598118,-17.698191981907925],[-72.25322764444563,-17.698164058290487],[-72.25322752766324,-17.69816379600099],[-72.25321490064269,-17.698136088535424],[-72.25321477834552,-17.6981358262762],[-72.25320166968622,-17.698108343402485],[-72.25320154182269,-17.698108081251124],[-72.2531879555177,-17.698080831340743],[-72.25318782203745,-17.69808056937855],[-72.25317376222525,-17.69805356073216],[-72.25317362307952,-17.698053299044453],[-72.25315909404289,-17.698026539889106],[-72.25315894918461,-17.698026278565123],[-72.25314395534926,-17.69799977705191],[-72.25314380473348,-17.697999516184886],[-72.25312835066669,-17.697973280386442],[-72.2531281942508,-17.697973020073704],[-72.25311228465995,-17.6979470579817],[-72.25311212240393,-17.69794679832469],[-72.25309576213526,-17.697921117847436],[-72.25309559400208,-17.697920858951765],[-72.25307878803912,-17.69789546791178],[-72.25307861399483,-17.6978952098871],[-72.25306136745682,-17.697870116018716],[-72.25306118747105,-17.697869858978866],[-72.25304350561146,-17.697845069925943],[-72.25304331965766,-17.697844813988876],[-72.25302520786255,-17.697820337302417],[-72.25302501591835,-17.697820082590148],[-72.25300647970477,-17.69779592572594],[-72.2530062817523,-17.69779567236445],[-72.25298732676654,-17.697771842680897],[-72.25298712279266,-17.697771590800123],[-72.25296775480854,-17.69774809555604],[-72.25296754480529,-17.697747845289783],[-72.25294776972255,-17.697724691641994],[-72.25294755368742,-17.697724443127694],[-72.25292737752973,-17.697701638129097],[-72.25292715546595,-17.697701391507827],[-72.25290658437912,-17.69767894210495],[-72.25290635629602,-17.69767869752124],[-72.25288539654626,-17.697656610552418],[-72.25288516245963,-17.697656368153922],[-72.25286382043144,-17.69763465034707],[-72.25286358036371,-17.697634410284483],[-72.25284186255807,-17.69761306825508],[-72.25284161653872,-17.697612830681933],[-72.25281952957113,-17.697591870930935],[-72.25281927763685,-17.697591636003285],[-72.25279682823516,-17.69757106491523],[-72.25279657043023,-17.697570832791342],[-72.25277376543274,-17.69755065663238],[-72.25277350180923,-17.697550427472525],[-72.25275034816264,-17.697530652388537],[-72.25275007878055,-17.697530426354525],[-72.25272658353762,-17.69751105836918],[-72.25272630846524,-17.69751083562419],[-72.25270247878285,-17.697491880637163],[-72.2527021980968,-17.697491661345236],[-72.25267804123371,-17.6974731251304],[-72.25267775501915,-17.69747290945618],[-72.25265327833372,-17.697454797659788],[-72.25265298668442,-17.6974545857679],[-72.25262819763257,-17.697436903907075],[-72.25262790065106,-17.697436695961933],[-72.2526028067837,-17.697419449422704],[-72.2526025045812,-17.69741924558791],[-72.25257711354222,-17.697402439623747],[-72.25257680623882,-17.697402240061784],[-72.25255112576254,-17.697385879791923],[-72.25255081348703,-17.69738568466352],[-72.25252485139598,-17.697369775071486],[-72.25252453428585,-17.697369584535323],[-72.2524982984883,-17.69735413046731],[-72.25249797668965,-17.697353944679392],[-72.25247147517733,-17.697338950842894],[-72.25247114884462,-17.69733876995615],[-72.25244438969008,-17.69732424091841],[-72.25244405898613,-17.69732406508224],[-72.25241705034054,-17.69731000526891],[-72.2524167154361,-17.697309834628612],[-72.25238946552648,-17.697296248322505],[-72.25238912660008,-17.6972960830189],[-72.25236164372701,-17.6972829743585],[-72.25236130096462,-17.697282814527433],[-72.25233359349973,-17.697270187505758],[-72.25233324709433,-17.6972700332776],[-72.25230532347751,-17.697257891741028],[-72.25230497362892,-17.697257743240367],[-72.25227684236597,-17.69724609088727],[-72.25227648928013,-17.697245948232368],[-72.25224815894015,-17.697234788612214],[-72.25224780282889,-17.697234651914766],[-72.2522192820415,-17.697223988426828],[-72.25221892312196,-17.697223857791457],[-72.25219022057495,-17.697213693683942],[-72.25218985906896,-17.697213569207896],[-72.25216098350532,-17.69720390757699],[-72.25216061963914,-17.697203789349942],[-72.25213157985468,-17.69719463313856],[-72.25213121385805,-17.697194521242217],[-72.25210201869858,-17.697185873239466],[-72.25210165080442,-17.69718576774738],[-72.25207230916303,-17.69717763058756],[-72.2520719396068,-17.697177531564936],[-72.25204246042122,-17.697169907726646],[-72.2520420894401,-17.697169815230158],[-72.25201248169006,-17.69716270703572],[-72.25201210952248,-17.69716262111337],[-72.25198238222671,-17.69715603072806],[-72.25198200911187,-17.697155951419177],[-72.25195217132564,-17.69714988085042],[-72.25195179750254,-17.697149808185525],[-72.2519218583147,-17.697144259282517],[-72.2519214840218,-17.69714419328335],[-72.25189145255209,-17.697139167736378],[-72.25189107802669,-17.69713910841596],[-72.25186096342303,-17.69713460775578],[-72.25186058890037,-17.697134555118488],[-72.25183040033593,-17.697130580716088],[-72.25183002604905,-17.69713053475772],[-72.2517997727195,-17.697127087823727],[-72.25179939889829,-17.69712704853163],[-72.25176909001922,-17.697124130116066],[-72.25176871689017,-17.69712409746947],[-72.25173836169381,-17.697121708461236],[-72.2517379894793,-17.697121682431266],[-72.2517075972122,-17.69711982355815],[-72.25170722613005,-17.69711980410821],[-72.25167680605001,-17.697118475936424],[-72.25167643631318,-17.697118463022466],[-72.25164599768642,-17.69711766595656],[-72.25164562950243,-17.697117659527283],[-72.25161518160087,-17.697117393810096],[-72.25161481517145,-17.697117393807382],[-72.25158436726983,-17.6971176595198],[-72.25158400279055,-17.697117665878967],[-72.2515535641635,-17.697118462940104],[-72.25155320182365,-17.697118475590322],[-72.25152278174313,-17.697119803757392],[-72.25152242172517,-17.697119822622074],[-72.25149202945742,-17.69712168149047],[-72.25149167193682,-17.697121706487586],[-72.25146131673964,-17.69712409549112],[-72.25146096188486,-17.697124126533623],[-72.25143065300473,-17.69712704494454],[-72.25143030097676,-17.697127081940806],[-72.25140004764603,-17.69713052887017],[-72.2513996985986,-17.697130571724365],[-72.25136951003279,-17.69713454612221],[-72.251369164112,-17.69713459473469],[-72.25133904950678,-17.69713909539035],[-72.25133870685124,-17.697139149658096],[-72.25130867537982,-17.69714417520064],[-72.25130833612043,-17.697144235017568],[-72.25127839693072,-17.697149783916174],[-72.25127806119089,-17.69714984917368],[-72.25124822340258,-17.69715591973812],[-72.25124789129814,-17.697155990325342],[-72.25121816400018,-17.697162580706436],[-72.25121783563947,-17.697162656510667],[-72.25118822788707,-17.697169764700934],[-72.25118790337103,-17.697169845608006],[-72.25115842418299,-17.697177469442238],[-72.25115810360535,-17.697177555336882],[-72.2511287619613,-17.69718569249278],[-72.2511284454086,-17.69718578325887],[-72.25109925024627,-17.69719443125777],[-72.25109893779809,-17.697194526778816],[-72.25106989801064,-17.697203682986483],[-72.25106958973977,-17.697203783145763],[-72.25104071417306,-17.697213444773087],[-72.2510404101457,-17.6972135494541],[-72.25101170759541,-17.697223713558092],[-72.25101140787139,-17.69722382264469],[-72.25098288708064,-17.697234486129233],[-72.25098259171361,-17.69723459950599],[-72.25095426137008,-17.69724575912294],[-72.25097178765223,-17.697275694239522],[-72.25099997100594,-17.697264592519122],[-72.25102819423343,-17.69725404028467],[-72.25105659488993,-17.697243983082583],[-72.2510851642884,-17.697234423893477],[-72.25111389369683,-17.69722536554365],[-72.25114277433855,-17.69721681070569],[-72.25117179739618,-17.697208761897326],[-72.25120095401606,-17.697201221480572],[-72.2512302353073,-17.697194191662327],[-72.25125963234994,-17.69718767449271],[-72.25128913619211,-17.69718167186601],[-72.25131873785779,-17.69717618551937],[-72.25134842834646,-17.697171217033315],[-72.25137819863734,-17.69716676783131],[-72.25140803969249,-17.69716283917963],[-72.25143794245808,-17.697159432187604],[-72.25146789786871,-17.69715654780738],[-72.25149789684936,-17.697154186834087],[-72.25152793031826,-17.697152349906148],[-72.25155798918964,-17.69715103750517],[-72.25158806437669,-17.69715024995635],[-72.25161814679264,-17.697149987428766],[-72.25164822735564,-17.69715024993547],[-72.25167829698961,-17.697151037334176],[-72.25170834662775,-17.69715234932731],[-72.25173836721318,-17.69715418546258],[-72.25176834970422,-17.697156545133367],[-72.25179828507453,-17.69715942757925],[-72.25182816431598,-17.69716283188637],[-72.2518579784417,-17.69716675698803],[-72.25188771848698,-17.697171201665125],[-72.2519173755132,-17.69717616454676],[-72.25194694060893,-17.697181644110906],[-72.25197640489203,-17.697187638684564],[-72.25200575951251,-17.69719414644474],[-72.25203499565437,-17.69720116541892],[-72.25206410453782,-17.697208693485553],[-72.25209307742087,-17.697216728374617],[-72.25212190560222,-17.697225267668486],[-72.25215058042325,-17.697234308802326],[-72.25217909326923,-17.69724384906464],[-72.25220743557233,-17.697253885598116],[-72.25223559881415,-17.69726441540029],[-72.25226357452621,-17.69727543532388],[-72.25229135429318,-17.697286942077707],[-72.25231892975513,-17.69729893222739],[-72.25234629260936,-17.69731140219612],[-72.25237343461208,-17.697324348264946],[-72.25240034758122,-17.697337766574044],[-72.25242702339851,-17.69735165312327],[-72.25245345401191,-17.697366003773176],[-72.25247963143661,-17.697380814245246],[-72.25250554775916,-17.697396080123692],[-72.2525311951379,-17.697411796855445],[-72.25255656580603,-17.697427959751508],[-72.25258165207451,-17.697444563988334],[-72.25260644633376,-17.69746160460859],[-72.25263094105483,-17.697479076521404],[-72.25265512879433,-17.69749697450523],[-72.25267900219404,-17.697515293207285],[-72.25270255398539,-17.69753402714628],[-72.25272577699019,-17.697553170712453],[-72.25274866412434,-17.697572718170072],[-72.25277120839853,-17.6975926636575],[-72.25279340292289,-17.697613001190625],[-72.25281524090704,-17.697633724662435],[-72.25283671566298,-17.697654827845053],[-72.25285782060887,-17.697676304392893],[-72.25287854926958,-17.697698147842512],[-72.2528988952797,-17.697720351615377],[-72.25291885238519,-17.697742909018825],[-72.25293841444686,-17.697765813249532],[-72.25295757544104,-17.697789057393557],[-72.25297632946337,-17.697812634430484],[-72.25299467072826,-17.69783653723195],[-72.25301259357529,-17.69786075856937],[-72.2530300924661,-17.6978852911095],[-72.25304716199061,-17.69791012742188],[-72.25306379686691,-17.697935259978756],[-72.25307999194324,-17.697960681156868],[-72.2530957422009,-17.697986383242082],[-72.25311104275507,-17.698012358429438],[-72.25312588885677,-17.69803859882645],[-72.25314027589488,-17.69806509645565],[-72.25315419939788,-17.698091843257533],[-72.25316765503494,-17.698118831092057],[-72.25318063861803,-17.698146051741997],[-72.25319314610311,-17.698173496915494],[-72.25320517359154,-17.69820115824767],[-72.25321671733215,-17.698229027305636],[-72.25322777372106,-17.698257095587312],[-72.25323833930503,-17.69828535452888],[-72.25324841078115,-17.698313795503992],[-72.25325798499846,-17.69834240982776],[-72.25326705895908,-17.69837118875894],[-72.25327562981923,-17.69840012350339],[-72.25328369489087,-17.69842920521833],[-72.25329125164124,-17.698458425010603],[-72.25329829769518,-17.698487773944933],[-72.25330483083495,-17.698517243042282],[-72.25331084900185,-17.69854682328705],[-72.2533163502962,-17.698576505625574],[-72.25332133297836,-17.698606280972033],[-72.25332579546932,-17.69863614021002],[-72.25332973635128,-17.698666074196137],[-72.253333154368,-17.698696073762395],[-72.25333604842528,-17.69872612971925],[-72.25333841759152,-17.698756232858404],[-72.25334026109785,-17.698786373956885],[-72.25334157833838,-17.698816543777657],[-72.25334236887066,-17.698846733074763],[-72.25334263241552,-17.69887693259555],[-72.25334236885752,-17.698907133082866],[-72.2533415782446,-17.698937325278393],[-72.25334026078862,-17.698967499926308],[-72.25333841686468,-17.698997647775638],[-72.25333604701154,-17.6990277595835],[-72.25333315193124,-17.699057826116082],[-72.25332973248874,-17.699087838155464],[-72.25332578971202,-17.699117786498476],[-72.25332132479151,-17.69914766196244],[-72.25331633907966,-17.699177455386305],[-72.25331083409085,-17.699207157634067],[-72.25330481150033,-17.699236759599323],[-72.25329827314451,-17.699266252204865],[-72.25329122101972,-17.699295626407583],[-72.25328365728166,-17.699324873202453],[-72.25327558424549,-17.69935398362097],[-72.25326700438355,-17.699382948740425],[-72.25325792032616,-17.699411759681222],[-72.25324833486029,-17.69944040761099],[-72.25323825092791,-17.699468883750043],[-72.25322767162622,-17.699497179370546],[-72.25321660020619,-17.699525285801],[-72.25320504007097,-17.69955319442974],[-72.25319299477587,-17.69958089670557],[-72.25318046802639,-17.699608384142792],[-72.25316746367812,-17.699635648320218],[-72.25315398573315,-17.699662680890306],[-72.2531400383427,-17.69968947357288],[-72.25312562580123,-17.69971601816712],[-72.25311075254932,-17.699742306546163],[-72.25309542316897,-17.699768330665172],[-72.2530796423841,-17.699794082561183],[-72.25306341505856,-17.699819554355695],[-72.25304674619397,-17.699844738258836],[-72.25302964092938,-17.699869626569296],[-72.25301210453792,-17.69989421167951],[-72.25299414242684,-17.699918486075756],[-72.25297576013503,-17.69994244234124],[-72.25295696333009,-17.69996607316022],[-72.25293775780936,-17.699989371316494],[-72.25291814949496,-17.70001232969962],[-72.25289814443354,-17.700034941305034],[-72.25287774879452,-17.700057199236184],[-72.25285696886692,-17.700079096707857],[-72.25283581105873,-17.700100627046954],[-72.2528142818934,-17.70012178369597],[-72.25279238800861,-17.700142560214005],[-72.2527701361541,-17.70016295027926],[-72.25274753318861,-17.700182947691204],[-72.25272458607976,-17.70020254637108],[-72.25270130189776,-17.70022174036692],[-72.25267768781802,-17.70024052385159],[-72.25265375111516,-17.700258891127252],[-72.25262949916151,-17.700276836626507],[-72.25260493942558,-17.700294354913517],[-72.2525800794686,-17.700311440686246],[-72.2525549269425,-17.70032808877779],[-72.25252948958669,-17.700344294158395],[-72.25250377522626,-17.700360051936496],[-72.2524777917694,-17.70037535736002],[-72.25245154720366,-17.700390205818675],[-72.2524250495944,-17.70040459284444],[-72.25239830708142,-17.700418514113366],[-72.25237132787703,-17.700431965446352],[-72.25235264857879,-17.700440875013083],[-72.25237244979962,-17.70046982154891],[-72.25239126635245,-17.70046084651213]]]]}},{"type":"Feature","properties":{"id":"settlement_dimaeta","group":null,"name":null,"settlement_id":null,"country_id":null,"district_id":null,"status":null,"surface":null,"access":null,"bridge":null,"tunnel":null,"oneway":null,"route_id":null,"alt_name":null,"notes":null},"geometry":{"type":"MultiPolygon","coordinates":[]}},{"type":"Feature","properties":{"id":"settlement_dimaeta","group":null,"name":null,"settlement_id":null,"country_id":null,"district_id":null,"status":null,"surface":null,"access":null,"bridge":null,"tunnel":null,"oneway":null,"route_id":null,"alt_name":null,"notes":null},"geometry":{"type":"MultiPolygon","coordinates":[]}},{"type":"Feature","properties":{"id":"street_dimaeta_stsutodo_bakerstrace","group":null,"name":"Bakers Trace","settlement_id":"settlement_dimaeta","country_id":"country_tsutodo","district_id":null,"status":"active","surface":"paved","access":"public","bridge":null,"tunnel":null,"oneway":null,"route_id":null,"alt_name":null,"notes":null},"geometry":{"type":"MultiPolygon","coordinates":[[[[-72.24755270917078,-17.70345874739237],[-72.24758803021658,-17.703451365069245],[-72.2454060201906,-17.69739900369201],[-72.24537069936208,-17.697406384974986],[-72.24755270917078,-17.70345874739237]]]]}},{"type":"Feature","properties":{"id":"street_dimaeta_stsutodo_quiettrace","group":null,"name":"Quiet Trace","settlement_id":"settlement_dimaeta","country_id":"country_tsutodo","district_id":null,"status":"active","surface":"paved","access":"public","bridge":null,"tunnel":null,"oneway":null,"route_id":null,"alt_name":null,"notes":null},"geometry":{"type":"MultiPolygon","coordinates":[[[[-72.2569410225209,-17.700533116475185],[-72.25697634257068,-17.700525732650195],[-72.25496858546731,-17.694958029745614],[-72.25493326561707,-17.69496541261362],[-72.2569410225209,-17.700533116475185]]]]}},{"type":"Feature","properties":{"id":"street_dimaeta_stsutodo_manochitrace","group":null,"name":"Manoch Trace","settlement_id":"settlement_dimaeta","country_id":"country_tsutodo","district_id":null,"status":"active","surface":"paved","access":"public","bridge":null,"tunnel":null,"oneway":null,"route_id":null,"alt_name":null,"notes":null},"geometry":{"type":"MultiPolygon","coordinates":[[[[-72.25296977097285,-17.690575639199718],[-72.25349056102667,-17.691726873421615],[-72.25400857408094,-17.69287196893774],[-72.2543996585242,-17.693736481981773],[-72.25478292082259,-17.694583703756976],[-72.25481728008582,-17.69457395501783],[-72.25443401771051,-17.693726733215144],[-72.25404293310208,-17.692862219951344],[-72.25352491985642,-17.691717124204647],[-72.25300412968635,-17.690565889919327],[-72.2522967060349,-17.689002092427234],[-72.2522623475499,-17.68901184194985],[-72.25296977097285,-17.690575639199718]]]]}},{"type":"Feature","properties":{"id":"street_dimatea_stsutodo_windtrace","group":null,"name":"Wind Trace","settlement_id":"settlement_dimaeta","country_id":"country_stsutodo","district_id":null,"status":"active","surface":"paved","access":"public","bridge":null,"tunnel":null,"oneway":null,"route_id":null,"alt_name":null,"notes":null},"geometry":{"type":"MultiPolygon","coordinates":[[[[-72.25108131549324,-17.69946895218205],[-72.25108123913448,-17.699469045474416],[-72.24781863275814,-17.70348900095841],[-72.24784948717969,-17.703509364738125],[-72.25111205453972,-17.69948945614806],[-72.25143867388371,-17.699093744280106],[-72.25140797332762,-17.69907319379646],[-72.25108131549324,-17.69946895218205]]]]}},{"type":"Feature","properties":{"id":"street_dimatea_stsutodo_hollowtrace","group":null,"name":"Hollow Trace","settlement_id":"settlement_dimaeta","country_id":"country_tsutodo","district_id":null,"status":"active","surface":"paved","access":"public","bridge":null,"tunnel":null,"oneway":null,"route_id":null,"alt_name":null,"notes":null},"geometry":{"type":"MultiPolygon","coordinates":[[[[-72.25107199799781,-17.698573672505418],[-72.25107026701666,-17.6985731816644],[-72.24553293113425,-17.697245869870688],[-72.24552603795205,-17.69727726926553],[-72.2510624994115,-17.698604370523565],[-72.251327885698,-17.698691537099712],[-72.25133823979318,-17.698661120121844],[-72.25107199799781,-17.698573672505418]]]]}},{"type":"Feature","properties":{"id":"street_dimaeta_stsutodo_lasttrace","group":null,"name":"Last Trace","settlement_id":"settlement_dimaeta","country_id":"country_tsutodo","district_id":null,"status":"active","surface":"paved","access":"public","bridge":null,"tunnel":null,"oneway":null,"route_id":null,"alt_name":null,"notes":null},"geometry":{"type":"MultiPolygon","coordinates":[[[[-72.25215872711846,-17.699023740920843],[-72.25185583647495,-17.69889686807605],[-72.25184223296004,-17.698926073095272],[-72.25214567731703,-17.699053177822247],[-72.25214679744272,-17.699053611191776],[-72.25680009028238,-17.700708437299706],[-72.25681145255177,-17.700678366048297],[-72.25215872711846,-17.699023740920843]]]]}},{"type":"Feature","properties":{"id":"street_dimaeta_stsutodo_noonlaterntrace","group":null,"name":"Noon Latern Trace","settlement_id":"settlement_dimaeta","country_id":"country_stsutodo","district_id":null,"status":"active","surface":"paved","access":"public","bridge":null,"tunnel":null,"oneway":null,"route_id":null,"alt_name":null,"notes":null},"geometry":{"type":"MultiPolygon","coordinates":[[[[-72.25302263253853,-17.702026963101194],[-72.25305704795679,-17.702017337583648],[-72.25174090996713,-17.699076035157173],[-72.25170649456031,-17.699085660191734],[-72.25302263253853,-17.702026963101194]]]]}},{"type":"Feature","properties":{"id":"street_dimaeta_stsutodo_marketcircle","group":null,"name":"Market Circle","settlement_id":"settlement_dimaeta","country_id":"country_tsutodo","district_id":null,"status":"active","surface":"paved","access":"public","bridge":null,"tunnel":null,"oneway":null,"route_id":null,"alt_name":null,"notes":null},"geometry":{"type":"MultiPolygon","coordinates":[[[[-72.2515699830778,-17.6985333202136],[-72.25156961664513,-17.698533320210874],[-72.25156459985644,-17.69853336399132],[-72.25156423537379,-17.698533370350535],[-72.25155922011321,-17.698533501679393],[-72.25155885777015,-17.698533514329736],[-72.2515538455655,-17.698533733166926],[-72.2515534855443,-17.698533752031775],[-72.25154847792213,-17.69853405831066],[-72.25154812039821,-17.698534083308],[-72.2515431188842,-17.698534476935322],[-72.25154276402618,-17.698534507978106],[-72.25153777014353,-17.698534988833963],[-72.25153741811269,-17.698535025830544],[-72.25153243338272,-17.698535593768394],[-72.25153208433215,-17.69853563662298],[-72.25152711027323,-17.698536291469885],[-72.25152676434953,-17.698536340082782],[-72.251521802477,-17.698537081639245],[-72.25152145981876,-17.698537135907394],[-72.25151651164367,-17.698537963947537],[-72.25151617238141,-17.698538023764986],[-72.25151123941124,-17.698538938036602],[-72.25151090366883,-17.69853900329463],[-72.25150598740629,-17.698540003519195],[-72.25150565529954,-17.69854007410691],[-72.25150075724206,-17.69854115997969],[-72.25150042887869,-17.698541235784532],[-72.25149555051827,-17.698542406974912],[-72.25149522600006,-17.698542487882545],[-72.25149036882279,-17.698543744033625],[-72.25149004824291,-17.698543829928852],[-72.25148521372826,-17.69854517065807],[-72.25148489717357,-17.698545261424737],[-72.25148008679405,-17.6985466863237],[-72.2514797743439,-17.698546781845327],[-72.25147498956508,-17.69854829047994],[-72.25147468129228,-17.698548390639854],[-72.25146992357145,-17.69854998255066],[-72.25146961954258,-17.698550087232185],[-72.25146489032907,-17.698551761934166],[-72.25146459060343,-17.698551871021355],[-72.25145989133766,-17.69855362800449],[-72.25145959596917,-17.698553741381776],[-72.25145492808277,-17.698555580110803],[-72.25145463711917,-17.698555697663693],[-72.25145000203396,-17.698557617578516],[-72.25144971551744,-17.698557739193518],[-72.25144511464514,-17.698559739709303],[-72.25144483261137,-17.698559865274756],[-72.2514402673538,-17.69856194578217],[-72.25143998983505,-17.69856207518726],[-72.25143546158259,-17.698564235052583],[-72.25143518860531,-17.69856436818846],[-72.25143069873725,-17.698566606753687],[-72.25143043032227,-17.69856674351392],[-72.25142598020649,-17.698569060097228],[-72.25142571637187,-17.69856920037657],[-72.2514213073638,-17.698571594272284],[-72.25142104812267,-17.698571737968003],[-72.25141668156525,-17.698574208446892],[-72.25141642692624,-17.698574355458824],[-72.25141210414967,-17.698576901768416],[-72.25141185411849,-17.698577051998335],[-72.25140757643963,-17.698579673362985],[-72.25140733101877,-17.698579826715044],[-72.25140309974051,-17.69858252233624],[-72.25140285892874,-17.698582678717333],[-72.25139867533994,-17.69858544777397],[-72.25139843913314,-17.69858560709358],[-72.25139430450812,-17.698588448742207],[-72.25139407289932,-17.69858861091258],[-72.25138998849788,-17.69859152428753],[-72.25138976147917,-17.698591689222486],[-72.2513857285449,-17.698594673436336],[-72.25138550610329,-17.698594841054355],[-72.2513815258651,-17.698597895198137],[-72.25138130798844,-17.69859806541829],[-72.25137738165854,-17.698601188561646],[-72.25137716833102,-17.698601361307187],[-72.25137329710554,-17.698604552498765],[-72.25137308831059,-17.698604727694875],[-72.2513692733687,-17.69860798596269],[-72.25136906908841,-17.69860816353721],[-72.25136531159208,-17.69861148788863],[-72.2513651118064,-17.69861166777292],[-72.25136141290041,-17.698615057195436],[-72.25136121758973,-17.698615239322063],[-72.25135757840057,-17.698618692783157],[-72.25135738754298,-17.6986188770887],[-72.25135380917934,-17.698622393536382],[-72.25135362275314,-17.69862257995917],[-72.2513501063049,-17.69862615832241],[-72.25134992428755,-17.69862634680353],[-72.25134647082594,-17.698629985992206],[-72.25134629319443,-17.69863017647535],[-72.25134290377136,-17.698633875381038],[-72.2513427305027,-17.698634067812144],[-72.25133940615072,-17.698637825308],[-72.25133923722196,-17.698638019635155],[-72.25133597895348,-17.69864183457671],[-72.2513358143406,-17.69864203075158],[-72.25133262314853,-17.698645901976704],[-72.25133246282967,-17.698646099950974],[-72.2513293396856,-17.69865002628053],[-72.25132918363708,-17.69865022601053],[-72.2513261294927,-17.698654206248406],[-72.25132597769263,-17.698654407691013],[-72.25132299347811,-17.69865844062488],[-72.25132284590471,-17.698658643739382],[-72.25131993252901,-17.698662728140754],[-72.25131978916069,-17.698662932889142],[-72.25131694751138,-17.69866706751385],[-72.25131680832781,-17.698667273859247],[-72.25131403927045,-17.698671457447883],[-72.25131390425192,-17.698671665355587],[-72.25131120862994,-17.69867589663374],[-72.25131107775745,-17.698676106070995],[-72.25130845639202,-17.6986803837498],[-72.25130832964747,-17.698680594685733],[-72.25130578333726,-17.698684917462142],[-72.25130566070443,-17.6986851298661],[-72.2513031902246,-17.698689496423416],[-72.25130307168683,-17.69868971026898],[-72.25130067779031,-17.69869411927704],[-72.25130056333329,-17.698694334537276],[-72.25129824674922,-17.69869878465311],[-72.25129813635978,-17.698699001302565],[-72.2512958977937,-17.69870349117055],[-72.25129579145934,-17.69870370918639],[-72.2512936315932,-17.69870823743891],[-72.25129352930311,-17.698708456798947],[-72.25129144879489,-17.698713022056697],[-72.25129135054,-17.69871324273919],[-72.25128935002338,-17.69871784361147],[-72.25128925579567,-17.698718065596555],[-72.25128733587987,-17.69872270068195],[-72.25128724567236,-17.69872292395204],[-72.25128540694253,-17.698727591838672],[-72.25128532075085,-17.69872781637454],[-72.25128356376696,-17.69873251564046],[-72.25128348158772,-17.698732741425232],[-72.25128180688475,-17.698737470639035],[-72.25128172871572,-17.698737697657634],[-72.25128013680416,-17.698742455378746],[-72.25128006264565,-17.698742683614654],[-72.25127855401013,-17.69874746839383],[-72.25127848386347,-17.698747697832964],[-72.2512770589636,-17.69875250821274],[-72.25127699283196,-17.698752738841197],[-72.25127565210191,-17.69875757335624],[-72.25127558999054,-17.69875780515939],[-72.25127433383842,-17.698762662337057],[-72.25127427575357,-17.69876289530342],[-72.25127310456239,-17.69876777366424],[-72.25127305051294,-17.69876800777936],[-72.25127196463919,-17.698772905837263],[-72.2512719146351,-17.69877314108968],[-72.2512709144097,-17.698778057352722],[-72.2512708684632,-17.698778293729283],[-72.25126995419072,-17.698783226699856],[-72.25126991231554,-17.69878346418879],[-72.2512690842745,-17.69878841236427],[-72.25126904648631,-17.698788650953382],[-72.25126830492903,-17.698793612826552],[-72.2512682712454,-17.69879385250309],[-72.25126761639768,-17.69879882656254],[-72.25126758683794,-17.6987990673138],[-72.25126701889918,-17.69880405204432],[-72.2512669934844,-17.698804293858114],[-72.25126651262768,-17.69880928774132],[-72.25126649138087,-17.69880953060446],[-72.25126609775273,-17.698814532119176],[-72.25126608069874,-17.698814776017617],[-72.25126577441902,-17.698819783640342],[-72.25126576158445,-17.698820028560018],[-72.25126554274638,-17.698825040765353],[-72.25126553415961,-17.698825286692323],[-72.25126540283009,-17.698830301953578],[-72.25126539852143,-17.69883054887094],[-72.25126535474018,-17.698835565660314],[-72.25126535474158,-17.698835813552712],[-72.25126539852205,-17.698840830342128],[-72.2512654028672,-17.698841079191734],[-72.25126553419597,-17.698846094452993],[-72.25126554292035,-17.698846344242455],[-72.25126576175764,-17.698851356447854],[-72.25126577489836,-17.698851607156545],[-72.25126608117733,-17.69885661477929],[-72.25126609877319,-17.698856866386883],[-72.25126649240053,-17.69886186790163],[-72.25126651449192,-17.698862120386504],[-72.25126699534788,-17.698867114269756],[-72.25126702197666,-17.698867367607566],[-72.25126758991465,-17.698872352338153],[-72.25126762112427,-17.69887260650388],[-72.25126827597121,-17.698877580563373],[-72.25126831180661,-17.698877835530663],[-72.25126905336313,-17.698882797403908],[-72.25126909387056,-17.69888305314413],[-72.25126992191089,-17.698888001319666],[-72.25126996713777,-17.698888257801297],[-72.25127088140952,-17.698893190771926],[-72.25127093140472,-17.698893447963023],[-72.25127193162942,-17.698898364226142],[-72.25127198644292,-17.69889862209184],[-72.25127307231595,-17.698903520149784],[-72.25127313199852,-17.6989037786525],[-72.25127430318902,-17.698908657013394],[-72.25127436779279,-17.698908916114465],[-72.25127562394422,-17.69891377329226],[-72.2512756935215,-17.69891403294807],[-72.25127703425086,-17.698918867463195],[-72.25127710885549,-17.69891912763063],[-72.25127853375464,-17.698923938010488],[-72.25127861344035,-17.69892419864119],[-72.25128012207519,-17.698928983420437],[-72.25128020689637,-17.69892924446393],[-72.25128179880731,-17.698934002185165],[-72.25128188881888,-17.698934263588757],[-72.25128356352116,-17.69893899280267],[-72.25128365877752,-17.69893925450864],[-72.25128541576079,-17.69894395377467],[-72.25128551631714,-17.69894421572444],[-72.25128735504639,-17.698948883611173],[-72.25128746095724,-17.6989491457414],[-72.25128938087245,-17.69895378082693],[-72.25128949219145,-17.69895404306988],[-72.2512914927075,-17.698958643942305],[-72.25129160948862,-17.698958906229052],[-72.25129368999627,-17.698963471486937],[-72.25129381229223,-17.698963733743643],[-72.25129597215783,-17.69896826199631],[-72.25129610002001,-17.698968524144902],[-72.25129833858558,-17.698973014013042],[-72.25129847206422,-17.698973275972094],[-72.2513007886478,-17.698977726088053],[-72.25130092779206,-17.698977987773002],[-72.2513033216881,-17.698982396781194],[-72.25130346654488,-17.698982658102494],[-72.25130593702418,-17.698987024659935],[-72.25130608763797,-17.69898728552349],[-72.25130863394774,-17.69899160830009],[-72.25130879036207,-17.698991868610246],[-72.25131141172709,-17.69899614628922],[-72.25131157398127,-17.698996405943358],[-72.25131426960286,-17.69900063722169],[-72.25131443773415,-17.699000896114384],[-72.2513172067911,-17.699005079703113],[-72.25131738083346,-17.699005337724884],[-72.25132022248239,-17.69900947234977],[-72.25132040246618,-17.69900972938676],[-72.25132331584152,-17.69901381378828],[-72.2513235017931,-17.699014069722313],[-72.25132648600727,-17.69901810265633],[-72.25132667794938,-17.699018357365865],[-72.25132973209345,-17.699022337603935],[-72.25132993004404,-17.699022590963015],[-72.25133305318785,-17.69902651729269],[-72.25133325715913,-17.699026769170263],[-72.25133644835095,-17.699030640395577],[-72.25133665835249,-17.699030890659802],[-72.25133991662074,-17.69903470560149],[-72.25134013265335,-17.699034954112886],[-72.25134345700506,-17.699038711608925],[-72.25134367906686,-17.69903895822791],[-72.25134706848975,-17.699042657133738],[-72.25134729657074,-17.699042901715195],[-72.2513507500322,-17.699046540904032],[-72.25135098411667,-17.69904678330025],[-72.25135450056476,-17.699050361663645],[-72.2513547406303,-17.69905060172398],[-72.25135831899385,-17.699054118171833],[-72.25135856501129,-17.699054355743108],[-72.2513622042004,-17.699057809204362],[-72.25136245613243,-17.699058044129885],[-72.25136615503838,-17.699061433552536],[-72.2513664128416,-17.699061665674897],[-72.25137017033788,-17.699064990026475],[-72.25137043395942,-17.699065219184597],[-72.25137424890127,-17.699068477452542],[-72.25137451828172,-17.699068703485136],[-72.25137838950724,-17.699071894676912],[-72.25137866457816,-17.699072117420645],[-72.25138259090807,-17.699075240564135],[-72.25138287159236,-17.699075459854612],[-72.25138685183059,-17.69907851399858],[-72.25138713804411,-17.699078729671992],[-72.25139117097842,-17.699081713885974],[-72.25139146262593,-17.699081925776525],[-72.25139554702749,-17.69908483915163],[-72.2513958440083,-17.69908504709625],[-72.25139997863343,-17.699087888745005],[-72.25140028083504,-17.699088092579156],[-72.25140446442397,-17.6990908616359],[-72.25140477172648,-17.699091061197247],[-72.2514090030049,-17.699093756818556],[-72.25140931527979,-17.699093951946512],[-72.25141359295887,-17.69909657331131],[-72.25141391006893,-17.699096763847383],[-72.2514182328457,-17.699099310157116],[-72.25141855464423,-17.699099495944896],[-72.25142292120186,-17.699101966423925],[-72.25142324753446,-17.699102147310533],[-72.25142765654275,-17.699104541206367],[-72.25142798724697,-17.699104717042612],[-72.25143243736304,-17.699107033626046],[-72.25143277226827,-17.699107204266678],[-72.25143726213665,-17.699109442832018],[-72.25143760106349,-17.699109608135764],[-72.25144212931625,-17.699111768001185],[-72.2514424720797,-17.69911192783271],[-72.25144703733763,-17.699114008340228],[-72.25144738374458,-17.699114162569032],[-72.2514519846172,-17.699116163084913],[-72.25145233446696,-17.699116311586007],[-72.25145696955249,-17.69911823150091],[-72.25145732264005,-17.69911837415643],[-72.25146199052688,-17.69912021288555],[-72.25146234664021,-17.699120349583723],[-72.25146704590637,-17.69912210656692],[-72.25146740482799,-17.69912223720299],[-72.25147213404189,-17.69912391190507],[-72.25147249555033,-17.699124036381892],[-72.25147725327164,-17.699125628292748],[-72.25147761714044,-17.699125746520565],[-72.25148240191969,-17.69912725515529],[-72.25148276791941,-17.699127367052508],[-72.25148757829942,-17.699128791951516],[-72.25148794619639,-17.69912889744434],[-72.25149278071149,-17.699130238173638],[-72.2514931502711,-17.69913033719709],[-72.25149800744884,-17.69913159334827],[-72.25149837843352,-17.69913168584557],[-72.25150325679441,-17.69913285703601],[-72.25150362896578,-17.699132942959146],[-72.25150852702376,-17.699134028832027],[-72.25150890014238,-17.699134108141653],[-72.25151381640542,-17.69913510836625],[-72.25151419023246,-17.699135181031856],[-72.25151912320312,-17.699136095303512],[-72.25151949750021,-17.69913616130335],[-72.25152444567581,-17.699136989343547],[-72.25152482020536,-17.699137048664543],[-72.25152978207842,-17.69913779022106],[-72.25153015660551,-17.699137842858917],[-72.25153513066498,-17.699138497705864],[-72.25153550495651,-17.699138543664745],[-72.25154048968702,-17.699139111602623],[-72.25154086351253,-17.699139150895107],[-72.25154585739574,-17.699139631750963],[-72.2515462305296,-17.69913966439794],[-72.25155123204418,-17.699140058025257],[-72.25155160426337,-17.699140084055504],[-72.2515566118861,-17.69914039033441],[-72.25155698297303,-17.699140409784533],[-72.25156199517828,-17.699140628621716],[-72.25156236491969,-17.69914064153579],[-72.2515673801808,-17.699140772864645],[-72.25156774836964,-17.699140779293945],[-72.25157276515891,-17.699140823074423],[-72.2515731315932,-17.69914082307709],[-72.25157814838245,-17.69914077929583],[-72.25157851286636,-17.69914077293653],[-72.25158352812743,-17.69914064160689],[-72.25158389047185,-17.69914062895644],[-72.25158890267701,-17.699140410118492],[-72.25158926269984,-17.69914039125349],[-72.25159427032243,-17.69914008497375],[-72.25159462784741,-17.699140059976305],[-72.25159962936188,-17.699139666348223],[-72.25159998422137,-17.69913963530524],[-72.25160497810438,-17.6991391544486],[-72.25160533013653,-17.699139117451825],[-72.25161031486684,-17.6991385495132],[-72.25161066391875,-17.69913850665839],[-72.2516156379779,-17.699137851810683],[-72.25161598390271,-17.699137803197573],[-72.2516209457756,-17.699137061640354],[-72.25162128843513,-17.69913700737193],[-72.25162623661049,-17.699136179331006],[-72.25162657587386,-17.699136119513323],[-72.2516315088442,-17.69913520524093],[-72.25163184458775,-17.699135139982648],[-72.25163676085043,-17.69913413975732],[-72.25163709295819,-17.699134069169368],[-72.25164199101583,-17.69913298329582],[-72.25164231938021,-17.699132907490675],[-72.25164719774074,-17.699131736299563],[-72.25164752225994,-17.69913165539165],[-72.25165237943723,-17.69913039923984],[-72.25165270001801,-17.69913031334431],[-72.25165753453273,-17.699128972614343],[-72.25165785108807,-17.699128881847432],[-72.25166266146762,-17.6991274569478],[-72.25166297391867,-17.699127361425827],[-72.25166775869745,-17.6991258527905],[-72.25166806697092,-17.699125752630348],[-72.25167282469165,-17.699124160718867],[-72.25167312872127,-17.69912405603702],[-72.25167785793468,-17.69912238133436],[-72.25167815766076,-17.699122272246964],[-72.25168285692635,-17.699120515263235],[-72.25168315229547,-17.699120401885626],[-72.25168782018173,-17.699118563155988],[-72.25168811114587,-17.699118445602814],[-72.2516927462308,-17.69911652568739],[-72.25169303274785,-17.69911640407213],[-72.25169763361978,-17.699114403555768],[-72.2516979156537,-17.69911427799017],[-72.25170248091106,-17.699112197482172],[-72.25170275843024,-17.69911206807686],[-72.25170728668235,-17.69910990821101],[-72.25170755965995,-17.69910977507492],[-72.25171204952765,-17.699107536509178],[-72.25171231794286,-17.699107399748787],[-72.25171676805826,-17.699105083164934],[-72.25171703189307,-17.699104942885448],[-72.25172144090065,-17.69910254898927],[-72.25172170014193,-17.699102405293424],[-72.25172606669884,-17.699099934814075],[-72.25172632133794,-17.699099787802055],[-72.25173064411399,-17.699097241492012],[-72.25173089414521,-17.699097091262015],[-72.25173517182354,-17.69909446989692],[-72.25173541724438,-17.699094316544866],[-72.25173964852202,-17.699091620923287],[-72.25173988933372,-17.699091464542192],[-72.25174407292192,-17.69908869548521],[-72.25174430912887,-17.699088536165466],[-72.25174844375314,-17.699085694516498],[-72.25174867536143,-17.69908553234642],[-72.25175275976234,-17.699082618971147],[-72.25175298678121,-17.69908245403605],[-72.25175701971472,-17.699079469821882],[-72.2517572421561,-17.69907930220403],[-72.25176122239355,-17.69907624805996],[-72.2517614402699,-17.69907607784],[-72.25176536659905,-17.699072954696447],[-72.2517655799264,-17.699072781951035],[-72.25176945115112,-17.69906959075923],[-72.25176965994585,-17.699069415563255],[-72.25177347488695,-17.69906615729527],[-72.251773679167,-17.699065979720878],[-72.25177743666245,-17.69906265536928],[-72.25177763644771,-17.699062475485352],[-72.25178133535286,-17.69905908606274],[-72.2517815306632,-17.69905890393635],[-72.2517851698515,-17.699055450475175],[-72.25178536070882,-17.699055266169815],[-72.25178893907156,-17.699051749722013],[-72.25178912549724,-17.69905156329969],[-72.2517926419446,-17.699047984936442],[-72.25179282396168,-17.699047796455577],[-72.25179627742236,-17.69904415726688],[-72.25179645505345,-17.699043966784107],[-72.25179984447554,-17.69904026787845],[-72.25180001774388,-17.699040075447677],[-72.25180334209483,-17.699036317951816],[-72.25180351102313,-17.699036123625195],[-72.25180676929061,-17.699032308683726],[-72.25180693390314,-17.69903211250922],[-72.25181012509422,-17.69902824128415],[-72.25181028541265,-17.699028043310395],[-72.2518134085557,-17.699024116980965],[-72.25181356460382,-17.699023917251388],[-72.25181661874718,-17.699019937013617],[-72.25181677054685,-17.699019735571536],[-72.25181975476029,-17.699015702637876],[-72.25181990233327,-17.69901549952386],[-72.25182281570791,-17.69901141512268],[-72.25182295907594,-17.699011210374653],[-72.25182580072415,-17.699007075750153],[-72.25182593990716,-17.69900686940544],[-72.25182870896346,-17.699002685817124],[-72.2518288439816,-17.699002477910003],[-72.2518315396025,-17.698998246632136],[-72.25183167047484,-17.698998037195075],[-72.25183429183903,-17.698993759516576],[-72.25183441858296,-17.69899354858164],[-72.25183696489216,-17.698989225805526],[-72.25183708752478,-17.698989013401846],[-72.25183955800344,-17.698984646844938],[-72.25183967654073,-17.69898443300016],[-72.25184207043621,-17.698980023992483],[-72.25184218489294,-17.69897980873273],[-72.2518445014759,-17.69897535861732],[-72.25184461186501,-17.698975141968422],[-72.25184685042998,-17.69897065210088],[-72.2518469567641,-17.69897043408547],[-72.25184911662912,-17.698965905833404],[-72.2518492189188,-17.698965686474097],[-72.25185129942592,-17.698961121216854],[-72.25185139768061,-17.698960900534757],[-72.2518533981961,-17.69895629966294],[-72.25185349242362,-17.69895607767817],[-72.2518554123382,-17.69895144259331],[-72.25185550254517,-17.698951219324467],[-72.25185734127402,-17.698946551438393],[-72.25185742746561,-17.69894632690262],[-72.25185918444838,-17.698941627637282],[-72.25185926662742,-17.698941401853055],[-72.25186094132926,-17.69893667263983],[-72.25186101949802,-17.6989364456218],[-72.25186261140853,-17.69893168790131],[-72.25186268556683,-17.698931459665847],[-72.25186419420129,-17.698926674887343],[-72.25186426434774,-17.69892644544865],[-72.25186568924653,-17.69892163506952],[-72.25186575537793,-17.698921404441705],[-72.25186709610699,-17.69891656992732],[-72.25186715821832,-17.69891633812412],[-72.25186841436926,-17.69891148094712],[-72.25186847245376,-17.698911247981837],[-72.25186964364406,-17.698906369621763],[-72.25186969769344,-17.698906135506743],[-72.2518707835662,-17.69890123744961],[-72.25187083357015,-17.69890100219748],[-72.25187183379454,-17.698896085935196],[-72.25187187974089,-17.698895849559023],[-72.2518727940124,-17.698890916589207],[-72.25187283588748,-17.69889067910055],[-72.25187366392753,-17.698885730925817],[-72.25187370171561,-17.698885492337094],[-72.25187444327194,-17.69888053046468],[-72.25187447695549,-17.698880290788452],[-72.25187513180225,-17.698875316729815],[-72.25187516136195,-17.69887507597867],[-72.25187572929977,-17.698870091248953],[-72.25187575471448,-17.698869849435514],[-72.25187623557032,-17.698864855553108],[-72.25187625681708,-17.698864612690013],[-72.25187665044432,-17.698859611176108],[-72.25187666749825,-17.698859367277787],[-72.25187697377709,-17.69885435965586],[-72.25187698661159,-17.698854114736477],[-72.25187720544884,-17.69884910253196],[-72.25187721403556,-17.698848856605004],[-72.25187734536426,-17.698843841344633],[-72.25187734967288,-17.698843594427217],[-72.25187739345331,-17.69883857763867],[-72.25187739345188,-17.69883832974643],[-72.25187734967066,-17.6988333129579],[-72.25187734532547,-17.698833064108236],[-72.25187721399598,-17.69882804884789],[-72.25187720527154,-17.69882779905823],[-72.25187698643352,-17.698822786853707],[-72.25187697329275,-17.698822536145144],[-72.25187666701314,-17.698817528523268],[-72.25187664941726,-17.69881727691536],[-72.25187625578924,-17.698812275401494],[-72.25187623369779,-17.698812022916325],[-72.25187575284113,-17.69880702903396],[-72.25187572621232,-17.698806775696124],[-72.25187515827375,-17.698801790966446],[-72.25187512706404,-17.698801536800342],[-72.2518744722165,-17.698796562741737],[-72.25187443638104,-17.698796307774245],[-72.25187369482398,-17.698791345901906],[-72.25187365431647,-17.69879109016132],[-72.25187282627562,-17.69878614198664],[-72.25187278104863,-17.69878588550456],[-72.2518718667764,-17.698780952534833],[-72.25187181678106,-17.69878069534342],[-72.25187081655592,-17.698775779081167],[-72.2518707617423,-17.698775521215023],[-72.25186967586887,-17.698770623157955],[-72.25186961618607,-17.698770364654408],[-72.25186844499507,-17.698765486294366],[-72.2518683803913,-17.698765227193476],[-72.25186712423965,-17.698760370016604],[-72.25186705466213,-17.698760110359874],[-72.25186571393242,-17.698755275845592],[-72.25186563932765,-17.6987550156776],[-72.25186421442818,-17.698750205298584],[-72.25186413474225,-17.69874994466721],[-72.2518626261071,-17.698745159888784],[-72.25186254128569,-17.6987448988447],[-72.25186094937455,-17.69874014112435],[-72.25186085936276,-17.698739879720222],[-72.25185918466033,-17.698735150507144],[-72.2518590894037,-17.698734888800406],[-72.25185733242027,-17.698730189535194],[-72.25185723186348,-17.698729927584345],[-72.25185539313401,-17.698725259698396],[-72.25185528722314,-17.698724997568185],[-72.25185336730797,-17.698720362483403],[-72.25185325598851,-17.698720100239353],[-72.25185125547242,-17.698715499367694],[-72.25185113869092,-17.698715237080197],[-72.25184905818328,-17.69871067182306],[-72.25184893588694,-17.698710409565585],[-72.25184677602135,-17.69870588131365],[-72.25184664815875,-17.698705619164127],[-72.25184440959319,-17.698701129296722],[-72.25184427611421,-17.698700867336992],[-72.25184195953072,-17.69869641722172],[-72.2518418203859,-17.698696155535774],[-72.25183942648995,-17.698691746528258],[-72.25183928163293,-17.698691485206545],[-72.25183681115385,-17.698687118649733],[-72.25183666053935,-17.698686857784907],[-72.2518341142297,-17.698682535008988],[-72.25183395781512,-17.698682274698427],[-72.25183133645045,-17.69867799702008],[-72.25183117419559,-17.69867773736489],[-72.25182847857427,-17.698673506087147],[-72.2518283104425,-17.69867324719372],[-72.25182554138587,-17.69866906360554],[-72.25182536734299,-17.698668805582965],[-72.2518225256944,-17.698664670958642],[-72.25182234570997,-17.69866441392076],[-72.251819432335,-17.698660329519747],[-72.25181924638287,-17.698660073584946],[-72.25181626216909,-17.698656040651414],[-72.25181607022643,-17.698655785941117],[-72.25181301608278,-17.698651805703552],[-72.25181281813173,-17.698651552343858],[-72.25180969498838,-17.69864762601456],[-72.25180949101643,-17.69864737413618],[-72.25180629982513,-17.698643502911306],[-72.25180608982302,-17.698643252646377],[-72.2518028315553,-17.69863943770505],[-72.2518026155221,-17.698639189192974],[-72.25179929117094,-17.69863543169731],[-72.25179906910859,-17.698635185077656],[-72.2517956796863,-17.69863148617215],[-72.25179545160478,-17.6986312415901],[-72.25179199814397,-17.698627602401565],[-72.25179176405884,-17.69862736000463],[-72.25178824761136,-17.698623781641544],[-72.2517880075453,-17.69862354158063],[-72.25178442918241,-17.69862002513301],[-72.25178418316449,-17.698619787561256],[-72.25178054397611,-17.698616334100233],[-72.25178029204353,-17.698616099174185],[-72.25177659313832,-17.698612709751703],[-72.25177633533458,-17.69861247762889],[-72.25177257783906,-17.69860915327745],[-72.2517723142171,-17.698608924118908],[-72.25176849927601,-17.6986056658511],[-72.25176822989509,-17.698605439818067],[-72.25176435867036,-17.698602248626393],[-72.25176408359907,-17.6986020258823],[-72.25176015726996,-17.69859890273886],[-72.25175987658538,-17.698598683448097],[-72.25175589634799,-17.698595629304183],[-72.2517556101341,-17.698595413630464],[-72.25175157720068,-17.698592429416482],[-72.25175128555259,-17.69859221752547],[-72.25174720115177,-17.698589304150346],[-72.25174690417123,-17.698589096205886],[-72.2517427695471,-17.698586254557057],[-72.25174246734505,-17.698586050722565],[-72.25173828375702,-17.69858328166573],[-72.25173797645446,-17.698583082104335],[-72.25173374517699,-17.698580386482874],[-72.25173343290189,-17.69858019135475],[-72.25172915522376,-17.698577569989812],[-72.25172883811379,-17.698577379453724],[-72.25172451533791,-17.698574833143816],[-72.25172419353945,-17.69857464735604],[-72.25171982698281,-17.6985721768768],[-72.2517195006504,-17.698571995990218],[-72.25171509164309,-17.698569602094157],[-72.25171476093888,-17.698569426257862],[-72.25171031082374,-17.698567109674165],[-72.2517099759188,-17.69856693903361],[-72.25170548605139,-17.69856470046797],[-72.25170514712487,-17.69856453516431],[-72.25170061887302,-17.698562375298557],[-72.25170027610989,-17.698562215467145],[-72.25169571085286,-17.69856013495925],[-72.25169536444669,-17.698559980730757],[-72.25169076357514,-17.698557980214467],[-72.25169041372564,-17.698557831713433],[-72.25168577864106,-17.69855591179813],[-72.25168542555421,-17.698555769142825],[-72.25168075766834,-17.698553930413258],[-72.25168040155563,-17.698553793715263],[-72.25167570229041,-17.6985520367316],[-72.25167534336953,-17.698551906095723],[-72.25167061415655,-17.698550231393135],[-72.25167025264898,-17.69855010691657],[-72.25166549492867,-17.698548515005175],[-72.2516651310606,-17.698548396777547],[-72.25166034628224,-17.698546888142314],[-72.25165998028352,-17.698546776245347],[-72.25165516990445,-17.698545351345754],[-72.2516548020084,-17.698545245853147],[-72.25164996749419,-17.69854390512328],[-72.25164959793565,-17.698543806100034],[-72.25164474075882,-17.698542549948275],[-72.25164436977538,-17.698542457451207],[-72.25163949141535,-17.698541286260145],[-72.25163911924501,-17.69854120033717],[-72.2516342211879,-17.698540114463654],[-72.25163384807058,-17.69854003515426],[-72.25162893180838,-17.69853903492898],[-72.25162855798264,-17.69853896226356],[-72.25162362501281,-17.69853804799121],[-72.25162325071685,-17.698537981991496],[-72.25161830254204,-17.69853715395064],[-72.25161792801386,-17.69853709462978],[-72.25161296614147,-17.69853635307257],[-72.25161259161584,-17.698536300434863],[-72.25160761755724,-17.698535645587203],[-72.25160724326715,-17.698535599628404],[-72.25160225853736,-17.6985350316898],[-72.25160188471308,-17.698534992397384],[-72.25159689083061,-17.69853451154079],[-72.25159651769827,-17.698534478893897],[-72.25159151618439,-17.69853408526582],[-72.25159114396651,-17.69853405923561],[-72.25158613634446,-17.698533752955942],[-72.25158576525907,-17.698533733505855],[-72.25158075305445,-17.69853351466789],[-72.25158038331445,-17.69853350175379],[-72.25157536805392,-17.69853337042418],[-72.25157499986646,-17.698533363994823],[-72.2515699830778,-17.6985333202136]],[[-72.2515729484858,-17.698565913822105],[-72.25157759792954,-17.698565954396805],[-72.25158224419125,-17.69856607606311],[-72.251586885947,-17.69856627872616],[-72.25159152188114,-17.69856656227166],[-72.2515961506827,-17.698566926565874],[-72.25160077104958,-17.698567371456218],[-72.25160538168447,-17.698567896771326],[-72.25160998129708,-17.698568502321447],[-72.25161456860441,-17.698569187898748],[-72.25161914232858,-17.698569953277268],[-72.25162370119935,-17.69857079821368],[-72.25162824395137,-17.698571722446633],[-72.25163276932624,-17.698572725697677],[-72.25163727607145,-17.698573807671117],[-72.25164176293887,-17.698574968053535],[-72.25164622868829,-17.698576206515078],[-72.25165067208283,-17.698577522708085],[-72.25165509189085,-17.698578916267813],[-72.25165948688692,-17.698580386812576],[-72.25166385585017,-17.69858193394323],[-72.25166819756323,-17.69858355724285],[-72.25167251081514,-17.698585256277596],[-72.25167679439795,-17.698587030595316],[-72.25168104710907,-17.698588879726376],[-72.25168526774955,-17.698590803182668],[-72.2516894551259,-17.698592800458396],[-72.2516936080477,-17.6985948710284],[-72.2516977253293,-17.698597014349197],[-72.2517018057906,-17.698599229858626],[-72.25170584825528,-17.698601516974712],[-72.25170985155177,-17.698603875096165],[-72.25171381451273,-17.698606303601476],[-72.25171773597843,-17.698608801850384],[-72.25172161479202,-17.69861136918072],[-72.25172544980411,-17.698614004911267],[-72.2517292398712,-17.698616708339546],[-72.25173298385515,-17.698619478741577],[-72.2517366806261,-17.698622315373452],[-72.25174032906136,-17.69862521746957],[-72.2517439280451,-17.698628184242544],[-72.25174747647088,-17.69863121488425],[-72.25175097324107,-17.698634308564948],[-72.25175441726645,-17.698637464432604],[-72.25175780746946,-17.698640681614908],[-72.25176114278096,-17.698643959216216],[-72.25176442214442,-17.698647296320456],[-72.25176764451427,-17.6986506919896],[-72.25177080885855,-17.698654145265238],[-72.25177391415642,-17.698657655165945],[-72.25177695940157,-17.698661220689697],[-72.25177994360239,-17.69866484081482],[-72.25178286578107,-17.69866851449678],[-72.25178572497565,-17.698672240671648],[-72.2517885202408,-17.698676018255714],[-72.25179125064639,-17.69867984614314],[-72.25179391528114,-17.69868372321076],[-72.25179651325091,-17.69868764831497],[-72.25179904368012,-17.698691620293168],[-72.25180150571155,-17.698695637963535],[-72.25180389850846,-17.698699700126774],[-72.25180622125458,-17.698703805566836],[-72.25180847315228,-17.698707953046473],[-72.25181065342719,-17.698712141315955],[-72.25181276132568,-17.6987163691064],[-72.25181479611567,-17.69872063513253],[-72.25181675708866,-17.698724938095577],[-72.25181864355875,-17.698729276680183],[-72.25182045486338,-17.69873364955692],[-72.25182219036401,-17.69873805538223],[-72.25182384944598,-17.698742492799298],[-72.25182543151939,-17.698746960437365],[-72.25182693601937,-17.698751456914685],[-72.25182836240633,-17.698755980836758],[-72.25182971016612,-17.698760530798403],[-72.25183097881026,-17.698765105382464],[-72.25183216787698,-17.698769703163432],[-72.25183327693036,-17.698774322703947],[-72.2518343055614,-17.698778962560144],[-72.25183525338781,-17.698783621277283],[-72.25183612005456,-17.69878829739421],[-72.25183690523387,-17.698792989442403],[-72.25183760862507,-17.698797695945373],[-72.25183822995555,-17.698802415421834],[-72.25183876898045,-17.69880714638559],[-72.25183922548236,-17.698811887341506],[-72.25183959927206,-17.698816636794934],[-72.25183989018859,-17.698821393244458],[-72.2518400980992,-17.698826155186712],[-72.25184022289889,-17.698830921113597],[-72.25184026451176,-17.698835689517715],[-72.25184022288973,-17.698840458888537],[-72.25184009801339,-17.698845227713274],[-72.25183988989129,-17.698849994482593],[-72.25183959856113,-17.698854757682245],[-72.25183922408858,-17.698859515802972],[-72.2518387665676,-17.69886426733514],[-72.25183822612104,-17.698869010769954],[-72.25183760289984,-17.698873744602217],[-72.251836897083,-17.698878467330594],[-72.25183610887825,-17.69888317745387],[-72.25183523852093,-17.69888787347946],[-72.25183428627508,-17.69889255391558],[-72.25183325243233,-17.698897217276812],[-72.25183213731214,-17.698901862084732],[-72.2518309412621,-17.69890648686538],[-72.25182966465741,-17.698911090151736],[-72.25182830790027,-17.69891567048566],[-72.2518268714208,-17.69892022641513],[-72.25182535567653,-17.698924756496147],[-72.25182376115097,-17.698929259296083],[-72.25182208835602,-17.698933733388536],[-72.25182033782859,-17.698938177360052],[-72.25181851013353,-17.698942589805238],[-72.2518166058612,-17.698946969330954],[-72.25181462562854,-17.698951314554023],[-72.25181257007715,-17.69895562410619],[-72.25181043987595,-17.69895989662784],[-72.25180823571769,-17.69896413077574],[-72.25180595832106,-17.698968325217653],[-72.25180360842936,-17.69897247863636],[-72.25180118681045,-17.698976589728783],[-72.25179869425607,-17.698980657207326],[-72.251796131582,-17.698984679799015],[-72.25179349962859,-17.698988656246176],[-72.25179079925755,-17.69899258530985],[-72.25178803135549,-17.698996465764726],[-72.25178519683072,-17.69900029640458],[-72.25178229661323,-17.699004076041085],[-72.25177933165556,-17.69900780350311],[-72.25177630293247,-17.699011477637608],[-72.251773211438,-17.699015097311936],[-72.25177005818789,-17.699018661412378],[-72.25176684421848,-17.699022168844053],[-72.25176357058467,-17.69902561853377],[-72.25176023836205,-17.699029009427637],[-72.25175684864435,-17.699032340493535],[-72.25175340254361,-17.69903561072055],[-72.25174990119007,-17.69903881911958],[-72.25174634573156,-17.69904196472315],[-72.25174273733239,-17.699045046586804],[-72.25173907717382,-17.699048063788258],[-72.25173536645178,-17.699051015429404],[-72.25173160637871,-17.699053900634585],[-72.25172779818155,-17.699056718551812],[-72.25172394310096,-17.69905946835371],[-72.251720042391,-17.69906214923707],[-72.25171609731989,-17.69906476042227],[-72.25171210916648,-17.69906730115587],[-72.25170807922295,-17.699069770708135],[-72.25170400879107,-17.69907216837539],[-72.25169989918409,-17.69907449347876],[-72.25169575172514,-17.699076745364934],[-72.25169156774571,-17.699078923406436],[-72.25168734858653,-17.69908102700123],[-72.25168309559513,-17.69908305557375],[-72.25167881012761,-17.699085008573487],[-72.25167449354502,-17.699086885476625],[-72.25167014721589,-17.699088685784798],[-72.25166577251177,-17.69909040902627],[-72.25166137081048,-17.699092054754583],[-72.25165694349222,-17.699093622549874],[-72.25165249194144,-17.699095112017627],[-72.25164801754421,-17.699096522789333],[-72.25164352168792,-17.69909785452226],[-72.2516390057624,-17.699099106898956],[-72.25163447115726,-17.69910027962725],[-72.25162991926167,-17.69910137244036],[-72.25162535146396,-17.69910238509636],[-72.25162076915197,-17.699103317377933],[-72.25161617371096,-17.699104169092266],[-72.25161156652425,-17.699104940070562],[-72.25160694897143,-17.69910563016809],[-72.25160232242955,-17.699106239263564],[-72.25159768827119,-17.69910676725885],[-72.2515930478646,-17.699107214078854],[-72.25158840257419,-17.699107579670756],[-72.25158375375807,-17.6991078640042],[-72.25157910277012,-17.699108067070323],[-72.25157445095724,-17.699108188881986],[-72.25156979966226,-17.69910822947288],[-72.25156515022037,-17.69910818889743],[-72.25156050396087,-17.699108067230487],[-72.25155586220701,-17.699107864566773],[-72.25155122627505,-17.699107581020634],[-72.25154659747518,-17.69910721672582],[-72.25154197711045,-17.69910677183491],[-72.25153736647755,-17.6991062465193],[-72.25153276686684,-17.699105640968682],[-72.25152817956186,-17.69910495539095],[-72.25152360583942,-17.699104190011933],[-72.25151904697078,-17.699103345075187],[-72.25151450422038,-17.699102420841804],[-72.25150997884755,-17.699101417590434],[-72.2515054721046,-17.69910033561679],[-72.25150098523862,-17.699099175233947],[-72.2514965194909,-17.699097936772088],[-72.2514920760986,-17.69909662057898],[-72.25148765629201,-17.699095227018905],[-72.25148326129734,-17.69909375647388],[-72.25147889233627,-17.699092209343238],[-72.25147455062398,-17.69909058604317],[-72.25147023737382,-17.699088887008347],[-72.25146595379243,-17.69908711269046],[-72.2514617010822,-17.699085263559095],[-72.25145748044342,-17.69908334010281],[-72.25145329306835,-17.699081342826943],[-72.25144914014771,-17.699079272256792],[-72.25144502286678,-17.699077128935635],[-72.25144094240628,-17.69907491342599],[-72.25143689994297,-17.69907262630997],[-72.2514328966472,-17.69907026818823],[-72.25142893368704,-17.699067839682744],[-72.25142501222187,-17.69906534143355],[-72.25142113340894,-17.699062774102988],[-72.25141729839721,-17.69906013837215],[-72.25141350833091,-17.69905743494373],[-72.25140976434741,-17.69905466454146],[-72.25140606757665,-17.699051827909177],[-72.25140241914177,-17.69904892581282],[-72.25139882015834,-17.69904595903959],[-72.25139527173287,-17.69904292839763],[-72.25139177496257,-17.699039834716398],[-72.25138833093757,-17.69903667884861],[-72.25138494073447,-17.69903346166583],[-72.25138160542339,-17.699030184064544],[-72.2513783260599,-17.69902684695985],[-72.25137510368923,-17.69902345128957],[-72.25137193934557,-17.6990199980143],[-72.25136883404751,-17.699016488113138],[-72.25136578880219,-17.699012922588977],[-72.25136280460119,-17.699009302463413],[-72.25135988242249,-17.699005628781347],[-72.25135702322746,-17.699001902605694],[-72.25135422796265,-17.69899812502207],[-72.2513514975564,-17.698994297133684],[-72.25134883292125,-17.698990420065563],[-72.25134623495131,-17.698986494961215],[-72.2513437045221,-17.698982522983115],[-72.25134124249024,-17.69897850531236],[-72.25133884969281,-17.698974443148366],[-72.25133652694647,-17.698970337708456],[-72.25133427504854,-17.698966190228568],[-72.25133209477316,-17.698962001958705],[-72.25132998687448,-17.698957774168367],[-72.25132795208413,-17.69895350814209],[-72.25132599111069,-17.698949205178856],[-72.25132410464016,-17.698944866593987],[-72.25132229333506,-17.698940493717366],[-72.25132055783418,-17.698936087892086],[-72.25131889875192,-17.698931650475334],[-72.25131731667786,-17.698927182836837],[-72.25131581217752,-17.698922686359786],[-72.2513143857902,-17.698918162437927],[-72.25131303802996,-17.698913612476534],[-72.25131176938532,-17.69890903789247],[-72.251310580318,-17.698904440111853],[-72.25130947126414,-17.69889982057107],[-72.25130844263278,-17.69889518071629],[-72.25130749480577,-17.698890521999033],[-72.25130662813841,-17.698885845881964],[-72.25130584295863,-17.698881153834897],[-72.25130513956685,-17.698876447332474],[-72.25130451823571,-17.698871727855813],[-72.25130397921023,-17.69886699689322],[-72.25130352270773,-17.698862255937623],[-72.2513031489174,-17.698857506485165],[-72.25130285800013,-17.698852750035748],[-72.25130265008889,-17.69884798809517],[-72.25130252528845,-17.698843222168403],[-72.25130248367485,-17.698838453764527],[-72.25130252529611,-17.69883368439547],[-72.25130265017172,-17.698828915570733],[-72.25130285829297,-17.698824148803055],[-72.25130314962234,-17.69881938560337],[-72.25130352409406,-17.698814627483987],[-72.25130398161411,-17.6988098759529],[-72.25130452205978,-17.69880513251916],[-72.25130514528007,-17.698800398687492],[-72.2513058510959,-17.69879567596048],[-72.25130663929976,-17.698790965837667],[-72.251307509656,-17.698786269813468],[-72.25130846190078,-17.69878158937861],[-72.2513094957426,-17.698776926017807],[-72.25131061086148,-17.698772281211486],[-72.25131180691056,-17.698767656431677],[-72.25131308351422,-17.698763053145974],[-72.25131444027004,-17.698758472813765],[-72.25131587674842,-17.6987539168851],[-72.25131739249147,-17.69874938680513],[-72.25131898701575,-17.69874488400644],[-72.2513206598096,-17.698740409914716],[-72.25132241033559,-17.69873596594434],[-72.2513242380294,-17.698731553500476],[-72.25132614230048,-17.698727173975747],[-72.25132812253199,-17.698722828753247],[-72.25133017808189,-17.698718519202455],[-72.25133230828195,-17.698714246681362],[-72.25133451243875,-17.698710012534615],[-72.25133678983397,-17.698705818093618],[-72.25133913972437,-17.69870166467581],[-72.25134156134186,-17.698697553584147],[-72.25134405389498,-17.69869348610644],[-72.2513466165675,-17.698689463515734],[-72.25134924851955,-17.698685487069305],[-72.25135194888918,-17.698681558006555],[-72.25135471679002,-17.698677677552148],[-72.25135755131363,-17.69867384691272],[-72.25136045152973,-17.698670067276883],[-72.25136341648584,-17.698666339815713],[-72.25136644520758,-17.698662665681724],[-72.2513695367009,-17.698659046007695],[-72.25137268994976,-17.698655481907693],[-72.25137590391799,-17.698651974476345],[-72.25137917755055,-17.69864852478698],[-72.2513825097718,-17.69864513389355],[-72.25138589948853,-17.69864180282774],[-72.25138934558824,-17.6986385326008],[-72.25139284694046,-17.69863532420209],[-72.2513964023978,-17.698632178598768],[-72.25140001079622,-17.69862909673492],[-72.25140367095392,-17.69862607953334],[-72.25140738167502,-17.69862312789217],[-72.25141114174681,-17.698620242687184],[-72.25141494994358,-17.69861742476954],[-72.25141880502355,-17.69861467496725],[-72.25142270573255,-17.698611994083898],[-72.2514266508032,-17.698609382898233],[-72.25143063895598,-17.69860684216431],[-72.25143466889931,-17.698604372611467],[-72.25143873933041,-17.69860197494398],[-72.25144284893719,-17.698599649840048],[-72.25144699639601,-17.698597397953264],[-72.25145118037534,-17.69859521991113],[-72.25145539953445,-17.698593116315728],[-72.25145965252588,-17.69859108774246],[-72.25146393799338,-17.698589134742065],[-72.25146825457578,-17.698587257838362],[-72.25147260090566,-17.698585457529227],[-72.25147697561003,-17.698583734286995],[-72.25148137731188,-17.69858208855779],[-72.25148580463036,-17.69858052076175],[-72.251490256182,-17.698579031293058],[-72.25149473058015,-17.698577620520403],[-72.25149922643682,-17.698576288786676],[-72.25150374236331,-17.69857503640908],[-72.25150827696953,-17.69857386367983],[-72.2515128288663,-17.698572770865773],[-72.25151739666484,-17.698571758208907],[-72.25152197897822,-17.698570825926367],[-72.25152657442035,-17.698569974211143],[-72.25153118160875,-17.698569203231905],[-72.25153579916284,-17.698568513133463],[-72.25154042570621,-17.698567904037112],[-72.25154505986623,-17.698567376040945],[-72.25154970027462,-17.69856692922007],[-72.25155434556656,-17.698566563627303],[-72.2515589943843,-17.6985662792931],[-72.2515636453744,-17.698566076226136],[-72.2515682971889,-17.698565954413713],[-72.2515729484858,-17.698565913822105]]]]}},{"type":"Feature","properties":{"id":"street_dimaeta_stsutodo_marketcircle","group":null,"name":"Market Circle","settlement_id":"settlement_dimaeta","country_id":"country_tsutodo","district_id":null,"status":"active","surface":"paved","access":"public","bridge":null,"tunnel":null,"oneway":null,"route_id":null,"alt_name":null,"notes":null},"geometry":{"type":"MultiPolygon","coordinates":[[[[-72.2548791353952,-17.694546170817755],[-72.25487876896788,-17.694546170815034],[-72.2548751766703,-17.69454620216427],[-72.25487481219317,-17.6945462085234],[-72.25487122098988,-17.694546302562088],[-72.25487085865174,-17.69454631521225],[-72.25486726963665,-17.69454647191176],[-72.25486690962025,-17.69454649077637],[-72.25486332388643,-17.69454671008895],[-72.25486296636706,-17.69454673508599],[-72.25485938500698,-17.694547016944842],[-72.25485903015304,-17.6945470479873],[-72.25485545425754,-17.69454739230662],[-72.25485510223083,-17.69454742930276],[-72.25485153288909,-17.694547835977584],[-72.25485118384195,-17.694547878831752],[-72.2548476221413,-17.694548347738284],[-72.25484727622114,-17.694548396350676],[-72.2548437232466,-17.694548927346034],[-72.25484338059152,-17.694548981613696],[-72.2548398374251,-17.694549574536122],[-72.25483949816581,-17.69454963435305],[-72.25483596588697,-17.694550289021972],[-72.25483563014727,-17.694550354279464],[-72.25483210983202,-17.69455107049542],[-72.25483177772762,-17.69455114108263],[-72.25482827044819,-17.694551918627493],[-72.25482794208718,-17.69455199443178],[-72.25482444891192,-17.694552833068734],[-72.25482412439574,-17.69455291397584],[-72.25482064638882,-17.694553813449325],[-72.25482032581074,-17.694553899344083],[-72.25481686403143,-17.6945548593802],[-72.25481654747858,-17.694554950146333],[-72.2548131029814,-17.6945559704526],[-72.25481279053253,-17.694556065973828],[-72.25480936436686,-17.69455714623949],[-72.25480905609552,-17.694557246398944],[-72.25480564930488,-17.694558386294908],[-72.25480534527705,-17.694558490976082],[-72.25480195889922,-17.694559690155092],[-72.25480165917465,-17.694559799241908],[-72.25479829424103,-17.694561057338785],[-72.25479799887331,-17.69456117071578],[-72.25479465640905,-17.694562487347252],[-72.25479436544616,-17.69456260489983],[-72.25479104646942,-17.694563979664785],[-72.25479075995337,-17.69456410127957],[-72.25478746547495,-17.694565533759274],[-72.25478718344178,-17.69456565932448],[-72.2547839144654,-17.694567149082594],[-72.25478363694693,-17.69456727848755],[-72.25478039446827,-17.694568825070306],[-72.2547801214912,-17.69456895820609],[-72.25477690649794,-17.69457056114231],[-72.25477663808317,-17.694570697902428],[-72.25477345155467,-17.694572356703915],[-72.25477318772006,-17.694572496983263],[-72.25477003062699,-17.69457421114471],[-72.25476977138584,-17.69457435484042],[-72.2547666446898,-17.694576123839607],[-72.25476639005068,-17.69457627085161],[-72.25476329470408,-17.69457809414981],[-72.25476304467281,-17.6945782443798],[-72.25475998161868,-17.694580121421552],[-72.25475973619763,-17.694580274773728],[-72.2547567063689,-17.69458220498724],[-72.25475646555682,-17.694582361368536],[-72.25475346987635,-17.694584344165886],[-72.25475323366923,-17.694584503485718],[-72.25475027304958,-17.694586538262932],[-72.25475004144043,-17.694586700433558],[-72.25474711678363,-17.694588786570783],[-72.25474688976449,-17.69458895150605],[-72.25474400196099,-17.69459108836784],[-72.25474377951892,-17.694591255986214],[-72.25474092944876,-17.694593442921708],[-72.25474071157191,-17.694593613142032],[-72.25473790010298,-17.69459584948501],[-72.25473768677497,-17.694596022230936],[-72.25473491476389,-17.694598307300208],[-72.25473470596843,-17.694598482496747],[-72.25473197425953,-17.6946008155963],[-72.25473176997878,-17.694600993171232],[-72.2547290794041,-17.69460337359029],[-72.25472887961791,-17.694603553474987],[-72.25472623099711,-17.69460598048856],[-72.25472603568612,-17.6946061626155],[-72.2547234298258,-17.69460863548421],[-72.2547232389677,-17.69460881979029],[-72.25472067666183,-17.694611337760904],[-72.25472049023529,-17.69461152418406],[-72.25471797226429,-17.694614086489583],[-72.25471779024647,-17.69461427497117],[-72.25471531737738,-17.69461688083109],[-72.25471513974547,-17.694617071314667],[-72.25471271273153,-17.694619719935233],[-72.25471253946242,-17.694619912366832],[-72.25471015904299,-17.69462260294123],[-72.25470999011381,-17.69462279726882],[-72.25470765701381,-17.694625528977525],[-72.25470749240068,-17.69462572515267],[-72.25470520733104,-17.6946284971635],[-72.25470504701183,-17.694628695138135],[-72.25470281066835,-17.69463150660674],[-72.25470265461934,-17.694631706337358],[-72.25470046768345,-17.694634556407348],[-72.2547003158832,-17.694634757850164],[-72.25469817902095,-17.694637645653337],[-72.25469803144728,-17.694637848768235],[-72.2546959453095,-17.694640773425018],[-72.25469580194095,-17.694640978173734],[-72.25469376716325,-17.694643938793185],[-72.25469362797946,-17.694644145138923],[-72.25469164518162,-17.694647140819217],[-72.25469151016303,-17.694647348727],[-72.25468957994889,-17.69465037855568],[-72.25468944907615,-17.694650587993298],[-72.25468757203387,-17.694653651047368],[-72.25468744528929,-17.69465386198335],[-72.2546856219906,-17.694656957329833],[-72.25468549935766,-17.694657169734054],[-72.25468373035781,-17.69466029643003],[-72.25468361182001,-17.694660510275607],[-72.254681897658,-17.69466366736867],[-72.254681783201,-17.69466388262887],[-72.25468012439896,-17.694667069157386],[-72.25468001400945,-17.694667285806933],[-72.25467841107263,-17.694670500800157],[-72.25467830473835,-17.6946707188159],[-72.25467675815497,-17.69467396129461],[-72.25467665586497,-17.694674180654445],[-72.25467516610628,-17.694677449630923],[-72.25467506785151,-17.694677670313144],[-72.25467363537119,-17.694680964791594],[-72.25467354114349,-17.694681186776695],[-72.25467216637787,-17.694684505753607],[-72.25467207617068,-17.69468472902297],[-72.25467075953863,-17.694688071487377],[-72.25467067334705,-17.694688296022928],[-72.25466941524961,-17.69469166095664],[-72.25466933307044,-17.694691886741168],[-72.25466813389077,-17.694695273119226],[-72.25466805572208,-17.694695500136888],[-72.2546669158255,-17.694698906927737],[-72.25466684166716,-17.69469913516312],[-72.25466576140087,-17.694702561329034],[-72.25466569125437,-17.694702790767643],[-72.25466467094749,-17.694706235265006],[-72.25466460481618,-17.694706465892377],[-72.25466364477947,-17.69470992767192],[-72.25466358266831,-17.694710159474198],[-72.2546626831941,-17.694713637481442],[-72.25466262510949,-17.694713870446858],[-72.25466178647197,-17.694717363622402],[-72.2546617324228,-17.69471759773622],[-72.25466095487724,-17.694721105015944],[-72.25466090487338,-17.69472134026741],[-72.25466018865681,-17.69472486058305],[-72.2546601427106,-17.694725096958187],[-72.25465948804106,-17.69472862923733],[-72.2546594461662,-17.69472886672453],[-72.25465885324306,-17.694732409891245],[-72.25465881545506,-17.694732648479174],[-72.25465828445917,-17.694736201454184],[-72.25465825077582,-17.69473644112876],[-72.25465778186867,-17.69474000282979],[-72.25465775230916,-17.694740243579435],[-72.25465734563367,-17.694743812921587],[-72.25465732021911,-17.694744054733246],[-72.25465697589912,-17.69474763062923],[-72.25465695465246,-17.694747873490567],[-72.25465667279303,-17.694751454851126],[-72.2546566557392,-17.694751698747314],[-72.254656436426,-17.69475528448151],[-72.25465642359157,-17.694755529399007],[-72.25465626689144,-17.694759118414655],[-72.2546562583048,-17.69475936433909],[-72.2546561642656,-17.694762955542885],[-72.25465615995698,-17.694763202457747],[-72.25465612860718,-17.694766794755775],[-72.25465612860857,-17.694767042645456],[-72.2546561599578,-17.694770634943534],[-72.25465616430292,-17.69477088379039],[-72.25465625834153,-17.694774474994176],[-72.25465626706583,-17.694774724780835],[-72.25465642376543,-17.69477831379647],[-72.25465643690599,-17.694778564501867],[-72.25465665621859,-17.694782150236133],[-72.25465667381422,-17.69478240184071],[-72.25465695567313,-17.694785983201232],[-72.25465697776421,-17.69478623568273],[-72.25465732208363,-17.694789811578705],[-72.25465734871204,-17.694790064912972],[-72.25465775538697,-17.694793634255134],[-72.25465778659617,-17.694793888417394],[-72.25465825550276,-17.694797450118468],[-72.25465829133756,-17.694797705081815],[-72.25465882233293,-17.694801258056874],[-72.25465886283979,-17.6948015137933],[-72.25465945576236,-17.69480505696005],[-72.25465950098852,-17.69480531343751],[-72.25466015565753,-17.694808845716686],[-72.25466020565196,-17.69480910290356],[-72.254660921868,-17.69481262321922],[-72.25466097668058,-17.694812881080725],[-72.25466175422561,-17.694816388360522],[-72.25466181390713,-17.694816646858616],[-72.25466265254414,-17.694820140034196],[-72.25466271714676,-17.69482039913066],[-72.25466361662049,-17.694823877137985],[-72.25466368619654,-17.694824136789155],[-72.25466464623278,-17.69482759856877],[-72.25466472083588,-17.694827858730907],[-72.25466574114226,-17.694831303228344],[-72.25466582082647,-17.69483156385415],[-72.25466690109226,-17.69483499002013],[-72.25466698591177,-17.69483525105849],[-72.25466812580788,-17.694838657849438],[-72.25466821581746,-17.694838919247296],[-72.25466941499666,-17.694842305625446],[-72.25466951025115,-17.694842567326234],[-72.25467076834816,-17.694845932260016],[-72.25467086890234,-17.69484619420413],[-72.25467218553398,-17.694849536668627],[-72.25467229144239,-17.694849798792813],[-72.25467366620758,-17.694853117769824],[-72.25467377752412,-17.694853380006936],[-72.25467521000398,-17.694856674485475],[-72.25467532678243,-17.694856936766246],[-72.25467681654075,-17.69486020574281],[-72.25467693883381,-17.69486046799327],[-72.25467848541679,-17.694863710472067],[-72.25467861327579,-17.694863972614225],[-72.25468021621224,-17.694867187607564],[-72.25468034968773,-17.694867449560448],[-72.25468200848941,-17.694870636089057],[-72.25468214763012,-17.694870897767245],[-72.25468386179173,-17.69487405486042],[-72.25468400664494,-17.694874316175248],[-72.25468577564452,-17.69487744287132],[-72.25468592625425,-17.694877703727965],[-72.25468774955257,-17.69488079907455],[-72.25468790596281,-17.694881059377906],[-72.25468978300479,-17.694884122432104],[-72.25468994525468,-17.69488438207935],[-72.25469187546851,-17.694887411908116],[-72.25469204359517,-17.694887670793705],[-72.25469402639277,-17.69489066647411],[-72.2546942004302,-17.694890924488586],[-72.2546962352076,-17.694893885108147],[-72.2546964151865,-17.69489414213813],[-72.25469850132401,-17.694897066795047],[-72.25469868727038,-17.694897322721847],[-72.2547008241324,-17.69490021052516],[-72.25470101606889,-17.6949004652272],[-72.25470320300458,-17.694903315297328],[-72.2547034009494,-17.694903568648986],[-72.25470563729267,-17.69490638011771],[-72.25470584125813,-17.694906631988072],[-72.2547081263276,-17.694909403999013],[-72.2547083363227,-17.694909654255575],[-72.25471066942254,-17.694912385964376],[-72.25471088544877,-17.694912634468373],[-72.25471326586806,-17.69491532504289],[-72.25471348792307,-17.69491557165438],[-72.25471591493688,-17.694918220275074],[-72.25471614301088,-17.694918464849057],[-72.25471861587987,-17.694921070709068],[-72.25471884995726,-17.69492131309797],[-72.25472136792817,-17.694923875403607],[-72.25472160798626,-17.69492411545654],[-72.25472417029204,-17.69492663342726],[-72.25472441630177,-17.694926870991043],[-72.25472702216196,-17.69492934385984],[-72.25472727408605,-17.694929578777955],[-72.2547299227068,-17.694932005791628],[-72.25473018050195,-17.694932237906656],[-72.25473287107663,-17.694934618325867],[-72.25473313468986,-17.69493484747677],[-72.25473586639873,-17.694937180576414],[-72.25473613577063,-17.694937406601813],[-72.25473890778173,-17.69493969167124],[-72.25473918284398,-17.694939914407982],[-72.2547419943129,-17.694942150751054],[-72.25474227498808,-17.694942370034422],[-72.25474512505824,-17.694944556970018],[-72.25474541126283,-17.69494477263671],[-72.25474829906635,-17.69494690949859],[-72.25474859070448,-17.69494712138232],[-72.25475151536136,-17.694949207519656],[-72.25475181233273,-17.694949415457657],[-72.25475477295248,-17.694951450235003],[-72.25475507514459,-17.69495165406271],[-72.25475807082515,-17.69495363686014],[-72.25475837811788,-17.694953836415138],[-72.2547614079467,-17.69495576662875],[-72.25476172021175,-17.694955961750544],[-72.254764783266,-17.69495783879239],[-72.25476510036607,-17.69495802932245],[-72.25476819571281,-17.694959852620745],[-72.25476851750136,-17.694960038402744],[-72.25477164419755,-17.694961807402045],[-72.2547719705199,-17.694961988282973],[-72.25477512761314,-17.6949637024445],[-72.25477545830707,-17.694963878275278],[-72.25477864483574,-17.694965537076868],[-72.2547789797307,-17.69496570771226],[-72.2547821947242,-17.6949673106486],[-72.2547825336411,-17.69496747594752],[-72.25478577612003,-17.69496902253031],[-72.25478611887279,-17.694969182356836],[-72.25478938784936,-17.69497067211505],[-72.25478973424613,-17.694970826339315],[-72.25479302872482,-17.694972258819067],[-72.25479337856436,-17.694972407315827],[-72.25479669754138,-17.694973782080833],[-72.25479705061855,-17.694973924732157],[-72.25480039308307,-17.69497524136367],[-72.25480074918639,-17.694975378057997],[-72.25480411412029,-17.694976636154927],[-72.2548044730316,-17.694976766787228],[-72.25480785940974,-17.694977965966352],[-72.25480822090825,-17.69497809043974],[-72.25481162769921,-17.69497923033577],[-72.25481199155801,-17.69497934856033],[-72.25481541772399,-17.694980428826053],[-72.25481578371381,-17.694980540720223],[-72.2548192282113,-17.694981561026562],[-72.25481959609871,-17.694981666516654],[-72.25482305787833,-17.694982626552815],[-72.25482342742858,-17.69498272557376],[-72.25482690543586,-17.694983625047282],[-72.2548272764109,-17.694983717542186],[-72.25483076958658,-17.69498455617918],[-72.25483114174881,-17.694984642100227],[-72.25483464902857,-17.694985419645118],[-72.25483502213815,-17.694985498952818],[-72.25483854245375,-17.69498621516883],[-72.25483891627198,-17.694986287832716],[-72.2548424485512,-17.694986942501696],[-72.25484282283976,-17.69498700850003],[-72.25484636600656,-17.694987601422504],[-72.25484674052777,-17.694987660742175],[-72.25485029350267,-17.69498819173757],[-72.2548506680216,-17.69498824437427],[-72.25485422972267,-17.69498871328082],[-72.25485460400635,-17.69498875923876],[-72.25485817334845,-17.694989165913608],[-72.25485854716644,-17.694989205205303],[-72.25486212306237,-17.69498954952463],[-72.25486249618882,-17.694989582170948],[-72.25486607754922,-17.694989864029825],[-72.25486644976135,-17.694989890059574],[-72.25487003549559,-17.69499010937218],[-72.25487040657576,-17.69499012882193],[-72.25487399559128,-17.694990285521428],[-72.25487436532613,-17.694990298435275],[-72.25487795652985,-17.694990392473994],[-72.25487832471242,-17.694990398903172],[-72.25488191701038,-17.694990430252393],[-72.25488228343868,-17.694990430255057],[-72.25488587573659,-17.69499039890527],[-72.25488624021479,-17.694990392546053],[-72.2548898314185,-17.694990298506795],[-72.25489019375753,-17.694990285856534],[-72.25489378277302,-17.69499012915648],[-72.25489414279066,-17.69499011029175],[-72.25489772852478,-17.694989890978587],[-72.2548980860449,-17.694989865981448],[-72.25490166740524,-17.69498958412203],[-72.25490202226024,-17.694989553079452],[-72.254905598156,-17.694989208759555],[-72.25490595018383,-17.694989171763243],[-72.2549095195258,-17.69498876508784],[-72.25490986857363,-17.694988722233532],[-72.25491343027448,-17.694988253326432],[-72.25491377619554,-17.694988204713866],[-72.25491732917034,-17.69498767371795],[-72.25491767182632,-17.694987619450114],[-72.25492121499293,-17.694987026527116],[-72.25492155425297,-17.694986966710005],[-72.25492508653194,-17.69498631204054],[-72.25492542227256,-17.694986246782832],[-72.25492894258795,-17.69498553056629],[-72.25492927469301,-17.694985459978906],[-72.25493278197251,-17.69498468243352],[-72.2549331103343,-17.69498460662899],[-72.25493660350966,-17.6949837679915],[-72.25493692802638,-17.6949836870842],[-72.25494040603337,-17.694982787610204],[-72.25494072661213,-17.694982701715222],[-72.25494418839142,-17.6949817416786],[-72.254944504945,-17.6949816509122],[-72.25494794944221,-17.69498063060541],[-72.2549482618915,-17.69498053508399],[-72.25495168805712,-17.694979454817847],[-72.25495199632897,-17.69497935465819],[-72.2549554031196,-17.694978214761736],[-72.25495570714799,-17.69497811008033],[-72.25495909352577,-17.69497691090078],[-72.25495939325057,-17.694976801813855],[-72.25496275818406,-17.69497554371657],[-72.2549630535522,-17.69497543033934],[-72.25496639601633,-17.694974113707445],[-72.25496668697966,-17.694973996154634],[-72.25497000595624,-17.69497262138924],[-72.2549702924727,-17.694972499774224],[-72.2549735869509,-17.694971067294073],[-72.25497386898415,-17.694970941728783],[-72.25497713796032,-17.69496945197026],[-72.25497741547899,-17.69496932256518],[-72.25498065795743,-17.694967775982057],[-72.25498093093483,-17.69496764284605],[-72.25498414592784,-17.694966039909435],[-72.25498441434262,-17.694965903149253],[-72.25498760087085,-17.694964244347407],[-72.25498786470564,-17.694964104067925],[-72.25499102179839,-17.69496238990614],[-72.25499128103974,-17.69496224621026],[-72.25499440773541,-17.69496047721072],[-72.25499466237441,-17.694960330198743],[-72.25499775772063,-17.694958506900267],[-72.25499800775204,-17.69495835667015],[-72.25500107080579,-17.69495647962809],[-72.25500131622688,-17.694956326275847],[-72.25500434605516,-17.69495439606207],[-72.25500458686719,-17.69495423968077],[-72.25500758254718,-17.694952256883155],[-72.25500781875435,-17.69495209756324],[-72.25501077937349,-17.69495006278577],[-72.25501101098209,-17.694949900615477],[-72.25501393563856,-17.694947814478017],[-72.2550141626579,-17.694947649542573],[-72.25501705046082,-17.69494551268057],[-72.25501727290266,-17.694945345062365],[-72.25502012297231,-17.69494315812669],[-72.25502034084911,-17.69494298790636],[-72.25502315231746,-17.694940751563212],[-72.25502336564526,-17.694940578817423],[-72.25502613765583,-17.69493829374798],[-72.25502634645106,-17.69493811855156],[-72.25502907815938,-17.694935785451914],[-72.25502928243998,-17.694935607877053],[-72.2550319730141,-17.69493322745785],[-72.25503217279989,-17.694933047573443],[-72.25503482142008,-17.694930620559816],[-72.25503501673091,-17.694930438432984],[-72.25503762259056,-17.694927965564208],[-72.25503781344847,-17.69492778125829],[-72.25504037575365,-17.69492526328761],[-72.25504056217984,-17.694925076864802],[-72.25504308015022,-17.694922514559245],[-72.25504326216785,-17.69492232607781],[-72.25504573503625,-17.69491972021789],[-72.25504591266788,-17.694919529734545],[-72.2550483396811,-17.69491688111398],[-72.25504851294993,-17.694916688682664],[-72.25505089336865,-17.69491399810827],[-72.25505106229735,-17.69491380378117],[-72.2550533953967,-17.694911072072536],[-72.25505356000974,-17.694910875897456],[-72.25505584507864,-17.694908103886686],[-72.25505600539744,-17.694907905912473],[-72.2550582417402,-17.694905094443946],[-72.25505839778889,-17.694904894713673],[-72.25506058472405,-17.694902044643776],[-72.25506073652394,-17.694901843201364],[-72.25506287338546,-17.69489895539831],[-72.25506302095886,-17.694898752283773],[-72.25506510709586,-17.694895827627132],[-72.25506525046421,-17.694895622878626],[-72.25506728524115,-17.694892662259296],[-72.25506742442444,-17.6948924559142],[-72.25506940722153,-17.69488946023411],[-72.25506954223997,-17.694889252326536],[-72.25507147245328,-17.69488622249808],[-72.2550716033258,-17.694886013060753],[-72.25507348036724,-17.694882950006857],[-72.25507360711138,-17.69488273907156],[-72.25507543040929,-17.69487964372534],[-72.25507555304212,-17.694879431321326],[-72.25507732204113,-17.694876304625613],[-72.25507744057856,-17.694876090780593],[-72.2550791547398,-17.694872933687797],[-72.25507926919653,-17.694872718428044],[-72.25508092799781,-17.694869531899855],[-72.2550810383871,-17.6948693152506],[-72.25508264132313,-17.694866100257666],[-72.25508274765721,-17.694865882242315],[-72.25508429423978,-17.694862639763926],[-72.25508439652951,-17.69486242040453],[-72.25508588628738,-17.694859151428417],[-72.25508598454198,-17.694858930746527],[-72.25508741702147,-17.69485563626842],[-72.255087511249,-17.6948554142837],[-72.25508888601377,-17.69485209530717],[-72.25508897622065,-17.69485187203846],[-72.25509029285199,-17.69484852957444],[-72.25509037904342,-17.694848305039034],[-72.25509163714007,-17.69484494010575],[-72.25509171931901,-17.694844714321775],[-72.2550929184979,-17.69484132794416],[-72.25509299666648,-17.69484110092672],[-72.25509413656225,-17.69483769413631],[-72.25509421072037,-17.694837465901454],[-72.25509529098593,-17.694834039735998],[-72.25509536113229,-17.694833810297624],[-72.25509638143843,-17.694830365800733],[-72.25509644756957,-17.694830135173767],[-72.25509740760555,-17.694826673394683],[-72.25509746971665,-17.694826441592326],[-72.25509836919007,-17.694822963585565],[-72.25509842727435,-17.694822730621198],[-72.25509926591123,-17.69481923744617],[-72.25509931996038,-17.694819003332157],[-72.25510009750518,-17.69481549605293],[-72.2551001475089,-17.694815260801956],[-72.25510086372476,-17.694811740486877],[-72.25510090967086,-17.694811504112074],[-72.25510156433974,-17.694807971833455],[-72.2551016062146,-17.694807734346014],[-72.25510219913696,-17.69480419117986],[-72.25510223692477,-17.69480395259267],[-72.25510276792004,-17.694800399618213],[-72.25510280160334,-17.694800159943608],[-72.25510327050979,-17.694796598243116],[-72.25510330006927,-17.694796357493644],[-72.25510370674408,-17.694792788152096],[-72.2551037321586,-17.69479254634047],[-72.25510407647788,-17.694788970445106],[-72.25510409772447,-17.694788727584132],[-72.2551043795833,-17.69478514622417],[-72.25510439663711,-17.694784902328],[-72.25510461594965,-17.694781316594387],[-72.25510462878405,-17.694781071677102],[-72.2551047854836,-17.694777482662065],[-72.2551047940702,-17.6947772367375],[-72.2551048881088,-17.694773645534312],[-72.25510489241738,-17.694773398619617],[-72.2551049237666,-17.694769806322192],[-72.25510492376519,-17.694769558432363],[-72.25510489241537,-17.69476596613494],[-72.25510488807025,-17.694765717288337],[-72.25510479403111,-17.69476212608513],[-72.25510478530677,-17.694761876298326],[-72.25510462860666,-17.69475828728331],[-72.25510461546607,-17.694758036577767],[-72.25510439615294,-17.694754450844144],[-72.25510437855726,-17.694754199239586],[-72.25510409669788,-17.694750617879656],[-72.25510407460676,-17.694750365398093],[-72.25510373028692,-17.694746789502744],[-72.25510370365845,-17.694746536168235],[-72.25510329698307,-17.69474296682671],[-72.25510326577383,-17.694742712664425],[-72.2551027968669,-17.694739150964004],[-72.25510276103192,-17.694738896000217],[-72.25510223003614,-17.694735343025815],[-72.2551021895293,-17.694735087289512],[-72.25510159660637,-17.694731544123382],[-72.25510155138004,-17.694731287645066],[-72.25510089671059,-17.694727755366525],[-72.25510084671622,-17.694727498179937],[-72.25510013049987,-17.69472397786487],[-72.25510007568718,-17.694723720003005],[-72.25509929814187,-17.694720212723848],[-72.25509923846015,-17.69471995422502],[-72.25509839982277,-17.694716461050046],[-72.25509833522017,-17.694716201953835],[-72.25509743574626,-17.694712723947145],[-72.25509736617008,-17.694712464295495],[-72.25509640613362,-17.694709002516483],[-72.2550963315303,-17.694708742353576],[-72.25509531122363,-17.69470529785674],[-72.25509523153937,-17.694705037230765],[-72.2550941512734,-17.694701611065383],[-72.25509406645368,-17.694701350026527],[-72.2550929265574,-17.69469794323618],[-72.25509283654763,-17.694697681837834],[-72.25509163736828,-17.694694295460273],[-72.2550915421137,-17.694694033759234],[-72.25509028401662,-17.694690668826016],[-72.25509018346206,-17.694690406881026],[-72.25508886683032,-17.694687064417106],[-72.25508876092186,-17.694686802292846],[-72.25508738615663,-17.694683483316407],[-72.2550872748398,-17.69468322107858],[-72.25508584235989,-17.69467992660056],[-72.25508572558121,-17.69467966431934],[-72.25508423582292,-17.694676395343336],[-72.25508411352955,-17.69467613309223],[-72.25508256694663,-17.694672890613948],[-72.25508243908727,-17.69467262847113],[-72.25508083615084,-17.694669413478323],[-72.25508070267509,-17.694669151524963],[-72.25507904387344,-17.694665964996833],[-72.2550789047323,-17.694665703317845],[-72.25507719057073,-17.694662546225192],[-72.25507704571758,-17.694662284910528],[-72.25507527671829,-17.69465915821487],[-72.25507512610774,-17.694658897356867],[-72.25507330280948,-17.69465580201075],[-72.25507314639921,-17.694655541707334],[-72.25507126935743,-17.694652478653577],[-72.25507110710711,-17.694652219005683],[-72.25506917689351,-17.694649189177316],[-72.25506900876637,-17.694648930291013],[-72.25506702596898,-17.694645934611007],[-72.2550668519312,-17.694645676596004],[-72.25506481715405,-17.694642715976848],[-72.2550646371747,-17.6946424589462],[-72.25506255103743,-17.694639534289703],[-72.25506236509081,-17.69463927836251],[-72.2550602282291,-17.694636390559552],[-72.25506003629214,-17.694636135856857],[-72.25505784935676,-17.69463328578709],[-72.25505765141159,-17.694633032434922],[-72.25505541506863,-17.694630220966506],[-72.25505521110281,-17.694629969095686],[-72.25505292603373,-17.694627197085044],[-72.25505271603805,-17.694626946827782],[-72.25505038293856,-17.694624215119255],[-72.25505016691204,-17.694623966614916],[-72.25504778649318,-17.694621276040657],[-72.25504756443776,-17.69462102942872],[-72.25504513742437,-17.694618380808244],[-72.25504490934983,-17.69461813623368],[-72.25504243648129,-17.694615530373895],[-72.25504220240366,-17.69461528798473],[-72.25503968443321,-17.69461272567928],[-72.25503944437477,-17.694612485625996],[-72.25503688206952,-17.694609967655442],[-72.25503663605937,-17.69460973009122],[-72.25503403019967,-17.694607257222547],[-72.2550337782752,-17.694607022304048],[-72.25503112965495,-17.69460459529051],[-72.2550308718594,-17.69460436317504],[-72.25502818128527,-17.694601982755998],[-72.2550279176719,-17.694601753604953],[-72.25502518596358,-17.694599420505384],[-72.25502491659121,-17.694599194479522],[-72.25502214458066,-17.694596909410173],[-72.25502186951826,-17.69459668667326],[-72.25501905804992,-17.69459445033024],[-72.25501877737445,-17.69459423104657],[-72.25501592730484,-17.69459204411099],[-72.25501564110019,-17.69459182844423],[-72.2550127532973,-17.694589691582326],[-72.25501246165864,-17.694589479698166],[-72.25500953700224,-17.69458739356081],[-72.25500924003117,-17.694587185622947],[-72.25500627941211,-17.694585150845597],[-72.25500597721981,-17.69458494701767],[-72.25500298153989,-17.694582964220178],[-72.2550026742472,-17.694582764665157],[-72.25499964441903,-17.694580834451443],[-72.25499933215386,-17.694580639329484],[-72.25499626910025,-17.69457876228756],[-72.25499595200016,-17.69457857175739],[-72.25499285665406,-17.694576748459003],[-72.25499253486576,-17.694576562677067],[-72.25498940817025,-17.69457479367761],[-72.2549890818478,-17.69457461279655],[-72.25498592475519,-17.69457289863486],[-72.25498559406151,-17.694572722804168],[-72.25498240753355,-17.694571064002396],[-72.25498207263873,-17.694570893366993],[-72.2549788576459,-17.694569290430465],[-72.25497851872946,-17.694569125131732],[-72.25497527625126,-17.694567578548657],[-72.25497493349849,-17.694567418722084],[-72.25497166452254,-17.694565928963623],[-72.25497131812648,-17.69456577473962],[-72.25496802364852,-17.694564342259564],[-72.25496767380925,-17.694564193762865],[-72.25496435483291,-17.694562818997543],[-72.25496400175605,-17.694562676346283],[-72.25496065929217,-17.69456135971445],[-72.25496030318976,-17.6945612230204],[-72.25495693825658,-17.694559964923133],[-72.25495657934526,-17.694559834290743],[-72.25495319296772,-17.69455863511131],[-72.25495283147023,-17.694558510638206],[-72.25494942467995,-17.694557370741798],[-72.25494906082172,-17.694557252517345],[-72.25494563465638,-17.694556172251254],[-72.25494526866706,-17.69455606035716],[-72.25494182417019,-17.694555040050446],[-72.25494145628376,-17.69455493456058],[-72.25493799450483,-17.694553974524002],[-72.25493762495535,-17.694553875503193],[-72.25493414694866,-17.69455297602922],[-72.2549337759744,-17.69455288353444],[-72.25493028279942,-17.694552044896994],[-72.25492991063797,-17.69455195897607],[-72.25492640335881,-17.69455118143072],[-72.25492603025008,-17.694551102123135],[-72.25492250993504,-17.694550385906656],[-72.25492213611784,-17.694550313242896],[-72.25491860383926,-17.694549658573447],[-72.2549182295515,-17.69454959257518],[-72.25491468638525,-17.694548999652223],[-72.25491431186506,-17.694548940332638],[-72.25491075889063,-17.69454840933676],[-72.25491038437278,-17.69454835670016],[-72.25490682267235,-17.694547887793085],[-72.25490644838965,-17.694547841835213],[-72.25490287904807,-17.694547435159834],[-72.25490250523114,-17.694547395868188],[-72.25489892933572,-17.69454705154832],[-72.2548985562103,-17.694547018902014],[-72.25489497485036,-17.6945467370426],[-72.25489460263908,-17.694546711012848],[-72.25489101690533,-17.69454649169974],[-72.25489064582649,-17.69454647224999],[-72.25488705681144,-17.694546315549914],[-72.25488668707752,-17.69454630263605],[-72.25488309587419,-17.69454620859679],[-72.25488272769272,-17.69454620216755],[-72.2548791353952,-17.694546170817755]],[[-72.25488210034702,-17.69457876395682],[-72.25488532530527,-17.694578792100355],[-72.2548885475153,-17.694578876476662],[-72.25489176608784,-17.694579017002305],[-72.25489498013977,-17.694579213581868],[-72.25489818879423,-17.69457946610818],[-72.25490139118105,-17.694579774462735],[-72.25490458643473,-17.6945801385156],[-72.25490777369664,-17.694580558126358],[-72.25491095211368,-17.694581033143706],[-72.25491412083733,-17.694581563405908],[-72.25491727902462,-17.694582148741084],[-72.25492042583816,-17.69458278896725],[-72.25492356044356,-17.694583483892256],[-72.25492668201208,-17.69458423331431],[-72.25492978971884,-17.69458503702165],[-72.2549328827417,-17.694585894792564],[-72.2549359602632,-17.694586806395645],[-72.25493902146769,-17.69458777158947],[-72.25494206554355,-17.694588790122772],[-72.25494509168061,-17.6945898617338],[-72.25494809907161,-17.694590986150992],[-72.25495108691113,-17.69459216309201],[-72.25495405439572,-17.69459339226411],[-72.25495700072294,-17.69459467336338],[-72.25495992509272,-17.69459600607523],[-72.2549628267048,-17.69459739007293],[-72.25496570476217,-17.694598825019128],[-72.25496855846663,-17.694600310563434],[-72.25497138702328,-17.694601846344145],[-72.25497418963646,-17.694603431986128],[-72.25497696551264,-17.694605067101907],[-72.25497971385909,-17.69460675129056],[-72.25498243388469,-17.694608484137795],[-72.25498512480011,-17.69461026521561],[-72.25498778581634,-17.694612094081215],[-72.25499041614798,-17.694613970278333],[-72.2549930150106,-17.694615893335268],[-72.25499558162282,-17.69461786276592],[-72.25499811520574,-17.694619878068526],[-72.25500061498386,-17.694621938726375],[-72.25500308018543,-17.69462404420732],[-72.25500551004227,-17.694626193962844],[-72.25500790379093,-17.69462838742927],[-72.25501026067273,-17.69463062402644],[-72.25501257993403,-17.694632903158045],[-72.2550148608279,-17.694635224212373],[-72.25501710261288,-17.69463758656065],[-72.25501930455448,-17.69463998955815],[-72.25502146592713,-17.69464243254551],[-72.25502358601067,-17.694644914844186],[-72.2550256640949,-17.69464743576202],[-72.25502769947924,-17.6946499945907],[-72.25502969147144,-17.694652590605525],[-72.2550316393896,-17.694655223065837],[-72.25503354256301,-17.694657891216494],[-72.2550354003315,-17.694660594286464],[-72.25503721204664,-17.694663331489437],[-72.25503897707242,-17.69466610202492],[-72.25504069478541,-17.694668905077926],[-72.25504236457515,-17.694671739818542],[-72.25504398584516,-17.694674605403726],[-72.25504555801247,-17.694677500975757],[-72.25504708050897,-17.69468042566446],[-72.25504855278139,-17.694683378586237],[-72.255049974292,-17.694686358845377],[-72.2550513445184,-17.69468936553312],[-72.25505266295526,-17.69469239773063],[-72.25505392911239,-17.694695454504714],[-72.25505514251775,-17.694698534913886],[-72.25505630271529,-17.694701638003743],[-72.2550574092679,-17.694704762812393],[-72.25505846175483,-17.694707908364645],[-72.2550594597746,-17.694711073679528],[-72.25506040294289,-17.69471425776288],[-72.25506129089547,-17.694717459617248],[-72.25506212328571,-17.694720678232024],[-72.25506289978684,-17.694723912592764],[-72.25506362009084,-17.694727161674923],[-72.25506428390942,-17.694730424448903],[-72.25506489097437,-17.69473369987899],[-72.25506544103649,-17.694736986921917],[-72.25506593386724,-17.6947402845312],[-72.25506636925783,-17.694743591653165],[-72.25506674702005,-17.69474690723148],[-72.25506706698575,-17.69475023020432],[-72.25506732900726,-17.694753559506463],[-72.25506753295771,-17.694756894071205],[-72.25506767873068,-17.694760232825896],[-72.25506776624034,-17.694763574698595],[-72.25506779542202,-17.69476691861435],[-72.25506776623138,-17.69477026349611],[-72.25506767864533,-17.694773608266146],[-72.25506753266109,-17.694776951847764],[-72.25506732829733,-17.694780293161067],[-72.25506706559322,-17.694783631130168],[-72.2550667446089,-17.694786964676386],[-72.2550663654254,-17.694790292724747],[-72.25506592814449,-17.694793614201075],[-72.25506543288896,-17.69479692803169],[-72.25506487980182,-17.694800233148264],[-72.25506426904721,-17.69480352848352],[-72.25506360080995,-17.694806812973354],[-72.25506287529517,-17.694810085557684],[-72.2550620927285,-17.694813345181068],[-72.25506125335608,-17.694816590792314],[-72.25506035744442,-17.694819821344293],[-72.25505940528008,-17.694823035796333],[-72.25505839716985,-17.694826233112398],[-72.25505733344022,-17.694829412264383],[-72.25505621443789,-17.694832572228588],[-72.25505504052899,-17.69483571198994],[-72.25505381209955,-17.694838830538906],[-72.25505252955458,-17.694841926875675],[-72.25505119331854,-17.694845000007493],[-72.2550498038351,-17.694848048950075],[-72.25504836156682,-17.694851072727747],[-72.25504686699475,-17.69485407037493],[-72.25504532061872,-17.69485704093505],[-72.2550437229567,-17.69485998346184],[-72.25504207454522,-17.69486289701869],[-72.25504037593765,-17.694865780681695],[-72.25503862770677,-17.694868633534746],[-72.25503683044126,-17.694871454675972],[-72.25503498474713,-17.694874243215125],[-72.25503309124832,-17.69487699827261],[-72.25503115058444,-17.69487971898251],[-72.25502916341185,-17.694882404491743],[-72.2550271304037,-17.694885053959254],[-72.25502505224694,-17.694887666559865],[-72.25502292964681,-17.694890241479474],[-72.25502076332107,-17.69489277792057],[-72.2550185540038,-17.694895275099174],[-72.2550163024441,-17.694897732245078],[-72.25501400940358,-17.694900148605257],[-72.25501167565848,-17.69490252344117],[-72.2550093019992,-17.694904856029364],[-72.25500688922793,-17.694907145663446],[-72.25500443816004,-17.694909391653123],[-72.25500194962368,-17.694911593323802],[-72.25499942445829,-17.694913750018554],[-72.25499686351431,-17.694915861097535],[-72.25499426765379,-17.694917925937904],[-72.2549916377492,-17.69491994393444],[-72.25498897468329,-17.69492191449924],[-72.25498627934778,-17.694923837063126],[-72.25498355264331,-17.694925711074944],[-72.25498079548089,-17.694927536000684],[-72.25497800877736,-17.694929311326398],[-72.25497519345855,-17.694931036555765],[-72.254972350457,-17.69493271121142],[-72.25496948071122,-17.694934334835168],[-72.25496658516738,-17.694935906987],[-72.25496366477498,-17.69493742724681],[-72.25496072049008,-17.694938895212854],[-72.25495775327231,-17.694940310502915],[-72.25495476408558,-17.69494167275353],[-72.25495175389628,-17.694942981620862],[-72.25494872367449,-17.694944236779616],[-72.25494567439189,-17.694945437923742],[-72.25494260702155,-17.694946584766267],[-72.25493952253777,-17.694947677039035],[-72.25493642191556,-17.694948714492487],[-72.25493330612973,-17.694949696895762],[-72.25493017615415,-17.69495062403653],[-72.25492703296216,-17.69495149572059],[-72.25492387752502,-17.694952311771882],[-72.25492071081196,-17.694953072032206],[-72.25491753378974,-17.694953776360823],[-72.25491434742209,-17.69495442463444],[-72.2549111526696,-17.69495501674656],[-72.25490795048776,-17.694955552607773],[-72.25490474182925,-17.694956032144756],[-72.25490152764192,-17.694956455300318],[-72.25489830886733,-17.694956822033113],[-72.25489508644363,-17.694957132316997],[-72.25489186130245,-17.694957386140864],[-72.25488863436985,-17.694957583508263],[-72.25488540656585,-17.69495772443696],[-72.25488217880478,-17.69495780895862],[-72.25487895199508,-17.694957837118306],[-72.25487572703827,-17.694957808974298],[-72.25487250482935,-17.69495772459753],[-72.25486928625844,-17.69495758407143],[-72.25486607220795,-17.694957387491435],[-72.25486286355475,-17.694957134964703],[-72.25485966116949,-17.694956826609793],[-72.2548564659172,-17.694956462556533],[-72.25485327865667,-17.694956042945456],[-72.25485010024126,-17.694955567927803],[-72.25484693151891,-17.694955037665302],[-72.25484377333277,-17.694954452329814],[-72.25484062652107,-17.694953812103456],[-72.25483749191663,-17.69495311717815],[-72.25483437034946,-17.694952367755892],[-72.25483126264412,-17.694951564048417],[-72.25482816962231,-17.69495070627727],[-72.25482509210217,-17.69494979467401],[-72.25482203089885,-17.694948829480015],[-72.25481898682438,-17.694947810946694],[-72.25481596068829,-17.69494673933541],[-72.25481295329836,-17.69494561491815],[-72.25480996545977,-17.694944437976954],[-72.25480699797599,-17.694943208804666],[-72.2548040516498,-17.694941927705376],[-72.2548011272812,-17.69494059499353],[-72.25479822566962,-17.694939210995564],[-72.2547953476132,-17.694937776049343],[-72.25479249390929,-17.694936290504824],[-72.25478966535334,-17.694934754724],[-72.25478686274083,-17.694933169081924],[-72.25478408686534,-17.6949315339661],[-72.25478133851905,-17.694929849777058],[-72.25477861849409,-17.69492811692979],[-72.25477592757925,-17.694926335851903],[-72.25477326656322,-17.69492450698606],[-72.25477063623198,-17.694922630788742],[-72.2547680373696,-17.694920707731608],[-72.25476547075792,-17.694918738300938],[-72.25476293717503,-17.694916722998],[-72.25476043739691,-17.69491466233976],[-72.2547579721957,-17.694912556858807],[-72.2547555423389,-17.694910407102963],[-72.25475314859048,-17.69490821363643],[-72.25475079170873,-17.694905977039053],[-72.254748472447,-17.694903697906764],[-72.25474619155347,-17.694901376852574],[-72.25474394976847,-17.69489901450399],[-72.25474174782642,-17.69489661150581],[-72.2547395864544,-17.694894168519],[-72.25473746637064,-17.69489168621981],[-72.25473538828581,-17.694889165301205],[-72.2547333529015,-17.69488660647241],[-72.25473136090939,-17.694884010457695],[-72.25472941299078,-17.69488137799675],[-72.25472750981749,-17.694878709846236],[-72.2547256520486,-17.69487600677569],[-72.25472384033345,-17.694873269572774],[-72.25472207530714,-17.69487049903655],[-72.25472035759412,-17.694867695983763],[-72.25471868780394,-17.694864861242472],[-72.25471706653381,-17.694861995657494],[-72.25471549436656,-17.694859100085733],[-72.25471397186952,-17.69485617539625],[-72.25471249959703,-17.69485322247465],[-72.25471107808606,-17.694850242215242],[-72.25470970785948,-17.694847235527543],[-72.25470838942228,-17.69484420332984],[-72.25470712326484,-17.69484114655581],[-72.25470590985925,-17.694838066146648],[-72.2547047496612,-17.694834963056334],[-72.25470364310847,-17.69483183824818],[-72.25470259062118,-17.694828692695722],[-72.25470159260138,-17.694825527381884],[-72.25470064943251,-17.694822343297552],[-72.2546997614796,-17.69481914144355],[-72.25469892908895,-17.694815922828685],[-72.25469815258766,-17.69481268846875],[-72.25469743228325,-17.69480943938658],[-72.25469676846421,-17.69480617661276],[-72.2546961613991,-17.694802901183433],[-72.25469561133639,-17.694799614139985],[-72.25469511850532,-17.69479631653141],[-72.25469468311431,-17.69479300940991],[-72.25469430535168,-17.694789693832025],[-72.25469398538552,-17.694786370859372],[-72.25469372336359,-17.694783041557937],[-72.25469351941267,-17.69477970699369],[-72.25469337363917,-17.694776368238937],[-72.25469328612901,-17.694773026367475],[-72.25469325694685,-17.694769682451472],[-72.25469328613691,-17.69476633757099],[-72.25469337372249,-17.694762992800705],[-72.25469351970608,-17.694759649220632],[-72.2546937240693,-17.694756307906967],[-72.25469398677275,-17.694752969939266],[-72.25469430775647,-17.69474963639374],[-72.25469468693939,-17.694746308345508],[-72.25469512421961,-17.69474298687029],[-72.25469561947443,-17.694739673040523],[-72.254696172561,-17.69473636792419],[-72.25469678331478,-17.694733072590154],[-72.25469745155138,-17.69472978810057],[-72.25469817706544,-17.69472651551714],[-72.25469895963131,-17.69472325589434],[-72.25469979900295,-17.694720010284204],[-72.25470069491381,-17.69471677973287],[-72.25470164707734,-17.694713565281642],[-72.25470265518686,-17.69471036796582],[-72.25470371891554,-17.694707188815045],[-72.25470483791705,-17.694704028851362],[-72.25470601182502,-17.69470088909092],[-72.25470724025345,-17.694697770542955],[-72.25470852279784,-17.694694674206247],[-72.25470985903286,-17.694691601075434],[-72.25471124851526,-17.694688552133787],[-72.25471269078258,-17.69468552835689],[-72.25471418535396,-17.694682530709922],[-72.25471573172885,-17.694679560150778],[-72.25471732938999,-17.694676617624463],[-72.25471897780062,-17.694673704068077],[-72.25472067640676,-17.69467082040642],[-72.25472242463704,-17.69466796755344],[-72.25472422190168,-17.694665146412657],[-72.2547260675947,-17.694662357874233],[-72.25472796109251,-17.694659602817403],[-72.25472990175558,-17.69465688210775],[-72.25473188892717,-17.69465419659906],[-72.25473392193443,-17.694651547131887],[-72.25473600009002,-17.694648934531966],[-72.25473812268947,-17.694646359612463],[-72.25474028901415,-17.694643823171816],[-72.25474249833054,-17.694641325993533],[-72.25474474988927,-17.694638868847992],[-72.25474704292915,-17.694636452487842],[-72.2547493766733,-17.69463407765225],[-72.25475175033176,-17.694631745064232],[-72.2547541631025,-17.694629455430032],[-72.25475661416912,-17.694627209440892],[-72.25475910270514,-17.69462500776994],[-72.25476162786954,-17.69462285107546],[-72.25476418881316,-17.694620739996214],[-72.25476678467304,-17.694618675155798],[-72.25476941457683,-17.694616657159294],[-72.2547720776423,-17.694614686594335],[-72.25477477297729,-17.69461276403024],[-72.25477749968094,-17.6946108900185],[-72.25478025684316,-17.694609065092365],[-72.25478304354627,-17.69460728976644],[-72.25478585886489,-17.694605564536715],[-72.25478870186623,-17.694603889880703],[-72.25479157161173,-17.69460226625663],[-72.25479446715553,-17.694600694104356],[-72.25479738754757,-17.69459917384425],[-72.25480033183273,-17.6945977058776],[-72.25480329905032,-17.694596290587146],[-72.25480628823718,-17.694594928335963],[-72.25480929842651,-17.694593619468197],[-72.25481232864855,-17.6945923643089],[-72.25481537793148,-17.69459116316417],[-72.25481844530223,-17.694590016320998],[-72.25482152978606,-17.69458892404776],[-72.25482463040895,-17.694587886593613],[-72.25482774619526,-17.694586904189713],[-72.25483087617116,-17.694585977048423],[-72.25483401936415,-17.694585105363604],[-72.25483717480175,-17.694584289311738],[-72.25484034151583,-17.694583529050696],[-72.25484351853841,-17.694582824721525],[-72.25484670490702,-17.694582176447266],[-72.25484989966081,-17.69458158433442],[-72.25485310184345,-17.694581048472582],[-72.25485631050282,-17.694580568934988],[-72.25485952469154,-17.694580145778755],[-72.25486274346706,-17.69457977904541],[-72.25486596589208,-17.694579468760907],[-72.25486919103425,-17.694579214936464],[-72.25487241796839,-17.694579017568483],[-72.25487564577364,-17.694578876639216],[-72.25487887353573,-17.69457879211703],[-72.25488210034702,-17.69457876395682]]]]}},{"type":"Feature","properties":{"id":"street_dimaeta_stsutodo_marketcircle","group":null,"name":"Market Circle","settlement_id":"settlement_dimaeta","country_id":"country_tsutodo","district_id":null,"status":"active","surface":"paved","access":"public","bridge":null,"tunnel":null,"oneway":null,"route_id":null,"alt_name":null,"notes":null},"geometry":{"type":"MultiPolygon","coordinates":[[[[-72.2453302334976,-17.69698270359125],[-72.24532986708145,-17.69698270358853],[-72.2453262747839,-17.696982734937755],[-72.2453259103176,-17.69698274129671],[-72.2453223191143,-17.696982835335383],[-72.24532195678664,-17.696982847985183],[-72.2453183677715,-17.696983004684697],[-72.2453180077654,-17.696983023548754],[-72.24531442203161,-17.69698324286135],[-72.24531406452222,-17.69698326785768],[-72.24531048316217,-17.696983549716563],[-72.24531012831804,-17.696983580758125],[-72.24530655242246,-17.69698392507745],[-72.24530620040481,-17.696983962072647],[-72.24530263106308,-17.69698436874749],[-72.24530228202526,-17.69698441160052],[-72.24529872032458,-17.696984880507028],[-72.24529837441257,-17.696984929118287],[-72.24529482143802,-17.696985460113655],[-72.24529447879127,-17.696985514379996],[-72.24529093562484,-17.69698610730242],[-72.24529059637305,-17.696986167118013],[-72.24528706409423,-17.69698682178695],[-72.24528672836168,-17.696986887043035],[-72.24528320804637,-17.696987603259014],[-72.24528287594869,-17.696987673844813],[-72.24527936866923,-17.69698845138966],[-72.24527904031444,-17.696988527192516],[-72.24527554713914,-17.696989365829474],[-72.24527522262854,-17.696989446735195],[-72.24527174462159,-17.696990346208697],[-72.24527142404874,-17.696990432102044],[-72.24526796226947,-17.69699139213816],[-72.24526764572117,-17.696991482902988],[-72.245264201224,-17.69699250320924],[-72.24526388877923,-17.696992598729246],[-72.24526046261352,-17.696993678994897],[-72.24526015434579,-17.696993779153185],[-72.2452567475551,-17.696994919049146],[-72.24525644353021,-17.696995023729297],[-72.2452530571524,-17.696996222908343],[-72.2452527574304,-17.6969963319942],[-72.2452493924968,-17.696997590091055],[-72.24524909713102,-17.696997703467325],[-72.24524575466677,-17.696999020098772],[-72.24524546370533,-17.696999137650792],[-72.24524214472856,-17.697000512415737],[-72.24524185821342,-17.69700063403015],[-72.24523856373501,-17.697002066509864],[-72.24523828170219,-17.697002192074905],[-72.24523501272584,-17.697003681833035],[-72.24523473520748,-17.69700381123793],[-72.24523149272882,-17.697005357820675],[-72.24523121975109,-17.69700549095677],[-72.24522800475776,-17.697007093893017],[-72.24522773634193,-17.697007230653686],[-72.24522454981346,-17.697008889455184],[-72.24522428597747,-17.697009029735234],[-72.2452211288844,-17.69701074389667],[-72.24522086964109,-17.697010887593564],[-72.24521774294507,-17.697012656592793],[-72.24521748830362,-17.697012803606103],[-72.24521439295705,-17.6970146269043],[-72.24521414292289,-17.69701477713603],[-72.24521107986877,-17.69701665417778],[-72.24521083444444,-17.697016807532],[-72.2452078046157,-17.697018737745516],[-72.24520756380021,-17.697018894129034],[-72.24520456811973,-17.697020876926377],[-72.24520433190838,-17.697021036249055],[-72.24520137128873,-17.697023071026297],[-72.2452011396754,-17.697023233199868],[-72.24519821501856,-17.69702531933708],[-72.24519798799467,-17.69702548427579],[-72.24519510019117,-17.69702762113759],[-72.24519487774407,-17.697027788759755],[-72.24519202767394,-17.697029975695248],[-72.24519180979175,-17.697030145919744],[-72.24518899832285,-17.697032382262712],[-72.2451887849892,-17.69703255501319],[-72.24518601297808,-17.697034840082495],[-72.24518580417674,-17.69703501528396],[-72.24518307246784,-17.6970373483835],[-72.24518286818089,-17.697037525963818],[-72.24518017760622,-17.69703990638287],[-72.24517997781375,-17.697040086273265],[-72.24517732919298,-17.69704251328681],[-72.24517713387533,-17.69704269541993],[-72.24517452801506,-17.697045168288636],[-72.24517433715017,-17.697045352601233],[-72.24517177484431,-17.69704787057186],[-72.24517158841076,-17.69704805700199],[-72.24516907043976,-17.697050619307518],[-72.24516888841481,-17.697050807796504],[-72.24516641554574,-17.697053413656395],[-72.24516623790669,-17.69705360414766],[-72.24516381089273,-17.69705625276824],[-72.24516363761614,-17.697056445208126],[-72.24516125719674,-17.697059135782524],[-72.24516108826022,-17.697059330118588],[-72.24515875516018,-17.697062061827253],[-72.24515859053938,-17.697062258011552],[-72.24515630546972,-17.697065030022383],[-72.24515614514284,-17.697065228006533],[-72.24515390879937,-17.697068039475162],[-72.24515375274291,-17.697068239215326],[-72.24515156580699,-17.697071089285306],[-72.24515141399885,-17.697071290738567],[-72.24514927713662,-17.697074178541747],[-72.24514912955532,-17.69707438166714],[-72.24514704341753,-17.69707730632392],[-72.2451469000411,-17.697077511083886],[-72.24514486526344,-17.697080471703348],[-72.24514472607206,-17.69708067806033],[-72.24514274327416,-17.69708367374063],[-72.24514260824782,-17.697083881660365],[-72.24514067803369,-17.697086911489034],[-72.24514054715335,-17.697087120938836],[-72.24513867011109,-17.697090183992913],[-72.24513854335885,-17.6970903949416],[-72.2451367200602,-17.69709349028806],[-72.24513659741982,-17.69709370270512],[-72.24513482841994,-17.697096829401143],[-72.24513470987466,-17.69709704326024],[-72.2451329957127,-17.69710020035329],[-72.2451328812484,-17.697100415627165],[-72.24513122244639,-17.69710360215567],[-72.24513111204975,-17.697103818819244],[-72.24512950911286,-17.697107033812486],[-72.24512940277148,-17.697107251842734],[-72.2451278561881,-17.697110494321446],[-72.24512775389118,-17.69711071369619],[-72.24512626413252,-17.697113982672636],[-72.245126165871,-17.69711420336998],[-72.24512473339068,-17.697117497848456],[-72.24512463915639,-17.697117719849075],[-72.24512326439078,-17.697121038825987],[-72.24512317417721,-17.697121262111096],[-72.24512185754514,-17.697124604575524],[-72.24512177134739,-17.697124829127247],[-72.24512051324993,-17.69712819406098],[-72.24512043106478,-17.697128419861887],[-72.2451192318851,-17.69713180623996],[-72.24511915371058,-17.697132033274574],[-72.245118013814,-17.697135440065406],[-72.24511793965014,-17.697135668317824],[-72.24511685938386,-17.697139094483713],[-72.2451167892321,-17.697139323939574],[-72.24511576892517,-17.697142768436926],[-72.24511570278875,-17.69714299908217],[-72.24511474275205,-17.697146460861738],[-72.24511468063616,-17.69714669268178],[-72.24511378116193,-17.697150170689035],[-72.24511372307278,-17.69715040367259],[-72.24511288443527,-17.69715389684813],[-72.24511283038186,-17.697154130980422],[-72.24511205283629,-17.69715763826014],[-72.24511200282846,-17.697157873530127],[-72.24511128661192,-17.697161393845747],[-72.24511124066198,-17.69716163023997],[-72.24511058599242,-17.69716516251913],[-72.2451105441142,-17.6971654000255],[-72.24510995119107,-17.69716894319222],[-72.24510991340004,-17.697169181799325],[-72.24510938240412,-17.697172734774337],[-72.24510934871803,-17.697172974468472],[-72.24510887981091,-17.697176536169508],[-72.24510885024894,-17.69717677693884],[-72.24510844357347,-17.69718034628099],[-72.2451084181568,-17.69718058811267],[-72.24510807383683,-17.69718416400862],[-72.24510805258845,-17.697184406889864],[-72.245107770729,-17.6971879882504],[-72.24510775367376,-17.69718823216677],[-72.24510753436057,-17.69719181790099],[-72.24510752152504,-17.6971920628389],[-72.24510736482493,-17.697195651854518],[-72.24510735623755,-17.697195897799315],[-72.24510726219837,-17.697199489003115],[-72.24510725788939,-17.69719973593853],[-72.24510722653962,-17.69720332823657],[-72.245107226541,-17.69720357614689],[-72.24510725789021,-17.69720716844494],[-72.24510726223566,-17.69720741731257],[-72.24510735627433,-17.69721100851637],[-72.24510736499934,-17.697211258323552],[-72.2451075216989,-17.69721484733922],[-72.24510753484056,-17.697215098065712],[-72.24510775415321,-17.697218683799935],[-72.24510777175027,-17.69721893542515],[-72.24510805360917,-17.697222516785715],[-72.24510807570208,-17.69722276928809],[-72.24510842002148,-17.69722634518409],[-72.2451084466521,-17.697226598539274],[-72.24510885332705,-17.697230167881425],[-72.24510888453881,-17.697230422064543],[-72.24510935344539,-17.697233983765635],[-72.24510938928313,-17.6972342387496],[-72.24510992027847,-17.697237791724653],[-72.24510996078862,-17.69723804748192],[-72.24511055371119,-17.69724159064868],[-72.245110598941,-17.697241847146916],[-72.24511125361003,-17.697245379426104],[-72.24511130360841,-17.697245636633433],[-72.24511201982446,-17.69724915694912],[-72.24511207464143,-17.69724941483112],[-72.24511285218644,-17.69725292211091],[-72.24511291187267,-17.697253180629392],[-72.24511375050969,-17.697256673804976],[-72.24511381511734,-17.69725693292163],[-72.24511471459108,-17.69726041092897],[-72.24511478417246,-17.69726067060007],[-72.24511574420868,-17.697264132379676],[-72.24511581881754,-17.697264392561962],[-72.24511683912397,-17.697267837059396],[-72.24511691881415,-17.69726809770472],[-72.24511799907995,-17.697271523870718],[-72.24511808390575,-17.69727178492848],[-72.24511922380186,-17.697275191719417],[-72.24511931381811,-17.697275453136616],[-72.2451205129973,-17.697278839514755],[-72.24512060825867,-17.697279101234447],[-72.24512186635567,-17.697282466168264],[-72.24512196691704,-17.697282728130993],[-72.24512328354862,-17.697286070595492],[-72.24512338946448,-17.697286332738067],[-72.24512476422967,-17.697289651715078],[-72.2451248755539,-17.69728991397036],[-72.24512630803379,-17.697293208448926],[-72.24512642482009,-17.69729347074721],[-72.24512791457832,-17.697296739723775],[-72.2451280368796,-17.69729700199186],[-72.2451295834626,-17.697300244470654],[-72.24512971132987,-17.697300506629723],[-72.24513131426635,-17.697303721623065],[-72.24513144775021,-17.697303983592438],[-72.2451331065519,-17.697307170121032],[-72.2451332457013,-17.697307431815602],[-72.24513495986295,-17.69731058890878],[-72.24513510472481,-17.697310850239262],[-72.24513687372435,-17.697313976935344],[-72.24513702434297,-17.6973142378073],[-72.24513884764127,-17.697317333153865],[-72.24513900406045,-17.697317593472118],[-72.24514088110244,-17.69732065652633],[-72.2451410433613,-17.697320916187916],[-72.24514297357514,-17.6973239460167],[-72.24514314171091,-17.69732420491634],[-72.24514512450854,-17.697327200596742],[-72.24514529855485,-17.697327458624365],[-72.24514733333224,-17.697330419243958],[-72.24514751332028,-17.69733067628701],[-72.24514959945782,-17.6973336009439],[-72.2451497854129,-17.697333856882736],[-72.24515192227491,-17.697336744686083],[-72.24515211422049,-17.697336999400182],[-72.2451543011562,-17.697339849470275],[-72.24515449910966,-17.697340102833056],[-72.24515673545295,-17.69734291430179],[-72.24515693942696,-17.697343166182744],[-72.24515922449645,-17.69734593819368],[-72.24515943450018,-17.69734618846054],[-72.24516176760005,-17.697348920169315],[-72.2451619836344,-17.69734916868268],[-72.24516436405368,-17.69735185925722],[-72.2451645861168,-17.69735210587768],[-72.24516701313061,-17.697354754498374],[-72.24516724121241,-17.697354999080677],[-72.24516971408137,-17.69735760494071],[-72.2451699481661,-17.697357847337198],[-72.24517246613699,-17.697360409642847],[-72.24517270620228,-17.69736064970296],[-72.24517526850802,-17.697363167673686],[-72.24517551452485,-17.697363405244328],[-72.24517812038509,-17.697365878113104],[-72.24517837231541,-17.697366113037027],[-72.24518102093617,-17.69736854005071],[-72.24518127873729,-17.697368772171167],[-72.24518396931195,-17.69737115259034],[-72.24518423293077,-17.69737138174611],[-72.24518696463967,-17.69737371484578],[-72.24518723401681,-17.697373940875583],[-72.2451900060279,-17.697376225945],[-72.24519028109471,-17.697376448685407],[-72.24519309256361,-17.69737868502848],[-72.24519337324288,-17.697378904315077],[-72.24519622331307,-17.697381091250673],[-72.24519650952118,-17.697381306919997],[-72.2451993973247,-17.69738344378192],[-72.2451996889659,-17.697383655667895],[-72.24520261362278,-17.697385741805217],[-72.2452029105967,-17.697385949744987],[-72.24520587121646,-17.697387984522305],[-72.24520617341021,-17.69738818835116],[-72.24520916909077,-17.69739017114859],[-72.24520947638484,-17.69739037070445],[-72.24521250621369,-17.69739230091806],[-72.24521281847926,-17.697392496040187],[-72.24521588153351,-17.69739437308203],[-72.24521619863354,-17.697394563612075],[-72.24521929398026,-17.697396386910363],[-72.24521961576808,-17.697396572691968],[-72.24522274246429,-17.69739834169126],[-72.24522306878534,-17.697398522571483],[-72.2452262258786,-17.697400236732996],[-72.24522655657064,-17.6974004125628],[-72.24522974309932,-17.697402071364362],[-72.24523007799169,-17.697402241998457],[-72.2452332929852,-17.697403844934755],[-72.24523363189849,-17.697404010231892],[-72.24523687437741,-17.69740555681475],[-72.24523721712644,-17.69740571663954],[-72.24524048610303,-17.697407206397745],[-72.24524083249521,-17.697407360619952],[-72.24524412697386,-17.697408793099715],[-72.24524447680828,-17.6974089415943],[-72.24524779578532,-17.697410316359313],[-72.24524814885675,-17.697410459008292],[-72.2452514913213,-17.697411775639818],[-72.24525184741803,-17.697411912331624],[-72.24525521235189,-17.697413170428565],[-72.24525557125652,-17.697413301058457],[-72.24525895763469,-17.697414500237553],[-72.24525931912545,-17.697414624708298],[-72.24526272591645,-17.697415764604326],[-72.24526308976758,-17.69741588282641],[-72.2452665159336,-17.69741696309208],[-72.24526688191469,-17.697417074983612],[-72.24527032641218,-17.69741809528995],[-72.24527069429065,-17.697418200777467],[-72.24527415607027,-17.69741916081365],[-72.2452745256111,-17.69741925983207],[-72.24527800361838,-17.6974201593056],[-72.24527837458389,-17.697420251798132],[-72.24528186775953,-17.6974210904351],[-72.24528223991157,-17.697421176353807],[-72.24528574719135,-17.697421953898687],[-72.24528612029039,-17.697422033204155],[-72.24528964060602,-17.697422749420173],[-72.24529001441363,-17.697422822082018],[-72.24529354669282,-17.69742347675099],[-72.24529392097055,-17.697423542747416],[-72.24529746413737,-17.697424135669866],[-72.24529783864728,-17.697424194987747],[-72.24530139162219,-17.697424725983133],[-72.24530176612991,-17.69742477861828],[-72.24530532783096,-17.697425247524833],[-72.24530570210321,-17.697425293481345],[-72.2453092714453,-17.697425700156213],[-72.24530964525184,-17.697425739446697],[-72.24531322114781,-17.697426083766025],[-72.24531359426274,-17.69742611641132],[-72.24531717562314,-17.697426398270224],[-72.2453175478238,-17.697426424299152],[-72.24532113355805,-17.69742664361177],[-72.24532150462665,-17.69742666306092],[-72.24532509364217,-17.69742681976044],[-72.24532546336594,-17.697426832673877],[-72.24532905456964,-17.69742692671258],[-72.24532942274078,-17.69742693314157],[-72.24533301503874,-17.697426964490813],[-72.24533338145622,-17.697426964493488],[-72.24533697375412,-17.69742693314367],[-72.24533733822139,-17.697426926784658],[-72.24534092942508,-17.697426832745396],[-72.24534129175358,-17.697426820095508],[-72.24534488076905,-17.69742666339545],[-72.24534524077633,-17.697426644531284],[-72.2453488265105,-17.697426425218087],[-72.24534918402064,-17.69742640022166],[-72.24535276538097,-17.697426118362245],[-72.24535312022634,-17.697426087320512],[-72.24535669612216,-17.697425743000593],[-72.24535704814063,-17.697425706005255],[-72.24536061748259,-17.697425299329854],[-72.24536096652149,-17.697425256476656],[-72.2453645282223,-17.697424787569574],[-72.24536487413498,-17.69742473895816],[-72.2453684271098,-17.69742420796225],[-72.24536876975756,-17.697424153695696],[-72.24537231292413,-17.69742356077272],[-72.24537265217684,-17.69742350095692],[-72.24537618445581,-17.697422846287406],[-72.24537652018908,-17.69742278103113],[-72.24538004050447,-17.697422064814607],[-72.24538037260288,-17.697421994228623],[-72.2453838798824,-17.697421216683257],[-72.24538420823802,-17.697421140880152],[-72.24538770141339,-17.697420302242655],[-72.24538802592454,-17.69742022133674],[-72.24539150393153,-17.697419321862732],[-72.24539182450505,-17.697419235969154],[-72.24539528628435,-17.69741827593255],[-72.24539560283336,-17.697418185167457],[-72.24539904733054,-17.69741716486067],[-72.24539935977576,-17.69741706934049],[-72.2454027859414,-17.69741598907435],[-72.2454030942098,-17.697415888915817],[-72.24540650100039,-17.697414749019355],[-72.24540680502564,-17.697414644339037],[-72.24541019140342,-17.6974134451595],[-72.24541049112584,-17.697413336073442],[-72.24541385605932,-17.697412077976136],[-72.2454141514255,-17.697411964599656],[-72.24541749388965,-17.69741064796775],[-72.24541778485148,-17.697410530415528],[-72.24542110382808,-17.69740915565014],[-72.24542139034355,-17.697409034035534],[-72.24542468482171,-17.697407601555422],[-72.24542496685456,-17.697407475990325],[-72.24542823583074,-17.697405986231797],[-72.24542851334955,-17.697405856826656],[-72.24543175582795,-17.69740431024352],[-72.24543202880594,-17.69740417710724],[-72.24543524379895,-17.697402574170635],[-72.24543551221484,-17.697402437409863],[-72.24543869874306,-17.697400778608],[-72.24543896257923,-17.697400638327814],[-72.24544211967199,-17.69739892416603],[-72.24544237891533,-17.697398780469037],[-72.245445505611,-17.697397011469505],[-72.24544576025242,-17.697396864456145],[-72.24544885559867,-17.697395041157645],[-72.24544910563291,-17.697394890925818],[-72.24545216868664,-17.697393013883747],[-72.24545241411099,-17.697392860529504],[-72.24545544393924,-17.69739093031574],[-72.24545568475476,-17.697390773932153],[-72.2454586804348,-17.697388791134546],[-72.24545891664607,-17.697388631811855],[-72.24546187726519,-17.69738659703441],[-72.2454621088783,-17.697386434860952],[-72.24546503353471,-17.697384348723503],[-72.24546526055866,-17.697384183784717],[-72.2454681483616,-17.69738204692272],[-72.24546837080842,-17.69738187930075],[-72.24547122087809,-17.697379692365068],[-72.24547143876026,-17.697379522140547],[-72.24547425022861,-17.697377285797405],[-72.24547446356199,-17.69737711304706],[-72.24547723557258,-17.69737482797761],[-72.24547744437378,-17.697374652776215],[-72.2454801760821,-17.69737231967653],[-72.2454803803687,-17.69737214209645],[-72.24548307094278,-17.697369761677287],[-72.24548327073502,-17.697369581787065],[-72.24548591935523,-17.697367154773406],[-72.24548611467272,-17.69736697264039],[-72.24548872053234,-17.697364499771616],[-72.24548891139688,-17.69736431545931],[-72.24549147370207,-17.697361797488657],[-72.24549166013536,-17.697361611058746],[-72.24549417810572,-17.69735904875318],[-72.24549436013045,-17.69735886026436],[-72.24549683299882,-17.697356254404436],[-72.24549701063764,-17.697356063913404],[-72.24549943765089,-17.697353415292834],[-72.245499610927,-17.697353222853412],[-72.24550199134575,-17.69735053227907],[-72.24550216028214,-17.697350337943146],[-72.24550449338145,-17.697347606234487],[-72.245504658002,-17.697347410050426],[-72.24550694307088,-17.69734463803968],[-72.24550710339722,-17.697344440056106],[-72.24550933974004,-17.697341628587584],[-72.24550949579641,-17.697341428847466],[-72.24551168273156,-17.697338578777586],[-72.24551183453919,-17.69733837732491],[-72.2455139714007,-17.69733548952185],[-72.24551411898183,-17.69733528639664],[-72.24551620511888,-17.69733236173998],[-72.24551634849489,-17.697332156980508],[-72.24551838327181,-17.697329196361228],[-72.24551852246283,-17.6973289900047],[-72.24552050525995,-17.697325994324583],[-72.24552064028619,-17.69732578640499],[-72.24552257049946,-17.69732275657654],[-72.24552270137956,-17.69732254712708],[-72.245524578421,-17.69731948407321],[-72.24552470517264,-17.6973192731254],[-72.24552652847059,-17.69731617777919],[-72.24552665111098,-17.697315965362023],[-72.24552842011,-17.697312838666306],[-72.24552853865485,-17.697312624807928],[-72.24553025281605,-17.69730946771514],[-72.24553036728005,-17.697309252441723],[-72.24553202608136,-17.69730606591352],[-72.24553213647788,-17.697305849250068],[-72.24553373941391,-17.697302634257134],[-72.24553384575502,-17.697302416227384],[-72.24553539233757,-17.69729917374899],[-72.24553549463427,-17.69729895437471],[-72.24553698439212,-17.697295685398615],[-72.24553708265341,-17.697295464701664],[-72.24553851513294,-17.697292170223555],[-72.24553860936709,-17.69729194822319],[-72.24553998413185,-17.69728862924662],[-72.24554007434509,-17.697288405962237],[-72.24554139097641,-17.69728506349823],[-72.2455414771741,-17.69728483894659],[-72.24554273527072,-17.69728147401329],[-72.24554281745563,-17.697281248212878],[-72.24554401663455,-17.697277861835257],[-72.2455440948089,-17.697277634801],[-72.2455452347047,-17.697274228010546],[-72.24554530886836,-17.697273999758632],[-72.24554638913389,-17.697270573593208],[-72.24554645928552,-17.697270344137607],[-72.24554747959168,-17.697266899640713],[-72.24554754572794,-17.697266668995912],[-72.24554850576392,-17.697263207216835],[-72.2455485678798,-17.69726297539666],[-72.24554946735319,-17.69725949738988],[-72.24554952544204,-17.69725926440734],[-72.24555036407888,-17.697255771232328],[-72.24555041813232,-17.69725553709977],[-72.24555119567711,-17.697252029820547],[-72.24555124568478,-17.697251794550983],[-72.24555196190063,-17.697248274235882],[-72.2455520078504,-17.69724803784216],[-72.24555266251927,-17.697244505563575],[-72.2455527043975,-17.697244268057133],[-72.24555329731987,-17.69724072489096],[-72.24555333511077,-17.697240486284343],[-72.24555386610604,-17.697236933309895],[-72.24555389979207,-17.697236693615842],[-72.24555436869852,-17.697233131915368],[-72.24555439826045,-17.69723289114611],[-72.24555480493527,-17.69722932180455],[-72.24555483035184,-17.69722907997312],[-72.24555517467114,-17.69722550407774],[-72.2455551959195,-17.697225261196646],[-72.24555547777831,-17.697221679836705],[-72.24555549483348,-17.69722143592045],[-72.24555571414608,-17.697217850186835],[-72.24555572698158,-17.69721760524921],[-72.24555588368109,-17.69721401623415],[-72.24555589226844,-17.69721377028913],[-72.24555598630704,-17.69721017908597],[-72.24555599061596,-17.69720993215063],[-72.24555602196514,-17.697206339853174],[-72.24555602196371,-17.697206091942927],[-72.24555599061395,-17.697202499645503],[-72.24555598626843,-17.69720225077804],[-72.24555589222929,-17.697198659574866],[-72.24555588350422,-17.697198409767367],[-72.24555572680414,-17.697194820752337],[-72.24555571366244,-17.69719457002597],[-72.2455554943493,-17.697190984292373],[-72.24555547675217,-17.69719073266695],[-72.24555519489279,-17.697187151307034],[-72.24555517279983,-17.69718689880456],[-72.24555482847997,-17.697183322909197],[-72.24555480184931,-17.697183069553926],[-72.24555439517395,-17.697179500212403],[-72.24555436396216,-17.697179246029165],[-72.24555389505517,-17.697175684328702],[-72.24555385921731,-17.697175429344195],[-72.24555332822152,-17.697171876369815],[-72.24555328771139,-17.697171620612757],[-72.24555269478847,-17.697168077446626],[-72.24555264955853,-17.697167820947858],[-72.24555199488914,-17.69716428866931],[-72.2455519448907,-17.69716403146186],[-72.24555122867434,-17.6971605111468],[-72.24555117385731,-17.697160253264535],[-72.245550396312,-17.697156745985396],[-72.24555033662557,-17.697156487466128],[-72.24554949798816,-17.69715299429114],[-72.2455494333806,-17.69715273517489],[-72.2455485339067,-17.697149257168185],[-72.24554846432505,-17.6971489974962],[-72.24554750428857,-17.697145535717155],[-72.2455474296796,-17.697145275534606],[-72.24554640937299,-17.697141831037797],[-72.24554632968261,-17.69714157039194],[-72.2455452494166,-17.697138144226535],[-72.24554516459064,-17.697137883168438],[-72.2455440246944,-17.697134476378096],[-72.24554393467797,-17.69713421496046],[-72.24554273549862,-17.697130828582893],[-72.24554264023712,-17.697130566862885],[-72.24554138214006,-17.697127201929685],[-72.24554128157834,-17.697126939966044],[-72.24553996494659,-17.697123597502117],[-72.24553985903071,-17.697123335359525],[-72.24553848426554,-17.697120016383074],[-72.24553837294098,-17.69711975412704],[-72.24553694046107,-17.697116459649045],[-72.24553682367447,-17.6971161973501],[-72.24553533391617,-17.697112928374075],[-72.24553521161472,-17.69711266610562],[-72.24553366503177,-17.69710942362736],[-72.24553353716419,-17.697109161467665],[-72.24553193422777,-17.697105946474817],[-72.2455318007435,-17.697105684504734],[-72.24553014194186,-17.697102497976637],[-72.24553000279218,-17.697102236281548],[-72.24552828863061,-17.697099079188874],[-72.24552814376858,-17.69709881785816],[-72.24552637476918,-17.697095691162524],[-72.24552622415,-17.6970954302895],[-72.24552440085176,-17.69709233494339],[-72.2455242444325,-17.697092074625044],[-72.24552236739076,-17.69708901157127],[-72.24552220513141,-17.697088751908915],[-72.24552027491781,-17.69708572208056],[-72.24552010678167,-17.697085463180382],[-72.24551812398427,-17.69708246750039],[-72.2455179499375,-17.697082209472057],[-72.24551591516035,-17.69707924885287],[-72.24551573517198,-17.69707899180936],[-72.2455136490347,-17.697076067152857],[-72.24551346307908,-17.697075811213274],[-72.24551132621733,-17.697072923410303],[-72.24551113427161,-17.697072668695938],[-72.24550894733623,-17.697069818626193],[-72.24550874938224,-17.697069565262687],[-72.24550651303925,-17.697066753794253],[-72.24550630906487,-17.697066501912868],[-72.24550402399579,-17.69706372990222],[-72.2455038139916,-17.697063479634824],[-72.24550148089213,-17.697060747926315],[-72.24550126485734,-17.697060499412437],[-72.24549888443843,-17.69705780883817],[-72.245498662375,-17.697057562217296],[-72.2454962353616,-17.697054913596823],[-72.24549600727937,-17.697054669014047],[-72.24549353441087,-17.697052063154263],[-72.24549330032558,-17.697051820757135],[-72.24549078235508,-17.69704925845169],[-72.24549054228967,-17.69704901839143],[-72.24548797998443,-17.69704650042088],[-72.24548773396737,-17.69704626284996],[-72.24548512810763,-17.69704378998129],[-72.24548487617669,-17.69704355505676],[-72.24548222755645,-17.697041128043228],[-72.24548196975508,-17.697040895922527],[-72.24547927918097,-17.697038515503465],[-72.24547901556183,-17.69703828634737],[-72.24547628385349,-17.69703595324784],[-72.24547601447611,-17.69703572721775],[-72.24547324246556,-17.69703344214842],[-72.2454729673984,-17.697033219407654],[-72.24547015593002,-17.697030983064618],[-72.24546987525054,-17.69703076377781],[-72.24546702518091,-17.69702857684223],[-72.2454667389727,-17.69702836117276],[-72.24546385116982,-17.69702622431087],[-72.2454635595282,-17.697026012424548],[-72.24546063487186,-17.69702392628721],[-72.2454603378982,-17.69702371834755],[-72.24545737727915,-17.6970216835702],[-72.2454570750851,-17.697021479741096],[-72.24545407940518,-17.697019496943582],[-72.24545377211118,-17.697019297387723],[-72.24545074228304,-17.69701736717404],[-72.24545043001724,-17.697017172051698],[-72.2454473669636,-17.697015295009756],[-72.24544704986366,-17.697015104479696],[-72.24544395451758,-17.697013281181277],[-72.2454436327299,-17.6970130953997],[-72.24544050603437,-17.697011326400254],[-72.24544017971333,-17.697011145519973],[-72.24543702262078,-17.697009431358286],[-72.24543669192892,-17.697009255528574],[-72.24543350540092,-17.697007596726785],[-72.24543317050878,-17.69700742609277],[-72.245429955516,-17.697005823156246],[-72.24542961660288,-17.697005657859126],[-72.24542637412468,-17.697004111276087],[-72.2454260313757,-17.697003951451254],[-72.24542276239973,-17.697002461692794],[-72.24542241600832,-17.697002307470854],[-72.24541912153039,-17.697000874990803],[-72.24541877169631,-17.697000726496306],[-72.24541545271998,-17.696999351730987],[-72.24541509964882,-17.696999209082055],[-72.24541175718498,-17.696997892450227],[-72.24541140108893,-17.696997755758616],[-72.24540803615574,-17.696996497661328],[-72.24540767725131,-17.696996367031456],[-72.24540429087378,-17.696995167852023],[-72.24540392938388,-17.69699504338153],[-72.24540052259358,-17.696993903485115],[-72.24540015874327,-17.696993785263246],[-72.24539673257792,-17.696992704997147],[-72.2453963665971,-17.696992593105644],[-72.24539292210025,-17.696991572798932],[-72.24539255422266,-17.696991467311605],[-72.2453890924437,-17.69699050727502],[-72.24538872290377,-17.696990408256767],[-72.2453852448971,-17.696989508782785],[-72.24538487393248,-17.69698941629042],[-72.2453813807575,-17.696988577652984],[-72.24538100860615,-17.696988491734373],[-72.24537750132698,-17.69698771418904],[-72.24537712822882,-17.696987634883705],[-72.24537360791379,-17.696986918667207],[-72.2453732341071,-17.696986846005487],[-72.24536970182851,-17.696986191336038],[-72.24536932755173,-17.696986125339702],[-72.24536578438548,-17.696985532416765],[-72.24536540987651,-17.696985473098977],[-72.24536185690212,-17.696984942103082],[-72.24536148239547,-17.696984889468013],[-72.245357920695,-17.696984420560966],[-72.2453575464237,-17.696984374604487],[-72.24535397708213,-17.69698396792911],[-72.24535360327664,-17.69698392863868],[-72.24535002738122,-17.696983584318808],[-72.24534965426727,-17.696983551673522],[-72.24534607290732,-17.69698326981411],[-72.24534570070783,-17.696983243785184],[-72.24534211497408,-17.69698302447202],[-72.2453417439063,-17.69698300502285],[-72.24533815489123,-17.696982848322804],[-72.24533778516873,-17.696982835409337],[-72.24533419396545,-17.696982741370075],[-72.24533382579511,-17.696982734941045],[-72.2453302334976,-17.69698270359125]],[[-72.24533319836975,-17.697015298195183],[-72.2453364233393,-17.6970153263388],[-72.24533964556085,-17.697015410715395],[-72.24534286414436,-17.697015551241513],[-72.24534607820792,-17.697015747821823],[-72.24534928687407,-17.697016000349066],[-72.24535248927207,-17.697016308704658],[-72.24535568453726,-17.69701667275887],[-72.24535887181067,-17.697017092371105],[-72.24536205023888,-17.697017567390137],[-72.24536521897346,-17.69701809765416],[-72.24536837717167,-17.697018682991345],[-72.24537152399559,-17.69701932321966],[-72.24537465861145,-17.69702001814697],[-72.24537778018987,-17.697020767571388],[-72.24538088790621,-17.69702157128123],[-72.24538398093817,-17.697022429054645],[-72.24538705846854,-17.697023340660383],[-72.24539011968098,-17.697024305856697],[-72.24539316376476,-17.697025324392644],[-72.24539618990892,-17.6970263960062],[-72.2453991973067,-17.69702752042591],[-72.24540218515226,-17.697028697369326],[-72.24540515264228,-17.69702992654368],[-72.24540809897435,-17.697031207645054],[-72.24541102334827,-17.69703254035878],[-72.2454139249643,-17.69703392435839],[-72.24541680302417,-17.697035359305836],[-72.24541965673117,-17.69703684485144],[-72.24542248528945,-17.697038380633025],[-72.24542528790387,-17.697039966275725],[-72.24542806378011,-17.697041601391533],[-72.24543081212619,-17.697043285579966],[-72.2454335321511,-17.697045018426767],[-72.24543622306501,-17.69704679950359],[-72.24543888407898,-17.697048628367625],[-72.245441514408,-17.697050504562895],[-72.24544411326706,-17.697052427617166],[-72.24544667987576,-17.697054397045136],[-72.24544921345425,-17.697056412344196],[-72.24545171322757,-17.69705847299812],[-72.24545417842346,-17.697060578474154],[-72.24545660827472,-17.697062728224832],[-72.24545900201706,-17.697064921685442],[-72.24546135889202,-17.697067158276077],[-72.2454636781466,-17.697069437401137],[-72.24546595903323,-17.69707175844803],[-72.24546820081049,-17.697074120788205],[-72.24547040274427,-17.697076523777177],[-72.24547256410848,-17.69707896675496],[-72.24547468418383,-17.697081449044084],[-72.24547676225934,-17.69708396995133],[-72.24547879763536,-17.697086528769567],[-72.24548078961847,-17.697089124772525],[-72.24548273752777,-17.69709175722085],[-72.245484640692,-17.69709442535861],[-72.24548649845161,-17.697097128415713],[-72.24548831015771,-17.697099865605],[-72.24549007517466,-17.697102636126672],[-72.24549179287848,-17.697105439164673],[-72.24549346265961,-17.697108273890663],[-72.24549508392052,-17.697111139459707],[-72.24549665607923,-17.697114035015954],[-72.24549817856713,-17.697116959688163],[-72.24549965083138,-17.697119912593536],[-72.2455010723336,-17.69712289283507],[-72.24550244255205,-17.697125899505377],[-72.24550376098108,-17.69712893168489],[-72.24550502713078,-17.69713198844103],[-72.24550624052874,-17.697135068831408],[-72.24550740071935,-17.697138171902772],[-72.24550850726499,-17.697141296691665],[-72.24550955974564,-17.69714444222531],[-72.24551055775916,-17.697147607520233],[-72.24551150092167,-17.69715079158406],[-72.24551238886859,-17.697153993417857],[-72.24551322125374,-17.69715721201329],[-72.24551399774991,-17.697160446353248],[-72.24551471804939,-17.697163695415085],[-72.24551538186378,-17.697166958168303],[-72.24551598892488,-17.69717023357789],[-72.24551653898367,-17.69717352060084],[-72.24551703181115,-17.697176818188304],[-72.24551746719911,-17.697180125289808],[-72.24551784495897,-17.697183440847652],[-72.2455181649226,-17.697186763799035],[-72.24551842694247,-17.697190093080522],[-72.24551863089167,-17.697193427624438],[-72.24551877666372,-17.69719676635838],[-72.24551886417287,-17.69720010821052],[-72.24551889335433,-17.697203452105054],[-72.24551886416391,-17.69720679696676],[-72.24551877657835,-17.697210141716347],[-72.24551863059506,-17.69721348527718],[-72.2455184262325,-17.697216826570777],[-72.24551816352998,-17.697220164519443],[-72.24551784254759,-17.697223498045854],[-72.24551746336633,-17.69722682607452],[-72.2455170260881,-17.697230147530394],[-72.24551653083529,-17.69723346134258],[-72.24551597775144,-17.697236766439598],[-72.24551536700041,-17.697240061755483],[-72.24551469876694,-17.69724334622678],[-72.24551397325621,-17.69724661879286],[-72.24551319069397,-17.697249878397802],[-72.24551235132624,-17.697253123990755],[-72.2455114554194,-17.697256354525447],[-72.2455105032605,-17.69725956895904],[-72.24550949515542,-17.697262766258824],[-72.2455084314315,-17.697265945393745],[-72.2455073124351,-17.697269105341285],[-72.24550613853263,-17.697272245085408],[-72.24550491010916,-17.69727536361914],[-72.2455036275706,-17.697278459940467],[-72.24550229134127,-17.697281533056895],[-72.24550090186473,-17.69728458198428],[-72.2454994596035,-17.69728760574719],[-72.2454979650386,-17.697290603380054],[-72.2454964186697,-17.69729357392641],[-72.24549482101513,-17.697296516439504],[-72.24549317261084,-17.697299429983655],[-72.24549147401115,-17.697302313633188],[-72.24548972578769,-17.697305166474205],[-72.24548792852984,-17.697307987603455],[-72.2454860828436,-17.69731077613063],[-72.24548418935223,-17.697313531177283],[-72.2454822486962,-17.697316251876167],[-72.24548026153164,-17.697318937374593],[-72.2454782285307,-17.697321586832647],[-72.24547615038189,-17.697324199423306],[-72.2454740277893,-17.697326774333796],[-72.24547186147092,-17.697329310766285],[-72.2454696521616,-17.69733180793584],[-72.24546740060869,-17.697334265074357],[-72.24546510757554,-17.69733668142676],[-72.24546277383759,-17.697339056255412],[-72.24546040018491,-17.697341388837085],[-72.24545798742038,-17.697343678464808],[-72.245455536359,-17.697345924448513],[-72.24545304782919,-17.697348126113397],[-72.24545052266933,-17.697350282803423],[-72.2454479617313,-17.697352393877523],[-72.24544536587642,-17.697354458713402],[-72.245442735977,-17.697356476705952],[-72.2454400729159,-17.697358447267177],[-72.24543737758452,-17.697360369828147],[-72.24543465088483,-17.697362243836675],[-72.24543189372585,-17.697364068760127],[-72.24542910702593,-17.697365844083553],[-72.24542629171012,-17.69736756931108],[-72.24542344871104,-17.697369243965248],[-72.24542057896791,-17.697370867587544],[-72.24541768342523,-17.697372439738686],[-72.24541476303449,-17.69737395999766],[-72.24541181875017,-17.69737542796343],[-72.24540885153267,-17.697376843253352],[-72.24540586234598,-17.697378205503973],[-72.24540285215599,-17.697379514371576],[-72.24539982193286,-17.69738076953088],[-72.24539677264849,-17.697381970675732],[-72.24539370527614,-17.697383117518996],[-72.24539062078928,-17.69738420979285],[-72.2453875201641,-17.697385247247322],[-72.24538440437455,-17.697386229651766],[-72.24538127439457,-17.69738715679384],[-72.24537813119753,-17.697388028479274],[-72.24537497575518,-17.697388844531922],[-72.24537180903617,-17.697389604793685],[-72.24536863200737,-17.697390309123744],[-72.24536544563298,-17.697390957398706],[-72.24536225087296,-17.697391549512275],[-72.24535904868344,-17.69739208537474],[-72.24535584001686,-17.697392564912956],[-72.24535262582037,-17.697392988069712],[-72.24534940703703,-17.697393354803495],[-72.24534618460359,-17.69739366508834],[-72.24534295945293,-17.69739391891294],[-72.24533973250976,-17.69739411628099],[-72.24533650469546,-17.69739425721013],[-72.24533327692374,-17.69739434173207],[-72.24533005010302,-17.697394369891864],[-72.24532682513515,-17.697394341747742],[-72.24532360291522,-17.697394257370693],[-72.24532038433271,-17.697394116844073],[-72.24531717027057,-17.697393920263366],[-72.24531396160621,-17.69739366773574],[-72.24531075920925,-17.697393359379713],[-72.2453075639455,-17.697392995325146],[-72.24530437667374,-17.697392575712602],[-72.24530119824696,-17.697392100693243],[-72.2452980295136,-17.697391570428916],[-72.24529487131691,-17.697390985091477],[-72.24529172449414,-17.69739034486286],[-72.24528858987975,-17.697389649935346],[-72.24528546830267,-17.69738890051072],[-72.24528236058781,-17.697388096800754],[-72.24527926755675,-17.697387239027037],[-72.24527619002804,-17.697386327421242],[-72.24527312881642,-17.69738536222466],[-72.24527008473402,-17.697384343688658],[-72.24526705859103,-17.697383272074962],[-72.24526405119398,-17.697382147655016],[-72.24526106334979,-17.697380970711627],[-72.24525809586025,-17.697379741536963],[-72.24525514952947,-17.697378460435644],[-72.24525222515672,-17.69737712772192],[-72.24524932354107,-17.69737574372198],[-72.24524644548187,-17.697374308774382],[-72.2452435917757,-17.69737282322872],[-72.24524076321836,-17.697371287447126],[-72.2452379606044,-17.69736970180422],[-72.24523518472874,-17.697368066688277],[-72.24523243638284,-17.6973663824995],[-72.24522971635866,-17.697364649652734],[-72.24522702544533,-17.69736286857585],[-72.2452243644315,-17.697361039711538],[-72.24522173410301,-17.697359163516154],[-72.24521913524411,-17.697357240461606],[-72.24521656863571,-17.69735527103348],[-72.24521403505771,-17.697353255734416],[-72.2452115352843,-17.69735119508006],[-72.24520907008845,-17.697349089603684],[-72.24520664023748,-17.697346939852974],[-72.24520424649513,-17.697344746392034],[-72.24520188962003,-17.69734250980099],[-72.24519957036563,-17.69734023067585],[-72.24519728947926,-17.697337909628928],[-72.24519504770167,-17.69733554728817],[-72.2451928457679,-17.697333144299055],[-72.24519068440368,-17.697330701320997],[-72.24518856432825,-17.697328219031643],[-72.24518648625242,-17.697325698123915],[-72.24518445087645,-17.69732313930563],[-72.2451824588933,-17.697320543302588],[-72.2451805109838,-17.697317910853897],[-72.245178607819,-17.69731524271536],[-72.24517675005976,-17.6973125396588],[-72.24517493835299,-17.697309802468563],[-72.24517317333604,-17.697307031947023],[-72.24517145563196,-17.697304228908784],[-72.24516978585085,-17.697301394182947],[-72.2451681645892,-17.697298528612926],[-72.24516659243062,-17.69729563305712],[-72.24516506994246,-17.697292708384722],[-72.24516359767807,-17.697289755479407],[-72.24516217617544,-17.69728677523751],[-72.24516080595653,-17.69728376856664],[-72.24515948752742,-17.697280736387498],[-72.24515822137748,-17.69727767963157],[-72.24515700797927,-17.69727459924108],[-72.24515584778817,-17.697271496169346],[-72.24515474124237,-17.697268371380837],[-72.2451536887613,-17.69726522584697],[-72.24515269074769,-17.697262060552728],[-72.2451517475847,-17.697258876488355],[-72.24515085963749,-17.697255674654738],[-72.245150027252,-17.697252456059854],[-72.24514925075549,-17.69724922171994],[-72.24514853045565,-17.697245972658457],[-72.24514786664079,-17.697242709904906],[-72.2451472595794,-17.697239434495906],[-72.24514670952031,-17.69723614747408],[-72.2451462166923,-17.6972328498857],[-72.24514578130398,-17.697229542784843],[-72.24514540354376,-17.69722622722825],[-72.24514508357963,-17.697222904276657],[-72.24514482155926,-17.697219574995184],[-72.24514461760965,-17.697216240452537],[-72.24514447183711,-17.69721290171835],[-72.24514438432746,-17.697209559867165],[-72.24514435514548,-17.69720621597281],[-72.24514438433536,-17.697202871112182],[-72.24514447192038,-17.69719952636281],[-72.24514461790314,-17.6971961828023],[-72.24514482226508,-17.69719284151007],[-72.24514508496698,-17.697189503561805],[-72.2451454059488,-17.697186170035796],[-72.24514578512938,-17.69718284200825],[-72.245146222407,-17.697179520552563],[-72.24514671765911,-17.697176206741],[-72.24514727074221,-17.697172901645416],[-72.24514788149266,-17.69716960632929],[-72.2451485497253,-17.697166321859463],[-72.24514927523538,-17.69716304929378],[-72.24515005779675,-17.697159789689685],[-72.2451508971638,-17.697156544097368],[-72.24515179306972,-17.697153313563753],[-72.245152745228,-17.697150099130393],[-72.24515375333213,-17.697146901831548],[-72.24515481705507,-17.697143722697856],[-72.2451559360507,-17.69714056275088],[-72.24515710995269,-17.697137423006502],[-72.2451583383748,-17.697134304474563],[-72.24515962091247,-17.69713120815408],[-72.24516095714114,-17.697128135037847],[-72.24516234661657,-17.697125086111495],[-72.24516378887704,-17.697122062348978],[-72.24516528344107,-17.697119064716713],[-72.24516682980882,-17.697116094171292],[-72.24516842746242,-17.697113151658876],[-72.2451700758658,-17.697110238115286],[-72.2451717744646,-17.6971073544661],[-72.24517352268695,-17.697104501626015],[-72.24517531994384,-17.697101680497436],[-72.24517716562944,-17.697098891970217],[-72.24517905911938,-17.697096136924785],[-72.24518099977466,-17.697093416226068],[-72.24518298693849,-17.697090730727837],[-72.24518501993816,-17.69708808127069],[-72.24518709808603,-17.69708546868033],[-72.24518922067797,-17.697082893769988],[-72.24519138699534,-17.697080357337963],[-72.24519359630378,-17.69707786016861],[-72.2451958478555,-17.697075403030762],[-72.24519814088832,-17.69707298667801],[-72.24520047462504,-17.697070611849977],[-72.24520284827689,-17.69706827926848],[-72.24520526104095,-17.697065989640613],[-72.24520771210112,-17.697063743657385],[-72.24521020063055,-17.697061541992266],[-72.24521272578963,-17.697059385302346],[-72.24521528672678,-17.69705727422839],[-72.24521788258143,-17.697055209392154],[-72.24522051248009,-17.697053191399615],[-72.24522317554063,-17.697051220838276],[-72.24522587087134,-17.69704929827724],[-72.24522859757059,-17.697047424268515],[-72.24523135472914,-17.69704559934485],[-72.24523414142901,-17.697043824020962],[-72.24523695674425,-17.69704209879329],[-72.2452397997429,-17.697040424138873],[-72.24524266948617,-17.697038800516026],[-72.24524556502834,-17.697037228364664],[-72.24524848541928,-17.697035708105126],[-72.24525142970325,-17.697034240139086],[-72.2452543969209,-17.697032824848623],[-72.2452573861077,-17.69703146259747],[-72.24526039629778,-17.69703015372935],[-72.2452634265211,-17.69702889856951],[-72.2452664758057,-17.697027697424115],[-72.24526954317872,-17.697026550580112],[-72.24527262766537,-17.697025458305873],[-72.24527572829122,-17.697024420850756],[-72.2452788440814,-17.69702343844564],[-72.24528197406208,-17.697022511302908],[-72.24528511725939,-17.697021639616896],[-72.24528827270268,-17.69702082356354],[-72.24529143942259,-17.697020063301107],[-72.24529461645173,-17.697019358970508],[-72.24529780282715,-17.697018710694866],[-72.24530099758827,-17.697018118580637],[-72.24530419977876,-17.697017582717518],[-72.24530740844642,-17.697017103178645],[-72.2453106226438,-17.6970166800213],[-72.24531384142824,-17.6970163132869],[-72.24531706386306,-17.69701600300147],[-72.24532028901501,-17.697015749176266],[-72.24532351595924,-17.69701555180766],[-72.24532674377491,-17.697015410877924],[-72.24532997154795,-17.697015326355487],[-72.24533319836975,-17.697015298195183]]]]}},{"type":"Feature","properties":{"id":"street_dimaeta_stsutodo_marketcircle","group":null,"name":"Market Circle","settlement_id":"settlement_dimaeta","country_id":"country_tsutodo","district_id":null,"status":"active","surface":"paved","access":"public","bridge":null,"tunnel":null,"oneway":null,"route_id":null,"alt_name":null,"notes":null},"geometry":{"type":"MultiPolygon","coordinates":[[[[-72.25700708699082,-17.700507014847965],[-72.25700672054174,-17.700507014845233],[-72.2570031282442,-17.70050704619448],[-72.25700276374593,-17.700507052553977],[-72.25699917254262,-17.700507146592667],[-72.25699881018426,-17.700507159243546],[-72.25699522116913,-17.700507315943035],[-72.25699486113311,-17.700507334808663],[-72.25699127539932,-17.700507554121245],[-72.25699091786139,-17.700507579119574],[-72.25698733650134,-17.700507860978423],[-72.2569869816295,-17.70050789202244],[-72.25698340573398,-17.700508236341783],[-72.25698305369039,-17.700508273339715],[-72.25697948434866,-17.70050868001454],[-72.25697913528568,-17.700508722870634],[-72.25697557358501,-17.700509191777176],[-72.25697522764968,-17.700509240391703],[-72.25697167467513,-17.700509771387043],[-72.25697133200573,-17.700509825656958],[-72.25696778883932,-17.70051041857941],[-72.25696744956689,-17.700510478398645],[-72.25696391728806,-17.70051113306757],[-72.25696358153584,-17.70051119832748],[-72.25696006122057,-17.70051191454346],[-72.25695972910484,-17.700511985133062],[-72.25695622182542,-17.700512762677914],[-72.25695589345375,-17.700512838484677],[-72.25695240027846,-17.700513677121638],[-72.25695207575278,-17.700513758031114],[-72.25694859774583,-17.7005146575046],[-72.25694827715904,-17.700514743401687],[-72.25694481537975,-17.700515703437787],[-72.25694449881894,-17.700515794206204],[-72.25694105432174,-17.700516814512483],[-72.25694074186596,-17.70051691003585],[-72.25693731570027,-17.700517990301485],[-72.25693700742283,-17.70051809046293],[-72.25693360063212,-17.70051923035891],[-72.25693329659899,-17.7005193350419],[-72.25692991022115,-17.700520534220953],[-72.25692961049215,-17.700520643309364],[-72.25692624555852,-17.700521901406226],[-72.25692595018725,-17.70052201478461],[-72.256922607723,-17.700523331416044],[-72.2569223167571,-17.70052344896985],[-72.25691899778033,-17.700524823734796],[-72.25691871126224,-17.700524945350487],[-72.2569154167838,-17.700526377830172],[-72.25691513474902,-17.70052650339609],[-72.25691186577268,-17.70052799315422],[-72.25691158825364,-17.70052812255943],[-72.256908345775,-17.700529669142163],[-72.25690807279777,-17.700529802278027],[-72.25690485780447,-17.700531405214264],[-72.25690458939039,-17.700531541974048],[-72.25690140286189,-17.70053320077553],[-72.25690113902841,-17.700533341054246],[-72.2568979819354,-17.700535055215692],[-72.25689772269605,-17.7005351989104],[-72.25689459599998,-17.700536967909628],[-72.25689434136335,-17.70053711492017],[-72.25689124601675,-17.70053893821835],[-72.25689099598827,-17.700539088446668],[-72.25688793293416,-17.700540965488408],[-72.2568876875164,-17.70054111883851],[-72.25688465768769,-17.700543049052033],[-72.25688441687961,-17.70054320543072],[-72.25688142119915,-17.700545188228066],[-72.25688118499626,-17.700545347545066],[-72.25687822437659,-17.700547382322295],[-72.25687799277235,-17.70054754448947],[-72.25687506811552,-17.700549630626703],[-72.25687484110139,-17.700549795558317],[-72.2568719532979,-17.700551932420115],[-72.2568717308613,-17.70055210003434],[-72.25686888079116,-17.70055428696984],[-72.25686866292013,-17.70055445718561],[-72.2568658514512,-17.700556693528608],[-72.25686563812928,-17.700556866269583],[-72.25686286611818,-17.700559151338872],[-72.25686265732907,-17.700559326530087],[-72.25685992562019,-17.700561659629646],[-72.25685972134616,-17.700561837198745],[-72.25685703077144,-17.700564217617817],[-72.25685683099225,-17.700564397496255],[-72.25685418237141,-17.700566824509803],[-72.25685398706729,-17.70056700663032],[-72.25685138120704,-17.70056947949905],[-72.25685119035627,-17.700569663798014],[-72.2568486280504,-17.700572181768603],[-72.2568484416312,-17.700572368184417],[-72.25684592366017,-17.700574930489964],[-72.25684574164985,-17.700575118963805],[-72.25684326878077,-17.700577724823702],[-72.25684309115655,-17.700577915299068],[-72.25684066414257,-17.700580563919647],[-72.25684049088112,-17.700580756342752],[-72.25683811046169,-17.700583446917165],[-72.25683794154038,-17.700583641235706],[-72.25683560844033,-17.70058637294439],[-72.25683544383485,-17.700586569110403],[-72.25683315876523,-17.700589341121233],[-72.25683299845383,-17.70058953908628],[-72.25683076211033,-17.7005923505549],[-72.25683060606926,-17.70059255027536],[-72.25682841913337,-17.70059540034532],[-72.25682826734081,-17.700595601777938],[-72.25682613047854,-17.700598489581125],[-72.25682598291266,-17.700598692685322],[-72.25682389677485,-17.700601617342105],[-72.25682375341385,-17.700601822080042],[-72.25682171863619,-17.700604782699482],[-72.25682157946017,-17.700604989033742],[-72.25681959666228,-17.700607984714036],[-72.25681946165116,-17.700608192610307],[-72.25681753143704,-17.700611222438994],[-72.25681740057165,-17.70061143186484],[-72.25681552352938,-17.700614494918913],[-72.25681539679216,-17.70061470584267],[-72.25681357349349,-17.70061780118913],[-72.2568134508677,-17.700618013580893],[-72.25681168186784,-17.700621140276883],[-72.25681156333698,-17.70062135410998],[-72.256809849175,-17.70062451120306],[-72.25680973472494,-17.700624726450194],[-72.25680807592285,-17.70062791297869],[-72.25680796553999,-17.700628129615243],[-72.25680636260316,-17.7006313446085],[-72.25680625627533,-17.70063156261091],[-72.256804709692,-17.700634805089603],[-72.25680460740836,-17.700635024435837],[-72.25680311764967,-17.7006382934123],[-72.25680301940093,-17.70063851408092],[-72.25680158692063,-17.700641808559386],[-72.25680149269888,-17.700642030530453],[-72.25680011793324,-17.70064534950735],[-72.25680002773163,-17.700645572762888],[-72.25679871109958,-17.700648915227323],[-72.25679862491353,-17.70064913974856],[-72.25679736681607,-17.700652504682253],[-72.25679728464215,-17.70065273045238],[-72.25679608546243,-17.70065611683043],[-72.25679600729865,-17.70065634383383],[-72.25679486740209,-17.700659750624684],[-72.25679479324852,-17.700659978845483],[-72.25679371298222,-17.700663405011394],[-72.25679364284021,-17.700663634435365],[-72.25679262253331,-17.700667078932753],[-72.25679255640618,-17.70066730954545],[-72.25679159636948,-17.700670771325008],[-72.25679153426229,-17.700671003112483],[-72.25679063478806,-17.700674481119737],[-72.25679057670712,-17.70067471407039],[-72.25678973806961,-17.70067820724594],[-72.25678968402387,-17.700678441345026],[-72.25678890647833,-17.70068194862475],[-72.25678885647764,-17.700682183861158],[-72.25678814026105,-17.700685704176816],[-72.25678809431767,-17.700685940537365],[-72.25678743964815,-17.70068947281649],[-72.25678739777592,-17.70068971028883],[-72.25678680485277,-17.700693253455547],[-72.25678676706711,-17.700693492028723],[-72.25678623607124,-17.70069704500376],[-72.25678620238993,-17.700697284663658],[-72.25678573348283,-17.700700846364715],[-72.25678570392509,-17.700701087099606],[-72.25678529724958,-17.700704656441737],[-72.25678527183652,-17.700704898239078],[-72.25678492751655,-17.700708474135038],[-72.25678490627118,-17.700708716981904],[-72.25678462441175,-17.700712298342452],[-72.25678460735892,-17.70071254222425],[-72.25678438804573,-17.70071612795845],[-72.256784375212,-17.70071637286181],[-72.25678421851188,-17.700719961877454],[-72.25678420992573,-17.700720207787903],[-72.25678411588653,-17.700723798991696],[-72.25678411157814,-17.70072404589278],[-72.25678408022839,-17.70072763819081],[-72.25678408022976,-17.700727886066804],[-72.256784111579,-17.700731478364844],[-72.25678411592385,-17.7007317271983],[-72.25678420996249,-17.70073531840211],[-72.25678421868632,-17.700735568175453],[-72.25678437538589,-17.70073915719111],[-72.25678438852577,-17.700739407883738],[-72.2567846078384,-17.700742993617997],[-72.25678462543314,-17.700743245209633],[-72.25678490729203,-17.70074682657015],[-72.25678492938201,-17.70074707903944],[-72.25678527370145,-17.700750654935412],[-72.2567853003286,-17.700750908257604],[-72.25678570700357,-17.700754477599773],[-72.25678573821126,-17.70075473175011],[-72.25678620711784,-17.70075829345121],[-72.25678624295108,-17.70075854840304],[-72.25678677394643,-17.700762101378086],[-72.2567868144515,-17.700762357103475],[-72.2567874073741,-17.70076590027024],[-72.25678745259836,-17.700766156736922],[-72.25678810726737,-17.700769689016106],[-72.25678815725976,-17.700769946192565],[-72.25678887347581,-17.700773466508256],[-72.2567889282863,-17.700773724359905],[-72.25678970583134,-17.700777231639695],[-72.25678976551062,-17.700777490128136],[-72.25679060414764,-17.70078098330372],[-72.25679066874802,-17.70078124239123],[-72.25679156822176,-17.700784720398556],[-72.25679163779543,-17.700784980040858],[-72.25679259783166,-17.700788441820496],[-72.25679267243252,-17.700788701974854],[-72.25679369273897,-17.700792146472267],[-72.25679377242069,-17.700792407090024],[-72.25679485268647,-17.700795833256006],[-72.25679493750368,-17.70079609428729],[-72.25679607739978,-17.70079950107823],[-72.25679616740715,-17.700799762469565],[-72.25679736658637,-17.700803148847715],[-72.25679746183852,-17.700803410542182],[-72.25679871993552,-17.70080677547595],[-72.25679882048762,-17.700807037414602],[-72.25680013711926,-17.700810379879087],[-72.2568002430256,-17.700810641998128],[-72.25680161779079,-17.700813960975143],[-72.25680172910542,-17.70081422320787],[-72.2568031615853,-17.70081751768642],[-72.25680327836201,-17.700817779963234],[-72.25680476812029,-17.700821048939794],[-72.2568048904119,-17.700821311187166],[-72.25680643699489,-17.700824553665953],[-72.2568065648525,-17.700824815805202],[-72.25680816778893,-17.70082803079857],[-72.25680830126339,-17.700828292749403],[-72.25680996006508,-17.700831479277987],[-72.25681009920503,-17.70083174095474],[-72.25681181336668,-17.700834898047923],[-72.25681195821927,-17.700835159361723],[-72.25681372721881,-17.700838286057795],[-72.2568138778286,-17.70083854691449],[-72.25681570112695,-17.70084164226108],[-72.25681585753726,-17.70084190256453],[-72.25681773457917,-17.700844965618725],[-72.25681789682982,-17.700845225267095],[-72.25681982704363,-17.700848255095877],[-72.25681999517137,-17.700848513983154],[-72.256821977969,-17.700851509663547],[-72.25682215200801,-17.70085176768039],[-72.25682418678544,-17.70085472829995],[-72.25682436676628,-17.70085498533276],[-72.25682645290381,-17.700857909989626],[-72.25682663885271,-17.700858165919986],[-72.25682877571475,-17.70086105372329],[-72.25682896765431,-17.700861308429435],[-72.25683115458999,-17.700864158499538],[-72.2568313525386,-17.700864411856077],[-72.2568335888819,-17.700867223324796],[-72.25683379285157,-17.700867475200376],[-72.25683607792102,-17.700870247211302],[-72.25683628792116,-17.70087049747385],[-72.25683862102103,-17.700873229182662],[-72.25683883705292,-17.700873477693197],[-72.25684121747226,-17.70087616826772],[-72.25684143953349,-17.700876414886128],[-72.25684386654729,-17.70087906350681],[-72.25684409462832,-17.70087930808829],[-72.25684656749726,-17.700881913948347],[-72.25684680158244,-17.700882156345305],[-72.25684931955335,-17.70088471865094],[-72.25684955962012,-17.70088495871254],[-72.2568521219259,-17.70088747668324],[-72.25685236794493,-17.70088771425602],[-72.25685497380513,-17.700890187124834],[-72.25685522573947,-17.700890422052506],[-72.25685787436024,-17.70089284906618],[-72.25685813216627,-17.700893081191012],[-72.25686082274093,-17.700895461610216],[-72.25686108636606,-17.700895690771436],[-72.25686381807496,-17.700898023871073],[-72.25686408745938,-17.700898249907006],[-72.25686685947045,-17.700900534976427],[-72.2568671345463,-17.700900757724142],[-72.25686994601521,-17.700902994067224],[-72.25687022670468,-17.700903213361773],[-72.25687307677485,-17.70090540029737],[-72.2568733629947,-17.70090561597554],[-72.25687625079823,-17.700907752837445],[-72.25687654245237,-17.70090796473281],[-72.25687946710927,-17.700910050870153],[-72.25687976409762,-17.70091025882003],[-72.25688272471737,-17.700912293597366],[-72.25688302692708,-17.700912497436967],[-72.25688602260763,-17.700914480234403],[-72.25688632991893,-17.700914679801457],[-72.25688935974777,-17.70091661001508],[-72.25688967203234,-17.700916805149088],[-72.25689273508661,-17.700918682190885],[-72.25689305220666,-17.700918872732977],[-72.25689614755338,-17.700920696031286],[-72.25689646936297,-17.700920881825436],[-72.25689959605918,-17.70092265082473],[-72.25689992240328,-17.700922831717723],[-72.25690307949654,-17.70092454587924],[-72.25690341021286,-17.700924721721915],[-72.25690659674149,-17.70092638052348],[-72.2569069316596,-17.700926551170664],[-72.2569101466531,-17.700928154106993],[-72.25691048559347,-17.70092831941733],[-72.25691372807235,-17.70092986600015],[-72.25691407084965,-17.700930025838115],[-72.25691733982622,-17.700931515596327],[-72.25691768624782,-17.700931669831647],[-72.25692098072652,-17.700933102311417],[-72.25692133059144,-17.700933250818927],[-72.25692464956846,-17.700934625583947],[-72.25692500267158,-17.700934768245762],[-72.25692834513615,-17.70093608487728],[-72.25692870126554,-17.70093622158163],[-72.25693206619941,-17.70093747967856],[-72.25693242513759,-17.700937610320647],[-72.25693581151577,-17.700938809499757],[-72.25693617304098,-17.70093893398234],[-72.25693957983194,-17.70094007387838],[-72.25693994371814,-17.700940192111865],[-72.25694336988416,-17.700941272377555],[-72.25694373590127,-17.70094138428009],[-72.25694718039875,-17.700942404586414],[-72.25694754831379,-17.700942510084413],[-72.2569510100934,-17.700943470120592],[-72.25695137967108,-17.700943569148876],[-72.25695485767838,-17.700944468622428],[-72.25695522868122,-17.700944561124256],[-72.25695872185683,-17.700945399761228],[-72.2569590940465,-17.70094548568861],[-72.25696260132624,-17.70094626323351],[-72.25696297446338,-17.700946342547073],[-72.25696649477904,-17.700947058763084],[-72.25696686862443,-17.70094713143226],[-72.25697040090361,-17.700947786101242],[-72.25697077521932,-17.70094785210436],[-72.25697431838614,-17.70094844502682],[-72.25697469293405,-17.700948504350727],[-72.25697824590901,-17.700949035346106],[-72.25697862045435,-17.70094908798654],[-72.25698218215541,-17.700949556893082],[-72.25698255646496,-17.700949602854184],[-72.25698612580706,-17.700950009529066],[-72.25698649965072,-17.70095004882344],[-72.25699007554667,-17.70095039314278],[-72.25699044869822,-17.700950425791287],[-72.25699403005869,-17.700950707650165],[-72.25699440229518,-17.7009507336816],[-72.25699798802935,-17.7009509529942],[-72.25699835913333,-17.700950972445224],[-72.2570019481489,-17.70095112914473],[-72.25700231790717,-17.70095114205938],[-72.2570059091109,-17.700951236098085],[-72.25700627731591,-17.70095124252767],[-72.25700986961387,-17.70095127387692],[-72.25701023606408,-17.70095127387958],[-72.25701382836199,-17.70095124252978],[-72.25701419286129,-17.700951236170198],[-72.257017784065,-17.700951142130943],[-72.25701814642426,-17.700951129479968],[-72.25702173543976,-17.700950972779925],[-72.25702209547686,-17.700950953914173],[-72.257025681211,-17.70095073460102],[-72.25702603874986,-17.70095070960256],[-72.25702962011022,-17.70095042774313],[-72.25702997498284,-17.700950396699003],[-72.25703355087866,-17.700950052379113],[-72.25703390292341,-17.700950015381014],[-72.25703747226538,-17.70094960870562],[-72.25703782132923,-17.70094956584935],[-72.25704138303007,-17.700949096942267],[-72.25704172896634,-17.700949048327548],[-72.25704528194116,-17.70094851733163],[-72.2570456246112,-17.700948463061554],[-72.25704916777777,-17.700947870138595],[-72.25704950705132,-17.70094781031909],[-72.25705303933029,-17.700947155649608],[-72.2570533750831,-17.700947090389523],[-72.25705689539848,-17.70094637417301],[-72.25705722751508,-17.70094630358316],[-72.25706073479462,-17.700945526037746],[-72.25706106316683,-17.70094545023083],[-72.25706455634216,-17.700944611593368],[-72.2570648808686,-17.700944530683632],[-72.2570683588756,-17.700943631209622],[-72.25706867946315,-17.700943545312303],[-72.25707214124243,-17.700942585275662],[-72.25707245780376,-17.700942494507053],[-72.25707590230095,-17.700941474200253],[-72.25707621475729,-17.700941378676685],[-72.2570796409229,-17.70094029841056],[-72.25707994920094,-17.700940198248897],[-72.25708335599154,-17.700939058352446],[-72.25708366002519,-17.700938953669212],[-72.25708704640299,-17.700937754489683],[-72.25708734613235,-17.70093764540109],[-72.25709071106584,-17.700936387303766],[-72.25709100643749,-17.70093627392521],[-72.25709434890162,-17.700934957293324],[-72.2570946398679,-17.70093483973931],[-72.25709795884453,-17.700933464973907],[-72.2570982453631,-17.70093334335799],[-72.25710153984129,-17.70093191087787],[-72.25710182187598,-17.700931785311944],[-72.25710509085218,-17.700930295553405],[-72.25710536837154,-17.700930166148],[-72.25710861084993,-17.700928619564888],[-72.25710888382753,-17.70092848642882],[-72.25711209882051,-17.700926883492198],[-72.25711236723477,-17.70092674673228],[-72.25711555376296,-17.700925087930422],[-72.25711581759627,-17.70092494765172],[-72.25711897468904,-17.70092323348995],[-72.25711923392879,-17.700923089794973],[-72.25712236062445,-17.700921320795413],[-72.2571226152611,-17.70092117378485],[-72.2571257106073,-17.700919350486352],[-72.25712596063576,-17.700919200257996],[-72.2571290236895,-17.700917323215954],[-72.25712926910718,-17.70091716986584],[-72.25713229893547,-17.700915239652062],[-72.25713253974357,-17.70091508327329],[-72.25713553542357,-17.7009131004757],[-72.25713577162645,-17.700912941158705],[-72.25713873224561,-17.700910906381228],[-72.25713896384963,-17.700910744214145],[-72.25714188850606,-17.70090865807668],[-72.25714211552021,-17.70090849314502],[-72.25714500332315,-17.700906356283014],[-72.25714522575949,-17.700906188668945],[-72.25714807582914,-17.700904001733257],[-72.25714829370006,-17.70090383151751],[-72.25715110516845,-17.70090159517434],[-72.25715131849016,-17.700901422433496],[-72.25715409050069,-17.70089913736407],[-72.25715429928961,-17.700898962172968],[-72.25715703099792,-17.70089662907329],[-72.2571572352718,-17.700896451504285],[-72.2571599258459,-17.700894071085102],[-72.25716012562486,-17.700893891206828],[-72.25716277424507,-17.700891464193177],[-72.25716296954883,-17.700891282072938],[-72.25716557540851,-17.70088880920416],[-72.2571657662591,-17.700888624905325],[-72.25716832856429,-17.700886106934675],[-72.25716851498329,-17.700885920519063],[-72.25717103295362,-17.700883358213485],[-72.25717121496366,-17.700883169739885],[-72.25717368783206,-17.70088056387994],[-72.25717386545591,-17.700880373404935],[-72.25717629246921,-17.700877724784352],[-72.25717646573047,-17.700877532361453],[-72.25717884614917,-17.700874841787076],[-72.25717901507016,-17.70087464746885],[-72.25718134816947,-17.700871915760246],[-72.2571815127747,-17.700871719594467],[-72.2571837978436,-17.700868947583672],[-72.25718395815458,-17.700868749619104],[-72.25718619449734,-17.700865938150613],[-72.25718635053822,-17.700865738430334],[-72.25718853747337,-17.70086288836044],[-72.25718868926553,-17.700862686928318],[-72.25719082612704,-17.700859799125233],[-72.25719097369266,-17.700859596021385],[-72.2571930598297,-17.700856671364733],[-72.25719320319044,-17.700856466627137],[-72.25719523796735,-17.700853506007835],[-72.25719537714302,-17.700853299674034],[-72.25719735994012,-17.700850303993942],[-72.25719749495103,-17.70085009609791],[-72.25719942516436,-17.700847066269453],[-72.25719955602939,-17.70084685684406],[-72.25720143307088,-17.700843793790188],[-72.25720155980777,-17.700843582866938],[-72.25720338310569,-17.700840487520708],[-72.25720350573133,-17.700840275129117],[-72.25720527473034,-17.700837148433404],[-72.25720539326076,-17.700836934601032],[-72.257207107422,-17.700833777508215],[-72.25720722187191,-17.700833562261337],[-72.25720888067318,-17.700830375733133],[-72.25720899105579,-17.700830159097002],[-72.25721059399183,-17.700826944104065],[-72.25721070031939,-17.70082672610204],[-72.25721224690194,-17.70082348362367],[-72.25721234918538,-17.700823264277766],[-72.25721383894326,-17.700819995301647],[-72.25721393719172,-17.700819774633516],[-72.25721536967123,-17.700816480155446],[-72.25721546389286,-17.70081625818452],[-72.25721683865764,-17.70081293920799],[-72.25721692885884,-17.70081271595339],[-72.25721824549018,-17.70080937348936],[-72.25721833167616,-17.700809148968176],[-72.25721958977282,-17.700805784034873],[-72.25721967194657,-17.700805558265102],[-72.25722087112545,-17.700802171887474],[-72.25722094928902,-17.700801944884592],[-72.25722208918484,-17.700798538094173],[-72.25722216333828,-17.700798309873637],[-72.2572232436038,-17.700794883708188],[-72.25722331374561,-17.700794654284746],[-72.25722433405177,-17.700791209787848],[-72.25722440017881,-17.700790979175267],[-72.25722536021476,-17.700787517396197],[-72.25722542232184,-17.70078728560882],[-72.25722632179527,-17.700783807602033],[-72.25722637987589,-17.70078357465237],[-72.25722721851275,-17.700780081477358],[-72.25722727255854,-17.70077984737809],[-72.2572280501033,-17.700776340098894],[-72.25722810010387,-17.700776104862726],[-72.25722881631972,-17.700772584547625],[-72.25722886226295,-17.700772348187627],[-72.25722951693182,-17.70076881590907],[-72.25722955880403,-17.700768578436534],[-72.25723015172643,-17.700765035270354],[-72.25723018951192,-17.700764796697825],[-72.25723072050718,-17.70076124372338],[-72.25723075418847,-17.700761004063395],[-72.25723122309489,-17.70075744236292],[-72.25723125265257,-17.70075720162814],[-72.25723165932737,-17.70075363228658],[-72.25723168474033,-17.70075339048956],[-72.25723202905967,-17.70074981459419],[-72.25723205030499,-17.700749571747494],[-72.2572323321638,-17.700745990387546],[-72.2572323492166,-17.700745746505827],[-72.25723256852916,-17.700742160772183],[-72.25723258136283,-17.700741915868928],[-72.25723273806237,-17.700738326853887],[-72.25723274664848,-17.700738080943434],[-72.25723284068708,-17.70073448974027],[-72.25723284499541,-17.70073424283937],[-72.25723287634464,-17.70073065054194],[-72.25723287634322,-17.700730402665688],[-72.25723284499342,-17.70072681036829],[-72.25723284064853,-17.700726561535074],[-72.25723274660936,-17.700722970331885],[-72.25723273788547,-17.700722720558254],[-72.25723258118538,-17.70071913154325],[-72.25723256804544,-17.700718880850765],[-72.25723234873233,-17.700715295117153],[-72.25723233113754,-17.700715043525218],[-72.25723204927816,-17.70071146216529],[-72.2572320271881,-17.700711209696127],[-72.25723168286825,-17.700707633800775],[-72.25723165624106,-17.700707380478587],[-72.25723124956575,-17.700703811137036],[-72.25723121835792,-17.70070355698629],[-72.25723074945091,-17.70069999528584],[-72.25723071361762,-17.700699740333672],[-72.25723018262181,-17.700696187359227],[-72.25723014211673,-17.700695931634],[-72.25722954919381,-17.700692388467903],[-72.25722950396941,-17.700692132000533],[-72.25722884929999,-17.700688599721968],[-72.25722879930761,-17.700688342545593],[-72.25722808309125,-17.70068482223052],[-72.25722802828065,-17.70068456437858],[-72.25722725073537,-17.70068105709945],[-72.25722719105585,-17.70068079861013],[-72.25722635241844,-17.700677305435136],[-72.25722628781814,-17.700677046348112],[-72.25722538834425,-17.700673568341447],[-72.25722531877032,-17.70067330869822],[-72.25722435873384,-17.700669846919183],[-72.25722428413293,-17.70066958676471],[-72.2572232638263,-17.700666142267888],[-72.2572231841443,-17.70066588164936],[-72.25722210387826,-17.70066245548396],[-72.25722201906098,-17.700662194452445],[-72.2572208791647,-17.700658787662114],[-72.2572207891572,-17.700658526270377],[-72.25721958997786,-17.70065513989284],[-72.25721949472549,-17.70065487819785],[-72.25721823662839,-17.700651513264628],[-72.25721813607602,-17.70065125132534],[-72.25721681944427,-17.70064790886142],[-72.25721671353783,-17.700647646742222],[-72.25721533877265,-17.700644327765787],[-72.25721522745766,-17.700644065532273],[-72.25721379497772,-17.700640771054253],[-72.25721367820083,-17.700640508777102],[-72.25721218844258,-17.700637239801083],[-72.2572120661507,-17.7006369775532],[-72.25721051956776,-17.70063373507493],[-72.25721039170973,-17.70063347293479],[-72.25720878877328,-17.700630257941945],[-72.25720865529863,-17.700629995990738],[-72.25720699649698,-17.700626809462623],[-72.25720685735668,-17.700626547785202],[-72.2572051431951,-17.700623390692506],[-72.25720499834233,-17.70062312937849],[-72.25720322934299,-17.700620002682836],[-72.25720307873266,-17.700619741825243],[-72.2572012554344,-17.700616646479116],[-72.25720109902392,-17.70061638617532],[-72.25719922198216,-17.70061332312159],[-72.25719905973115,-17.700613063472588],[-72.25719712951754,-17.700610033644235],[-72.25719696138937,-17.700609774756277],[-72.25719497859197,-17.700606779076278],[-72.25719480455265,-17.70060652105901],[-72.25719276977547,-17.70060356043984],[-72.25719258979409,-17.700603303406247],[-72.2571905036568,-17.700600378749755],[-72.25719031770768,-17.700600122819075],[-72.25718818084592,-17.700597235016133],[-72.25718798890587,-17.700596980309307],[-72.25718580197048,-17.700594130239526],[-72.25718560402161,-17.70059387688264],[-72.25718336767868,-17.700591065414212],[-72.25718316370849,-17.700590813537993],[-72.25718087863937,-17.700588041527364],[-72.25718066863872,-17.70058779126417],[-72.25717833553922,-17.700585059555678],[-72.2571781195072,-17.70058481104497],[-72.25717573908832,-17.700582120470695],[-72.25717551702648,-17.70058187385164],[-72.25717309001313,-17.700579225231174],[-72.25717286193158,-17.700578980649116],[-72.25717038906302,-17.7005763747893],[-72.25717015497759,-17.70057613239205],[-72.25716763700716,-17.70057357008659],[-72.25716739694006,-17.70057333002466],[-72.25716483463478,-17.700570812054124],[-72.25716458861535,-17.70057057448095],[-72.25716198275565,-17.70056810161228],[-72.257161730821,-17.700567866684256],[-72.25715908220074,-17.70056543967071],[-72.25715882439422,-17.700565207545406],[-72.25715613382009,-17.70056282712635],[-72.25715587019492,-17.700562597965046],[-72.25715313848661,-17.700560264865484],[-72.25715286910163,-17.700560038829025],[-72.25715009709107,-17.700557753759682],[-72.25714982201518,-17.700557531011846],[-72.25714701054682,-17.700555294668792],[-72.25714672985693,-17.700555075373888],[-72.25714387978732,-17.700552888438306],[-72.25714359356749,-17.700552672760107],[-72.2571407057646,-17.700550535898195],[-72.25714041411,-17.70055032400247],[-72.25713748945364,-17.70054823786509],[-72.25713719246554,-17.700548029915325],[-72.25713423184646,-17.700545995137965],[-72.25713392963634,-17.700545791298012],[-72.25713093395642,-17.70054380850054],[-72.25713062664536,-17.700543608933597],[-72.25712759681726,-17.700541678719887],[-72.25712728453249,-17.700541483585717],[-72.25712422147885,-17.70053960654375],[-72.25712390435864,-17.70053941600153],[-72.25712080901253,-17.700537592703114],[-72.25712048720337,-17.700537406909156],[-72.25711736050788,-17.700535637909674],[-72.25711703416366,-17.700535457016553],[-72.25711387707108,-17.700533742854873],[-72.25711354635497,-17.700533567012247],[-72.25711035982695,-17.70053190821046],[-72.25711002490907,-17.700531737563317],[-72.25710680991627,-17.7005301346268],[-72.25710647097623,-17.70052996931655],[-72.25710322849804,-17.7005284227335],[-72.25710288572078,-17.70052826289549],[-72.25709961674482,-17.700526773137025],[-72.25709927032382,-17.700526618901915],[-72.25709597584587,-17.70052518642189],[-72.25709562598139,-17.70052503791448],[-72.25709230700504,-17.70052366314914],[-72.2570919539023,-17.700523520487437],[-72.25708861143845,-17.700522203855595],[-72.25708825530957,-17.70052206715139],[-72.25708489037636,-17.700520809054126],[-72.25708453143868,-17.700520678412154],[-72.25708114506118,-17.700519479232682],[-72.25708078353645,-17.700519354750192],[-72.25707737674615,-17.70051821485383],[-72.2570770128608,-17.700518096620566],[-72.25707358669545,-17.700517016354464],[-72.25707322067883,-17.700516904452016],[-72.25706977618196,-17.700515884145304],[-72.2570694082679,-17.70051577864751],[-72.25706594648894,-17.700514818610923],[-72.25706557691201,-17.700514719582777],[-72.25706209890535,-17.700513820108785],[-72.25706172790338,-17.700513727607085],[-72.25705823472839,-17.700512888969666],[-72.25705786253931,-17.700512803042344],[-72.25705435526015,-17.700512025497012],[-72.25705398212416,-17.700511946183642],[-72.25705046180913,-17.700511229967148],[-72.25705008796452,-17.70051115729805],[-72.25704655568592,-17.700510502628596],[-72.25704618137118,-17.700510436625592],[-72.25704263820495,-17.70050984370263],[-72.25704226365802,-17.70050978437881],[-72.2570387106836,-17.70050925338293],[-72.25703833613922,-17.70050920074258],[-72.25703477443875,-17.700508731835527],[-72.25703440013022,-17.70050868587448],[-72.25703083078865,-17.70050827919909],[-72.25703045694601,-17.700508239904757],[-72.25702688105059,-17.700507895584884],[-72.2570265079002,-17.7005078629364],[-72.25702292654029,-17.70050758107697],[-72.25702255430448,-17.700507555045508],[-72.25701896857076,-17.700507335732386],[-72.25701859746799,-17.700507316281385],[-72.25701500845294,-17.70050715958131],[-72.2570146386957,-17.700507146666634],[-72.25701104749238,-17.700507052627383],[-72.25701067928833,-17.700507046197757],[-72.25700708699082,-17.700507014847965]],[[-72.25701005296142,-17.700539607581423],[-72.25701327789754,-17.700539635724766],[-72.25701650008486,-17.700539720100462],[-72.25701971863353,-17.70053986062507],[-72.2570229326615,-17.70054005720316],[-72.25702614129102,-17.70054030972754],[-72.25702934365236,-17.70054061807961],[-72.25703253888058,-17.700540982129624],[-72.25703572611627,-17.70054140173689],[-72.25703890450643,-17.70054187675022],[-72.2570420732034,-17.70054240700796],[-72.2570452313633,-17.700542992338054],[-72.25704837814969,-17.700543632558716],[-72.2570515127275,-17.700544327477598],[-72.25705463426864,-17.700545076893064],[-72.25705774194738,-17.700545880593165],[-72.25706083494305,-17.700546738356536],[-72.25706391243698,-17.700547649951464],[-72.25706697361429,-17.700548615136718],[-72.2570700176627,-17.70054963366081],[-72.25707304377309,-17.700550705262415],[-72.25707605113782,-17.70055182966977],[-72.25707903895093,-17.70055300660041],[-72.25708200641029,-17.700554235762056],[-72.25708495271213,-17.700555516850294],[-72.25708787705713,-17.700556849550832],[-72.25709077864543,-17.700558233537222],[-72.25709365667923,-17.700559668471666],[-72.25709651036115,-17.70056115400421],[-72.25709933889564,-17.70056268977288],[-72.25710214148755,-17.700564275402854],[-72.25710491734303,-17.700565910506413],[-72.2571076656698,-17.70056759468301],[-72.25711038567663,-17.700569327518323],[-72.25711307657372,-17.70057110858397],[-72.25711573757256,-17.70057293743764],[-72.25711836788759,-17.700574813622943],[-72.25712096673469,-17.70057673666837],[-72.25712353333223,-17.700578706087747],[-72.25712606690102,-17.70058072137913],[-72.2571285666663,-17.700582782026395],[-72.25713103185566,-17.700584887496923],[-72.25713346170096,-17.700587037242226],[-72.2571358554392,-17.700589230699112],[-72.25713821231109,-17.70059146728685],[-72.25714053156366,-17.70059374640986],[-72.25714281244902,-17.700596067455525],[-72.25714505422678,-17.70059842979625],[-72.25714725616197,-17.70060083278672],[-72.2571494175281,-17.700603275766728],[-72.25715153760632,-17.700605758059226],[-72.25715361568633,-17.700608278971853],[-72.25715565106648,-17.700610837795292],[-72.25715764305534,-17.700613433805735],[-72.25715959097055,-17.70061606626208],[-72.25716149414193,-17.70061873440986],[-72.25716335190823,-17.700621437476673],[-72.25716516362242,-17.700624174678214],[-72.25716692864708,-17.70062694521197],[-72.25716864635984,-17.70062974826459],[-72.25717031614963,-17.700632583005213],[-72.25717193741974,-17.700635448590575],[-72.25717350958773,-17.700638344163902],[-72.25717503208493,-17.70064126885396],[-72.25717650435882,-17.700644221778685],[-72.25717792587088,-17.700647202040805],[-72.25717929609878,-17.70065020873195],[-72.25718061453753,-17.700653240933732],[-72.25718188069666,-17.700656297712683],[-72.257183094104,-17.70065937812687],[-72.25718425430405,-17.700662481223358],[-72.25718536085854,-17.700665606037294],[-72.25718641334808,-17.700668751597483],[-72.25718741136988,-17.700671916918722],[-72.25718835454077,-17.700675101010898],[-72.25718924249558,-17.70067830287322],[-72.25719007488819,-17.70068152149734],[-72.25719085139148,-17.70068475586691],[-72.25719157169762,-17.700688004958742],[-72.25719223551829,-17.700691267743036],[-72.25719284258517,-17.700694543183715],[-72.25719339264923,-17.700697830238056],[-72.25719388548153,-17.70070112785787],[-72.25719432087381,-17.700704434992186],[-72.25719469863726,-17.70070775058186],[-72.25719501860412,-17.700711073566772],[-72.25719528062669,-17.700714402882067],[-72.25719548457788,-17.700717737459367],[-72.25719563035145,-17.70072107622726],[-72.25719571786148,-17.70072441811315],[-72.25719574704327,-17.70072776204268],[-72.25719571785251,-17.700731106937727],[-72.25719563026605,-17.70073445172255],[-72.25719548428125,-17.70073779531715],[-72.25719527991659,-17.70074113664575],[-72.25719501721137,-17.700744474628618],[-72.25719469622568,-17.700747808189046],[-72.2571943170405,-17.70075113625236],[-72.25719387975768,-17.700754457743184],[-72.25719338449986,-17.70075777158893],[-72.25719283141035,-17.700761076719633],[-72.25719222065295,-17.70076437206994],[-72.25719155241269,-17.700767656574687],[-72.2571908268946,-17.700770929174002],[-72.25719004432439,-17.7007741888119],[-72.25718920494805,-17.700777434438233],[-72.25718830903241,-17.70078066500478],[-72.2571873568638,-17.700783879471018],[-72.25718634874879,-17.70078707680244],[-72.25718528501439,-17.700790255968545],[-72.25718416600704,-17.700793415947057],[-72.2571829920929,-17.700796555722395],[-72.25718176365781,-17.70079967428565],[-72.25718048110697,-17.700802770636617],[-72.25717914486486,-17.70080584378234],[-72.25717775537535,-17.700808892738284],[-72.25717631310076,-17.700811916529187],[-72.2571748185218,-17.700814914190165],[-72.2571732721393,-17.70081788476277],[-72.2571716744703,-17.700820827302373],[-72.2571700260516,-17.700823740872007],[-72.25716832743691,-17.700826624547055],[-72.25716657919877,-17.700829477411972],[-72.25716478192551,-17.70083229856539],[-72.25716293622403,-17.700835087115646],[-72.25716104271754,-17.700837842184317],[-72.25715910204593,-17.700840562905043],[-72.25715711486576,-17.700843248424523],[-72.25715508184949,-17.70084589790255],[-72.25715300368529,-17.70084851051255],[-72.25715088107701,-17.700851085442057],[-72.25714871474366,-17.700853621892037],[-72.25714650541877,-17.700856119079283],[-72.2571442538513,-17.700858576233646],[-72.25714196080324,-17.700860992601786],[-72.25713962705073,-17.700863367445262],[-72.25713725338404,-17.700865700040705],[-72.25713484060557,-17.700867989681626],[-72.25713238953108,-17.70087023567735],[-72.25712990098765,-17.70087243735428],[-72.25712737581578,-17.700874594054564],[-72.2571248148653,-17.700876705138924],[-72.25712221899923,-17.700878769983674],[-72.25711958908892,-17.700880787984616],[-72.25711692601757,-17.700882758553455],[-72.25711423067698,-17.700884681120964],[-72.25711150396839,-17.700886555135625],[-72.25710874680156,-17.700888380064274],[-72.25710596009438,-17.700890155392305],[-72.25710314477284,-17.70089188062334],[-72.25710030176825,-17.700893555280757],[-72.25709743202056,-17.70089517890563],[-72.25709453647487,-17.700896751058416],[-72.25709161608185,-17.700898271318568],[-72.25708867179651,-17.700899739284864],[-72.25708570457925,-17.700901154574662],[-72.25708271539358,-17.70090251682481],[-72.25707970520605,-17.700903825691338],[-72.25707667498695,-17.700905080849008],[-72.25707362570732,-17.700906281991934],[-72.25707055834111,-17.700907428832934],[-72.2570674738623,-17.700908521103948],[-72.25706437324574,-17.70090955855552],[-72.25706125746657,-17.700910540956684],[-72.2570581274985,-17.700911468095207],[-72.25705498431478,-17.70091233977698],[-72.2570518288867,-17.700913155825944],[-72.25704866218359,-17.70091391608387],[-72.25704548517271,-17.700914620409982],[-72.25704229881683,-17.70091526868119],[-72.25703910407702,-17.700915860790996],[-72.25703590190896,-17.700916396649877],[-72.25703269326526,-17.700916876184664],[-72.25702947909335,-17.700917299338197],[-72.2570262603354,-17.700917666069074],[-72.25702303792895,-17.700917976351302],[-72.25701981280595,-17.70091823017372],[-72.25701658589243,-17.70091842753998],[-72.25701335810828,-17.700918568467802],[-72.257010130368,-17.700918652988907],[-72.25700690357989,-17.700918681148433],[-72.25700367864509,-17.700918653004585],[-72.25700045645937,-17.700918568628424],[-72.25699723791197,-17.700918428103368],[-72.25699402388545,-17.70091823152482],[-72.2569908152571,-17.700917979000046],[-72.25698761289726,-17.700917670647595],[-72.25698441767052,-17.700917306597248],[-72.25698123043635,-17.70091688698963],[-72.25697805204739,-17.700916411975953],[-72.25697488335229,-17.70091588171801],[-72.256971725193,-17.7009152963875],[-72.25696857840859,-17.700914656166717],[-72.25696544383206,-17.700913961247554],[-72.2569623222923,-17.700913211831917],[-72.25695921461454,-17.700912408131515],[-72.25695612162043,-17.700911550368065],[-72.25695304412754,-17.700910638772882],[-72.2569499829517,-17.70090967358757],[-72.2569469389041,-17.70090865506322],[-72.25694391279495,-17.700907583461504],[-72.25694090543134,-17.700906459054057],[-72.25693791761915,-17.700905282123266],[-72.25693495016084,-17.700904052961537],[-72.25693200385982,-17.700902771873167],[-72.25692907951587,-17.70090143917255],[-72.25692617792804,-17.700900055185897],[-72.25692329989548,-17.70089862025157],[-72.25692044621401,-17.700897134718748],[-72.25691761768014,-17.70089559894993],[-72.25691481508883,-17.70089401331988],[-72.25691203923407,-17.70089237821622],[-72.25690929090773,-17.70089069403943],[-72.25690657090158,-17.700888961204136],[-72.25690388000473,-17.700887180138167],[-72.25690121900615,-17.700885351284303],[-72.25689858869168,-17.700883475098962],[-72.25689598984444,-17.700881552053026],[-72.25689342324783,-17.700879582633952],[-72.25689088967877,-17.700877567341998],[-72.25688838991383,-17.700875506694597],[-72.25688592472478,-17.700873401224055],[-72.25688349487925,-17.700871251478173],[-72.25688110114127,-17.700869058021247],[-72.2568787442694,-17.700866821433213],[-72.25687642501711,-17.700864542310224],[-72.25687414413113,-17.70086222126368],[-72.25687190235394,-17.7008598589233],[-72.25686970041876,-17.7008574559326],[-72.25686753905218,-17.700855012951962],[-72.25686541897372,-17.700852530659034],[-72.2568633408939,-17.700850009746453],[-72.25686130551348,-17.700847450922588],[-72.25685931352476,-17.70084485491228],[-72.25685736560894,-17.70084222245507],[-72.25685546243771,-17.700839554307443],[-72.2568536046711,-17.700836851240282],[-72.25685179295677,-17.700834114038585],[-72.25685002793175,-17.70083134350433],[-72.256848310219,-17.700828540451965],[-72.25684664042892,-17.700825705710923],[-72.25684501915846,-17.700822840125255],[-72.25684344699037,-17.70081994455198],[-72.2568419244928,-17.700817019861518],[-72.25684045221871,-17.700814066936736],[-72.25683903070653,-17.70081108667478],[-72.25683766047797,-17.700808079982785],[-72.2568363420393,-17.700805047781692],[-72.25683507587979,-17.700801991002642],[-72.25683386247218,-17.7007989105883],[-72.25683270227188,-17.700795807491932],[-72.25683159571685,-17.70079268267736],[-72.25683054322744,-17.700789537118524],[-72.256829545205,-17.700786371796255],[-72.2568286020339,-17.70078318770459],[-72.25682771407874,-17.700779985842214],[-72.25682688168565,-17.700776767218187],[-72.2568261051823,-17.70077353284951],[-72.25682538487558,-17.70077028375714],[-72.25682472105461,-17.700767020973586],[-72.25682411398734,-17.700763745532686],[-72.25682356392294,-17.70076045847909],[-72.25682307109027,-17.70075716085975],[-72.25682263569757,-17.70075385372559],[-72.25682225793358,-17.700750538135857],[-72.25682193796627,-17.700747215151498],[-72.25682167594336,-17.700743885837056],[-72.25682147199166,-17.700740551260466],[-72.25682132621763,-17.700737212492694],[-72.25682123870706,-17.700733870606797],[-72.25682120952482,-17.700730526678907],[-72.25682123871498,-17.700727181783243],[-72.25682132630091,-17.700723836999774],[-72.25682147228514,-17.700720493405463],[-72.25682167664924,-17.70071715207758],[-72.25682193935383,-17.700713814095387],[-72.25682226033891,-17.700710480535317],[-72.25682263952348,-17.700707152473086],[-72.25682307680567,-17.700703830982647],[-72.25682357206264,-17.7007005171384],[-72.25682412515168,-17.700697212007313],[-72.25682473590831,-17.70069391665788],[-72.25682540414783,-17.700690632154135],[-72.25682612966516,-17.70068735955574],[-72.25682691223454,-17.700684099918256],[-72.2568277516101,-17.70068085429312],[-72.25682864752507,-17.700677623727003],[-72.25682959969294,-17.700674409261026],[-72.25683060780683,-17.700671211931347],[-72.2568316715406,-17.700668032765357],[-72.25683279054714,-17.7006648727876],[-72.25683396446034,-17.700661733013177],[-72.25683519289456,-17.70065861445043],[-72.2568364754444,-17.700655518100568],[-72.2568378116856,-17.70065244495556],[-72.25683920117439,-17.700649395999964],[-72.25684064344794,-17.70064637220994],[-72.25684213802573,-17.700643374550097],[-72.25684368440774,-17.700640403977303],[-72.25684528207543,-17.700637461438873],[-72.25684693049338,-17.70063454786959],[-72.25684862910695,-17.700631664195352],[-72.25685037734428,-17.70062881133078],[-72.25685217461638,-17.700625990178324],[-72.25685402031691,-17.700623201628574],[-72.25685591382265,-17.70062044656014],[-72.25685785449326,-17.700617725839948],[-72.25685984167245,-17.70061504032095],[-72.25686187468762,-17.700612390843556],[-72.25686395285106,-17.70060977823371],[-72.25686607545845,-17.700607203304557],[-72.25686824179085,-17.700604666854957],[-72.2568704511147,-17.70060216966818],[-72.25687270268125,-17.700599712514133],[-72.2568749957287,-17.700597296146],[-72.2568773294801,-17.70059492130303],[-72.25687970314627,-17.70059258870747],[-72.25688211592364,-17.700590299066914],[-72.25688456699781,-17.700588053070895],[-72.25688705554006,-17.700585851394436],[-72.25688958071142,-17.700583694693986],[-72.25689214166094,-17.70058158360987],[-72.25689473752693,-17.70057951876459],[-72.25689736743635,-17.700577500763817],[-72.25690003050704,-17.70057553019494],[-72.25690272584734,-17.7005736076271],[-72.25690545255527,-17.700571733612392],[-72.25690820972163,-17.700569908683562],[-72.25691099642856,-17.700568133355155],[-72.25691381174977,-17.70056640812383],[-72.25691665475415,-17.700564733466063],[-72.25691952450151,-17.700563109840907],[-72.25692242004706,-17.7005615376877],[-72.25692534043998,-17.700560017427122],[-72.25692828472523,-17.70055854946043],[-72.25693125194252,-17.70055713417014],[-72.2569342411285,-17.70055577191935],[-72.25693725131583,-17.70055446305244],[-72.25694028153553,-17.70055320789412],[-72.25694333081486,-17.70055200675081],[-72.25694639818184,-17.70055085990906],[-72.25694948266087,-17.700549767637504],[-72.25695258327788,-17.700548730185343],[-72.25695569905727,-17.700547747783602],[-72.25695882902639,-17.70054682064432],[-72.2569619722106,-17.70054594896195],[-72.2569651276394,-17.700545132912357],[-72.25696829434294,-17.70054437265383],[-72.256971471355,-17.70054366832702],[-72.25697465771168,-17.700543020055168],[-72.25697785245234,-17.70054242794476],[-72.25698105462138,-17.700541892085198],[-72.25698426326606,-17.700541412549793],[-72.25698747743911,-17.70054098939565],[-72.25699069619829,-17.700540622664136],[-72.2569939186058,-17.700540312381307],[-72.25699714373012,-17.700540058558282],[-72.25700037064502,-17.700539861191476],[-72.25700359843029,-17.70053972026309],[-72.25700682617163,-17.700539635741453],[-72.25701005296142,-17.700539607581423]]]]}},{"type":"Feature","properties":{"id":"street_dimaeta_stsutodo_marketcircle","group":null,"name":"Market Circle","settlement_id":"settlement_dimaeta","country_id":"country_tsutodo","district_id":null,"status":"active","surface":"paved","access":"public","bridge":null,"tunnel":null,"oneway":null,"route_id":null,"alt_name":null,"notes":null},"geometry":{"type":"MultiPolygon","coordinates":[[[[-72.24767499071694,-17.703409360132817],[-72.24767462427721,-17.703409360130095],[-72.24767103197965,-17.703409391479312],[-72.24767066749023,-17.70340939783865],[-72.24766707628692,-17.70340949187736],[-72.24766671393755,-17.70340950452794],[-72.24766312492243,-17.703409661227443],[-72.24766276489514,-17.70340968009259],[-72.24765917916132,-17.70340989940519],[-72.2476588216319,-17.703409924402916],[-72.24765524027184,-17.703410206261772],[-72.24765488540822,-17.703410237305057],[-72.2476513095127,-17.703410581624397],[-72.24765095747681,-17.703410618621497],[-72.24764738813509,-17.703411025296358],[-72.24764703907982,-17.70341106815151],[-72.24764347737914,-17.703411537058045],[-72.24764313145101,-17.70341158567156],[-72.24763957847648,-17.703412116666904],[-72.24763923581409,-17.70341217093572],[-72.24763569264766,-17.70341276385814],[-72.24763535338151,-17.703412823676267],[-72.24763182110264,-17.70341347834522],[-72.24763148535682,-17.70341354360389],[-72.24762796504156,-17.703414259819848],[-72.24762763293133,-17.70341433040829],[-72.24762412565191,-17.703415107953155],[-72.24762379728575,-17.703415183758654],[-72.24762030411043,-17.703416022395583],[-72.24761997958947,-17.70341610330391],[-72.24761650158251,-17.703417002777403],[-72.2476161810001,-17.703417088673305],[-72.24761271922081,-17.70341804870942],[-72.24761240266403,-17.70341813947669],[-72.24760895816686,-17.703419159782957],[-72.24760864571452,-17.703419255305246],[-72.24760521954884,-17.703420335570904],[-72.24760491127446,-17.70342043573134],[-72.2476015044838,-17.7034215756273],[-72.24760120045323,-17.703421680309418],[-72.24759781407536,-17.703422879488446],[-72.24759751434843,-17.70342298857613],[-72.2475941494148,-17.703424246673006],[-72.24759385404522,-17.703424360050732],[-72.24759051158097,-17.70342567668217],[-72.24759022061637,-17.70342579423544],[-72.2475869016396,-17.703427169000395],[-72.24758661512203,-17.70342729061584],[-72.24758332064359,-17.70342872309556],[-72.24758303860936,-17.703428848661254],[-72.247579769633,-17.703430338419352],[-72.24757949211376,-17.703430467824663],[-72.24757624963507,-17.70343201440742],[-72.24757597665736,-17.703432147543516],[-72.24757276166405,-17.70343375047974],[-72.24757249324881,-17.703433887240113],[-72.24756930672034,-17.703435546041614],[-72.24756904288563,-17.70343568632101],[-72.24756588579254,-17.703437400482425],[-72.24756562655135,-17.703437544178193],[-72.2475624998553,-17.703439313177395],[-72.24756224521639,-17.70343946018928],[-72.24755914986979,-17.703441283487464],[-72.24755889983875,-17.703441433717316],[-72.24755583678463,-17.70344331075906],[-72.24755559136396,-17.703443464110993],[-72.24755256153526,-17.70344539432454],[-72.24755232072401,-17.703445550705275],[-72.24754932504354,-17.70344753350261],[-72.24754908883689,-17.703447692822124],[-72.24754612821722,-17.70344972759936],[-72.24754589660898,-17.70344988976935],[-72.24754297195213,-17.7034519759066],[-72.24754274493381,-17.70345214084124],[-72.24753985713033,-17.703454277703024],[-72.24753963468918,-17.703454445320705],[-72.24753678461903,-17.70345663225621],[-72.24753656674305,-17.70345680247583],[-72.24753375527419,-17.703459038818803],[-72.24753354194728,-17.703459211563843],[-72.24753076993618,-17.703461496633125],[-72.2475305611417,-17.703461671828816],[-72.24752782943281,-17.703464004928342],[-72.24752762515308,-17.703464182502394],[-72.2475249345784,-17.70346656292146],[-72.24752473479337,-17.70346674280514],[-72.24752208617257,-17.703469169818696],[-72.24752189086259,-17.703469351944683],[-72.24751928500228,-17.703471824813377],[-72.24751909414528,-17.703472009118393],[-72.24751653183942,-17.703474527089],[-72.24751634541383,-17.703474713511206],[-72.24751382744283,-17.70347727581673],[-72.24751364542614,-17.703477464297162],[-72.24751117255707,-17.70348007015706],[-72.24751099492615,-17.703480260639598],[-72.24750856791218,-17.703482909260185],[-72.24750839464407,-17.703483101690676],[-72.24750601422463,-17.70348579226507],[-72.24750584529642,-17.70348598659156],[-72.2475035121964,-17.703488718300214],[-72.24750334758401,-17.703488914474494],[-72.24750106251439,-17.703491686485314],[-72.2475009021961,-17.70349188445889],[-72.24749866585259,-17.703494695927503],[-72.24749850980453,-17.703494895656895],[-72.24749632286861,-17.70349774572687],[-72.24749617106892,-17.70349794716893],[-72.24749403420665,-17.70350083497216],[-72.24749388663366,-17.703501038086113],[-72.24749180049588,-17.703503962742904],[-72.24749165712791,-17.70350416749079],[-72.24748962235023,-17.703507128110243],[-72.24748948316704,-17.703507334455093],[-72.24748750036919,-17.703510330135394],[-72.24748736535102,-17.70351053804252],[-72.24748543513691,-17.703513567871187],[-72.2474853042646,-17.703513777308114],[-72.2474834272223,-17.7035168403622],[-72.24748330047802,-17.703517051297673],[-72.24748147717938,-17.703520146644138],[-72.24748135454666,-17.70352035904789],[-72.24747958554683,-17.703523485743847],[-72.24747946700923,-17.703523699589102],[-72.24747775284723,-17.703526856682164],[-72.24747763839035,-17.703527071942073],[-72.2474759795883,-17.70353025847058],[-72.24747586919882,-17.70353047512013],[-72.24747426626197,-17.703533690113375],[-72.24747415992773,-17.703533908128982],[-72.24747261334437,-17.703537150607676],[-72.24747251105428,-17.703537369967744],[-72.2474710212956,-17.703540638944226],[-72.24747092304067,-17.703540859626802],[-72.24746949056036,-17.70354415410527],[-72.24746939633252,-17.703544376090665],[-72.2474680215669,-17.7035476950676],[-72.24746793135944,-17.7035479183376],[-72.24746661472739,-17.70355126080201],[-72.24746652853551,-17.703551485338345],[-72.2474652704381,-17.703554850272035],[-72.24746518825862,-17.703555076057373],[-72.24746398907891,-17.703558462435463],[-72.24746391090983,-17.703558689454297],[-72.24746277101322,-17.703562096245133],[-72.24746269685446,-17.7035623244819],[-72.2474616165882,-17.7035657506478],[-72.2474615464413,-17.703565980087756],[-72.24746052613438,-17.70356942458513],[-72.24746046000253,-17.703569655214316],[-72.24745949996581,-17.70357311699389],[-72.24745943785422,-17.70357334879797],[-72.24745853837997,-17.7035768268052],[-72.24745848029484,-17.70357705977279],[-72.24745764165729,-17.70358055294835],[-72.24745758760761,-17.703580787064514],[-72.24745681006205,-17.703584294344235],[-72.24745676005769,-17.70358452959812],[-72.2474560438411,-17.703588049913755],[-72.24745599789429,-17.70358828629184],[-72.24745534322476,-17.703591818570967],[-72.24745530134932,-17.703592056061378],[-72.24745470842622,-17.703595599228098],[-72.24745467063778,-17.70359583781897],[-72.24745413964185,-17.703599390793986],[-72.24745410595791,-17.703599630472496],[-72.24745363705084,-17.70360319217354],[-72.24745360749087,-17.703603432926762],[-72.24745320081536,-17.70360700226892],[-72.24745317540038,-17.7036072440848],[-72.24745283108041,-17.703610819980753],[-72.24745280983339,-17.703611062846278],[-72.24745252797392,-17.70361464420682],[-72.24745251091976,-17.703614888107683],[-72.24745229160656,-17.7036184738419],[-72.24745227877186,-17.703618718764385],[-72.24745212207175,-17.70362230778003],[-72.24745211348491,-17.703622553709607],[-72.24745201944572,-17.703626144913393],[-72.24745201513697,-17.703626391833822],[-72.24745198378722,-17.70362998413187],[-72.24745198378861,-17.703630232027308],[-72.24745201513784,-17.70363382432534],[-72.24745201948302,-17.703634073178286],[-72.24745211352166,-17.703637664382093],[-72.24745212224617,-17.703637914175122],[-72.24745227894576,-17.703641503190788],[-72.24745229208668,-17.70364175390309],[-72.24745251139935,-17.703645339637323],[-72.24745252899542,-17.70364559124871],[-72.24745281085433,-17.703649172609264],[-72.24745283294607,-17.703649425098167],[-72.24745317726548,-17.70365300099414],[-72.24745320389471,-17.703653254336114],[-72.24745361056964,-17.703656823678283],[-72.2474536417798,-17.703657077848504],[-72.24745411068638,-17.703660639549554],[-72.24745414652237,-17.703660894521175],[-72.24745467751774,-17.703664447496262],[-72.24745471802592,-17.70366470324136],[-72.24745531094852,-17.703668246408075],[-72.24745535617627,-17.703668502894626],[-72.24745601084528,-17.703672035173827],[-72.2474560608415,-17.70367229236988],[-72.24745677705755,-17.703675812685542],[-72.2474568318722,-17.70367607055679],[-72.24745760941724,-17.70367957783657],[-72.24745766910104,-17.70367983634456],[-72.24745850773806,-17.703683329520153],[-72.24745857234325,-17.703683588626927],[-72.24745947181701,-17.703687066634263],[-72.24745954139581,-17.703687326295842],[-72.24746050143202,-17.703690788075452],[-72.24746057603835,-17.7036910482489],[-72.2474615963448,-17.703694492746344],[-72.24746167603239,-17.70369475338329],[-72.24746275629822,-17.703698179549274],[-72.24746284112148,-17.703698440599233],[-72.2474639810176,-17.703701847390168],[-72.2474640710313,-17.703702108800027],[-72.24746527021053,-17.70370549517818],[-72.24746536546937,-17.70370575689099],[-72.24746662356635,-17.70370912182478],[-72.24746672412545,-17.70370938378167],[-72.24746804075707,-17.703712726246145],[-72.24746814667064,-17.703712988383078],[-72.24746952143583,-17.70371630736008],[-72.247469632758,-17.70371656961047],[-72.24747106523789,-17.70371986408901],[-72.2474711820223,-17.703720126383136],[-72.24747267178059,-17.70372339535971],[-72.24747279408008,-17.703723657623947],[-72.24747434066305,-17.70372690010275],[-72.24747446852885,-17.70372716225884],[-72.24747607146529,-17.70373037725216],[-72.24747620494809,-17.70373063921934],[-72.24747786374978,-17.703733825747943],[-72.2474780028982,-17.70373408744071],[-72.24747971705986,-17.703737244533883],[-72.24747986192115,-17.703737505863334],[-72.24748163092066,-17.703740632559423],[-72.2474817815392,-17.703740893431252],[-72.24748360483753,-17.703743988777816],[-72.24748376125689,-17.70374424909638],[-72.24748563829893,-17.703747312150576],[-72.24748580055832,-17.703747571813064],[-72.24748773077214,-17.70375060164186],[-72.24748789890903,-17.703750860543256],[-72.24748988170667,-17.70375385622364],[-72.24749005575465,-17.703754114253748],[-72.24749209053203,-17.703757074873334],[-72.24749227052222,-17.703757331919427],[-72.24749435665977,-17.70376025657632],[-72.24749454261759,-17.703760512518947],[-72.24749667947961,-17.703763400322256],[-72.24749687142845,-17.703763655040728],[-72.24749905836416,-17.703766505110806],[-72.24749925632162,-17.703766758478682],[-72.24750149266492,-17.703769569947422],[-72.24750169664352,-17.703769821834047],[-72.24750398171295,-17.703772593844985],[-72.24750419172199,-17.703772844118124],[-72.24750652482184,-17.70377557582691],[-72.24750674086242,-17.703775824347435],[-72.24750912128177,-17.703778514921947],[-72.24750934335152,-17.703778761549827],[-72.24751177036532,-17.703781410170524],[-72.24751199845467,-17.703781654760927],[-72.24751447132361,-17.70378426062096],[-72.24751470541683,-17.70378450302623],[-72.24751722338772,-17.703787065331888],[-72.24751746346232,-17.703787305401285],[-72.24752002576808,-17.70378982337201],[-72.24752027179473,-17.703790060952127],[-72.24752287765496,-17.703792533820945],[-72.2475231295963,-17.703792768755154],[-72.24752577821704,-17.70379519576883],[-72.24752603603021,-17.703795427900115],[-72.24752872660488,-17.70379780831928],[-72.2475289902363,-17.70379803748597],[-72.2475317219452,-17.70380037058562],[-72.24753199133598,-17.703800596626888],[-72.2475347633471,-17.703802881696312],[-72.2475350384283,-17.703803104448397],[-72.24753784989717,-17.70380534079148],[-72.24753813059218,-17.703805560090316],[-72.24754098066234,-17.703807747025905],[-72.2475412668867,-17.703807962707476],[-72.24754415469019,-17.703810099569388],[-72.24754444634891,-17.70381031146807],[-72.24754737100584,-17.70381239760541],[-72.24754766799778,-17.703812605557808],[-72.24755062861753,-17.70381464033514],[-72.24755093083067,-17.703814844177078],[-72.24755392651123,-17.70381682697448],[-72.24755423382514,-17.703817026543245],[-72.247557263654,-17.703818956756876],[-72.24755757594053,-17.703819151892105],[-72.24756063899477,-17.70382102893396],[-72.24756095611673,-17.703821219477174],[-72.24756405146348,-17.70382304277545],[-72.24756437327382,-17.70382322857005],[-72.24756749997002,-17.70382499756934],[-72.2475678263146,-17.703825178462594],[-72.24757098340784,-17.703826892624107],[-72.247571314124,-17.70382706846671],[-72.24757450065263,-17.70382872726828],[-72.24757483556999,-17.70382889791508],[-72.24757805056348,-17.703830500851407],[-72.2475783895025,-17.703830666161068],[-72.24758163198142,-17.7038322127439],[-72.2475819747567,-17.703832372580944],[-72.24758524373328,-17.70383386233915],[-72.24758559015227,-17.703834016573307],[-72.24758888463091,-17.70383544905309],[-72.2475892344929,-17.703835597559372],[-72.24759255346996,-17.70383697232437],[-72.24759290656928,-17.703837114984644],[-72.24759624903383,-17.703838431616173],[-72.24759660515917,-17.70383856831897],[-72.24759997009305,-17.703839826415866],[-72.24760032902628,-17.703839957056154],[-72.24760371540442,-17.70384115623527],[-72.24760407692452,-17.70384128071611],[-72.24760748371548,-17.70384242061212],[-72.24760784759586,-17.703842538843716],[-72.24761127376188,-17.703843619109403],[-72.24761163977269,-17.703843731010007],[-72.2476150842702,-17.703844751316367],[-72.24761545217861,-17.703844856812452],[-72.2476189139582,-17.7038458168486],[-72.24761928352872,-17.70384591587498],[-72.24762276153604,-17.70384681534853],[-72.24762313253132,-17.703846907848487],[-72.24762662570694,-17.70384774648547],[-72.24762699788887,-17.703847832411068],[-72.2476305051686,-17.70384860995595],[-72.24763087829747,-17.70384868926776],[-72.24763439861312,-17.703849405483776],[-72.24763477245018,-17.703849478151323],[-72.24763830472939,-17.7038501328203],[-72.24763867903637,-17.703850198821883],[-72.24764222220318,-17.70385079174434],[-72.24764259674205,-17.703850851066807],[-72.247646149717,-17.703851382062197],[-72.2476465242532,-17.703851434701328],[-72.24765008595425,-17.703851903607912],[-72.24765046025477,-17.703851949567913],[-72.24765402959687,-17.70385235624275],[-72.24765440343093,-17.70385239553612],[-72.24765797932686,-17.703852739855474],[-72.2476583524691,-17.703852772503165],[-72.24766193382955,-17.70385305436205],[-72.24766230605664,-17.703853080392843],[-72.24766589179083,-17.703853299705436],[-72.24766626288519,-17.703853319155964],[-72.24766985190068,-17.70385347585549],[-72.24767022164974,-17.703853488769823],[-72.24767381285344,-17.70385358280852],[-72.24767418104926,-17.70385358923794],[-72.24767777334722,-17.70385362058715],[-72.24767813978792,-17.703853620589804],[-72.24768173208584,-17.703853589240033],[-72.24768209657617,-17.70385358288061],[-72.24768568777988,-17.70385348884134],[-72.24768605013028,-17.70385347619068],[-72.24768963914579,-17.70385331949062],[-72.24768999917427,-17.703853300625347],[-72.24769358490838,-17.70385308131216],[-72.24769394243862,-17.703853056314312],[-72.24769752379892,-17.703852774454905],[-72.24769787866353,-17.703852743411474],[-72.24770145455938,-17.703852399091573],[-72.2477018065962,-17.703852362094313],[-72.24770537593818,-17.703851955418894],[-72.24770572499438,-17.703851912563575],[-72.24770928669523,-17.703851443656486],[-72.2477096326243,-17.7038513950428],[-72.24771318559908,-17.70385086404688],[-72.2477135282623,-17.703850809777883],[-72.2477170714289,-17.703850216854892],[-72.24771741069588,-17.70385015703658],[-72.24772094297481,-17.70384950236709],[-72.24772127872143,-17.703849437108218],[-72.24772479903683,-17.703848720891692],[-72.2477251311478,-17.70384865030306],[-72.24772863842733,-17.70384787275765],[-72.2477289667944,-17.703847796951916],[-72.24773245996973,-17.70384695831442],[-72.24773278449115,-17.703846877405955],[-72.24773626249817,-17.70384597793195],[-72.2477365830814,-17.703845892035783],[-72.24774004486068,-17.70384493199915],[-72.24774036141798,-17.703844841231664],[-72.24774380591518,-17.7038438209249],[-72.2477441183679,-17.703843725402432],[-72.24774754453358,-17.703842645136287],[-72.24774785280874,-17.703842544975558],[-72.24775125959933,-17.703841405079096],[-72.24775156363025,-17.703841300396807],[-72.24775495000806,-17.703840101217263],[-72.24775524973533,-17.70383999212945],[-72.2477586146688,-17.70383873403214],[-72.247758910039,-17.703838620654142],[-72.24776225250312,-17.703837304022223],[-72.24776254346796,-17.703837186468785],[-72.24776586244455,-17.70383581170342],[-72.24776614896248,-17.70383569008777],[-72.24776944344067,-17.703834257607646],[-72.24776972547505,-17.703834132041862],[-72.24777299445124,-17.703832642283334],[-72.24777327197087,-17.703832512877792],[-72.24777651444927,-17.70383096629466],[-72.24777678742716,-17.70383083315844],[-72.24778000242017,-17.703829230221828],[-72.24778027083562,-17.703829093461326],[-72.24778345736378,-17.703827434659466],[-72.2477837211985,-17.703827294379998],[-72.2477868782913,-17.703825580218233],[-72.24778713753274,-17.70382543652233],[-72.2477902642284,-17.70382366752276],[-72.24779051886729,-17.703823520510877],[-72.24779361421353,-17.703821697212362],[-72.24779386424454,-17.703821546982486],[-72.24779692729827,-17.70381966994044],[-72.24779717271896,-17.703819516588464],[-72.24780020254727,-17.703817586374655],[-72.24780044335853,-17.70381742999385],[-72.24780343903853,-17.703815447196284],[-72.24780367524518,-17.70381528787672],[-72.24780663586432,-17.70381325309923],[-72.24780686747233,-17.703813090929373],[-72.24780979212876,-17.703811004791902],[-72.24781001914707,-17.703810839857198],[-72.24781290695,-17.703808702995214],[-72.247813129391,-17.703808535377625],[-72.24781597946064,-17.703806348441923],[-72.24781619733636,-17.70380617822247],[-72.24781900880473,-17.703803941879304],[-72.24781922213155,-17.703803769134332],[-72.24782199414211,-17.703801484064883],[-72.24782220293638,-17.703801308869284],[-72.2478249346447,-17.703798975769597],[-72.24782513892416,-17.703798798195745],[-72.24782782949823,-17.70379641777658],[-72.24782802928301,-17.703796237893073],[-72.24783067790322,-17.703793810879418],[-72.24783087321289,-17.70379362875365],[-72.24783347907258,-17.703791155884883],[-72.24783366992948,-17.703790971579963],[-72.24783623223463,-17.703788453609288],[-72.24783641865977,-17.703788267187523],[-72.24783893663013,-17.703785704881962],[-72.24783911864662,-17.703785516401673],[-72.24784159151507,-17.703782910541758],[-72.24784176914574,-17.703782720059415],[-72.247844196159,-17.70378007143884],[-72.24784436942679,-17.703779879008668],[-72.24784674984551,-17.70377718843431],[-72.24784691877342,-17.70377699410811],[-72.24784925187276,-17.703774262399477],[-72.24784941648483,-17.703774066225524],[-72.24785170155374,-17.703771294214746],[-72.2478518618717,-17.703771096241546],[-72.24785409821443,-17.703768284773048],[-72.24785425426234,-17.703768085043805],[-72.2478564411975,-17.70376523497391],[-72.24785659299675,-17.70376503353236],[-72.24785872985824,-17.703762145729304],[-72.2478588774309,-17.7037619426158],[-72.24786096356793,-17.703759017959154],[-72.2478611069357,-17.703758813211472],[-72.2478631417126,-17.703755852592177],[-72.24786328089543,-17.703755646247814],[-72.24786526369253,-17.703752650567704],[-72.24786539871054,-17.70375244266077],[-72.24786732892385,-17.703749412832316],[-72.24786745979586,-17.70374920339577],[-72.24786933683733,-17.7037461403419],[-72.24786946358114,-17.703745929407123],[-72.24787128687908,-17.70374283406088],[-72.24787140951166,-17.703742621657252],[-72.24787317851067,-17.703739494961514],[-72.24787329704786,-17.703739281116896],[-72.24787501120913,-17.703736124024093],[-72.24787512566573,-17.703735908764568],[-72.24787678446701,-17.70373272223637],[-72.24787689485618,-17.703732505587332],[-72.24787849779224,-17.70372929059441],[-72.24787860412636,-17.703729072579],[-72.24788015070891,-17.703725830100606],[-72.24788025299875,-17.70372561074098],[-72.24788174275662,-17.70372234176485],[-72.24788184101125,-17.703722121082844],[-72.24788327349077,-17.703718826604753],[-72.24788336771854,-17.703718604619418],[-72.2478847424833,-17.70371528564288],[-72.24788483269039,-17.703715062373703],[-72.24788614932173,-17.703711719909684],[-72.24788623551342,-17.703711495373582],[-72.24788749361008,-17.703708130440283],[-72.24788757578939,-17.70370790465531],[-72.24788877496832,-17.70370451827768],[-72.2478888531373,-17.703704291259058],[-72.24788999303306,-17.70370088446863],[-72.24789006719159,-17.70370065623247],[-72.24789114745714,-17.703697230067],[-72.24789121760392,-17.703697000627262],[-72.24789223791005,-17.70369355613037],[-72.2478923040417,-17.70369332550171],[-72.24789326407767,-17.703689863722623],[-72.24789332618934,-17.703689631918255],[-72.24789422566269,-17.70368615391149],[-72.24789428374748,-17.703685920945198],[-72.24789512238436,-17.70368242777019],[-72.24789517643413,-17.703682193653577],[-72.24789595397888,-17.703678686374356],[-72.24789600398313,-17.703678451120982],[-72.24789672019898,-17.703674930805875],[-72.24789676614569,-17.7036746944281],[-72.24789742081451,-17.703671162149522],[-72.24789746268989,-17.703670924659253],[-72.24789805561224,-17.703667381493087],[-72.24789809340064,-17.703667142902532],[-72.24789862439592,-17.703663589928066],[-72.24789865807973,-17.70366335024977],[-72.24789912698616,-17.703659788549295],[-72.24789915654608,-17.70365954779612],[-72.24789956322088,-17.70365597845456],[-72.24789958863582,-17.70365573663894],[-72.24789993295515,-17.703652160743573],[-72.24789995420213,-17.70365191787811],[-72.24790023606094,-17.70364833651817],[-72.24790025311505,-17.703648092617335],[-72.24790047242762,-17.70364450688373],[-72.24790048526226,-17.703644261961628],[-72.2479006419618,-17.70364067294661],[-72.24790065054862,-17.70364042701673],[-72.2479007445872,-17.703636835813537],[-72.24790074889587,-17.70363658889339],[-72.24790078024512,-17.703632996595964],[-72.24790078024367,-17.703632748700343],[-72.2479007488939,-17.703629156402943],[-72.24790074454864,-17.703628907550158],[-72.24790065050951,-17.703625316346983],[-72.24790064178494,-17.703625066553805],[-72.24790048508483,-17.70362147753877],[-72.24790047194388,-17.703621226826492],[-72.24790025263074,-17.703617641092897],[-72.24790023503459,-17.703617389481366],[-72.24789995317522,-17.703613808121432],[-72.24789993108342,-17.703613555632373],[-72.24789958676357,-17.70360997973705],[-72.24789956013433,-17.703609726395065],[-72.24789915345895,-17.703606157053514],[-72.24789912224871,-17.703605902883016],[-72.24789865334172,-17.70360234118259],[-72.24789861750563,-17.7036020862106],[-72.24789808650982,-17.703598533236175],[-72.24789804600161,-17.703598277491217],[-72.24789745307869,-17.703594734325105],[-72.2478974078508,-17.703594477837996],[-72.24789675318142,-17.703590945559448],[-72.24789670318516,-17.703590688363317],[-72.24789598696881,-17.70358716804827],[-72.24789593215408,-17.70358691017695],[-72.24789515460881,-17.70358340289776],[-72.24789509492476,-17.703583144388812],[-72.24789425628737,-17.70357965121382],[-72.24789419168219,-17.703579392107333],[-72.24789329220829,-17.703575914100647],[-72.24789322262924,-17.703575654438424],[-72.2478922625928,-17.703572192659408],[-72.24789218798634,-17.703571932485602],[-72.24789116767971,-17.70356848798877],[-72.24789108799189,-17.703568227351198],[-72.24789000772584,-17.70356480118583],[-72.24788992290254,-17.703564540135833],[-72.24788878300632,-17.703561133345488],[-72.24788869299233,-17.7035608719349],[-72.24788749381295,-17.70355748555737],[-72.24788739855393,-17.70355722384411],[-72.24788614045686,-17.70355385891089],[-72.24788603989747,-17.703553596953277],[-72.24788472326566,-17.703550254489365],[-72.24788461735213,-17.703549992352542],[-72.24788324258698,-17.703546673376085],[-72.24788313126444,-17.703546411124826],[-72.24788169878452,-17.70354311664682],[-72.24788158199982,-17.70354285435212],[-72.2478800922415,-17.7035395853761],[-72.24787996994185,-17.703539323111475],[-72.24787842335893,-17.70353608063321],[-72.24787829549265,-17.70353581847623],[-72.24787669255622,-17.7035326034834],[-72.24787655907328,-17.70353234151594],[-72.24787490027167,-17.703529154987862],[-72.24787476112274,-17.70352889329422],[-72.24787304696113,-17.703525736201517],[-72.24787290209979,-17.703525474872013],[-72.24787113310047,-17.703522348176385],[-72.24787098248132,-17.70352208730349],[-72.24786915918305,-17.703518991957377],[-72.24786900276365,-17.70351873163873],[-72.24786712572191,-17.703515668585005],[-72.24786696346183,-17.703515408921508],[-72.2478650332482,-17.703512379093166],[-72.24786486511114,-17.70351212019156],[-72.2478628823138,-17.703509124511537],[-72.24786270826522,-17.703508866480544],[-72.24786067348805,-17.70350590586138],[-72.24786049349758,-17.70350564881485],[-72.24785840736028,-17.703502724158326],[-72.24785822140197,-17.70350246821506],[-72.24785608454023,-17.703499580412096],[-72.24785589259112,-17.70349932569323],[-72.24785370565574,-17.70349647562347],[-72.2478535076978,-17.703496222254994],[-72.24785127135485,-17.70349341078657],[-72.24785106737585,-17.703493158899455],[-72.24784878230679,-17.70349038688881],[-72.24784857229724,-17.703490136615045],[-72.24784623919773,-17.70348740490652],[-72.24784602315701,-17.703487156385826],[-72.24784364273818,-17.703484465811563],[-72.24784342066776,-17.703484219182986],[-72.24784099365438,-17.703481570562534],[-72.2478407655646,-17.703481325971605],[-72.24783829269603,-17.7034787201118],[-72.24783805860244,-17.703478477706092],[-72.24783554063202,-17.70347591540069],[-72.24783530055721,-17.703475675331006],[-72.24783273825189,-17.70347315736046],[-72.24783249222484,-17.703472919779887],[-72.24782988636511,-17.703470446911233],[-72.24782963442343,-17.703470211976654],[-72.24782698580319,-17.703467784963102],[-72.2478267279897,-17.703467552831494],[-72.24782403741557,-17.703465172412443],[-72.24782377378386,-17.703464943245464],[-72.24782104207553,-17.7034626101459],[-72.24782077268446,-17.703462384104363],[-72.24781800067394,-17.703460099035016],[-72.24781772559233,-17.703459876282565],[-72.24781491412398,-17.70345763993952],[-72.24781463342887,-17.703457420640525],[-72.24781178335928,-17.70345523370495],[-72.2478114971347,-17.70345501802318],[-72.24780860933181,-17.703452881161272],[-72.24780831767274,-17.703452669262298],[-72.24780539301638,-17.70345058312494],[-72.24780509602465,-17.70345037517264],[-72.24780213540559,-17.703448340395262],[-72.24780183319234,-17.703448136553224],[-72.24779883751246,-17.7034461537557],[-72.24779853019827,-17.703445954186726],[-72.24779550037006,-17.703444023973017],[-72.24779518808356,-17.703443828837774],[-72.24779212503002,-17.7034419517958],[-72.24779180790797,-17.7034417612525],[-72.2477887125619,-17.703439937954112],[-72.24778839075175,-17.703439752159557],[-72.24778526405625,-17.703437983160107],[-72.2477849377117,-17.703437802266826],[-72.2477817806191,-17.70343608810511],[-72.24778144990304,-17.70343591226251],[-72.24777826337508,-17.703434253460742],[-72.24777792845813,-17.703434082814084],[-72.24777471346533,-17.703432479877545],[-72.24777437452646,-17.70343231456787],[-72.24777113204827,-17.70343076798481],[-72.24777078927293,-17.7034306081477],[-72.24776752029695,-17.703429118389252],[-72.24776717387873,-17.703428964155393],[-72.24776387940081,-17.703427531675334],[-72.24776352953928,-17.703427383169185],[-72.24776021056296,-17.703426008403852],[-72.24775985746386,-17.703425865743622],[-72.247756515,-17.703424549111784],[-72.24775615887533,-17.703424412409206],[-72.24775279394214,-17.703423154311928],[-72.24775243500918,-17.70342302367167],[-72.24774904863166,-17.70342182449223],[-72.24774868711242,-17.703421700011617],[-72.24774528032212,-17.703420560115223],[-72.24774491644237,-17.703420441883786],[-72.2477414902771,-17.703419361617712],[-72.24774112426665,-17.703419249717165],[-72.24773767976977,-17.70341822941043],[-72.24773731186242,-17.70341812391457],[-72.24773385008346,-17.70341716387798],[-72.24773348051356,-17.703417064851728],[-72.2477300025069,-17.703416165377742],[-72.24772963151267,-17.703416072877975],[-72.2477261383377,-17.70341523424054],[-72.24772576615626,-17.703415148314992],[-72.24772225887705,-17.703414370769657],[-72.24772188574933,-17.70341429145803],[-72.24771836543431,-17.703413575241537],[-72.24771799159811,-17.70341350257408],[-72.24771445931951,-17.703412847904634],[-72.24771408501356,-17.703412781903165],[-72.24771054184733,-17.70341218898021],[-72.2477101673093,-17.703412129657785],[-72.24770661433487,-17.70341159866191],[-72.24770623979954,-17.703411546022835],[-72.24770267809909,-17.703411077115778],[-72.24770230379985,-17.703411031155884],[-72.24769873445825,-17.70341062448047],[-72.24769836062505,-17.70341058518714],[-72.24769478472962,-17.703410240867257],[-72.24769441158867,-17.70341020821962],[-72.24769083022873,-17.703409926360187],[-72.24769045800238,-17.703409900329387],[-72.24768687226864,-17.703409681016254],[-72.24768650117535,-17.703409661565747],[-72.24768291216027,-17.70340950486566],[-72.24768254241242,-17.703409491951327],[-72.2476789512091,-17.703409397912083],[-72.24767858301445,-17.703409391482616],[-72.24767499071694,-17.703409360132817]],[[-72.24767795669018,-17.70344195429162],[-72.24768118163543,-17.70344198243504],[-72.24768440383177,-17.70344206681096],[-72.24768762239033,-17.70344220733602],[-72.2476908364276,-17.703442403914682],[-72.2476940450667,-17.703442656439805],[-72.24769724743751,-17.70344296479278],[-72.24770044267471,-17.703443328843825],[-72.24770362991981,-17.70344374845232],[-72.24770680831918,-17.703444223467045],[-72.24770997702444,-17.703444753726156],[-72.24771313519362,-17.703445339057986],[-72.24771628198785,-17.703445979280236],[-72.24771941657373,-17.7034466742009],[-72.24772253812247,-17.70344742361821],[-72.2477256458087,-17.70344822732024],[-72.2477287388113,-17.703449085085534],[-72.24773181631163,-17.70344999668235],[-72.2477348774947,-17.703450961869407],[-72.24773792154912,-17.703451980395524],[-72.24774094766418,-17.7034530519988],[-72.2477439550335,-17.703454176407845],[-72.24774694285068,-17.703455353340082],[-72.2477499103131,-17.70345658250301],[-72.2477528566181,-17.70345786359263],[-72.24775578096518,-17.703459196294098],[-72.24775868255522,-17.703460580281302],[-72.2477615605901,-17.70346201521631],[-72.2477644142725,-17.70346350074909],[-72.24776724280689,-17.70346503651773],[-72.24777004539796,-17.703466622147204],[-72.24777282125223,-17.703468257250066],[-72.24777556957719,-17.703469941425556],[-72.24777828958159,-17.703471674259283],[-72.24778098047524,-17.703473455322698],[-72.24778364147103,-17.70347528417427],[-72.24778627178213,-17.703477160356755],[-72.24778887062443,-17.703479083398648],[-72.24779143721699,-17.703481052814215],[-72.24779397078045,-17.703483068101335],[-72.24779647053981,-17.70348512874375],[-72.24779893572254,-17.703487234208577],[-72.24780136556146,-17.703489383948245],[-72.24780375929258,-17.703491577398626],[-72.24780611615702,-17.703493813979268],[-72.24780843540192,-17.703496093094788],[-72.24781071627936,-17.703498414132355],[-72.24781295804895,-17.703500776464455],[-72.24781515997577,-17.70350317944576],[-72.24781732133313,-17.703505622415904],[-72.24781944140284,-17.703508104698404],[-72.24782151947382,-17.703510625600106],[-72.24782355484508,-17.7035131844124],[-72.24782554682471,-17.703515780410804],[-72.24782749473101,-17.703518412855104],[-72.24782939789303,-17.70352108098977],[-72.24783125565031,-17.703523784043412],[-72.24783306735534,-17.70352652123119],[-72.24783483237132,-17.703529291751263],[-72.24783655007494,-17.703532094788905],[-72.2478382198557,-17.70353492951428],[-72.24783984111725,-17.70353779508453],[-72.24784141327655,-17.70354069064179],[-72.24784293576565,-17.703543615316335],[-72.24784440803086,-17.703546568223594],[-72.24784582953502,-17.70354954846927],[-72.24784719975523,-17.703552555143446],[-72.24784851818609,-17.703555587327156],[-72.24784978433802,-17.703558644088712],[-72.24785099773834,-17.703561724485052],[-72.24785215793135,-17.703564827562687],[-72.24785326447964,-17.70356795235903],[-72.24785431696266,-17.703571097899918],[-72.24785531497857,-17.703574263202366],[-72.24785625814378,-17.703577447275414],[-72.24785714609334,-17.70358064911884],[-72.24785797848085,-17.703583867723243],[-72.24785875497959,-17.703587102073776],[-72.24785947528134,-17.70359035114588],[-72.24786013909805,-17.703593613910655],[-72.24786074616125,-17.703596889331497],[-72.24786129622193,-17.703600176365786],[-72.24786178905141,-17.703603473966446],[-72.24786222444091,-17.703606781079912],[-72.24786260220228,-17.70361009665088],[-72.24786292216723,-17.703613419615877],[-72.24786318418816,-17.7036167489111],[-72.24786338813819,-17.70362008346865],[-72.2478635339109,-17.703623422217277],[-72.24786362142041,-17.703626764083655],[-72.24786365060203,-17.703630107992854],[-72.24786362141145,-17.70363345286969],[-72.24786353382551,-17.70363679763434],[-72.24786338784152,-17.703640141210307],[-72.24786318347803,-17.703643482519336],[-72.24786292077428,-17.703646820483822],[-72.2478625997904,-17.703650154025507],[-72.24786222060725,-17.703653482070592],[-72.24786178332695,-17.70365680354249],[-72.24786128807185,-17.70366011737003],[-72.24786073498527,-17.70366342248326],[-72.24786012423117,-17.70366671781587],[-72.24785945599447,-17.703670002302985],[-72.24785873048026,-17.703673274884768],[-72.2478579479141,-17.70367653450592],[-72.24785710854219,-17.703679780115152],[-72.24785621263113,-17.703683010665067],[-72.24785526046715,-17.703686225115806],[-72.24785425235736,-17.70368942243063],[-72.24785318862824,-17.703692601581047],[-72.2478520696261,-17.703695761544655],[-72.24785089571782,-17.703698901304353],[-72.24784966728832,-17.70370201985339],[-72.24784838474358,-17.703705116189695],[-72.24784704850782,-17.70370818932086],[-72.24784565902455,-17.70371123826309],[-72.2478442167562,-17.703714262040886],[-72.24784272218413,-17.703717259688066],[-72.24784117580784,-17.70372023024868],[-72.24783957814586,-17.703723172775394],[-72.24783792973405,-17.703726086332885],[-72.24783623112647,-17.703728969995844],[-72.24783448289494,-17.703731822849967],[-72.24783268562881,-17.703734643992206],[-72.24783083993468,-17.70373743253134],[-72.24782894643495,-17.703740187590135],[-72.24782700577045,-17.703742908300892],[-72.24782501859738,-17.703745593810794],[-72.24782298558803,-17.703748243279833],[-72.24782090743113,-17.70375085588066],[-72.24781878482945,-17.703753430802138],[-72.24781661850331,-17.703755967243744],[-72.24781440918518,-17.703758464423284],[-72.24781215762422,-17.70376092157057],[-72.24780986458268,-17.703763337931807],[-72.24780753083652,-17.703765712768764],[-72.24780515717615,-17.70376804535806],[-72.24780274440393,-17.70377033499306],[-72.24780029333478,-17.703772580983905],[-72.24779780479754,-17.703774782655355],[-72.24779527963112,-17.703776939350956],[-72.24779271868603,-17.703779050430896],[-72.24779012282445,-17.70378111527207],[-72.24778749291895,-17.703783133269326],[-72.24778482985214,-17.70378510383479],[-72.24778213451552,-17.70378702639949],[-72.24777940781098,-17.703788900411354],[-72.24777665064789,-17.703790725337495],[-72.24777386394327,-17.70379250066394],[-72.24777104862454,-17.70379422589323],[-72.24776820562256,-17.703795900549135],[-72.24776533587679,-17.7037975241729],[-72.24776244033279,-17.70379909632478],[-72.24775951994093,-17.70380061658435],[-72.24775657565647,-17.703802084550162],[-72.2477536084394,-17.7038034998399],[-72.24775061925367,-17.70380486209006],[-72.24774760906564,-17.703806170956824],[-72.24774457884561,-17.703807426114818],[-72.24774152956452,-17.703808627258375],[-72.2477384621963,-17.703809774100126],[-72.24773537771527,-17.703810866371917],[-72.24773227709606,-17.70381190382438],[-72.24772916131349,-17.70381288622662],[-72.24772603134167,-17.703813813366256],[-72.24772288815358,-17.70381468504926],[-72.24771973272101,-17.703815501099346],[-72.24771656601291,-17.703816261358483],[-72.24771338899629,-17.70381696568586],[-72.24771020263498,-17.70381761395814],[-72.24770700788841,-17.703818206069204],[-72.24770380571402,-17.703818741929187],[-72.24770059706292,-17.70381922146507],[-72.24769738288376,-17.703819644619543],[-72.247694164118,-17.70382001135133],[-72.24769094170358,-17.703820321634325],[-72.24768771657239,-17.703820575457378],[-72.2476844896499,-17.703820772824177],[-72.2476812618572,-17.70382091375239],[-72.2476780341081,-17.70382099827374],[-72.24767480731046,-17.70382102643332],[-72.24767158236641,-17.703820998289423],[-72.24766836017143,-17.703820913913027],[-72.24766514161459,-17.703820773387523],[-72.24766192757843,-17.703820576808408],[-72.24765871894081,-17.703820324282898],[-72.24765551657156,-17.703820015929523],[-72.24765232133574,-17.70381965187815],[-72.24764913409224,-17.703819232269293],[-72.2476459556942,-17.703818757254243],[-72.24764278699006,-17.703818226994784],[-72.24763962882258,-17.703817641662773],[-72.24763648202956,-17.703817001440243],[-72.24763334744503,-17.703816306519315],[-72.24763022589761,-17.70381555710181],[-72.24762711821255,-17.703814753399538],[-72.24762402521154,-17.70381389563419],[-72.24762094771248,-17.70381298403719],[-72.24761788653014,-17.70381201884981],[-72.24761484247723,-17.703811000323707],[-72.24761181636326,-17.703809928720265],[-72.24760880899488,-17.70380880431106],[-72.24760582117864,-17.703807627378644],[-72.24760285371737,-17.7038063982157],[-72.24759990741315,-17.703805117125935],[-72.24759698306703,-17.70380378442432],[-72.24759408147801,-17.7038024004371],[-72.24759120344348,-17.703800965501806],[-72.2475883497621,-17.70379947996903],[-72.24758552122857,-17.703797944200367],[-72.24758271863773,-17.703796358570585],[-72.24757994278406,-17.703794723467585],[-72.24757719445996,-17.703793039292147],[-72.24757447445577,-17.703791306458108],[-72.24757178356214,-17.70378952539428],[-72.24756912256723,-17.703787696542935],[-72.24756649225641,-17.703785820360217],[-72.24756389341432,-17.703783897318058],[-72.24756132682228,-17.703781927902504],[-72.2475587932587,-17.703779912614884],[-72.2475562934997,-17.70377785197242],[-72.2475538283169,-17.703775746507194],[-72.24755139847836,-17.703773596767533],[-72.2475490047472,-17.703771403316797],[-72.24754664788263,-17.703769166735718],[-72.24754432863806,-17.70376688762032],[-72.24754204776046,-17.70376456658229],[-72.24753980599094,-17.703762204249998],[-72.2475376040641,-17.70375980126842],[-72.2475354427064,-17.703757358297846],[-72.24753332263684,-17.70375487601528],[-72.24753124456545,-17.703752355112975],[-72.24752920919438,-17.70374979630082],[-72.24752721721462,-17.703747200302224],[-72.24752526930793,-17.703744567857328],[-72.24752336614576,-17.703741899722424],[-72.24752150838832,-17.70373919666854],[-72.2475196966831,-17.70373645948063],[-72.24751793166686,-17.703733688960195],[-72.24751621396321,-17.703730885922706],[-72.24751454418214,-17.70372805119691],[-72.24751292292025,-17.70372518562645],[-72.24751135076079,-17.703722290069027],[-72.24750982827176,-17.70371936539496],[-72.24750835600578,-17.70371641248642],[-72.24750693450176,-17.703713432241535],[-72.24750556428096,-17.70371042556661],[-72.24750424584991,-17.703707393383016],[-72.2475029796977,-17.70370433662167],[-72.24750176629715,-17.70370125622523],[-72.24750060610391,-17.703698153147705],[-72.24749949955526,-17.70369502835117],[-72.24749844707192,-17.703691882810517],[-72.24749744905567,-17.70368871750797],[-72.24749650589017,-17.70368553343512],[-72.24749561794034,-17.70368233159197],[-72.24749478555235,-17.70367911298756],[-72.24749400905344,-17.703675878637448],[-72.24749328875129,-17.703672629565503],[-72.24749262493415,-17.7036693668009],[-72.2474920178706,-17.703666091380256],[-72.24749146780944,-17.703662804346003],[-72.24749097497975,-17.703659506746664],[-72.24749053958969,-17.703656199632334],[-72.2474901618279,-17.7036528840621],[-72.24748984186257,-17.70364956109791],[-72.24748957984114,-17.703646231802743],[-72.24748937589065,-17.70364289724606],[-72.24748923011747,-17.703639558497624],[-72.24748914260745,-17.703636216632116],[-72.24748911342537,-17.703632872722938],[-72.24748914261536,-17.70362952784724],[-72.24748923020078,-17.703626183082683],[-72.24748937618416,-17.70362283950771],[-72.24748958054712,-17.70361949819853],[-72.24748984325022,-17.703616160235683],[-72.24749016423353,-17.703612826694087],[-72.24749054341602,-17.703609498649904],[-72.2474909806957,-17.703606177178273],[-72.24749147595004,-17.703602863351993],[-72.24749202903607,-17.703599558238846],[-72.2474926397894,-17.70359626290718],[-72.24749330802531,-17.703592978421298],[-72.24749403353889,-17.703589705839814],[-72.24749481610424,-17.703586446219152],[-72.24749565547533,-17.70358320061122],[-72.2474965513857,-17.703579970061575],[-72.24749750354879,-17.703576755611905],[-72.24749851165772,-17.703573558297855],[-72.24749957538607,-17.703570379148044],[-72.24750069438723,-17.703567219185423],[-72.24750186829495,-17.703564079425743],[-72.24750309672318,-17.703560960878193],[-72.24750437926713,-17.703557864542592],[-72.24750571550214,-17.7035547914117],[-72.24750710498431,-17.703551742470587],[-72.2475085472518,-17.703548718693384],[-72.24751004182303,-17.70354572104661],[-72.24751158819822,-17.703542750486903],[-72.24751318585918,-17.703539807960983],[-72.24751483427029,-17.703536894403747],[-72.24751653287676,-17.70353401074155],[-72.24751828110733,-17.703531157888072],[-72.24752007837228,-17.703528336746825],[-72.24752192406602,-17.70352554820732],[-72.2475238175644,-17.703522793149602],[-72.24752575822787,-17.703520072439385],[-72.24752774540012,-17.70351738692975],[-72.24752977840836,-17.70351473746142],[-72.24753185656466,-17.70351212486053],[-72.2475339791649,-17.703509549940062],[-72.2475361454907,-17.703507013498168],[-72.24753835480762,-17.70350451631929],[-72.24754060636783,-17.703502059172127],[-72.24754289940847,-17.703499642811167],[-72.24754523315359,-17.70349726797456],[-72.24754760681327,-17.70349493538537],[-72.24755001958505,-17.70349264575018],[-72.24755247065278,-17.70349039976002],[-72.24755495918967,-17.703488198088294],[-72.2475574843555,-17.703486041392615],[-72.24756004529983,-17.703483930312753],[-72.24756264116083,-17.703481865471467],[-72.24756527106534,-17.70347984747443],[-72.24756793413206,-17.703477876908522],[-72.24757062946769,-17.703475954343972],[-72.24757335617201,-17.703474080331766],[-72.24757611333507,-17.703472255405142],[-72.24757890003873,-17.703470480078817],[-72.24758171535754,-17.70346875484896],[-72.24758455835926,-17.70346708019272],[-72.24758742810448,-17.703465456568797],[-72.24759032364857,-17.703463884416376],[-72.24759324404016,-17.70346236415646],[-72.24759618832464,-17.703460896190194],[-72.24759915554172,-17.703459480899976],[-72.24760214472774,-17.703458118649195],[-72.2476051549155,-17.703456809782093],[-72.24760818513613,-17.703455554623375],[-72.2476112344173,-17.703454353479355],[-72.24761430178557,-17.70345320663711],[-72.24761738626735,-17.703452114364584],[-72.24762048688673,-17.703451076911612],[-72.24762360267015,-17.70345009450865],[-72.24762673264247,-17.703449167368394],[-72.24762987583104,-17.703448295684804],[-72.24763303126416,-17.703447479634097],[-72.24763619797315,-17.703446719374277],[-72.24763937499048,-17.70344601504627],[-72.24764256135319,-17.703445366773227],[-72.24764575610006,-17.703444774661634],[-72.24764895827578,-17.703444238800977],[-72.24765216692752,-17.703443759264523],[-72.24765538110813,-17.703443336109366],[-72.24765859987504,-17.70344296937698],[-72.24766182229062,-17.703442659093376],[-72.2476650474229,-17.70344240526973],[-72.24766827434678,-17.703442207902373],[-72.24767150214072,-17.703442066973594],[-72.2476747298911,-17.703441982451704],[-72.24767795669018,-17.70344195429162]]]]}},{"type":"Feature","properties":{"id":"street_dimaeta_stsutodo_manochitrace","group":null,"name":"Manoch Trace","settlement_id":"settlement_dimaeta","country_id":"country_tsutodo","district_id":null,"status":"active","surface":"paved","access":"public","bridge":null,"tunnel":null,"oneway":null,"route_id":null,"alt_name":null,"notes":null},"geometry":{"type":"MultiPolygon","coordinates":[[[[-72.25218469112887,-17.698102536194057],[-72.25175572701515,-17.698619994307254],[-72.2517863878153,-17.698640592722235],[-72.25221545065975,-17.698123015360654],[-72.25221564563901,-17.698122775024327],[-72.2547530668075,-17.69492642401478],[-72.25472201701439,-17.69490630616003],[-72.25218469112887,-17.698102536194057]]]]}},{"type":"Feature","properties":{"id":"street_dimatea_stsutodo_hollowtrace","group":null,"name":"Hollow Trace","settlement_id":"settlement_dimaeta","country_id":"country_tsutodo","district_id":null,"status":"active","surface":"paved","access":"public","bridge":null,"tunnel":null,"oneway":null,"route_id":null,"alt_name":null,"notes":null},"geometry":{"type":"MultiPolygon","coordinates":[[[[-72.24378401580019,-17.69304244998862],[-72.2437488562128,-17.693050267453106],[-72.24524364504131,-17.69701532246976],[-72.24527880474693,-17.697007504328884],[-72.24378401580019,-17.69304244998862]]]]}},{"type":"Feature","properties":{"id":"street_dimaeta_stsutodo_tracemirelda","group":null,"name":"Trace Mirelda","settlement_id":"settlement_dimaeta","country_id":"country_tsutodo","district_id":null,"status":"active","surface":"paved","access":"public","bridge":null,"tunnel":null,"oneway":null,"route_id":null,"alt_name":null,"notes":null},"geometry":{"type":"MultiPolygon","coordinates":[[[[-72.24653869169954,-17.70060169072524],[-72.24655553236276,-17.700631888691497],[-72.24994795166988,-17.699374297298384],[-72.24993111112023,-17.699344099799756],[-72.24653869169954,-17.70060169072524]]]]}},{"type":"Feature","properties":{"id":"street_dimaeta_stsutodo_traceserya","group":null,"name":"Trace Serya","settlement_id":"settlement_dimaeta","country_id":"country_tsutodo","district_id":null,"status":"active","surface":"paved","access":"public","bridge":null,"tunnel":null,"oneway":null,"route_id":null,"alt_name":null,"notes":null},"geometry":{"type":"MultiPolygon","coordinates":[[[[-72.2532477253388,-17.698266460214768],[-72.253264242028,-17.698296775543202],[-72.25582405246153,-17.697375242550052],[-72.25580753584707,-17.69734492757814],[-72.2532477253388,-17.698266460214768]]]]}},{"type":"Feature","properties":{"id":"street_dimaeta_stsutodo_outeremberorbit","group":null,"name":"Outer Ember Orbit","settlement_id":"settlement_dimaeta","country_id":"country_tsutodo","district_id":null,"status":"active","surface":"paved","access":"public","bridge":null,"tunnel":null,"oneway":null,"route_id":null,"alt_name":null,"notes":null},"geometry":{"type":"MultiPolygon","coordinates":[[[[-72.2516254253058,-17.69615111360912],[-72.2516250588787,-17.696151113606383],[-72.25157750202918,-17.696151528625013],[-72.25157713755225,-17.696151534984136],[-72.25152959518884,-17.69615277992106],[-72.25152923285128,-17.696152792571223],[-72.25148171945591,-17.696154867047188],[-72.25148135944015,-17.696154885911742],[-72.25143388948577,-17.696157789294922],[-72.25143353196741,-17.696157814291865],[-72.25138611991386,-17.69616154569779],[-72.25138576506124,-17.696161576740135],[-72.25133842535071,-17.69616613503221],[-72.25133807332489,-17.696166172028256],[-72.25129082037748,-17.69617155581801],[-72.25129047133213,-17.696171598671963],[-72.25124331954157,-17.696177806319426],[-72.25124297362282,-17.69617785493161],[-72.251195937352,-17.69618488454589],[-72.25119559469842,-17.6961849388133],[-72.25114868827501,-17.696192788253086],[-72.25114834901751,-17.696192848069696],[-72.25110158672972,-17.696201514943983],[-72.25110125099172,-17.696201580201134],[-72.25105464708373,-17.69621106186992],[-72.25105431498103,-17.696211132456774],[-72.25100788364887,-17.69622142603186],[-72.25100755528983,-17.696221501835726],[-72.25096131067691,-17.69623260418159],[-72.25096098616245,-17.696232685088273],[-72.25091494235538,-17.69624459282305],[-72.25091462177924,-17.69624467871727],[-72.25086879280336,-17.696257388213724],[-72.25086847625205,-17.696257478979405],[-72.25082287606736,-17.69627098636614],[-72.25082256362047,-17.696271081886778],[-72.25077720611716,-17.696285383049265],[-72.25077689784752,-17.696285483208168],[-72.25073179684196,-17.696300573790186],[-72.25073149281575,-17.696300678470795],[-72.25068666204612,-17.69631655387558],[-72.25068636232315,-17.69631666296179],[-72.25064181544542,-17.69633331835355],[-72.25064152007934,-17.69633343172995],[-72.25059727066281,-17.696350862035295],[-72.25059697970134,-17.696350979587326],[-72.25055304122483,-17.69636917949683],[-72.25055275470996,-17.696369301111137],[-72.25050914055767,-17.69638826508093],[-72.25050885852595,-17.696388390645488],[-72.25046558198302,-17.69640811289896],[-72.25046530446582,-17.69640824230332],[-72.25042237871482,-17.696428716832884],[-72.25042210573855,-17.696428849968267],[-72.25037954385502,-17.696450070537203],[-72.2503792754414,-17.69645020729676],[-72.25033709039016,-17.696472167441033],[-72.25033682655643,-17.696472307719898],[-72.25029503118745,-17.69649500075025],[-72.25029477194676,-17.696495144445702],[-72.25025337899123,-17.696518563449636],[-72.25025312435282,-17.696518710461238],[-72.2502121464195,-17.696542848305114],[-72.25021189638885,-17.696542998534724],[-72.25017134596004,-17.696567847865904],[-72.25017110053929,-17.696568001217884],[-72.250130989967,-17.696593554467043],[-72.25013074915513,-17.696593710848195],[-72.25009109065748,-17.69661996023152],[-72.25009085445046,-17.696620119551273],[-72.25005166010779,-17.696647057072994],[-72.25005142849903,-17.696647219243353],[-72.25001271025025,-17.696674836698044],[-72.2500124832306,-17.696675001633665],[-72.24997425286978,-17.696703290608735],[-72.2499740304279,-17.69670345822694],[-72.24993629960034,-17.696732410105344],[-72.24993608172288,-17.696732580326128],[-72.24989886192171,-17.69676218628884],[-72.24989864859347,-17.696762359034924],[-72.24986195115629,-17.69679261006366],[-72.24986174236054,-17.69679278526042],[-72.24982557846567,-17.69682367214041],[-72.24982537418424,-17.696823849715923],[-72.2497897548476,-17.69685536303874],[-72.24978955506108,-17.696855542923753],[-72.24975449113265,-17.69688767309016],[-72.24975429582068,-17.696887855218023],[-72.24971979798129,-17.696920592440843],[-72.24971960712254,-17.6969207767475],[-72.24968568588056,-17.69695411105465],[-72.2496854994531,-17.69695429747869],[-72.24965216514124,-17.696988218716225],[-72.24965198312255,-17.69698840719873],[-72.24961924589485,-17.697022905033897],[-72.24961906826206,-17.697023095518418],[-72.24958693809054,-17.697058159442875],[-72.24958676482059,-17.697058351875405],[-72.24955525149237,-17.69709397120831],[-72.249555082562,-17.697094165537287],[-72.24952419567643,-17.697130329428663],[-72.24952403106248,-17.697130525604802],[-72.24949378002803,-17.697167223038765],[-72.24949361970751,-17.697167421015067],[-72.24946401373884,-17.697204640813247],[-72.24946385768901,-17.69720484054492],[-72.24943490580446,-17.69724257136976],[-72.24943475400296,-17.69724277281418],[-72.24940646502161,-17.697281003172566],[-72.24940631744666,-17.697281206289198],[-72.2493786999854,-17.697319924535748],[-72.24937855661577,-17.697320129286066],[-72.24935161908735,-17.697359323626827],[-72.24935147990246,-17.697359529974232],[-72.24932523051227,-17.697399188470214],[-72.24932509549235,-17.697399396380035],[-72.24929954223622,-17.697439506950925],[-72.24929941136241,-17.697439716390235],[-72.24927456202407,-17.69748026681796],[-72.24927443527848,-17.697480477755633],[-72.24925029742725,-17.697521455688104],[-72.24925017479292,-17.69752166809466],[-72.24922675578154,-17.69756306104961],[-72.24922663724266,-17.69756327489715],[-72.24920394420472,-17.697605070265883],[-72.24920382974669,-17.697605285528052],[-72.24918186959472,-17.697647470579273],[-72.24918175920405,-17.697647687231118],[-72.24916053862734,-17.69769024911492],[-72.24916043229194,-17.69769046713288],[-72.24913995775451,-17.69773339288445],[-72.24913985546357,-17.697733612246285],[-72.24912013320211,-17.697776888789996],[-72.24912003494626,-17.697777109474615],[-72.24910107096835,-17.697820723628055],[-72.24910097673961,-17.69782094561559],[-72.249082776822,-17.697864884093438],[-72.24908268661389,-17.69786510736501],[-72.2490652563003,-17.697909356783214],[-72.24906517010788,-17.697909581320964],[-72.24904851470782,-17.697954128200696],[-72.24904843252773,-17.697954353987708],[-72.24903255711462,-17.697999184759524],[-72.24903247894508,-17.697999411779634],[-72.24901738835467,-17.698044512787682],[-72.24901731419553,-17.698044741025555],[-72.24900301302462,-17.698090098531623],[-72.24900294287744,-17.698090327972526],[-72.24898943548229,-17.698135928160276],[-72.2489893693503,-17.698136158790096],[-72.24897665984534,-17.698181987769264],[-72.24897659773347,-17.69818221957443],[-72.24896468999027,-17.698228263385076],[-72.24896463190518,-17.6982284963524],[-72.24895352955085,-17.698274740969094],[-72.24895347550104,-17.69827497508576],[-72.24894318191751,-17.698321406421986],[-72.24894313191322,-17.698321641675438],[-72.248933650236,-17.698368245587734],[-72.24893360428925,-17.69836848196557],[-72.24892493740661,-17.698415244257976],[-72.24892489553127,-17.698415481747894],[-72.24891704608314,-17.69846238817607],[-72.24891700829484,-17.698462626765853],[-72.24890997867232,-17.698509663041694],[-72.24890994498858,-17.698509902718936],[-72.24890373733291,-17.698557054514737],[-72.24890370777308,-17.6985572952669],[-72.24889832397517,-17.698604548219784],[-72.24889829856032,-17.69860479003409],[-72.24889374026017,-17.69865212975033],[-72.24889371901334,-17.69865237261361],[-72.24888998759945,-17.698699784673046],[-72.24888997054543,-17.698700028571704],[-72.24888706715443,-17.6987474985322],[-72.24888705431984,-17.698747743452135],[-72.24888497983612,-17.698795256853817],[-72.2488849712494,-17.698795502780232],[-72.24888372630487,-17.698843045150152],[-72.24888372199621,-17.69884329206751],[-72.24888330697004,-17.698890848923728],[-72.24888330697141,-17.698891096815757],[-72.24888372199014,-17.69893865367198],[-72.24888372633531,-17.698938902521316],[-72.24888497127243,-17.6989864448913],[-72.24888497999677,-17.69898669467967],[-72.2488870544731,-17.699034208081553],[-72.24888706761381,-17.69903445878947],[-72.24888997099744,-17.699081928750132],[-72.24888998859319,-17.699082180356836],[-72.24889371999976,-17.699129592416565],[-72.24889374209101,-17.699129844899982],[-72.24889830038384,-17.69917718461655],[-72.2488983270125,-17.699177437953118],[-72.24890371080313,-17.699224690906348],[-72.24890374201257,-17.69922494507091],[-72.24890994966104,-17.699272096867162],[-72.24890998549618,-17.69927235183282],[-72.24891701511157,-17.699319388109167],[-72.24891705561868,-17.699319643847257],[-72.2489249050597,-17.699366550275986],[-72.24892495028628,-17.69936680675589],[-72.24893361716192,-17.69941356904887],[-72.24893366715675,-17.699413826237922],[-72.24894314882707,-17.699460430150882],[-72.24894320364002,-17.69946068801422],[-72.2489534972167,-17.69950711935115],[-72.24895355689877,-17.699507377851685],[-72.24896465924635,-17.69955362246915],[-72.24896472384938,-17.699553881567272],[-72.24897663158593,-17.69959992537875],[-72.24897670116263,-17.69960018503245],[-72.248989410661,-17.699646014012476],[-72.24898948526477,-17.699646274176963],[-72.24900299265347,-17.69969187436561],[-72.24900307233828,-17.699692134993423],[-72.24901737350285,-17.699737492500464],[-72.24901745832312,-17.69973775354116],[-72.24903254890734,-17.699782854550225],[-72.24903263891775,-17.69978311595043],[-72.2490485143248,-17.69982794672331],[-72.24904860958014,-17.699828208426474],[-72.2490652649743,-17.699872755307275],[-72.24906536552936,-17.69987301725363],[-72.24908279583715,-17.699917266672934],[-72.24908290174646,-17.69991752879936],[-72.24910110165852,-17.699961467278385],[-72.24910121297621,-17.69996172951833],[-72.24912017694858,-17.700005343672974],[-72.24912029372821,-17.700005605956303],[-72.2491400159844,-17.70004888250125],[-72.24914013827856,-17.70004914475415],[-72.2491606128109,-17.70009207050696],[-72.24916074067129,-17.70009233265193],[-72.24918196124301,-17.700134894537026],[-72.24918209471994,-17.700135156492745],[-72.24920405486716,-17.700177341545313],[-72.24920419400941,-17.70017760322646],[-72.24922688704274,-17.700219398596552],[-72.24922703189738,-17.70021965991395],[-72.24925045090428,-17.700261052870314],[-72.24925060151625,-17.700261313730763],[-72.24927473936323,-17.700302291664638],[-72.24927489577514,-17.700302551970754],[-72.24929974510947,-17.70034310239989],[-72.24929990736132,-17.700343362050308],[-72.24932546061365,-17.700383472622647],[-72.24932562874261,-17.70038373151182],[-72.24935187812916,-17.700423390009302],[-72.2493520521691,-17.7004236480275],[-72.24937898969408,-17.700462842369735],[-72.24937916967535,-17.70046309940318],[-72.24940678713334,-17.700501817651226],[-72.24940697308256,-17.700502073581983],[-72.24943526206096,-17.70054030394186],[-72.24943545400048,-17.70054055864797],[-72.24946440588221,-17.700578289474322],[-72.24946460382999,-17.700578542829803],[-72.24949420979608,-17.700615762629496],[-72.24949441376518,-17.700616014504362],[-72.24952466479726,-17.700652711939863],[-72.24952487479575,-17.70065296220042],[-72.24955576167915,-17.700689126093327],[-72.24955597770953,-17.70068937460208],[-72.24958749103578,-17.700724993936532],[-72.24958771309481,-17.700725240552476],[-72.24961984326463,-17.70076030447844],[-72.24962007134299,-17.700760549057073],[-72.2496528085692,-17.700795046893784],[-72.24965304265122,-17.70079528928748],[-72.24968637696182,-17.700829210526525],[-72.24968661702499,-17.70082945058452],[-72.24972053826596,-17.70086278489317],[-72.24972078428091,-17.700863022462],[-72.2497552821195,-17.70089575968634],[-72.2497555340495,-17.70089599460998],[-72.24979059797735,-17.70092812477786],[-72.24979085577817,-17.700928356898018],[-72.24982647511445,-17.700959870222334],[-72.24982673873407,-17.70096009937879],[-72.24986290262879,-17.70099098626026],[-72.2498631720072,-17.70099121229115],[-72.24989986944449,-17.701021463321307],[-72.24990014451346,-17.701021686063495],[-72.2499373643149,-17.70105129202761],[-72.24993764499784,-17.701051511317036],[-72.24997537582593,-17.701080463196824],[-72.24997566203768,-17.701080678868923],[-72.25001389239925,-17.701108967845375],[-72.25001418404607,-17.70110917973544],[-72.25005290229578,-17.701136797191456],[-72.2500531992752,-17.701137005135095],[-72.25009239361906,-17.70116394265814],[-72.25009269581984,-17.701164146491738],[-72.25013235431888,-17.70119039587637],[-72.25013266162098,-17.701190595437446],[-72.25017277219483,-17.70121614868788],[-72.25017308446947,-17.70121634381566],[-72.25021363490006,-17.701241193148096],[-72.25021395200977,-17.701241383683975],[-72.25025492994509,-17.70126552152903],[-72.25025525174378,-17.70126570731692],[-72.25029664470146,-17.701289126322056],[-72.2502969710347,-17.70128930720904],[-72.25033876640609,-17.701312000240563],[-72.25033909711111,-17.701312176077238],[-72.2503812821649,-17.701334136222602],[-72.25038161707091,-17.70133430686365],[-72.25042417895715,-17.70135552743362],[-72.25042451788565,-17.70135569273819],[-72.25046744363956,-17.7013761672688],[-72.25046778640461,-17.701376327101055],[-72.25051106295058,-17.701396049355527],[-72.2505114093591,-17.70139620358504],[-72.25055502351468,-17.7014151675558],[-72.25055537336702,-17.70141531605796],[-72.25059931184691,-17.7014335159684],[-72.250599664937,-17.701433658624946],[-72.25064391435711,-17.701451088931186],[-72.25064427047313,-17.701451225630407],[-72.25068881735463,-17.701467881023046],[-72.25068917627951,-17.701468011660296],[-72.25073400705303,-17.70148388706591],[-72.25073436856482,-17.70148401154389],[-72.25077946957444,-17.70149910212667],[-72.25077983344697,-17.7014992203557],[-72.25082519095443,-17.701513521518926],[-72.2508255569579,-17.701513633417292],[-72.25087115714689,-17.7015271408047],[-72.25087152504834,-17.701527246298806],[-72.25091735402866,-17.701539955795923],[-72.25091772359269,-17.70154005482056],[-72.25096376740426,-17.70155196255594],[-72.25096413839364,-17.70155205505443],[-72.25101038301119,-17.701563157400876],[-72.25101075518737,-17.701563243325147],[-72.25105718652426,-17.701573536900767],[-72.25105755964812,-17.701573616211512],[-72.2511041635609,-17.701583097880786],[-72.25110453739333,-17.701583170547444],[-72.25115129968606,-17.701591837422196],[-72.25115167398859,-17.701591903422994],[-72.25119858041698,-17.701599752863174],[-72.25119895495233,-17.7015998121851],[-72.2512459912282,-17.701606841799723],[-72.25124636576105,-17.701606894438388],[-72.25129351755672,-17.701613102086185],[-72.25129389185403,-17.70161314804578],[-72.2513411448066,-17.7016185318358],[-72.2513415186384,-17.701618571128925],[-72.25138885835412,-17.70162312942127],[-72.25138923149396,-17.701623162068742],[-72.25143664355272,-17.701626893474863],[-72.25143701577814,-17.701626919505532],[-72.25148448573778,-17.701629822888858],[-72.25148485683087,-17.70162984233929],[-72.25153237023159,-17.701631916815362],[-72.25153273997938,-17.70163192972966],[-72.25158028234812,-17.70163317466665],[-72.25158065054309,-17.70163318109607],[-72.25162820739796,-17.70163359611471],[-72.25162857383832,-17.701633596117386],[-72.25167613069301,-17.70163318109128],[-72.25167649518313,-17.701633174731867],[-72.25172403755141,-17.70163192978745],[-72.25172439990205,-17.701631917136798],[-72.25177191330201,-17.70162984265329],[-72.25177227333064,-17.701629823788004],[-72.25181974328929,-17.70162692039732],[-72.25182010082035,-17.70162689539942],[-72.25186751287781,-17.70162316398596],[-72.25186786774292,-17.701623132942494],[-72.25191520745706,-17.7016185746429],[-72.25191555949505,-17.701618537645516],[-72.25196281244578,-17.70161315384827],[-72.25196316150297,-17.7016131109928],[-72.25201031329648,-17.7016069033379],[-72.25201065922676,-17.701606854724016],[-72.2520576955002,-17.701599825102367],[-72.25205803816495,-17.70159977083313],[-72.25210494459063,-17.70159192138599],[-72.25210528385887,-17.701591861567444],[-72.25215204614862,-17.701583194685853],[-72.25215238189695,-17.70158312942665],[-72.25219898580654,-17.70157364775064],[-72.2521993179191,-17.70157357716165],[-72.25224574925252,-17.701563283579436],[-72.252246077621,-17.70156320777336],[-72.25229232223482,-17.701552105420443],[-72.25229264675822,-17.70155202451148],[-72.25233869056584,-17.70154011676977],[-72.25233901115044,-17.701540030873236],[-72.25238484012652,-17.701527321369976],[-72.25238515668579,-17.701527230601933],[-72.25243075687037,-17.701513723208492],[-72.25243106932467,-17.701513627685554],[-72.2524764268275,-17.701499326516494],[-72.2524767351041,-17.701499226355303],[-72.25252183610877,-17.70148413576687],[-72.25252214014138,-17.701484031084],[-72.2525669709098,-17.70146815567296],[-72.25256727063869,-17.701468046584537],[-72.25261181751489,-17.701451391186634],[-72.25261211288634,-17.70145127780815],[-72.25265636230095,-17.701433847496837],[-72.2526566532673,-17.701433729942796],[-72.25270059174149,-17.701415530027525],[-72.25270087826073,-17.70141540841132],[-72.2527444924105,-17.701396444435918],[-72.25274477444607,-17.701396318869605],[-72.25278805098601,-17.70137659661075],[-72.25278832850658,-17.70137646720477],[-72.25283125425433,-17.701355992669953],[-72.25283152723345,-17.70135585953313],[-72.25287408911338,-17.701334638959192],[-72.25287435752942,-17.70133450219838],[-72.25291654257673,-17.701312542049273],[-72.25291680641236,-17.70131240176934],[-72.25295860177717,-17.701289708734375],[-72.25295886101934,-17.701289565038053],[-72.25300025397028,-17.701266146029678],[-72.25300050860976,-17.70126599901744],[-72.25304148653821,-17.701241861169414],[-72.25304173656947,-17.701241710939357],[-72.2530822869931,-17.701216861604248],[-72.25308253241411,-17.70121670825208],[-72.25312264298093,-17.701191154999222],[-72.25312288379268,-17.701190998618102],[-72.25316254228461,-17.701164749231275],[-72.25316277849112,-17.701164589911798],[-72.25320197282774,-17.701137652386855],[-72.25320220443568,-17.70113749021703],[-72.2532409226781,-17.701109872759364],[-72.2532411496966,-17.701109707824514],[-72.25327938005087,-17.701081418846673],[-72.25327960249132,-17.701081251229507],[-72.253317333312,-17.701052299348607],[-72.25331755118776,-17.701052129129117],[-72.25335477098179,-17.701022523164184],[-72.25335498430806,-17.701022350419642],[-72.2533916817379,-17.70099209938888],[-72.25339189053146,-17.700991924193932],[-72.25342805441869,-17.700961037312197],[-72.25342825869771,-17.70096085973873],[-72.25346387802651,-17.70092934641441],[-72.25346407781039,-17.700929166531697],[-72.25349914173076,-17.700897036364104],[-72.25349933703997,-17.70089685423878],[-72.25353383487109,-17.70086411701502],[-72.2535340257269,-17.70086393271113],[-72.2535679469604,-17.70083059840328],[-72.25356813338479,-17.700830411982245],[-72.25360146768799,-17.700796490744274],[-72.25360164970351,-17.700796302265005],[-72.25363438692233,-17.700761804429657],[-72.25363456455183,-17.700761613948597],[-72.25366669471428,-17.700726550024253],[-72.25366686798093,-17.700726357595368],[-72.2536983812999,-17.70069073826283],[-72.25369855022689,-17.70069054393769],[-72.25372943710308,-17.700654380046938],[-72.25372960171357,-17.70065418387481],[-72.25375985273851,-17.700617486441747],[-72.25376001305558,-17.700617288469655],[-72.25378961901458,-17.70058006867263],[-72.25378977506098,-17.70057986894531],[-72.2538187269357,-17.700542138121886],[-72.25381887873375,-17.700541936681955],[-72.25384716770523,-17.700503706325257],[-72.25384731527676,-17.700503503213287],[-72.25387493272792,-17.700464784968677],[-72.25387507609418,-17.70046458022313],[-72.25390201361247,-17.700425385884525],[-72.25390215279404,-17.700425179542002],[-72.25392840217398,-17.700385521048435],[-72.25392853719065,-17.700385313143595],[-72.25395409043648,-17.70034520257541],[-72.25395422130707,-17.70034499314112],[-72.25397907063507,-17.70030444271635],[-72.25397919737759,-17.70030423178378],[-72.25400333521829,-17.700263253854516],[-72.25400345784959,-17.700263041453102],[-72.25402687685047,-17.700221648501586],[-72.25402699538644,-17.70022143465923],[-72.25404968841387,-17.70017963929414],[-72.25404980286913,-17.700179424037163],[-72.25407176301056,-17.700137238989836],[-72.25407187339852,-17.70013702234317],[-72.25409309396467,-17.70009446046354],[-72.25409320029749,-17.700094242450742],[-72.25411367482435,-17.700051316703547],[-72.25411377711285,-17.70005109734685],[-72.25413349936372,-17.70000782080774],[-72.2541335976173,-17.7000076001282],[-72.25415256158458,-17.69996398597959],[-72.25415265581117,-17.699963763997047],[-72.25417085571824,-17.69991982552422],[-72.25417094592433,-17.699919602257594],[-72.25418837622742,-17.69987535284462],[-72.25418846241794,-17.699875128311692],[-72.25420511780753,-17.699830581437443],[-72.25420519998586,-17.699830355655152],[-72.2542210753886,-17.699785524888956],[-72.25422115355653,-17.699785297873408],[-72.25423624413655,-17.6997401968712],[-72.2542363182942,-17.699739968637775],[-72.25425061945482,-17.699694611137748],[-72.25425068960068,-17.699694381701118],[-72.25426419698566,-17.699648781519585],[-72.25426426311647,-17.69964855089386],[-72.25427697261128,-17.69960272192105],[-72.2542770347221,-17.699602490119798],[-72.25428894245532,-17.699556446315714],[-72.25428900053944,-17.699556213352093],[-72.25430010288389,-17.699509968742095],[-72.25430015693284,-17.69950973462893],[-72.25431045050665,-17.699463303299577],[-72.2543105005102,-17.699463068049393],[-72.25431998217783,-17.699416464144104],[-72.25432002812394,-17.69941622776927],[-72.25432869499713,-17.69936946548405],[-72.25432873687195,-17.699369227996876],[-72.25433658631076,-17.699322321575988],[-72.25433662409861,-17.69932208298869],[-72.254343653712,-17.69927504672027],[-72.25434368739538,-17.69927480704524],[-72.25434989504208,-17.699227655256948],[-72.25434992460167,-17.69922741450672],[-72.25435530839073,-17.699180161561507],[-72.25435533380536,-17.699179919748836],[-72.2543598920969,-17.699132580040366],[-72.25435991334356,-17.69913233717839],[-72.25436364474905,-17.699084925126805],[-72.25436366180296,-17.699084681229127],[-72.25436656518578,-17.699037211276604],[-72.25436657802025,-17.699036966357337],[-72.25436865249603,-17.698989452963676],[-72.2543686610827,-17.69898920703757],[-72.25436990601946,-17.69894166467579],[-72.2543699103281,-17.6989414177584],[-72.25437032534667,-17.698893860910403],[-72.25437032534523,-17.69889361301803],[-72.25436991031926,-17.698846056170037],[-72.25436990597403,-17.698845807319984],[-72.25436866102982,-17.6987982649583],[-72.25436865230539,-17.69879801516889],[-72.25436657782222,-17.698750501775358],[-72.25436656468145,-17.69875025106605],[-72.25436366129125,-17.698702781113727],[-72.2543636436953,-17.69870252950525],[-72.25435991228245,-17.69865511745394],[-72.25435989019098,-17.698654864968393],[-72.25435533189211,-17.698607525260236],[-72.25435530526318,-17.698607271921222],[-72.25434992146684,-17.698560018976373],[-72.25434989025696,-17.69855976480899],[-72.25434368260302,-17.698512613021162],[-72.25434364676737,-17.69851235805235],[-72.25433661714683,-17.69846532178441],[-72.25433657663913,-17.698465066042793],[-72.25432872719323,-17.698418159622463],[-72.25432868196592,-17.698417903138697],[-72.25432001508571,-17.69837114085409],[-72.25431996509,-17.698370883660843],[-72.25431048341548,-17.69832427975621],[-72.25431042860151,-17.69832402188832],[-72.25430013502081,-17.69827759055967],[-72.2543000753376,-17.6982773320543],[-72.25428897298642,-17.69823108744509],[-72.25428890838207,-17.698230828341764],[-72.25427700064216,-17.698184784538476],[-72.25427693106394,-17.69818452487933],[-72.25426422156258,-17.6981386959074],[-72.25426414695711,-17.698138435737157],[-72.25425063956567,-17.698092835556498],[-72.25425055987898,-17.698092574922672],[-72.25423625871206,-17.698047217423607],[-72.25423617388972,-17.69804695637659],[-72.25422108330346,-17.698001855375345],[-72.2542209932908,-17.69800159396861],[-72.25420511788201,-17.69795676320345],[-72.25420502262416,-17.697956501493486],[-72.25418836722864,-17.697911954620302],[-72.25418826667085,-17.69791169266696],[-72.25417083636202,-17.697867443255124],[-72.25417073044974,-17.69786718112149],[-72.25415253053703,-17.697823242649854],[-72.25415241921617,-17.697822980402535],[-72.25413345524339,-17.69777936625511],[-72.2541333384604,-17.69777910396425],[-72.25411361620422,-17.697735827426374],[-72.25411349390642,-17.69773556516579],[-72.25409301937441,-17.69769263941987],[-72.2540928915102,-17.6976923772671],[-72.25407167093911,-17.697649815388772],[-72.25407153745815,-17.697649553425155],[-72.25404957731192,-17.697607368379167],[-72.25404943816541,-17.69760710669003],[-72.25402674513334,-17.697565311326322],[-72.25402660027426,-17.69756505000089],[-72.25400318126897,-17.69752365705078],[-72.25400303065236,-17.697523396182284],[-72.25397889280737,-17.697482418254427],[-72.2539787363906,-17.697482157940225],[-72.25395388705857,-17.6974416075169],[-72.25395372480169,-17.697441347858465],[-72.25392817155202,-17.697401237291693],[-72.25392800341787,-17.69740097839457],[-72.25390175403426,-17.697361319902452],[-72.25390157998898,-17.69736106187634],[-72.25387464246725,-17.697321867539255],[-72.2538744624805,-17.69732161049798],[-72.2538468450261,-17.697282892254883],[-72.2538466590713,-17.697282636316427],[-72.25381837009678,-17.697244405961207],[-72.25381817815156,-17.697244151247574],[-72.25378922627402,-17.697206420425644],[-72.25378902832051,-17.69720616706279],[-72.25375942235893,-17.69716894726729],[-72.253759218384,-17.69716869538521],[-72.25372896735666,-17.69713199795368],[-72.25372875735233,-17.69713174768612],[-72.25369787047407,-17.697095583796923],[-72.25369765443783,-17.69709533528139],[-72.25366614111691,-17.697059715950388],[-72.25366591905208,-17.697059469327968],[-72.25363378888788,-17.69702440540514],[-72.25363356080376,-17.697024160820284],[-72.25360082358343,-17.69698966298645],[-72.25360058949575,-17.696989420586853],[-72.25356725519131,-17.696955499350413],[-72.25356701512256,-17.696955259286806],[-72.25353309388801,-17.69692192498048],[-72.25353284786762,-17.696921687406373],[-72.25349835003568,-17.69688895018408],[-72.25349809810044,-17.69688871525551],[-72.25346303417948,-17.696856585089385],[-72.2534627763736,-17.696856352964648],[-72.25342715704446,-17.696824839641838],[-72.25342689342003,-17.69682461048116],[-72.25339072953263,-17.696793723600887],[-72.25339046014967,-17.69679349756616],[-72.25335376271994,-17.69676324653689],[-72.25335348764676,-17.696763023791256],[-72.253316267853,-17.696733417827748],[-72.25331598716623,-17.696733198535274],[-72.25327825634601,-17.69670424665576],[-72.25327797013077,-17.696704030981007],[-72.25323973977727,-17.696675742004533],[-72.25323944812733,-17.696675530112216],[-72.25320072988586,-17.69664791265589],[-72.2532004329038,-17.69664770471038],[-72.25316123856835,-17.696620767186737],[-72.25316093636542,-17.696620563351633],[-72.25312127787485,-17.69659431396615],[-72.25312097057112,-17.696594114403933],[-72.25308086000591,-17.696568561152333],[-72.25308054773011,-17.696568366023765],[-72.25303999730824,-17.696543516689896],[-72.25303968019793,-17.696543326153623],[-72.2529987022715,-17.696519188306784],[-72.25299838047276,-17.69651900251884],[-72.25295698752399,-17.696495583511677],[-72.25295666119133,-17.696495402624983],[-72.25291486582891,-17.69647270959114],[-72.25291453512509,-17.696472533755045],[-72.2528723500803,-17.696450573607084],[-72.25287201517612,-17.696450402966935],[-72.25282945329896,-17.696429182394073],[-72.25282911437291,-17.696429017090647],[-72.25278618862811,-17.696408542556902],[-72.25278584586621,-17.696408382726066],[-72.25274256932934,-17.696388660468163],[-72.25274222292454,-17.696388506240257],[-72.252698608778,-17.696369542265863],[-72.25269825893015,-17.696369393765487],[-72.25265432045938,-17.696351193851136],[-72.25265396737434,-17.696351051196583],[-72.25260971796331,-17.696333620886183],[-72.25260936185302,-17.6963334841891],[-72.25256481498054,-17.696316828792074],[-72.25256445606202,-17.696316698157066],[-72.25251962529752,-17.696300822746814],[-72.2525192637927,-17.696300698271198],[-72.25247416279204,-17.69628560768354],[-72.25247379892713,-17.696285489456923],[-72.25242844142846,-17.696271188288605],[-72.25242807543322,-17.696271076392698],[-72.25238247525293,-17.696257568999954],[-72.25238210736028,-17.6962574635083],[-72.25233627838858,-17.696244754005704],[-72.2523359088339,-17.6962446549835],[-72.25228986503076,-17.696232747242394],[-72.2522894940513,-17.696232654746325],[-72.25224324944213,-17.696221552394007],[-72.25224287727633,-17.696221466472064],[-72.25219644594763,-17.696211172890386],[-72.25219607283464,-17.6962110935819],[-72.25214946892989,-17.69620161190634],[-72.25214909510872,-17.696201539241823],[-72.25210233282384,-17.69619287236067],[-72.25210195853299,-17.696192806361854],[-72.25205505211228,-17.69618495691514],[-72.25205467758893,-17.696184897595064],[-72.25200764132053,-17.69617786797375],[-72.25200726680002,-17.696177815336753],[-72.25196011501161,-17.696171607682167],[-72.25195974072693,-17.69617156172405],[-72.25191248778137,-17.696166177927072],[-72.2519121139624,-17.696166138635213],[-72.25186477425345,-17.69616158033586],[-72.25186440112665,-17.696161547689435],[-72.25181698907446,-17.696157816276177],[-72.2518166168622,-17.696157790246374],[-72.25176914690881,-17.69615488685585],[-72.251768775829,-17.696154867406044],[-72.25172126243429,-17.69615279292263],[-72.2517208926998,-17.696152780008756],[-72.25167335033683,-17.69615153506443],[-72.25167298215517,-17.6961515286352],[-72.2516254253058,-17.69615111360912]],[[-72.25162839034901,-17.69618370723792],[-72.251675579864,-17.696184119050866],[-72.25172275323874,-17.696185354325422],[-72.25176989619592,-17.69618741262763],[-72.2518169944722,-17.696190293277837],[-72.2518640338237,-17.696193995351287],[-72.2519110000288,-17.69619851767866],[-72.25195787889072,-17.696203858846502],[-72.25200465624535,-17.696210017198194],[-72.25205131795997,-17.696216990834305],[-72.25209784994229,-17.696224777613722],[-72.25214423813948,-17.696233375154023],[-72.25219046854623,-17.69624278083268],[-72.252236527204,-17.696252991787354],[-72.25228240021005,-17.6962640049178],[-72.2523280737159,-17.696275816885645],[-72.25237353393368,-17.696288424115874],[-72.25241876714065,-17.69630182279832],[-72.25246375968008,-17.696316008887585],[-72.25250849796775,-17.696330978105355],[-72.25255296849284,-17.69634672594034],[-72.25259715782387,-17.69636324765035],[-72.252641052611,-17.696380538263],[-72.25268463958999,-17.69639859257704],[-72.25272790558574,-17.69641740516359],[-72.25277083751546,-17.696436970367447],[-72.25281342239353,-17.696457282308636],[-72.2528556473339,-17.696478334883675],[-72.2528974995542,-17.69650012176688],[-72.25293896637828,-17.696522636411814],[-72.25298003524303,-17.696545872054006],[-72.25302069369738,-17.69656982171048],[-72.25306092940968,-17.696594478183318],[-72.25310073016972,-17.696619834060595],[-72.25314008389255,-17.696645881718293],[-72.25317897862213,-17.696672613322217],[-72.25321740253534,-17.69670002083008],[-72.25325534394527,-17.696728095993585],[-72.25329279130412,-17.696756830359806],[-72.25332973320896,-17.69678621527496],[-72.25336615840237,-17.696816241884637],[-72.25340205577912,-17.696846901138258],[-72.25343741438678,-17.696878183789405],[-72.25347222343188,-17.69691008040032],[-72.25350647228147,-17.696942581342903],[-72.25354015046776,-17.696975676802413],[-72.25357324769121,-17.697009356779848],[-72.25360575382363,-17.697043611094504],[-72.25363765891184,-17.697078429387034],[-72.25366895318139,-17.697113801122892],[-72.2536996270394,-17.697149715595142],[-72.25372967107778,-17.697186161927142],[-72.25375907607612,-17.69722312907578],[-72.25378783300579,-17.69726060583566],[-72.25381593303234,-17.69729858084176],[-72.25384336751829,-17.697337042572457],[-72.25387012802658,-17.697375979353815],[-72.25389620632376,-17.69741537936347],[-72.25392159438127,-17.697455230631924],[-72.25394628438008,-17.697495521049127],[-72.25397026871205,-17.697536238366265],[-72.25399353998336,-17.697577370200754],[-72.25401609101688,-17.697618904039665],[-72.25403791485353,-17.69766082724213],[-72.2540590047561,-17.697703127045454],[-72.2540793542113,-17.697745790568636],[-72.2540989569315,-17.697788804815804],[-72.2541178068564,-17.697832156679173],[-72.25413589815686,-17.697875832946607],[-72.25415322523453,-17.697919820300942],[-72.25416978272628,-17.6979641053298],[-72.25418556550356,-17.698008674524225],[-72.2542005686758,-17.698053514286347],[-72.25421478759182,-17.698098610934256],[-72.25422821784014,-17.698143950701116],[-72.25424085525276,-17.698189519748468],[-72.25425269590414,-17.698235304160633],[-72.25426373611398,-17.698281289955876],[-72.25427397244822,-17.698327463088678],[-72.25428340171983,-17.698373809454058],[-72.25429202099012,-17.698420314891493],[-72.25429982756995,-17.698466965191574],[-72.25430681901977,-17.69851374609619],[-72.25431299315169,-17.6985606433088],[-72.25431834802905,-17.698607642493506],[-72.25432288196772,-17.69865472928221],[-72.25432659353659,-17.698701889280045],[-72.25432948155779,-17.698749108066853],[-72.25433154510739,-17.698796371205297],[-72.25433278351551,-17.698843664240755],[-72.25433319636659,-17.698890972711258],[-72.25433278349965,-17.69893828214919],[-72.25433154500828,-17.69898557808342],[-72.25432948124053,-17.699032846048524],[-72.254326592799,-17.699080071587357],[-72.2543228805406,-17.699127240253627],[-72.25431834557617,-17.699174337619098],[-72.25431298927037,-17.69922134927734],[-72.25430681324102,-17.699268260847536],[-72.25429981935889,-17.699315057978826],[-72.25429200974664,-17.699361726357218],[-72.254283386779,-17.69940825170555],[-72.25427395308101,-17.699454619792515],[-72.25426371152794,-17.699500816434476],[-72.25425266524441,-17.69954682749966],[-72.2542408176027,-17.699592638915057],[-72.25422817222251,-17.699638236668093],[-72.25421473296956,-17.69968360681158],[-72.25420050395412,-17.69972873546983],[-72.25418548953031,-17.699773608840143],[-72.25416969429374,-17.699818213200338],[-72.25415312308145,-17.699862534909652],[-72.25413578096966,-17.699906560414608],[-72.25411767327182,-17.699950276254246],[-72.25409880553691,-17.699993669064018],[-72.25407918354986,-17.70003672557569],[-72.25405881332615,-17.70007943262897],[-72.25403770111295,-17.700121777169194],[-72.25401585338544,-17.700163746255132],[-72.25399327684629,-17.700205327059795],[-72.25396997842142,-17.700246506878837],[-72.25394596526021,-17.700287273129792],[-72.2539212447312,-17.700327613359757],[-72.2538958244217,-17.70036751524627],[-72.25386971213362,-17.700406966603637],[-72.25384291588227,-17.70044595538506],[-72.25381544389283,-17.70048446968773],[-72.25378730459926,-17.70052249775462],[-72.25375850664027,-17.700560027979755],[-72.25372905885649,-17.700597048912286],[-72.25369897028942,-17.70063354925763],[-72.25366825017579,-17.700669517884158],[-72.25363690794818,-17.70070494382305],[-72.25360495322859,-17.70073981627534],[-72.25357239582725,-17.700774124613126],[-72.25353924573942,-17.70080785838291],[-72.25350551314214,-17.70084100730945],[-72.25347120838948,-17.700873561299808],[-72.25343634201278,-17.700905510443402],[-72.25340092471258,-17.700936845019516],[-72.25336496735908,-17.700967555496547],[-72.2533284809879,-17.700997632535913],[-72.25329147679369,-17.701027066997092],[-72.2532539661303,-17.701055849937596],[-72.25321596050627,-17.70108397261622],[-72.25317747157769,-17.701111426498432],[-72.25313851114996,-17.701138203254864],[-72.25309909116929,-17.70116429476725],[-72.25305922372212,-17.70118969312865],[-72.2530189210289,-17.701214390647294],[-72.25297819544039,-17.701238379848736],[-72.25293705943614,-17.70126165347669],[-72.25289552561678,-17.70128420449719],[-72.25285360670286,-17.701306026099182],[-72.25281131552912,-17.701327111697193],[-72.25276866504102,-17.701347454933146],[-72.25272566828984,-17.701367049678176],[-72.25268233842894,-17.70138589003456],[-72.25263868871079,-17.70140397033649],[-72.25259473247893,-17.701421285153337],[-72.25255048316785,-17.701437829289528],[-72.25250595429672,-17.701453597786454],[-72.25246115946396,-17.701468585924523],[-72.25241611234551,-17.701482789223054],[-72.25237082668775,-17.701496203442662],[-72.2523253163049,-17.701508824585478],[-72.25227959507379,-17.701520648896448],[-72.25223367692976,-17.70153167286411],[-72.25218757586197,-17.701541893221382],[-72.25214130590942,-17.701551306946207],[-72.2520948811556,-17.70155991126232],[-72.25204831572523,-17.701567703639444],[-72.25200162377976,-17.701574681793968],[-72.25195481951152,-17.701580843689257],[-72.25190791714108,-17.701586187535856],[-72.25186093091254,-17.701590711791518],[-72.25181387508846,-17.701594415161622],[-72.25176676394607,-17.701597296598916],[-72.25171961177324,-17.7015993553036],[-72.25167243286405,-17.70160059072318],[-72.2516252415141,-17.701601002552174],[-72.25157805201785,-17.70160059073196],[-72.25153087866187,-17.701599355450433],[-72.25148373572439,-17.701597297141582],[-72.25143663746718,-17.70159441648496],[-72.25138959813513,-17.701590714405448],[-72.25134263195017,-17.70158619207239],[-72.25129575310726,-17.70158085089909],[-72.25124897577281,-17.701574692542327],[-72.25120231407732,-17.701567718901323],[-72.25115578211461,-17.701559932117387],[-72.25110939393636,-17.70155133457285],[-72.25106316354886,-17.701541928890315],[-72.25101710490935,-17.70153171793184],[-72.25097123192185,-17.701520704798035],[-72.25092555843433,-17.701508892827093],[-72.25088009823376,-17.70149628559377],[-72.25083486504398,-17.701482886908636],[-72.25078987252114,-17.70146870081678],[-72.25074513424943,-17.701453731596583],[-72.25070066374013,-17.701437983759433],[-72.25065647442374,-17.701421462047154],[-72.25061257965086,-17.701404171432454],[-72.250568992686,-17.701386117116662],[-72.25052572670306,-17.701367304528095],[-72.25048279478588,-17.701347739322483],[-72.2504402099191,-17.701327427379262],[-72.25039798499019,-17.70130637480262],[-72.2503561327805,-17.70128458791767],[-72.25031466596556,-17.701262073270577],[-72.2502735971102,-17.701238837626665],[-72.2502329386642,-17.701214887968263],[-72.25019270295964,-17.701190231493428],[-72.25015290220672,-17.701164875614044],[-72.25011354849046,-17.701138827954278],[-72.25007465376626,-17.70111209634778],[-72.25003622985848,-17.701084688837696],[-72.2499982884535,-17.70105661367188],[-72.24996084109843,-17.701027879302867],[-72.24992389919721,-17.70099849438509],[-72.24988747400685,-17.700968467772665],[-72.24985157663282,-17.700937808516336],[-72.24981621802705,-17.70090652586207],[-72.24978140898376,-17.70087462924833],[-72.24974716013529,-17.700842128302536],[-72.24971348194968,-17.70080903283977],[-72.24968038472683,-17.700775352859296],[-72.24964787859462,-17.700741098541535],[-72.24961597350611,-17.70070628024574],[-72.24958467923571,-17.70067090850626],[-72.24955400537708,-17.700634994031095],[-72.2495239613377,-17.700598547695936],[-72.24949455633788,-17.70056158054405],[-72.24946579940669,-17.700524103781177],[-72.2494376993782,-17.700486128771907],[-72.24941026489022,-17.70044766703822],[-72.24938350437975,-17.700408730254082],[-72.24935742608025,-17.700369330241838],[-72.24933203802033,-17.700329478971064],[-72.24930734801904,-17.700289188551828],[-72.24928336368384,-17.70024847123191],[-72.24926009240963,-17.700207339395554],[-72.24923754137323,-17.700165805555226],[-72.24921571753349,-17.700123882351573],[-72.24919462762747,-17.70008158254678],[-72.2491742781687,-17.700038919022333],[-72.24915467544527,-17.699995904775204],[-72.2491358255165,-17.699952552911018],[-72.24911773421242,-17.699908876643793],[-72.24910040713085,-17.699864889289636],[-72.24908384963518,-17.699820604261507],[-72.2490680668538,-17.69977603506808],[-72.24905306367742,-17.69973119530739],[-72.2490388447571,-17.69968609866126],[-72.24902541450425,-17.69964075889597],[-72.24901277708713,-17.699595189851404],[-72.24900093643099,-17.699549405441704],[-72.24898989621637,-17.699503419650064],[-72.24897965987704,-17.699457246520147],[-72.24897023060034,-17.69941090015926],[-72.24896161132462,-17.699364394725453],[-72.24895380473933,-17.699317744429933],[-72.24894681328387,-17.69927096353043],[-72.24894063914616,-17.699224066323335],[-72.24893528426281,-17.699177067144756],[-72.24893075031788,-17.6991299803616],[-72.24892703874256,-17.699082820369828],[-72.24892415071477,-17.699035601590058],[-72.24892208715833,-17.698988338459156],[-72.24892084874318,-17.698941045430438],[-72.24892043588478,-17.698893736967023],[-72.24892084874422,-17.698846427537628],[-72.24892208722787,-17.698799131611796],[-72.24892415098763,-17.698751863654884],[-72.24892703942093,-17.69870463812483],[-72.24893075167085,-17.69865746946773],[-72.24893528662665,-17.698610372110743],[-72.24894064292344,-17.698563360462437],[-72.24894681894361,-17.698516448901707],[-72.24895381281638,-17.69846965177959],[-72.24896162241883,-17.698422983411586],[-72.24897024537654,-17.6983764580732],[-72.24897967906439,-17.698330089996038],[-72.2489899206069,-17.698283893364774],[-72.24900096687998,-17.698237882309012],[-72.24901281451055,-17.69819207090466],[-72.24902545987977,-17.698146473161486],[-72.2490388991212,-17.69810110302867],[-72.24905312812518,-17.698055974380356],[-72.24906814253724,-17.698011101020512],[-72.24908393776171,-17.697966496670706],[-72.24910050896187,-17.697922174971392],[-72.24911785106133,-17.697878149476487],[-72.24913595874673,-17.697834433646538],[-72.24915482646855,-17.697791040847477],[-72.24917444844309,-17.697747984344794],[-72.24919481865379,-17.697705277301086],[-72.24921593085408,-17.6976629327697],[-72.24923777856799,-17.697620963693687],[-72.24926035509415,-17.697579382897253],[-72.24928365350551,-17.69753820308706],[-72.24930766665354,-17.6974974368441],[-72.24933238716905,-17.697457096622195],[-72.24935780746499,-17.697417194743565],[-72.24938391973964,-17.69737774339359],[-72.24941071597796,-17.697338754618624],[-72.24943818795374,-17.69730024032304],[-72.249466327234,-17.697262212262387],[-72.24949512517993,-17.697224682042958],[-72.24952457295065,-17.697187661115894],[-72.2495546615051,-17.6971511607753],[-72.24958538160574,-17.697115192153632],[-72.24961672382086,-17.697079766218835],[-72.24964867852856,-17.697044893769785],[-72.24968123591746,-17.69701058543571],[-72.24971438599376,-17.696976851668417],[-72.24974811857976,-17.696943702743944],[-72.249782423321,-17.696911148755678],[-72.24981728968747,-17.69687919961285],[-72.24985270697749,-17.69684786503738],[-72.24988866432062,-17.696817154561025],[-72.24992515068287,-17.696787077521027],[-72.24996215486803,-17.69675764305917],[-72.24999966552294,-17.696728860117435],[-72.25003767113944,-17.69670073743681],[-72.25007616006073,-17.69667328355232],[-72.25011512048168,-17.696646506793197],[-72.25015454045624,-17.696620415277582],[-72.25019440789801,-17.69659501691246],[-72.25023471058707,-17.696570319389327],[-72.25027543617135,-17.696546330183363],[-72.25031657217231,-17.696523056550358],[-72.2503581059893,-17.69650050552427],[-72.25040002490127,-17.696478683916485],[-72.25044231607411,-17.696457598312122],[-72.25048496656237,-17.696437255069416],[-72.25052796331445,-17.69641766031723],[-72.25057129317636,-17.696398819953714],[-72.25061494289741,-17.69638073964394],[-72.25065889913223,-17.69636342481924],[-72.25070314844737,-17.696346880674906],[-72.25074767732359,-17.696331112169503],[-72.25079247216185,-17.69631612402294],[-72.25083751928724,-17.69630192071553],[-72.25088280495244,-17.696288506487008],[-72.25092831534387,-17.696275885335123],[-72.25097403658415,-17.696264061015015],[-72.25101995473817,-17.696253037038204],[-72.25106605581692,-17.696242816671692],[-72.25111232578139,-17.69623340293761],[-72.25115875054739,-17.696224798612374],[-72.25120531599096,-17.696217006226092],[-72.25125200795051,-17.696210028062517],[-72.25129881223336,-17.696203866158267],[-72.25134571461898,-17.696198522302915],[-72.25139270086322,-17.69619399803862],[-72.25143975670403,-17.696190294660056],[-72.25148686786343,-17.696187413214478],[-72.25153402005375,-17.696185354501775],[-72.251581198981,-17.69618411907442],[-72.25162839034901,-17.69618370723792]]]]}},{"type":"Feature","properties":{"id":"street_dimaeta_stsutodo_osentrace","group":null,"name":"Osen Trace","settlement_id":"settlement_dimaeta","country_id":"country_tsutodo","district_id":null,"status":"active","surface":"paved","access":"public","bridge":null,"tunnel":null,"oneway":null,"route_id":null,"alt_name":null,"notes":null},"geometry":{"type":"MultiPolygon","coordinates":[[[[-72.25416858315909,-17.695651385035095],[-72.25413338527605,-17.695659100602317],[-72.2558950326435,-17.700379637178983],[-72.25593023067397,-17.700371920804837],[-72.25416858315909,-17.695651385035095]]]]}},{"type":"Feature","properties":{"id":"street_dimaeta_stsutodo_meronatrace","group":null,"name":"Merona Trace","settlement_id":"settlement_dimaeta","country_id":"country_tsutodo","district_id":null,"status":"active","surface":"paved","access":"public","bridge":null,"tunnel":null,"oneway":null,"route_id":null,"alt_name":null,"notes":null},"geometry":{"type":"MultiPolygon","coordinates":[[[[-72.2468923308284,-17.697580348615457],[-72.24685698975614,-17.69758767356176],[-72.24862146898772,-17.70251088274429],[-72.24865681024049,-17.7025035569511],[-72.2468923308284,-17.697580348615457]]]]}},{"type":"Feature","properties":{"id":null,"group":null,"name":null,"settlement_id":null,"country_id":null,"district_id":null,"status":null,"surface":null,"access":null,"bridge":null,"tunnel":null,"oneway":null,"route_id":null,"alt_name":null,"notes":null},"geometry":{"type":"MultiPolygon","coordinates":[[[[-72.24770311252678,-17.69625733897006],[-72.24636184136776,-17.693205771990513],[-72.24590488489812,-17.6921661364625],[-72.24587038261681,-17.692175564553327],[-72.24632733887621,-17.69321519979045],[-72.24767085485608,-17.696271874309208],[-72.24767267286803,-17.696275036024087],[-72.24767517495846,-17.696277848650148],[-72.24767825022269,-17.696280187518344],[-72.24938481588707,-17.6973424176581],[-72.24940452744508,-17.697316363322827],[-72.24770311252678,-17.69625733897006]]]]}},{"type":"Feature","properties":{"id":null,"group":null,"name":null,"settlement_id":null,"country_id":null,"district_id":null,"status":null,"surface":null,"access":null,"bridge":null,"tunnel":null,"oneway":null,"route_id":null,"alt_name":null,"notes":null},"geometry":{"type":"MultiPolygon","coordinates":[[[[-72.25304357981372,-17.69547545301478],[-72.25304484186539,-17.695472197144937],[-72.2530452472229,-17.6954687181617],[-72.25304477676178,-17.69546518020117],[-72.25304345267813,-17.69546175018204],[-72.25253082201881,-17.694479454950045],[-72.25249727861807,-17.694415179585224],[-72.25092013380444,-17.691393078190092],[-72.25033375493341,-17.69026946773348],[-72.25030021754867,-17.690280904388306],[-72.25088659607752,-17.69140451431327],[-72.25246374074513,-17.69442661576238],[-72.2524972839345,-17.69449089072926],[-72.25300621103709,-17.695466089479865],[-72.25254190600852,-17.696323759048212],[-72.25257569861037,-17.69633972881076],[-72.25304357981372,-17.69547545301478]]]]}},{"type":"Feature","properties":{"id":null,"group":null,"name":null,"settlement_id":null,"country_id":null,"district_id":null,"status":null,"surface":null,"access":null,"bridge":null,"tunnel":null,"oneway":null,"route_id":null,"alt_name":null,"notes":null},"geometry":{"type":"MultiPolygon","coordinates":[[[[-72.25495018310274,-17.701405570003338],[-72.25496339315595,-17.70137620302183],[-72.2535602485823,-17.70080449859281],[-72.2535470382396,-17.700833865701707],[-72.25495018310274,-17.701405570003338]]]]}},{"type":"Feature","properties":{"id":null,"group":null,"name":null,"settlement_id":null,"country_id":null,"district_id":null,"status":null,"surface":null,"access":null,"bridge":null,"tunnel":null,"oneway":null,"route_id":null,"alt_name":null,"notes":null},"geometry":{"type":"MultiPolygon","coordinates":[[[[-72.24955907454039,-17.70309343890911],[-72.24958986445037,-17.703113881702883],[-72.25089111418622,-17.701521961792448],[-72.25086032469007,-17.701501518957393],[-72.24955907454039,-17.70309343890911]]]]}},{"type":"Feature","properties":{"id":null,"group":null,"name":null,"settlement_id":null,"country_id":null,"district_id":null,"status":null,"surface":null,"access":null,"bridge":null,"tunnel":null,"oneway":null,"route_id":null,"alt_name":null,"notes":null},"geometry":{"type":"MultiPolygon","coordinates":[[[[-72.25015796010014,-17.702409893750673],[-72.25015170916866,-17.702377415532023],[-72.24863601421438,-17.702490980617828],[-72.24864226501721,-17.702523459076946],[-72.25015796010014,-17.702409893750673]]]]}},{"type":"Feature","properties":{"id":null,"group":null,"name":null,"settlement_id":null,"country_id":null,"district_id":null,"status":null,"surface":null,"access":null,"bridge":null,"tunnel":null,"oneway":null,"route_id":null,"alt_name":null,"notes":null},"geometry":{"type":"MultiPolygon","coordinates":[[[[-72.25437453918414,-17.701143607000045],[-72.25439521464651,-17.701172121239505],[-72.25592296932332,-17.700390036022306],[-72.2559022939976,-17.70036152195986],[-72.25437453918414,-17.701143607000045]]]]}},{"type":"Feature","properties":{"id":null,"group":null,"name":null,"settlement_id":null,"country_id":null,"district_id":null,"status":null,"surface":null,"access":null,"bridge":null,"tunnel":null,"oneway":null,"route_id":null,"alt_name":null,"notes":null},"geometry":{"type":"MultiPolygon","coordinates":[[[[-72.24156126367663,-17.70466719349406],[-72.24157755568993,-17.704697590760183],[-72.24854609957325,-17.702240091307747],[-72.24852980774217,-17.702209695018684],[-72.24156126367663,-17.70466719349406]]]]}},{"type":"Feature","properties":{"id":null,"group":null,"name":null,"settlement_id":null,"country_id":null,"district_id":null,"status":null,"surface":null,"access":null,"bridge":null,"tunnel":null,"oneway":null,"route_id":null,"alt_name":null,"notes":null},"geometry":{"type":"MultiPolygon","coordinates":[[[[-72.24079381244536,-17.70262322962157],[-72.24081008016321,-17.702653635426863],[-72.24655524581586,-17.700631992208],[-72.24653897824646,-17.700601587208762],[-72.24079381244536,-17.70262322962157]]]]}},{"type":"Feature","properties":{"id":null,"group":null,"name":null,"settlement_id":null,"country_id":null,"district_id":null,"status":null,"surface":null,"access":null,"bridge":null,"tunnel":null,"oneway":null,"route_id":null,"alt_name":null,"notes":null},"geometry":{"type":"MultiPolygon","coordinates":[[[[-72.2403612240991,-17.701516102974065],[-72.24037780969483,-17.701546395263637],[-72.24738750350888,-17.69900694176204],[-72.24737091812388,-17.698976650446443],[-72.2403612240991,-17.701516102974065]]]]}},{"type":"Feature","properties":{"id":null,"group":null,"name":null,"settlement_id":null,"country_id":null,"district_id":null,"status":null,"surface":null,"access":null,"bridge":null,"tunnel":null,"oneway":null,"route_id":null,"alt_name":null,"notes":null},"geometry":{"type":"MultiPolygon","coordinates":[[[[-72.24119816301078,-17.70365885373656],[-72.24121465926635,-17.703689178281685],[-72.24816985984697,-17.701189994793893],[-72.24815336379208,-17.70115967121794],[-72.24119816301078,-17.70365885373656]]]]}},{"type":"Feature","properties":{"id":null,"group":null,"name":null,"settlement_id":null,"country_id":null,"district_id":null,"status":null,"surface":null,"access":null,"bridge":null,"tunnel":null,"oneway":null,"route_id":null,"alt_name":null,"notes":null},"geometry":{"type":"MultiPolygon","coordinates":[[[[-72.23992244665382,-17.70039207911186],[-72.23993862960336,-17.7004225146148],[-72.24700974597056,-17.697953564825045],[-72.246993563196,-17.697923130316617],[-72.23992244665382,-17.70039207911186]]]]}},{"type":"Feature","properties":{"id":"street_dimaeta_stsutodo_bakerstrace","group":null,"name":"Bakers Trace","settlement_id":"settlement_dimaeta","country_id":"country_tsutodo","district_id":null,"status":"active","surface":"paved","access":"public","bridge":null,"tunnel":null,"oneway":null,"route_id":null,"alt_name":null,"notes":null},"geometry":{"type":"MultiPolygon","coordinates":[[[[-72.24328767101977,-17.69674867397313],[-72.24606657505794,-17.704201954878837],[-72.2461017766171,-17.704194246456947],[-72.24332287217827,-17.696740966378037],[-72.2421893320713,-17.693700706417754],[-72.24215413158063,-17.693708415028905],[-72.24328767101977,-17.69674867397313]]]]}},{"type":"Feature","properties":{"id":"street_dimaeta_stsutodo_bakerstrace","group":null,"name":"Bakers Trace","settlement_id":"settlement_dimaeta","country_id":"country_tsutodo","district_id":null,"status":"active","surface":"paved","access":"public","bridge":null,"tunnel":null,"oneway":null,"route_id":null,"alt_name":null,"notes":null},"geometry":{"type":"MultiPolygon","coordinates":[[[[-72.24180721807029,-17.697284133731078],[-72.24454766916757,-17.704684345019423],[-72.24458289547759,-17.704676702993776],[-72.24184244396808,-17.697276492504333],[-72.24154096388192,-17.696462387204985],[-72.24150573841152,-17.696470029375636],[-72.24180721807029,-17.697284133731078]]]]}},{"type":"Feature","properties":{"id":"street_dimaeta_stsutodo_bakerstrace","group":null,"name":"Bakers Trace","settlement_id":"settlement_dimaeta","country_id":"country_tsutodo","district_id":null,"status":"active","surface":"paved","access":"public","bridge":null,"tunnel":null,"oneway":null,"route_id":null,"alt_name":null,"notes":null},"geometry":{"type":"MultiPolygon","coordinates":[[[[-72.24308657149429,-17.705148546671417],[-72.24312170731191,-17.705140663110345],[-72.23924208859043,-17.694917058701467],[-72.23920695306883,-17.69492494052063],[-72.24308657149429,-17.705148546671417]]]]}},{"type":"Feature","properties":{"id":null,"group":null,"name":null,"settlement_id":null,"country_id":null,"district_id":null,"status":null,"surface":null,"access":null,"bridge":null,"tunnel":null,"oneway":null,"route_id":null,"alt_name":null,"notes":null},"geometry":{"type":"MultiPolygon","coordinates":[[[[-72.24218975645131,-17.693709788333987],[-72.2421537072019,-17.693699333111166],[-72.24147120309243,-17.6960709512534],[-72.24150725286765,-17.69608140615053],[-72.24218975645131,-17.693709788333987]]]]}},{"type":"Feature","properties":{"id":null,"group":null,"name":null,"settlement_id":null,"country_id":null,"district_id":null,"status":null,"surface":null,"access":null,"bridge":null,"tunnel":null,"oneway":null,"route_id":null,"alt_name":null,"notes":null},"geometry":{"type":"MultiPolygon","coordinates":[[[[-72.23923405100703,-17.69490777303843],[-72.2392149906535,-17.694934226184536],[-72.24127119609537,-17.696163239640605],[-72.24129025600614,-17.69613678657694],[-72.23923405100703,-17.69490777303843]]]]}},{"type":"Feature","properties":{"id":null,"group":null,"name":null,"settlement_id":null,"country_id":null,"district_id":null,"status":null,"surface":null,"access":null,"bridge":null,"tunnel":null,"oneway":null,"route_id":null,"alt_name":null,"notes":null},"geometry":{"type":"MultiPolygon","coordinates":[[[[-72.25019616843979,-17.692991202257822],[-72.25351626518032,-17.691737057873144],[-72.25349921560547,-17.691706939528576],[-72.25017911888779,-17.69296108340456],[-72.24162782120082,-17.69619127774464],[-72.24164487091997,-17.69622139782253],[-72.25019616843979,-17.692991202257822]]]]}},{"type":"Feature","properties":{"id":"street_dimaeta_stsutodo_bakerstrace","group":null,"name":"Bakers Trace","settlement_id":"settlement_dimaeta","country_id":"country_tsutodo","district_id":null,"status":"active","surface":"paved","access":"public","bridge":null,"tunnel":null,"oneway":null,"route_id":null,"alt_name":null,"notes":null},"geometry":{"type":"MultiPolygon","coordinates":[[[[-72.24308657149429,-17.705148546671417],[-72.24312170731191,-17.705140663110345],[-72.23924208859043,-17.694917058701467],[-72.23920695306883,-17.69492494052063],[-72.24308657149429,-17.705148546671417]]]]}},{"type":"Feature","properties":{"id":"street_dimaeta_stsutodo_marketcircle","group":null,"name":"Market Circle","settlement_id":"settlement_dimaeta","country_id":"country_tsutodo","district_id":null,"status":"active","surface":"paved","access":"public","bridge":null,"tunnel":null,"oneway":null,"route_id":null,"alt_name":null,"notes":null},"geometry":{"type":"MultiPolygon","coordinates":[[[[-72.24144153482382,-17.69605460637995],[-72.24144116841775,-17.69605460637724],[-72.2414375761202,-17.696054637726462],[-72.24143721166367,-17.696054644085244],[-72.24143362046034,-17.696054738123948],[-72.2414332581425,-17.696054750773392],[-72.24142966912737,-17.696054907472895],[-72.24142930913048,-17.696054926336473],[-72.24142572339663,-17.696055145649083],[-72.24142536589623,-17.696055170644787],[-72.24142178453621,-17.696055452503643],[-72.24142142970051,-17.696055483544498],[-72.24141785380499,-17.696055827863827],[-72.24141750179565,-17.69605586485815],[-72.24141393245394,-17.696056271532974],[-72.24141358342366,-17.696056314385082],[-72.241410021723,-17.696056783291606],[-72.2414096758186,-17.696056831901785],[-72.24140612284405,-17.696057362897136],[-72.24140578020386,-17.696057417162425],[-72.24140223703749,-17.69605801008487],[-72.24140189779249,-17.696058069899266],[-72.24139836551363,-17.696058724568182],[-72.24139802978702,-17.696058789823123],[-72.24139450947173,-17.696059506039116],[-72.24139417737975,-17.696059576623668],[-72.24139067010034,-17.69606035416853],[-72.24139034175072,-17.69606042997021],[-72.2413868485754,-17.696061268607146],[-72.24138652406963,-17.69606134951168],[-72.24138304606268,-17.696062248985164],[-72.24138272549409,-17.696062334877357],[-72.2413792637148,-17.696063294913483],[-72.24137894717038,-17.696063385677203],[-72.24137550267321,-17.696064405983474],[-72.24137519023199,-17.696064501502377],[-72.2413717640663,-17.69606558176802],[-72.24137145580143,-17.696065681925376],[-72.24136804901076,-17.69606682182135],[-72.24136774498861,-17.696066926500578],[-72.24136435861074,-17.696068125679613],[-72.24136405889088,-17.696068234764716],[-72.24136069395728,-17.69606949286158],[-72.24136039859329,-17.696069606237167],[-72.24135705612902,-17.696070922868607],[-72.241356765169,-17.69607104042005],[-72.24135344619222,-17.696072415184993],[-72.24135315967803,-17.696072536799],[-72.24134986519957,-17.696073969278725],[-72.2413495831673,-17.696074094843528],[-72.24134631419096,-17.69607558460164],[-72.2413460366728,-17.69607571400645],[-72.24134279419413,-17.696077260589202],[-72.24134252121621,-17.696077393725393],[-72.24133930622291,-17.696078996661612],[-72.24133903780648,-17.696079133422586],[-72.24133585127801,-17.696080792224098],[-72.24133558744107,-17.69608093250467],[-72.24133243034801,-17.6960826466661],[-72.2413321711037,-17.696082790363576],[-72.24132904440764,-17.696084559362816],[-72.24132878976467,-17.696084706377],[-72.2413256944181,-17.696086529675192],[-72.24132544438208,-17.696086679908003],[-72.24132238132796,-17.696088556949757],[-72.24132213590147,-17.696088710305332],[-72.24131910607278,-17.696090640518857],[-72.24131886525484,-17.696090796903945],[-72.24131586957436,-17.69609277970126],[-72.24131563336046,-17.696092939025704],[-72.24131267274083,-17.69609497380292],[-72.24131244112453,-17.696095135978556],[-72.24130951646771,-17.69609722211579],[-72.24130928944071,-17.696097387056753],[-72.24130640163723,-17.696099523918548],[-72.24130617918676,-17.69609969154323],[-72.24130332911663,-17.696101878478707],[-72.24130311123089,-17.69610204870598],[-72.24130029976199,-17.696104285048953],[-72.24130008642464,-17.69610445780243],[-72.24129731441356,-17.69610674287173],[-72.24129710560831,-17.696106918076456],[-72.24129437389944,-17.69610925117599],[-72.24129416960845,-17.696109428759804],[-72.24129147903375,-17.696111809178888],[-72.24129127923709,-17.696111989073042],[-72.24128863061625,-17.696114416086616],[-72.24128843529421,-17.69611459822384],[-72.24128582943395,-17.69611707109255],[-72.2412856385647,-17.69611725540939],[-72.24128307625887,-17.696119773379976],[-72.24128288982072,-17.69611995981469],[-72.24128037184973,-17.696122522120234],[-72.24128018982019,-17.696122710613984],[-72.2412777169511,-17.69612531647391],[-72.2412775393072,-17.69612550697033],[-72.24127511229327,-17.6961281555909],[-72.24127493901207,-17.696128348035913],[-72.24127255859264,-17.696131038610307],[-72.24127238965103,-17.696131232952176],[-72.24127005655103,-17.69613396466085],[-72.24126989192554,-17.696134160850743],[-72.24126760685587,-17.69613693286157],[-72.241267446524,-17.69613713085188],[-72.24126521018052,-17.696139942320507],[-72.24126505411911,-17.696140142067033],[-72.2412628671832,-17.696142992137005],[-72.24126271537025,-17.696143193596672],[-72.24126057850798,-17.696146081399885],[-72.24126043092163,-17.696146284532173],[-72.24125834478387,-17.696149209188956],[-72.24125820140257,-17.696149413955887],[-72.2412561666249,-17.696152374575345],[-72.24125602742866,-17.696152580939554],[-72.2412540446308,-17.696155576619837],[-72.24125390959959,-17.696155784547052],[-72.24125197938547,-17.69615881437571],[-72.24125184850034,-17.69615902383317],[-72.24124997145805,-17.696162086887245],[-72.24124984470112,-17.696162297843774],[-72.24124802140247,-17.696165393190242],[-72.24124789875735,-17.696165605615505],[-72.24124612975749,-17.696168732311516],[-72.24124601120764,-17.696168946178865],[-72.24124429704564,-17.69617210327193],[-72.24124418257689,-17.696172318554215],[-72.24124252377483,-17.69617550508272],[-72.24124241337367,-17.696175721755164],[-72.24124081043684,-17.696178936748396],[-72.24124070409123,-17.69617915478738],[-72.24123915750783,-17.696182397266064],[-72.24123905520662,-17.696182616649967],[-72.24123756544797,-17.696185885626434],[-72.2412374671824,-17.6961861063329],[-72.24123603470207,-17.696189400811356],[-72.24123594046375,-17.696189622821393],[-72.24123456569816,-17.696192941798277],[-72.24123447548072,-17.696193165093007],[-72.24123315884864,-17.696196507557435],[-72.24123307264713,-17.69619673211894],[-72.2412318145497,-17.69620009705264],[-72.24123173236097,-17.696200322863394],[-72.2412305331813,-17.696203709241445],[-72.24123045500333,-17.696203936285983],[-72.24122931510679,-17.696207343076836],[-72.24122924093967,-17.696207571339226],[-72.24122816067337,-17.69621099750514],[-72.24122809051839,-17.6962112269715],[-72.24122707021151,-17.696214671468873],[-72.24122700407217,-17.696214902124282],[-72.24122604403543,-17.696218363903842],[-72.24122598191677,-17.696218595734344],[-72.24122508244248,-17.696222073741584],[-72.24122502435067,-17.696222306735873],[-72.24122418571316,-17.696225799911442],[-72.24122413165729,-17.69622603405435],[-72.24122335411175,-17.69622954133403],[-72.24122330410168,-17.696229776614746],[-72.24122258788508,-17.696233296930377],[-72.24122254193307,-17.696233533335462],[-72.24122188726353,-17.69623706561459],[-72.24122184538336,-17.696237303131838],[-72.24122125246025,-17.696240846298537],[-72.24122121466748,-17.696241084916593],[-72.24122068367157,-17.696244637891617],[-72.24122064998392,-17.696244877596847],[-72.2412201810768,-17.696248439297868],[-72.24122015151349,-17.696248680078146],[-72.24121974483799,-17.696252249420297],[-72.24121971942017,-17.696252491263092],[-72.24121937510021,-17.696256067159048],[-72.24121935385085,-17.696256310051364],[-72.2412190719914,-17.696259891411906],[-72.24121905493537,-17.696260135339408],[-72.24121883562219,-17.696263721073638],[-72.24121882278607,-17.696263966022535],[-72.24121866608596,-17.69626755503816],[-72.2412186574982,-17.69626780099414],[-72.24121856345899,-17.69627139219794],[-72.24121855914981,-17.696271639144587],[-72.24121852780007,-17.69627523144262],[-72.24121852780144,-17.696275479363905],[-72.24121855915067,-17.69627907166196],[-72.24121856349632,-17.696279320540555],[-72.24121865753497,-17.69628291174437],[-72.24121866626037,-17.696283161562672],[-72.24121882295994,-17.696286750578295],[-72.24121883610216,-17.696287001315646],[-72.2412190554148,-17.69629058704987],[-72.24121907301262,-17.6962908386859],[-72.2412193548715,-17.696294420046456],[-72.24121937696536,-17.696294672559794],[-72.2412197212848,-17.69629824845578],[-72.24121974791653,-17.696298501821584],[-72.24122015459147,-17.696302071163768],[-72.2412201858045,-17.696302325357436],[-72.24122065471109,-17.696305887058497],[-72.2412206905503,-17.696306142053054],[-72.24122122154569,-17.696309695028127],[-72.24122126205745,-17.696309950795687],[-72.24122185498004,-17.696313493962425],[-72.24122190021164,-17.6963137504708],[-72.24122255488065,-17.69631728275001],[-72.241222604881,-17.6963175399675],[-72.24122332109705,-17.696321060283164],[-72.24122337591612,-17.696321318175194],[-72.24122415346116,-17.696324825454965],[-72.24122421314962,-17.69632508398311],[-72.24122505178663,-17.696328577158717],[-72.2412251163967,-17.696328836285122],[-72.24122601587047,-17.69633231429242],[-72.24122608545431,-17.696332573972757],[-72.24122704549053,-17.696336035752395],[-72.24122712010207,-17.696336295944008],[-72.24122814040851,-17.696339740441438],[-72.2412282201014,-17.696340001095653],[-72.24122930036721,-17.696343427261635],[-72.24122938519587,-17.696343688328213],[-72.24123052509198,-17.696347095119123],[-72.24123061511115,-17.696347356544834],[-72.24123181429037,-17.69635074292299],[-72.24123190955468,-17.69635100465085],[-72.24123316765166,-17.69635436958461],[-72.24123326821615,-17.696354631555586],[-72.24123458484779,-17.69635797402007],[-72.24123469076673,-17.69635823617035],[-72.24123606553195,-17.696361555147373],[-72.24123617685933,-17.696361817410136],[-72.24123760933922,-17.696365111888692],[-72.24123772612879,-17.69636537419429],[-72.24123921588705,-17.69636864317084],[-72.24123933819143,-17.696368905445606],[-72.24124088477438,-17.696372147924418],[-72.24124101264498,-17.6963724100903],[-72.24124261558144,-17.69637562508363],[-72.24124274906852,-17.69637588705922],[-72.24124440787021,-17.696379073587824],[-72.24124454702275,-17.69637933528829],[-72.24124626118437,-17.696382492381463],[-72.24124640604943,-17.696382753717682],[-72.24124817504898,-17.69638588041377],[-72.2412483256706,-17.69638614129101],[-72.24125014896893,-17.6963892366376],[-72.24125030539112,-17.696389496960798],[-72.24125218243312,-17.696392560014985],[-72.24125234469487,-17.696392819681222],[-72.2412542749087,-17.696395849509983],[-72.2412544430471,-17.696396108413666],[-72.24125642584468,-17.69639910409407],[-72.24125659989375,-17.696399362125828],[-72.24125863467118,-17.696402322745406],[-72.24125881466155,-17.696402579791823],[-72.24126090079908,-17.696405504448727],[-72.24126108675664,-17.696405760390963],[-72.24126322361865,-17.696408648194264],[-72.24126341556628,-17.696408902911095],[-72.241265602502,-17.696411752981195],[-72.24126580045726,-17.69641200634625],[-72.24126803680052,-17.696414817815004],[-72.24126824077638,-17.696415069698215],[-72.24127052584588,-17.696417841709145],[-72.24127073585085,-17.696418091977502],[-72.24127306895068,-17.69642082368629],[-72.24127328498642,-17.69642107220124],[-72.24127566540575,-17.69642376277576],[-72.24127588746961,-17.69642400939708],[-72.24127831448344,-17.69642665801776],[-72.24127854256571,-17.69642690260058],[-72.24128101543467,-17.696429508460618],[-72.24128124951974,-17.696429750857487],[-72.24128376749061,-17.69643231316312],[-72.24128400755586,-17.696432553223183],[-72.24128656986163,-17.69643507119391],[-72.24128681587783,-17.69643530876395],[-72.24128942173803,-17.69643778163275],[-72.24128967366771,-17.696438016556076],[-72.24129232228846,-17.696440443569763],[-72.24129258008853,-17.69644067568923],[-72.24129527066322,-17.696443056108404],[-72.24129553428028,-17.696443285262642],[-72.24129826598917,-17.696445618362297],[-72.24129853536428,-17.696445844390443],[-72.24130130737541,-17.696448129459846],[-72.24130158243983,-17.696448352198374],[-72.24130439390873,-17.696450588541442],[-72.24130467458528,-17.696450807825887],[-72.24130752465548,-17.69645299476148],[-72.24130781086019,-17.696453210428245],[-72.24131069866367,-17.69645534729014],[-72.2413109903013,-17.69645555917352],[-72.2413139149582,-17.696457645310836],[-72.2413142119278,-17.696457853247598],[-72.24131717254753,-17.69645988802493],[-72.24131747473682,-17.696460091850764],[-72.24132047041739,-17.696462074648196],[-72.24132077770626,-17.696462274200673],[-72.2413238075351,-17.696464204414294],[-72.24132411979522,-17.696464399533014],[-72.24132718284947,-17.696466276574853],[-72.24132749994358,-17.696466467101356],[-72.24133059529031,-17.69646829039963],[-72.2413309170716,-17.69646847617744],[-72.24133404376781,-17.696470245176773],[-72.24133437008207,-17.696470426053228],[-72.24133752717529,-17.696472140214745],[-72.24133785786012,-17.69647231604066],[-72.24134104438879,-17.696473974842263],[-72.24134137927334,-17.69647414547234],[-72.24134459426685,-17.696475748408655],[-72.24134493317216,-17.696475913701928],[-72.24134817565103,-17.696477460284736],[-72.24134851839159,-17.69647762010555],[-72.24135178736813,-17.696479109863738],[-72.24135213375132,-17.696479264081965],[-72.24135542823001,-17.696480696561725],[-72.24135577805524,-17.696480845052402],[-72.24135909703227,-17.69648221981742],[-72.24135945009398,-17.696482362462483],[-72.2413627925585,-17.696483679094012],[-72.24136314864546,-17.696483815782074],[-72.24136651357935,-17.69648507387898],[-72.2413668724736,-17.6964852045051],[-72.24137025885176,-17.696486403684215],[-72.24137062033216,-17.696486528151382],[-72.24137402712317,-17.696487668047407],[-72.24137439096332,-17.696487786265926],[-72.24137781712928,-17.69648886653161],[-72.24137818309966,-17.696488978419865],[-72.24138162759715,-17.696489998726175],[-72.24138199546447,-17.696490104210483],[-72.24138545724406,-17.696491064246658],[-72.24138582677345,-17.696491163262003],[-72.24138930478072,-17.696492062735555],[-72.24138967573461,-17.696492155225197],[-72.24139316891025,-17.69649299386218],[-72.24139354105084,-17.696493079778232],[-72.2413970483306,-17.696493857323123],[-72.24139742141809,-17.696493936626137],[-72.24140094173376,-17.696494652842148],[-72.24140131552957,-17.69649472550169],[-72.24140484780878,-17.696495380170667],[-72.24140522207468,-17.696495446165002],[-72.24140876524146,-17.696496039087478],[-72.24140913973997,-17.69649609840354],[-72.24141269271492,-17.696496629398908],[-72.24141306721081,-17.696496682032386],[-72.24141662891186,-17.696497150938935],[-72.24141700317249,-17.69649719689403],[-72.24142057251461,-17.696497603568908],[-72.24142094630965,-17.696497642858166],[-72.24142452220556,-17.69649798717751],[-72.24142489530927,-17.69649801982186],[-72.24142847666968,-17.696498301680737],[-72.2414288488592,-17.69649832770889],[-72.24143243459345,-17.696498547021505],[-72.24143280565116,-17.696498566470076],[-72.24143639466668,-17.696498723169583],[-72.2414367643796,-17.696498736082646],[-72.24144035558331,-17.696498830121335],[-72.241440723744,-17.696498836550163],[-72.24144431604196,-17.696498867899397],[-72.24144468244913,-17.69649886790207],[-72.24144827474706,-17.696498836552266],[-72.24144863920439,-17.69649883019341],[-72.2414522304081,-17.696498736154183],[-72.24145259272724,-17.696498723504618],[-72.24145618174272,-17.696498566804518],[-72.24145654174045,-17.69649854794084],[-72.24146012747458,-17.69649832862769],[-72.241460484976,-17.696498303631866],[-72.24146406633632,-17.69649802177242],[-72.24146442117292,-17.696497990731466],[-72.24146799706874,-17.696497646411565],[-72.24146834907927,-17.69649760941706],[-72.24147191842123,-17.696497202741632],[-72.24147226745215,-17.696497159889418],[-72.24147582915299,-17.696496690982347],[-72.24147617505835,-17.696496642371972],[-72.24147972803313,-17.696496111376074],[-72.24148007067413,-17.6964960571106],[-72.2414836138407,-17.696495464187606],[-72.24148395308674,-17.696495404372975],[-72.24148748536577,-17.696494749703472],[-72.24148782109297,-17.696494684448353],[-72.24149134140836,-17.696493968231838],[-72.24149167350113,-17.69649389764707],[-72.24149518078065,-17.696493120101678],[-72.24149550913118,-17.696493044299753],[-72.24149900230648,-17.696492205662263],[-72.24149932681267,-17.696492124757583],[-72.24150280481967,-17.696491225283577],[-72.24150312538903,-17.696491139391142],[-72.2415065871683,-17.696490179354505],[-72.24150690371336,-17.696490088590565],[-72.24151034821055,-17.696489068283768],[-72.24151066065231,-17.69648897276465],[-72.24151408681797,-17.696487892498514],[-72.2415143950833,-17.696487792340974],[-72.24151780187391,-17.69648665244451],[-72.24151810589666,-17.696486547765055],[-72.24152149227443,-17.696485348585494],[-72.24152179199459,-17.69648523950028],[-72.24152515692806,-17.69648398140297],[-72.24152545229258,-17.69648386802714],[-72.2415287947567,-17.696482551395224],[-72.2415290857171,-17.696482433843585],[-72.2415324046937,-17.69648105907822],[-72.24153269120832,-17.696480937463964],[-72.2415359856865,-17.69647950498383],[-72.24153626771866,-17.69647937941904],[-72.24153953669487,-17.69647788966052],[-72.24153981421357,-17.696477760255416],[-72.24154305669201,-17.696476213672263],[-72.24154332967014,-17.696476080535927],[-72.24154654466312,-17.69647447759931],[-72.24154681307958,-17.69647434083828],[-72.24154999960778,-17.6964726820364],[-72.24155026344471,-17.696472541755803],[-72.24155342053747,-17.69647082759401],[-72.24155367978219,-17.696470683896287],[-72.24155680647785,-17.696468914896716],[-72.24155706112064,-17.69646876788257],[-72.24156015646687,-17.69646694458408],[-72.24156040650291,-17.69646679435119],[-72.2415634695567,-17.69646491730914],[-72.24156371498327,-17.696464763953493],[-72.24156674481152,-17.696462833739687],[-72.24156698562943,-17.696462677354575],[-72.24156998130944,-17.69646069455695],[-72.24157021752333,-17.696460535232514],[-72.24157317814245,-17.696458500455066],[-72.24157340975839,-17.69645833827963],[-72.24157633441483,-17.696456252142166],[-72.2415765614419,-17.6964560872011],[-72.24157944924485,-17.696453950339105],[-72.24157967169509,-17.696453782714563],[-72.24158252176471,-17.696451595778864],[-72.24158273965027,-17.696451425551704],[-72.24158555111865,-17.696449189208536],[-72.2415857644559,-17.69644901645513],[-72.24158853646644,-17.69644673138568],[-72.24158874527147,-17.69644655618106],[-72.24159147697978,-17.696444223081397],[-72.24159168127055,-17.6964440454977],[-72.24159437184464,-17.69644166507852],[-72.24159457164104,-17.696441485184526],[-72.24159722026126,-17.69643905817087],[-72.24159741558303,-17.69643887603385],[-72.24160002144265,-17.69643640316508],[-72.24160021231164,-17.696436218848472],[-72.24160277461685,-17.69643370087782],[-72.24160296105475,-17.696433514443292],[-72.24160547902508,-17.69643095213771],[-72.24160566105424,-17.696430763644322],[-72.24160813392271,-17.69642815778442],[-72.24160831156641,-17.69642796728811],[-72.24161073857964,-17.696425318667544],[-72.24161091186055,-17.696425126222778],[-72.24161329227933,-17.696422435648387],[-72.24161346122042,-17.696422241307012],[-72.24161579431974,-17.696419509598375],[-72.24161595894516,-17.696419313408548],[-72.24161824401406,-17.696416541397777],[-72.24161840434545,-17.69641634340803],[-72.24162064068821,-17.696413531939477],[-72.24162079674946,-17.696413332193117],[-72.2416229836846,-17.696410482123223],[-72.24162313549722,-17.69641028066398],[-72.24162527235869,-17.696407392860923],[-72.24162541994465,-17.696407189729076],[-72.2416275060817,-17.696404265072456],[-72.24162764946273,-17.696404060305806],[-72.24162968423963,-17.696401099686504],[-72.24162982343556,-17.696400893322725],[-72.24163180623266,-17.696397897642626],[-72.24163194126363,-17.69639768971569],[-72.24163387147694,-17.696394659887243],[-72.24163400236183,-17.69639445043009],[-72.24163587940329,-17.696391387376245],[-72.24163600615975,-17.696391176420416],[-72.24163782945767,-17.696388081074172],[-72.2416379521027,-17.69638786864904],[-72.24163972110169,-17.696384741953324],[-72.24163983965113,-17.69638452808667],[-72.24164155381239,-17.696381370993887],[-72.24164166828098,-17.6963811557118],[-72.24164332708223,-17.696377969183608],[-72.24164343748313,-17.69637775251161],[-72.24164504041916,-17.696374537518672],[-72.2416451467646,-17.696374319480054],[-72.24164669334715,-17.69637107700169],[-72.24164679564807,-17.69637085761833],[-72.24164828540594,-17.69636758864222],[-72.24164838367139,-17.696367367935913],[-72.24164981615088,-17.696364073457804],[-72.241649910389,-17.696363851448137],[-72.24165128515374,-17.69636053247161],[-72.24165137537085,-17.696360309177653],[-72.24165269200215,-17.69635696671363],[-72.24165277820356,-17.696356742152396],[-72.24165403630019,-17.696353377219097],[-72.2416541184888,-17.696353151408633],[-72.24165531766766,-17.696349765030998],[-72.2416553958454,-17.696349537986897],[-72.24165653574121,-17.696346131196492],[-72.24165660990818,-17.69634590293437],[-72.24165769017372,-17.696342476768884],[-72.24165776032847,-17.696342247303118],[-72.24165878063461,-17.696338802806192],[-72.24165884677386,-17.696338572151042],[-72.24165980680982,-17.696335110371958],[-72.2416598689285,-17.696334878541375],[-72.24166076840191,-17.696331400534586],[-72.24166082649337,-17.69633116754145],[-72.24166166513027,-17.696327674366437],[-72.24166171918617,-17.696327440223254],[-72.24166249673094,-17.69632393294404],[-72.24166254674091,-17.696323697663676],[-72.24166326295673,-17.69632017734858],[-72.24166330890864,-17.69631994094399],[-72.2416639635775,-17.696316408665382],[-72.24166400545764,-17.69631617114807],[-72.24166459838,-17.696312627981907],[-72.24166463617263,-17.69631238936438],[-72.24166516716788,-17.696308836389928],[-72.2416652008555,-17.696308596684823],[-72.24166566976193,-17.696305034984356],[-72.24166569932521,-17.696304794204128],[-72.241666106,-17.696301224862555],[-72.24166613141776,-17.69630098302002],[-72.24166647573708,-17.69629740712463],[-72.24166649698637,-17.696297164232483],[-72.2416667788452,-17.696293582872556],[-72.24166679590118,-17.696293338945072],[-72.24166701521374,-17.696289753211445],[-72.24166702804978,-17.696289508262783],[-72.24166718474933,-17.69628591924776],[-72.24166719333707,-17.696285673291563],[-72.24166728737563,-17.696282082088384],[-72.24166729168478,-17.696281835142063],[-72.24166732303401,-17.69627824284463],[-72.24166732303256,-17.69627799492323],[-72.24166729168279,-17.696274402625814],[-72.2416672873371,-17.696274153747225],[-72.24166719329793,-17.696270562544036],[-72.24166718457248,-17.696270312725648],[-72.2416670278724,-17.696266723710636],[-72.24166701473011,-17.69626647297329],[-72.24166679541698,-17.696262887239683],[-72.24166677781909,-17.69626263560361],[-72.24166649595973,-17.696259054243647],[-72.24166647386583,-17.69625880173018],[-72.24166612954595,-17.696255225834832],[-72.24166610291421,-17.696254972468925],[-72.24166569623881,-17.69625140312741],[-72.2416656650257,-17.69625114893362],[-72.24166519611876,-17.69624758723319],[-72.24166516027941,-17.696247332238062],[-72.24166462928359,-17.696243779263646],[-72.24166458877183,-17.696243523496324],[-72.24166399584894,-17.696239980330226],[-72.24166395061717,-17.6962397238212],[-72.24166329594779,-17.696236191542635],[-72.24166324594736,-17.696235934325028],[-72.241662529731,-17.696232414009984],[-72.24166247491186,-17.69623215611776],[-72.24166169736654,-17.696228648838595],[-72.2416616376779,-17.69622839030979],[-72.24166079904055,-17.696224897134808],[-72.2416607344305,-17.696224638008726],[-72.2416598349566,-17.696221160002036],[-72.24165976537249,-17.696220900320842],[-72.24165880533603,-17.696217438541833],[-72.2416587307244,-17.696217178349983],[-72.24165771041777,-17.696213733853178],[-72.24165763072466,-17.696213473198306],[-72.24165655045861,-17.69621004703292],[-72.24165646562986,-17.696209785966097],[-72.24165532573359,-17.69620637917575],[-72.24165523571422,-17.69620611774954],[-72.2416540365349,-17.696202731371972],[-72.24165394127033,-17.696202469643598],[-72.24165268317326,-17.696199104710402],[-72.24165258260852,-17.69619884273893],[-72.24165126597678,-17.696195500274985],[-72.2416511600577,-17.69619523812442],[-72.24164978529247,-17.69619191914799],[-72.24164967396479,-17.69619165688454],[-72.24164824148485,-17.69618836240654],[-72.24164812469515,-17.69618810010057],[-72.24164663493687,-17.69618483112453],[-72.24164651263219,-17.696184568849134],[-72.24164496604926,-17.696181326370866],[-72.24164483817835,-17.69618106420432],[-72.24164323524191,-17.6961778492115],[-72.24164310175455,-17.696177587235418],[-72.24164144295297,-17.696174400707296],[-72.2416413038,-17.69617413900607],[-72.2416395896384,-17.69617098191339],[-72.24163944477331,-17.696170720577133],[-72.24163767577394,-17.696167593881498],[-72.24163752515155,-17.69616733300298],[-72.2416357018533,-17.696164237656866],[-72.24163554543114,-17.69616397733365],[-72.24163366838937,-17.696160914279908],[-72.24163350612723,-17.6961606546131],[-72.24163157591366,-17.69615762478476],[-72.24163140777473,-17.696157365880264],[-72.24162942497735,-17.696154370200237],[-72.24162925092786,-17.696154112167893],[-72.24162721615068,-17.6961511515487],[-72.24162703615991,-17.69615089450174],[-72.24162495002261,-17.696147969845214],[-72.24162476406471,-17.696147713902512],[-72.24162262720301,-17.696144826099562],[-72.2416224352551,-17.69614457138232],[-72.24162024831972,-17.696141721312568],[-72.2416200503638,-17.696141467946646],[-72.24161781402086,-17.69613865647824],[-72.2416176100449,-17.69613840459489],[-72.24161532497583,-17.696135632584234],[-72.24161511497006,-17.69613538231497],[-72.24161278187056,-17.696132650606486],[-72.24161256583476,-17.69613240209144],[-72.2416101854159,-17.69612971151716],[-72.2416099633514,-17.69612946489512],[-72.24160753633801,-17.696126816274685],[-72.24160730825528,-17.696126571691348],[-72.24160483538674,-17.696123965831568],[-72.24160460130139,-17.696123723434347],[-72.24160208333095,-17.69612116112891],[-72.24160184326539,-17.696120921068495],[-72.24159928096012,-17.696118403097948],[-72.24159903494356,-17.696118165527523],[-72.24159642908386,-17.696115692658854],[-72.2415961771537,-17.696115457735047],[-72.24159352853343,-17.696113030721516],[-72.24159327073318,-17.696112798601842],[-72.24159058015906,-17.696110418182773],[-72.24159031654159,-17.696110189028158],[-72.24158758483327,-17.69610785592859],[-72.24158731545782,-17.696107629900126],[-72.24158454344726,-17.6961053448308],[-72.24158426838265,-17.696105122092096],[-72.24158145691429,-17.696102885749045],[-72.24158117623753,-17.696102666464398],[-72.24157832616791,-17.696100479528805],[-72.241578039963,-17.69610026386183],[-72.24157515216011,-17.696098126999928],[-72.24157486052214,-17.696097915116273],[-72.24157193586578,-17.696095828978912],[-72.24157163889626,-17.69609562104216],[-72.2415686782772,-17.696093586264794],[-72.24156837608787,-17.696093382438917],[-72.24156538040799,-17.696091399641396],[-72.241565073119,-17.696091200088794],[-72.24156204329088,-17.6960892698751],[-72.24156173103057,-17.696089074756195],[-72.24155866797696,-17.696087197714256],[-72.241558350883,-17.6960870071878],[-72.24155525553691,-17.696085183889373],[-72.2415549337557,-17.696084998111527],[-72.2415518070602,-17.69608322911206],[-72.2415514807458,-17.696083048235487],[-72.24154832365319,-17.696081334073806],[-72.24154799296872,-17.696081158247985],[-72.24154480644071,-17.696079499446235],[-72.24154447155647,-17.69607932881621],[-72.24154125656366,-17.696077725879682],[-72.24154091765861,-17.696077560586485],[-72.24153767518042,-17.696076014003413],[-72.24153733243998,-17.696075854182585],[-72.24153406346403,-17.69607436442413],[-72.24153371708134,-17.69607421020609],[-72.24153042260339,-17.696072777726048],[-72.24153007277877,-17.69607262923557],[-72.24152675380246,-17.696071254470223],[-72.24152640074088,-17.696071111825145],[-72.24152305827704,-17.69606979519331],[-72.24152270219072,-17.696069658505465],[-72.2415193372575,-17.696068400408198],[-72.24151897836363,-17.696068269782167],[-72.24151559198613,-17.6960670706027],[-72.24151523050642,-17.69606694613572],[-72.24151182371614,-17.696065806239336],[-72.2415114598767,-17.696065688020983],[-72.24150803371141,-17.6960646077549],[-72.24150766774159,-17.69606449586677],[-72.24150422324468,-17.696063475560027],[-72.24150385537818,-17.696063370075876],[-72.24150039359922,-17.69606241003931],[-72.24150002407059,-17.696062311024104],[-72.24149654606391,-17.696061411550108],[-72.24149617511094,-17.69606131906064],[-72.24149268193595,-17.69606048042322],[-72.2414923097962,-17.69606039450728],[-72.24148880251703,-17.696059616961918],[-72.24148842943038,-17.69605953765904],[-72.24148490911536,-17.696058821442552],[-72.24148453532042,-17.696058748783113],[-72.2414810030418,-17.69605809411367],[-72.24148062877684,-17.696058028119417],[-72.24147708561063,-17.696057435196465],[-72.24147671111325,-17.696057375880514],[-72.24147315813885,-17.696056844884627],[-72.24147278364389,-17.6960567922512],[-72.24146922194343,-17.696056323344152],[-72.24146884768375,-17.696056277389104],[-72.24146527834216,-17.696055870713728],[-72.24146490454807,-17.696055831424477],[-72.24146132865263,-17.696055487104623],[-72.24146095555008,-17.696055454460332],[-72.24145737419016,-17.696055172600893],[-72.24145700200151,-17.696055146572753],[-72.24145341626776,-17.69605492725962],[-72.2414530452113,-17.696054907811032],[-72.24144945619621,-17.696054751110967],[-72.24144908648432,-17.696054738197883],[-72.24144549528101,-17.696054644158636],[-72.24144512712132,-17.69605463772976],[-72.24144153482382,-17.69605460637995]],[[-72.24144449936796,-17.69608720160371],[-72.24144772434781,-17.69608722974745],[-72.24145094657956,-17.69608731412431],[-72.24145416517437,-17.696087454650915],[-72.24145737924898,-17.69608765123187],[-72.24146058792617,-17.696087903759995],[-72.2414637903357,-17.696088212116702],[-72.24146698561233,-17.696088576172208],[-72.24147017289745,-17.696088995786013],[-72.24147335133704,-17.69608947080673],[-72.24147652008361,-17.696090001072772],[-72.24147967829357,-17.696090586412137],[-72.24148282512894,-17.69609122664276],[-72.24148595975645,-17.696091921572677],[-72.24148908134654,-17.69609267099991],[-72.24149218907432,-17.696093474712676],[-72.24149528211764,-17.696094332489253],[-72.24149835965885,-17.69609524409818],[-72.24150142088234,-17.69609620929801],[-72.24150446497657,-17.696097227837438],[-72.24150749113117,-17.696098299454725],[-72.24151049853904,-17.69609942387817],[-72.24151348639431,-17.696100600825403],[-72.24151645389401,-17.696101830003776],[-72.2415194002351,-17.696103111109075],[-72.24152232461745,-17.696104443826624],[-72.24152522624189,-17.696105827830245],[-72.24152810430996,-17.6961072627818],[-72.24153095802447,-17.696108748331316],[-72.24153378658967,-17.696110284116642],[-72.24153658921044,-17.696111869762948],[-72.24153936509303,-17.696113504882486],[-72.24154211344542,-17.696115189074785],[-72.24154483347506,-17.696116921924606],[-72.24154752439375,-17.696118703004608],[-72.24155018541234,-17.6961205318718],[-72.24155281574514,-17.69612240806977],[-72.24155541460803,-17.696124331126885],[-72.2415579812191,-17.69612630055669],[-72.24156051480074,-17.696128315858257],[-72.2415630145761,-17.69613037651384],[-72.24156547977391,-17.696132481991544],[-72.24156790962655,-17.696134631743384],[-72.24157030336966,-17.69613682520473],[-72.24157266024571,-17.696139061796373],[-72.24157497950009,-17.696141340921187],[-72.2415772603868,-17.69614366196827],[-72.24157950216357,-17.696146024307925],[-72.24158170409662,-17.696148427296045],[-72.24158386545982,-17.696150870272728],[-72.24158598553372,-17.69615335256016],[-72.24158806360812,-17.696155873466022],[-72.24159009898202,-17.696158432281603],[-72.24159209096321,-17.69616102828206],[-72.24159403887029,-17.69616366072743],[-72.24159594203216,-17.696166328861846],[-72.24159779978915,-17.6961690319151],[-72.2415996114927,-17.696171769100584],[-72.2416013765066,-17.696174539617484],[-72.24160309420763,-17.696177342650934],[-72.24160476398572,-17.6961801773717],[-72.24160638524357,-17.696183042935353],[-72.24160795739917,-17.69618593848583],[-72.24160947988373,-17.696188863151683],[-72.24161095214473,-17.696191816050497],[-72.24161237364385,-17.696194796285585],[-72.2416137438591,-17.69619780294896],[-72.24161506228498,-17.69620083512117],[-72.24161632843133,-17.696203891869132],[-72.24161754182636,-17.696206972252174],[-72.24161870201385,-17.69621007531506],[-72.24161980855659,-17.696213200095826],[-72.24162086103425,-17.69621634562053],[-72.24162185904501,-17.69621951090668],[-72.24162280220484,-17.696222694961524],[-72.24162369014918,-17.696225896786125],[-72.2416245225318,-17.696229115371565],[-72.24162529902573,-17.696232349702267],[-72.24162601932292,-17.696235598753795],[-72.24162668313545,-17.6962388614978],[-72.24162729019457,-17.696242136896704],[-72.2416278402516,-17.696245423909293],[-72.24162833307761,-17.69624872148675],[-72.24162876846408,-17.69625202857733],[-72.24162914622278,-17.696255344124474],[-72.2416294661854,-17.69625866706543],[-72.24162972820439,-17.69626199633593],[-72.2416299321529,-17.69626533086873],[-72.24163007792447,-17.69626866959207],[-72.24163016543335,-17.69627201143309],[-72.24163019461473,-17.696275355316583],[-72.24163016542438,-17.69627870016724],[-72.24163007783916,-17.69628204490582],[-72.2416299318563,-17.696285388455255],[-72.24162972749446,-17.696288729737727],[-72.24162946479281,-17.696292067675518],[-72.24162914381148,-17.69629540119059],[-72.24162876463147,-17.69629872920826],[-72.24162832735466,-17.696302050653568],[-72.24162783210365,-17.696305364453703],[-72.24162727902144,-17.696308669540908],[-72.2416266682725,-17.696311964845627],[-72.24162600004126,-17.696315249305844],[-72.24162527453291,-17.696318521861205],[-72.24162449197308,-17.69632178145597],[-72.2416236526082,-17.696325027038032],[-72.24162275670425,-17.696328257562318],[-72.24162180454832,-17.696331471985932],[-72.24162079644653,-17.696334669275267],[-72.24161973272611,-17.696337848399697],[-72.24161861373305,-17.69634100833775],[-72.24161743983402,-17.696344148072694],[-72.24161621141461,-17.696347266596163],[-72.24161492887993,-17.696350362908092],[-72.24161359265464,-17.69635343601522],[-72.24161220318237,-17.696356484933283],[-72.24161076092534,-17.696359508687323],[-72.24160926636459,-17.696362506311832],[-72.24160772000036,-17.69636547684934],[-72.24160612235048,-17.696368419353732],[-72.2416044739507,-17.696371332889903],[-72.2416027753557,-17.696374216531492],[-72.24160102713702,-17.696377069364722],[-72.24159922988403,-17.696379890486263],[-72.24159738420246,-17.69638267900646],[-72.24159549071639,-17.69638543404537],[-72.24159355006516,-17.696388154737512],[-72.24159156290506,-17.696390840229924],[-72.2415895299094,-17.696393489681128],[-72.24158745176581,-17.696396102265208],[-72.24158532917761,-17.696398677170375],[-72.24158316286452,-17.696401213596655],[-72.24158095355942,-17.696403710761473],[-72.24157870201208,-17.696406167893958],[-72.24157640898304,-17.69640858424198],[-72.24157407524982,-17.696410959065783],[-72.24157170160166,-17.696413291643047],[-72.24156928884133,-17.696415581266738],[-72.24156683778452,-17.696417827246307],[-72.24156434925872,-17.696420028907635],[-72.24156182410303,-17.696422185594084],[-72.24155926316851,-17.696424296665292],[-72.24155666731723,-17.696426361498293],[-72.24155403742137,-17.696428379488147],[-72.24155137436351,-17.69643035004698],[-72.24154867903525,-17.69643227260571],[-72.24154595233824,-17.696434146612404],[-72.24154319518186,-17.696435971534118],[-72.24154040848383,-17.696437746856365],[-72.24153759317043,-17.69643947208241],[-72.2415347501728,-17.696441146735694],[-72.24153188043098,-17.696442770357258],[-72.2415289848895,-17.69644434250775],[-72.2415260644992,-17.696445862766517],[-72.24152312021556,-17.696447330731925],[-72.24152015299819,-17.696448746021797],[-72.24151716381053,-17.696450108272842],[-72.24151415362012,-17.69645141714064],[-72.24151112339577,-17.696452672300435],[-72.24150807411007,-17.69645387344581],[-72.24150500673544,-17.69645502028992],[-72.24150192224658,-17.69645611256452],[-72.2414988216184,-17.696457150019967],[-72.24149570582543,-17.69645813242549],[-72.24149257584195,-17.696459059568586],[-72.24148943264078,-17.696459931255205],[-72.24148627719377,-17.69646074730903],[-72.24148311046966,-17.696461507572018],[-72.24147993343595,-17.69646221190317],[-72.24147674705532,-17.696462860179427],[-72.24147355228897,-17.696463452294154],[-72.2414703500929,-17.69646398815773],[-72.24146714141898,-17.69646446769703],[-72.241463927215,-17.696464890854763],[-72.24146070842382,-17.696465257589452],[-72.24145748598194,-17.696465567875073],[-72.2414542608223,-17.69646582170039],[-72.24145103387015,-17.69646601906899],[-72.2414478060465,-17.696466159998565],[-72.2414445782653,-17.696466244520742],[-72.24144135143426,-17.696466272680627],[-72.24143812645583,-17.696466244536406],[-72.2414349042254,-17.696466160159073],[-72.24143168563224,-17.696466019632012],[-72.24142847155886,-17.696465823050616],[-72.24142526288328,-17.696465570522104],[-72.24142206047506,-17.696465262164992],[-72.24141886519983,-17.6964648981091],[-72.24141567791598,-17.696464478494963],[-72.24141249947786,-17.696464003473935],[-72.24140933073299,-17.69646347320767],[-72.24140617252425,-17.69646288786799],[-72.24140302569009,-17.696462247637086],[-72.24139989106418,-17.696461552706996],[-72.24139676947516,-17.696460803279482],[-72.2413936617491,-17.696459999566635],[-72.24139056870676,-17.69645914178981],[-72.24138749116679,-17.69645823018068],[-72.24138442994449,-17.696457264980708],[-72.24138138585143,-17.69645624644116],[-72.24137835969779,-17.696455174823672],[-72.24137535229117,-17.696454050400156],[-72.2413723644367,-17.69645287345271],[-72.24136939693841,-17.696451644274422],[-72.24136645059784,-17.696450363168857],[-72.24136352621649,-17.696449030451213],[-72.24136062459262,-17.696447646447364],[-72.2413577465258,-17.69644621149595],[-72.2413548928118,-17.696444725946204],[-72.24135206424734,-17.69644319016076],[-72.24134926162711,-17.696441604514312],[-72.2413464857447,-17.69643996939439],[-72.24134373739365,-17.696438285202436],[-72.24134101736374,-17.69643655235202],[-72.24133832644561,-17.696434771272003],[-72.24133566542753,-17.696432942404712],[-72.24133303509524,-17.696431066206667],[-72.24133043623242,-17.696429143149196],[-72.2413278696216,-17.6964271737192],[-72.24132533604036,-17.69642515841758],[-72.24132283626524,-17.6964230977618],[-72.24132037106739,-17.696420992283702],[-72.24131794121492,-17.696418842531703],[-72.24131554747176,-17.696416649070002],[-72.24131319059585,-17.69641441247818],[-72.24131087134138,-17.69641213335302],[-72.24130859045489,-17.696409812305944],[-72.24130634867831,-17.696407449966205],[-72.24130414674448,-17.696405046977024],[-72.24130198538151,-17.6964026040005],[-72.24129986530762,-17.696400121712873],[-72.24129778723305,-17.696397600806705],[-72.2412957518591,-17.696395041990908],[-72.24129375987789,-17.696392445990412],[-72.24129181197044,-17.696389813544528],[-72.24128990880833,-17.696387145409687],[-72.24128805105131,-17.696384442356425],[-72.2412862393476,-17.69638170517075],[-72.24128447433316,-17.696378934653172],[-72.24128275663217,-17.69637613162],[-72.24128108685402,-17.696373296899154],[-72.24127946559558,-17.696370431334824],[-72.24127789344,-17.696367535784542],[-72.24127637095502,-17.69636461111823],[-72.24127489869389,-17.69636165821952],[-72.24127347719451,-17.69635867798432],[-72.24127210697891,-17.696355671320784],[-72.24127078855275,-17.696352639148476],[-72.24126952240591,-17.69634958240009],[-72.24126830901109,-17.696346502018148],[-72.24126714882304,-17.696343398954525],[-72.24126604227993,-17.69634027417361],[-72.24126498980215,-17.696337128649446],[-72.24126399179116,-17.696333963363536],[-72.24126304863073,-17.69633077930795],[-72.24126216068618,-17.69632757748391],[-72.24126132830307,-17.696324358898273],[-72.24126055180903,-17.696321124568605],[-72.24125983151129,-17.69631787551655],[-72.2412591676985,-17.696314612773314],[-72.24125856063903,-17.696311337374542],[-72.24125801058159,-17.696308050362425],[-72.24125751775517,-17.696304752785032],[-72.24125708236822,-17.696301445694644],[-72.24125670460919,-17.696298130148254],[-72.2412563846461,-17.696294807207746],[-72.24125612262665,-17.696291477937272],[-72.24125591867768,-17.696288143405194],[-72.24125577290562,-17.696284804682566],[-72.24125568539625,-17.69628146284187],[-72.24125565621438,-17.6962781189585],[-72.24125568540416,-17.696274774109256],[-72.24125577298888,-17.696271429370398],[-72.24125591897113,-17.696268085822023],[-72.24125612333243,-17.696264744539786],[-72.24125638603341,-17.69626140660352],[-72.24125670701419,-17.69625807308823],[-72.24125708619353,-17.69625474507166],[-72.24125752346973,-17.696251423626844],[-72.24125801872009,-17.696248109827053],[-72.24125857180151,-17.69624480474145],[-72.24125918254983,-17.696241509436778],[-72.24125985078037,-17.696238224977133],[-72.24126057628797,-17.69623495242277],[-72.2412613588468,-17.696231692829105],[-72.24126219821116,-17.69622844724736],[-72.2412630941142,-17.69622521672414],[-72.24126404626945,-17.69622200230077],[-72.24126505437026,-17.69621880501269],[-72.24126611808991,-17.696215625888858],[-72.24126723708225,-17.696212465951103],[-72.24126841098021,-17.69620932621746],[-72.24126963939874,-17.696206207694633],[-72.24127092193255,-17.696203111383472],[-72.24127225815693,-17.696200038277098],[-72.24127364762832,-17.69619698935959],[-72.24127508988435,-17.696193965606412],[-72.24127658444425,-17.696190967982407],[-72.24127813080759,-17.696187997445527],[-72.2412797284565,-17.69618505494172],[-72.24128137685517,-17.69618214140645],[-72.2412830754493,-17.696179257765213],[-72.24128482366666,-17.696176404933283],[-72.24128662091914,-17.69617358381159],[-72.24128846659976,-17.696170795291938],[-72.24129036008466,-17.696168040253806],[-72.24129230073527,-17.6961653195616],[-72.24129428789401,-17.69616263407031],[-72.24129632088871,-17.696159984619577],[-72.24129839903185,-17.6961573720352],[-72.24130052161868,-17.696154797131065],[-72.24130268793114,-17.69615226070473],[-72.24130489723498,-17.696149763540635],[-72.24130714878197,-17.69614730640793],[-72.2413094418097,-17.696144890060566],[-72.2413117755424,-17.696142515236602],[-72.24131414918926,-17.696140182660017],[-72.24131656194913,-17.696137893036106],[-72.24131901300514,-17.696135647056725],[-72.24132150153041,-17.696133445395258],[-72.24132402668518,-17.696131288709044],[-72.24132658761899,-17.696129177637836],[-72.24132918346984,-17.696127112804632],[-72.24133181336482,-17.69612509481488],[-72.24133447642248,-17.696123124255685],[-72.24133717175012,-17.696121201696833],[-72.24133989844627,-17.696119327690244],[-72.2413426556026,-17.696117502768047],[-72.2413454422999,-17.69611572744579],[-72.24134825761355,-17.696114002219097],[-72.24135110061052,-17.696112327565714],[-72.24135397035228,-17.696110703943717],[-72.2413568658937,-17.69610913179271],[-72.24135978628364,-17.696107611533684],[-72.24136273056726,-17.696106143567803],[-72.24136569778476,-17.696104728277447],[-72.24136868697232,-17.69610336602593],[-72.2413716971629,-17.69610205715761],[-72.24137472738728,-17.696100801997364],[-72.24137777667357,-17.69609960085128],[-72.24138084404849,-17.696098454006574],[-72.2413839285377,-17.69609736173145],[-72.24138702916623,-17.696096324275377],[-72.24139014495987,-17.696095341869192],[-72.24139327494387,-17.69609441472548],[-72.24139641814551,-17.696093543038273],[-72.24139957359326,-17.69609272698376],[-72.24140274031802,-17.696091966720164],[-72.24140591735278,-17.696091262388318],[-72.24140910373421,-17.696090614111437],[-72.24141229850134,-17.69609002199612],[-72.24141550069868,-17.69608948613182],[-72.24141870937353,-17.69608900659192],[-72.2414219235784,-17.696088583433557],[-72.24142514237101,-17.696088216698246],[-72.2414283648138,-17.696087906412043],[-72.24143158997488,-17.69608765258612],[-72.2414348169281,-17.69608745521695],[-72.24143804475321,-17.696087314286817],[-72.24144127253571,-17.696087229764093],[-72.24144449936796,-17.69608720160371]]]]}},{"type":"Feature","properties":{"id":null,"group":null,"name":null,"settlement_id":null,"country_id":null,"district_id":null,"status":null,"surface":null,"access":null,"bridge":null,"tunnel":null,"oneway":null,"route_id":null,"alt_name":null,"notes":null},"geometry":{"type":"MultiPolygon","coordinates":[[[[-72.24125805245814,-17.69636218792566],[-72.24124095709023,-17.6963320850687],[-72.23871100606877,-17.69729166576674],[-72.23872810153011,-17.697321768969402],[-72.24125805245814,-17.69636218792566]]]]}},{"type":"Feature","properties":{"id":null,"group":null,"name":null,"settlement_id":null,"country_id":null,"district_id":null,"status":null,"surface":null,"access":null,"bridge":null,"tunnel":null,"oneway":null,"route_id":null,"alt_name":null,"notes":null},"geometry":{"type":"MultiPolygon","coordinates":[[[[-72.24183311461341,-17.69729546210807],[-72.2433135552219,-17.69675996905594],[-72.24606345321071,-17.695765298105595],[-72.2483447961807,-17.69494010910244],[-72.24834502289431,-17.694940025396615],[-72.24939062524811,-17.69454607473322],[-72.2493736043903,-17.69451594485406],[-72.24832811496205,-17.69490985281308],[-72.24604688573126,-17.695735000333812],[-72.24329698776515,-17.696729670863977],[-72.2418165472079,-17.697265163675777],[-72.23908662148486,-17.698252610010083],[-72.2391031889242,-17.698282908839094],[-72.24183311461341,-17.69729546210807]]]]}},{"type":"Feature","properties":{"id":null,"group":null,"name":null,"settlement_id":null,"country_id":null,"district_id":null,"status":null,"surface":null,"access":null,"bridge":null,"tunnel":null,"oneway":null,"route_id":null,"alt_name":null,"notes":null},"geometry":{"type":"MultiPolygon","coordinates":[[[[-72.2452675101182,-17.693656975358547],[-72.24635340320579,-17.693225433645623],[-72.24735521582701,-17.69282730611399],[-72.24966625561642,-17.691908882301657],[-72.25091217808381,-17.691413743763732],[-72.25186693415574,-17.691034316842767],[-72.25196174393601,-17.690996638755074],[-72.25299576350598,-17.690585711950693],[-72.25297813714369,-17.690555817137767],[-72.25194411754265,-17.690966743797613],[-72.25184930778656,-17.691004421861326],[-72.25089455171467,-17.691383848637404],[-72.24964862926707,-17.69187898697844],[-72.24733758946483,-17.692797410445287],[-72.24633577686956,-17.693195537814642],[-72.24524988382035,-17.693627079347575],[-72.24178460528682,-17.695004205401997],[-72.24180223167878,-17.695034101901204],[-72.2452675101182,-17.693656975358547]]]]}},{"type":"Feature","properties":{"id":null,"group":null,"name":null,"settlement_id":null,"country_id":null,"district_id":null,"status":null,"surface":null,"access":null,"bridge":null,"tunnel":null,"oneway":null,"route_id":null,"alt_name":null,"notes":null},"geometry":{"type":"MultiPolygon","coordinates":[[[[-72.24026278573217,-17.69555157353224],[-72.24024579421798,-17.695521431391573],[-72.23830459588501,-17.69625094886299],[-72.23832158746818,-17.696281091269828],[-72.24026278573217,-17.69555157353224]]]]}},{"type":"Feature","properties":{"id":null,"group":null,"name":null,"settlement_id":null,"country_id":null,"district_id":null,"status":null,"surface":null,"access":null,"bridge":null,"tunnel":null,"oneway":null,"route_id":null,"alt_name":null,"notes":null},"geometry":{"type":"MultiPolygon","coordinates":[[[[-72.24603755873994,-17.695753975427973],[-72.24607278025536,-17.69574632299228],[-72.2448997790925,-17.692582022733543],[-72.24486455767871,-17.692589674627904],[-72.24603755873994,-17.695753975427973]]]]}},{"type":"Feature","properties":{"id":null,"group":null,"name":null,"settlement_id":null,"country_id":null,"district_id":null,"status":null,"surface":null,"access":null,"bridge":null,"tunnel":null,"oneway":null,"route_id":null,"alt_name":null,"notes":null},"geometry":{"type":"MultiPolygon","coordinates":[[[[-72.2509207973859,-17.69140567592572],[-72.25088593243932,-17.691391916463772],[-72.24963703202441,-17.6942831752714],[-72.24967189766994,-17.694296934412836],[-72.2509207973859,-17.69140567592572]]]]}},{"type":"Feature","properties":{"id":null,"group":null,"name":null,"settlement_id":null,"country_id":null,"district_id":null,"status":null,"surface":null,"access":null,"bridge":null,"tunnel":null,"oneway":null,"route_id":null,"alt_name":null,"notes":null},"geometry":{"type":"MultiPolygon","coordinates":[[[[-72.24635094481432,-17.69319570121066],[-72.24633823528661,-17.693225270240973],[-72.24937014342791,-17.694417145159633],[-72.24938285233495,-17.694387576415245],[-72.24635094481432,-17.69319570121066]]]]}},{"type":"Feature","properties":{"id":null,"group":null,"name":null,"settlement_id":null,"country_id":null,"district_id":null,"status":null,"surface":null,"access":null,"bridge":null,"tunnel":null,"oneway":null,"route_id":null,"alt_name":null,"notes":null},"geometry":{"type":"MultiPolygon","coordinates":[[[[-72.24955956249998,-17.694249574884577],[-72.24955919608394,-17.694249574881848],[-72.24955582980554,-17.69424960425866],[-72.24955546533896,-17.694249610617586],[-72.24955210008595,-17.694249698739597],[-72.24955173775838,-17.694249711389396],[-72.24954837455583,-17.694249858229732],[-72.24954801454942,-17.69424987709381],[-72.24954465442183,-17.694250082607777],[-72.2495442969124,-17.694250107604095],[-72.24954094088329,-17.69425037172904],[-72.24954058603879,-17.694250402770667],[-72.24953723513048,-17.694250725426176],[-72.24953688311237,-17.694250762421422],[-72.24953353834543,-17.694251143509224],[-72.24953318930706,-17.694251186362308],[-72.2495298517005,-17.69425162576632],[-72.24952950578852,-17.69425167437757],[-72.24952617635893,-17.694252171963896],[-72.24952583371125,-17.694252226230372],[-72.24952251347277,-17.694252781847506],[-72.24952217422079,-17.694252841663143],[-72.24951886418489,-17.69425345514179],[-72.24951852845197,-17.694253520397965],[-72.24951522962688,-17.69425419155126],[-72.24951489752848,-17.694254262137186],[-72.24951161091909,-17.694254990760722],[-72.24951128256416,-17.69425506656362],[-72.24950800917149,-17.6942558524354],[-72.24950768466036,-17.694255933341275],[-72.2495044254816,-17.69425677622197],[-72.24950410490851,-17.694256862115374],[-72.24950086093645,-17.694257761748208],[-72.24950054438753,-17.69425785251324],[-72.24949731661029,-17.694258808624188],[-72.24949700416565,-17.69425890414414],[-72.24949379356643,-17.69425991644193],[-72.24949348529837,-17.694260016600296],[-72.24949029285519,-17.6942610847766],[-72.24948998882999,-17.694261189456867],[-72.24948681551525,-17.69426231318634],[-72.2494865157932,-17.694262422272217],[-72.24948336257354,-17.6942636012125],[-72.24948306720792,-17.694263714588722],[-72.24947993504381,-17.694264948380713],[-72.24947964408221,-17.694265065932793],[-72.24947653392788,-17.69426635420066],[-72.24947624741264,-17.694266475815116],[-72.2494731602153,-17.694267818166498],[-72.24947287818296,-17.69426794373133],[-72.24946981488308,-17.694269339757277],[-72.24946953736473,-17.69426946916217],[-72.24946649889539,-17.69427091843748],[-72.24946622591786,-17.694271051573477],[-72.24946321320468,-17.694272553656624],[-72.24946294478944,-17.694272690416987],[-72.24945995875001,-17.69427424485046],[-72.24945969491426,-17.694274385130406],[-72.24945673645827,-17.694275991440737],[-72.24945647721553,-17.694276135137322],[-72.24945354724406,-17.694277792835166],[-72.24945329260318,-17.694277939848167],[-72.24945039200875,-17.6942796484286],[-72.24945014197544,-17.69427979865984],[-72.24944727164163,-17.69428155760241],[-72.24944702621804,-17.694281710956147],[-72.2494441870192,-17.694283519725037],[-72.24944394620428,-17.694283676108185],[-72.24944113900517,-17.69428553415246],[-72.24944090279475,-17.694285693474527],[-72.24943812845058,-17.69428760022821],[-72.24943789683851,-17.69428776240089],[-72.2494351561943,-17.694289717283137],[-72.24943492917096,-17.694289882221412],[-72.24943222306155,-17.694291884636783],[-72.24943200061597,-17.6942920522578],[-72.24942932986563,-17.6942941015963],[-72.24942911198426,-17.694294271820176],[-72.2494264774066,-17.694296367457596],[-72.2494262640744,-17.694296540206885],[-72.24942366647193,-17.694298681504847],[-72.24942345767202,-17.694298856705107],[-72.24942089783596,-17.694301043011333],[-72.24942069355018,-17.69430122059063],[-72.24941817226033,-17.694303451239207],[-72.24941797246952,-17.694303631128097],[-72.2494154904938,-17.694305905439503],[-72.24941529517753,-17.69430608757139],[-72.24941285327202,-17.69430840485283],[-72.24941266240876,-17.69430858916389],[-72.24941026131728,-17.69431094870955],[-72.2494100748852,-17.694311135138225],[-72.24940771533922,-17.69431353622935],[-72.24940753331595,-17.694313724716608],[-72.24940521603415,-17.694316166621785],[-72.24940503839679,-17.69431635711122],[-72.249402764085,-17.694318839086637],[-72.24940259081028,-17.694319031524465],[-72.24940036016136,-17.694321552814095],[-72.24940019122627,-17.694321747148482],[-72.24939800491963,-17.694324306984317],[-72.249397840301,-17.694324503165994],[-72.24939569900265,-17.694327100768234],[-72.24939553867745,-17.694327298750327],[-72.24939344303961,-17.694329933327758],[-72.24939328698494,-17.694330133065595],[-72.24939123764601,-17.694332803815726],[-72.24939108583986,-17.694333005266348],[-72.24938908342406,-17.69433571137559],[-72.24938893584442,-17.69433591449865],[-72.24938698096173,-17.694338655142687],[-72.24938683758737,-17.694338859899748],[-72.24938493083322,-17.694341634243813],[-72.24938479164372,-17.694341840598025],[-72.24938293359892,-17.694344647796996],[-72.24938279857449,-17.69434485571382],[-72.24938098980506,-17.69434769491259],[-72.24938085892673,-17.694347904359173],[-72.24937909998364,-17.69435077469289],[-72.24937897323346,-17.69435098563817],[-72.24937726465254,-17.69435388623252],[-72.24937714201381,-17.694354098646667],[-72.24937548431544,-17.694357028618107],[-72.24937536577217,-17.694357242473608],[-72.24937375946133,-17.694360200929605],[-72.2493736449991,-17.69436041619959],[-72.24937209056503,-17.694363402239002],[-72.24937198017005,-17.69436361889934],[-72.24937047808638,-17.69436663161257],[-72.24937037174692,-17.694366849638847],[-72.24936892247106,-17.694369888108216],[-72.24936882017604,-17.694370107478846],[-72.24936742414957,-17.694373170778768],[-72.24936732588982,-17.694373391472137],[-72.24936598353788,-17.694376478669557],[-72.24936588930537,-17.69437670066598],[-72.24936460103689,-17.69437981082047],[-72.24936451082502,-17.69438003410138],[-72.24936327703246,-17.69438316626554],[-72.24936319083652,-17.69438339081252],[-72.24936201189563,-17.69438654403232],[-72.24936192971208,-17.694386769828846],[-72.24936080598204,-17.694389943143726],[-72.24936072780915,-17.69439017017356],[-72.24935965963223,-17.694393362616925],[-72.24935958546992,-17.69439359086459],[-72.24935857317153,-17.694396801464],[-72.24935850302124,-17.69439703091499],[-72.24935754690972,-17.694400258692472],[-72.24935748077486,-17.694400489332253],[-72.2493565811414,-17.694403733304554],[-72.24935651902673,-17.694403965120113],[-72.24935567614544,-17.69440722429912],[-72.24935561805778,-17.69440745727672],[-72.24935483218536,-17.694410730669627],[-72.24935477813312,-17.69441096479696],[-72.24935404950898,-17.694414251406688],[-72.24935399950242,-17.694414486670777],[-72.24935332834853,-17.69441778549617],[-72.24935328239968,-17.694418021884925],[-72.24935266892047,-17.69442133192116],[-72.24935262704324,-17.694421569421873],[-72.24935207142552,-17.694424889660656],[-72.24935203363546,-17.69442512826141],[-72.24935153604854,-17.694428457691384],[-72.24935150236324,-17.694428697379767],[-72.24935106295868,-17.69443203498675],[-72.24935103339746,-17.69443227575002],[-72.24935065230909,-17.694435620517297],[-72.24935062689305,-17.694435862342903],[-72.24935030423697,-17.694439213251663],[-72.24935028298916,-17.6944394561263],[-72.24935001886362,-17.694442812155845],[-72.24935000180882,-17.694443056065865],[-72.24934979629428,-17.694446416193898],[-72.24934978345911,-17.694446661125404],[-72.24934963661825,-17.694450024328393],[-72.24934962803114,-17.694450270266245],[-72.2493495399086,-17.694453635519704],[-72.24934953559975,-17.69445388244855],[-72.2493495062224,-17.694457248727407],[-72.24934950622378,-17.69445749663108],[-72.24934953560062,-17.69446086290996],[-72.24934953994595,-17.694461111770796],[-72.24934962806796,-17.69446447702427],[-72.24934963679272,-17.694464726824123],[-72.24934978363306,-17.6944680900271],[-72.24934979677437,-17.69446834074665],[-72.24935000228835,-17.694471700874676],[-72.24935001988494,-17.694471952492755],[-72.24935028400994,-17.694475308522314],[-72.2493503061022,-17.694475561017438],[-72.2493506287578,-17.694478911926225],[-72.24935065538763,-17.694479165274025],[-72.24935103647549,-17.69448251004134],[-72.24935106768635,-17.694482764217142],[-72.2493515070904,-17.69448610182414],[-72.24935154292713,-17.694486356801033],[-72.24935204051359,-17.694489686231023],[-72.24935208102241,-17.694489941980112],[-72.24935263663961,-17.694493262218955],[-72.24935268186815,-17.694493518709894],[-72.24935329534689,-17.69449682874616],[-72.24935334534379,-17.69449708594585],[-72.24935401649716,-17.69450038477132],[-72.24935407131248,-17.694500642645632],[-72.24935479993616,-17.694503929255408],[-72.24935485962062,-17.694504187766334],[-72.24935564549257,-17.694507461159304],[-72.24935571009814,-17.694507720267556],[-72.24935655297892,-17.694510979446626],[-72.24935662255837,-17.69451123911055],[-72.24935752219135,-17.69451448308292],[-72.24935759679792,-17.6945147432572],[-72.24935855290897,-17.694517971034706],[-72.24935863259675,-17.694518231672163],[-72.24935964489471,-17.694521442271657],[-72.24935972971801,-17.694521703321787],[-72.24936079789452,-17.69452489576521],[-72.249360887908,-17.694525157174365],[-72.24936201163759,-17.69452833048934],[-72.24936210689613,-17.694528592201262],[-72.2493632858366,-17.694531745421138],[-72.24936338639485,-17.694532007375813],[-72.24936462018698,-17.69453513954006],[-72.24936472609964,-17.694535401674738],[-72.24936601436774,-17.69453851182932],[-72.24936612568864,-17.69453877407682],[-72.2493674680402,-17.69454186127431],[-72.24936758482302,-17.69454212356484],[-72.24936898084914,-17.694545186864875],[-72.24936910314662,-17.694545449124885],[-72.24937055242215,-17.69454848759434],[-72.24937068028558,-17.69454874974561],[-72.24937218236892,-17.694551762458932],[-72.24937231584904,-17.694552024420886],[-72.24937387028277,-17.694555010460395],[-72.24937400942792,-17.694555272147046],[-72.24937561573844,-17.694558230603157],[-72.249375760596,-17.694558491925804],[-72.24937741829407,-17.694561421897333],[-72.24937756890863,-17.694561682762277],[-72.24937927748928,-17.694564583356744],[-72.24937943390371,-17.694564843667063],[-72.24938119284647,-17.694567714000854],[-72.2493813551006,-17.694567973654888],[-72.24938316386974,-17.694570812853765],[-72.24938333200075,-17.694571071746083],[-72.24938519004523,-17.69457387894516],[-72.24938536408695,-17.694574136965958],[-72.24938727084087,-17.69457691131012],[-72.24938745082353,-17.694577168345532],[-72.24938940570603,-17.69457990898969],[-72.24938959165635,-17.694580164921998],[-72.24939159407195,-17.694582871031333],[-72.24939178601205,-17.694583125738227],[-72.2493938353508,-17.69458579648844],[-72.24939403329893,-17.694586049844386],[-72.24939612893658,-17.694588684421923],[-72.2493963329055,-17.694588936296594],[-72.24939847420374,-17.694591533898954],[-72.24939868420147,-17.694591784158646],[-72.24940087050796,-17.694594343994574],[-72.2494010865371,-17.694594592501936],[-72.24940331718588,-17.694597113791676],[-72.24940353924336,-17.69459736040586],[-72.24940581355501,-17.69459984238138],[-72.24940604163089,-17.694600086957347],[-72.24940835891258,-17.694602528862642],[-72.24940859299167,-17.694602771253333],[-72.24941095253759,-17.694605172344573],[-72.24941119259734,-17.69460541239913],[-72.24941359368873,-17.69460777194489],[-72.24941383969926,-17.69460800950945],[-72.24941628160468,-17.69461032679104],[-72.24941653352977,-17.694610561710125],[-72.24941901550542,-17.694612836021587],[-72.24941927330046,-17.69461306813655],[-72.24942179459035,-17.694615298785237],[-72.24942205820346,-17.694615527936055],[-72.24942461803947,-17.694617714242373],[-72.24942488741071,-17.69461794026726],[-72.2494274850132,-17.694620081565308],[-72.24942776007403,-17.69462030430089],[-72.24943039465171,-17.6946223999384],[-72.24943067532571,-17.69462261922085],[-72.24943334607603,-17.694624668559467],[-72.24943363227803,-17.69462488422419],[-72.2494363383875,-17.694626886639632],[-72.24943663002362,-17.694627098521924],[-72.2494393706679,-17.694629053404263],[-72.2494396676357,-17.694629261339752],[-72.24944244197992,-17.694631168093526],[-72.2494427441686,-17.694631371918952],[-72.24944555136784,-17.694633229963312],[-72.24944585865641,-17.694633429515605],[-72.24944869785539,-17.6946352382846],[-72.24944901011578,-17.69463543340351],[-72.24945188044971,-17.69463719234618],[-72.24945219754433,-17.69463738287297],[-72.24945509813888,-17.694639091453503],[-72.24945541992182,-17.694639277232284],[-72.24945834989349,-17.694640934930202],[-72.24945867620967,-17.694641115807727],[-72.24946163466583,-17.69464272211814],[-72.24946196535323,-17.694642897945428],[-72.24946495139285,-17.694644452379006],[-72.24946528628021,-17.694644623010525],[-72.24946829899362,-17.694646125093776],[-72.24946863790285,-17.694646290388942],[-72.24947167637238,-17.69464773966431],[-72.24947201911728,-17.69464789948715],[-72.24947508241738,-17.694649295513162],[-72.24947542880489,-17.694649449733312],[-72.24947851600245,-17.694650792084765],[-72.24947886583335,-17.694650940577848],[-72.24948197598799,-17.69465222884578],[-72.24948232905558,-17.69465237149324],[-72.2494854612199,-17.694653605285307],[-72.24948581731309,-17.69465374197577],[-72.24948897053301,-17.694654920916108],[-72.24948932943424,-17.69465505154474],[-72.24949250274929,-17.694656175274257],[-72.24949286423707,-17.69465629974396],[-72.24949605668057,-17.694657367920332],[-72.24949642052835,-17.694657486141313],[-72.2494996311278,-17.69465849843917],[-72.24949999710623,-17.694658610329864],[-72.24950322488377,-17.69465956644086],[-72.24950359275981,-17.694659671927695],[-72.24950683673221,-17.694660571560565],[-72.2495072062704,-17.694660670578283],[-72.24951046544945,-17.69466151345903],[-72.24951083641294,-17.694661605951065],[-72.24951410980592,-17.69466239182288],[-72.2495144819557,-17.69466247774107],[-72.24951776856548,-17.694663206364623],[-72.24951814166286,-17.694663285669744],[-72.2495214404883,-17.69466395682309],[-72.24952181429428,-17.6946640294846],[-72.24952512433053,-17.69466464296329],[-72.24952549860646,-17.694664708959387],[-72.24952881884529,-17.694665264576535],[-72.24952919335432,-17.694665323894295],[-72.24953252278424,-17.694665821480626],[-72.2495328972905,-17.69466587411558],[-72.24953623489746,-17.694666313519594],[-72.24953660916871,-17.69466635947602],[-72.249539953936,-17.69466674056382],[-72.24954032774173,-17.694666779854206],[-72.24954367865044,-17.69466710250976],[-72.24954405176473,-17.69466713515502],[-72.24954740779425,-17.69466739927999],[-72.2495477799943,-17.694667425308882],[-72.24955114012224,-17.69466763082283],[-72.2495515111905,-17.69466765027196],[-72.24955487439338,-17.69466779711231],[-72.2495552441166,-17.69466781002574],[-72.24955860937003,-17.694667898147742],[-72.24955897754121,-17.694667904576747],[-72.24956234381995,-17.694667933953554],[-72.2495627102371,-17.69466793395622],[-72.24956607651588,-17.694667904578868],[-72.24956644098303,-17.694667898219866],[-72.2495698062364,-17.69466781009736],[-72.24957016856517,-17.694667797447476],[-72.24957353176804,-17.69466765060661],[-72.24957389177547,-17.694667631742405],[-72.24957725190332,-17.694667426227916],[-72.24957760941376,-17.694667401231463],[-72.24958096544319,-17.694667137105956],[-72.2495813202884,-17.694667106064234],[-72.24958467119701,-17.69466678340819],[-72.24958502321613,-17.69466674641279],[-72.2495883679833,-17.69466636532443],[-72.24958871702229,-17.69466632247122],[-72.24959205462906,-17.69466588306671],[-72.24959240054213,-17.694665834455257],[-72.24959572997193,-17.694665336868383],[-72.2495960726202,-17.694665282601754],[-72.24959939285884,-17.69466472698412],[-72.24959973211166,-17.694664667168286],[-72.24960304214771,-17.694664053689117],[-72.24960337788137,-17.694663988432758],[-72.24960667670659,-17.69466331727894],[-72.24960700880557,-17.694663246692837],[-72.2496102954151,-17.69466251806883],[-72.24961062377089,-17.694662442265678],[-72.24961389716361,-17.69466165639337],[-72.24961422167524,-17.694661575487338],[-72.24961748085403,-17.694660732606152],[-72.2496178014278,-17.69466064671251],[-72.24962104539992,-17.69465974707919],[-72.24962136194922,-17.69465965631401],[-72.24962458972645,-17.6946587002026],[-72.24962490217185,-17.694658604682378],[-72.249628112771,-17.6946575923841],[-72.24962842103946,-17.69465749222554],[-72.24963161348262,-17.69465642404879],[-72.24963191750824,-17.694656319368335],[-72.24963509082286,-17.694655195638404],[-72.24963539054527,-17.694655086552363],[-72.24963854376482,-17.694653907611656],[-72.24963883913101,-17.694653794235194],[-72.24964197129495,-17.694652560442762],[-72.24964226225666,-17.694652442890586],[-72.24964537241088,-17.69465115462229],[-72.24964565892654,-17.694651033007617],[-72.24964874612367,-17.694649690655847],[-72.24964902815627,-17.69464956509086],[-72.24965209145597,-17.694648169064518],[-72.24965236897441,-17.69464803965953],[-72.24965540744348,-17.694646590383883],[-72.24965568042128,-17.694646457247696],[-72.24965869313426,-17.69464495516418],[-72.24965896154957,-17.694644818403717],[-72.2496619475887,-17.694643263969915],[-72.2496622114246,-17.694643123689865],[-72.24966516988033,-17.69464151737918],[-72.24966542912321,-17.694641373682476],[-72.24966835909431,-17.694639715984305],[-72.24966861373514,-17.69463956897131],[-72.24967151432925,-17.69463786039059],[-72.24967176436263,-17.694637710159288],[-72.24967463469605,-17.694635951216448],[-72.24967488011963,-17.694635797862652],[-72.2496777193181,-17.694633989093504],[-72.24967796013301,-17.69463383271033],[-72.24968076733171,-17.694631974665807],[-72.24968100354194,-17.694631815343804],[-72.24968377788568,-17.694629908589896],[-72.24968400949786,-17.694629746417128],[-72.2496867501416,-17.69462779153465],[-72.24968697716461,-17.694627626596535],[-72.2496896832736,-17.694625624180983],[-72.2496899057192,-17.694625456559933],[-72.249692576469,-17.694623407221243],[-72.24969279435021,-17.69462323699749],[-72.24969542892734,-17.694621141359924],[-72.2496956422594,-17.69462096861068],[-72.24969823986137,-17.694618827312585],[-72.24969844866104,-17.694618652112446],[-72.24970100849656,-17.694616465806096],[-72.24970121278199,-17.69461628822703],[-72.24970373407135,-17.69461405757837],[-72.24970393386198,-17.694613877689576],[-72.24970641583711,-17.694611603378096],[-72.24970661115327,-17.69461142124631],[-72.24970905305815,-17.69460910396478],[-72.24970924392117,-17.694608919653923],[-72.249711645012,-17.694606560108216],[-72.24971183144378,-17.694606373679804],[-72.24971419098914,-17.694603972588634],[-72.24971437301214,-17.694603784101652],[-72.24971669029333,-17.69460134219644],[-72.24971686793043,-17.694601151707225],[-72.24971914224156,-17.694598669731842],[-72.24971931551605,-17.694598477294196],[-72.24972154616432,-17.694595956004587],[-72.24972171509901,-17.694595761670612],[-72.249723901405,-17.694593201834845],[-72.24972406602345,-17.69459300565331],[-72.2497262073211,-17.69459040805112],[-72.24972636764609,-17.69459021006927],[-72.24972846328323,-17.69458757549189],[-72.24972861933742,-17.69458737575457],[-72.2497306686757,-17.694584705004573],[-72.24973082048164,-17.694584503554115],[-72.24973282289672,-17.694581797445007],[-72.249732970476,-17.694581594322358],[-72.24973492535804,-17.69457885367842],[-72.24973506873215,-17.69457864892169],[-72.24973697548556,-17.69457587457778],[-72.24973711467472,-17.694575668224005],[-72.24973897271877,-17.694572861025218],[-72.24973910774301,-17.69457265310864],[-72.24974091651173,-17.694569813910032],[-72.24974104738982,-17.694569604463766],[-72.24974280633212,-17.694566734130262],[-72.24974293308186,-17.694566523185635],[-72.24974464166209,-17.694563622591502],[-72.24974476430062,-17.694563410177633],[-72.2497464219983,-17.69456048020643],[-72.24974654054128,-17.69456026635132],[-72.24974814685139,-17.694557307895586],[-72.24974826131341,-17.694557092625875],[-72.24974981574671,-17.694554106586743],[-72.2497499261414,-17.694553889926915],[-72.24975142822436,-17.69455087721395],[-72.24975153456363,-17.69455065918792],[-72.24975298383872,-17.69454762071888],[-72.24975308613342,-17.694547401348807],[-72.24975448215918,-17.694544338049194],[-72.24975458041872,-17.694544117356177],[-72.24975592276992,-17.694541030159115],[-72.2497560170023,-17.694540808162934],[-72.24975730527002,-17.694537698008787],[-72.24975739548162,-17.694537474728424],[-72.24975862927346,-17.694534342564626],[-72.24975871546927,-17.69453411801791],[-72.2497598944094,-17.69453096479849],[-72.24975997659276,-17.694530739002335],[-72.24976110032206,-17.694527565687853],[-72.2497611784948,-17.69452733865838],[-72.24976224667095,-17.694524146215425],[-72.2497623208331,-17.694523917968183],[-72.24976333313077,-17.694520707369172],[-72.24976340328094,-17.69452047791847],[-72.24976435939173,-17.694517250141455],[-72.24976442552645,-17.694517019502026],[-72.24976532515922,-17.69451377553017],[-72.24976538727377,-17.694513543714912],[-72.24976623015435,-17.694510284536367],[-72.2497662882419,-17.694510051558904],[-72.24976707411362,-17.69450677816645],[-72.24976712816574,-17.69450654403955],[-72.24976785678918,-17.694503257430316],[-72.24976790679564,-17.694503022166444],[-72.24976857794887,-17.694499723341544],[-72.24976862389761,-17.69449948695321],[-72.24976923737616,-17.69449617691746],[-72.24976927925334,-17.694495939416843],[-72.2497698348704,-17.694492619178547],[-72.24976987266037,-17.694492380578012],[-72.24977037024665,-17.69448905114857],[-72.24977040393188,-17.694488811460364],[-72.2497708433358,-17.694485473853934],[-72.24977087289693,-17.6944852330909],[-72.24977125398472,-17.694481888324155],[-72.24977127940068,-17.69448164649872],[-72.24977160205617,-17.694478295590496],[-72.24977162330393,-17.694478052715958],[-72.24977188742885,-17.69447469668696],[-72.24977190448362,-17.694474452776962],[-72.24977210999755,-17.69447109264948],[-72.2497721228327,-17.694470847718243],[-72.24977226967299,-17.694467484515833],[-72.24977227826007,-17.69446723857797],[-72.24977236638203,-17.694463873325084],[-72.24977237069088,-17.69446362639634],[-72.2497724000677,-17.69446026011804],[-72.24977240006628,-17.694460012214183],[-72.24977237068889,-17.694456645935915],[-72.2497723663435,-17.694456397075236],[-72.249772278221,-17.694453031822356],[-72.24977226949622,-17.69445278202231],[-72.24977212265537,-17.694449418819886],[-72.24977210951403,-17.694449168100554],[-72.2497719039996,-17.694445807973107],[-72.249771886403,-17.69444555635472],[-72.24977162227752,-17.694442200325756],[-72.24977160018523,-17.69444194783073],[-72.24977127752922,-17.69443859692253],[-72.24977125089931,-17.694438343574433],[-72.24977086981102,-17.694434998807722],[-72.24977083860013,-17.69443474463191],[-72.24977039919571,-17.694431407025505],[-72.24977036335889,-17.694431152048264],[-72.24976986577208,-17.694427822618884],[-72.24976982526319,-17.694427566869656],[-72.24976926964564,-17.694424246631417],[-72.24976922441702,-17.694423990140184],[-72.24976861093793,-17.694420680104518],[-72.24976856094095,-17.694420422904553],[-72.24976788978726,-17.69441712407969],[-72.24976783497192,-17.69441686620527],[-72.249767106348,-17.69441357959608],[-72.24976704666338,-17.694413321084763],[-72.24976626079118,-17.694410047692394],[-72.2497661961855,-17.694409788583723],[-72.24976535330447,-17.69440652940523],[-72.24976528372488,-17.69440626974089],[-72.24976438409163,-17.694403025769105],[-72.24976430948499,-17.69440276559464],[-72.24976335337372,-17.69439953781768],[-72.2497632736858,-17.69439927717974],[-72.24976226138769,-17.694396066580843],[-72.24976217656422,-17.694395805530316],[-72.24976110838759,-17.694392613087434],[-72.24976101837395,-17.694392351677955],[-72.24975989464424,-17.69438917836352],[-72.2497597993855,-17.694388916651047],[-72.24975862044495,-17.69438576343171],[-72.24975851988647,-17.694385501476567],[-72.24975728609424,-17.694382369312848],[-72.24975718018145,-17.69438210717788],[-72.24975589191332,-17.694378997023822],[-72.24975578059214,-17.694378734775732],[-72.24975443824057,-17.69437564757876],[-72.24975432145743,-17.694375385287554],[-72.24975292543128,-17.694372321988027],[-72.24975280313367,-17.694372059727833],[-72.24975135385823,-17.694369021258872],[-72.2497512259944,-17.69436875910686],[-72.24974972391111,-17.694365746394006],[-72.2497495904307,-17.69436548443153],[-72.24974803599703,-17.694362498392493],[-72.2497478968516,-17.694362236705377],[-72.2497462905412,-17.69435927824975],[-72.24974614568337,-17.694359016926644],[-72.24974448798544,-17.694356086955523],[-72.24974433737042,-17.694355826089847],[-72.24974262878989,-17.69435292549583],[-72.24974247237522,-17.694352665185114],[-72.24974071343263,-17.694349794851714],[-72.24974055117808,-17.69434953519703],[-72.24973874240912,-17.694346695998554],[-72.24973857427783,-17.69434643710584],[-72.24973671623353,-17.69434362990714],[-72.24973654219151,-17.694343371885832],[-72.24973463543782,-17.69434059754203],[-72.24973445545479,-17.69434034050609],[-72.24973250057256,-17.694337599862276],[-72.24973231462181,-17.694337343929377],[-72.2497303122065,-17.694334637820393],[-72.24973012026597,-17.69433438311297],[-72.24972807092757,-17.694331712363077],[-72.2497278729791,-17.69433145900671],[-72.24972577734174,-17.694328824429462],[-72.24972557337247,-17.694328572554344],[-72.24972343207465,-17.69432597495228],[-72.2497232220764,-17.69432572469197],[-72.24972103577025,-17.6943231648563],[-72.24972081974073,-17.694322916348476],[-72.24971858909231,-17.69432039505899],[-72.24971836703459,-17.694320148444497],[-72.24971609272335,-17.69431766646919],[-72.24971586464693,-17.69431742189267],[-72.24971354736567,-17.69431497998757],[-72.24971331328616,-17.694314737596443],[-72.24971095374066,-17.694312336505398],[-72.24971071368084,-17.69431209645075],[-72.24970831258997,-17.694309736905147],[-72.24970806657886,-17.694309499339997],[-72.24970562467388,-17.694307182058544],[-72.24970537274855,-17.694306947139214],[-72.24970289077336,-17.694304672827833],[-72.24970263297801,-17.694304440712585],[-72.24970011168867,-17.69430221006401],[-72.24969984807521,-17.694301980912858],[-72.24969728823967,-17.69429979460659],[-72.24969701886833,-17.69429956858159],[-72.24969442126638,-17.694297427283594],[-72.24969414620509,-17.694297204547578],[-72.24969151162793,-17.69429510891012],[-72.24969123095393,-17.694294889627624],[-72.24968856020419,-17.69429284028904],[-72.24968827400195,-17.694292624624094],[-72.24968556789307,-17.694290622208648],[-72.2496852762566,-17.69429041032607],[-72.24968253561288,-17.69428845544371],[-72.24968223864514,-17.694288247508204],[-72.24967946430147,-17.694286340754353],[-72.24967916211284,-17.694286136928937],[-72.24967635491427,-17.69428427888448],[-72.24967604762543,-17.694284079331986],[-72.24967320842705,-17.694282270562915],[-72.24967289616657,-17.69428207544389],[-72.24967002583324,-17.69428031650115],[-72.24966970873862,-17.69428012597429],[-72.24966680814468,-17.69427841739365],[-72.24966648636205,-17.69427823161498],[-72.24966355639104,-17.694276573916913],[-72.2496632300748,-17.694276393039296],[-72.24966027161925,-17.694274786728737],[-72.24965994093203,-17.694274610901466],[-72.24965695489307,-17.694273056467733],[-72.24965662000591,-17.694272885836238],[-72.24965360729315,-17.6942713837528],[-72.24965326838411,-17.694271218457658],[-72.24965022991523,-17.694269769182085],[-72.24964988717068,-17.69426960935933],[-72.24964682387123,-17.694268213333086],[-72.24964647748402,-17.694268059113018],[-72.2496433902871,-17.694266716761323],[-72.24964304045666,-17.69426656826836],[-72.24963993030265,-17.69426528000011],[-72.24963957723527,-17.694265137352705],[-72.2496364450716,-17.694263903560355],[-72.24963608897907,-17.69426376687008],[-72.24963293575978,-17.694262587929423],[-72.24963257685901,-17.694262457300876],[-72.24962940354463,-17.694261333571056],[-72.24962904205739,-17.694261209101477],[-72.24962584961456,-17.69426014092476],[-72.24962548576737,-17.694260022703908],[-72.24962227516845,-17.694259010405688],[-72.24962190919067,-17.69425889851512],[-72.24961868141375,-17.694257942403762],[-72.24961831353848,-17.69425783691708],[-72.24961506956666,-17.694256937283818],[-72.24961470002923,-17.694256838266224],[-72.24961144085076,-17.694255995385088],[-72.249611069888,-17.69425590289317],[-72.24960779649561,-17.69425511702093],[-72.2496074243466,-17.694255031102866],[-72.24960413773744,-17.69425430247887],[-72.24960376464102,-17.694254223173903],[-72.24960046581617,-17.694253552020097],[-72.24960009201094,-17.694253479358668],[-72.24959678197526,-17.69425286587954],[-72.24959640770017,-17.69425279988352],[-72.24959308746189,-17.69425224426589],[-72.24959271295383,-17.694252184948247],[-72.24958938352437,-17.694251687361408],[-72.24958900901905,-17.694251634726548],[-72.24958567141262,-17.694251195322032],[-72.24958529714227,-17.694251149365684],[-72.24958195237546,-17.694250768277367],[-72.24958157857064,-17.694250728987008],[-72.24957822766241,-17.69425040633098],[-72.24957785454923,-17.69425037368575],[-72.24957449852018,-17.69425010956026],[-72.24957412632095,-17.69425008353139],[-72.24957076619346,-17.694249878016915],[-72.2495703951264,-17.694249858567783],[-72.2495670319239,-17.69424971172692],[-72.24956666220154,-17.69424969881347],[-72.24956329694855,-17.69424961069093],[-72.24956292877836,-17.6942496042619],[-72.24955956249998,-17.694249574884577]],[[-72.24956252715289,-17.69428216885983],[-72.24956552610334,-17.694282195031047],[-72.2495685223744,-17.694282273490938],[-72.24957151514592,-17.694282404157935],[-72.24957450360381,-17.694282586939593],[-72.24957748693932,-17.694282821732944],[-72.24958046435111,-17.69428310842485],[-72.24958343504221,-17.694283446892104],[-72.2495863982226,-17.694283837001976],[-72.2495893531066,-17.694284278612095],[-72.24959229891482,-17.694284771571077],[-72.24959523487169,-17.694285315718275],[-72.24959816020701,-17.694285910884243],[-72.24960107415484,-17.694286556890678],[-72.24960397595281,-17.694287253550467],[-72.24960686484297,-17.694288000668017],[-72.24960974007018,-17.694288798038844],[-72.24961260088313,-17.694289645450006],[-72.2496154465324,-17.69429054267953],[-72.24961827627152,-17.694291489496724],[-72.24962108935559,-17.6942924856618],[-72.24962388504316,-17.694293530926327],[-72.24962666259201,-17.694294625031674],[-72.24962942126335,-17.694295767710482],[-72.24963216031834,-17.69429695868527],[-72.24963487901994,-17.69429819766875],[-72.24963757663096,-17.69429948436295],[-72.2496402524154,-17.694300818459638],[-72.24964290563793,-17.69430219963964],[-72.24964553556383,-17.694303627572666],[-72.24964814145856,-17.694305101916743],[-72.24965072258796,-17.694306622317914],[-72.2496532782191,-17.694308188410478],[-72.24965580761945,-17.69430979981602],[-72.24965831005697,-17.69431145614305],[-72.2496607848013,-17.694313156987565],[-72.24966323112308,-17.69431490193172],[-72.24966564829398,-17.694316690543893],[-72.24966803558812,-17.694318522378946],[-72.24967039228156,-17.69432039697734],[-72.24967271765169,-17.694322313864383],[-72.24967501098119,-17.694324272552667],[-72.24967727155297,-17.69432627253749],[-72.24967949865625,-17.69432831330149],[-72.24968169158225,-17.694330394310455],[-72.24968384962825,-17.694332515016242],[-72.24968597209528,-17.694334674854236],[-72.24968805829134,-17.694336873246097],[-72.2496901075287,-17.69433910959612],[-72.24969211912777,-17.694341383295175],[-72.24969409241534,-17.694343693717975],[-72.24969602672572,-17.69434604022405],[-72.2496979214008,-17.69434842215705],[-72.24969977579217,-17.69435083884692],[-72.24970158926071,-17.694353289608955],[-72.2497033611748,-17.69435577374089],[-72.24970509091571,-17.694358290529607],[-72.24970677787354,-17.69436083924489],[-72.24970842145078,-17.69436341914436],[-72.2497100210601,-17.694366029469624],[-72.2497115761277,-17.694368669450604],[-72.24971308609163,-17.694371338302915],[-72.24971455040344,-17.694374035229917],[-72.24971596852735,-17.694376759420717],[-72.24971733994222,-17.694379510053583],[-72.2497186641409,-17.694382286294104],[-72.24971994063085,-17.694385087295892],[-72.24972116893484,-17.69438791220198],[-72.24972234859062,-17.6943907601432],[-72.24972347915225,-17.694393630241493],[-72.24972456018958,-17.694396521607466],[-72.24972559128823,-17.69439943334067],[-72.24972657205197,-17.694402364534884],[-72.24972750209992,-17.694405314270643],[-72.24972838106962,-17.694408281623215],[-72.24972920861542,-17.69441126565747],[-72.24972998440965,-17.69441426543193],[-72.24973070814247,-17.694417279996877],[-72.24973137952239,-17.694420308396843],[-72.24973199827573,-17.694423349667748],[-72.24973256414793,-17.694426402841938],[-72.24973307690254,-17.694429466943873],[-72.24973353632231,-17.694432540994647],[-72.24973394220866,-17.694435624009497],[-72.24973429438224,-17.694438714998864],[-72.24973459268281,-17.694441812971192],[-72.24973483696938,-17.69444491692909],[-72.24973502712028,-17.694448025873395],[-72.24973516303348,-17.694451138802027],[-72.24973524462617,-17.69445425471069],[-72.2497352718353,-17.69445737259319],[-72.24973524461726,-17.694460491442225],[-72.24973516294821,-17.694463610247855],[-72.2497350268238,-17.694466728003263],[-72.24973483625962,-17.694469843696645],[-72.24973459129052,-17.69447295632073],[-72.24973429197131,-17.69447606486664],[-72.24973393837658,-17.694479168325635],[-72.24973353059995,-17.694482265694592],[-72.24973306875539,-17.694485355966954],[-72.24973255297586,-17.69448843814229],[-72.24973198341418,-17.69449151122067],[-72.2497313602422,-17.69449457420745],[-72.24973068365166,-17.694497626108987],[-72.24972995385328,-17.69450066593691],[-72.2497291710771,-17.69450369270675],[-72.24972833557223,-17.694506705438936],[-72.24972744760704,-17.694509703158282],[-72.24972650746857,-17.694512684895702],[-72.2497255154627,-17.694515649687908],[-72.24972447191429,-17.69451859657689],[-72.24972337716646,-17.694521524612256],[-72.24972223158086,-17.69452443284996],[-72.24972103553782,-17.694527320352712],[-72.24971978943503,-17.694530186192292],[-72.24971849368887,-17.69453302944711],[-72.24971714873335,-17.69453584920446],[-72.24971575501945,-17.694538644561558],[-72.2497143130168,-17.694541414622265],[-72.24971282321158,-17.694544158501625],[-72.24971128610667,-17.69454687532486],[-72.24970970222306,-17.69454956422512],[-72.24970807209687,-17.694552224348893],[-72.24970639628168,-17.694554854851376],[-72.24970467534622,-17.69455745490075],[-72.24970290987709,-17.69456002367394],[-72.24970110047398,-17.694562560363096],[-72.2496992477541,-17.694565064169954],[-72.24969735234835,-17.694567534310433],[-72.2496954149034,-17.69456997001224],[-72.24969343608008,-17.694572370516532],[-72.24969141655342,-17.694574735078096],[-72.24968935701268,-17.694577062965106],[-72.2496872581606,-17.694579353459865],[-72.24968512071275,-17.69458160585962],[-72.24968294539848,-17.694583819475206],[-72.24968073295852,-17.69458599363362],[-72.2496784841472,-17.6945881276756],[-72.24967619972986,-17.69459022095815],[-72.24967388048293,-17.694592272854205],[-72.24967152719505,-17.694594282751662],[-72.24966914066412,-17.694596250055667],[-72.24966672169906,-17.69459817418713],[-72.24966427111842,-17.694600054583564],[-72.24966178975045,-17.694601890698976],[-72.24965927843094,-17.69460368200558],[-72.24965673800577,-17.694605427991174],[-72.24965416932719,-17.69460712816219],[-72.24965157325626,-17.69460878204153],[-72.24964895066013,-17.694610389170283],[-72.24964630241237,-17.694611949107184],[-72.24964362939332,-17.69461346142839],[-72.24964093248741,-17.6946149257286],[-72.24963821258507,-17.69461634161989],[-72.24963547058051,-17.694617708732743],[-72.24963270737238,-17.694619026715177],[-72.24962992386153,-17.694620295233943],[-72.24962712095285,-17.694621513973097],[-72.24962429955197,-17.694622682635405],[-72.24962146056794,-17.69462380094075],[-72.24961860490917,-17.69462486862758],[-72.24961573348597,-17.694625885451675],[-72.24961284720821,-17.694626851186484],[-72.24960994698523,-17.69462776562307],[-72.24960703372544,-17.6946286285697],[-72.24960410833627,-17.69462943985171],[-72.24960117172188,-17.694630199311625],[-72.24959822478611,-17.69463090680808],[-72.24959526842798,-17.694631562216692],[-72.24959230354396,-17.694632165428935],[-72.249589331027,-17.694632716352178],[-72.24958635176591,-17.694633214909267],[-72.24958336664471,-17.69463366103839],[-72.24958037654268,-17.69463405469256],[-72.24957738233432,-17.694634395839305],[-72.24957438488855,-17.694634684460283],[-72.24957138506865,-17.694634920550996],[-72.24956838373213,-17.694635104120376],[-72.24956538173052,-17.694635235190365],[-72.24956237990921,-17.694635313795562],[-72.24955937910747,-17.694635339982955],[-72.24955638015851,-17.69463531381126],[-72.24955338388858,-17.694635235350948],[-72.24955039111835,-17.69463510468355],[-72.24954740266199,-17.694634921901482],[-72.24954441932773,-17.69463468710775],[-72.24954144191734,-17.69463440041549],[-72.24953847122751,-17.69463406194791],[-72.24953550804854,-17.694633671837728],[-72.2495325531655,-17.694633230227257],[-72.24952960735897,-17.694632737268073],[-72.24952667140325,-17.694632193120594],[-72.24952374606913,-17.694631597954398],[-72.24952083212281,-17.694630951947786],[-72.24951793032615,-17.694630255287827],[-72.24951504143698,-17.694629508170028],[-72.24951216621093,-17.694628710799034],[-72.24950930539922,-17.694627863387733],[-72.24950645975089,-17.69462696615801],[-72.24950363001317,-17.69462601934077],[-72.24950081692973,-17.694625023175437],[-72.24949802124351,-17.69462397791095],[-72.24949524369545,-17.694622883805422],[-72.24949248502493,-17.69462174112647],[-72.24948974597093,-17.69462055015163],[-72.24948702727,-17.69461931116799],[-72.2494843296599,-17.69461802447374],[-72.24948165387622,-17.69461669037698],[-72.24947900065432,-17.694615309196852],[-72.24947637072873,-17.694613881263543],[-72.24947376483487,-17.694612406919536],[-72.2494711837061,-17.694610886518277],[-72.24946862807515,-17.694609320425364],[-72.24946609867538,-17.69460770901979],[-72.24946359623836,-17.694606052692677],[-72.24946112149415,-17.694604351847882],[-72.249458675173,-17.694602606903757],[-72.2494562580022,-17.69460081829127],[-72.24945387070797,-17.694598986455812],[-72.24945151401545,-17.694597111857757],[-72.24944918864483,-17.694595194969992],[-72.24944689531596,-17.694593236281932],[-72.24944463474385,-17.69459123629651],[-72.24944240764079,-17.694589195532405],[-72.24944021471484,-17.694587114523234],[-72.24943805666895,-17.694584993817358],[-72.24943593420186,-17.694582833979005],[-72.24943384800595,-17.694580635587105],[-72.24943179876827,-17.694578399236548],[-72.24942978716912,-17.694576125537207],[-72.24942781388143,-17.694573815114072],[-72.24942587957126,-17.69457146860819],[-72.24942398489577,-17.69456908667463],[-72.24942213050406,-17.694566669984216],[-72.24942031703603,-17.694564219222833],[-72.24941854512105,-17.694561735089664],[-72.24941681538033,-17.694559218301272],[-72.2494151284222,-17.694556669585644],[-72.24941348484485,-17.694554089685994],[-72.24941188523547,-17.694551479360783],[-72.2494103301675,-17.694548839379312],[-72.24940882020321,-17.694546170526635],[-72.24940735589136,-17.694543473599786],[-72.24940593776729,-17.69454074940897],[-72.24940456635214,-17.694537998775875],[-72.24940324215305,-17.69453522253499],[-72.24940196566298,-17.694532421533335],[-72.24940073735868,-17.694529596627085],[-72.24939955770255,-17.69452674868561],[-72.2493984271408,-17.694523878587734],[-72.24939734610328,-17.694520987221903],[-72.24939631500416,-17.694518075488116],[-72.24939533424025,-17.694515144294357],[-72.24939440419195,-17.694512194558495],[-72.24939352522203,-17.69450922720627],[-72.24939269767593,-17.694506243172125],[-72.24939192188134,-17.694503243397648],[-72.24939119814809,-17.69450022883251],[-72.24939052676791,-17.69449720043312],[-72.24938990801427,-17.69449415916263],[-72.24938934214171,-17.69449110598865],[-72.24938882938665,-17.69448804188651],[-72.24938836996658,-17.69448496783641],[-72.24938796407984,-17.694481884822082],[-72.24938761190585,-17.694478793832545],[-72.24938731360484,-17.694475695860902],[-72.24938706931792,-17.694472591903732],[-72.24938687916651,-17.694469482959708],[-72.24938674325293,-17.694466370031513],[-72.24938666165976,-17.69446325412298],[-72.24938663445015,-17.694460136241236],[-72.2493866616677,-17.69445701739317],[-72.24938674333625,-17.69445389858696],[-72.24938687946006,-17.694450780832884],[-72.24938707002376,-17.694447665139897],[-72.24938731499228,-17.6944445525164],[-72.24938761431086,-17.694441443971616],[-72.24938796790512,-17.694438340512548],[-72.24938837568105,-17.694435243144795],[-72.24938883752505,-17.69443215287261],[-72.24938935330388,-17.694429070698188],[-72.24938992286496,-17.694425997620026],[-72.24939054603617,-17.694422934634375],[-72.24939122262597,-17.694419882733822],[-72.24939195242378,-17.694416842906172],[-72.2493927351992,-17.69441381613707],[-72.24939357070322,-17.694410803406036],[-72.24939445866782,-17.6944078056867],[-72.24939539880555,-17.69440482394991],[-72.24939639081055,-17.694401859158734],[-72.24939743435814,-17.694398912270433],[-72.24939852910519,-17.694395984235744],[-72.24939967468971,-17.69439307599926],[-72.2494008707322,-17.694390188496637],[-72.24940211683422,-17.694387322657562],[-72.24940341257935,-17.694384479403645],[-72.24940475753424,-17.694381659646595],[-72.24940615124689,-17.69437886429081],[-72.24940759324889,-17.694376094230304],[-72.24940908305321,-17.694373350351555],[-72.2494106201571,-17.694370633529115],[-72.24941220403988,-17.694367944629224],[-72.24941383416515,-17.694365284506137],[-72.24941550997958,-17.694362654003964],[-72.2494172309139,-17.69436005395538],[-72.24941899638232,-17.6943574851825],[-72.24942080578425,-17.69435494849413],[-72.24942265850372,-17.69435244468708],[-72.24942455390834,-17.6943499745473],[-72.2494264913523,-17.69434753884609],[-72.24942847017499,-17.694345138341887],[-72.24943048970066,-17.694342773780775],[-72.24943254924038,-17.694340445894255],[-72.24943464809185,-17.694338155399493],[-72.24943678553898,-17.694335902999857],[-72.24943896085257,-17.694333689384365],[-72.24944117329136,-17.694331515226533],[-72.24944342210196,-17.694329381184705],[-72.24944570651898,-17.694327287901896],[-72.24944802576508,-17.694325236005973],[-72.24945037905216,-17.694323226108665],[-72.24945276558266,-17.694321258804468],[-72.24945518454689,-17.694319334673178],[-72.249457635127,-17.69431745427667],[-72.2494601164948,-17.694315618160843],[-72.24946262781343,-17.694313826854447],[-72.24946516823849,-17.694312080868407],[-72.2494677369166,-17.69431038069723],[-72.24947033298703,-17.694308726817724],[-72.24947295558296,-17.694307119688652],[-72.24947560383049,-17.694305559751413],[-72.2494782768493,-17.694304047429913],[-72.24948097375515,-17.694302583129264],[-72.2494836936572,-17.694301167237686],[-72.24948643566175,-17.694299800124416],[-72.24948919886997,-17.694298482141473],[-72.24949198238076,-17.69429721362232],[-72.24949478528984,-17.69429599488254],[-72.24949760669054,-17.694294826219892],[-72.2495004456751,-17.694293707913936],[-72.24950330133396,-17.69429264022661],[-72.24950617275768,-17.694291623401924],[-72.24950905903582,-17.694290657666556],[-72.24951195925928,-17.69428974322941],[-72.2495148725196,-17.694288880282166],[-72.24951779790933,-17.694288068999583],[-72.24952073452407,-17.69428730953913],[-72.24952368146093,-17.694286602041995],[-72.24952663782008,-17.69428594663272],[-72.24952960270454,-17.694285343419935],[-72.24953257522233,-17.694284792496106],[-72.24953555448437,-17.694284293938402],[-72.24953853960658,-17.69428384780868],[-72.24954152970965,-17.69428345415393],[-72.24954452391923,-17.6942831130066],[-72.24954752136576,-17.694282824385102],[-72.24955052118702,-17.694282588293834],[-72.24955352252482,-17.69428240472391],[-72.24955652452752,-17.69428227365341],[-72.24955952635013,-17.694282195047673],[-72.24956252715289,-17.69428216885983]]]]}},{"type":"Feature","properties":{"id":"street_dimaeta_stsutodo_noonlaterntrace","group":null,"name":"Noon Latern Trace","settlement_id":"settlement_dimaeta","country_id":"country_stsutodo","district_id":null,"status":"active","surface":"paved","access":"public","bridge":null,"tunnel":null,"oneway":null,"route_id":null,"alt_name":null,"notes":null},"geometry":{"type":"MultiPolygon","coordinates":[[[[-72.24946545510284,-17.69428771067533],[-72.24949954573337,-17.694277382752688],[-72.24806976893571,-17.691272062445012],[-72.2480356782853,-17.69128238988341],[-72.24946545510284,-17.69428771067533]]]]}},{"type":"Feature","properties":{"id":null,"group":null,"name":null,"settlement_id":null,"country_id":null,"district_id":null,"status":null,"surface":null,"access":null,"bridge":null,"tunnel":null,"oneway":null,"route_id":null,"alt_name":null,"notes":null},"geometry":{"type":"MultiPolygon","coordinates":[[[[-72.2508816721857,-17.694022489729843],[-72.25088184869553,-17.694022426902446],[-72.25403403731718,-17.692882242624723],[-72.25401746978115,-17.69285194606768],[-72.25086536908971,-17.693992098067476],[-72.24973730108904,-17.69438714938213],[-72.24975351572807,-17.69441757219068],[-72.2508816721857,-17.694022489729843]]]]}},{"type":"Feature","properties":{"id":null,"group":null,"name":null,"settlement_id":null,"country_id":null,"district_id":null,"status":null,"surface":null,"access":null,"bridge":null,"tunnel":null,"oneway":null,"route_id":null,"alt_name":null,"notes":null},"geometry":{"type":"MultiPolygon","coordinates":[[[[-72.25250546056415,-17.69447013776266],[-72.25000348183485,-17.695392410540972],[-72.25002025877563,-17.695422631299493],[-72.25252244138099,-17.694500282993594],[-72.25252284669034,-17.694500128069393],[-72.2544256317788,-17.69374656266904],[-72.25440804438428,-17.693716652360035],[-72.25250546056415,-17.69447013776266]]]]}},{"type":"Feature","properties":{"id":null,"group":null,"name":null,"settlement_id":null,"country_id":null,"district_id":null,"status":null,"surface":null,"access":null,"bridge":null,"tunnel":null,"oneway":null,"route_id":null,"alt_name":null,"notes":null},"geometry":{"type":"MultiPolygon","coordinates":[[[[-72.24826568292995,-17.694953228632933],[-72.24823112292272,-17.694962525049018],[-72.24873768413971,-17.696128777793028],[-72.24877224415711,-17.69611948118393],[-72.24826568292995,-17.694953228632933]]]]}},{"type":"Feature","properties":{"id":null,"group":null,"name":null,"settlement_id":null,"country_id":null,"district_id":null,"status":null,"surface":null,"access":null,"bridge":null,"tunnel":null,"oneway":null,"route_id":null,"alt_name":null,"notes":null},"geometry":{"type":"MultiPolygon","coordinates":[[[[-72.25134376713288,-17.689617757024397],[-72.25130950500784,-17.689627717761947],[-72.25193579968318,-17.69098667175364],[-72.25197006180665,-17.690976710794878],[-72.25134376713288,-17.689617757024397]]]]}},{"type":"Feature","properties":{"id":null,"group":null,"name":null,"settlement_id":null,"country_id":null,"district_id":null,"status":null,"surface":null,"access":null,"bridge":null,"tunnel":null,"oneway":null,"route_id":null,"alt_name":null,"notes":null},"geometry":{"type":"MultiPolygon","coordinates":[[[[-72.44245996664158,-22.104129254402253],[-72.44249595166697,-22.104142630435692],[-72.44291658486314,-22.103103933305174],[-72.44288060013224,-22.10309055715731],[-72.44245996664158,-22.104129254402253]]]]}},{"type":"Feature","properties":{"id":null,"group":null,"name":null,"settlement_id":null,"country_id":null,"district_id":null,"status":null,"surface":null,"access":null,"bridge":null,"tunnel":null,"oneway":null,"route_id":null,"alt_name":null,"notes":null},"geometry":{"type":"MultiPolygon","coordinates":[[[[-72.45486366373187,-22.064552736591644],[-72.45485020623771,-22.064581789065382],[-72.45596804669364,-22.06504124842855],[-72.45598150392429,-22.06501219604429],[-72.45486366373187,-22.064552736591644]]]]}},{"type":"Feature","properties":{"id":null,"group":null,"name":null,"settlement_id":null,"country_id":null,"district_id":null,"status":null,"surface":null,"access":null,"bridge":null,"tunnel":null,"oneway":null,"route_id":null,"alt_name":null,"notes":null},"geometry":{"type":"MultiPolygon","coordinates":[[[[-72.4546030029136,-22.06501841522621],[-72.4545902681951,-22.065047757672914],[-72.45579038107756,-22.06551743861694],[-72.4558031155145,-22.06548809627282],[-72.4546030029136,-22.06501841522621]]]]}},{"type":"Feature","properties":{"id":null,"group":null,"name":null,"settlement_id":null,"country_id":null,"district_id":null,"status":null,"surface":null,"access":null,"bridge":null,"tunnel":null,"oneway":null,"route_id":null,"alt_name":null,"notes":null},"geometry":{"type":"MultiPolygon","coordinates":[[[[-72.45442664586422,-22.065209301107465],[-72.45441456558316,-22.065238893977355],[-72.4557102321171,-22.06572337885421],[-72.45572231209589,-22.065693786101157],[-72.45442664586422,-22.065209301107465]]]]}},{"type":"Feature","properties":{"id":null,"group":null,"name":null,"settlement_id":null,"country_id":null,"district_id":null,"status":null,"surface":null,"access":null,"bridge":null,"tunnel":null,"oneway":null,"route_id":null,"alt_name":null,"notes":null},"geometry":{"type":"MultiPolygon","coordinates":[[[[-72.4540213382371,-22.065632234745745],[-72.45401088505248,-22.06566240165243],[-72.45554166041553,-22.06617045754822],[-72.45555211324915,-22.066140290796454],[-72.4540213382371,-22.065632234745745]]]]}},{"type":"Feature","properties":{"id":null,"group":null,"name":null,"settlement_id":null,"country_id":null,"district_id":null,"status":null,"surface":null,"access":null,"bridge":null,"tunnel":null,"oneway":null,"route_id":null,"alt_name":null,"notes":null},"geometry":{"type":"MultiPolygon","coordinates":[[[[-72.45374452671416,-22.06610800623369],[-72.45373338987456,-22.066137940313247],[-72.45534072606401,-22.066699448984828],[-72.4553518625321,-22.066669515060674],[-72.45374452671416,-22.06610800623369]]]]}},{"type":"Feature","properties":{"id":null,"group":null,"name":null,"settlement_id":null,"country_id":null,"district_id":null,"status":null,"surface":null,"access":null,"bridge":null,"tunnel":null,"oneway":null,"route_id":null,"alt_name":null,"notes":null},"geometry":{"type":"MultiPolygon","coordinates":[[[[-72.45419403967432,-22.069728349954474],[-72.45417972273837,-22.06975703882057],[-72.48486884123618,-22.083102791071862],[-72.4848831509028,-22.083074104455516],[-72.45419403967432,-22.069728349954474]]]]}},{"type":"Feature","properties":{"id":"street_mupingaxis","group":null,"name":"Muping Axis","settlement_id":"settlement_pointgolqik","country_id":"country_velu","district_id":null,"status":"active","surface":"gravel","access":"public","bridge":null,"tunnel":null,"oneway":null,"route_id":null,"alt_name":null,"notes":null},"geometry":{"type":"MultiPolygon","coordinates":[[[[8.455278027759052,26.546982476543466],[8.455278023092484,26.54698255061935],[8.45527479159363,26.547035952735012],[8.455314078968039,26.54703988443837],[8.455317308210093,26.546986519375007],[8.45551439343589,26.543977211098923],[8.455475116256595,26.543973130936372],[8.455278027759052,26.546982476543466]]]]}},{"type":"Feature","properties":{"id":null,"group":null,"name":null,"settlement_id":null,"country_id":null,"district_id":null,"status":null,"surface":null,"access":null,"bridge":null,"tunnel":null,"oneway":null,"route_id":null,"alt_name":null,"notes":null},"geometry":{"type":"MultiPolygon","coordinates":[[[[8.45498235248118,26.54474833490642],[8.454982575932199,26.544751784023262],[8.454983573397664,26.544755167325846],[8.454985305140841,26.544758350031092],[8.454987702173046,26.544761205347193],[8.454990669001965,26.544763619524844],[8.454994087435814,26.54476549638867],[8.454997821291958,26.544766761168702],[8.455001721822002,26.544767363478986],[8.455441806257069,26.544796551819495],[8.455442372732463,26.544762088832467],[8.455022528268247,26.544734242866763],[8.455054620589882,26.544082263167116],[8.455015315515789,26.544078668983314],[8.45498235248118,26.54474833490642]]]]}},{"type":"Feature","properties":{"id":null,"group":null,"name":null,"settlement_id":null,"country_id":null,"district_id":null,"status":null,"surface":null,"access":null,"bridge":null,"tunnel":null,"oneway":null,"route_id":null,"alt_name":null,"notes":null},"geometry":{"type":"MultiPolygon","coordinates":[[[[8.456865329979598,26.544793279763915],[8.456831027421623,26.5452643676858],[8.456822350412194,26.545364174959293],[8.456861579503155,26.545368891538338],[8.45687026557717,26.54526897968235],[8.456870282298198,26.5452687703297],[8.456905908466553,26.54477950335898],[8.456905757266163,26.544776003483072],[8.456904806592524,26.54477255904959],[8.456903095462032,26.544769311420687],[8.456900694100806,26.544766393881478],[8.456897701062537,26.544763926170006],[8.456894239183807,26.544762009562998],[8.456890450542653,26.544760722719463],[8.456886490627806,26.54476011845247],[8.456465954676734,26.54473353644688],[8.456465527888877,26.54476800836961],[8.456865329979598,26.544793279763915]]]]}},{"type":"Feature","properties":{"id":null,"group":null,"name":null,"settlement_id":null,"country_id":null,"district_id":null,"status":null,"surface":null,"access":null,"bridge":null,"tunnel":null,"oneway":null,"route_id":null,"alt_name":null,"notes":null},"geometry":{"type":"MultiPolygon","coordinates":[[[[8.458041911603662,26.543358686273752],[8.458068440142732,26.54337890893097],[8.458094621346103,26.54339958285264],[8.458120447566587,26.543420702096995],[8.458145911255555,26.543442260590833],[8.458171004963992,26.543464252130136],[8.458195721346627,26.543486670382915],[8.458220053162623,26.543509508889567],[8.458243993279234,26.543532761065656],[8.45826753467321,26.543556420202933],[8.4582906704337,26.543580479471633],[8.458313393763904,26.543604931921667],[8.458335697983964,26.54362977048535],[8.458357576533292,26.54365498797942],[8.458379022971124,26.54368057710523],[8.45840003098113,26.543706530453715],[8.458420594371466,26.543732840504838],[8.458440707077909,26.543759499631406],[8.458460363165857,26.543786500101007],[8.458479556831758,26.543813834077543],[8.458498282404886,26.543841493623365],[8.458516534351158,26.54386947070407],[8.458534307271584,26.543897757186375],[8.458551595908165,26.54392634484618],[8.458568395141507,26.543955225364854],[8.45858469999588,26.54398439033709],[8.458600505639161,26.544013831270366],[8.458615807384568,26.544043539587875],[8.458630600692922,26.5440735066323],[8.45864488117333,26.54410372366695],[8.458658644585254,26.544134181879354],[8.458671886839587,26.544164872383565],[8.458684604000016,26.54419578622257],[8.458696792284785,26.54422691437229],[8.458708448067153,26.544258247742324],[8.45871956787714,26.54428977718],[8.458730148402477,26.54432149347283],[8.458740186489939,26.544353387351762],[8.458749679146088,26.54438544949353],[8.458758623538012,26.544417670522154],[8.458767016995207,26.544450041015615],[8.458774857009178,26.544482551503837],[8.458782141235321,26.544515192475234],[8.458788867493125,26.5445479543784],[8.45879505853394,26.544580959660347],[8.458795409057199,26.544582435947092],[8.45881558306912,26.544652500349038],[8.458834528029085,26.544722765504183],[8.458852276639908,26.54479334388222],[8.458868823715733,26.54486421506585],[8.458884164420079,26.544935358551765],[8.45889829426705,26.54500675375645],[8.458911209122538,26.545078380021064],[8.458922905205961,26.545150216619945],[8.458933379090716,26.545222242763366],[8.45894262770601,26.545294437607325],[8.458950648337154,26.54536678025648],[8.458957438626673,26.54543924977208],[8.458962996575066,26.545511825178046],[8.458967320541241,26.545584485466115],[8.458970409243138,26.545657209603004],[8.45897226175809,26.54572997653583],[8.458972877523172,26.54580276519936],[8.458972255241058,26.545875682741734],[8.458972256765758,26.54587606234049],[8.45897285066782,26.545911944938297],[8.458972822928969,26.545947701681666],[8.45897217570871,26.5459834532784],[8.458970909179085,26.5460191889391],[8.45896902370108,26.54605489787912],[8.458966519824374,26.546090569321322],[8.458963398287327,26.546126192499976],[8.45895966001672,26.546161756663263],[8.458955306127423,26.5461972510773],[8.458950337922097,26.546232665029663],[8.45894475689102,26.54626798783068],[8.458938564710948,26.546303208821058],[8.458931763245547,26.546338317369774],[8.458924354544095,26.54637330288118],[8.458916340841101,26.546408154797234],[8.458907724555523,26.546442862600884],[8.458898508290492,26.546477415817673],[8.458888694831625,26.546511804021854],[8.458878287146833,26.54654601683794],[8.458867288385584,26.54658004394279],[8.458855701877003,26.54661387507176],[8.45884353112978,26.54664750001914],[8.458830779830626,26.54668090864262],[8.458817451843125,26.546714090866377],[8.458803551206561,26.54674703668413],[8.458789082135153,26.54677973616102],[8.458773993933097,26.546812298314034],[8.458773767402471,26.546812812053254],[8.45876359865678,26.5468370898682],[8.45875306897455,26.546861072833735],[8.45874213196994,26.54688487208977],[8.45873079087031,26.54690848066931],[8.458719049022191,26.5469318916638],[8.458706909891406,26.54695509822299],[8.458694377061653,26.546978093558103],[8.458681454233295,26.547000870943645],[8.458668145222267,26.547023423719704],[8.458654453958573,26.547045745294152],[8.458640384486012,26.547067829143455],[8.458625940960022,26.547089668815783],[8.458611127646469,26.54711125793302],[8.45859594892082,26.547132590191843],[8.458580409266386,26.54715365936628],[8.458564513272917,26.547174459309556],[8.458548265635502,26.547194983955418],[8.458531671152778,26.547215227320738],[8.458514734725053,26.547235183507095],[8.45849746135381,26.54725484670199],[8.458479856139682,26.54727421118066],[8.458461924279451,26.54729327130973],[8.458443671067249,26.547312021545345],[8.458425101890105,26.547330456438218],[8.458406222227556,26.54734857063344],[8.458387037650333,26.547366358872193],[8.458367445882951,26.547383912701136],[8.458396351844248,26.547408866331427],[8.458416051069138,26.547391216217942],[8.45841626410227,26.547391022046845],[8.458435659366014,26.547373038451298],[8.458435867701295,26.547372841951795],[8.458454953359166,26.54735453010799],[8.458455157011628,26.54735433135214],[8.458473927509047,26.54733569658942],[8.458474126494936,26.547335495646887],[8.458492576369142,26.5473165433886],[8.458492770705874,26.54731634032656],[8.458510894587278,26.54729707608844],[8.458511084293109,26.54729687097173],[8.458528876907142,26.547277300360335],[8.458529062001181,26.547277093251335],[8.458546518169513,26.54725722196228],[8.458546698671352,26.547257012921175],[8.458563813313724,26.54723684673775],[8.458563989243556,26.547236635822266],[8.458580757378993,26.54721618061346],[8.458580928757266,26.547215967879264],[8.458597345505753,26.547195229598234],[8.458597512353204,26.5471950150986],[8.458613572936862,26.54717399978086],[8.458613735274223,26.547173783567057],[8.458629435018933,26.547152497328753],[8.458629592866949,26.547152279449875],[8.45864492720355,26.54713072848604],[8.458645080582892,26.547130508989166],[8.458660045048592,26.547108699571787],[8.45866019397958,26.547108478502004],[8.458674784219212,26.5470864169784],[8.458674928721882,26.547086194378846],[8.458689140489234,26.547063887169607],[8.458689280583133,26.547063663081598],[8.458703109742123,26.547041116678894],[8.458703245446296,26.547040891141872],[8.458716687972155,26.54701811210744],[8.458716819305057,26.54701788515922],[8.458729871285563,26.546994880122504],[8.458729998264934,26.546994651799096],[8.458742655901522,26.546971427455333],[8.458742778544265,26.54697119779126],[8.458755038153182,26.5469477608995],[8.458755156475414,26.546947529927678],[8.458767014488663,26.546923887308814],[8.458767128505569,26.546923655060745],[8.458778581472151,26.54689981359558],[8.458778691197903,26.54689958010131],[8.458789735784597,26.546875546728508],[8.458789841232415,26.546875312016745],[8.458800474224857,26.5468510937308],[8.45880057540678,26.546850857829085],[8.458810685332901,26.546826720429035],[8.458825710355308,26.546794294605522],[8.458825818211007,26.54679405645541],[8.458840392930163,26.546761118198123],[8.458840496384072,26.546760878815974],[8.458854498272157,26.546727693000307],[8.458854597335938,26.546727452413837],[8.458868022190044,26.546694029001074],[8.45886811687405,26.546693787236837],[8.45888096066453,26.54666013625951],[8.45888105097781,26.546659893342945],[8.4588933098494,26.546626024901943],[8.458893395799635,26.54662578085741],[8.458905066072608,26.546591705118868],[8.458905147666062,26.546591459969825],[8.458916225837449,26.546557187162154],[8.458916303078974,26.546556940931133],[8.458926785823483,26.5465224813418],[8.45892685871644,26.546522234050563],[8.458936742887497,26.54648759802319],[8.458936811433723,26.54648734969272],[8.45894609406442,26.54645254762385],[8.458946158264169,26.54645229827458],[8.45895483656823,26.546417340610613],[8.458954896420233,26.54641709026234],[8.458962967792711,26.546381987496396],[8.458963023294116,26.546381736168506],[8.45897048531226,26.546346498837178],[8.458970536458544,26.546346246548612],[8.458977386882498,26.546310885228976],[8.458977433667549,26.54631063199842],[8.458983670441116,26.546275157304738],[8.458983712857126,26.546274903150575],[8.45898933410815,26.546239325731122],[8.458989372145687,26.546239070671685],[8.45899437618696,26.546203401205585],[8.458994409834911,26.5462031452591],[8.45899879516435,26.546167394453125],[8.458998824409907,26.546167137637855],[8.45900258971115,26.546131316223146],[8.459002614539845,26.546131058557496],[8.459005758682721,26.546095177286436],[8.45900577907839,26.546094918789017],[8.459008301119175,26.546058988431913],[8.459008317063944,26.54605872912157],[8.459010216245535,26.54602276046353],[8.459010227719906,26.5460225003596],[8.459011503472297,26.545986504197156],[8.459011510455122,26.54598624331938],[8.459012162395348,26.545950230457343],[8.459012164863758,26.545949968826044],[8.459012192796125,26.54591395007425],[8.45901219072566,26.54591368771047],[8.459011597785297,26.545877863800403],[8.459012219525144,26.545805007497965],[8.459012219533637,26.545804750487097],[8.459011601571671,26.54573170445989],[8.459011597200456,26.545731446755184],[8.459009738096528,26.54565842177514],[8.459009729320206,26.545658163397544],[8.459006629611096,26.545585180551672],[8.459006616402782,26.545584921522963],[8.459002276983645,26.54551200188608],[8.459002259315053,26.545511742228996],[8.45899668143894,26.545438906857694],[8.458996659280372,26.545438646595922],[8.458989844557998,26.545365916522485],[8.458989817878416,26.54536565568087],[8.458981768277603,26.54529305190712],[8.458981737044626,26.545292790511702],[8.458972454889837,26.54522033400302],[8.458972419069807,26.54522007208111],[8.458961907041397,26.545147783760356],[8.458961866599436,26.54514752134066],[8.45895012773292,26.54507542208213],[8.458950082632942,26.545075159194816],[8.458937120318081,26.545003269818192],[8.458937070522948,26.545003006495023],[8.458922888502808,26.54493134775938],[8.458922833974265,26.544931084033767],[8.458907436344141,26.54485967663162],[8.458907377042966,26.54485941253874],[8.458890768249109,26.544788277089964],[8.45889070413522,26.544788012666853],[8.45887288897365,26.544717169712825],[8.458872820006109,26.544716904998502],[8.45885380362128,26.544646374996177],[8.45885372975836,26.54464611003162],[8.458833728821785,26.5445766467778],[8.458827652270264,26.544544251895925],[8.458827600275255,26.544543987202587],[8.458820819623226,26.544510960398394],[8.458820762835177,26.54451069531377],[8.45881341940182,26.544477789067752],[8.458813357780583,26.544477523628284],[8.458805453705896,26.544444747529617],[8.45880538721046,26.544444481773656],[8.458796924797692,26.544411845373517],[8.458796853386213,26.544411579341457],[8.458787835101392,26.544379092150393],[8.458787758731349,26.54437882588478],[8.458778187202501,26.544346497369787],[8.458778105830719,26.54434623091536],[8.458767983847045,26.544314070497215],[8.458767897429905,26.544313803901048],[8.45875722794103,26.54428182095157],[8.45875713643446,26.544281554263137],[8.458745922549602,26.54424975810241],[8.45874582590932,26.54424949137371],[8.458734070896268,26.544217891267397],[8.4587339690778,26.544217624553024],[8.458721676362057,26.54418622970964],[8.458721569320966,26.544185963066898],[8.458708742484758,26.544154782635136],[8.458708630176764,26.544154516124063],[8.458695272957879,26.54412355919018],[8.458695155338969,26.544123292873756],[8.458681271629846,26.544092568458808],[8.458681148656447,26.544092302402884],[8.458666742502956,26.54406181946024],[8.458666614132149,26.544061553733698],[8.458651689732259,26.544031321146317],[8.458651555921934,26.544031055821186],[8.458636117624806,26.544001082399074],[8.45863597833385,26.54400081755049],[8.45862003063829,26.543971112028142],[8.458619885826732,26.543970847734478],[8.458603433380075,26.543941418768352],[8.458603283009346,26.543941155111252],[8.458586330605904,26.54391201127714],[8.45858617463906,26.543911748341603],[8.458568727218953,26.543882898132267],[8.458568565620816,26.543882636006607],[8.458550628268366,26.54385408782924],[8.45855046100587,26.543853826605186],[8.458532038948075,26.54382558877891],[8.458531865990352,26.543825328551648],[8.458512964595696,26.54379740930524],[8.4585127859144,26.543797150173287],[8.458493410690764,26.543769557642605],[8.458493226260348,26.54376929970802],[8.458473382853905,26.543742041933754],[8.458473192651761,26.54374178530193],[8.458452886845,26.543714870227205],[8.458452690851855,26.543714615006966],[8.458431928562058,26.54368805047507],[8.458431726762116,26.54368779677862],[8.458410514039628,26.543661590530633],[8.458410306420863,26.54366133847341],[8.458388649447192,26.543635498146088],[8.45838843600166,26.543635247846858],[8.458366341087812,26.543609780970243],[8.458366121811848,26.543609532550906],[8.458343595396489,26.543584446546244],[8.458343370291015,26.54358420013175],[8.458320418938493,26.543559502309318],[8.458320188009314,26.543559258027628],[8.458296818407874,26.543534955584562],[8.458296581665829,26.54353471356641],[8.458272800625506,26.543510813584625],[8.458272558086826,26.543510573963474],[8.458248372537637,26.54348708340762],[8.458248124224157,26.54348684631943],[8.458223541213968,26.543463772034855],[8.45822328715341,26.543463537617935],[8.458198313845912,26.543440886328664],[8.458198054072023,26.543440654723472],[8.4581726977446,26.543418433030254],[8.45817243229751,26.54341820437916],[8.4581467003392,26.54339641875758],[8.45814642926553,26.543396193204668],[8.458120329174879,26.543374850003232],[8.458120052527962,26.543374627693993],[8.458093591910663,26.54335373313227],[8.458093309750781,26.543353514213376],[8.458066496317757,26.543333074380232],[8.45806620871222,26.543332858999243],[8.458039050277062,26.54331287985099],[8.45801489802996,26.543338813694998],[8.458041911603662,26.543358686273752]]]]}},{"type":"Feature","properties":{"id":null,"group":null,"name":null,"settlement_id":null,"country_id":null,"district_id":null,"status":null,"surface":null,"access":null,"bridge":null,"tunnel":null,"oneway":null,"route_id":null,"alt_name":null,"notes":null},"geometry":{"type":"MultiPolygon","coordinates":[[[[8.459711044495434,26.542996334523814],[8.459711094920367,26.542996588176905],[8.459765118679298,26.543257189101865],[8.459765173508504,26.543257443109233],[8.459823452812707,26.543517125475248],[8.459823512081554,26.543517379804754],[8.459886031336396,26.543776074124693],[8.459886095080984,26.54377632874256],[8.459952837557257,26.54403396579375],[8.459952905814358,26.544034220664486],[8.460023853652869,26.544290731507157],[8.460023926459886,26.54429098659348],[8.460099060676017,26.544546302589204],[8.460099138070833,26.544546557851977],[8.460178438559888,26.544800610682056],[8.460178520580852,26.54480086608016],[8.460261966123172,26.5450535877639],[8.460262052808986,26.54505384325424],[8.460349621075887,26.545305166167125],[8.46034971246548,26.545305421704484],[8.460441380024974,26.545555278596293],[8.46044147615745,26.545555534133303],[8.460537218480715,26.545803858146098],[8.46053822700098,26.545806012574488],[8.460562072177142,26.5458490078315],[8.460585096525856,26.545892276458193],[8.460607367656277,26.545935939987913],[8.460628878778794,26.54597998527321],[8.460649623333364,26.546024399048537],[8.46066959499168,26.54606916793437],[8.460688787659008,26.546114278440772],[8.460707195476205,26.54615971697145],[8.460724812821828,26.546205469828625],[8.460741634313715,26.546251523216675],[8.460757654811003,26.54629786324647],[8.460772869415637,26.54634447593998],[8.4607872734742,26.54639134723456],[8.460800862579108,26.546438462987066],[8.460813632570241,26.546485808977877],[8.460825579536321,26.546533370916368],[8.46083669981617,26.54658113444465],[8.460846989999682,26.546629085141348],[8.460856446929373,26.546677208527818],[8.460865067700933,26.54672549007073],[8.46087284966452,26.54677391518807],[8.460879790425402,26.546822469252465],[8.460885879133544,26.546871068064686],[8.46094950147369,26.547516727905176],[8.460988696385456,26.547515847826862],[8.460925053875732,26.546869984998914],[8.46092500844719,26.54686957904258],[8.460918877553175,26.54682064361191],[8.460918841697497,26.546820376258616],[8.460911862667405,26.546771554568966],[8.46091182199829,26.546771286692348],[8.460903996933231,26.546722593442254],[8.460903951412451,26.54672232507418],[8.460895282668305,26.546673774923562],[8.460895232256412,26.546673506097655],[8.460885722443047,26.546625113663264],[8.460885667099468,26.546624844414943],[8.460875319079943,26.546576624266095],[8.460875258762973,26.54657635463263],[8.460864075652793,26.54652832128681],[8.460864010319773,26.54652805130752],[8.460851995485726,26.546480219225913],[8.46085192509308,26.54647994894225],[8.46083908215245,26.54643233252543],[8.46083900665582,26.54643206198107],[8.460825339475235,26.54638467556477],[8.460825258829555,26.54638440480566],[8.46081077152367,26.546337262656298],[8.460810685683304,26.546336991730897],[8.460795382613794,26.546290108041372],[8.460795291532593,26.546289837000632],[8.460779177306675,26.546243225886002],[8.46077908093824,26.546242954783555],[8.460762160407391,26.546196630276867],[8.46076205870502,26.546196359169038],[8.460744336963383,26.546150335217003],[8.460744229880424,26.546150064162994],[8.460725712263482,26.546104354621843],[8.460725599753287,26.54610408368378],[8.460706291836042,26.546058702315143],[8.460706173852303,26.54605843155819],[8.46068608144771,26.546013392024822],[8.460685957944513,26.546013121517237],[8.460665087101699,26.545968437378992],[8.460664958033771,26.54596816719228],[8.460643315036272,26.545923851902053],[8.460643180359119,26.54592358211095],[8.460620771722882,26.545879649010562],[8.460620631393029,26.545879379693186],[8.460597463864556,26.545835842009403],[8.460597317839769,26.545835573247317],[8.460573981943899,26.545793496287494],[8.460478713712392,26.545546402043378],[8.460387139870358,26.545296800742022],[8.460299660595398,26.54504573339572],[8.460216299358706,26.54479326720874],[8.460137078527723,26.544539469761045],[8.46006201936087,26.544284408991814],[8.459991142000796,26.54402815317892],[8.459924465470014,26.543770770923118],[8.4598620076648,26.54351233112751],[8.459803785350815,26.543252902979944],[8.45974981415857,26.54299255593505],[8.459700084498218,26.542731233151745],[8.459661290737722,26.54273488477275],[8.459711044495434,26.542996334523814]]]]}},{"type":"Feature","properties":{"id":null,"group":null,"name":null,"settlement_id":null,"country_id":null,"district_id":null,"status":null,"surface":null,"access":null,"bridge":null,"tunnel":null,"oneway":null,"route_id":null,"alt_name":null,"notes":null},"geometry":{"type":"MultiPolygon","coordinates":[[[[8.461608386181151,26.54336556394709],[8.461608374660349,26.543365810556974],[8.461602661460502,26.543514255298934],[8.4616026539778,26.543514502607316],[8.461599381159166,26.543663021194305],[8.461599377733753,26.54366326918393],[8.461598546180358,26.543811821499634],[8.461598546832716,26.54381207015274],[8.461600156769212,26.54396061607168],[8.46160016152119,26.543960865369908],[8.461604212512672,26.544109364768417],[8.461604221387335,26.54410961469273],[8.461610712339663,26.54425802745963],[8.461610725361414,26.54425827799026],[8.461619654521279,26.544406564037818],[8.46161967171574,26.54440681515421],[8.46163103667136,26.54455493442892],[8.4616310580654,26.544555186109598],[8.461644855746936,26.54470309860293],[8.46164488136862,26.54470335082546],[8.461661108049206,26.544851016584847],[8.461661137927706,26.544851269325772],[8.461679789224425,26.54499864846523],[8.46167982339009,26.544998901699927],[8.461700894265011,26.545145954410902],[8.461702207851632,26.545150399443987],[8.461741435092584,26.54523642939202],[8.461779142574963,26.545322979722147],[8.461815379740495,26.54541015791459],[8.461850136122592,26.545497938953474],[8.461883401680751,26.545586297647677],[8.461915166803141,26.54567520863724],[8.46194542230966,26.545764646400798],[8.461974159454952,26.545854585264586],[8.462001369930663,26.545944999407528],[8.462027045868355,26.546035862871555],[8.462051179841014,26.54612714956539],[8.462073764866389,26.546218833276203],[8.462094794408264,26.54631088767449],[8.46211426237882,26.546403286323144],[8.462132163139994,26.54649600268345],[8.462148491505815,26.546589010125324],[8.462163242743465,26.546682281932906],[8.462176412574648,26.546775791312626],[8.46218799717739,26.54686951140289],[8.462197993186527,26.546963415279027],[8.462206397695228,26.547057475963246],[8.462213208255465,26.54715166643114],[8.46221843001349,26.54724608862702],[8.462218513047791,26.547247045550954],[8.46226013138396,26.547598939724423],[8.46229926140005,26.54759746069046],[8.462257699541519,26.54724604482282],[8.462252497080142,26.547151972004126],[8.462252480580036,26.547151713401536],[8.46224565127415,26.54705726402419],[8.46224563032259,26.547057004814857],[8.462237202602086,26.546962684626923],[8.462237177168653,26.546962424835144],[8.462227153450423,26.546868260885493],[8.462227123503375,26.546868000536705],[8.462215506661982,26.546774019829346],[8.462215472168326,26.546773758950234],[8.462202265535245,26.546679988436647],[8.462202226460809,26.54667972705525],[8.462187433823322,26.546586193626606],[8.462187390132659,26.546585931772402],[8.462171015733066,26.546492662251932],[8.462170967389673,26.5464923999559],[8.462153015923734,26.546399421091103],[8.462152962890064,26.54639915838584],[8.462133439505806,26.546306496840874],[8.4621333817433,26.54630623376073],[8.462112292039622,26.546213916108776],[8.462112229508792,26.546213652689858],[8.462089579533762,26.546121705405483],[8.462089512194327,26.546121441685802],[8.462065308443377,26.54602989113732],[8.462065236254256,26.546029627156926],[8.462039485668507,26.545938499598908],[8.462039408587993,26.545938235399895],[8.46201211855208,26.545847556965562],[8.46201203653791,26.54584729259223],[8.46198321487806,26.545757089286088],[8.461983127887454,26.545756824784966],[8.461952782868938,26.545667122475177],[8.461952690858862,26.54566685789525],[8.461920831184063,26.54557768230636],[8.461920734111155,26.545577417698954],[8.461887368916594,26.54548879440443],[8.461887266737484,26.545488529823494],[8.461852405591527,26.545400484238424],[8.461852298262839,26.545400219740543],[8.461815951162885,26.545312777114333],[8.461815838641355,26.545312512758706],[8.461778016010944,26.545225698167897],[8.461777898253718,26.545225434016622],[8.461739597689052,26.545141436417335],[8.461718871752327,26.54499679126194],[8.461700252438344,26.544849665142717],[8.461684053467799,26.544702251896904],[8.461670279253445,26.544554591387072],[8.461658933550815,26.544406723541975],[8.461650019457192,26.54425868834863],[8.461643539410687,26.544110525839596],[8.461639495189607,26.543962276082137],[8.461637887911904,26.543813979168455],[8.461638718034983,26.54366567520266],[8.461641985355387,26.54351740429336],[8.461647689008952,26.543369206538625],[8.461655834233715,26.5432209989675],[8.461616538218987,26.543217233146542],[8.461608386181151,26.54336556394709]]]]}},{"type":"Feature","properties":{"id":null,"group":null,"name":null,"settlement_id":null,"country_id":null,"district_id":null,"status":null,"surface":null,"access":null,"bridge":null,"tunnel":null,"oneway":null,"route_id":null,"alt_name":null,"notes":null},"geometry":{"type":"MultiPolygon","coordinates":[[[[8.461652964084937,26.54483270172054],[8.461652580111004,26.544832698951126],[8.461625703176702,26.54483273621101],[8.461625320594804,26.544832740027253],[8.461598448270577,26.544833239203534],[8.461598067283573,26.544833249554344],[8.461571207507417,26.544834210499527],[8.461570828313075,26.54483422732736],[8.461543989019406,26.54483564975759],[8.461543611810212,26.544835672998833],[8.461516800927344,26.544837556493952],[8.46151642589019,26.544837586079108],[8.461489651338002,26.544839930082727],[8.461489278653957,26.54483996593687],[8.461462548341682,26.54484276975656],[8.461462178185567,26.544842811799544],[8.461435500009282,26.54484607460708],[8.461435132549692,26.544846122753977],[8.461408514390103,26.544849843585524],[8.461408149789113,26.54484989774692],[8.461381599509235,26.544854075503316],[8.461381237922163,26.544854135585673],[8.461354763364932,26.544858769032846],[8.461354404940401,26.544858834938843],[8.461328013926353,26.544863922708085],[8.46132765880608,26.544863994337007],[8.461301359131133,26.54486953492535],[8.461301007449899,26.544869612173425],[8.461274806882942,26.544875603944238],[8.461274458768592,26.544875686705],[8.461248365049261,26.54488212788829],[8.461248020622689,26.54488221605293],[8.461222041459061,26.544889104745973],[8.461221700834134,26.544889198203652],[8.461195843900413,26.54489653237157],[8.461195507184224,26.544896631009788],[8.46116978011856,26.544904408486033],[8.461169447411264,26.54490451219095],[8.46114385781341,26.544912730678078],[8.4611435292085,26.54491283933482],[8.461118084637604,26.544921496405074],[8.461117760221951,26.544921609898033],[8.4610924681943,26.54493070299413],[8.461092148048165,26.544930821207284],[8.46106701603504,26.544940347643166],[8.461063979851149,26.544941813409483],[8.461061328120183,26.54494375290346],[8.461059147663688,26.54494610262324],[8.461051887334351,26.54495567227421],[8.461051722836011,26.54495589305273],[8.461044630021,26.54496558751391],[8.461044470182994,26.544965810011586],[8.461037547027475,26.544975626351064],[8.461037391828086,26.544975850518433],[8.461030640425873,26.544985785767366],[8.461030489843607,26.54498601155721],[8.461023912236527,26.54499606271082],[8.461023766250262,26.544996290078007],[8.461017364427656,26.54500645409647],[8.461017223016874,26.545006682997766],[8.46101099891484,26.54501695680714],[8.461010862059535,26.545017187201317],[8.461004817560537,26.5450275676944],[8.461004685241427,26.545027799542027],[8.460998822173488,26.54503828357941],[8.460998694372115,26.54503851684285],[8.46099301450843,26.545049101253763],[8.460992891207104,26.545049335897176],[8.460987396265514,26.54506001748054],[8.460987277447604,26.545060253469526],[8.460981969089946,26.545071028994823],[8.460981854739762,26.545071266296745],[8.460976734571473,26.545082132505065],[8.460976624674434,26.54508237108867],[8.460971694244055,26.5450933246937],[8.460971588786771,26.54509356452905],[8.460966849585416,26.54510460221801],[8.460966748555613,26.545104843276675],[8.460962202016624,26.54511596171136],[8.460962105403357,26.545116203966035],[8.460957752901766,26.545127399783883],[8.460957660695414,26.545127643208385],[8.460953503547556,26.545138913023333],[8.460953415739876,26.545139157592644],[8.460949455203007,26.545150497996286],[8.46094937178707,26.545150743686463],[8.460945609059054,26.54516215124909],[8.460945530029504,26.545162398036894],[8.46094196624828,26.545173869308435],[8.460941891601202,26.545174117171683],[8.460938527844606,26.545185648682818],[8.460938457577603,26.545185897599964],[8.46093529486297,26.54519748586312],[8.460935228975236,26.545197735813318],[8.46093226825905,26.545209377323836],[8.460932206751329,26.54520962828686],[8.460929448929036,26.545221319523872],[8.460929391803678,26.545221571480056],[8.460926837709385,26.545233308907758],[8.460926784970432,26.545233561837637],[8.460924435376487,26.54524534190619],[8.460924387029602,26.545245595791002],[8.46092224264673,26.545257414937687],[8.460922198699219,26.545257669758545],[8.46092026017586,26.545269524408837],[8.460920220636787,26.54526978014734],[8.460918488559269,26.545281666715944],[8.46091845343931,26.54528192335356],[8.460916928331471,26.545293838245566],[8.460916897643044,26.545294095763833],[8.460915579966121,26.545306035375766],[8.460915553723359,26.54530629375617],[8.460914443875883,26.54531825447703],[8.460914422094623,26.545318513700806],[8.460913520412257,26.545330491913283],[8.460913503110039,26.545330751961348],[8.460912809865444,26.545342744042742],[8.460912797061466,26.545343004895884],[8.460912312464382,26.545355007219417],[8.460912304179603,26.54535526885762],[8.460912028376532,26.545367277793325],[8.46091202463358,26.545367540196303],[8.460911957707914,26.54537955211223],[8.460911958531055,26.54537981525898],[8.460912100503108,26.545391826522337],[8.460912105918245,26.545392090390923],[8.460912456745035,26.545404097369047],[8.46091246677973,26.545404361936964],[8.460913026355165,26.545416360998527],[8.460913041038559,26.545416626242204],[8.460913809193384,26.545428613758215],[8.460913828556157,26.545428879653063],[8.460914805058108,26.545440851998112],[8.46091482913247,26.545441118518298],[8.460916013686157,26.545453072071513],[8.460916042505863,26.54545333919017],[8.460917434753066,26.54546527033635],[8.460917468353207,26.545465538025073],[8.460919067872872,26.54547744315582],[8.46091910628999,26.5454777113849],[8.460920912598365,26.545489586899674],[8.460920955870321,26.545489855637722],[8.46092296842109,26.54550169794495],[8.460923016587016,26.545501967159023],[8.460925234771523,26.545513772677136],[8.460925287871722,26.5455140423325],[8.460927711019124,26.545525807491096],[8.460927769095042,26.54552607755107],[8.460930396472463,26.54553779879193],[8.460930459566596,26.54553806921803],[8.460933290379456,26.54554974299626],[8.460933358535225,26.54555001374764],[8.460936391927346,26.54556163653265],[8.460936465189064,26.545561907566587],[8.460939700243085,26.54557347584323],[8.46093977865576,26.545573747114414],[8.460943214393232,26.545585257384037],[8.460943298002617,26.545585528845013],[8.460946933384525,26.545596977626495],[8.460947022236788,26.54559724922706],[8.460950856163612,26.545608633057864],[8.460950950305378,26.545608904745315],[8.46095498161758,26.54562022018257],[8.460955081095788,26.54562049190154],[8.460959308574196,26.545631735523052],[8.460959413435793,26.54563200721524],[8.46096383580188,26.54564317562053],[8.460963946093873,26.545643447224744],[8.460968562010109,26.54565453703608],[8.46096912577468,26.545655754426747],[8.461064579063649,26.545842484659264],[8.461064706453534,26.545842729091028],[8.461163088985684,26.546027932728986],[8.461163221066093,26.5460281767059],[8.461264508433455,26.54621180780177],[8.461264645235053,26.54621205126053],[8.461368812309143,26.546394064257004],[8.46137077041731,26.546396847584408],[8.461373256169706,26.546399298376834],[8.461382910251746,26.546407296233678],[8.461383188080768,26.546407522377688],[8.4613929788495,26.54641535231146],[8.461393262345615,26.546415575040058],[8.461403186880531,26.546423234715135],[8.46140347597659,26.546423453875736],[8.461413531317309,26.546430941007326],[8.461413825938724,26.546431156446687],[8.461424009085839,26.54643846880149],[8.461424309150411,26.546438680365984],[8.461434617066374,26.546445815762734],[8.461434922484047,26.54644602329865],[8.461445352094051,26.546452979608922],[8.461445662767032,26.54645318296293],[8.461456210960135,26.546459958111793],[8.461456526782612,26.546460157131214],[8.461467190412332,26.546466749097654],[8.461467511270524,26.546466943630893],[8.46147828715597,26.546473350448586],[8.461478612928284,26.546473540345584],[8.46148949785517,26.546479760103466],[8.461489828411924,26.546479945215967],[8.461500819133349,26.54648597605873],[8.461501154337094,26.546486156240828],[8.461512247574648,26.54649199636955],[8.46151258728019,26.54649217147807],[8.461523779724834,26.546497819150645],[8.461524123779244,26.546497989045477],[8.461535412092447,26.54650344257733],[8.461535760335444,26.54650360712197],[8.461547141149921,26.54650886488632],[8.461547493413896,26.546509023948172],[8.461558963334946,26.546514084376696],[8.46155931944526,26.546514237827562],[8.461570875051422,26.54651909941076],[8.461571234826721,26.546519247127197],[8.461582872671128,26.546523908414926],[8.461583235923493,26.54652405027858],[8.461594952534687,26.54652850988043],[8.4615953190702,26.546528645778544],[8.461607110953228,26.54653290236424],[8.461607480572129,26.546533032189856],[8.461619344209552,26.54653708448969],[8.461619716706753,26.546537208142126],[8.461631648559841,26.54654105494738],[8.461632023725247,26.546541172332393],[8.461644020234763,26.546544812495593],[8.46164439785403,26.546544923525882],[8.461656455441545,26.546548355961164],[8.461656835295992,26.546548460556384],[8.461668950364881,26.546551684239905],[8.461669332232518,26.54655178232712],[8.461681501168899,26.54655479629729],[8.4616818848247,26.546554887811062],[8.461694103998768,26.546557691168854],[8.461694489215134,26.54655777605147],[8.461706754981993,26.546560367960662],[8.46170714152949,26.546560446162285],[8.46171945023038,26.546562825849737],[8.461719837878114,26.546562897328485],[8.461732185841466,26.546565064084344],[8.461732574357702,26.546565128806428],[8.46174495790026,26.546567081984392],[8.46174534705297,26.546567139924118],[8.461757762480817,26.546568878941578],[8.461758152038291,26.54656893008138],[8.461770595648028,26.546570454419587],[8.461770985379243,26.546570498750004],[8.461783453459041,26.546571807954262],[8.461783843134405,26.54657184547392],[8.461796331965193,26.546572939153716],[8.46179672135692,26.54657296986915],[8.461809227213395,26.546573847698287],[8.461809616096204,26.546573871623956],[8.46182213524795,26.546574533340515],[8.461822523399276,26.54657455049856],[8.461835052111985,26.546574995905203],[8.461835439312743,26.54657500632531],[8.461847973849203,26.54657523528916],[8.461848359884046,26.546575239008323],[8.461860896505351,26.546575251461086],[8.461861281163168,26.546575248523393],[8.461873816129726,26.54657504446139],[8.461874199204155,26.54657503491782],[8.461886728776939,26.54657461440186],[8.461887110066451,26.546574598309963],[8.461899630507983,26.546573961465537],[8.461900009816672,26.546573938889086],[8.461912517392237,26.54657308590611],[8.461912894529561,26.546573056914944],[8.461925385508273,26.546571988047877],[8.461925760289933,26.54657195271739],[8.461938230945835,26.54657066828509],[8.461938603193598,26.54657062669602],[8.461951049806853,26.546569127081604],[8.46195141934902,26.54656907931965],[8.461963838206891,26.546567364970425],[8.461964204878226,26.54656731112589],[8.461976592276283,26.546565382553258],[8.461976955918605,26.546565322720667],[8.461989308161801,26.54656318049988],[8.461989668623502,26.546563114777644],[8.462001982027317,26.546560759547724],[8.462002339164085,26.546560688037793],[8.462014610055524,26.546558120501278],[8.462014963729954,26.546558043308675],[8.462027188448722,26.5465552642314],[8.462027538530467,26.546555181464026],[8.462039713430082,26.546552191675026],[8.462040059796106,26.546552103443116],[8.46205218124489,26.54654890383417],[8.46205252377904,26.546548810250066],[8.462064588161262,26.546545401775603],[8.462064926754486,26.5465453029534],[8.462076930471477,26.546541686630125],[8.462077265021748,26.54654158268526],[8.46208920449292,26.546537759591892],[8.462089534904932,26.546537650640893],[8.462101406568827,26.546533621917845],[8.462101732754201,26.546533508078006],[8.462113533069662,26.546529274927],[8.462113854946534,26.546529156316073],[8.462125580393622,26.546524719999823],[8.462125897886729,26.546524596735704],[8.462137544967849,26.546519958577484],[8.462137858008079,26.54651983077799],[8.462149423249041,26.54651499216134],[8.462149731773545,26.546514859943937],[8.462161211724506,26.546509822312206],[8.462141944110556,26.546478711374213],[8.462130617663037,26.546483681644336],[8.462119363222893,26.546488390228244],[8.462108031427869,26.546492902830497],[8.462096625685858,26.546497218185348],[8.462085149423087,26.54650133508712],[8.462073606080173,26.546505252391256],[8.462061999113214,26.54650896901356],[8.462050331992595,26.546512483930304],[8.462038608199206,26.5465157961792],[8.462026831226874,26.546518904858132],[8.462015004578518,26.546521809125984],[8.462003131766156,26.546524508202317],[8.461991216309558,26.546527001367245],[8.461979261735593,26.546529287961324],[8.461967271575544,26.54653136738573],[8.461955249366575,26.54653323910154],[8.461943198648429,26.546534902630103],[8.46193112296455,26.546536357552373],[8.461919025858053,26.54653760350925],[8.46190691087479,26.546538640200733],[8.46189478155877,26.5465394673862],[8.461882641453629,26.546540084883823],[8.461870494100754,26.546540492570507],[8.461858343039042,26.546540690381505],[8.46184619180339,26.546540678310272],[8.46183404392468,26.54654045640805],[8.46182190292815,26.54654002478374],[8.461809772334432,26.546539383603605],[8.461797655656124,26.54653853309091],[8.46178555640045,26.54653747352587],[8.461773478065515,26.546536205245175],[8.461761424141867,26.546534728642012],[8.461749398111028,26.54653304416564],[8.46173740344493,26.546531152321293],[8.461725443605294,26.546529053669932],[8.461713522043755,26.546526748828178],[8.461701642200357,26.54652423846799],[8.461689807503653,26.54652152331667],[8.461678021369623,26.546518604156553],[8.461666287202233,26.546515481825185],[8.461654608391479,26.546512157214924],[8.461642988313695,26.546508631272943],[8.461631430330495,26.54650490500118],[8.461619937789347,26.546500979456447],[8.461608514020556,26.54649685574973],[8.461597162339794,26.546492535047108],[8.461585886044833,26.546488018568873],[8.461574688416055,26.546483307589735],[8.46156357271602,26.546478403439096],[8.46155254218781,26.546473307500424],[8.461541600054836,26.546468021211496],[8.461530749520865,26.54646254606474],[8.461519993767547,26.546456883606254],[8.461509335954567,26.546451035436277],[8.461498779219568,26.546445003209467],[8.461488326675653,26.546438788633854],[8.46147798141103,26.54643239347106],[8.461467746489522,26.5464258195369],[8.461457624947293,26.54641906869986],[8.461447619793871,26.54641214288206],[8.46143773400998,26.546405044058268],[8.461427970547168,26.546397774256075],[8.461418332326135,26.54639033555511],[8.461408822236539,26.54638273008724],[8.461402060083923,26.546377128028997],[8.46129965215111,26.546198188855016],[8.461198499207436,26.54601480152149],[8.461100246391487,26.545829842132914],[8.46100516288066,26.545643835344595],[8.46100085998136,26.54563349756634],[8.460996545186804,26.54562260083185],[8.46099241987269,26.54561162893805],[8.460988485364654,26.545600585225884],[8.460984742928698,26.545589473060343],[8.460981193771385,26.54557829583088],[8.46097783903845,26.545567056948023],[8.460974679814965,26.54555575984434],[8.460971717124735,26.545544407971864],[8.46096895192995,26.54553300480235],[8.46096638513046,26.545521553823733],[8.460964017563951,26.54551005854188],[8.46096185000523,26.545498522477196],[8.460959883166112,26.5454869491648],[8.460958117694888,26.545475342151803],[8.46095655417642,26.545463704997935],[8.460955193131616,26.545452041273037],[8.460954035017485,26.545440354557073],[8.460953080226579,26.54542864843654],[8.460952329087295,26.54541692650681],[8.460951781863416,26.545405192368204],[8.460951438754057,26.545393449624587],[8.460951299893667,26.54538170188575],[8.460951365351969,26.545369952760762],[8.46095163513378,26.545358205861977],[8.460952109179164,26.54534646479982],[8.460952787363311,26.54533473318521],[8.460953669496705,26.545323014624255],[8.460954755324982,26.545311312720997],[8.46095604452919,26.54529963107403],[8.4609575367258,26.545287973275343],[8.460959231466806,26.545276342910256],[8.460961128239978,26.54526474355498],[8.460963226468905,26.545253178776164],[8.460965525513194,26.545241652130205],[8.46096802466871,26.54523016716076],[8.460970723167888,26.54521872739857],[8.46097362017993,26.54520733635964],[8.460976714810782,26.545195997545342],[8.46098000610405,26.545184714439518],[8.46098349304073,26.545173490508713],[8.460987174539905,26.545162329200156],[8.460991049458896,26.545151233941482],[8.46099511659368,26.545140208138903],[8.46099937467958,26.54512925517588],[8.461003822391223,26.54511837841319],[8.461008458343192,26.545107581186915],[8.461013281090798,26.545096866806684],[8.461018289129708,26.54508623855702],[8.46102348089778,26.545075699692916],[8.461028854774138,26.54506525344178],[8.461034409080943,26.54505490300027],[8.461040142083222,26.54504465153446],[8.46104605198941,26.54503450217883],[8.461052136952953,26.54502445803358],[8.461058395071527,26.545014522166063],[8.461064824388808,26.545004697607897],[8.461071422894785,26.54499498735442],[8.461078188525953,26.544985394364804],[8.461085119167217,26.54497592155905],[8.461089343740927,26.54497035325645],[8.461109400484714,26.54496275062877],[8.461134370213891,26.54495377340425],[8.461159488256033,26.544945227427196],[8.461184747178887,26.544937115138893],[8.461210139513001,26.544929438851938],[8.461235657756147,26.54492220074918],[8.461261294372903,26.54491540288417],[8.461287041800018,26.544909047179967],[8.461312892446847,26.54490313542943],[8.461338838698182,26.544897669294844],[8.461364872915869,26.544892650307794],[8.461390987443204,26.54488807986877],[8.461417174603664,26.54488395924764],[8.461443426707591,26.544880289582796],[8.461469736049562,26.544877071882045],[8.461496094914722,26.544874307021924],[8.461522495578814,26.544871995748057],[8.461548930310508,26.54487013867532],[8.461575391373842,26.544868736287857],[8.461601871029892,26.54486778893926],[8.461628361540226,26.544867296852743],[8.461654855166735,26.544867260121457],[8.46168153669114,26.544867681750752],[8.461679837689838,26.54483312638802],[8.461652964084937,26.54483270172054]]]]}},{"type":"Feature","properties":{"id":"street_dimaeta_infill_2_01","group":null,"name":null,"settlement_id":"settlement_dimaeta","country_id":"country_stsutodo","district_id":null,"status":"active","surface":"paved","access":"public","bridge":null,"tunnel":null,"oneway":null,"route_id":null,"alt_name":null,"notes":null},"geometry":{"type":"Polygon","coordinates":[[[-72.236975275772,-17.696673829103933],[-72.23736345255323,-17.697697105169258],[-72.23775000495631,-17.69869248314503],[-72.23798814904049,-17.699271430462474],[-72.23824426617209,-17.69974098031766],[-72.2387377186396,-17.700985300851404],[-72.23922407412407,-17.70208009851208],[-72.23967347042377,-17.703097313956544],[-72.24007035088718,-17.704042065435054],[-72.24066774640445,-17.70591590115191],[-72.2407034482449,-17.70590963903451],[-72.24010562236558,-17.704034453985848],[-72.2397080703474,-17.70308810411655],[-72.23925853905905,-17.702070583308988],[-72.2387724386261,-17.70097635997993],[-72.23827848920283,-17.69973078651602],[-72.2380222713487,-17.699261052071307],[-72.23778493527871,-17.698684069207566],[-72.23739854431025,-17.697689107159484],[-72.23701084794591,-17.69666709779726],[-72.23679433182257,-17.695928670977743],[-72.23675841762594,-17.695934235555487],[-72.236975275772,-17.696673829103933]]]}},{"type":"Feature","properties":{"id":"street_dimaeta_infill_2_02","group":null,"name":null,"settlement_id":"settlement_dimaeta","country_id":"country_stsutodo","district_id":null,"status":"active","surface":"paved","access":"public","bridge":null,"tunnel":null,"oneway":null,"route_id":null,"alt_name":null,"notes":null},"geometry":{"type":"Polygon","coordinates":[[[-72.23540213810578,-17.697308628247697],[-72.23581765631039,-17.698343575867717],[-72.2362288753046,-17.69934632448924],[-72.23648965633889,-17.69993740221982],[-72.23667409871848,-17.700367059043696],[-72.23722343033748,-17.70158725333612],[-72.23768257030586,-17.7026531629969],[-72.23808617081959,-17.703630180662945],[-72.23844154986452,-17.7045649641845],[-72.2390655202172,-17.70642504055932],[-72.23910107492456,-17.706418328446905],[-72.2384769042177,-17.70455765535984],[-72.23812113706776,-17.703621851205906],[-72.23771726733371,-17.70264418203011],[-72.23725792465981,-17.70157780198286],[-72.23670860122114,-17.700357626079395],[-72.23652420738975,-17.69992808242682],[-72.23626353384051,-17.699337248429575],[-72.23585252302505,-17.698335007653583],[-72.23543768703263,-17.697301759502324],[-72.23523258093746,-17.696573450337496],[-72.23519657489969,-17.69657869566416],[-72.23540213810578,-17.697308628247697]]]}},{"type":"Feature","properties":{"id":"street_dimaeta_infill_2_03","group":null,"name":null,"settlement_id":"settlement_dimaeta","country_id":"country_stsutodo","district_id":null,"status":"active","surface":"paved","access":"public","bridge":null,"tunnel":null,"oneway":null,"route_id":null,"alt_name":null,"notes":null},"geometry":{"type":"Polygon","coordinates":[[[-72.2344203325799,-17.697742813997525],[-72.23485658849611,-17.69878943590125],[-72.2352764332169,-17.69978942662285],[-72.23553551268921,-17.700372159049326],[-72.23565059388493,-17.70077455559975],[-72.23621619310262,-17.701955044066416],[-72.23664045171687,-17.70300423235282],[-72.23700572635693,-17.70396837000335],[-72.23733596556822,-17.704914188287294],[-72.23802152379909,-17.706757170707046],[-72.23805673437295,-17.706749485411436],[-72.2373712883901,-17.7049068052305],[-72.23704101723847,-17.703960895726794],[-72.23667546770787,-17.70299603274615],[-72.23625069149762,-17.701945564665262],[-72.23568583043222,-17.70076661706795],[-72.23557087656532,-17.7003646658552],[-72.23531101892415,-17.699780183265393],[-72.23489132223426,-17.698780545320794],[-72.23445558408854,-17.697735165835354],[-72.23421462871396,-17.696992940555784],[-72.23417897915492,-17.696999362363616],[-72.2344203325799,-17.697742813997525]]]}},{"type":"Feature","properties":{"id":"street_dimaeta_infill_2_04","group":null,"name":null,"settlement_id":"settlement_dimaeta","country_id":"country_stsutodo","district_id":null,"status":"active","surface":"paved","access":"public","bridge":null,"tunnel":null,"oneway":null,"route_id":null,"alt_name":null,"notes":null},"geometry":{"type":"Polygon","coordinates":[[[-72.23304065134927,-17.698372438354806],[-72.23347545565927,-17.69941221896151],[-72.2338799181413,-17.70039031182935],[-72.23411876150611,-17.700957952729453],[-72.23419528790491,-17.701354459231606],[-72.23472899333031,-17.7024787944959],[-72.2351260998884,-17.70352568983912],[-72.23546671154988,-17.70448257699912],[-72.23579141866658,-17.705438491135624],[-72.23653684367854,-17.707229374438306],[-72.23657160111782,-17.707220538906643],[-72.23582659090059,-17.705430652546244],[-72.23550215359568,-17.704475532979878],[-72.23516135432668,-17.703518119034523],[-72.23476366604343,-17.702469690324996],[-72.23423113826426,-17.701347836217767],[-72.23415474926965,-17.70095204182785],[-72.23391466498853,-17.700381451881867],[-72.23351021608374,-17.69940339204724],[-72.23307549260026,-17.698363804943174],[-72.23276690398441,-17.69758935333421],[-72.23273196147888,-17.697597732461876],[-72.23304065134927,-17.698372438354806]]]}},{"type":"Feature","properties":{"id":"street_dimaeta_infill_2_05","group":null,"name":null,"settlement_id":"settlement_dimaeta","country_id":"country_stsutodo","district_id":null,"status":"active","surface":"paved","access":"public","bridge":null,"tunnel":null,"oneway":null,"route_id":null,"alt_name":null,"notes":null},"geometry":{"type":"Polygon","coordinates":[[[-72.23187949598874,-17.698925260552755],[-72.23229165992224,-17.69994556269328],[-72.23266306833531,-17.700890137649857],[-72.23287094780162,-17.701436587673992],[-72.23295497067078,-17.701849179779213],[-72.23342123502108,-17.702915911928866],[-72.23380954119769,-17.70397592929189],[-72.23414937634499,-17.70493924155608],[-72.23449073012213,-17.705907041121574],[-72.23527124689168,-17.707631869007304],[-72.23530560588581,-17.707622115895067],[-72.23452566596072,-17.705898563078986],[-72.23418477163212,-17.704932066380824],[-72.23384487229868,-17.7039685724401],[-72.23345616233942,-17.702907453075678],[-72.23299085245897,-17.701842904857305],[-72.23290698408496,-17.701431071585777],[-72.23269813090339,-17.70088206212709],[-72.23232660188646,-17.69993718066561],[-72.23191406223442,-17.698915948652793],[-72.23153273516488,-17.698097738833322],[-72.23149853188623,-17.698107829410038],[-72.23187949598874,-17.698925260552755]]]}},{"type":"Feature","properties":{"id":"street_dimaeta_infill_2_06","group":null,"name":null,"settlement_id":"settlement_dimaeta","country_id":"country_stsutodo","district_id":null,"status":"active","surface":"paved","access":"public","bridge":null,"tunnel":null,"oneway":null,"route_id":null,"alt_name":null,"notes":null},"geometry":{"type":"Polygon","coordinates":[[[-72.22912614640202,-17.700160308244207],[-72.22945615092216,-17.701097580592517],[-72.22975395078724,-17.701955958023017],[-72.22992516044587,-17.702479142326897],[-72.23013523780234,-17.702975248446712],[-72.23046644917693,-17.703955770000327],[-72.23089988507154,-17.70506891466405],[-72.2312846246994,-17.706037952032208],[-72.23168057358706,-17.706992994394987],[-72.23239321691594,-17.708546064909097],[-72.23242750403277,-17.708536153709183],[-72.23171511561098,-17.706983638983495],[-72.23131949312155,-17.706029384095363],[-72.23093488287817,-17.70506067282224],[-72.23050175026809,-17.703948307323213],[-72.2301703881694,-17.702967339826316],[-72.2299603698559,-17.702471373257296],[-72.22978949122572,-17.701949200664334],[-72.22949157564761,-17.70109048995593],[-72.22916094453203,-17.700151438198574],[-72.22872731693293,-17.699255391513976],[-72.22869332184338,-17.699265920809584],[-72.22912614640202,-17.700160308244207]]]}},{"type":"Feature","properties":{"id":"street_dimaeta_infill_2_07","group":null,"name":null,"settlement_id":"settlement_dimaeta","country_id":"country_stsutodo","district_id":null,"status":"active","surface":"paved","access":"public","bridge":null,"tunnel":null,"oneway":null,"route_id":null,"alt_name":null,"notes":null},"geometry":{"type":"Polygon","coordinates":[[[-72.22790651911535,-17.70066875688338],[-72.22820835408577,-17.701564488110595],[-72.22849495955474,-17.702393937813866],[-72.22867916589031,-17.70292610104812],[-72.22895981873405,-17.703474850141387],[-72.2292736925142,-17.704439596486793],[-72.22974158036014,-17.705574666908593],[-72.23014797671834,-17.706532725250852],[-72.23055512413494,-17.707458199171626],[-72.23118234704341,-17.708930185837662],[-72.23121699846362,-17.70892109790156],[-72.23058970074678,-17.70744893595402],[-72.2301825638472,-17.70652348611197],[-72.22977631695666,-17.705565780318942],[-72.22930896066133,-17.704431999666777],[-72.22899467371057,-17.70346598360887],[-72.22871388263428,-17.70291696433904],[-72.22853041986995,-17.702386949385247],[-72.22824385537015,-17.701557618493293],[-72.22794164728943,-17.70066078026609],[-72.2275475421333,-17.699743139282557],[-72.2275129287523,-17.699752314358626],[-72.22790651911535,-17.70066875688338]]]}},{"type":"Feature","properties":{"id":"street_dimaeta_infill_2_08","group":null,"name":null,"settlement_id":"settlement_dimaeta","country_id":"country_stsutodo","district_id":null,"status":"active","surface":"paved","access":"public","bridge":null,"tunnel":null,"oneway":null,"route_id":null,"alt_name":null,"notes":null},"geometry":{"type":"Polygon","coordinates":[[[-72.22666710224871,-17.70115314887069],[-72.22696222096009,-17.702012962675497],[-72.22726115298985,-17.70282809865917],[-72.22747847488395,-17.703385923963],[-72.22779768283425,-17.70398000373821],[-72.22814047413134,-17.704949235051256],[-72.22863319934477,-17.706094565325632],[-72.22904354395877,-17.707025376030682],[-72.22943934969722,-17.707905982535742],[-72.22998099516725,-17.70931116151748],[-72.23001607193204,-17.709303121838538],[-72.22947410838681,-17.707897117996094],[-72.2290779857044,-17.707015806504636],[-72.22866774785457,-17.706085238146887],[-72.22817550524427,-17.704941029908568],[-72.22783223732165,-17.703970451160274],[-72.22751278416592,-17.7033759151289],[-72.22729630365929,-17.70282024962574],[-72.22699759625768,-17.70200572637877],[-72.22670253479154,-17.701146079601603],[-72.22637714903168,-17.700227348428587],[-72.22634176826213,-17.700234563620192],[-72.22666710224871,-17.70115314887069]]]}},{"type":"Feature","properties":{"id":"street_dimaeta_infill_2_09","group":null,"name":null,"settlement_id":"settlement_dimaeta","country_id":"country_stsutodo","district_id":null,"status":"active","surface":"paved","access":"public","bridge":null,"tunnel":null,"oneway":null,"route_id":null,"alt_name":null,"notes":null},"geometry":{"type":"Polygon","coordinates":[[[-72.22530916673188,-17.70167951926732],[-72.2256256459713,-17.70252551833086],[-72.22596051371372,-17.70335434121512],[-72.22622497015627,-17.7039621494737],[-72.22654000388727,-17.70459282990357],[-72.22694294821547,-17.705580372844228],[-72.22743870603514,-17.70671865057596],[-72.22782811203278,-17.707603368322925],[-72.22818981598633,-17.70842669695874],[-72.22867099323193,-17.70978119769305],[-72.22870636530322,-17.70977395526448],[-72.22822479714263,-17.708418354463685],[-72.22786261624051,-17.70759394033825],[-72.22747322875789,-17.706709264807092],[-72.22697764845535,-17.705571394876834],[-72.2265743771638,-17.704583050792532],[-72.22625917399817,-17.703952031264148],[-72.22599523809444,-17.703345419483515],[-72.22566068842066,-17.70251738402316],[-72.22534479602332,-17.70167295390817],[-72.22508417414,-17.70076205854752],[-72.22504820286302,-17.700767428302566],[-72.22530916673188,-17.70167951926732]]]}},{"type":"Feature","properties":{"id":"street_dimaeta_infill_2_10","group":null,"name":null,"settlement_id":"settlement_dimaeta","country_id":"country_stsutodo","district_id":null,"status":"active","surface":"paved","access":"public","bridge":null,"tunnel":null,"oneway":null,"route_id":null,"alt_name":null,"notes":null},"geometry":{"type":"Polygon","coordinates":[[[-72.22395363429975,-17.702208632234974],[-72.22430960184602,-17.703061286879567],[-72.22468919068449,-17.703925359450945],[-72.22499846389724,-17.704597590797313],[-72.22526912448276,-17.70524755101738],[-72.22573741262704,-17.70625868777026],[-72.22621172916134,-17.70737073991537],[-72.22655998516265,-17.708195437378436],[-72.22687529787567,-17.708957247025996],[-72.22733950868147,-17.710279960056432],[-72.22737492117159,-17.7102728318886],[-72.22691041913392,-17.708949289383042],[-72.22659472297894,-17.70818655349021],[-72.22624639877007,-17.70736169467047],[-72.2257718622454,-17.70624912695742],[-72.22530363301115,-17.705238117582383],[-72.22503298827125,-17.70458819553297],[-72.2247235822682,-17.70391567567348],[-72.22434422905467,-17.70305213962049],[-72.22398928873665,-17.70220194571346],[-72.22376342827282,-17.70130770348874],[-72.22372720625786,-17.701312142442664],[-72.22395363429975,-17.702208632234974]]]}},{"type":"Feature","properties":{"id":"street_dimaeta_infill_2_11","group":null,"name":null,"settlement_id":"settlement_dimaeta","country_id":"country_stsutodo","district_id":null,"status":"active","surface":"paved","access":"public","bridge":null,"tunnel":null,"oneway":null,"route_id":null,"alt_name":null,"notes":null},"geometry":{"type":"Polygon","coordinates":[[[-72.22135696766725,-17.70333376574762],[-72.22181495428153,-17.704294539150343],[-72.22227960160166,-17.70530963961592],[-72.22264898875206,-17.706154328590372],[-72.22281748174319,-17.706817981828458],[-72.22329892708099,-17.707808585802287],[-72.22366110876204,-17.70877753309449],[-72.2238959299495,-17.709435501910882],[-72.22411802409374,-17.710059438793365],[-72.22462369867264,-17.711298267946304],[-72.22465854161732,-17.71128963824439],[-72.22415314463426,-17.71005148944027],[-72.2239312929894,-17.70942823398445],[-72.22369638508187,-17.70877002234135],[-72.22333358094264,-17.70779941000614],[-72.22285290246553,-17.706810384105516],[-72.2226845699798,-17.706147363277662],[-72.22231401759151,-17.70530000990464],[-72.22184914602052,-17.704284419691483],[-72.22139177034657,-17.703324928100272],[-72.22106851069118,-17.702418411321347],[-72.22103315267253,-17.702425691407733],[-72.22135696766725,-17.70333376574762]]]}},{"type":"Feature","properties":{"id":"street_dimaeta_infill_2_12","group":null,"name":null,"settlement_id":"settlement_dimaeta","country_id":"country_stsutodo","district_id":null,"status":"active","surface":"paved","access":"public","bridge":null,"tunnel":null,"oneway":null,"route_id":null,"alt_name":null,"notes":null},"geometry":{"type":"Polygon","coordinates":[[[-72.22008067507151,-17.703941324478883],[-72.22057038659578,-17.70498091377497],[-72.22105414960164,-17.70608355442362],[-72.22143305250476,-17.707014346580916],[-72.2215956720402,-17.707678310053154],[-72.22200641703031,-17.708618662352713],[-72.2223101337055,-17.709494530811423],[-72.22250363452969,-17.710070330702987],[-72.22270305050606,-17.710637274355438],[-72.22322781061004,-17.71182173724218],[-72.22326227623154,-17.711812220672748],[-72.2227380352077,-17.710628929662356],[-72.22253911336912,-17.71006339100301],[-72.22234563483684,-17.70948765761811],[-72.22204145810649,-17.708610462673573],[-72.22163130840643,-17.70767147345331],[-72.22146878509227,-17.7070079030903],[-72.22108883847841,-17.706074547240252],[-72.22060472152752,-17.704971100045],[-72.2201148955776,-17.70393126800653],[-72.21968300875584,-17.702988738247203],[-72.21964871547893,-17.702998635756906],[-72.22008067507151,-17.703941324478883]]]}},{"type":"Feature","properties":{"id":"street_dimaeta_infill_2_13","group":null,"name":null,"settlement_id":"settlement_dimaeta","country_id":"country_stsutodo","district_id":null,"status":"active","surface":"paved","access":"public","bridge":null,"tunnel":null,"oneway":null,"route_id":null,"alt_name":null,"notes":null},"geometry":{"type":"Polygon","coordinates":[[[-72.21877234333456,-17.70451141281279],[-72.21923795642384,-17.70557214302177],[-72.21968990474463,-17.706693886576797],[-72.22004374450015,-17.707649525975814],[-72.22022624425502,-17.708279808077773],[-72.22056473009349,-17.70919894038384],[-72.22086198603938,-17.710042303675355],[-72.2210600851554,-17.71059001191744],[-72.22127989747091,-17.711154947098116],[-72.22183373010817,-17.712344344855484],[-72.22186793986582,-17.71233426491192],[-72.22131455588071,-17.71114583087445],[-72.22109526511846,-17.710582236253234],[-72.22089734094962,-17.71003501185363],[-72.22060005409847,-17.70919156111191],[-72.22026187960591,-17.708273274504112],[-72.2200793719811,-17.70764296543654],[-72.2197249733622,-17.70668581693632],[-72.21927266749567,-17.705563186191632],[-72.21880631861751,-17.704500779933436],[-72.21829941474992,-17.703558648614507],[-72.21826607720853,-17.70357046668937],[-72.21877234333456,-17.70451141281279]]]}},{"type":"Feature","properties":{"id":"street_dimaeta_infill_2_14","group":null,"name":null,"settlement_id":"settlement_dimaeta","country_id":"country_stsutodo","district_id":null,"status":"active","surface":"paved","access":"public","bridge":null,"tunnel":null,"oneway":null,"route_id":null,"alt_name":null,"notes":null},"geometry":{"type":"Polygon","coordinates":[[[-72.21750350953899,-17.70505796985207],[-72.21792555535606,-17.706121125657283],[-72.21833550410258,-17.70723446476047],[-72.2186652143829,-17.708187419268917],[-72.21890457313219,-17.708787562926204],[-72.21917220227554,-17.7096779929131],[-72.21949122765257,-17.71051408894308],[-72.2197165263008,-17.711059828025228],[-72.21997089555988,-17.7116450222095],[-72.22051506331789,-17.712838230551124],[-72.22054938265588,-17.712828388207722],[-72.22000533679046,-17.711635447344957],[-72.2197512049339,-17.711050799430286],[-72.21952618823079,-17.710505743416196],[-72.21920772946712,-17.70967113257086],[-72.2189400313262,-17.70878047330147],[-72.218700430431,-17.708179722668824],[-72.21837085970775,-17.707227171778182],[-72.21796066310063,-17.706113159824316],[-72.21753758711333,-17.705047409169847],[-72.21699063924028,-17.704097106977873],[-72.21695777901176,-17.704109782653976],[-72.21750350953899,-17.70505796985207]]]}},{"type":"Feature","properties":{"id":"street_dimaeta_infill_2_15","group":null,"name":null,"settlement_id":"settlement_dimaeta","country_id":"country_stsutodo","district_id":null,"status":"active","surface":"paved","access":"public","bridge":null,"tunnel":null,"oneway":null,"route_id":null,"alt_name":null,"notes":null},"geometry":{"type":"Polygon","coordinates":[[[-72.21623486969911,-17.70558798465122],[-72.21661481173098,-17.70664689139899],[-72.21699447305956,-17.707741104540386],[-72.21731925535794,-17.708682763931535],[-72.2176352602861,-17.709275552407473],[-72.21785694231366,-17.710123834824017],[-72.21821336449891,-17.7109672066732],[-72.21847247508069,-17.71152540071614],[-72.21875721712723,-17.71213736929706],[-72.21924844346972,-17.71331219976806],[-72.21928318117612,-17.713303314589037],[-72.21879170531119,-17.712127887578784],[-72.21850669815244,-17.7115153493358],[-72.21824783181187,-17.71095768154707],[-72.21789253038284,-17.710116961839393],[-72.217670476665,-17.709267257385452],[-72.21735388857759,-17.708673375085432],[-72.2170299316601,-17.707734108996412],[-72.21665020576049,-17.706639710071585],[-72.21626932116244,-17.70557817661359],[-72.21572651654724,-17.70459625387769],[-72.21569336486145,-17.70460841306419],[-72.21623486969911,-17.70558798465122]]]}},{"type":"Feature","properties":{"id":"street_dimaeta_infill_2_16","group":null,"name":null,"settlement_id":"settlement_dimaeta","country_id":"country_stsutodo","district_id":null,"status":"active","surface":"paved","access":"public","bridge":null,"tunnel":null,"oneway":null,"route_id":null,"alt_name":null,"notes":null},"geometry":{"type":"Polygon","coordinates":[[[-72.21358179554419,-17.7066682180908],[-72.21392335675759,-17.707669742566765],[-72.21430299395095,-17.708685170752357],[-72.21467908007266,-17.70958925118517],[-72.2150890579303,-17.710229781562685],[-72.21535489375832,-17.710999893685845],[-72.21578262607761,-17.711903852486774],[-72.21607637507407,-17.71251169927184],[-72.21636767378378,-17.713170979149453],[-72.21671543433669,-17.714259683447377],[-72.21675113162152,-17.714253403328517],[-72.21640285228904,-17.71316307525825],[-72.21611062615679,-17.712501696528104],[-72.21581669007111,-17.71189346269663],[-72.21538978350533,-17.71099124918045],[-72.21512324874104,-17.710219112419274],[-72.21471271276945,-17.709577710149663],[-72.21433798023934,-17.708676883790194],[-72.213958711025,-17.707662440105562],[-72.21361706600986,-17.706660670183535],[-72.21319919786674,-17.705595883750924],[-72.2131641928355,-17.70560410776291],[-72.21358179554419,-17.7066682180908]]]}},{"type":"Feature","properties":{"id":"street_dimaeta_infill_2_17","group":null,"name":null,"settlement_id":"settlement_dimaeta","country_id":"country_stsutodo","district_id":null,"status":"active","surface":"paved","access":"public","bridge":null,"tunnel":null,"oneway":null,"route_id":null,"alt_name":null,"notes":null},"geometry":{"type":"Polygon","coordinates":[[[-72.21190715900313,-17.707331121394095],[-72.21225910391671,-17.708278647991726],[-72.21266374004162,-17.70924379624983],[-72.21308153026139,-17.710139756817465],[-72.21347289677112,-17.710826752203843],[-72.21381485228136,-17.711581178221085],[-72.21425416899018,-17.712531302427838],[-72.2145332592842,-17.713159853946202],[-72.2147977306002,-17.71382602633449],[-72.21511065086477,-17.71486064093292],[-72.2151464920519,-17.714854823351345],[-72.21483318669031,-17.713818935847065],[-72.21456797908347,-17.713150908987036],[-72.2142885216513,-17.71252153073567],[-72.21384915149139,-17.71157129108551],[-72.21350660930506,-17.710815570843938],[-72.21311515316297,-17.710128418199492],[-72.21269821559088,-17.70923428628342],[-72.21229408764327,-17.708270350337013],[-72.21194265326537,-17.707324198478748],[-72.211597564925,-17.706229072152265],[-72.21156183175,-17.706235236529793],[-72.21190715900313,-17.707331121394095]]]}},{"type":"Feature","properties":{"id":"street_dimaeta_infill_2_18","group":null,"name":null,"settlement_id":"settlement_dimaeta","country_id":"country_stsutodo","district_id":null,"status":"active","surface":"paved","access":"public","bridge":null,"tunnel":null,"oneway":null,"route_id":null,"alt_name":null,"notes":null},"geometry":{"type":"Polygon","coordinates":[[[-72.21085989736544,-17.707744623344183],[-72.21123948968405,-17.708643011458957],[-72.21167485256085,-17.709570108686293],[-72.21212420170207,-17.710466040224073],[-72.21245693774712,-17.71120167213217],[-72.21287463149933,-17.711959536092806],[-72.21330049311057,-17.712949203560665],[-72.2135481453827,-17.713590113729527],[-72.21377711508346,-17.71424918817096],[-72.21410220246143,-17.71523884162852],[-72.21413782036849,-17.715232316060025],[-72.21381264920255,-17.714242407840032],[-72.21358341137054,-17.713582561788165],[-72.213335341036,-17.712940569849675],[-72.21290859769611,-17.711948853488796],[-72.21249075546665,-17.711190720230036],[-72.21215828842661,-17.71045568315459],[-72.21170883278906,-17.70955953940744],[-72.21127392842544,-17.708633418720126],[-72.21089541146583,-17.70773757587603],[-72.2105908764338,-17.706626945036522],[-72.21055481228623,-17.706631986081675],[-72.21085989736544,-17.707744623344183]]]}},{"type":"Feature","properties":{"id":"street_dimaeta_infill_2_19","group":null,"name":null,"settlement_id":"settlement_dimaeta","country_id":"country_stsutodo","district_id":null,"status":"active","surface":"paved","access":"public","bridge":null,"tunnel":null,"oneway":null,"route_id":null,"alt_name":null,"notes":null},"geometry":{"type":"Polygon","coordinates":[[[-72.20926168110668,-17.708369100457727],[-72.2096642531457,-17.709210555398684],[-72.21011670112557,-17.710104892927355],[-72.21058091367637,-17.711021544427343],[-72.210838927091,-17.7117983751255],[-72.21130708177994,-17.71258459469749],[-72.21170794908403,-17.713611239420693],[-72.2119182668746,-17.714246925241973],[-72.21211717266264,-17.714883476076764],[-72.21249654016357,-17.71584140324695],[-72.21253150992001,-17.71583308717088],[-72.21215257936869,-17.71487626356315],[-72.2119539458584,-17.714240584289904],[-72.21174328248006,-17.71360385412279],[-72.21134111533546,-17.712573880638402],[-72.2108733972507,-17.71178839441423],[-72.21061574485788,-17.711012650838583],[-72.21015043320483,-17.71009382915825],[-72.20969815416663,-17.70919982568508],[-72.2092969537205,-17.708361237796286],[-72.20898758139445,-17.70725951440194],[-72.20895156790661,-17.707264738313047],[-72.20926168110668,-17.708369100457727]]]}},{"type":"Feature","properties":{"id":"street_dimaeta_infill_2_20","group":null,"name":null,"settlement_id":"settlement_dimaeta","country_id":"country_stsutodo","district_id":null,"status":"active","surface":"paved","access":"public","bridge":null,"tunnel":null,"oneway":null,"route_id":null,"alt_name":null,"notes":null},"geometry":{"type":"Polygon","coordinates":[[[-72.20824195830072,-17.708763553887177],[-72.20865707641944,-17.70956583898178],[-72.20910844037816,-17.710448536102003],[-72.20956316692195,-17.711395400842864],[-72.20975978570902,-17.71219589020772],[-72.2102314941367,-17.71302535873306],[-72.2106031061,-17.71407116615194],[-72.21078545615575,-17.714688771082155],[-72.21097165630573,-17.715293964523955],[-72.21142602832208,-17.716243669256958],[-72.21146008990576,-17.716233274017657],[-72.21100675928444,-17.715285746126554],[-72.21082130599453,-17.714682980338623],[-72.21063876487682,-17.714064728516885],[-72.21026590284751,-17.713015403357957],[-72.20979500486784,-17.712187360101282],[-72.20959866039495,-17.711387987785063],[-72.20914229897564,-17.710437718965828],[-72.20869070703444,-17.709554576107166],[-72.2082767317481,-17.70875449984856],[-72.20791820457758,-17.70768068535623],[-72.20788263612917,-17.707687358028934],[-72.20824195830072,-17.708763553887177]]]}},{"type":"Feature","properties":{"id":"street_dimaeta_infill_2_21","group":null,"name":null,"settlement_id":"settlement_dimaeta","country_id":"country_stsutodo","district_id":null,"status":"active","surface":"paved","access":"public","bridge":null,"tunnel":null,"oneway":null,"route_id":null,"alt_name":null,"notes":null},"geometry":{"type":"Polygon","coordinates":[[[-72.20557201020878,-17.7097729460094],[-72.20594279272142,-17.71052951209528],[-72.2063303513816,-17.71142455110437],[-72.20672899701188,-17.712458683753525],[-72.20692672458306,-17.71324054039119],[-72.20728992558428,-17.714175198463106],[-72.20765223965326,-17.715221432225572],[-72.20783939288167,-17.71576868540807],[-72.20806371911144,-17.71630621101257],[-72.20861418588791,-17.717298178556373],[-72.20864731209487,-17.7172859711503],[-72.20809775527577,-17.716295643505212],[-72.2078745483698,-17.71576080010175],[-72.20768771581838,-17.715214484759397],[-72.20732518721135,-17.71416763178245],[-72.20696247581131,-17.713234233907297],[-72.20676475863249,-17.712452418660433],[-72.20636519064938,-17.711415893592886],[-72.20597705998443,-17.710519533745735],[-72.2056058247267,-17.709762043961174],[-72.20510971870472,-17.70878633936606],[-72.20507601628447,-17.708797461758277],[-72.20557201020878,-17.7097729460094]]]}},{"type":"Feature","properties":{"id":"street_dimaeta_infill_2_22","group":null,"name":null,"settlement_id":"settlement_dimaeta","country_id":"country_stsutodo","district_id":null,"status":"active","surface":"paved","access":"public","bridge":null,"tunnel":null,"oneway":null,"route_id":null,"alt_name":null,"notes":null},"geometry":{"type":"Polygon","coordinates":[[[-72.20430188044901,-17.71023719706382],[-72.20462892606372,-17.71099456952613],[-72.2049760530086,-17.71190879846537],[-72.20535252571733,-17.712981805005764],[-72.20561248493968,-17.713725817277886],[-72.2059088857824,-17.714699551999498],[-72.2062985393492,-17.715728667817377],[-72.20651593764097,-17.71623854014526],[-72.20677584313438,-17.71675450943976],[-72.20730915593109,-17.717786560788433],[-72.20734275863985,-17.717775242645928],[-72.20680952582961,-17.71674334620558],[-72.20655017507819,-17.71622847826616],[-72.20633344999008,-17.715720184923473],[-72.20594440558034,-17.71469267821513],[-72.20564812374289,-17.71371933476544],[-72.2053879458316,-17.712974696820776],[-72.20501133186318,-17.711901287966306],[-72.20466380350992,-17.710986002057602],[-72.20433573504194,-17.71022626100016],[-72.20380674338617,-17.709299623212942],[-72.20377382252539,-17.709312194806476],[-72.20430188044901,-17.71023719706382]]]}},{"type":"Feature","properties":{"id":"street_dimaeta_infill_2_23","group":null,"name":null,"settlement_id":"settlement_dimaeta","country_id":"country_stsutodo","district_id":null,"status":"active","surface":"paved","access":"public","bridge":null,"tunnel":null,"oneway":null,"route_id":null,"alt_name":null,"notes":null},"geometry":{"type":"Polygon","coordinates":[[[-72.20296474840065,-17.710722052437784],[-72.20325008300392,-17.711489303061285],[-72.20356879379648,-17.712420950285804],[-72.20394254436549,-17.71352130489173],[-72.20427824662343,-17.714218988393753],[-72.20453748383284,-17.715212390497392],[-72.20496849400939,-17.716221495964227],[-72.20522005973612,-17.716701500881364],[-72.20550859664563,-17.71721046711264],[-72.20598401520809,-17.718281959041065],[-72.20601847392294,-17.718272424529168],[-72.20554239042544,-17.7171994341409],[-72.20525331124946,-17.71668951143157],[-72.2050026208894,-17.716211176832307],[-72.2045730590124,-17.715205462418332],[-72.20431363810845,-17.714211356716017],[-72.20397743392218,-17.713512630219814],[-72.20360429937472,-17.712414089524653],[-72.20328544131672,-17.71148201208847],[-72.20299899533991,-17.710711773201435],[-72.20248422453061,-17.70982139742957],[-72.20245139767147,-17.709834132816823],[-72.20296474840065,-17.710722052437784]]]}},{"type":"Feature","properties":{"id":"street_dimaeta_infill_2_24","group":null,"name":null,"settlement_id":"settlement_dimaeta","country_id":"country_stsutodo","district_id":null,"status":"active","surface":"paved","access":"public","bridge":null,"tunnel":null,"oneway":null,"route_id":null,"alt_name":null,"notes":null},"geometry":{"type":"Polygon","coordinates":[[[-72.20164611507798,-17.711203193143053],[-72.20190530671914,-17.711983780205617],[-72.20221695288176,-17.71292478087655],[-72.20261006325507,-17.714036343090726],[-72.20300522432915,-17.7146898607722],[-72.20327304364044,-17.715680189262823],[-72.20374541433537,-17.716672775245037],[-72.20402097687754,-17.717136157626836],[-72.20431992693062,-17.71765392287499],[-72.20471954233523,-17.7187544827261],[-72.20475484022525,-17.71874703010668],[-72.20435424240603,-17.717643764876705],[-72.20405370345166,-17.717123247794554],[-72.20377883524452,-17.716661033036814],[-72.20330839243678,-17.715672498263512],[-72.20304013901242,-17.7146805647894],[-72.20264433241309,-17.71402597964339],[-72.20225244614608,-17.712917878971098],[-72.20194089791615,-17.711977174293246],[-72.20168087302746,-17.71119407799448],[-72.20122265088276,-17.710319976957212],[-72.20118914125787,-17.71033147327202],[-72.20164611507798,-17.711203193143053]]]}},{"type":"Feature","properties":{"id":"street_dimaeta_infill_2_25","group":null,"name":null,"settlement_id":"settlement_dimaeta","country_id":"country_stsutodo","district_id":null,"status":"active","surface":"paved","access":"public","bridge":null,"tunnel":null,"oneway":null,"route_id":null,"alt_name":null,"notes":null},"geometry":{"type":"Polygon","coordinates":[[[-72.23698489021483,-17.696655255729784],[-72.23541074246533,-17.69729038888995],[-72.23442842838475,-17.69772434382346],[-72.23304831721049,-17.69835357794825],[-72.23188699588209,-17.698906074352323],[-72.23055222028812,-17.699520435230674],[-72.22913430637958,-17.700141098900644],[-72.2279151718137,-17.700649857408372],[-72.22667611992371,-17.701134619724176],[-72.22531828967568,-17.701661239299312],[-72.22396252835527,-17.702190385824508],[-72.2223490112197,-17.702870214412375],[-72.22136464449159,-17.703314787983675],[-72.22008816829266,-17.703921686098255],[-72.21878001410012,-17.704491355417456],[-72.21751135136661,-17.705037896797506],[-72.2162430142379,-17.705568239415364],[-72.21504576882718,-17.70606418601862],[-72.21359059258228,-17.706649503622664],[-72.2119161217862,-17.707312697968526],[-72.21086891089625,-17.707726121444338],[-72.20927063701903,-17.708350166193377],[-72.20825072152707,-17.708744001886615],[-72.20665178736112,-17.709355926347428],[-72.20558054198038,-17.709752376514313],[-72.20431048651221,-17.7102165906356],[-72.2029735515299,-17.710701773999176],[-72.20165457074584,-17.71118371696837],[-72.20023124150426,-17.711817848388318],[-72.20025021229314,-17.711847184961012],[-72.20167241736313,-17.71121355416754],[-72.20299019221422,-17.710732051638413],[-72.20432712898231,-17.71024686742667],[-72.20559729295867,-17.70978261345455],[-72.20666879603871,-17.709386067756707],[-72.20826796852532,-17.708774051847545],[-72.20928799781171,-17.70838017205916],[-72.21088639793855,-17.70775607777445],[-72.21193369048582,-17.70734262190292],[-72.21360826897529,-17.706679384650187],[-72.21506370568383,-17.70609396205853],[-72.21626117662719,-17.705597921847755],[-72.21752974528923,-17.70506748222265],[-72.21879864785546,-17.704520837326978],[-72.22010740235991,-17.703950906385376],[-72.22138409352574,-17.7033439058625],[-72.22236773508882,-17.702899659647333],[-72.22398039468462,-17.70222019212252],[-72.22533567308301,-17.701691233874794],[-72.22669351712008,-17.701164608746687],[-72.22793299459461,-17.70067967973955],[-72.229152784558,-17.700170647540464],[-72.23057128379507,-17.6995497274355],[-72.23190656234453,-17.698935134851492],[-72.23306782674256,-17.698382665348042],[-72.23444748828716,-17.697753636007864],[-72.23542908267659,-17.6973199988586],[-72.23700123350663,-17.69668567117009],[-72.23832050178397,-17.69628146101696],[-72.23830568156926,-17.69625057911601],[-72.23698489021483,-17.696655255729784]]]}},{"type":"Feature","properties":{"id":"street_dimaeta_infill_2_26","group":null,"name":null,"settlement_id":"settlement_dimaeta","country_id":"country_stsutodo","district_id":null,"status":"active","surface":"paved","access":"public","bridge":null,"tunnel":null,"oneway":null,"route_id":null,"alt_name":null,"notes":null},"geometry":{"type":"Polygon","coordinates":[[[-72.23737285762893,-17.697677873454012],[-72.23582566898654,-17.69832459391652],[-72.23486431214475,-17.698770395887408],[-72.23348327873877,-17.69939317185231],[-72.23229977574822,-17.69992664689225],[-72.23092592536896,-17.700505297354677],[-72.229465253152,-17.701079006137153],[-72.22821774113415,-17.701545931795106],[-72.22697147896204,-17.7019942466884],[-72.2256343911174,-17.702506485955645],[-72.2243175652152,-17.70304198141309],[-72.22275785376118,-17.70376707811031],[-72.22182129620778,-17.704275440564572],[-72.22057739967721,-17.70496163720149],[-72.21924601901695,-17.705552912223848],[-72.21793411420714,-17.706102265504576],[-72.21662372515942,-17.70662833851627],[-72.215397713235,-17.707105595253335],[-72.21393264167017,-17.707650979579828],[-72.21226832196558,-17.708259344001625],[-72.21124847839873,-17.708623044459276],[-72.20967300506048,-17.709190008256094],[-72.20866570518045,-17.70954502093694],[-72.20705358484254,-17.71012263877942],[-72.20595177978983,-17.710509321993978],[-72.20463815395401,-17.710975107556063],[-72.20325944922818,-17.71147051592327],[-72.20191428832483,-17.711965516581106],[-72.2005381468881,-17.71255344973132],[-72.20055661785787,-17.712583004414874],[-72.20193191436583,-17.7119954320338],[-72.20327607509599,-17.711500799225085],[-72.20465457562322,-17.711005464026194],[-72.20596807291959,-17.71053972384545],[-72.20706993508722,-17.71015302042187],[-72.20868207827698,-17.709575394150324],[-72.2096894022554,-17.709220372826014],[-72.2112649397143,-17.70865338571823],[-72.21228486959798,-17.70828965432564],[-72.21394942611595,-17.707681203091113],[-72.21541485193121,-17.70713568667219],[-72.21664129233555,-17.70665826295285],[-72.21795210425309,-17.70613201997551],[-72.21926460490609,-17.705582416987887],[-72.22059770844952,-17.704990376616664],[-72.2218428040977,-17.70430351827534],[-72.22277831916935,-17.703795721523193],[-72.22433626568902,-17.70307144508528],[-72.22565194327808,-17.70253641639684],[-72.22698833825928,-17.702024442364507],[-72.22823446832531,-17.70157617480742],[-72.22948247342127,-17.701109064409895],[-72.23094382557107,-17.700535088348914],[-72.23231848606397,-17.699956096465044],[-72.23350239170954,-17.699422439739948],[-72.2348835985891,-17.69879958533294],[-72.23584451035242,-17.698353989603124],[-72.23738913923813,-17.697708338873305],[-72.23872667082551,-17.697322245504594],[-72.2387124367734,-17.69729118923176],[-72.23737285762893,-17.697677873454012]]]}},{"type":"Feature","properties":{"id":"street_dimaeta_infill_2_27","group":null,"name":null,"settlement_id":"settlement_dimaeta","country_id":"country_stsutodo","district_id":null,"status":"active","surface":"paved","access":"public","bridge":null,"tunnel":null,"oneway":null,"route_id":null,"alt_name":null,"notes":null},"geometry":{"type":"Polygon","coordinates":[[[-72.23799611404628,-17.699251402582767],[-72.23649737505689,-17.699918108444308],[-72.23554384703716,-17.70035368292739],[-72.23412792064434,-17.700940055262514],[-72.23288052946371,-17.7014187346881],[-72.23143930429833,-17.7019375279799],[-72.2299346197225,-17.702460058043986],[-72.22868811095206,-17.702906428779926],[-72.22748648446029,-17.70336609546527],[-72.22623202163534,-17.703942682327245],[-72.22500480919605,-17.704578934235876],[-72.22353586170271,-17.705468632310964],[-72.22265418613561,-17.7061379729448],[-72.22143981883072,-17.706997195172033],[-72.2200523791277,-17.707631437852157],[-72.21867428630996,-17.70816851241286],[-72.2173283503776,-17.70866289532826],[-72.21610848325027,-17.709087400049544],[-72.2146879233649,-17.70956822005029],[-72.21309034560937,-17.710118834715452],[-72.21213312628421,-17.710445650709968],[-72.21059000556058,-17.711001960416027],[-72.20957249622042,-17.711376591531234],[-72.2079101354162,-17.711996534021928],[-72.20673833614853,-17.71244049480527],[-72.2053616648223,-17.71296320551974],[-72.20395137305039,-17.713501939299988],[-72.20261878281885,-17.71401605543398],[-72.20133850331733,-17.71447068238674],[-72.2013548686649,-17.714501059452218],[-72.20263561285289,-17.71404626729849],[-72.20396860524085,-17.713531995809998],[-72.20537880673018,-17.71299329630539],[-72.20675542557564,-17.712470605305214],[-72.20792713025222,-17.712026680183268],[-72.20958933109998,-17.7114067970953],[-72.21060665297722,-17.71103223484837],[-72.21214936384804,-17.710476072667095],[-72.21310633781859,-17.710149340299814],[-72.21470386948076,-17.709598741282832],[-72.21612448140009,-17.70911790345887],[-72.21734479356152,-17.70869324368713],[-72.2186913585075,-17.70819862952346],[-72.22007073735702,-17.707661053558752],[-72.22146201876969,-17.707025054497503],[-72.22267937259939,-17.706163718921417],[-72.22356012505008,-17.705495078904303],[-72.22502664297582,-17.70460685209252],[-72.22625212252258,-17.70397149840874],[-72.22750477459313,-17.703395743624892],[-72.22870493757608,-17.702936636605695],[-72.22995091058284,-17.70249045753878],[-72.23145562388868,-17.701967917273556],[-72.23289740242635,-17.70144892457042],[-72.23414559013493,-17.70096993929343],[-72.23556254222089,-17.70038314197561],[-72.23651648867526,-17.699947376200633],[-72.23801430634646,-17.69928107994925],[-72.23929800255215,-17.698780467661184],[-72.23928059182104,-17.698750485693942],[-72.23799611404628,-17.699251402582767]]]}},{"type":"Feature","properties":{"id":"street_dimaeta_infill_2_28","group":null,"name":null,"settlement_id":"settlement_dimaeta","country_id":"country_stsutodo","district_id":null,"status":"active","surface":"paved","access":"public","bridge":null,"tunnel":null,"oneway":null,"route_id":null,"alt_name":null,"notes":null},"geometry":{"type":"Polygon","coordinates":[[[-72.2387456388187,-17.70096613073848],[-72.23723210155498,-17.70156748463764],[-72.23622520397633,-17.70193513799181],[-72.23473832767053,-17.702458992669747],[-72.23343076550947,-17.702896409633713],[-72.231963019248,-17.703400565531165],[-72.23047549698398,-17.70393700356295],[-72.2292820886695,-17.70442102050039],[-72.22814795390947,-17.704930713382982],[-72.22694957627603,-17.70556182608785],[-72.22574349026347,-17.706240088559518],[-72.22424884894117,-17.707140792206285],[-72.22330434167317,-17.707790650361556],[-72.22201360322344,-17.70860022510648],[-72.22057393280072,-17.709180157919327],[-72.21918199196041,-17.709659302727275],[-72.21786678416476,-17.710105130854032],[-72.21671042332476,-17.710499969556526],[-72.2153639762176,-17.71098044802081],[-72.21382330460814,-17.7115612373593],[-72.21288275870002,-17.71193926117745],[-72.21131518319474,-17.71256432764747],[-72.21023982908898,-17.713005452089604],[-72.20851496303713,-17.713682233811586],[-72.20729892478246,-17.714156392867118],[-72.20591813236418,-17.714681047798415],[-72.20454683534774,-17.715193830161976],[-72.20328279127042,-17.71566105911676],[-72.2020001605992,-17.716056088413847],[-72.20201503393776,-17.716086959780498],[-72.20329864481039,-17.715691628408198],[-72.20456370750104,-17.715224022752384],[-72.20593515900212,-17.714711182414838],[-72.20731618801669,-17.71418643737699],[-72.2085324082887,-17.713712207165127],[-72.21025756789878,-17.713035309999736],[-72.2113330139242,-17.712594147686655],[-72.21290047049897,-17.711969128402416],[-72.21384069916816,-17.711591231945654],[-72.2153807010496,-17.711010694843964],[-72.21672660542208,-17.710530409852893],[-72.21788268853527,-17.71013566580807],[-72.21919793978581,-17.709689822755387],[-72.22059085139475,-17.709210343575002],[-72.22203427191681,-17.70862889991807],[-72.22332816635372,-17.707817345444905],[-72.22427243067635,-17.70716765426398],[-72.22576578461234,-17.706267726166228],[-72.22697102039822,-17.705589941631377],[-72.22816802546963,-17.70495955157517],[-72.22930056450954,-17.704450575651627],[-72.23049270246459,-17.70396707375915],[-72.23197929094282,-17.703430972251933],[-72.23344663185462,-17.7029269553694],[-72.23475433170677,-17.70248949214966],[-72.23624168062747,-17.701965470738305],[-72.23724925344588,-17.70159757067973],[-72.23876451845057,-17.70099553009117],[-72.23994057755581,-17.700421703881094],[-72.23992049870125,-17.700392889845336],[-72.2387456388187,-17.70096613073848]]]}},{"type":"Feature","properties":{"id":"street_dimaeta_infill_2_29","group":null,"name":null,"settlement_id":"settlement_dimaeta","country_id":"country_stsutodo","district_id":null,"status":"active","surface":"paved","access":"public","bridge":null,"tunnel":null,"oneway":null,"route_id":null,"alt_name":null,"notes":null},"geometry":{"type":"Polygon","coordinates":[[[-72.23923208250919,-17.702060540366404],[-72.23769174394921,-17.702633481591526],[-72.23664999607045,-17.702984870301332],[-72.23513572621215,-17.70350665491248],[-72.23381906336695,-17.703957049984343],[-72.23236482946889,-17.704484961010305],[-72.23090836184814,-17.70504992486669],[-72.22974936908278,-17.705555597864834],[-72.22864033963538,-17.706075535810278],[-72.22744544878661,-17.706699792621478],[-72.2262184381042,-17.707352109140572],[-72.22467322374425,-17.708187503399756],[-72.22366796012135,-17.708759754777983],[-72.22231829689969,-17.709476434258374],[-72.22087139244566,-17.710023500006464],[-72.21950062046672,-17.71049469521725],[-72.21822228267511,-17.71094730377991],[-72.2171058390785,-17.711364337071988],[-72.21579076595818,-17.711883738276246],[-72.21426214317918,-17.712511624493775],[-72.21330867715615,-17.712930111123317],[-72.21171653421068,-17.713592705170605],[-72.21061200446914,-17.714053042900147],[-72.2088731758159,-17.71473884081409],[-72.20766144108546,-17.715202900010745],[-72.20630755677549,-17.715709330846433],[-72.20497716295678,-17.716201224727303],[-72.20375381603156,-17.71665176080375],[-72.20244314791763,-17.717121511253165],[-72.2024596152176,-17.71715185196136],[-72.20377043355185,-17.716682047476347],[-72.2049939519456,-17.716231448067578],[-72.20632443256736,-17.71573952189292],[-72.20767851438971,-17.715233016972828],[-72.20889054924206,-17.71476884265552],[-72.21062986651116,-17.7140828517673],[-72.21173470161438,-17.71362238659959],[-72.21332715699393,-17.712959662285392],[-72.21428054746583,-17.71254120866803],[-72.21580855019408,-17.711913576905452],[-72.21712308152551,-17.71139438948692],[-72.21823891363925,-17.7109775844388],[-72.21951679542023,-17.710525137140593],[-72.22088793454687,-17.710053815521142],[-72.22233747164617,-17.70950575416962],[-72.22368953372595,-17.708787800656165],[-72.22469490803451,-17.708215486098517],[-72.22623968983062,-17.707380325443424],[-72.22746648600986,-17.706728122759735],[-72.22866060756742,-17.706104267660418],[-72.2297685282375,-17.705584849361006],[-72.23092640610511,-17.70507966261803],[-72.23238181079121,-17.704515110854533],[-72.23383535013294,-17.7039874517463],[-72.23515172800647,-17.703537153959786],[-72.23666592335782,-17.703015394796246],[-72.23770809369395,-17.702663863433976],[-72.23925053067745,-17.702090141452953],[-72.24037948464401,-17.701545690931944],[-72.24035954914987,-17.70151680730554],[-72.23923208250919,-17.702060540366404]]]}},{"type":"Feature","properties":{"id":"street_dimaeta_infill_2_30","group":null,"name":null,"settlement_id":"settlement_dimaeta","country_id":"country_stsutodo","district_id":null,"status":"active","surface":"paved","access":"public","bridge":null,"tunnel":null,"oneway":null,"route_id":null,"alt_name":null,"notes":null},"geometry":{"type":"Polygon","coordinates":[[[-72.23968232897333,-17.703077607438615],[-72.23809594678369,-17.70361066749358],[-72.23701567859784,-17.703949279968626],[-72.23547647683027,-17.70446378973881],[-72.23415883096045,-17.704920487899845],[-72.2327225154413,-17.7054540456736],[-72.23129299489695,-17.7060188178402],[-72.23015585330644,-17.70651340888835],[-72.22905107645776,-17.707006015401912],[-72.227835535042,-17.707584142093875],[-72.22656758981766,-17.708176456001272],[-72.22496270565335,-17.708924031802585],[-72.22390391820582,-17.709417291584682],[-72.22251241753882,-17.710051951942095],[-72.22106950261563,-17.710570933121218],[-72.21972558584454,-17.711040160110315],[-72.21848089818295,-17.711505377994268],[-72.2173910650372,-17.71194582123906],[-72.21608437685224,-17.712491874216976],[-72.21454135857935,-17.71314061519874],[-72.21355663693606,-17.713571519269717],[-72.21192730055134,-17.714228800760512],[-72.21079479664765,-17.71467083520816],[-72.20904676910175,-17.71532314645482],[-72.20784878892665,-17.715749554250444],[-72.20652487131093,-17.7162183217883],[-72.20522843962762,-17.716680340315758],[-72.20402880142626,-17.717114642808607],[-72.20266441268892,-17.71765411852229],[-72.20268198210668,-17.717684044020903],[-72.20404587890648,-17.71714476261091],[-72.2052449313615,-17.71671067199541],[-72.20654124141184,-17.716248696621495],[-72.20786515232838,-17.715779931257952],[-72.20906342322581,-17.715353419804057],[-72.21081196550611,-17.71470091621132],[-72.21194491218522,-17.714258708769986],[-72.21357491982067,-17.713601156246465],[-72.21455987979182,-17.713170147732843],[-72.21610262438217,-17.712521521581248],[-72.21740908240425,-17.711975564586304],[-72.21849827816848,-17.711535378765923],[-72.21974214539371,-17.71107046734367],[-72.22108584766175,-17.710601315048056],[-72.2225303303635,-17.71008176976249],[-72.223923302508,-17.709446438048264],[-72.22498221719728,-17.708953118821498],[-72.22658711832739,-17.708205534865684],[-72.22785519090671,-17.707613161266167],[-72.2290704532089,-17.707035167131632],[-72.2301746872626,-17.70654280247276],[-72.23131112292751,-17.706048518285787],[-72.23273972925224,-17.70548410709112],[-72.23417531683577,-17.70495081951279],[-72.23549238831878,-17.704494320238854],[-72.23703106500109,-17.703979985760213],[-72.23811136110722,-17.703641364373897],[-72.23969921180142,-17.7031078106329],[-72.24081092411429,-17.702653314743962],[-72.24079296849428,-17.702623550304345],[-72.23968232897333,-17.703077607438615]]]}},{"type":"Feature","properties":{"id":"street_dimaeta_infill_2_31","group":null,"name":null,"settlement_id":"settlement_dimaeta","country_id":"country_stsutodo","district_id":null,"status":"active","surface":"paved","access":"public","bridge":null,"tunnel":null,"oneway":null,"route_id":null,"alt_name":null,"notes":null},"geometry":{"type":"Polygon","coordinates":[[[-72.24008030022208,-17.704022905640027],[-72.23845161967142,-17.70454593020025],[-72.23734587469177,-17.704895162875225],[-72.23580090623848,-17.70541935532405],[-72.23449979290649,-17.705887695844115],[-72.2330917381538,-17.7064220318511],[-72.23168894711868,-17.706973400396787],[-72.23056345407075,-17.707438676355856],[-72.22944774530082,-17.70788666916175],[-72.2281983068239,-17.70840765118261],[-72.22688395275253,-17.708938355625904],[-72.22522497584613,-17.709608358977906],[-72.22412672069733,-17.710040534008606],[-72.22271189956346,-17.710618081833175],[-72.22128883504952,-17.71113527723903],[-72.21997941158058,-17.711625240038835],[-72.21876532090948,-17.71211781038176],[-72.21768997565987,-17.712585660934884],[-72.21637606655561,-17.713152233869817],[-72.21480637698575,-17.71380763969455],[-72.21378605510328,-17.71423085091942],[-72.21212646820712,-17.714864762475358],[-72.21098101053768,-17.715274672547856],[-72.20924248031324,-17.71589041645655],[-72.20807274355687,-17.716285672951244],[-72.20678452077314,-17.71673373257214],[-72.20551713397407,-17.71718982576272],[-72.2043282688367,-17.717633889348324],[-72.20291310294363,-17.71823086738992],[-72.20293142552102,-17.718260485204983],[-72.2043459005035,-17.717663798401677],[-72.20553385310055,-17.717220075489116],[-72.20680084819442,-17.716764123071517],[-72.20808873083391,-17.716316181564938],[-72.20925856640467,-17.715920891506965],[-72.21099740505603,-17.71530503810118],[-72.21214328382776,-17.71489497716317],[-72.21380370918622,-17.714260745090158],[-72.21482454030827,-17.713837322485528],[-72.21639445952071,-17.713181820536352],[-72.2177086112424,-17.712615142779516],[-72.2187836015325,-17.71214744649239],[-72.21999682077329,-17.711655229513994],[-72.22130561830568,-17.711165500731976],[-72.22272918615386,-17.71064812218308],[-72.2241444480342,-17.71007039422353],[-72.2252426407087,-17.709638243611252],[-72.22690176489414,-17.70896818052578],[-72.22821630630861,-17.708437400238253],[-72.22946571278673,-17.70791643136847],[-72.2305813708145,-17.70746845876813],[-72.2317067420829,-17.707003232980078],[-72.23310904098375,-17.706452057656122],[-72.23451660317993,-17.705917908354945],[-72.23581710333222,-17.705449788356407],[-72.23736137927008,-17.704925830641223],[-72.23846683441435,-17.704576689342797],[-72.24009567303425,-17.704053613779557],[-72.24121413386403,-17.703689358167527],[-72.24119868841314,-17.703658673850768],[-72.24008030022208,-17.704022905640027]]]}},{"type":"Feature","properties":{"id":"street_dimaeta_infill_2_32","group":null,"name":null,"settlement_id":"settlement_dimaeta","country_id":"country_stsutodo","district_id":null,"status":"active","surface":"paved","access":"public","bridge":null,"tunnel":null,"oneway":null,"route_id":null,"alt_name":null,"notes":null},"geometry":{"type":"Polygon","coordinates":[[[-72.22666863873904,-17.701140410699118],[-72.22562719196043,-17.702511978057906],[-72.22469017430116,-17.70391139807701],[-72.22472259865373,-17.703929637045295],[-72.22565914243381,-17.702530924294113],[-72.22670099830341,-17.701158817771276],[-72.22754680740192,-17.69975627979004],[-72.22751366348571,-17.699739173849142],[-72.22666863873904,-17.701140410699118]]]}},{"type":"Feature","properties":{"id":"street_dimaeta_infill_2_33","group":null,"name":null,"settlement_id":"settlement_dimaeta","country_id":"country_stsutodo","district_id":null,"status":"active","surface":"paved","access":"public","bridge":null,"tunnel":null,"oneway":null,"route_id":null,"alt_name":null,"notes":null},"geometry":{"type":"Polygon","coordinates":[[[-72.21453526737858,-17.713145015828736],[-72.21377909211843,-17.71423606446791],[-72.21249856029323,-17.715827107290394],[-72.21252948979281,-17.71584738312543],[-72.21381067216993,-17.714255531541188],[-72.21456597099161,-17.713165747102398],[-72.21581408774874,-17.71190995087008],[-72.21578522840274,-17.711887364311124],[-72.21453526737858,-17.713145015828736]]]}}]}