{"type":"FeatureCollection","name":"streets_minor_generated","crs":{"type":"name","properties":{"name":"urn:ogc:def:crs:OGC:1.3:CRS84"}},"xy_coordinate_resolution":1e-15,"features":[{"type":"Feature","properties":{"id":"street_avenida","group":null,"name":"Avenida Joaquim Morais","settlement_id":"settlement_seshai","country_id":"country_barrel","district_id":null,"status":null,"surface":null,"access":null,"bridge":null,"tunnel":null,"oneway":null,"route_id":null,"alt_name":null,"notes":null},"geometry":{"type":"MultiPolygon","coordinates":[[[[23.90267275487453,-11.001709275296047],[23.902673620300913,-11.001710161069985],[23.902701934501582,-11.001741137768388],[23.90270292192239,-11.0017423132349],[23.902731513417617,-11.001779422885285],[23.90273200464257,-11.00178009190373],[23.9027719119343,-11.001837177606834],[23.90277258815084,-11.001838221418996],[23.90281272817507,-11.001905286892436],[23.90281334868489,-11.001906417555752],[23.903073153090723,-11.002425282899097],[23.90375064993732,-11.00370957865956],[23.904345022308565,-11.004800678172325],[23.904345246903706,-11.004801104654376],[23.90441239787599,-11.00493310785214],[23.904412547060442,-11.004933408430125],[23.90483368918434,-11.005803457666433],[23.905150203561977,-11.006406733276613],[23.90515023920473,-11.00640680158544],[23.905953546326757,-11.00795481237167],[23.905953576369633,-11.007954870537507],[23.906205804448962,-11.008445514857328],[23.906205813508944,-11.00844553250634],[23.906575201406376,-11.009166133297688],[23.906882861256143,-11.009766403887841],[23.907140167625954,-11.010268357511615],[23.907140223508744,-11.010268467508],[23.907425739901466,-11.010835544277985],[23.908223886735183,-11.01235486957234],[23.908224322622033,-11.012355761750483],[23.90826385852445,-11.012443112315788],[23.908292404062326,-11.012506180532695],[23.90829297649941,-11.012507620566042],[23.90831776284401,-11.012579686482734],[23.908342081451007,-11.012650392057147],[23.908374889845145,-11.01273917556611],[23.90834056417475,-11.012748190841506],[23.908307691340188,-11.012659232941761],[23.908307566570507,-11.012658883152238],[23.908283187625685,-11.012588002140703],[23.908258652381523,-11.012516666288441],[23.90823042816584,-11.012454307995242],[23.908191096440454,-11.012367408536678],[23.90739311278861,-11.010848393873372],[23.907392978335725,-11.010848132478577],[23.90710742360106,-11.010280979557171],[23.906850145155385,-11.009779080409425],[23.906542485437956,-11.009178810079838],[23.906173102253454,-11.008458218485409],[23.905920893641106,-11.007967612035955],[23.905117619236623,-11.006419664308707],[23.904800994752954,-11.00581617884022],[23.90480074718276,-11.005815687844947],[23.904379558435235,-11.004945542283972],[23.904312592733664,-11.004813903285749],[23.903718280983576,-11.003722915071737],[23.903718172865823,-11.00372271340124],[23.903040538291553,-11.002438156570317],[23.903040373291645,-11.002437835595966],[23.90278077593336,-11.001919383759487],[23.902741286990945,-11.00185340610836],[23.902701974805115,-11.001797171683227],[23.90267410415556,-11.001760997640867],[23.90264672713672,-11.00173104625516],[23.902621440025367,-11.001706820277528],[23.90264701899418,-11.001684619377453],[23.90267275487453,-11.001709275296047]]]]}},{"type":"Feature","properties":{"id":"street_gunsey_velu_mainstreet","group":null,"name":"Main St","settlement_id":"settlement_gunsey","country_id":"country_duvessa","district_id":null,"status":null,"surface":null,"access":null,"bridge":null,"tunnel":null,"oneway":null,"route_id":null,"alt_name":null,"notes":null},"geometry":{"type":"MultiPolygon","coordinates":[[[[-3.666127175300445,29.718497279439248],[-3.666099541460118,29.718472264967957],[-3.671668702747511,29.713553852059142],[-3.671696336994842,29.713578866006706],[-3.666127175300445,29.718497279439248]]]]}},{"type":"Feature","properties":{"id":"street_churchstreet","group":null,"name":"Church Street","settlement_id":"settlement_gunsey","country_id":"country_duvessa","district_id":null,"status":null,"surface":null,"access":null,"bridge":null,"tunnel":null,"oneway":null,"route_id":null,"alt_name":null,"notes":null},"geometry":{"type":"MultiPolygon","coordinates":[[[[-3.665162356315697,29.704536104860075],[-3.665199809052966,29.70452235444433],[-3.673495589836223,29.723940190076096],[-3.673458131797257,29.723953940802428],[-3.665162356315697,29.704536104860075]]]]}},{"type":"Feature","properties":{"id":"street_candice","group":null,"name":"Candice Street","settlement_id":"settlement_gunsey","country_id":"country_duvessa","district_id":null,"status":null,"surface":null,"access":null,"bridge":null,"tunnel":null,"oneway":null,"route_id":null,"alt_name":null,"notes":null},"geometry":{"type":"MultiPolygon","coordinates":[[[[-3.671247692856523,29.715129255583406],[-3.671621869099799,29.71558387541492],[-3.672069156652036,29.71583733834616],[-3.672577574065429,29.71604668668539],[-3.673138642319197,29.716151419415972],[-3.674045996527786,29.716233906145746],[-3.675052162891112,29.71615131036675],[-3.675052531936781,29.71615128312274],[-3.67684329788441,29.716033871655664],[-3.681588402392111,29.715354011633277],[-3.681589075280924,29.715353925523264],[-3.684192075108899,29.715060523729367],[-3.684192607105672,29.7150604701435],[-3.685464014536408,29.714947623293018],[-3.685467877760726,29.714947614508098],[-3.68591174189791,29.714985230104094],[-3.68591570559597,29.714985938989486],[-3.68591939914095,29.714987355507887],[-3.686355740188066,29.715205526021983],[-3.686358289184616,29.71520705299416],[-3.68636052804811,29.715208923722635],[-3.686781822897772,29.715622695406665],[-3.686783273272807,29.71562430679239],[-3.68712933692006,29.716060647847275],[-3.687130974137592,29.716063133533492],[-3.687943471492166,29.71757528101022],[-3.687907278077333,29.71759165444835],[-3.687095483091039,29.716080813410574],[-3.686751025337816,29.71564649704701],[-3.686332592213661,29.71523553590325],[-3.685902512704569,29.715020496140404],[-3.685464675748671,29.714983391303246],[-3.684195471818548,29.715096042498516],[-3.681593074076972,29.715389376269226],[-3.676847446386646,29.71606931093647],[-3.676845724786274,29.71606949046295],[-3.675054279101341,29.71618694640032],[-3.674046365072396,29.716269685582226],[-3.67404251587902,29.716269669859866],[-3.673132218017311,29.716186915490876],[-3.673130185765598,29.716186634390898],[-3.672565951560468,29.7160813106636],[-3.672561800198332,29.716080087412017],[-3.672050227872735,29.715869439975293],[-3.672047985788899,29.715868349631666],[-3.671596598457742,29.71561256346493],[-3.671593805283714,29.715610634649405],[-3.671591460010591,29.715608278754388],[-3.671213530523395,29.715149098645185],[-3.67121094985208,29.715144779518354],[-3.666936145046453,29.704596330990913],[-3.666973830140332,29.704583138998004],[-3.671247692856523,29.715129255583406]]]]}},{"type":"Feature","properties":{"id":"street_st1","group":null,"name":"ST-1","settlement_id":"settlement_gunsey","country_id":"country_duvessa","district_id":null,"status":null,"surface":null,"access":null,"bridge":null,"tunnel":null,"oneway":null,"route_id":null,"alt_name":null,"notes":null},"geometry":{"type":"MultiPolygon","coordinates":[[[[-3.67139620183851,29.723298595825334],[-3.671358920058513,29.723312751183023],[-3.663567566792989,29.70574190071875],[-3.663604843827394,29.705727745686403],[-3.67139620183851,29.723298595825334]]]]}},{"type":"Feature","properties":{"id":"street_st2","group":null,"name":"ST-2","settlement_id":"settlement_gunsey","country_id":"country_duvessa","district_id":null,"status":null,"surface":null,"access":null,"bridge":null,"tunnel":null,"oneway":null,"route_id":null,"alt_name":null,"notes":null},"geometry":{"type":"MultiPolygon","coordinates":[[[[-3.667313199894012,29.71414588541109],[-3.667301298700805,29.71411211739055],[-3.671501617275045,29.71281476728304],[-3.67151351952611,29.712848535287772],[-3.667313199894012,29.71414588541109]]]]}},{"type":"Feature","properties":{"id":"street_st3","group":null,"name":"ST-3","settlement_id":"settlement_gunsey","country_id":"country_duvessa","district_id":null,"status":null,"surface":null,"access":null,"bridge":null,"tunnel":null,"oneway":null,"route_id":null,"alt_name":null,"notes":null},"geometry":{"type":"MultiPolygon","coordinates":[[[[-3.664695136702497,29.711742203748287],[-3.664679352541105,29.71170983549741],[-3.669087674329543,29.70988466355359],[-3.669103459504894,29.709917031706077],[-3.664695136702497,29.711742203748287]]]]}},{"type":"Feature","properties":{"id":"street_st4","group":null,"name":"ST-4","settlement_id":"settlement_gunsey","country_id":"country_duvessa","district_id":null,"status":null,"surface":null,"access":null,"bridge":null,"tunnel":null,"oneway":null,"route_id":null,"alt_name":null,"notes":null},"geometry":{"type":"MultiPolygon","coordinates":[[[[-3.664664060475314,29.70821803301754],[-3.664649183543203,29.708185300934588],[-3.667909029701528,29.706919341141127],[-3.667923907403027,29.706952073165976],[-3.664664060475314,29.70821803301754]]]]}},{"type":"Feature","properties":{"id":"street_stbaro1","group":null,"name":"Baro St1","settlement_id":"settlement_baro","country_id":"country_duvessa","district_id":"district_gunsey","status":null,"surface":null,"access":null,"bridge":null,"tunnel":null,"oneway":null,"route_id":null,"alt_name":null,"notes":null},"geometry":{"type":"MultiPolygon","coordinates":[[[[-3.632604220037103,29.838105305248654],[-3.632579944772473,29.83813449215322],[-3.631466631347056,29.83741216375833],[-3.631490906655531,29.83738297696519],[-3.632604220037103,29.838105305248654]]]]}},{"type":"Feature","properties":{"id":"street_stbaro2","group":null,"name":"Baro St2","settlement_id":"settlement_baro","country_id":"country_duvessa","district_id":"district_gunsey","status":null,"surface":null,"access":null,"bridge":null,"tunnel":null,"oneway":null,"route_id":null,"alt_name":null,"notes":null},"geometry":{"type":"MultiPolygon","coordinates":[[[[-3.632392100734993,29.83743595336243],[-3.632367944682754,29.837465217209065],[-3.63169863125358,29.837034470918287],[-3.631722787333781,29.83700520713858],[-3.632392100734993,29.83743595336243]]]]}},{"type":"Feature","properties":{"id":"street_stbaro3","group":null,"name":"Baro St3","settlement_id":"settlement_baro","country_id":"country_duvessa","district_id":"district_gunsey","status":null,"surface":null,"access":null,"bridge":null,"tunnel":null,"oneway":null,"route_id":null,"alt_name":null,"notes":null},"geometry":{"type":"MultiPolygon","coordinates":[[[[-3.632603810781249,29.837057849590554],[-3.632579525670127,29.837087029956063],[-3.631937133883431,29.8366699515767],[-3.631961419019714,29.836640771275487],[-3.632603810781249,29.837057849590554]]]]}},{"type":"Feature","properties":{"id":"street_stbaro4","group":null,"name":"Baro St4","settlement_id":"settlement_baro","country_id":"coutry_duvessa","district_id":"district_gunsey","status":null,"surface":null,"access":null,"bridge":null,"tunnel":null,"oneway":null,"route_id":null,"alt_name":null,"notes":null},"geometry":{"type":"MultiPolygon","coordinates":[[[[-3.632165735374777,29.836307114163738],[-3.632190071247655,29.83627796691657],[-3.632846130919344,29.836705399708297],[-3.632821795071494,29.83673454702113],[-3.632165735374777,29.836307114163738]]]]}},{"type":"Feature","properties":{"id":"street_stbaro5","group":null,"name":"Baro St5","settlement_id":"settlement_baro","country_id":"country_duvessa","district_id":"district_gunsey","status":null,"surface":null,"access":null,"bridge":null,"tunnel":null,"oneway":null,"route_id":null,"alt_name":null,"notes":null},"geometry":{"type":"MultiPolygon","coordinates":[[[[-3.633108719094565,29.836330439076097],[-3.633084434259545,29.836359619508986],[-3.632442042472845,29.83594254112962],[-3.632466327333042,29.83591336076101],[-3.633108719094565,29.836330439076097]]]]}},{"type":"Feature","properties":{"id":"street_stbaro6","group":null,"name":"Baro St6","settlement_id":"settlement_baro","country_id":"county_duvessa","district_id":"district_gunsey","status":null,"surface":null,"access":null,"bridge":null,"tunnel":null,"oneway":null,"route_id":null,"alt_name":null,"notes":null},"geometry":{"type":"MultiPolygon","coordinates":[[[[-3.633332542658956,29.835972272736363],[-3.633309436372449,29.836002188378714],[-3.632638544561707,29.835600219424794],[-3.632661650889712,29.835570303849078],[-3.633332542658956,29.835972272736363]]]]}},{"type":"Feature","properties":{"id":"street_glossy","group":null,"name":"Glossy Street","settlement_id":"settlement_botho","country_id":"country_duvessa","district_id":"district_gunsey","status":null,"surface":null,"access":null,"bridge":null,"tunnel":null,"oneway":null,"route_id":null,"alt_name":null,"notes":null},"geometry":{"type":"MultiPolygon","coordinates":[[[[-3.481098895879545,29.699336683277473],[-3.481097135363187,29.699337014939374],[-3.479727501288246,29.69953909205351],[-3.479724539016723,29.699539331033925],[-3.479721584980172,29.699539177018433],[-3.478688746184406,29.6994156854039],[-3.478685587002273,29.699415067266315],[-3.478682599950405,29.699413995280658],[-3.478132501057624,29.69916701209393],[-3.478129539219062,29.69916536383821],[-3.478126967794182,29.69916326397442],[-3.478124867503966,29.699160778420538],[-3.47812330427974,29.699157985201936],[-3.477966133226257,29.698798736965042],[-3.477965037166681,29.698795120347217],[-3.47796482540663,29.698791352033837],[-3.477965507418967,29.698787600597438],[-3.478122678582437,29.69827118128341],[-3.478123783229818,29.698268433278223],[-3.478125362839914,29.69826586480316],[-3.478527505779603,29.69771850365669],[-3.478671719895677,29.69717492765042],[-3.478560497433751,29.696496470018946],[-3.478070652837979,29.69567264029599],[-3.477167424748512,29.69520429977531],[-3.47648359580853,29.69497747084363],[-3.476124489891276,29.694927070007004],[-3.475747436310034,29.694958491128173],[-3.475530256091089,29.695039158058677],[-3.475362666569553,29.695169505462857],[-3.47523898113854,29.695330296540902],[-3.475170137720629,29.695618187355006],[-3.475170137801593,29.696177464826537],[-3.475170007999778,29.696179500967638],[-3.475131745896082,29.696479221116558],[-3.475130703033468,29.696483248981945],[-3.475128667320056,29.69648699003111],[-3.475020257915158,29.696640038620902],[-3.475017993061526,29.69664268377513],[-3.475015240196079,29.69664493186394],[-3.475012091731387,29.696646707419905],[-3.474705994534691,29.69678700195753],[-3.474702482992649,29.696788265087466],[-3.474698792277927,29.696788929802274],[-3.474297039697478,29.696827191940777],[-3.474294909837148,29.696827293264466],[-3.473000373749271,29.69682729323243],[-3.472996934246152,29.696827025148863],[-3.472005306864116,29.696670788020064],[-3.472002486561082,29.696670147070716],[-3.471205358458362,29.69643100862813],[-3.471201680715344,29.696429505317628],[-3.471198449324957,29.696427352738983],[-3.471195799920257,29.69642464124368],[-3.471193843706255,29.696421484642922],[-3.470823976404225,29.69564029916561],[-3.470822872339842,29.695637167357916],[-3.470822442356087,29.695633886926082],[-3.470793745911745,29.694527473247465],[-3.470833755744297,29.69452540205668],[-3.470862365478341,29.695628459740714],[-3.471227436453039,29.696399514603932],[-3.472015019037861,29.696635789357025],[-3.473003504528913,29.696791531427372],[-3.474295236302224,29.696791531393863],[-3.474692142998701,29.69675373074636],[-3.474989722463881,29.696617340149622],[-3.475092517428075,29.696472217863242],[-3.475130116811611,29.696177689671032],[-3.47513011689349,29.695617530911573],[-3.475130564563359,29.69561375816578],[-3.475200711867217,29.695320415062696],[-3.475201943392724,29.695316969889866],[-3.475203910620759,29.69531378943221],[-3.475331451110969,29.695147986811172],[-3.47533497956552,29.695144452628995],[-3.475507159209998,29.69501053512697],[-3.475509874620351,29.69500874386176],[-3.475512868713171,29.69500736845988],[-3.475736064534499,29.69492446714647],[-3.475738994301635,29.69492360186909],[-3.475742021898935,29.694923140905804],[-3.476124643301709,29.694891255777712],[-3.476129584485394,29.694891392116737],[-3.476493074824073,29.694942408298118],[-3.47649683363468,29.694943285005742],[-3.477184027675176,29.69517123013521],[-3.477186984373666,29.69517247544026],[-3.478096331421628,29.69564398870293],[-3.47809920563019,29.695645816190904],[-3.478101650426599,29.695648084516804],[-3.478103587243103,29.695650720784094],[-3.478597553663384,29.696481482307696],[-3.478598850562391,29.696484207502472],[-3.478599611475893,29.696487104066158],[-3.478711876652074,29.697171921020733],[-3.478712065410929,29.69717529354784],[-3.478711537922967,29.697178659579272],[-3.478565593396093,29.69772875845977],[-3.478564459413263,29.697731812114693],[-3.47856274364935,29.697734656247384],[-3.478160409640882,29.698282277612087],[-3.478005844722291,29.69879013401184],[-3.478157981425252,29.699137874937097],[-3.47869865017993,29.699380624158692],[-3.479725292452488,29.699503374845396],[-3.481091072535592,29.699301866258196],[-3.482066905217836,29.699077536869037],[-3.482075602143565,29.699112153136678],[-3.481098895879545,29.699336683277473]]]]}},{"type":"Feature","properties":{"id":"street_stbth9","group":null,"name":"Street Botho9","settlement_id":"settlement_botho","country_id":"country_duvessa","district_id":"district_gunsey","status":null,"surface":null,"access":null,"bridge":null,"tunnel":"false","oneway":null,"route_id":null,"alt_name":null,"notes":null},"geometry":{"type":"MultiPolygon","coordinates":[[[[-3.474227931624513,29.695714320944052],[-3.473162148649809,29.695631849625055],[-3.472622576448031,29.695788701990747],[-3.472221068531006,29.696158842108048],[-3.472051056461362,29.696555537037906],[-3.472029077265998,29.696656013420636],[-3.471989808478257,29.696650337046727],[-3.472012128076298,29.696548304662926],[-3.47201310628354,29.696545260390245],[-3.472185285977607,29.69614350788272],[-3.472187185962634,29.69614014287707],[-3.472189810477002,29.696137177727323],[-3.472597940015801,29.69576093331781],[-3.472600492876623,29.695758931365305],[-3.472603368212507,29.69575732529467],[-3.472606485943897,29.69575615983578],[-3.473154909957934,29.695596734229948],[-3.473158876412331,29.695595959160507],[-3.473162908645786,29.695595905567053],[-3.474234248583839,29.695678806849592],[-3.474237187660698,29.69567923608399],[-3.475149102028922,29.695876923799943],[-3.475138398532624,29.69591169490095],[-3.474227931624513,29.695714320944052]]]]}},{"type":"Feature","properties":{"id":"street_massie","group":null,"name":"Massie Street","settlement_id":"settlement_botho","country_id":"country_duvessa","district_id":"dst_gunsey","status":"active","surface":"paved","access":null,"bridge":"public","tunnel":"false","oneway":"false","route_id":null,"alt_name":null,"notes":null},"geometry":{"type":"MultiPolygon","coordinates":[[[[-3.474276092278774,29.69606241145549],[-3.474276092351887,29.69656083546603],[-3.474315416880066,29.696806277573994],[-3.474275795237052,29.6968125470804],[-3.474236271009329,29.69656585810113],[-3.474236071237056,29.69656334549794],[-3.474236071311195,29.696061686270816],[-3.474236551604275,29.696057779577924],[-3.474321578637281,29.695714837399564],[-3.474360638931474,29.695721406426554],[-3.474276092278774,29.69606241145549]]]]}},{"type":"Feature","properties":{"id":"street_stbth12","group":null,"name":"Street Botho 12","settlement_id":"settlement_botho","country_id":"country_duvessa","district_id":"dst_gunsey","status":"active","surface":"paved","access":"public","bridge":"false","tunnel":"false","oneway":"false","route_id":null,"alt_name":null,"notes":null},"geometry":{"type":"MultiPolygon","coordinates":[[[[-3.473556165199964,29.695911236864966],[-3.473556117267405,29.695911824508944],[-3.473539111893508,29.696081878493867],[-3.473538476440196,29.696085038906308],[-3.473537225542012,29.696088067422455],[-3.473535399097845,29.69609086744406],[-3.473365345124638,29.69630626916321],[-3.473361725097406,29.69630979790207],[-3.473211510739612,29.69642316722752],[-3.473208015120051,29.69642530606292],[-3.47320412425908,29.696426766148864],[-3.473200007107501,29.696427484084797],[-3.47308771602557,29.696436467374415],[-3.473094983861575,29.696449387966894],[-3.473096433109874,29.696452845823146],[-3.473097035504948,29.69645652250399],[-3.473096764740303,29.69646025744987],[-3.473085427816228,29.69651977634491],[-3.473085136813713,29.69652103419619],[-3.473068131423422,29.696583387324594],[-3.473067060184014,29.696586261346003],[-3.473065472327982,29.69658895156848],[-3.473063412530652,29.69659138230092],[-3.473023733268176,29.696631061564975],[-3.4730207200136,29.69663354090939],[-3.473017232909253,29.696635447907568],[-3.473013413173874,29.696636705331056],[-3.473009415496983,29.696637262257397],[-3.472893211928864,29.696642930720948],[-3.472889685966607,29.696642823936408],[-3.472886257636743,29.696642163522224],[-3.47271336940757,29.69659398155415],[-3.472709816940267,29.69659263016753],[-3.472706650785051,29.696590677541675],[-3.472703991916643,29.69658819828392],[-3.472701941926992,29.696585287123522],[-3.472673599603369,29.696534270928765],[-3.472672158445268,29.696530767499898],[-3.472671583954431,29.696527045954408],[-3.472671901760024,29.696523272318178],[-3.472703078343051,29.69637022374236],[-3.472704097688099,29.696366965729442],[-3.472705773834418,29.696363914075047],[-3.472708047797214,29.696361176168995],[-3.472784572086905,29.69628465188235],[-3.472787846561884,29.696281999087415],[-3.472791660467463,29.696280020911633],[-3.472795833958192,29.696278810636304],[-3.472886529401876,29.69626180523752],[-3.472890470558701,29.69626142010265],[-3.472894392638561,29.69626173240882],[-3.47301059617812,29.69628157203557],[-3.473014383531404,29.696282583373126],[-3.473017844465097,29.696284253893744],[-3.473020841183448,29.69628651708627],[-3.473023254373226,29.696289282842567],[-3.473062933641085,29.696345967500807],[-3.473064653683728,29.696349093018497],[-3.473065640277698,29.696352481295172],[-3.473074209483593,29.696401754185484],[-3.47319134910499,29.696392383009766],[-3.473334465451091,29.696284370668717],[-3.473499741312488,29.69607502126854],[-3.473516226597216,29.695910168641827],[-3.473533213464993,29.69564121052151],[-3.47357317055909,29.69564198472279],[-3.473556165199964,29.695911236864966]],[[-3.473036591558704,29.696419560970522],[-3.473026700902432,29.696362689648574],[-3.472993527762655,29.696315299441252],[-3.472889482695347,29.696297535646718],[-3.472809409657778,29.69631254933902],[-3.472741401910718,29.69638055708825],[-3.472712452446171,29.696522672740016],[-3.472734291402501,29.696561982852202],[-3.472895995070625,29.69660704780511],[-3.473000089721174,29.696601970015376],[-3.47303049418848,29.696571565548442],[-3.473046100590506,29.696514342099405],[-3.473056220851414,29.696461210773062],[-3.473033589783098,29.696420977752307],[-3.473036591558704,29.696419560970522]]]]}},{"type":"Feature","properties":{"id":"street_st5","group":null,"name":"ST-5","settlement_id":"settlement_gunsey","country_id":"country_duvessa","district_id":"dst_gunsey","status":"active","surface":"paved","access":"public","bridge":null,"tunnel":null,"oneway":null,"route_id":null,"alt_name":null,"notes":null},"geometry":{"type":"MultiPolygon","coordinates":[[[[-3.667130949158589,29.713734276692758],[-3.66711838417624,29.713700719385034],[-3.670232273792304,29.712685495893908],[-3.670244839549493,29.71271905318041],[-3.667130949158589,29.713734276692758]]]]}},{"type":"Feature","properties":{"id":"street_st6","group":null,"name":"ST-6","settlement_id":"settlement_gunsey","country_id":"country_duvessa","district_id":"dst_gunsey","status":"active","surface":"paved","access":"public","bridge":null,"tunnel":null,"oneway":null,"route_id":null,"alt_name":null,"notes":null},"geometry":{"type":"MultiPolygon","coordinates":[[[[-3.668695179529265,29.71272624420379],[-3.668695053347165,29.712726288176135],[-3.666938524852254,29.713332491291954],[-3.66692523498187,29.71329917722669],[-3.668681699879889,29.712692995928695],[-3.670042724396649,29.712214107220674],[-3.670056267393857,29.712247333307815],[-3.668695179529265,29.71272624420379]]]]}},{"type":"Feature","properties":{"id":"street_st7","group":null,"name":"ST-7","settlement_id":"settlement_gunsey","country_id":"country_duvessa","district_id":"dst_gunsey","status":"active","surface":"paved","access":"public","bridge":null,"tunnel":null,"oneway":null,"route_id":null,"alt_name":null,"notes":null},"geometry":{"type":"MultiPolygon","coordinates":[[[[-3.66851408646383,29.712350983867786],[-3.668513796952714,29.712351090590186],[-3.666788569829621,29.71297346608028],[-3.666774696898244,29.712940357795457],[-3.668499778424527,29.712318034701948],[-3.669883675960684,29.711796921329753],[-3.669898128662139,29.711829816125586],[-3.66851408646383,29.712350983867786]]]]}},{"type":"Feature","properties":{"id":"street_st8","group":null,"name":"ST-8","settlement_id":"settlement_gunsey","country_id":"country_duvessa","district_id":"dst_gunsey","status":"active","surface":"paved","access":"public","bridge":null,"tunnel":null,"oneway":null,"route_id":null,"alt_name":null,"notes":null},"geometry":{"type":"MultiPolygon","coordinates":[[[[-3.668187314647565,29.711606549347298],[-3.666467200644173,29.712294594884902],[-3.666451907901953,29.712262026480126],[-3.668172113475395,29.71157394418755],[-3.668172297791401,29.711573871416796],[-3.669576241965817,29.71102682462429],[-3.669591166808383,29.711059538511027],[-3.668187314647565,29.711606549347298]]]]}},{"type":"Feature","properties":{"id":"street_st8","group":null,"name":"ST-8","settlement_id":"settlement_gunsey","country_id":"country_duvessa","district_id":"dst_gunsey","status":"active","surface":"paved","access":"public","bridge":null,"tunnel":null,"oneway":null,"route_id":null,"alt_name":null,"notes":null},"geometry":{"type":"MultiPolygon","coordinates":[[[[-3.668044403656495,29.711219666062],[-3.666322272369719,29.71194612336481],[-3.666306217561234,29.71191386808423],[-3.668028560040546,29.71118732156647],[-3.668028985293505,29.711187147375576],[-3.669405149751861,29.710640100583745],[-3.669420354769124,29.710672704178585],[-3.668044403656495,29.711219666062]]]]}},{"type":"Feature","properties":{"id":"street_st9","group":null,"name":"ST-9","settlement_id":"settlement_gunsey","country_id":"country_duvessa","district_id":"dst_gunsey","status":"active","surface":"paved","access":"public","bridge":null,"tunnel":null,"oneway":null,"route_id":null,"alt_name":null,"notes":null},"geometry":{"type":"MultiPolygon","coordinates":[[[[-3.66789043817833,29.710900242142294],[-3.666185224536752,29.711591516030808],[-3.666169741991546,29.711559024092743],[-3.667874989256738,29.710867736448456],[-3.667875057347665,29.71086770897652],[-3.669269385468004,29.710307840775865],[-3.669284732551983,29.710340387594226],[-3.66789043817833,29.710900242142294]]]]}},{"type":"Feature","properties":{"id":"street_genesisport","group":null,"name":"Genesis Port","settlement_id":"settlement_genesis","country_id":"country_velu","district_id":"dst_genesis","status":"active","surface":"paved","access":"public","bridge":null,"tunnel":null,"oneway":null,"route_id":null,"alt_name":null,"notes":null},"geometry":{"type":"MultiPolygon","coordinates":[[[[1.114802738741845,26.713042717683223],[1.114795340526947,26.713007596059036],[1.110534859251351,26.713591072705142],[1.110542256612918,26.71362619468168],[1.114802738741845,26.713042717683223]]]]}},{"type":"Feature","properties":{"id":"street_genst1","group":null,"name":"STGN-1","settlement_id":"settlement_genesis","country_id":"country_velu","district_id":"dst_genesis","status":"active","surface":"paved","access":"public","bridge":null,"tunnel":null,"oneway":null,"route_id":null,"alt_name":null,"notes":null},"geometry":{"type":"MultiPolygon","coordinates":[[[[1.111711396742446,26.71474495075534],[1.111423289264121,26.71600713517902],[1.110626054775066,26.718343856067595],[1.109858232707216,26.719523011170388],[1.109451308318536,26.71982142236573],[1.108744266718507,26.71997098883989],[1.108011915259788,26.71982180610824],[1.107635416452502,26.71944530730884],[1.107443880880348,26.71799511066782],[1.10769049345641,26.716789448407702],[1.108088127526552,26.71613129532666],[1.108088756139356,26.7161301545858],[1.108487756566625,26.715332153530948],[1.108900515023625,26.714547912276384],[1.108864957036893,26.714531595698226],[1.108452119567886,26.715315986703274],[1.108451965142237,26.715316287672245],[1.108053179721803,26.716113858313534],[1.107654441325132,26.716773838973413],[1.107653223080052,26.71677630460429],[1.107652446971763,26.716778926159552],[1.107404744382988,26.71798991581332],[1.10740443130337,26.717992557216938],[1.107404561627094,26.717995227320724],[1.107597218895114,26.719453919436916],[1.107598143472774,26.71945760347495],[1.107599894612358,26.719461061041418],[1.107602394318965,26.719464138137948],[1.107987709213428,26.719849453040478],[1.107990846276594,26.719852012677585],[1.107994480878331,26.71985394074702],[1.107998451125037,26.719855151368073],[1.108741558489147,26.720006525059578],[1.108745958774749,26.720006965482415],[1.108750316853442,26.72000650849999],[1.109465901699511,26.719855134764035],[1.109469884378353,26.71985385378515],[1.109473429709057,26.719851809252823],[1.109886267078198,26.71954906182449],[1.109888633419866,26.719546983577377],[1.109890555731604,26.71954455519169],[1.110661185367682,26.71836108803103],[1.110662945676862,26.71835747848117],[1.11146109762376,26.71601806671162],[1.111461551044592,26.716016469758948],[1.111750537035096,26.714750435165858],[1.111750928323376,26.714747376019485],[1.111750723300919,26.714744280289466],[1.111544304467569,26.71347824572964],[1.11150548598076,26.713482030390868],[1.111711396742446,26.71474495075534]]]]}},{"type":"Feature","properties":{"id":"street_genst2","group":null,"name":"STGN-2","settlement_id":"settlement_genesis","country_id":"country_velu","district_id":"dst_genesis","status":"active","surface":"paved","access":"public","bridge":null,"tunnel":null,"oneway":null,"route_id":null,"alt_name":null,"notes":null},"geometry":{"type":"MultiPolygon","coordinates":[[[[1.112812740797778,26.714830209138412],[1.112812766735926,26.714830391665416],[1.113335693662362,26.718367031987842],[1.113335720039939,26.718367204058477],[1.113610944754982,26.72010112110469],[1.113649786910749,26.72009747348354],[1.113374575442898,26.718363642580243],[1.112851673903122,26.714827179855412],[1.112645267488006,26.713313534184746],[1.112606322289792,26.71331647203632],[1.112812740797778,26.714830209138412]]]]}},{"type":"Feature","properties":{"id":"strtmnr_beachtrace","group":null,"name":"Beach Trace","settlement_id":"settlement_zaynalqamar","country_id":"country_bibishirif","district_id":null,"status":"active","surface":"paved","access":"public","bridge":null,"tunnel":null,"oneway":null,"route_id":null,"alt_name":null,"notes":null},"geometry":{"type":"MultiPolygon","coordinates":[[[[-31.410975674732672,-6.451123314914986],[-31.39775149678179,-6.455412237168764],[-31.37845056285827,-6.454697387221806],[-31.357360310902955,-6.450765305690635],[-31.34409684745585,-6.446018913309259],[-31.344095873100663,-6.446018595092518],[-31.322682381669175,-6.439682713113704],[-31.322678557485705,-6.439682013457535],[-31.31302682422878,-6.438967069976544],[-31.297657730649384,-6.436107703258527],[-31.287650098368548,-6.430746471273502],[-31.277282449547517,-6.425026388772812],[-31.27727926729004,-6.425025007477728],[-31.261906399435233,-6.420019887189246],[-31.261902510327687,-6.420019075475403],[-31.250820740231408,-6.418946645789865],[-31.22007609451304,-6.412511718965956],[-31.20398831928063,-6.408936657292617],[-31.20398709598111,-6.408936428953272],[-31.180391531204762,-6.405361342669774],[-31.180386643784107,-6.405396705974875],[-31.203981594389525,-6.408971697782376],[-31.22006887227041,-6.412546647909303],[-31.220069092134203,-6.412546695346276],[-31.25081482959436,-6.418981848730835],[-31.250816804853443,-6.418982150160171],[-31.261897584139895,-6.420054483319225],[-31.27726689454985,-6.425058444324148],[-31.287633116836588,-6.430777738966931],[-31.287633315921678,-6.430777847207906],[-31.297643556120143,-6.436140475509855],[-31.297646134348867,-6.436141611367823],[-31.297648852658316,-6.436142337623311],[-31.313021721375275,-6.439002405743593],[-31.31302370434099,-6.439002662935336],[-31.322674488757148,-6.439717535578864],[-31.344085612824657,-6.446052715646764],[-31.357349969204915,-6.450799426630209],[-31.35735277731503,-6.450800185855134],[-31.37844578323134,-6.454732779519638],[-31.378448441721606,-6.45473307514395],[-31.39775390462479,-6.455448091746],[-31.397757051101983,-6.455447933448916],[-31.397760112877698,-6.455447230796058],[-31.410987929768847,-6.451157127711788],[-31.410989153204287,-6.45115668080844],[-31.420641884399927,-6.447224086392551],[-31.42062780290679,-6.44719096662836],[-31.410975674732672,-6.451123314914986]]]]}},{"type":"Feature","properties":{"id":"street_secondarytrace","group":null,"name":"Secondary Trace","settlement_id":"settlement_zaynalqamar","country_id":"country_bibishirif","district_id":null,"status":"active","surface":"paved","access":"public","bridge":null,"tunnel":null,"oneway":null,"route_id":null,"alt_name":null,"notes":null},"geometry":{"type":"MultiPolygon","coordinates":[[[[-31.33875133518098,-6.453241487521141],[-31.33874324245194,-6.453276206646409],[-31.343830152207197,-6.454521980299011],[-31.343838244651987,-6.454487261434145],[-31.33875133518098,-6.453241487521141]]]]}},{"type":"Feature","properties":{"id":"street_thirdthread","group":null,"name":"Third Thread","settlement_id":"settlement_zaynalqamar","country_id":"country_bibishirif","district_id":null,"status":"active","surface":"paved","access":"public","bridge":null,"tunnel":null,"oneway":null,"route_id":null,"alt_name":null,"notes":null},"geometry":{"type":"MultiPolygon","coordinates":[[[[-31.34128842922336,-6.451109815467236],[-31.34128802653893,-6.451109719133997],[-31.340024747124893,-6.450822610135877],[-31.330731699254166,-6.448451069918445],[-31.330723262648814,-6.448485703617674],[-31.340016544509737,-6.450857302940644],[-31.34001701285815,-6.450857415901508],[-31.341280325362934,-6.451144532339444],[-31.356144386661946,-6.454878959754928],[-31.356152690506317,-6.454844294096342],[-31.34128842922336,-6.451109815467236]]]]}},{"type":"Feature","properties":{"id":"street_pilgrimpassage","group":null,"name":"Pilgrim Passage","settlement_id":"settlement_zaynalqamar","country_id":"country_bibishirif","district_id":null,"status":"active","surface":"paved","access":"public","bridge":null,"tunnel":null,"oneway":null,"route_id":null,"alt_name":null,"notes":null},"geometry":{"type":"MultiPolygon","coordinates":[[[[-31.341352421700915,-6.448558900379907],[-31.341341984414854,-6.448592961730843],[-31.34432459956468,-6.449537765186457],[-31.344335036668788,-6.449503703980218],[-31.341352421700915,-6.448558900379907]]]]}},{"type":"Feature","properties":{"id":"street_beachtrace_gq","group":null,"name":"Beach Trace","settlement_id":"settlement_pointgolqik","country_id":"country_velu","district_id":null,"status":"active","surface":"gravel","access":"public","bridge":null,"tunnel":null,"oneway":null,"route_id":null,"alt_name":null,"notes":null},"geometry":{"type":"MultiPolygon","coordinates":[[[[8.450903625310032,26.546560962845145],[8.451392019750639,26.54660540707396],[8.45347130157659,26.546829044364916],[8.455326496656287,26.547059400090014],[8.455546637644744,26.547086734540123],[8.4563467445086,26.547199428439587],[8.457617652599597,26.547378434014377],[8.457619744783274,26.547378628993137],[8.460865548276255,26.547527259574654],[8.463387798469325,26.54768490008796],[8.46410823996989,26.54772992764689],[8.467345202099072,26.547986434642144],[8.467484072529384,26.54802419551216],[8.467484450727216,26.54802429482292],[8.467625992896778,26.548060148723184],[8.467626372950127,26.548060241481963],[8.46776851767883,26.548093626569496],[8.467768899371702,26.548093712718654],[8.467911603601394,26.548124618880507],[8.467911986715732,26.548124698369673],[8.46805520721865,26.54815311624384],[8.468055591534977,26.548153189030085],[8.46819928492713,26.54817911000827],[8.468199670224813,26.5481791760561],[8.468343792978871,26.54820259228642],[8.468344179036835,26.54820265156792],[8.468488687495357,26.54822355595713],[8.468489074092362,26.54822360845195],[8.46863392448122,26.54824199466778],[8.468634311396501,26.5482420403631],[8.46877945983787,26.548257902836045],[8.468779846851584,26.54825794172664],[8.46892524937743,26.54827127565168],[8.468925636271086,26.548271307739746],[8.469071248836313,26.548282109077785],[8.469071635393322,26.548282134372954],[8.469217413889295,26.548290399852114],[8.469217799895317,26.548290418371256],[8.469363700163107,26.548296145487726],[8.469364085406598,26.548296157254853],[8.46951006325038,26.548299344273843],[8.469510447522905,26.548299349319922],[8.469656458723408,26.54829999527604],[8.469656841820129,26.548299993638803],[8.469802842147883,26.548298098336343],[8.469803223867858,26.548298090060086],[8.46994916909676,26.548293654073213],[8.469949549243381,26.548293639208563],[8.470095395164014,26.548286663881008],[8.47009577354527,26.548286642484644],[8.47024147597826,26.54827712992936],[8.470241852407076,26.548277102063768],[8.47038736721656,26.54826505516231],[8.470387741511038,26.548265020895517],[8.47053302461798,26.548250443297103],[8.470533396601743,26.54825040270234],[8.47067840399723,26.548233298822772],[8.470678773499529,26.54823325197818],[8.470823461258297,26.548213626998578],[8.470823828114272,26.5482135739869],[8.470968152407714,26.548191433851994],[8.470968516458585,26.548191374760286],[8.471112433568363,26.54816672617675],[8.471112794661476,26.548166661095966],[8.47125626099245,26.54813951153028],[8.471256618981515,26.54813944055504],[8.47139959107521,26.548109798231316],[8.471399945820256,26.54810972145949],[8.47154238036785,26.548077595356926],[8.471542731735411,26.548077512889382],[8.471684585590916,26.54804291273956],[8.471684933453961,26.54804282467976],[8.47182616364731,26.548005760963676],[8.471826507885343,26.54800566741742],[8.471967071635387,26.547966151362363],[8.471967412134338,26.547966052437417],[8.472107266861775,26.547924096013496],[8.47210760351406,26.547923991819317],[8.47224670685443,26.5478796077359],[8.472247039558829,26.547879498383317],[8.472385349375173,26.54783270008512],[8.472385678036762,26.547832585686034],[8.472523152432634,26.547783387349146],[8.472523476962694,26.54778326801622],[8.472660074294609,26.547731684543688],[8.472660394610536,26.547731560390137],[8.47279607350075,26.54767760740751],[8.472796389525927,26.547677478546802],[8.47293110887481,26.547621172397417],[8.472931420538414,26.547621038943],[8.473065139537109,26.547562396683],[8.473065446774017,26.547562258748084],[8.473198124916655,26.547501298141277],[8.47319842766727,26.547501155838656],[8.473330024763252,26.54743789535108],[8.473330322973277,26.547437748792827],[8.4734607991595,26.547372207587244],[8.473461092779774,26.547372056884544],[8.47359040853269,26.547304254814534],[8.473590697519064,26.547304100077586],[8.473718813666595,26.54723405768164],[8.473719097979632,26.54723389901933],[8.473845975713127,26.547161637514527],[8.47384625531797,26.54716147503439],[8.47397185620388,26.547087016310048],[8.473972131070026,26.5470868501181],[8.474096417061636,26.547010216729095],[8.47409668716272,26.547010046929653],[8.47421962061156,26.54693126208962],[8.474219885925168,26.546931088785247],[8.474341429592517,26.54685017635951],[8.474341690099914,26.54684999965083],[8.47446180716804,26.546766984149226],[8.474462062854025,26.54676680413493],[8.474580716937291,26.546681710704345],[8.474580967789995,26.546681527481002],[8.474698122945984,26.546594381897744],[8.474698368956565,26.54659419555982],[8.47481398969691,26.546505024221865],[8.474814230859467,26.5465048348616],[8.474928282160556,26.54641366478053],[8.474928518471824,26.5464134724879],[8.475040965785514,26.546320331280768],[8.47504119724475,26.546320136143482],[8.475152006508738,26.546225052024433],[8.475152233117436,26.54622485412784],[8.47526137076563,26.546127855899524],[8.475261592527438,26.546127655326657],[8.475369025500108,26.546028772371596],[8.475369242420511,26.546028569203088],[8.475474938174287,26.545927831474707],[8.475475150260563,26.54592762578884],[8.475579076778308,26.545825063802372],[8.475579284039222,26.545824855675033],[8.475681409839787,26.545720500498348],[8.475681612285499,26.545720290003082],[8.475781906433156,26.545614173247248],[8.47578210407506,26.545613960455245],[8.475880536188894,26.545506114264892],[8.47588072903936,26.545505899244997],[8.475977269302586,26.545396356288702],[8.475977832947132,26.54539568119958],[8.47617490343802,26.54514632977558],[8.476376184945174,26.54490054941118],[8.476581704268021,26.544658303430698],[8.476791399325865,26.54441966492909],[8.477005206776568,26.544184705911142],[8.477223062037304,26.54395349726736],[8.47744489930284,26.543726108754527],[8.47767065156637,26.543502608973323],[8.477900250639332,26.543283065348476],[8.478133627173031,26.543067544107288],[8.47837071067884,26.54285611026069],[8.47861142954947,26.54264882758351],[8.478855711082405,26.542445758593995],[8.479103481499475,26.54224696453691],[8.479354665972071,26.54205250536301],[8.479609188641264,26.541862439712816],[8.47986697264334,26.541676824897266],[8.480127940131183,26.541495716881844],[8.4803920122992,26.541319170268945],[8.480659109406684,26.541147238281642],[8.480929150803055,26.540979972747373],[8.481202054950584,26.540817424083247],[8.481477739450963,26.540659641280065],[8.481756121069681,26.540506671887837],[8.482037115761893,26.540358562001384],[8.482320638696018,26.54021535624755],[8.482606604282966,26.540077097770105],[8.482894926198648,26.539943828218643],[8.48318551741273,26.539815587734918],[8.483478290213982,26.539692414941474],[8.483773315073611,26.539574283329863],[8.483755586591924,26.539542295751595],[8.483460403613082,26.539660490650185],[8.483460088793121,26.53966061988829],[8.483167003351994,26.539783924186562],[8.483166692884918,26.539784057985464],[8.48287579341364,26.53991243447905],[8.482875487363424,26.53991257272625],[8.482586861634568,26.540045982680386],[8.482586560059762,26.54004612526389],[8.482300295159824,26.540184528425055],[8.482299998113723,26.54018467523358],[8.482016180416858,26.54032802984162],[8.482015887947695,26.540328180764746],[8.481734603089691,26.54047644356557],[8.481734315240807,26.540476598493985],[8.48145564809326,26.54062972475256],[8.481455364903264,26.540629883578127],[8.481179399547866,26.540787827091943],[8.481179121050925,26.540787989707955],[8.480905940754244,26.540950702821036],[8.480905666980217,26.540950869122327],[8.480635354168369,26.541118302739555],[8.480635085143053,26.541118472622628],[8.480367721377089,26.54129057622457],[8.48036745712235,26.541290749587652],[8.480103123073441,26.541467471245817],[8.480102863607556,26.541467647989087],[8.479841639032719,26.54164893438161],[8.479841384370477,26.541649114407193],[8.479583348088552,26.541834910834844],[8.479583098241463,26.541835094046935],[8.479328328109267,26.542025344449705],[8.47932808308584,26.54202553075462],[8.479076655974678,26.54222017772864],[8.479076415780591,26.542220367034876],[8.478828407553166,26.542419351849677],[8.478828172191417,26.54241954406796],[8.478583657678735,26.542622806684225],[8.478583427149914,26.542623001727602],[8.478342480128997,26.54283048081529],[8.478342254431443,26.542830678599078],[8.478104947602723,26.54304231155588],[8.478104726732706,26.543042511997733],[8.477871131698402,26.54325823496809],[8.477870915650321,26.543258437988],[8.477641102892624,26.54347818588219],[8.477640891659181,26.54347839140253],[8.477414930519105,26.54370209791643],[8.477414724091508,26.543702305861867],[8.477192682747887,26.54392990349693],[8.477192481115981,26.543930113794524],[8.476974426564965,26.544161533878153],[8.476974229717401,26.54416174645726],[8.476760227752216,26.54439691916349],[8.4767600356766,26.544397133955776],[8.476550150867729,26.54463598832642],[8.476549963550838,26.544636205265835],[8.47634425922638,26.544878669231743],[8.47634407665423,26.544878888254505],[8.476142614881045,26.545124888657522],[8.476142437039096,26.54512510970203],[8.47594555064213,26.545374228109786],[8.475849397365213,26.545483331924697],[8.475751160481552,26.54559096418144],[8.475651066362529,26.54569686926587],[8.47554914540208,26.54580101510222],[8.475445428546024,26.545903370152512],[8.475339947285223,26.54600390342351],[8.47523273364476,26.546102584477076],[8.475123820174874,26.546199383438903],[8.475013239939234,26.546294271008904],[8.474901026507014,26.546387218468215],[8.47478721394074,26.546478197689424],[8.474671836786788,26.54656718114417],[8.474554930063835,26.5466541419123],[8.474436529253252,26.54673905368895],[8.474316670287202,26.546821890793357],[8.474195389537103,26.54690262817675],[8.474072723805017,26.546981241428117],[8.473948710307903,26.54705770678462],[8.473823386670466,26.547132001135687],[8.4736967909108,26.547204102031767],[8.47356896142987,26.547273987690307],[8.473439936999547,26.5473416370023],[8.473309756749261,26.547407029539315],[8.473178460157019,26.54747014555795],[8.473046087033042,26.547530966007724],[8.472912677512145,26.547589472534494],[8.472778272036996,26.54764564748791],[8.472642911348695,26.547699473925086],[8.472506636473538,26.54775093561612],[8.472369488708866,26.547800017049045],[8.472231509613342,26.54784670343358],[8.47209274099105,26.547890980706228],[8.471953224881094,26.54793283553353],[8.471813003543431,26.547972255316406],[8.471672119446296,26.548009228193425],[8.471530615253846,26.548043743044147],[8.471388533812167,26.548075789492238],[8.471245918137141,26.54810535790835],[8.47110281140065,26.548132439412765],[8.470959256918018,26.548157025877632],[8.470815298135006,26.54817910992938],[8.470670978613832,26.548198684950407],[8.470526342021715,26.54821574508088],[8.470381432115467,26.548230285220267],[8.470236292731041,26.54824230102845],[8.470090967767618,26.548251788926958],[8.469945501176872,26.548258746099513],[8.469799936948348,26.548263170492813],[8.469654319097351,26.548265060816853],[8.46950869165058,26.54826441654496],[8.46936309863535,26.54826123791392],[8.46921758406316,26.548255525923494],[8.469072191920771,26.548247282336067],[8.468926966153356,26.54823650967587],[8.468781950654213,26.548223211228073],[8.468637189250792,26.54820739103772],[8.468492725691709,26.54818905390834],[8.468348603634578,26.54816820540044],[8.468204866632481,26.54814485182978],[8.468061558121123,26.548119000265363],[8.467918721407255,26.548090658527453],[8.46777639965475,26.548059835185178],[8.467634635872395,26.548026539553852],[8.467493472901026,26.547990781692384],[8.467352764849053,26.547952521130107],[8.467348650310829,26.547951804682835],[8.464109415622742,26.547695117295138],[8.46410904532777,26.547695091051537],[8.463388418668506,26.547650051850223],[8.460865983988496,26.547492399559847],[8.460865614069368,26.547492379530652],[8.457620675273684,26.547343788240827],[8.456350810675504,26.547164929506135],[8.455550521958731,26.5470522099098],[8.455550157736551,26.547052161649752],[8.455329834435256,26.547024804539802],[8.453474457539027,26.54679442604849],[8.453474092935457,26.54679438380714],[8.451394446983176,26.54657070714255],[8.451394082381439,26.54657067094662],[8.450905505568107,26.546526210073228],[8.449311049297235,26.546381113301468],[8.449309168746112,26.546415866205642],[8.450903625310032,26.546560962845145]]]]}},{"type":"Feature","properties":{"id":"street_gq1","group":null,"name":"GQ1","settlement_id":"settlement_pointgolqik","country_id":"country_velu","district_id":null,"status":"active","surface":"gravel","access":"public","bridge":null,"tunnel":null,"oneway":null,"route_id":null,"alt_name":null,"notes":null},"geometry":{"type":"MultiPolygon","coordinates":[[[[8.454660855125779,26.542908385197943],[8.45462160508865,26.542904924423567],[8.454418389836619,26.54692984396194],[8.454457640972842,26.546933304381227],[8.454660855125779,26.542908385197943]]]]}},{"type":"Feature","properties":{"id":"street_gq2","group":null,"name":"GQ2","settlement_id":"settlement_pointgolqik","country_id":"country_velu","district_id":null,"status":"active","surface":"gravel","access":"public","bridge":null,"tunnel":null,"oneway":null,"route_id":null,"alt_name":null,"notes":null},"geometry":{"type":"MultiPolygon","coordinates":[[[[8.45651127560401,26.544222795844252],[8.456472021796632,26.544219403629075],[8.456329150233731,26.547180482988487],[8.456368404848792,26.547183874941396],[8.45651127560401,26.544222795844252]]]]}},{"type":"Feature","properties":{"id":"street_mupingaxis","group":null,"name":"Muping Axis","settlement_id":"settlement_pointgolqik","country_id":"country_velu","district_id":null,"status":"active","surface":"gravel","access":"public","bridge":null,"tunnel":null,"oneway":null,"route_id":null,"alt_name":null,"notes":null},"geometry":{"type":"MultiPolygon","coordinates":[[[[8.463400938276576,26.54672189616108],[8.46364470495894,26.54585475613721],[8.463644756816025,26.545854567011354],[8.463787228577983,26.545321552356175],[8.463787729242583,26.545318328376045],[8.463787536370203,26.545315044976636],[8.463703138903133,26.544802719928125],[8.463701920316927,26.5447986750726],[8.463699680316347,26.544794946830315],[8.463039442278207,26.54394371874348],[8.463036571148896,26.543940735602938],[8.46303307164793,26.543938345005675],[8.461775895058182,26.54325173311344],[8.461772868738342,26.543250366430655],[8.460360683001523,26.542736243254332],[8.460357225585291,26.542735289989494],[8.460353665121556,26.542734900060452],[8.459396556542812,26.54270747012787],[8.459393001891907,26.542707657565565],[8.459389579670816,26.542708417837428],[8.458447091411516,26.543003819405353],[8.458444425780595,26.54300487147715],[8.45844199199585,26.543006279089056],[8.457734364113508,26.54349119816876],[8.457731387282145,26.54349377281898],[8.457729142613513,26.5434968898847],[8.457294517086273,26.544286033415627],[8.45729321169119,26.54428918008583],[8.457292635311335,26.544292526331223],[8.457114597948337,26.547290940509768],[8.457153834269375,26.54729467328416],[8.457331666052584,26.54429970734634],[8.457762744626091,26.54351700358556],[8.458464704191861,26.543035968755067],[8.45940105477329,26.54274249082731],[8.460350928737737,26.542769713331957],[8.461758138303914,26.543282024707473],[8.46301003893286,26.543965755005143],[8.463664962304803,26.54481013114074],[8.463748120630886,26.54531493487567],[8.463606527704545,26.5458446610996],[8.463362202348165,26.546713787628534],[8.463361633026224,26.546718041429692],[8.46336846356902,26.547666635111607],[8.463407753428825,26.54766831681648],[8.463400938276576,26.54672189616108]]]]}},{"type":"Feature","properties":{"id":"street_gq4","group":null,"name":"GQ4","settlement_id":"settlement_pointgolqik","country_id":"country_velu","district_id":null,"status":"active","surface":"gravel","access":"public","bridge":null,"tunnel":null,"oneway":null,"route_id":null,"alt_name":null,"notes":null},"geometry":{"type":"MultiPolygon","coordinates":[[[[8.469163613408687,26.54433526261718],[8.469124362323852,26.544331810204458],[8.468926931153604,26.548265479268032],[8.468966183312611,26.548268931333297],[8.469163613408687,26.54433526261718]]]]}},{"type":"Feature","properties":{"id":"street_beach1","group":null,"name":"Beach 1","settlement_id":"settlement_dimaeta","country_id":"country_stsutodo","district_id":null,"status":"active","surface":"paved","access":"public","bridge":null,"tunnel":null,"oneway":null,"route_id":null,"alt_name":null,"notes":null},"geometry":{"type":"MultiPolygon","coordinates":[[[[-72.01713805813618,-17.62321578529183],[-72.01713732725052,-17.623216197516868],[-71.94227980660332,-17.667951760660287],[-71.9422794883813,-17.667951955783643],[-71.92781498729514,-17.67704818704302],[-71.92781214838799,-17.67705046653455],[-71.92080357523267,-17.684208157233464],[-71.92080150577866,-17.684210843340416],[-71.91602971087843,-17.69226324575658],[-71.91602853193982,-17.6922658158083],[-71.91602792250633,-17.692268567170878],[-71.91468585434914,-17.704198052769353],[-71.9146858198099,-17.704200739371867],[-71.91468631191236,-17.704203433255778],[-71.91901074956345,-17.719562646084118],[-71.9190123075063,-17.71956630639759],[-71.9309417925529,-17.740144668913064],[-71.93094348642163,-17.740147090429904],[-71.93094560816422,-17.74014926539313],[-71.94540875197637,-17.752823153538014],[-71.967186455844,-17.780551569863544],[-71.96877956485997,-17.78265221010297],[-71.96878155978283,-17.782654441095456],[-71.97041326674223,-17.78421341023102],[-71.97041497018444,-17.784214863506843],[-71.97228752854602,-17.785641203339473],[-71.97229058984992,-17.78564314222686],[-71.97425975067348,-17.786667949034307],[-71.9742628265758,-17.786669263184343],[-71.97426607674868,-17.786670103969847],[-71.9766452287133,-17.7870978371474],[-71.97664812594644,-17.787098162644956],[-71.97929418795668,-17.78721814587344],[-71.97929730499794,-17.787218059540894],[-71.9836168810809,-17.786776311809465],[-71.98361857863945,-17.786776065726695],[-71.98828175898414,-17.78589605624739],[-72.00709264637551,-17.783625513460642],[-72.00709407965908,-17.78362528818716],[-72.01965574566576,-17.781182764650282],[-72.01965606880451,-17.78118269902238],[-72.03573025759542,-17.777778220956918],[-72.0357310969476,-17.777778023767407],[-72.06801581948663,-17.769433650636852],[-72.06801597483978,-17.76943360979416],[-72.07238027764991,-17.768266730460777],[-72.07238165342528,-17.768266306063158],[-72.07576735672606,-17.767077526369743],[-72.07576865078842,-17.767077015768088],[-72.08278795711928,-17.76398876385204],[-72.08278859635247,-17.763988467228017],[-72.09536102142901,-17.75784417096006],[-72.10134963723539,-17.755363604580747],[-72.10835170756555,-17.752512546787795],[-72.13600448828608,-17.742539402075007],[-72.17790653997459,-17.728820577513975],[-72.17790727397396,-17.728820320064585],[-72.18452635377841,-17.72634054899229],[-72.1867484831374,-17.725508050780142],[-72.18770325187585,-17.725150356362125],[-72.18788898036902,-17.725080775067088],[-72.18901744629865,-17.72465800675925],[-72.22965097330338,-17.709435068234242],[-72.24751351374856,-17.703761656312086],[-72.24749796212944,-17.703731526176597],[-72.22963497005412,-17.709405078671583],[-72.2296340793326,-17.709405386628173],[-72.18900011184506,-17.72462848352056],[-72.18787164617167,-17.72505125154815],[-72.18768591770461,-17.72512083280307],[-72.18673114898294,-17.725478527058872],[-72.18450901969095,-17.726311024883106],[-72.17789030266037,-17.72879065896292],[-72.13598835868812,-17.74250944152542],[-72.13598783820095,-17.74250962052341],[-72.10833444995203,-17.752482979857376],[-72.10833376139728,-17.752483244028355],[-72.10133130016862,-17.755334459827],[-72.1013312001568,-17.75533450090062],[-72.09534202634562,-17.757815297424994],[-72.09534103023023,-17.75781574640873],[-72.08276843108612,-17.763960125565447],[-72.075750080837,-17.767047955660587],[-72.07236571392313,-17.76823626557764],[-72.06800218910418,-17.769402936205363],[-72.03571796052293,-17.777747176516343],[-72.01964435655903,-17.781151528155004],[-72.00708356181609,-17.783593880275575],[-71.98827273075396,-17.785864413218555],[-71.98827140530739,-17.785864617824256],[-71.98360840741123,-17.786744592128056],[-71.97929123315947,-17.78718609353337],[-71.97664819942028,-17.78706624716965],[-71.97427383055533,-17.7866393735037],[-71.97230928601333,-17.785616968774363],[-71.97043906027503,-17.784192405415975],[-71.96880925764475,-17.782635255527293],[-71.9672169500913,-17.780535672000653],[-71.96721676021902,-17.780535426044324],[-71.94543788256917,-17.752805513842883],[-71.94543544376648,-17.75280294725118],[-71.93097328408847,-17.740129920132855],[-71.91904630213202,-17.719555876804172],[-71.91472315534895,-17.704201255573484],[-71.91606459948581,-17.692277298470838],[-71.92083406435296,-17.684228825104416],[-71.9278401662551,-17.677073656168172],[-71.94230292798812,-17.667978516015243],[-72.01715991914395,-17.623243255338423],[-72.1038384935042,-17.577163163018458],[-72.10381701428027,-17.577135505281838],[-72.01713805813618,-17.62321578529183]]]]}},{"type":"Feature","properties":{"id":"street_connorspassage","group":null,"name":"Connors Passage","settlement_id":"settlement_dimaeta","country_id":"country_tsutodo","district_id":null,"status":"active","surface":"paved","access":"public","bridge":null,"tunnel":null,"oneway":null,"route_id":null,"alt_name":null,"notes":null},"geometry":{"type":"MultiPolygon","coordinates":[[[[-72.18334769225453,-17.723563605415443],[-72.18371060330173,-17.724434660202153],[-72.18408981867657,-17.725344848442425],[-72.18450024824658,-17.726329956623335],[-72.18453512534423,-17.72632161720685],[-72.18412469568118,-17.72533650901574],[-72.18374548013948,-17.72442632057185],[-72.18338256886328,-17.723555265423954],[-72.1811664390839,-17.718236138189997],[-72.18113156292523,-17.718244478111593],[-72.18334769225453,-17.723563605415443]]]]}},{"type":"Feature","properties":{"id":"street_tylersrspassage","group":null,"name":"Tylerss Passage","settlement_id":"settlement_dimaeta","country_id":"country_tsutodo","district_id":null,"status":"active","surface":"paved","access":"public","bridge":null,"tunnel":null,"oneway":null,"route_id":null,"alt_name":null,"notes":null},"geometry":{"type":"MultiPolygon","coordinates":[[[[-72.18783957538739,-17.721805815877904],[-72.18783956591429,-17.721805784054617],[-72.18783100406384,-17.72178524295146],[-72.18783100024534,-17.721785235912268],[-72.18561900345432,-17.71647833728651],[-72.18558412931512,-17.71648668141605],[-72.18779774936623,-17.721797475220995],[-72.18816760142914,-17.722685180778825],[-72.18854681684383,-17.723595369114697],[-72.18854684748183,-17.723595442135178],[-72.18899137145391,-17.724647487859993],[-72.18902618697612,-17.724639002312845],[-72.18858167840877,-17.72358699326767],[-72.18820247816805,-17.72267684154841],[-72.18783957538739,-17.721805815877904]]]]}},{"type":"Feature","properties":{"id":"street_karmelospassage","group":null,"name":"Karmelo's Passage","settlement_id":"settlement_dimaeta","country_id":"country_tsutodo","district_id":null,"status":"active","surface":"paved","access":"public","bridge":null,"tunnel":null,"oneway":null,"route_id":null,"alt_name":null,"notes":null},"geometry":{"type":"MultiPolygon","coordinates":[[[[-72.18872383455798,-17.721355344235135],[-72.18872382508492,-17.721355312411912],[-72.18871526323444,-17.72133477130874],[-72.18871525947915,-17.72133476438605],[-72.18653988877927,-17.7161157370238],[-72.18650501467627,-17.716124081108322],[-72.18868198676361,-17.72134695116721],[-72.1890518606498,-17.722234709105273],[-72.18943104045053,-17.723144811962545],[-72.1898993555124,-17.724307038955995],[-72.18993437257029,-17.724299041836804],[-72.18946602294795,-17.72313672934141],[-72.18946595280072,-17.723136558158444],[-72.18908673733871,-17.722226369905734],[-72.18872383455798,-17.721355344235135]]]]}},{"type":"Feature","properties":{"id":"street_austinspassage","group":null,"name":"Austin's Passage","settlement_id":"settlement_dimaeta","country_id":"country_tsutodo","district_id":null,"status":"active","surface":"paved","access":"public","bridge":null,"tunnel":null,"oneway":null,"route_id":null,"alt_name":null,"notes":null},"geometry":{"type":"MultiPolygon","coordinates":[[[[-72.19465058162652,-17.722529807928936],[-72.19468326683501,-17.722517149955827],[-72.19000033672076,-17.71474763334027],[-72.1899676510645,-17.71476029006898],[-72.19465058162652,-17.722529807928936]]]]}},{"type":"Feature","properties":{"id":"street_dimaeta_lowespassage","group":null,"name":"Lowe's Passage","settlement_id":"settlement_dimaeta","country_id":"country_stsutodo","district_id":null,"status":"active","surface":"paved","access":"public","bridge":null,"tunnel":null,"oneway":null,"route_id":null,"alt_name":null,"notes":null},"geometry":{"type":"MultiPolygon","coordinates":[[[[-72.19936369388381,-17.720641973516283],[-72.19936366060085,-17.72064172904387],[-72.19934262309616,-17.720496641533508],[-72.1993425853437,-17.720496396221364],[-72.19931902849021,-17.72035169640464],[-72.199318986219,-17.72035145027581],[-72.19929291713801,-17.720207181896175],[-72.19929287029682,-17.720206934973604],[-72.1992642968692,-17.7200631416441],[-72.19926424540526,-17.720062893952853],[-72.19923317626886,-17.71991961914282],[-72.19923312012797,-17.719919370709984],[-72.19919956467515,-17.719776657732147],[-72.1991995038017,-17.719776408587112],[-72.1991634721765,-17.719634300584246],[-72.19916340651353,-17.719634050758888],[-72.1991249096085,-17.719492590690912],[-72.199124839098,-17.719492340219517],[-72.19908388855083,-17.71935157085051],[-72.19908381313365,-17.7193513197701],[-72.19904042132397,-17.719211283655277],[-72.19904034093999,-17.71921103200568],[-72.19899452098531,-17.71907177147866],[-72.19899443557362,-17.719071519302606],[-72.19894620132558,-17.718933076462495],[-72.19894611082464,-17.718932823805833],[-72.19889547686465,-17.718795240504523],[-72.19889538121237,-17.718794987416288],[-72.19884236284734,-17.71865830524589],[-72.19884226198123,-17.71865805177842],[-72.19878687523891,-17.718522312058614],[-72.19878676909646,-17.718522058267745],[-72.19872903072043,-17.71838730203328],[-72.19872891923906,-17.718387047978467],[-72.19866884668399,-17.718253315966777],[-72.19866872980138,-17.718253061711145],[-72.19860634122746,-17.718120394350127],[-72.19860621888174,-17.718120139960696],[-72.1985415331494,-17.717988577356227],[-72.19854140527937,-17.717988322903977],[-72.19847444194338,-17.717857904828087],[-72.19847430848885,-17.717857650388034],[-72.19840508779248,-17.71772841626676],[-72.19840494869439,-17.717728161918117],[-72.19833349156346,-17.717600150819496],[-72.1983333467642,-17.71759989664577],[-72.19825967480054,-17.717473147268212],[-72.19825952424428,-17.71747289335726],[-72.19818365971928,-17.717347444017648],[-72.19818350335223,-17.717347190461773],[-72.19810546920004,-17.717223079084075],[-72.19810530697076,-17.717222825980034],[-72.19802512678153,-17.717100090083736],[-72.19802495864127,-17.717099837532956],[-72.19794265665384,-17.716978514221648],[-72.19794248255678,-17.71697826233005],[-72.19785808365144,-17.71685838828037],[-72.19785790355526,-17.716858137158596],[-72.1977714332462,-17.716739748609047],[-72.1977712471122,-17.716739498372302],[-72.19768273153979,-17.71662263111233],[-72.19768253933333,-17.71662238188054],[-72.19759200525628,-17.716507071239565],[-72.19759180694724,-17.71650682313714],[-72.19749928173438,-17.716393103974223],[-72.19749907729744,-17.71639285713024],[-72.19740458891961,-17.71628076382319],[-72.19740437833462,-17.71628051837113],[-72.19730795535612,-17.7161700848063],[-72.19730773860854,-17.71616984088404],[-72.19720941017843,-17.716061100445987],[-72.19720918725973,-17.716060858195757],[-72.19710898310325,-17.715953843757283],[-72.19710875401118,-17.715953603325318],[-72.19700670442045,-17.715848347237365],[-72.19700646915959,-17.715848108773937],[-72.19690260498471,-17.71574464285596],[-72.1969023635667,-17.715744406515118],[-72.19679671620626,-17.715642762045317],[-72.1967964686502,-17.715642527984624],[-72.19668907004201,-17.71554273569058],[-72.19668881637486,-17.71554250407086],[-72.19657969898591,-17.715444594120356],[-72.19657943924281,-17.715444365105487],[-72.19646863605982,-17.715348367097103],[-72.19646837028435,-17.71534814085364],[-72.19635591480368,-17.71525408380803],[-72.19635564304822,-17.715253860504873],[-72.19624156926565,-17.71516177285597],[-72.19624129159168,-17.715161552664032],[-72.19612563399228,-17.715071462250357],[-72.19612535047044,-17.71507124534216],[-72.19600814401802,-17.714983179398455],[-72.19600785472866,-17.71498296594766],[-72.19588913485535,-17.714896951096723],[-72.19588883988837,-17.71489674127777],[-72.19576864248361,-17.71481280352227],[-72.19576834193884,-17.714812597509844],[-72.19564670333895,-17.714730762224583],[-72.19564639732613,-17.714730560193154],[-72.19552335430303,-17.714650852117312],[-72.19552304294187,-17.714650654240614],[-72.19539863269209,-17.714573097470407],[-72.19539831611237,-17.714572903920914],[-72.19527257624566,-17.71449752190203],[-72.19527225458721,-17.714497332850442],[-72.19514522311529,-17.714424148371304],[-72.1951448965278,-17.714423963985972],[-72.1950166118529,-17.71435299917057],[-72.19501628049588,-17.714352819616924],[-72.1948867813991,-17.714284095918295],[-72.19488644544164,-17.71428392135833],[-72.1947557710711,-17.714217459551932],[-72.19475543069174,-17.71421729014362],[-72.19462362055096,-17.714153110321224],[-72.1946232759373,-17.714152946217943],[-72.19449036987307,-17.714091067781432],[-72.19449002122147,-17.714090909131492],[-72.19435605941196,-17.714031350786968],[-72.19435570692725,-17.714031197732947],[-72.19422072986968,-17.713973977485274],[-72.19422037376457,-17.713973830163614],[-72.1940844222632,-17.713918965310686],[-72.19408406275784,-17.713918823851156],[-72.1939471779114,-17.713866330978927],[-72.19394681523296,-17.713866195504146],[-72.19380903842243,-17.713816090481483],[-72.19380867280445,-17.713815961106494],[-72.19367004568036,-17.713768259080346],[-72.19366967736218,-17.713768135912154],[-72.19353024183216,-17.713722851303146],[-72.19352987105819,-17.71372273444039],[-72.19338966927427,-17.71367988093824],[-72.19338929629342,-17.713679770470847],[-72.19324837063922,-17.71363936103039],[-72.19324799570414,-17.71363925703926],[-72.19310638878223,-17.713601303876484],[-72.19310613465409,-17.713601237361917],[-72.19296289116795,-17.713564642383844],[-72.192955317006,-17.713595251935306],[-72.19309843326351,-17.713631814383934],[-72.19323972541864,-17.713669683158034],[-72.19338027710238,-17.713709985339552],[-72.19352010699707,-17.713752725146097],[-72.1936591729701,-17.713797889708363],[-72.19379743311644,-17.713845465431035],[-72.19393484577009,-17.713895437996364],[-72.19407136951673,-17.713947792368355],[-72.19420696320634,-17.71400251279731],[-72.19434158596302,-17.71405958282317],[-72.1944751972,-17.714118985281665],[-72.19460775662822,-17.71418070230722],[-72.19473922427007,-17.714244715339355],[-72.19486956047082,-17.714311005127033],[-72.19499872591045,-17.714379551734584],[-72.19512668161386,-17.714450334546065],[-72.19525338896484,-17.71452333227269],[-72.19537880971549,-17.714598522957203],[-72.19550290599884,-17.714675883980902],[-72.19562564034023,-17.714755392069893],[-72.19574697566746,-17.71483702330096],[-72.19586687532302,-17.71492075310886],[-72.1959853030759,-17.715006556293826],[-72.19610222313152,-17.71509440702786],[-72.19621760014239,-17.715184278862036],[-72.19633139922034,-17.715276144734865],[-72.19644358594614,-17.715369976979378],[-72.1965541263814,-17.71546574733221],[-72.19666298707676,-17.71556342693955],[-72.196770135086,-17.715662986369203],[-72.19687553797178,-17.71576439561459],[-72.1969791638205,-17.71586762410857],[-72.19708098124781,-17.715972640727603],[-72.1971809594124,-17.71607941380521],[-72.19727906802324,-17.716187911138793],[-72.19737527734877,-17.71629809999886],[-72.19746955822926,-17.716409947141877],[-72.19756188208252,-17.71652341881671],[-72.1976522209155,-17.716638480777426],[-72.19774054733055,-17.716755098290573],[-72.19782683453765,-17.71687323615033],[-72.19791105635885,-17.716992858683568],[-72.19799318723966,-17.717113929765112],[-72.19807320225597,-17.717236412827113],[-72.1981510771211,-17.717360270868795],[-72.19822678819524,-17.717485466470457],[-72.19830031249116,-17.717611961802028],[-72.19837162768277,-17.717739718636924],[-72.1984407121116,-17.717868698362757],[-72.19850754479344,-17.717998861992506],[-72.19857210542509,-17.71813017017693],[-72.19863437439133,-17.718262583217566],[-72.19869433276997,-17.71839606107696],[-72.19875196233896,-17.718530563392882],[-72.19880724558072,-17.71866604948808],[-72.19886016568952,-17.718802478386415],[-72.19891070657495,-17.718939808822057],[-72.19895885286772,-17.719077999253244],[-72.19900458992458,-17.719217007875404],[-72.19904790383286,-17.71935679263437],[-72.19908878141436,-17.71949731123725],[-72.19912721022986,-17.719638521167333],[-72.19916317858295,-17.719780379695894],[-72.19919667552361,-17.719922843896192],[-72.19922769085159,-17.720065870656043],[-72.19925621511968,-17.72020941669126],[-72.19928223963642,-17.720353438558078],[-72.19930575646909,-17.720497892667662],[-72.19932675844613,-17.72064273529983],[-72.19934235627947,-17.720765274269688],[-72.19937930729446,-17.720764634724667],[-72.19936369388381,-17.720641973516283]]]]}},{"type":"Feature","properties":{"id":"street_hentgespassage","group":null,"name":"Hentges Passage","settlement_id":"settlement_dimaeta","country_id":"country_tsutodo","district_id":null,"status":"active","surface":"paved","access":"public","bridge":null,"tunnel":null,"oneway":null,"route_id":null,"alt_name":null,"notes":null},"geometry":{"type":"MultiPolygon","coordinates":[[[[-72.2020018831007,-17.716011786088064],[-72.2020018736282,-17.716011754266113],[-72.20199331177774,-17.715991213162976],[-72.20199330808626,-17.71599120635799],[-72.19985514645722,-17.710861448910723],[-72.19982027277985,-17.710869792108106],[-72.2019600136365,-17.716003339079432],[-72.20232990968495,-17.716891150211453],[-72.20270912503727,-17.717801338397706],[-72.20270922874742,-17.71780158158482],[-72.20334935205454,-17.71926861452369],[-72.20338402094957,-17.719259789497492],[-72.20274395057157,-17.717792878151496],[-72.20236478588187,-17.716882811759685],[-72.2020018831007,-17.716011786088064]]]]}},{"type":"Feature","properties":{"id":"street_hentgespassage","group":null,"name":"Hentges Passage","settlement_id":"settlement_dimaeta","country_id":"country_tsutodo","district_id":null,"status":"active","surface":"paved","access":"public","bridge":null,"tunnel":null,"oneway":null,"route_id":null,"alt_name":null,"notes":null},"geometry":{"type":"MultiPolygon","coordinates":[[[[-72.24191532465133,-17.705537929543194],[-72.2419504632672,-17.705530245980807],[-72.23800479632175,-17.695427842319045],[-72.23796965794182,-17.695435523999926],[-72.24191532465133,-17.705537929543194]]]]}},{"type":"Feature","properties":{"id":"street_dimaeta_tsutodo_nightlaterntrace","group":null,"name":"Night Latern Trace","settlement_id":"settlement_dimaeta","country_id":"country_tsutodo","district_id":null,"status":"active","surface":"paved","access":"public","bridge":null,"tunnel":null,"oneway":null,"route_id":null,"alt_name":null,"notes":null},"geometry":{"type":"MultiPolygon","coordinates":[[[[-72.25404338070874,-17.695075772923122],[-72.25301812281363,-17.695452672378718],[-72.25256591639689,-17.695618909919453],[-72.25118296758306,-17.69581108243924],[-72.25118221830951,-17.695811200909578],[-72.2495930386647,-17.69609326442169],[-72.24875292099105,-17.696108142167063],[-72.24847125023689,-17.696113130308795],[-72.24846803304662,-17.696113437064707],[-72.24768284585002,-17.69625147966724],[-72.24735705750594,-17.696308756035357],[-72.24735398743138,-17.69630955761109],[-72.24637702878876,-17.696654031122616],[-72.24637521657108,-17.696654782698722],[-72.24549410844762,-17.697078601179467],[-72.24551439380778,-17.697106856496788],[-72.24639462501958,-17.6966834596636],[-72.24736916720168,-17.696339838032156],[-72.24769336652247,-17.69628284097581],[-72.24847697384136,-17.696145076003265],[-72.2487570073262,-17.696140116809016],[-72.24959877914887,-17.696125209628473],[-72.24960202849216,-17.696124897191076],[-72.25119243097515,-17.695842616381746],[-72.25257710055956,-17.695650204521844],[-72.2525811180172,-17.695649207246408],[-72.25303524441074,-17.695482263819887],[-72.25406128325567,-17.69510507710932],[-72.25406280342348,-17.695104438027485],[-72.25468630741952,-17.69480754190334],[-72.25466614556673,-17.69477922886439],[-72.25404338070874,-17.695075772923122]]]]}},{"type":"Feature","properties":{"id":"street_dimaeta_tsutodo_nightlaterntrace","group":null,"name":"Night Latern Trace","settlement_id":"settlement_dimaeta","country_id":"country_tsutodo","district_id":null,"status":"active","surface":"paved","access":"public","bridge":null,"tunnel":null,"oneway":null,"route_id":null,"alt_name":null,"notes":null},"geometry":{"type":"MultiPolygon","coordinates":[[[[-72.26060169364436,-17.692808610477098],[-72.25878042378937,-17.693550978059427],[-72.25796362460203,-17.69378128418668],[-72.25715045630535,-17.693877787914484],[-72.2571468182357,-17.69387856891874],[-72.2557743814719,-17.694314619686867],[-72.25577244963725,-17.69431535523456],[-72.25504344416827,-17.694641866992146],[-72.2550628619562,-17.694670523672272],[-72.25579093191305,-17.69434443079426],[-72.25716061760964,-17.693909253874114],[-72.25797346634265,-17.693812787938256],[-72.25797650960419,-17.69381218519897],[-72.25879580071546,-17.693581176312932],[-72.25879776866783,-17.693580501368615],[-72.26062089261883,-17.692837377736485],[-72.26062262821854,-17.692836557698474],[-72.26238172550578,-17.691882872925856],[-72.2623599542553,-17.69185537962156],[-72.26060169364436,-17.692808610477098]]]]}},{"type":"Feature","properties":{"id":"street_fourthcrescent","group":null,"name":"Fourth Crescent","settlement_id":"settlement_dimaeta","country_id":"country_tsutodo","district_id":null,"status":"active","surface":"paved","access":"public","bridge":null,"tunnel":null,"oneway":null,"route_id":null,"alt_name":null,"notes":null},"geometry":{"type":"MultiPolygon","coordinates":[[[[-72.23947030619047,-17.699235304527036],[-72.23946958553806,-17.69923557456499],[-72.22981938465692,-17.70308611508309],[-72.22981888659595,-17.703086322532897],[-72.22736771047312,-17.704150930756253],[-72.22736666610783,-17.704151425743213],[-72.22525411160575,-17.705240099104554],[-72.22525321248861,-17.705240597406405],[-72.22343379779498,-17.706322877054017],[-72.22343209729704,-17.70632404012602],[-72.22267526807869,-17.706916884516517],[-72.22267501179792,-17.706917089664444],[-72.22228883078817,-17.707232979811728],[-72.22188906259541,-17.70751320012484],[-72.22124763459135,-17.707844457888406],[-72.22057116949252,-17.708132864283254],[-72.21677190563415,-17.709591554497237],[-72.20163360983001,-17.71518004586933],[-72.20163309477661,-17.715180244928057],[-72.18300701364976,-17.722707135377973],[-72.18302521337051,-17.722736322479086],[-72.20165103806723,-17.715209532573468],[-72.21678918464036,-17.70962109382844],[-72.21678940616755,-17.70962101041901],[-72.22058908782711,-17.70816215917224],[-72.2205896966417,-17.708161912653264],[-72.22126706083925,-17.707873122820885],[-72.22126822891138,-17.70787257345631],[-72.22191123252932,-17.707540501873435],[-72.22191314371871,-17.707539347757322],[-72.22231429916467,-17.70725815495619],[-72.22231523080508,-17.707257449260393],[-72.22270173482661,-17.70694129480308],[-72.22345763048635,-17.706349181521787],[-72.22527570879643,-17.705267696485073],[-72.22738729260355,-17.704179522985854],[-72.22983768833387,-17.70311525329733],[-72.23948728125465,-17.699264953770086],[-72.24514308945166,-17.697279902227656],[-72.24512647908479,-17.697250125901004],[-72.23947030619047,-17.699235304527036]]]]}},{"type":"Feature","properties":{"id":"street_beach1","group":null,"name":"Beach 1","settlement_id":"settlement_dimaeta","country_id":"country_stsutodo","district_id":null,"status":"active","surface":"paved","access":"public","bridge":null,"tunnel":null,"oneway":null,"route_id":null,"alt_name":null,"notes":null},"geometry":{"type":"MultiPolygon","coordinates":[[[[-72.26634706223045,-17.697646270872102],[-72.26634892661785,-17.69764552919756],[-72.27478711319232,-17.693728111809357],[-72.27478808468179,-17.693727623286758],[-72.27988563496838,-17.690958841297952],[-72.27988575910254,-17.690958773202247],[-72.29140695176224,-17.684576135592714],[-72.29140718306022,-17.684576005071253],[-72.30718322082203,-17.675509212095125],[-72.30718372199169,-17.675508912287047],[-72.31822825922511,-17.668635166211534],[-72.32184528618136,-17.666761592574755],[-72.32502567305933,-17.66541986659719],[-72.34038408695156,-17.659306321927396],[-72.34722046333245,-17.657152098750174],[-72.34722159853672,-17.657151700215973],[-72.35228944508314,-17.65518399044514],[-72.35229031718299,-17.65518362520554],[-72.35957512386153,-17.651903236031362],[-72.35957722507554,-17.651902109113777],[-72.36593396882222,-17.647888714208133],[-72.36593586448262,-17.64788731225839],[-72.3716541498397,-17.642950311256243],[-72.39426994427434,-17.626448234710065],[-72.39427073043011,-17.626447622014044],[-72.41965589835013,-17.605325219685017],[-72.42235302950094,-17.603385216155278],[-72.42453772590052,-17.602193563374648],[-72.43137849907897,-17.600007165588444],[-72.45644606808568,-17.593396482785597],[-72.48044690020149,-17.588262771748113],[-72.48044774114248,-17.58826257235294],[-72.48592222696914,-17.58683516080225],[-72.48592317776776,-17.586834886422345],[-72.49148439564536,-17.585071503856135],[-72.49148499323348,-17.585071303209766],[-72.51469541013563,-17.576837576741674],[-72.51469635809255,-17.57683721050471],[-72.52161366506515,-17.57393910220902],[-72.52161431379768,-17.573938815087292],[-72.52973869685783,-17.570146335141317],[-72.52973947266828,-17.570145949178954],[-72.5411688759548,-17.564097120169865],[-72.54116978958422,-17.564096599660186],[-72.54415860177122,-17.562267016479428],[-72.5441594814257,-17.562266438295584],[-72.5461945142405,-17.560831923549586],[-72.54619672427668,-17.56083003245603],[-72.54796346841869,-17.558995188632835],[-72.54796374252608,-17.558994896040183],[-72.55140052680501,-17.555223772647434],[-72.55352951136256,-17.553230280440598],[-72.56456373272269,-17.544631539156246],[-72.56453746361622,-17.54460703427925],[-72.55350268927566,-17.553206204035043],[-72.55350163588818,-17.55320710389538],[-72.55137171918136,-17.555201468354866],[-72.55137089870543,-17.555202299618042],[-72.54793385662083,-17.558973704764433],[-72.54616825000983,-17.56080736666374],[-72.54413485619378,-17.56224072564602],[-72.54114694134918,-17.564069758955398],[-72.52971838559141,-17.570118137388032],[-72.52159471662321,-17.573910282603645],[-72.51467820411149,-17.57680805689058],[-72.49146856393648,-17.58504150403355],[-72.48590811704709,-17.5868046412298],[-72.48043452902657,-17.58823181780742],[-72.45643367122861,-17.593365530482927],[-72.4564327788686,-17.593365743371447],[-72.43136429259249,-17.599976664043265],[-72.4313633531148,-17.599976937746764],[-72.42452046814661,-17.602164009386602],[-72.42451735204793,-17.602165337015585],[-72.42233027975179,-17.60335828534392],[-72.42232855160931,-17.603359370704602],[-72.4196301487077,-17.605300288413233],[-72.41962927714256,-17.605300962810357],[-72.39424406341189,-17.626423397128075],[-72.3716281516771,-17.6429255545254],[-72.37162715468922,-17.642926346078685],[-72.36590927290867,-17.647862997197432],[-72.35955453803619,-17.651875122552834],[-72.3522712630267,-17.655154820781902],[-72.34720441701838,-17.657122141235824],[-72.34036796647463,-17.65927638668525],[-72.34036668874009,-17.65927684126685],[-72.32500747694776,-17.665390701003215],[-72.32500713777657,-17.66539084003013],[-72.3218259417907,-17.666732906821352],[-72.3218246928713,-17.666733492201395],[-72.31820646462009,-17.668607687455832],[-72.31820531366019,-17.668608341937844],[-72.30716046334163,-17.675482280730552],[-72.2913847924966,-17.684548859937678],[-72.2798637766462,-17.6909313975148],[-72.27476676338375,-17.69369988689603],[-72.26632997473992,-17.697616653855363],[-72.25720312220915,-17.700678431136655],[-72.2572192481025,-17.700708372209284],[-72.26634706223045,-17.697646270872102]]]]}},{"type":"Feature","properties":{"id":"street_beach1","group":null,"name":"Beach 1","settlement_id":"settlement_dimaeta","country_id":"country_stsutodo","district_id":null,"status":"active","surface":"paved","access":"public","bridge":null,"tunnel":null,"oneway":null,"route_id":null,"alt_name":null,"notes":null},"geometry":{"type":"MultiPolygon","coordinates":[[[[-72.2568228435174,-17.700814604838587],[-72.25680727177011,-17.700784482601293],[-72.24787414790339,-17.703627201070844],[-72.24788971985141,-17.703657324683622],[-72.2568228435174,-17.700814604838587]]]]}},{"type":"Feature","properties":{"id":"street_flordclif_hav_qamarpassag","group":null,"name":"Qamar Passage","settlement_id":"settlement_flordclif","country_id":"country_hav","district_id":null,"status":"active","surface":"paved","access":"public","bridge":null,"tunnel":null,"oneway":null,"route_id":null,"alt_name":null,"notes":null},"geometry":{"type":"MultiPolygon","coordinates":[[[[-72.50725010284674,-22.12850362131612],[-72.50726241242519,-22.12847475390628],[-72.43017885470798,-22.099495369042582],[-72.43016652659496,-22.099524243724915],[-72.50725010284674,-22.12850362131612]]]]}},{"type":"Feature","properties":{"id":null,"group":null,"name":null,"settlement_id":null,"country_id":null,"district_id":null,"status":null,"surface":null,"access":null,"bridge":null,"tunnel":null,"oneway":null,"route_id":null,"alt_name":null,"notes":null},"geometry":{"type":"MultiPolygon","coordinates":[[[[-72.4897571313052,-22.075433626281935],[-72.48518218118454,-22.082580116300438],[-72.48518199036316,-22.082580423541287],[-72.48160895841151,-22.088513003590165],[-72.48160872828252,-22.088513401254637],[-72.48071086653123,-22.090129552002267],[-72.47963720532539,-22.091143565190748],[-72.47784715389703,-22.091501575330785],[-72.47659241387387,-22.091441825694023],[-72.47479776351594,-22.091202538822888],[-72.46467336490791,-22.087907615220317],[-72.4496650372398,-22.081674134965237],[-72.44965123303678,-22.081702423098047],[-72.46466042061721,-22.08793625769401],[-72.46466216136332,-22.08793690115307],[-72.47478949578866,-22.09123277828215],[-72.47479367082438,-22.091233728515288],[-72.47659142245982,-22.09147342857247],[-72.47659337221278,-22.091473604975015],[-72.47785179833946,-22.09153352991944],[-72.47785707318712,-22.091533146240934],[-72.47965482469998,-22.091173595793038],[-72.47965803297865,-22.091172665226118],[-72.4796609157963,-22.091171231882303],[-72.47966337386683,-22.091169345126946],[-72.48074202459372,-22.09015061927657],[-72.4807446156119,-22.090147304456035],[-72.48164337967263,-22.088529528764905],[-72.48521619788244,-22.082597301000646],[-72.48980036536864,-22.0754364104247],[-72.48980176254973,-22.07543347814857],[-72.4898023767301,-22.075430301166037],[-72.48980218171046,-22.075427014998617],[-72.4898011858099,-22.075423759825345],[-72.48979943151089,-22.07542067450315],[-72.48979699364713,-22.075417890643593],[-72.48979397621132,-22.075415526998587],[-72.48979050791911,-22.075413684394903],[-72.48613508039139,-22.07385563298297],[-72.48612087755741,-22.073883747650342],[-72.4897571313052,-22.075433626281935]]]]}},{"type":"Feature","properties":{"id":null,"group":null,"name":null,"settlement_id":null,"country_id":null,"district_id":null,"status":null,"surface":null,"access":null,"bridge":null,"tunnel":null,"oneway":null,"route_id":null,"alt_name":null,"notes":null},"geometry":{"type":"MultiPolygon","coordinates":[[[[-72.4430556079169,-22.10316602862286],[-72.4430674557552,-22.103136978550843],[-72.44171377240383,-22.102644420571192],[-72.44170192424178,-22.10267347077573],[-72.4430556079169,-22.10316602862286]]]]}},{"type":"Feature","properties":{"id":null,"group":null,"name":null,"settlement_id":null,"country_id":null,"district_id":null,"status":null,"surface":null,"access":null,"bridge":null,"tunnel":null,"oneway":null,"route_id":null,"alt_name":null,"notes":null},"geometry":{"type":"MultiPolygon","coordinates":[[[[-72.45755485557578,-22.06448142134365],[-72.45881928185798,-22.064769127349756],[-72.4600785222177,-22.065078741791535],[-72.4613321972642,-22.065410171373887],[-72.46257992928355,-22.065763316235802],[-72.46382134234933,-22.066138069979758],[-72.46505606243907,-22.06653431970467],[-72.46628371754133,-22.066951946038003],[-72.46750393777091,-22.067390823172843],[-72.46871635547794,-22.067850818904848],[-72.4699206053566,-22.06833179467086],[-72.47111632455724,-22.068833605591518],[-72.47230315279332,-22.06935610051345],[-72.47348073244936,-22.06989912205436],[-72.47464870868919,-22.070462506650113],[-72.47580672956121,-22.071046084602965],[-72.47695444610544,-22.071649680132605],[-72.47809168535944,-22.07227320622573],[-72.47810997749963,-22.07224707569568],[-72.47697256496737,-22.071623454398665],[-72.47697221590526,-22.07162326694078],[-72.47582414801303,-22.071019486431677],[-72.47582379387929,-22.07101930409923],[-72.47466541669196,-22.07043554637719],[-72.4746650576931,-22.070435369355746],[-72.47349672038305,-22.069871810384385],[-72.47349635673737,-22.06987163885426],[-72.47231841147936,-22.069328448508656],[-72.47231804341627,-22.06932828264404],[-72.47113084528115,-22.068805624659507],[-72.47113047304083,-22.068805464627903],[-72.46993437988861,-22.068303496550644],[-72.46993400372126,-22.06830334251204],[-72.46872937609315,-22.06782221565165],[-72.46872899625858,-22.067822067757984],[-72.46751619726837,-22.067361927141825],[-72.46751581403488,-22.067361785536196],[-72.4662952092595,-22.066922769865755],[-72.46629482290349,-22.06692263468201],[-72.46506678027276,-22.066504876290946],[-72.46506639107767,-22.06650474765297],[-72.46383128076346,-22.06610837246734],[-72.46383088901895,-22.06610825048865],[-72.46258908332355,-22.065733377988973],[-72.46258868932456,-22.06573326277225],[-72.46134056256834,-22.065380005957397],[-72.4613401666141,-22.065379897594113],[-72.46008609502306,-22.065048362947273],[-72.46008569741615,-22.06504826151735],[-72.458826059008,-22.064738548974002],[-72.45882566005325,-22.064738454545612],[-72.45756083452386,-22.06445065746326],[-72.45756043452747,-22.064450570092564],[-72.45629080313634,-22.064184775222802],[-72.45628542424035,-22.064215668586524],[-72.45755485557578,-22.06448142134365]]]]}},{"type":"Feature","properties":{"id":null,"group":null,"name":"Main Road","settlement_id":null,"country_id":null,"district_id":null,"status":null,"surface":null,"access":null,"bridge":null,"tunnel":null,"oneway":null,"route_id":null,"alt_name":null,"notes":null},"geometry":{"type":"MultiPolygon","coordinates":[[[[30.61390185863453,-10.222792846473306],[30.6148974237537,-10.225639946605552],[30.61569028043063,-10.227822576708324],[30.617005996532672,-10.230712694094747],[30.62041422458949,-10.236612277240093],[30.625172947121467,-10.244518148717976],[30.62517326842202,-10.24451870655988],[30.629022468099272,-10.251511506072857],[30.629666275646823,-10.252683619814768],[30.62966668570039,-10.252684417360523],[30.630154785664505,-10.253701817283796],[30.630155039676826,-10.253702373657493],[30.630474239656202,-10.254438473599466],[30.630474353984336,-10.254438744071601],[30.63077745396626,-10.255174744012464],[30.630777801992952,-10.255175671195483],[30.631444301967676,-10.257138871029088],[30.631444470512687,-10.257139398440534],[30.632022440555374,-10.259067298391503],[30.63653390907842,-10.273397597545896],[30.63653392673568,-10.273397653996051],[30.638846018239477,-10.280838626208668],[30.64119560704989,-10.288300190235812],[30.64179240444027,-10.290187681872965],[30.641792420233443,-10.290187732120083],[30.64362031878409,-10.29603772713314],[30.64910271723657,-10.31353752115183],[30.65212561655839,-10.323217518375293],[30.653792610847514,-10.328509199933189],[30.65633001060925,-10.336559898702662],[30.65633003397761,-10.336559973500105],[30.657547719102133,-10.340492525220375],[30.659523103876833,-10.346725976806715],[30.65952312492574,-10.346726043750719],[30.661245822862906,-10.352248436803118],[30.662134301256806,-10.355087267600162],[30.66256068113821,-10.356409805121158],[30.662560714557603,-10.35640991006493],[30.663325214537256,-10.358840609855307],[30.66332525465877,-10.358840739414774],[30.663644337826085,-10.359887484129226],[30.664026220560046,-10.361107128910573],[30.665317416216208,-10.365231114788617],[30.665963780551717,-10.367281101558252],[30.666485748062545,-10.368861903077324],[30.666485844997347,-10.368862207209531],[30.668124944959334,-10.3741955067476],[30.668125205234823,-10.374196463692929],[30.668423205240373,-10.375453863580308],[30.668423493012597,-10.375455464468793],[30.668546193035493,-10.376452364376926],[30.668546288154644,-10.376454723409761],[30.668498088209336,-10.377582423307198],[30.668497862417368,-10.377584401089365],[30.668299162489976,-10.378646700998875],[30.668298683147707,-10.378648551067878],[30.66796628323277,-10.379644650992708],[30.667965684066203,-10.379646152148666],[30.665323684620198,-10.385299251787133],[30.665323516068856,-10.385299599979962],[30.66478360245029,-10.386377227718087],[30.664397083982713,-10.387204053429313],[30.66406547833692,-10.387911665594924],[30.66406543374088,-10.38791175985341],[30.66373227602935,-10.388609271416371],[30.663371671990873,-10.389391946203483],[30.66332360772596,-10.389512554688965],[30.663240648203484,-10.389746258992272],[30.66317359995776,-10.389949102455528],[30.663020155601522,-10.390416033215875],[30.662920991241336,-10.390743884834079],[30.662849366159318,-10.39102399191241],[30.662849306356936,-10.391024217872433],[30.662822498981857,-10.39112217941516],[30.662794506190806,-10.391249292619385],[30.662761092115158,-10.391417958938344],[30.662712852225766,-10.391730070128395],[30.66268740565932,-10.391911688823031],[30.66264514550361,-10.392340284939989],[30.66263175530116,-10.392504664760281],[30.662610370490224,-10.392767778026034],[30.662581480686118,-10.393296092020028],[30.662581470854477,-10.393296254575159],[30.66254997561479,-10.393771383089494],[30.66246618050721,-10.395265997046032],[30.662413181333843,-10.396247482563599],[30.66241317622713,-10.396247571874659],[30.662346884237245,-10.397345839988938],[30.662306597154515,-10.398315230209347],[30.662297203480737,-10.398889544947801],[30.662303300336315,-10.399363299048924],[30.66231199430737,-10.399839367876229],[30.66235087416202,-10.400494428018748],[30.6623756569518,-10.400870466668643],[30.66254593606779,-10.402644548392608],[30.662665935542577,-10.403888042483116],[30.662751835355195,-10.404775240215843],[30.662751839761388,-10.404775286497376],[30.662860439734033,-10.405935685753398],[30.662898632785506,-10.406343411418193],[30.66296771379025,-10.40700742860621],[30.663065570292076,-10.407827463859709],[30.663163429260294,-10.408457399594617],[30.66325659871515,-10.40905230443985],[30.663362435090104,-10.4096306566595],[30.663436154705632,-10.409988366561281],[30.663830359078542,-10.411638066193543],[30.664105213662474,-10.41267889411356],[30.66410522223923,-10.412678926739018],[30.66419362223941,-10.41301672670907],[30.66442042262999,-10.413883728123157],[30.664420431832717,-10.413883763476866],[30.664602127266566,-10.41458524578344],[30.66538862265755,-10.417591527891698],[30.665388775398878,-10.41759216873306],[30.665533475404395,-10.418264568672335],[30.665533515346702,-10.41826476040129],[30.665552815347706,-10.418360560392598],[30.665552882371205,-10.418360915391835],[30.665666582380613,-10.419006315332915],[30.665666646136867,-10.419006708278173],[30.66570284614153,-10.419250708255776],[30.665702903127634,-10.419251135752353],[30.66573100313329,-10.419488735730436],[30.66573103722378,-10.419489054052649],[30.66576993723492,-10.41989455401519],[30.665769958566475,-10.419894798145322],[30.665800858578304,-10.42028679810909],[30.665800875862583,-10.420287044304965],[30.66581557587046,-10.420525744282896],[30.665815600352868,-10.420526351994603],[30.665841100405924,-10.421870251870846],[30.665841102510242,-10.421870635741469],[30.665837102531956,-10.422368535695824],[30.665831002842364,-10.42306830389566],[30.66583040331226,-10.423278142530839],[30.665837700505023,-10.423798640742858],[30.665854498441288,-10.424456758823727],[30.66585450067336,-10.424456860472342],[30.665870600708015,-10.425332160391747],[30.66587060211059,-10.425332253007515],[30.665874602124262,-10.425668652976558],[30.665874602804465,-10.425668725898749],[30.665881302057034,-10.426658509416168],[30.665897398629685,-10.427353960091027],[30.665916391697323,-10.428038209363113],[30.6659624583997,-10.42882803794906],[30.666039520334447,-10.429542584744489],[30.666039532268872,-10.429542699699315],[30.666058332273966,-10.429731099681913],[30.666058397627456,-10.429732120540901],[30.666073791780622,-10.430277212745182],[30.666137791682356,-10.431392387482989],[30.667047838990865,-10.431344799543448],[30.66754548837131,-10.431315631856057],[30.66806109842687,-10.431260116949494],[30.668598423692558,-10.431185269191733],[30.669081153679688,-10.431114479497149],[30.669081898366123,-10.431114384738589],[30.669368898363548,-10.431083384761859],[30.669369230583694,-10.431083351695515],[30.6694779305824,-10.431073451704368],[30.669479103602093,-10.43107337944613],[30.669534703600867,-10.431071579450698],[30.66953597069284,-10.431071577914505],[30.66961647069013,-10.431073977921079],[30.669618833526602,-10.431074184742187],[30.669730833520752,-10.431090484750904],[30.669731911678003,-10.431090670668345],[30.6698231116725,-10.431108870675136],[30.669823344922154,-10.431108918606697],[30.669961444913604,-10.431138118616877],[30.669963078230385,-10.431138533418807],[30.670089178221232,-10.431176033427215],[30.670090278381434,-10.431176394143135],[30.670218978371167,-10.431222594150949],[30.670221184323196,-10.431223533749984],[30.670389484307755,-10.43130713375754],[30.670390664409137,-10.431307769327615],[30.670489260981103,-10.431365167340896],[30.67058175754193,-10.431418965348978],[30.67058369455395,-10.431420248946672],[30.670679791523188,-10.431492446678146],[30.670751988506243,-10.43154664441974],[30.670752692255235,-10.431547198666792],[30.671182544628646,-10.431902259364497],[30.67165059670941,-10.432283820340817],[30.67206399633538,-10.432620920071624],[30.672204940870714,-10.432735774886186],[30.672515687427993,-10.432985331993963],[30.67263674235823,-10.433082595791792],[30.673025816575333,-10.433391078952674],[30.673153876278043,-10.433480133691022],[30.673240237206418,-10.433538040448362],[30.673240278590637,-10.433538068273073],[30.673319706904646,-10.433591617695102],[30.67352028423326,-10.433714037673065],[30.673818256790888,-10.433884692894633],[30.673864665049347,-10.433909988387308],[30.674098699322236,-10.434037389318515],[30.67418412963458,-10.434079507067494],[30.67418417200467,-10.434079528017229],[30.674268982491547,-10.434121584459167],[30.67474208796811,-10.434337849869214],[30.674742141051244,-10.434337874225774],[30.675353762843265,-10.43461956192798],[30.675853183677983,-10.434807069434413],[30.67606710432408,-10.434885440381798],[30.67658760284852,-10.435076039888022],[30.676587620388332,-10.43507604631978],[30.676630391297486,-10.4350917520386],[30.676989951607993,-10.435202086461347],[30.67699000571041,-10.435202103143487],[30.677137260798666,-10.435247727275488],[30.67748071060763,-10.435344956477604],[30.677763265423117,-10.435424843727445],[30.679113123490325,-10.435800432178793],[30.680306029511858,-10.436132733960283],[30.680306251613,-10.436132797154604],[30.680910176307723,-10.436308246279394],[30.681594539421315,-10.436494154823796],[30.682136778015046,-10.43663221377566],[30.682137018630776,-10.436632276565172],[30.682977218572592,-10.436856876623498],[30.682977603473233,-10.436856983466797],[30.68440772738878,-10.437268732896793],[30.685625350423614,-10.437596285398124],[30.687478760729874,-10.438095888336449],[30.687478919880434,-10.438095931911207],[30.68898728528635,-10.438515322425587],[30.689844550704212,-10.438750513013405],[30.689844685566207,-10.438750550498842],[30.691448467634682,-10.439202117435409],[30.692413949353735,-10.439461785708229],[30.69241401231051,-10.439461802745873],[30.693600087202043,-10.439784768783754],[30.69407406171832,-10.439907536322835],[30.694074352518083,-10.439907613883527],[30.69506545244856,-10.44017961395172],[30.697589365269938,-10.440874017697114],[30.697589385735448,-10.440874023338868],[30.700751029075935,-10.441747307967692],[30.703076472387124,-10.442375592855997],[30.703076547103862,-10.442375613191146],[30.70454434700094,-10.442778013292195],[30.707015045956606,-10.44345731321688],[30.719229129269323,-10.446794509732769],[30.719229170025425,-10.446794520911718],[30.72962295970097,-10.449656518984899],[30.75111704220452,-10.455551716080127],[30.759998809707334,-10.457981153271493],[30.760720082814625,-10.458161196697763],[30.76072117465225,-10.458161500911805],[30.761757378792343,-10.458480748233901],[30.762776175643957,-10.458740020277014],[30.762776685844607,-10.45874015700124],[30.763865446033282,-10.45904671773119],[30.76605750559328,-10.459631180478452],[30.766057820717194,-10.459631267141985],[30.768630421027265,-10.460360439113835],[30.77888442051603,-10.463157212601299],[30.7788844928091,-10.46315723245713],[30.783109662699875,-10.464325824502565],[30.80054996776778,-10.469093200091478],[30.802436803652462,-10.469596083169307],[30.80243691321289,-10.469596112687778],[30.804176303846514,-10.470069810290378],[30.812546494010657,-10.472340908359405],[30.81254655004868,-10.472340923646996],[30.81723134598197,-10.473625922944906],[30.824446432316012,-10.475601919838855],[30.847597921265155,-10.481917818866343],[30.860196027848,-10.485358821774991],[30.862438833841306,-10.485973423607447],[30.882227221241674,-10.49137162191684],[30.88222725724161,-10.491371631770631],[30.882404481475348,-10.491420310975174],[30.88398575734486,-10.49184189803719],[30.884513825402063,-10.491963383683876],[30.885100158392497,-10.492063533160033],[30.88593756604358,-10.492133691445156],[30.886803535871366,-10.492138284991146],[30.887455086252686,-10.492114523323451],[30.888063975567054,-10.49205432329768],[30.88861551758311,-10.491977656505854],[30.88922598994723,-10.491855881491519],[30.89004672936484,-10.49164013920366],[30.89200553925002,-10.490934024184533],[30.895608524152955,-10.489628029945058],[30.895608544144192,-10.489628022711972],[30.89698884419494,-10.489129522803998],[30.896989193007638,-10.489129400787327],[30.898294693050502,-10.488687400876849],[30.89829565705763,-10.488687103429443],[30.899200257077833,-10.48843450349552],[30.899200931945266,-10.488434328391287],[30.900237331960977,-10.488185628469653],[30.900238462251128,-10.488185392916101],[30.901420262255577,-10.487975693009401],[30.901421254325385,-10.487975543083273],[30.902674954317984,-10.487818643184745],[30.90267523300999,-10.487818610309322],[30.905272492586096,-10.487530837156676],[30.906052653478525,-10.487425069635393],[30.906053223035375,-10.487425000814035],[30.91241178846171,-10.486749804997018],[30.933168148818478,-10.484472611016308],[30.93471694357973,-10.484301911718308],[30.936583043497645,-10.484096211877505],[30.953236543276518,-10.482260513242105],[30.953236583806287,-10.482260508816776],[30.966253105224958,-10.48085281836303],[30.968513172942266,-10.480590233914004],[30.96994867796145,-10.48041548211239],[30.97075067655982,-10.480289392450398],[30.9714388352257,-10.48015447902882],[30.971712011379626,-10.480098465957521],[30.972961792673,-10.479794540833735],[30.974364193299756,-10.479391455735588],[30.976608519403896,-10.478739777370752],[30.980602370168285,-10.477556292278232],[30.980602447716063,-10.47755626948103],[30.984749100917977,-10.476346983457981],[30.986173254157634,-10.475923597472624],[30.98617428401075,-10.475923322757021],[30.986667784018028,-10.475806422794463],[30.98666804333977,-10.475806363267523],[30.987389743348515,-10.475645963322938],[30.98739025348795,-10.475645857164498],[30.98791585349156,-10.475543857205647],[30.987916636552708,-10.475543721767439],[30.9885366365522,-10.475449421817123],[30.988537748755405,-10.47544928481387],[30.98934194874624,-10.475373184879704],[30.98934254793788,-10.475373137242416],[30.990321547921333,-10.475310037323066],[30.990322449447216,-10.475309999409001],[30.994933139755826,-10.4752187999795],[31.008491285923206,-10.474937802209086],[31.01285398530518,-10.474828510098268],[31.01420665572717,-10.474760336898855],[31.01474781567914,-10.47471828667699],[31.015398984176116,-10.474643459297054],[31.016087801902422,-10.47454532805861],[31.01691290643626,-10.474408910042063],[31.017674557585483,-10.474260136842654],[31.018638594244088,-10.474032193764106],[31.02085350145216,-10.473433073139457],[31.020853528636454,-10.473433065808049],[31.02326602868616,-10.472784365986348],[31.023266080314258,-10.472784352182362],[31.02561498123642,-10.472159878709352],[31.027372282574376,-10.471672206229126],[31.027372435817057,-10.471672164396868],[31.030457035880445,-10.47084406462495],[31.030457111308813,-10.470844044542288],[31.032765111354376,-10.470234644713642],[31.032765234768828,-10.470234612571737],[31.03372143478648,-10.469989012643186],[31.033721728984315,-10.469988939573566],[31.03449692899619,-10.469802939632311],[31.034497390589188,-10.469802834896612],[31.03509279059553,-10.469675434942625],[31.035093001255266,-10.469675391095064],[31.035538301259027,-10.469585291129752],[31.035538406245244,-10.469585270189649],[31.035877706247764,-10.469518570216191],[31.035878160895955,-10.469518486450147],[31.036197360896914,-10.469463586475495],[31.03619747258388,-10.469463567599513],[31.036641372584658,-10.469389867634847],[31.0366416181573,-10.469389828463607],[31.037131118156978,-10.469314928502834],[31.03713147392068,-10.469314877388141],[31.037557819055205,-10.469257584795235],[31.03803386426394,-10.4691908925095],[31.038034448570716,-10.469190819505261],[31.038470322273948,-10.469142922430102],[31.038885995992903,-10.469096125422345],[31.0388861605769,-10.469096107586706],[31.03933546057257,-10.469049307623425],[31.03933590683293,-10.469049266198896],[31.040124506822156,-10.46898496626373],[31.040124914410555,-10.468984937202041],[31.041119768221648,-10.468924152325034],[31.042879022998793,-10.46877327349866],[31.04287935562969,-10.468773247757232],[31.04555620040373,-10.468588451787355],[31.047156045245632,-10.468469156030265],[31.050347855818917,-10.468232855503873],[31.050347952538026,-10.468232848578072],[31.05185265251402,-10.468128748702082],[31.051852739303616,-10.468128742886218],[31.052140956568756,-10.468110054758293],[31.052478556051767,-10.468081979776862],[31.052921037979118,-10.468039891043697],[31.05292132590651,-10.468039865754488],[31.05325505177479,-10.46801297981014],[31.0536233392347,-10.467976830148862],[31.053948674658567,-10.467933605186202],[31.054239447898357,-10.467888040743048],[31.05423947734173,-10.467888036152175],[31.054737031309976,-10.467810843333595],[31.055380544564112,-10.467707873266706],[31.05703122724699,-10.467419011428095],[31.057142335239845,-10.467398646629663],[31.057255415665615,-10.46737650920082],[31.057402694521553,-10.467344357489432],[31.058639776903025,-10.467071861468794],[31.058639834638218,-10.467071848844366],[31.05888251958868,-10.467019173835263],[31.059299505021464,-10.46692330020987],[31.059299716825382,-10.466923252772062],[31.06020091683565,-10.466726752841545],[31.06020118099773,-10.466726697179539],[31.06324266591193,-10.466108020831483],[31.066168251285845,-10.465475745837525],[31.067929751177292,-10.465095046001203],[31.067929938194435,-10.465095006552904],[31.07141163822632,-10.464378606823676],[31.07141198330192,-10.464378539083967],[31.072622783308812,-10.464152239179306],[31.072623391175522,-10.46415213549012],[31.073679091175226,-10.46398913557473],[31.073679938876715,-10.463989023452534],[31.07463503886867,-10.463883623530451],[31.07463561319819,-10.463883568547738],[31.075752713182823,-10.463792868639631],[31.075753290683533,-10.463792830112276],[31.077464590650973,-10.463703330253683],[31.077465082966462,-10.463703310511965],[31.079501778316978,-10.463646413602744],[31.091329073580162,-10.46319391857867],[31.09132911107962,-10.463193917178714],[31.097240105760036,-10.462978717856933],[31.109834300292018,-10.462513719091282],[31.10983432498055,-10.462513718194767],[31.118245072520054,-10.46221342075771],[31.12181433086504,-10.462067535014627],[31.122905452501634,-10.46199157536693],[31.124571787698258,-10.461826911550984],[31.128610511684233,-10.46139651997794],[31.12861059572582,-10.461396511202246],[31.133880513293807,-10.46085752005927],[31.138778231011276,-10.460315429562149],[31.138778415803774,-10.460315409981696],[31.140110775310493,-10.460180514189245],[31.144751379914023,-10.4596915351532],[31.14554722551187,-10.459595053935749],[31.14554762663984,-10.459595009435457],[31.146942870506027,-10.459454525269125],[31.148537514877557,-10.459268543548655],[31.148537908648184,-10.45926850159148],[31.151212980896783,-10.459010314138167],[31.154391315352626,-10.458662232524953],[31.157424277240185,-10.45831823709258],[31.157424361547246,-10.458318227712729],[31.16083743784499,-10.457945863303998],[31.162182687201575,-10.457754241847576],[31.163434481480287,-10.457545726187575],[31.16594890605973,-10.45705188048289],[31.16594897260123,-10.457051867534727],[31.188247272754747,-10.452753669287016],[31.18850256930661,-10.452704569968942],[31.193169336436465,-10.451801376703498],[31.195262285397053,-10.451391365229421],[31.196054509657152,-10.451198478513295],[31.196889777786957,-10.450951054619443],[31.19748592471739,-10.450738387640971],[31.198022842628088,-10.450534284985496],[31.198518560067562,-10.450303755941803],[31.19851878060675,-10.450303655214508],[31.198968508766058,-10.450101956564783],[31.199454871951303,-10.449832809013142],[31.19945500700661,-10.449832735064287],[31.19992430023413,-10.449578501294068],[31.20139027051639,-10.448705257396174],[31.20470774081319,-10.446646638178565],[31.204707803237323,-10.446646599631134],[31.21262890385292,-10.441779299954792],[31.212628924487653,-10.441779287296328],[31.215458024706724,-10.440046587412553],[31.215458747285982,-10.440046168980471],[31.21618524733515,-10.439648869015688],[31.216186297850417,-10.439648339968066],[31.21718979790496,-10.439184540025717],[31.217191004101583,-10.43918403529255],[31.21821530414249,-10.438798435359773],[31.218216149436834,-10.438798140511077],[31.218896049457495,-10.438579340558826],[31.218896744564745,-10.438579131697342],[31.219559744579882,-10.438393831746005],[31.219560852560566,-10.438393557713306],[31.22049105257102,-10.438192757785309],[31.2204918503427,-10.43819260303305],[31.22126575034519,-10.438059203094657],[31.22126649417952,-10.438059089527231],[31.222033894176406,-10.43795688958949],[31.22203487432816,-10.437956783736945],[31.22445697429603,-10.437755583936594],[31.22445707313454,-10.437755575972204],[31.22821027308133,-10.437462476281903],[31.228210413407105,-10.437462465817763],[31.22910120497414,-10.437399173594754],[31.23032649673215,-10.43729878256298],[31.230326550046605,-10.43729877826635],[31.23638344996204,-10.436818778766101],[31.236383478633062,-10.436818776514658],[31.248356978462798,-10.435887177503004],[31.2483570510241,-10.435887171989673],[31.25346345883566,-10.435508479242621],[31.256544366825146,-10.43525148716834],[31.256544575521257,-10.435251470855647],[31.25871667548846,-10.435093071035158],[31.258717182190782,-10.435093040494682],[31.259010882184995,-10.43507904051906],[31.259011187847545,-10.435079028260748],[31.259370587839477,-10.435067328290591],[31.25937161994167,-10.435067320831509],[31.259760519929493,-10.435074320863711],[31.25976125228899,-10.435074347097718],[31.260109952275876,-10.435093047126347],[31.260110576231142,-10.435093090052172],[31.260514276213883,-10.435126990084942],[31.260514498380264,-10.43512700994312],[31.260860498364924,-10.4351598099711],[31.260860789263244,-10.435159839612364],[31.261139689250232,-10.435190239634762],[31.261140628347203,-10.435190363638258],[31.261419628332096,-10.435233663660028],[31.26142015969238,-10.435233753148319],[31.261684359677066,-10.435281753168535],[31.261685133715346,-10.435281908917817],[31.26200293369515,-10.435352108941245],[31.262003586243747,-10.435352264073568],[31.262306686223113,-10.435429464095133],[31.26230709167991,-10.435429571697869],[31.262654391655317,-10.435525471721945],[31.262655141061657,-10.435525693791538],[31.263017241034262,-10.43564039381527],[31.26301782939412,-10.435640589842684],[31.26414172930494,-10.436033689912609],[31.26414188350976,-10.436033744527576],[31.268354252445665,-10.437544233768314],[31.274948421154832,-10.439885323252582],[31.27494851428914,-10.439885356565032],[31.277795704721438,-10.440911353373957],[31.281400595093697,-10.442206450239834],[31.281400759834916,-10.442206510207413],[31.281776798565463,-10.442345187646172],[31.28226791735632,-10.442522813649024],[31.282472158012887,-10.442586943839334],[31.282727611817403,-10.442655144643464],[31.282936004724906,-10.442704055234344],[31.28322628242918,-10.442757422466306],[31.28346656082606,-10.442796305713243],[31.283944834547853,-10.442850046619073],[31.28434750870832,-10.442894388748705],[31.28482657010521,-10.442923649783221],[31.285190080833907,-10.442941092747175],[31.285678081750525,-10.442914275167828],[31.2859454691923,-10.442887466683443],[31.286253020788347,-10.44284199215314],[31.286702282383978,-10.442756988662623],[31.2871775623982,-10.442632629419425],[31.287886757474013,-10.442423455368383],[31.289208067335675,-10.44189607085158],[31.289208300728696,-10.441895979564237],[31.297824301083743,-10.438594580125146],[31.297824379351812,-10.438594550342831],[31.302601079544374,-10.436789550656087],[31.302602058344714,-10.436789212061806],[31.303539058372145,-10.436494212128219],[31.303539935873125,-10.436493959203467],[31.30455533589321,-10.436227759279294],[31.304555699935893,-10.43622766767407],[31.305236099946733,-10.436063567725805],[31.305237037893626,-10.436063366154357],[31.305900837897852,-10.435937866206746],[31.30590140815847,-10.435937767136364],[31.30728670815944,-10.435718167247602],[31.30728679869894,-10.43571815311176],[31.318552298697014,-10.433986254018624],[31.319268698567537,-10.43387615409617],[31.326718797594012,-10.432730454845506],[31.326718818314816,-10.432730451670382],[31.34113840816849,-10.430528854380492],[31.35282849802575,-10.428731656881201],[31.374913709581076,-10.425350156887404],[31.37491381476376,-10.425350141074768],[31.37735599218153,-10.424989744604193],[31.378604437917804,-10.424802552841117],[31.379207906246833,-10.42471005774403],[31.379865108100987,-10.424609457512807],[31.38059060620285,-10.424498257862217],[31.380590666380495,-10.424498248733888],[31.38161926637969,-10.42434384881693],[31.38161932715675,-10.424343839790875],[31.382527140015288,-10.424210467358154],[31.383509953822774,-10.424046698463076],[31.383510252310018,-10.424046651086597],[31.38567471046038,-10.423720157573776],[31.388372968659226,-10.423301264280676],[31.388373065332523,-10.423301249518852],[31.38924600849833,-10.423170173138546],[31.39011587787269,-10.423025161666358],[31.390408572259563,-10.422964569865703],[31.390693445327056,-10.422885172493114],[31.39093149282355,-10.422815791834644],[31.391202783699686,-10.422714929855768],[31.391495844110953,-10.42259469229175],[31.39181435474039,-10.422447510871256],[31.392150002277738,-10.422274800996021],[31.39245334698374,-10.4220859579819],[31.3927783073819,-10.42185253294607],[31.393173157823636,-10.42152094642741],[31.39342718063631,-10.42127828887174],[31.39382597679129,-10.420835681079463],[31.394074762857876,-10.42050782196626],[31.39438540873175,-10.420026425770518],[31.39508796416587,-10.418836570767724],[31.395088022323073,-10.41883647316104],[31.397029873100134,-10.415606755446731],[31.397574017531664,-10.414673565353699],[31.397745259760082,-10.414311732672855],[31.397882948424144,-10.413962874918814],[31.398014057168457,-10.413509029379172],[31.398092913943945,-10.41305632582774],[31.398186749358928,-10.411835366977941],[31.398307440368225,-10.409483344322132],[31.398307470582317,-10.409482896416964],[31.39836777062195,-10.408761996351178],[31.398367900123837,-10.408760938419723],[31.398403100138168,-10.408543138400569],[31.39840357578388,-10.408541145918916],[31.398467675800934,-10.408339945903236],[31.39846855638909,-10.40833781210688],[31.398582756411997,-10.408115112093366],[31.39858384511655,-10.408113325274165],[31.39879594515093,-10.407816125262473],[31.398798301344254,-10.407813531282116],[31.399050901372494,-10.40759253128448],[31.399052834164348,-10.407591081882254],[31.399386234191667,-10.40737758189487],[31.399389504593373,-10.40737594885273],[31.399841804611548,-10.407205848882514],[31.39984329390338,-10.407205360029687],[31.40061880051178,-10.406986484014938],[31.40085354630691,-10.40689716563786],[31.401134344877836,-10.406736921954927],[31.401337805663662,-10.406579170459455],[31.401497307262954,-10.406417884523497],[31.401611489250804,-10.406268478300847],[31.401699046234306,-10.40611107362079],[31.401767115159732,-10.405941000852634],[31.401767159122898,-10.405940892331913],[31.401825842545158,-10.405797764480859],[31.40189710936571,-10.40553945947654],[31.40191367682579,-10.405182912220317],[31.401856127408127,-10.404766126875591],[31.401711534397506,-10.404080434141695],[31.401711237898006,-10.40407813050608],[31.40169873790736,-10.403813130481193],[31.401699008131565,-10.403809652190425],[31.40177040815634,-10.403463352160808],[31.401771805081275,-10.403459530697779],[31.4019569051172,-10.403117730678005],[31.401959167747236,-10.403114623685873],[31.40211466776762,-10.402950823683868],[31.402116840433404,-10.40294892367163],[31.40240384046025,-10.402740623679577],[31.40240791273807,-10.402738446129048],[31.40265741274806,-10.402644746145482],[31.40266011143939,-10.402643959706863],[31.402979311442845,-10.402576159731717],[31.402982976150117,-10.402575734812675],[31.403386976140442,-10.40256633484631],[31.40338726955252,-10.40256633013179],[31.4039153373085,-10.402561642003418],[31.404210379792993,-10.402519917846519],[31.40454816342648,-10.402422430700335],[31.404800672248147,-10.402299446637093],[31.40502938414803,-10.402153217766084],[31.405226137720863,-10.40197460320969],[31.405444478377724,-10.401716645519604],[31.40555347188766,-10.401521745334287],[31.405759703604218,-10.401054253561401],[31.405760070915633,-10.401053484948195],[31.405880770939756,-10.400819384934062],[31.40588195996526,-10.400817467559875],[31.406034859989568,-10.400609167552142],[31.406036673400624,-10.40060712070849],[31.406371582660665,-10.400291488994338],[31.4066145572092,-10.40002820853267],[31.406806577795635,-10.399744205049904],[31.407026103019295,-10.399323523305151],[31.407026232123293,-10.399323281629757],[31.407219432160534,-10.398969881609506],[31.407220183309473,-10.398968657924161],[31.4073756833354,-10.398741557914477],[31.407377645643766,-10.398739242689086],[31.407581545668595,-10.398542642688728],[31.407583066706984,-10.398541352073932],[31.407915666738973,-10.398293152082301],[31.40791626258534,-10.3982927278892],[31.40820470784966,-10.398096911826919],[31.408350519021475,-10.397955842498927],[31.408550483798273,-10.397695122667956],[31.408713790287358,-10.397428964052322],[31.408713811090188,-10.397428930252689],[31.408880011119848,-10.397159730239242],[31.40888103132269,-10.397158283505677],[31.40906083134958,-10.396933483499032],[31.409062919431992,-10.396931345171645],[31.409301619457803,-10.396730045174811],[31.409304007397946,-10.3967283737932],[31.409580207417978,-10.3965691738057],[31.409581170997225,-10.396568658517248],[31.410039454912855,-10.396341864465713],[31.41164305352265,-10.39543849072618],[31.41164329769581,-10.39543835578096],[31.412175296649718,-10.395149956393567],[31.413639095635208,-10.394356157069016],[31.414043451815488,-10.39413694349805],[31.414624063697733,-10.393786741122266],[31.41484413418273,-10.393599295664197],[31.414989709358228,-10.393388976573162],[31.41510136470137,-10.393129207039985],[31.415157229814486,-10.392889969465635],[31.41531534063327,-10.391682750881808],[31.415315508912435,-10.391681751510996],[31.415367908930595,-10.391427751489246],[31.415368386967124,-10.391426014800363],[31.415474286993895,-10.391120514777207],[31.41547497897294,-10.391118867978959],[31.415590278996504,-10.39088706796453],[31.415591352511615,-10.390885258845945],[31.415749652537688,-10.390658158836564],[31.41575137621532,-10.39065610955949],[31.41598207624417,-10.390426709558232],[31.415983514136197,-10.390425445366633],[31.416179314155777,-10.390273245370812],[31.416181484967655,-10.390271817937847],[31.416363784980234,-10.390171217946596],[31.416365986027987,-10.390170195582233],[31.416834749908407,-10.389990139957915],[31.417161780227786,-10.38983518374406],[31.417405456776084,-10.389680676549563],[31.417887598436977,-10.389285997374436],[31.417888030068035,-10.38928565626013],[31.418169730095734,-10.38907075626665],[31.418170075226207,-10.389070500143871],[31.41842997525038,-10.388882900151188],[31.41843151987835,-10.388881910432506],[31.418594319889934,-10.388789710440065],[31.418596512763244,-10.388788663351203],[31.419171112788355,-10.38856116338798],[31.41917235463011,-10.388560722822179],[31.41943345445321,-10.388478469427849],[31.419626266237326,-10.388389805610332],[31.419783116788484,-10.388272388974888],[31.419920688025986,-10.388120025149435],[31.420140271777072,-10.38776118593125],[31.42029850656732,-10.38744651338524],[31.420299153963246,-10.387445362673999],[31.420571854011538,-10.387009162652566],[31.42057273321511,-10.387007908876424],[31.42088123326195,-10.386613608863952],[31.42088166427683,-10.386613083240263],[31.42144216435634,-10.3859604832254],[31.42144252796332,-10.385960075120078],[31.42171112799928,-10.385669375115684],[31.42171330786267,-10.385667422962603],[31.42188150787876,-10.385542722966925],[31.421883803223768,-10.385541295132432],[31.422201303243924,-10.385377295148897],[31.42220457714678,-10.385375995473895],[31.422529177154853,-10.385282095497544],[31.422532825251306,-10.385281413074594],[31.4228343252478,-10.38525411309947],[31.422836118282618,-10.385254030893785],[31.4230786182759,-10.385253630913976],[31.423081516447272,-10.3852538306062],[31.423397316431032,-10.385297930631177],[31.42340058044256,-10.3852986558772],[31.423785380413847,-10.38541705590282],[31.42378915162419,-10.385418637502369],[31.423997051604324,-10.385531337510576],[31.42400008763204,-10.385533363110374],[31.424323687597944,-10.385795963111098],[31.424324646191593,-10.385796795568004],[31.42509766777268,-10.386515122763434],[31.425526183291147,-10.386904291987397],[31.425916565739442,-10.387210628950939],[31.426512936080197,-10.38765670923269],[31.42726714880445,-10.38807799026365],[31.428202228738446,-10.388582755632811],[31.43074042121177,-10.389778216820073],[31.43074068100146,-10.389778341411967],[31.434208126912143,-10.391471315320132],[31.438911413889816,-10.393733613286683],[31.44022819304014,-10.394339373800221],[31.44180241364515,-10.394991368308812],[31.443132536574048,-10.39544536906343],[31.44496755427311,-10.396020580735964],[31.45341412236034,-10.398639071599302],[31.453414153721173,-10.398639081347756],[31.462425979799796,-10.401447965616299],[31.46350974590283,-10.401741839593534],[31.469437083044227,-10.40306553674562],[31.478477687794545,-10.405083316284795],[31.47990116227794,-10.405387361445468],[31.48099154315572,-10.405550863738055],[31.481905104527016,-10.40562677750925],[31.482524490165172,-10.405656937907008],[31.48345762387391,-10.405660634157286],[31.484528685260855,-10.405611690845419],[31.48540451112853,-10.405507318920732],[31.48608007993661,-10.405402363643715],[31.487211944219172,-10.40515548963789],[31.4899499912739,-10.40441521232019],[31.489951130953255,-10.404414941485015],[31.490970930963144,-10.404205241564888],[31.49097288002225,-10.404204942283046],[31.491714980015292,-10.404128642344187],[31.491716026812863,-10.40412856233193],[31.492159526804382,-10.404106262368847],[31.49216026745148,-10.404106238666625],[31.4926821674381,-10.404099038710148],[31.492684298235826,-10.404099119901677],[31.493247198211304,-10.404149719947467],[31.49324826979365,-10.404149844310512],[31.49408506975017,-10.404268944376664],[31.494086604745583,-10.404269221517755],[31.49460840471251,-10.40438362155648],[31.494610154212918,-10.404384085043311],[31.49531145416017,-10.40460268508979],[31.495313533383325,-10.404603456696499],[31.495891833332678,-10.40485395672723],[31.495893057729077,-10.404854535663038],[31.496546057667814,-10.40519013569119],[31.4965476394031,-10.40519104081154],[31.497240739333442,-10.405630540830321],[31.49724193596456,-10.405631362711107],[31.497887535897274,-10.406110862718794],[31.497889867625844,-10.406112908377969],[31.498354967576613,-10.406594808364257],[31.49835551529714,-10.40659540165975],[31.499428321978712,-10.407810796021176],[31.50160042670196,-10.410195291593155],[31.501600721523584,-10.410195623342108],[31.504478513405285,-10.413515383486162],[31.506148596048405,-10.415309950053818],[31.506148969778575,-10.415310364252576],[31.507379022278695,-10.416716752702346],[31.50847248591546,-10.417792529955136],[31.50880351914675,-10.418085805047788],[31.509041119200997,-10.418296305116218],[31.509041137448044,-10.418296321303078],[31.509745791445496,-10.418922225208046],[31.510754959963293,-10.419711218859053],[31.511892624024828,-10.420474291192532],[31.512963135281844,-10.421129469762706],[31.513918513591126,-10.421664010109323],[31.514680946138984,-10.422038182618307],[31.515148658352015,-10.422256848114337],[31.515742339920344,-10.422525758638578],[31.516462004499708,-10.422823936863352],[31.51760437725128,-10.423266148998456],[31.517604471184203,-10.423266185621761],[31.520545570937372,-10.424421085791796],[31.520545767790058,-10.424421164251076],[31.52113316774012,-10.42465876428425],[31.521133613685368,-10.424658950747004],[31.521603613644192,-10.424861950772044],[31.521604826779992,-10.424862522315737],[31.52211582673206,-10.425124022337933],[31.52211628347099,-10.425124263424966],[31.522917283394197,-10.42556016345635],[31.5229181580695,-10.42556066818388],[31.52346495801508,-10.425894768200402],[31.523465669526402,-10.42589522391692],[31.524266969444646,-10.426432823934515],[31.524267299593124,-10.42643305032276],[31.52527917852052,-10.427142135647118],[31.526797957350684,-10.428200521031117],[31.526798102766815,-10.428200623345967],[31.528671289848155,-10.429531301226573],[31.529233777500078,-10.429898770576708],[31.529627150902886,-10.430124039986925],[31.53012488228957,-10.430378593514666],[31.530524766181674,-10.430548918161229],[31.531053669771364,-10.430745185566078],[31.53156603102864,-10.430909787651998],[31.532246115690626,-10.431069801760275],[31.53284708913774,-10.431186563509266],[31.53332486720845,-10.431240259936418],[31.534963590564505,-10.431409941786155],[31.53591030450851,-10.431500033677676],[31.53590862158369,-10.431531857909105],[31.534961821541525,-10.431441757986018],[31.53496164955585,-10.431441740898817],[31.533322749480647,-10.431272041031384],[31.533322568342097,-10.431272021474685],[31.532843868319414,-10.43121822151324],[31.532842214117444,-10.431217968211483],[31.532240014081392,-10.431100968257237],[31.532239210021768,-10.431100795623887],[31.531557909977014,-10.43094049567363],[31.53155629890092,-10.430940048159975],[31.531042698861704,-10.43077504819354],[31.531041821189326,-10.430774744552245],[31.530512021145995,-10.43057814458414],[31.53051110830721,-10.43057778107361],[31.53011010827232,-10.43040698109526],[31.530108803691537,-10.430406370704528],[31.529610003644745,-10.430151270726192],[31.529609159167503,-10.43015081336318],[31.529214859129052,-10.42992501337714],[31.529213858748655,-10.429924401002353],[31.5286505586915,-10.4295564010161],[31.528649923517428,-10.429555968211217],[31.52677649576473,-10.428225119703574],[31.525257768583657,-10.427166770584648],[31.52525772660183,-10.427166741247213],[31.524245990246516,-10.426457756015164],[31.523445206739357,-10.42592050260856],[31.52289919807752,-10.425586886173623],[31.522098869233997,-10.425151351485791],[31.52158869524993,-10.424890274239974],[31.521119534153282,-10.424687636616943],[31.520532456503382,-10.42445016705889],[31.51759150182445,-10.423295324389521],[31.516448948744944,-10.422853042655914],[31.51644849681808,-10.422852861594473],[31.515728296756162,-10.422554461634324],[31.515727680494347,-10.422554194492282],[31.51513358044129,-10.422285094522438],[31.51513335574397,-10.422284991113386],[31.51466535570163,-10.422066191136322],[31.514665006007988,-10.422066023604852],[31.513901905937598,-10.421691523640018],[31.51390093480715,-10.421691014208482],[31.51294473471462,-10.421156014244037],[31.512944055852447,-10.42115561682568],[31.511872855745843,-10.420500016857911],[31.51187215909603,-10.420499570355556],[31.51073355897988,-10.419735870380588],[31.51073240821671,-10.419735036544806],[31.509722208110595,-10.418945236551206],[31.509721288717202,-10.418944470291054],[31.509016197759266,-10.418318178383048],[31.508778606864098,-10.418107686469753],[31.508447206908343,-10.41781408653738],[31.50844649325257,-10.417813420326677],[31.50735219313628,-10.416736820302358],[31.50735125643995,-10.416735827389859],[31.506120939583287,-10.415329136884159],[31.504450829865405,-10.413534541475862],[31.504450404866546,-10.41353406837731],[31.501572549683594,-10.410214235657017],[31.49940049915954,-10.407829799912093],[31.4994003109051,-10.407829589974112],[31.498327677223237,-10.406614391774685],[31.497863928114917,-10.40613389150447],[31.497220170975787,-10.405655760288244],[31.496528453998355,-10.40521713733684],[31.495876869679872,-10.404882264965057],[31.49530020949442,-10.404632475330516],[31.494600836238696,-10.404414475972303],[31.494080684133184,-10.404300437304187],[31.49324519097457,-10.40418152337622],[31.49268389439854,-10.404131067558716],[31.492163429707713,-10.404138247800667],[31.491720824942867,-10.40416050282302],[31.49098023330348,-10.404236647799134],[31.48996197122914,-10.404446031639756],[31.487224034877496,-10.40518627946902],[31.48722312063293,-10.405186502549839],[31.486090220646513,-10.405433602637768],[31.486089061166457,-10.405433818825038],[31.485412561166683,-10.405538918879595],[31.485411865797783,-10.405539014275265],[31.4845349657922,-10.405643514347126],[31.484533506670463,-10.405643634289248],[31.48346120664914,-10.405692634378543],[31.483460195379042,-10.405692655421674],[31.482526095352128,-10.405688955499455],[31.482525175765364,-10.405688931272662],[31.481904975742598,-10.405658731323852],[31.481904267571846,-10.405658684662138],[31.48098966753304,-10.405582684736734],[31.480988301984496,-10.405582525741202],[31.47989660192646,-10.405418825827054],[31.479895332201444,-10.405418595234636],[31.47847113211239,-10.405114395340851],[31.47847094466596,-10.40511435440606],[31.469430244088617,-10.40309655507392],[31.463502441639687,-10.401772755049501],[31.463501523944963,-10.40177252827965],[31.462416923868822,-10.401478428355542],[31.462416173047625,-10.401478209642628],[31.453403988046347,-10.398669215125985],[31.444957403098524,-10.396050720549018],[31.44495734057209,-10.396050701056947],[31.44312204043387,-10.395475401178214],[31.443121540835072,-10.395475237643995],[31.441790540730626,-10.395020937728233],[31.441789300729077,-10.395020469927115],[31.440214100593938,-10.39436807001429],[31.440213372432293,-10.394367751893004],[31.43889607231408,-10.393761751958733],[31.438895753552533,-10.393761601993223],[31.4341922531228,-10.391499202215703],[31.43419214540837,-10.391499150014916],[31.43072477448596,-10.389806213355001],[31.428186204649496,-10.388610574890901],[31.42818520586347,-10.388610070646353],[31.427249505774174,-10.388104970683576],[31.42724924996112,-10.388104830204414],[31.426493749888213,-10.387682830232624],[31.42649153998235,-10.387681396947313],[31.425893939920126,-10.387234396954026],[31.425893584401845,-10.387234124568534],[31.42550248436082,-10.386927224570883],[31.42550143764152,-10.386926340828794],[31.42507233759594,-10.386536640823882],[31.425072179980813,-10.38653649603108],[31.42429954324952,-10.385818526590716],[31.42397784823182,-10.38555747250639],[31.42377337154633,-10.385446628261361],[31.423392149016113,-10.385329329055125],[31.423079456775696,-10.38528566306619],[31.42283930938959,-10.385286059205525],[31.422540577209954,-10.385313108611248],[31.42221947127778,-10.385405997876182],[31.421904740987852,-10.385568567249683],[31.421738812318488,-10.38569158334811],[31.42147138398955,-10.3859810153103],[31.420911283826396,-10.386633149850535],[31.42060346749554,-10.38702657608548],[31.420331523539367,-10.387461566804063],[31.420173319555285,-10.387776178180538],[31.42017274446036,-10.387777212007764],[31.41995214449997,-10.388137711989538],[31.41995051535246,-10.38813988836322],[31.4198110153715,-10.388294388360508],[31.41980877866841,-10.388296423849148],[31.419649278683767,-10.388415823853114],[31.419646201997725,-10.388417648333919],[31.41945070200835,-10.38850754834523],[31.41944857145448,-10.38850836874476],[31.419187003261367,-10.388590769729474],[31.41861415657042,-10.388817575592062],[31.418453211593196,-10.388908725034234],[31.418194225429772,-10.389095665437651],[31.417912915247026,-10.389310268085957],[31.41743022770542,-10.389705394218394],[31.41742862808141,-10.389706548433457],[31.417183228101294,-10.389862148442942],[31.417181385616356,-10.389863162833104],[31.41685278563495,-10.390018862851619],[31.41685154004474,-10.39001939597259],[31.416383286290337,-10.390199255728263],[31.416203194144497,-10.390298637366676],[31.416009174931162,-10.390449453138357],[31.41578011191574,-10.390677225404863],[31.415623179847987,-10.390902362973195],[31.415508746731795,-10.391132420216326],[31.41540343491892,-10.391436223469675],[31.41535131956981,-10.391688843741848],[31.41519318553078,-10.392896240596086],[31.415192940156324,-10.392897590682882],[31.415136640174396,-10.393138690662646],[31.415135875399592,-10.39314101521048],[31.415023175424704,-10.393403215192468],[31.415021801039153,-10.393405693479059],[31.41487430106354,-10.393618793470145],[31.41487166591656,-10.393621695685448],[31.414649065940868,-10.393811295688169],[31.414646908735673,-10.393812846302222],[31.41406480878021,-10.394163946326781],[31.414064128654093,-10.394164335458957],[31.41365942956045,-10.394383735002219],[31.412195630555487,-10.395177534587928],[31.41166375116967,-10.39546586924786],[31.410059872682588,-10.396369400933862],[31.410059055067375,-10.3963698330431],[31.409600847173614,-10.396596589548968],[31.409326401495086,-10.396754778391934],[31.40908996735143,-10.396954167579196],[31.4089116515962,-10.397177111888164],[31.408745925426306,-10.397445544445372],[31.408582235832686,-10.397712327519363],[31.408581380255455,-10.397713571333057],[31.40838028028646,-10.397975771324303],[31.408378799290194,-10.397977430595413],[31.408231199308247,-10.398120230595095],[31.40822906348125,-10.398121963686176],[31.407939767066363,-10.398318357618525],[31.407608266736634,-10.398565737029964],[31.407406190018545,-10.398760579047723],[31.407251950408394,-10.39898583834056],[31.407059159726042,-10.399338489669532],[31.406839323114877,-10.39975976825484],[31.406838490773985,-10.399761163219164],[31.406645390806467,-10.400046763206719],[31.406644004641123,-10.4000485111606],[31.406399904673865,-10.40031301115655],[31.406399152650756,-10.400313770876126],[31.406064861571636,-10.400628820064503],[31.40591343966794,-10.400835106437556],[31.40579345076132,-10.401067827292216],[31.405587122531465,-10.401535537992272],[31.405586528007536,-10.40153672954626],[31.405476528028448,-10.401733429535236],[31.40547493223387,-10.401735727652525],[31.405255032265377,-10.401995527646225],[31.405253639309063,-10.401996968378622],[31.405055139332003,-10.40217716837967],[31.40505298162276,-10.402178815678974],[31.404822281641618,-10.40232631568773],[31.404820556211128,-10.402327282138367],[31.404565756226095,-10.402451382152393],[31.40456283852151,-10.402452500765298],[31.404222238529957,-10.402550800790149],[31.404219592701235,-10.402551365161722],[31.403921892700563,-10.402593465185857],[31.403919256553884,-10.402593661410583],[31.40339000334069,-10.402598360151362],[31.40298801886693,-10.40260771328882],[31.402672006404753,-10.40267483626203],[31.402426034851864,-10.40276721116934],[31.402142071956312,-10.402973306915626],[31.401988908716454,-10.403134645446736],[31.401805704440637,-10.403472944906],[31.401735071390803,-10.403815525182413],[31.40174743365299,-10.404077604901957],[31.401891891697883,-10.404762657381983],[31.401892069148058,-10.404763675055715],[31.401949869156745,-10.405182275016552],[31.40194998885782,-10.405184879304112],[31.401933288875657,-10.405544279270915],[31.401932804834445,-10.405547324986973],[31.40186090485527,-10.405807924965844],[31.40186036695385,-10.405809499263583],[31.4018013891803,-10.405953345076403],[31.40173301094642,-10.406124190720572],[31.401732243885224,-10.406125801725501],[31.401643743902138,-10.406284901716523],[31.401642596006123,-10.406286651809276],[31.401527196023935,-10.406437651804188],[31.401525941357,-10.406439092110695],[31.401365041377396,-10.40660179210948],[31.401363496800556,-10.40660315971677],[31.401158296821052,-10.406762259721202],[31.401156355462415,-10.406763554996337],[31.400873355482705,-10.406925055009324],[31.400870887218705,-10.406926217755402],[31.400634087228436,-10.4070163177709],[31.40063253217067,-10.407016831498948],[31.399856991306844,-10.40723571730461],[31.399407166639744,-10.407404886422416],[31.3990763220722,-10.407616750025676],[31.398825969119297,-10.407835784107993],[31.39861549360541,-10.408130707873905],[31.398502299861537,-10.408351445616884],[31.39843886210644,-10.408550566970225],[31.398403910968412,-10.408766827209302],[31.398343674207123,-10.40948697159881],[31.39822298583974,-10.411838947046986],[31.398222963119174,-10.411839301702317],[31.3981290631852,-10.413061101590555],[31.39812889810618,-10.413062420431809],[31.39804979813678,-10.413516520392141],[31.398049459948055,-10.413517985582219],[31.397917959985154,-10.413973185545734],[31.39791753593762,-10.413974429123975],[31.397779435969987,-10.414324329098857],[31.397779068097694,-10.414325177773582],[31.397607368133865,-10.414687977750164],[31.3976068013051,-10.414689053156684],[31.397062301405974,-10.415622853106687],[31.3970622034148,-10.415623018590814],[31.395120333048702,-10.418852769721525],[31.394417662053904,-10.420042820754643],[31.394417362589547,-10.420043305653838],[31.394106262643522,-10.420525405631219],[31.39410562721659,-10.420526312431875],[31.39385612725538,-10.420855112420611],[31.3938553271633,-10.420856079016112],[31.393455727217898,-10.421299579008243],[31.39345492949983,-10.421300400057413],[31.393200129530616,-10.421543800057272],[31.393199382629238,-10.42154446900732],[31.392803682671893,-10.421876769012767],[31.39280272173118,-10.421877515627163],[31.3924768217613,-10.422111615636474],[31.39247591223121,-10.422112224250425],[31.392171512255338,-10.422301724262587],[31.392170300440462,-10.422302411350158],[31.391833700461664,-10.422475611367695],[31.391833033380752,-10.422475936887666],[31.391513833398214,-10.42262343690604],[31.391513121679246,-10.422623747119019],[31.391219421692746,-10.42274424713742],[31.391218858139506,-10.422744467410658],[31.39094665815021,-10.422845667428685],[31.390945387136636,-10.42284608807063],[31.39070658714267,-10.422915688088004],[31.390706373871016,-10.422915748885135],[31.390420773877548,-10.42299534890617],[31.390419518349407,-10.422995653273851],[31.390125818352278,-10.423056453296802],[31.390125073755502,-10.423056592344407],[31.38925467375753,-10.423201692414095],[31.389254360760543,-10.42320174199663],[31.388381309127542,-10.423332834804485],[31.385683057433727,-10.423751727522605],[31.38568297378374,-10.42375174032469],[31.383518623331252,-10.424078217940798],[31.382535772271925,-10.424241993201559],[31.382535398936916,-10.424242051721723],[31.381627429336458,-10.424375447328744],[31.380598889812585,-10.424529838333779],[31.379873419889446,-10.42464103378224],[31.37921621797206,-10.424741634129084],[31.37861271984546,-10.424834133890565],[31.378612656476776,-10.42483414349761],[31.377364156475767,-10.425021343598413],[31.377364111331694,-10.425021350313832],[31.37492196395647,-10.425381742744765],[31.352836822286104,-10.428763235593438],[31.341146728065155,-10.430560435646349],[31.341146707782553,-10.430560438753817],[31.326727118139523,-10.432762038333435],[31.319277028497297,-10.433907737340277],[31.31856062693887,-10.434017837637533],[31.30729517269098,-10.435749731510152],[31.305910204260936,-10.43596927906034],[31.305247161042313,-10.43609463603406],[31.304567408848406,-10.436258579849595],[31.303552633392247,-10.436524616198287],[31.30261656373024,-10.436819323370594],[31.297840385921116,-10.438624126436839],[31.289224542484668,-10.441925467142008],[31.287902558814608,-10.442453120817927],[31.28790094250219,-10.442453679875905],[31.287190642520468,-10.442663179927303],[31.28719008137117,-10.442663336037247],[31.28671388138053,-10.442787936072826],[31.286712590777984,-10.442788226462115],[31.286262290780865,-10.442873426497652],[31.286261515512795,-10.442873557067266],[31.285953115512417,-10.442919157092165],[31.28595219345682,-10.442919271367886],[31.285683893454117,-10.442946171389929],[31.285682991844656,-10.442946241284977],[31.285193491835653,-10.442973141325554],[31.28519139071921,-10.442973148237881],[31.284826690705845,-10.442955648267905],[31.28482642126925,-10.442955633574961],[31.284346721250618,-10.442926333614265],[31.284345714512455,-10.442926247462559],[31.283942514493518,-10.442881847494915],[31.283942468600088,-10.442881842389667],[31.283463668577458,-10.442828042428063],[31.283462664577346,-10.442827904849558],[31.283221664564067,-10.442788904868276],[31.283221223489704,-10.442788828642268],[31.28293022347276,-10.442735328664478],[31.282929224174296,-10.44273511966007],[31.282720024160593,-10.442686019675289],[31.282719406788427,-10.4426858648517],[31.282463206770597,-10.442617464869668],[31.28246233519361,-10.44261721182526],[31.282257235178147,-10.442552811838773],[31.282256388958945,-10.442552526115945],[31.281764788919297,-10.442374726145925],[31.281764666287184,-10.442374681357483],[31.28138864848821,-10.442236011705985],[31.277783830708117,-10.440940941568455],[31.277783812031565,-10.440940934848483],[31.274936658326514,-10.439914951787975],[31.268342504409794,-10.43757386874167],[31.26834244291991,-10.437573846801714],[31.264130119566087,-10.436063374666144],[31.26300658929411,-10.435670404085483],[31.26264515752866,-10.435555915790095],[31.262298436582213,-10.435460175714905],[31.261995864874415,-10.43538311029851],[31.26167877799956,-10.435313067851206],[31.26141523157139,-10.435265186615359],[31.26113696621538,-10.43522200065411],[31.26085868221488,-10.43519166782153],[31.260512938767995,-10.435158892171557],[31.26010966174965,-10.435125027724963],[31.259761640136766,-10.435106364134638],[31.25937362322636,-10.435099380062146],[31.259014891214548,-10.435111058345797],[31.25872159771572,-10.435125038992863],[31.25654985501037,-10.435283413114343],[31.253468959226637,-10.435540404671913],[31.2534687751443,-10.435540419174643],[31.24836231136008,-10.435919116905104],[31.236388861796247,-10.43685071395608],[31.23033200270915,-10.437330711206823],[31.22910662934374,-10.43743110912427],[31.229106412699043,-10.437431125694847],[31.228215582888197,-10.437494420780414],[31.224462502397945,-10.437787511753054],[31.22204094431548,-10.437988666933599],[31.221274405666822,-10.438090752283255],[31.220501277199165,-10.438224019353308],[31.21957203363586,-10.43842461296373],[31.21890993196705,-10.438609661944652],[31.21823080424976,-10.438828213469048],[31.217207537284814,-10.439213424662912],[31.21620516488382,-10.439676703589406],[31.215479546456198,-10.440073521547534],[31.212650811927826,-10.441805997965952],[31.20472975411784,-10.446673272742677],[31.201412185539386,-10.448731953539761],[31.201411923839867,-10.448732112660148],[31.199945523949776,-10.449605612723209],[31.199944919054037,-10.44960595649782],[31.19947538682068,-10.449860319826056],[31.198988454174156,-10.450129782595274],[31.198987145461977,-10.45013043634428],[31.1985368562037,-10.450332386714578],[31.198040666051767,-10.450563135671826],[31.198039476971616,-10.450563637149953],[31.19750177699338,-10.450768037185046],[31.197501423931417,-10.450768167244728],[31.196904623953237,-10.45098106728492],[31.196903660646505,-10.45098138142041],[31.19606746066805,-10.451229081480774],[31.19606656352669,-10.451229323343936],[31.195273463539564,-10.451422423404036],[31.19527261134743,-10.451422610465634],[31.193179211363105,-10.451832710629844],[31.193179167933568,-10.451832719086374],[31.188512367966442,-10.452735919453017],[31.18851234560118,-10.452735923767976],[31.188257049470185,-10.452785023044282],[31.165958786779356,-10.45708321763401],[31.163444120051622,-10.457577111300061],[31.16344356684097,-10.457577211667449],[31.16219126684354,-10.457785811767348],[31.162190809537655,-10.45778588240808],[31.160845009534352,-10.457977582516719],[31.160844364574483,-10.457977663594324],[31.15743100671765,-10.458350059272345],[31.154398048828607,-10.458694054741116],[31.15439797262022,-10.458694063235864],[31.151219472593137,-10.45904216349566],[31.151219217473404,-10.459042189775165],[31.148544214725266,-10.459300370953736],[31.146949611203336,-10.459486348167447],[31.146949299466723,-10.459486382036337],[31.145554100438666,-10.459626861913716],[31.144758300575464,-10.459723337715124],[31.144757991272023,-10.459723372755178],[31.140117191228942,-10.460212373134917],[31.14011711030202,-10.460212381495266],[31.138784802771713,-10.46034727224087],[31.133887095040436,-10.460889362424004],[31.13388693041856,-10.460889379952338],[31.128616972405005,-10.461428376084262],[31.124578214371475,-10.461858771938445],[31.124578062301484,-10.461858787554457],[31.122911362283983,-10.462023487691052],[31.12291078343198,-10.462023536419029],[31.121819083414675,-10.462099536509088],[31.121818505891603,-10.462099568397733],[31.118248905816426,-10.462245468693268],[31.11824880129684,-10.46224547269513],[31.109838013456223,-10.462545772950843],[31.097243825526004,-10.463010773537654],[31.09133283376463,-10.463225973724944],[31.07950545225734,-10.4636784739864],[31.079505243173593,-10.463678480905815],[31.077468689642416,-10.463735374187769],[31.075757924794452,-10.463824846339326],[31.07464140084202,-10.463915499659239],[31.073687013204513,-10.464020821123478],[31.07263204018816,-10.464183708961821],[31.071421715812313,-10.464409920163762],[31.067940281557693,-10.46512626576113],[31.06617887493458,-10.465506945720609],[31.063253174838902,-10.466139245974162],[31.06325294506818,-10.466139294169388],[31.060211477476937,-10.466757967477767],[31.059310515373248,-10.46695441567795],[31.058893521076584,-10.467050291407746],[31.05889329145145,-10.46705034272271],[31.058650520336705,-10.467103036472462],[31.05741344920397,-10.467375530212228],[31.05741341392653,-10.467375537948206],[31.057265913928198,-10.467407737959569],[31.057265505507043,-10.46740782250157],[31.057152105507846,-10.467430022510436],[31.05715187578057,-10.46743006604756],[31.05704057578116,-10.467450466056341],[31.05704042173112,-10.467450493652356],[31.055389521736856,-10.467739393783228],[31.055389240756387,-10.467739440844454],[31.05474554075687,-10.46784244089588],[31.05474544875075,-10.467842455393948],[31.054247863474856,-10.4679196531494],[31.053956878194025,-10.467965250866184],[31.053956423356574,-10.467965316702788],[31.05363052335518,-10.468008616729147],[31.053629847899888,-10.468008694708018],[31.053261047895962,-10.468044894738233],[31.05326070019055,-10.468044925804264],[31.052926944335592,-10.468071814218561],[31.052484488108316,-10.468113900578716],[31.052484251719928,-10.468113921648946],[31.052146351715407,-10.468142021676721],[31.052145986793615,-10.468142048676258],[31.051857630197585,-10.468160745885388],[31.050353021932423,-10.4682648396612],[31.047161275539604,-10.468501135951705],[31.045561380822768,-10.46862043568766],[31.045561270505583,-10.468620443608431],[31.042884537007893,-10.468805232331517],[31.041125203070827,-10.468956118232025],[31.041124711699236,-10.468956154302136],[31.040129815804665,-10.469016941912445],[31.039341642852833,-10.469081207156142],[31.03889264787741,-10.469127975420406],[31.038477030096164,-10.469174766197627],[31.038476977525423,-10.469174772045296],[31.0380413706491,-10.469222639869725],[31.03756556182706,-10.469289299114898],[31.037565452173453,-10.469289314163424],[31.037139230454137,-10.469346590240102],[31.036650030928282,-10.469421444302744],[31.036206309396924,-10.469495114707371],[31.03588739331728,-10.469549965900626],[31.03554837238581,-10.469616611068055],[31.035103230356466,-10.469706679140426],[31.034508167280688,-10.469834007094743],[31.03373334463902,-10.470019916613749],[31.032777353110028,-10.470265463143997],[31.03046945252792,-10.47087483707734],[31.02738496702441,-10.471702906584248],[31.02562764355695,-10.472190585485363],[31.025627445730983,-10.472190639229204],[31.023278471606112,-10.472815132536642],[31.020866011052135,-10.47346382212166],[31.01865082468648,-10.47406301860967],[31.018650235480607,-10.474063167896475],[31.01768553549482,-10.474291267969754],[31.01768479670931,-10.47429142736617],[31.016922496714766,-10.474440327425828],[31.01692194025288,-10.474440427738669],[31.016096340254258,-10.474576927804415],[31.016095906872508,-10.474576994487098],[31.015406606870762,-10.474675194542593],[31.015406075315216,-10.474675262924775],[31.014754275310263,-10.474750162977827],[31.014753542961728,-10.47475023346162],[31.014211742953872,-10.47479233350617],[31.01421119666571,-10.474792368481651],[31.01285799663943,-10.47486056859338],[31.01285748417765,-10.47486058791678],[31.00849448407306,-10.47496988827748],[31.0084943962474,-10.474969890287728],[30.99493619591186,-10.475250891408471],[30.994936176760003,-10.475250891796335],[30.990325928635787,-10.475342083237337],[30.989347678507762,-10.475405134984985],[30.98854433693166,-10.47548115381874],[30.987925283314702,-10.475575309926501],[30.987400328785252,-10.475677184705773],[30.986679012726224,-10.475837499431124],[30.986186162661596,-10.475954245513776],[30.984762471971262,-10.4763774942153],[30.984762378274088,-10.476377521804901],[30.980615717185575,-10.477586810786432],[30.97662185602584,-10.478770299594617],[30.976621757237258,-10.478770328573729],[30.974377357292017,-10.479422028736098],[30.974377308265623,-10.479422042899627],[30.972974508299156,-10.479825243001429],[30.972973752485657,-10.479825443388027],[30.971723252505498,-10.480129543482457],[30.97172257271368,-10.480129695752993],[30.971448972716114,-10.48018579577425],[30.971448808794708,-10.48018582864717],[30.970760208799696,-10.48032082870099],[30.9707594863816,-10.480320956229752],[30.969956786381648,-10.48044715629389],[30.969956107025684,-10.480447250998097],[30.968520207016468,-10.480622051114622],[30.9685200992196,-10.480622063937954],[30.966259899202722,-10.480884664121675],[30.966259742402528,-10.480884681708536],[30.95324316255549,-10.482292380577208],[30.93658968267315,-10.484128079699948],[30.934723582578787,-10.484333779860517],[30.933174782244965,-10.484504480021918],[30.91241837212069,-10.486781682805006],[30.91241830311644,-10.486781690254027],[30.906059988738214,-10.487456860436023],[30.90527987261081,-10.487562622013533],[30.90527939310451,-10.487562681065484],[30.902682032640925,-10.487850465813743],[30.901428971038328,-10.488007286018949],[30.900248234447126,-10.488216797420385],[30.89921273394539,-10.488465281654342],[30.89830895672383,-10.488717651973644],[30.897004108334084,-10.489159431464048],[30.895623991946376,-10.489657865262558],[30.892021002072585,-10.490963861880195],[30.892020971598175,-10.490963872896069],[30.89006137167,-10.491670273026834],[30.890059790982388,-10.491670764182176],[30.889237690998275,-10.491886864243147],[30.889236569537932,-10.491887123119032],[30.888624969542693,-10.492009123166646],[30.888623838283518,-10.492009314343951],[30.88807133828166,-10.492086114388417],[30.888070559432492,-10.492086206955225],[30.887460659425937,-10.492146507005005],[30.88745941431052,-10.49214659107563],[30.886806814296172,-10.49217039112945],[30.88680596457078,-10.492170404337596],[30.88593876454526,-10.492165804409021],[30.885937154776627,-10.492165732676153],[30.885098054740755,-10.492095432743845],[30.88509628779805,-10.492095208134758],[30.884508487764926,-10.491994808179788],[30.884507319919443,-10.491994574293646],[30.883978319885177,-10.491872874332062],[30.883977620640408,-10.491872700741812],[30.882395920530477,-10.491451000851983],[30.88239576886261,-10.491450959804478],[30.882218486844305,-10.491402264759282],[30.862430103459854,-10.486004071038167],[30.862430081047123,-10.486004064909832],[30.86018728956346,-10.485389467441646],[30.847589201096934,-10.481948471703662],[30.82443770320151,-10.475632574320302],[30.82443768435096,-10.475632569167429],[30.81722258384371,-10.473656569665083],[30.812537804051402,-10.472371575623015],[30.804167631495506,-10.470100483806977],[30.804167613000754,-10.470100478779377],[30.802428267617405,-10.469626793806977],[30.800541422308466,-10.469123908549285],[30.800541294452827,-10.469123874038528],[30.783100893228667,-10.464356475241798],[30.783100833580814,-10.464356458839935],[30.77887566941052,-10.463187869122708],[30.768621604857064,-10.460391079693826],[30.768621405558214,-10.460391024270203],[30.766048862583805,-10.459661869005195],[30.76385682034657,-10.459077411261317],[30.763856540324607,-10.459077334511791],[30.762767894454047,-10.458770806163304],[30.761748850378783,-10.458511471382174],[30.761747851516457,-10.458511190607362],[30.76071169304927,-10.458191957542978],[30.759990743228755,-10.458011994940689],[30.75999029090011,-10.458011876642763],[30.75110829027704,-10.455582377255123],[30.72961417598937,-10.449687175235423],[30.729614156797265,-10.44968716996098],[30.719220376438116,-10.446825176285529],[30.70700629596694,-10.443487982696452],[30.707006264311605,-10.443487974019952],[30.704535571610627,-10.442808676244423],[30.703067816326847,-10.442406288632816],[30.700742353542704,-10.441777998892189],[30.70074224057886,-10.441777968031372],[30.697580550588498,-10.44090467107477],[30.6950566671447,-10.440210275852172],[30.69406571868496,-10.439938317528785],[30.693591764341125,-10.439815555297688],[30.693591513864167,-10.439815488759605],[30.69240534524566,-10.439492497409217],[30.69143977667098,-10.439232805945974],[30.691439540639454,-10.439232740979131],[30.689835707891053,-10.438781160056385],[30.68897847532742,-10.438545978632902],[30.68897840631779,-10.438545959572808],[30.687470085697015,-10.438126581776794],[30.685616770454143,-10.43762700478657],[30.684398975583576,-10.43729940627353],[30.684398622721194,-10.437299308023862],[30.682968514536153,-10.436887563376459],[30.68212862757701,-10.436663047131395],[30.681586348040113,-10.436524977849835],[30.68158602599611,-10.436524893116255],[30.680901325948334,-10.43633889316352],[30.680900974522295,-10.436338794392052],[30.680296985346125,-10.436163326641498],[30.679104199548625,-10.435831058559168],[30.677754302506116,-10.435455459500975],[30.67775421888163,-10.435455436045407],[30.677471618861517,-10.43537553606464],[30.677127912088856,-10.435278234178869],[30.677127420392253,-10.43527808843425],[30.67697994741994,-10.435232396821345],[30.676619874457,-10.435121905149789],[30.67661880570666,-10.435121545265153],[30.676575514472354,-10.435105648487829],[30.676055023201084,-10.434915051730732],[30.6758410203155,-10.434836650692963],[30.67584086476495,-10.434836593000115],[30.675340664724263,-10.43464879302963],[30.675339285094488,-10.434648217331723],[30.67472701156215,-10.434366229576993],[30.67425363808117,-10.43414984174202],[30.67425305409432,-10.434149563566686],[30.674167975257948,-10.43410737406917],[30.674082196448758,-10.434065084524146],[30.674081465818606,-10.4340647057797],[30.673847065796398,-10.433937105788843],[30.67380045627012,-10.433911700603927],[30.673800084829708,-10.433911493043393],[30.673501684800968,-10.433740593053912],[30.673501203455697,-10.433740308409309],[30.673300003435898,-10.433617508415383],[30.673299247508137,-10.43361702331309],[30.673219468172146,-10.433563237251644],[30.673132988875576,-10.433505251141467],[30.673132712585918,-10.433505062467406],[30.673004012572836,-10.433415562469811],[30.673003032605333,-10.433414834511922],[30.67261343256484,-10.433105934513952],[30.672613335186618,-10.433105856791357],[30.672492236927692,-10.433008558200843],[30.672181438630073,-10.432758959595194],[30.67218133215928,-10.432758873463246],[30.67204033214459,-10.432643973463543],[30.67162692833906,-10.432306870397715],[30.671158829332157,-10.431925271248117],[30.67115873388005,-10.431925192920897],[30.670729178352207,-10.431570377495563],[30.670657337576863,-10.431516447168994],[30.670562156749366,-10.431444937754895],[30.670470668540034,-10.431391726242026],[30.670372639732005,-10.431334658772444],[30.67020601407364,-10.431251890486932],[30.670078992377935,-10.431206292966305],[30.669954255982983,-10.431169198490409],[30.669817097664193,-10.431140197612164],[30.669726551324477,-10.431122128065432],[30.66961627104445,-10.431106078355574],[30.669537590325824,-10.43110373260151],[30.669483211496853,-10.431105493071627],[30.669375261886373,-10.431115324737565],[30.669088801666607,-10.431146266456702],[30.66860637241178,-10.431217012127403],[30.668606232264953,-10.431217032163875],[30.6680685322632,-10.431291932206944],[30.668067920962542,-10.431292007658802],[30.667551520957883,-10.431347607700657],[30.66755055041808,-10.431347688291487],[30.66705235040917,-10.431376888332318],[30.667052223738814,-10.431376895356214],[30.666122823721118,-10.43142549543244],[30.666119113571835,-10.431425351301206],[30.666115468256216,-10.431424541644683],[30.66611204030323,-10.431423100340844],[30.66610897314681,-10.431421087697315],[30.666106395124306,-10.431418587928016],[30.666104414106492,-10.431415705629412],[30.666103112984032,-10.431412561403924],[30.666102546199067,-10.431409286813626],[30.666037546237135,-10.430276686708972],[30.666037528441265,-10.430276271095709],[30.666022142873896,-10.429731481410144],[30.666003399556683,-10.429543649371393],[30.66592630577329,-10.428828806776076],[30.665926247079703,-10.428828100297913],[30.665880147106158,-10.428037700224882],[30.665880128343932,-10.428037264355314],[30.665861128370064,-10.427352764292221],[30.66586112670075,-10.427352698705526],[30.665845026727812,-10.42665709864146],[30.665845023244064,-10.42665686577854],[30.665838323531595,-10.425667002144158],[30.665834324529357,-10.425330684880395],[30.66581822635065,-10.424455481931775],[30.66580142767359,-10.423797332701938],[30.6658014244372,-10.423797169021926],[30.665794124458156,-10.423276468974004],[30.665794123119504,-10.423276229236233],[30.665794723128506,-10.423066229216964],[30.665794723608872,-10.423066146180254],[30.665800823596857,-10.422366350998931],[30.665804822037835,-10.421868647651653],[30.66577933149725,-10.420525243303754],[30.66576465780764,-10.420286970381179],[30.665733777145896,-10.419895215521624],[30.66569490413896,-10.419489996749101],[30.66566684826005,-10.419252769746342],[30.66563070913085,-10.419009179981886],[30.665517075024688,-10.418364153905111],[30.665497830070056,-10.418268627121588],[30.665353219853174,-10.417596644248844],[30.664566803433534,-10.414590663428699],[30.66456679425598,-10.414590628172352],[30.66438509883565,-10.413889145788689],[30.664158303655505,-10.413022164134713],[30.664069908119878,-10.412684381163801],[30.66379501242705,-10.411643397381205],[30.663794925766382,-10.411643052797446],[30.663400625773445,-10.409992952649754],[30.663400524288573,-10.409992496507797],[30.663326724292034,-10.409634396475367],[30.663326661369073,-10.40963407301323],[30.663220761376838,-10.4090553729605],[30.663220698211944,-10.40905500094397],[30.663127498222465,-10.408459900889417],[30.663127495446897,-10.408459883094988],[30.663029595458173,-10.407829683037201],[30.663029525269987,-10.407829171918696],[30.662931625289456,-10.407008771843046],[30.66293160096726,-10.407008554060276],[30.66286250098462,-10.406344353998957],[30.662862486386224,-10.406344206320648],[30.662824286397523,-10.405936406282967],[30.66271568849382,-10.404776028231934],[30.662629790758462,-10.40388885128875],[30.66250979036822,-10.402645346785064],[30.662339489725767,-10.400871039441201],[30.662339454994854,-10.400870610330626],[30.66231465500696,-10.400494310295857],[30.662314649153974,-10.400494216841965],[30.662275749175688,-10.399838816781422],[30.66227572643439,-10.399838230919192],[30.662267026453243,-10.399361830875332],[30.662267025259872,-10.399361754210055],[30.66226092527899,-10.398887754166443],[30.662260925997142,-10.398887339444014],[30.662270326022835,-10.398312639391422],[30.662270336318127,-10.398312283703191],[30.662310636365103,-10.39734258361497],[30.662310649806283,-10.397342319810784],[30.66237694716764,-10.39624396435321],[30.662429944805083,-10.395262508933593],[30.662429946389178,-10.3952624801482],[30.66251374646472,-10.393767780012833],[30.662513755210448,-10.393767637053843],[30.662545249850357,-10.393292518241177],[30.66257414543008,-10.392764099518221],[30.66257417067057,-10.39276372812492],[30.66259557068488,-10.392500428101279],[30.662608970898127,-10.392335925575047],[30.662608992287822,-10.392335687965902],[30.662651292312084,-10.391906687927634],[30.662651360146498,-10.391906119297047],[30.662676860157838,-10.391724119281129],[30.662676888947594,-10.391723923865856],[30.662725188967677,-10.391411423838715],[30.662725291200786,-10.391410843782555],[30.66275879121261,-10.391241743768266],[30.662758851642067,-10.391241454823536],[30.662786951651285,-10.3911138548129],[30.662787119725294,-10.39111317372106],[30.662813988882775,-10.391014986448393],[30.6628856599522,-10.390734699650542],[30.662885822410733,-10.390734117257324],[30.66298512243767,-10.390405817231784],[30.662985222325045,-10.390405500630218],[30.66313872236469,-10.389938400594811],[30.663138729917215,-10.389938377679485],[30.663205829934476,-10.389735377664111],[30.66320592902476,-10.389735088532179],[30.663289029045274,-10.389500988514913],[30.66328921732158,-10.389500488580738],[30.663337517332717,-10.389379288572245],[30.663337809020472,-10.389378609129631],[30.66369860909678,-10.388595509079057],[30.663698692280562,-10.3885953317758],[30.664031869873803,-10.387897778787531],[30.66436344496187,-10.387190232050317],[30.66475004218872,-10.386363238103131],[30.664750209913002,-10.386362891670759],[30.665290123310637,-10.385285264671785],[30.66793169858434,-10.379633074245964],[30.66826353963915,-10.378638649409021],[30.66846188056892,-10.37757826938444],[30.668509987605244,-10.376452745537375],[30.66838753208072,-10.3754578315314],[30.668089834868137,-10.374201708985561],[30.666450927922533,-10.368869036771454],[30.665928978009628,-10.367288288374715],[30.66592891443978,-10.367288091404063],[30.665282514422472,-10.365237991227316],[30.665282505353883,-10.365237962365288],[30.663991305391942,-10.361113962237765],[30.66360940551942,-10.35989426257124],[30.663609371437698,-10.359894152263044],[30.663290291194567,-10.358847417008937],[30.662525828046697,-10.356416834033322],[30.66209944493839,-10.355094286352404],[30.662099405277917,-10.355094161510259],[30.66121090525483,-10.352255261265267],[30.659488211608448,-10.346732881322692],[30.657512822157607,-10.340499414243721],[30.657512792141855,-10.340499318426904],[30.65629510369691,-10.336566755504563],[30.653757715411075,-10.328516092190764],[30.65209071507211,-10.323224390803274],[30.652090704033192,-10.323224355610112],[30.64906780639984,-10.31354436260815],[30.643585408706013,-10.29604456892668],[30.64175751370794,-10.29019458459956],[30.641160721632243,-10.288307109551727],[30.641160716454944,-10.288307093144747],[30.638811116389743,-10.280845492502388],[30.6388110994139,-10.280845438233055],[30.636499008126528,-10.273404465828763],[30.631987516884834,-10.259074092807895],[30.631987455589016,-10.259073893313813],[30.631409534927762,-10.257146157843955],[30.630743282764584,-10.255183687772124],[30.630440427952315,-10.254448283127838],[30.630121407806183,-10.253712597876115],[30.629633633723486,-10.252695877221177],[30.628990054183795,-10.2515241786002],[30.62514101250459,-10.24453166634666],[30.62038237854255,-10.236625942355426],[30.620382226935586,-10.236625685288379],[30.616973526638972,-10.230725284891767],[30.61697280469801,-10.230723883936706],[30.615656504606836,-10.227832483713442],[30.615656034276185,-10.22783133299386],[30.61486293423944,-10.225648032811918],[30.6148628715325,-10.225647856895874],[30.613867271490808,-10.2228006566564],[30.61386726343935,-10.222800633571353],[30.60919696324631,-10.20937253244072],[30.609231562843103,-10.209364759146446],[30.61390185863453,-10.222792846473306]]]]}},{"type":"Feature","properties":{"id":null,"group":null,"name":"Slipway","settlement_id":null,"country_id":null,"district_id":null,"status":null,"surface":null,"access":null,"bridge":null,"tunnel":null,"oneway":null,"route_id":null,"alt_name":null,"notes":null},"geometry":{"type":"MultiPolygon","coordinates":[[[[30.67641489247826,-10.461565665335149],[30.676440833611913,-10.461544626252785],[30.676751133579312,-10.461842026247258],[30.676725192510833,-10.461863065340685],[30.67641489247826,-10.461565665335149]]]]}},{"type":"Feature","properties":{"id":null,"group":null,"name":"Voetbaai Street","settlement_id":null,"country_id":null,"district_id":null,"status":null,"surface":null,"access":null,"bridge":null,"tunnel":null,"oneway":null,"route_id":null,"alt_name":null,"notes":null},"geometry":{"type":"MultiPolygon","coordinates":[[[[30.675936759609932,-10.462342492099669],[30.676351482196402,-10.462093698518485],[30.676726601915615,-10.461839556192277],[30.676730420586846,-10.46183761649462],[30.676786820588948,-10.461817116498356],[30.67678896163587,-10.461816481267531],[30.676836561636502,-10.46180538127113],[30.676839638833716,-10.461804919302715],[30.676892238832885,-10.461801219307008],[30.67689728725949,-10.46183327227923],[30.6768462568706,-10.461836861873438],[30.676801261971658,-10.461847354384949],[30.676747967264063,-10.461866725692408],[30.676374224208292,-10.462119935405319],[30.67637344704744,-10.462120431136693],[30.675958047078428,-10.46236963115428],[30.67595747811725,-10.462369957718012],[30.67563217813902,-10.462548457733618],[30.67561174795296,-10.462520833851556],[30.675936759609932,-10.462342492099669]]]]}},{"type":"Feature","properties":{"id":null,"group":null,"name":"Voetbaai Street","settlement_id":null,"country_id":null,"district_id":null,"status":null,"surface":null,"access":null,"bridge":null,"tunnel":null,"oneway":null,"route_id":null,"alt_name":null,"notes":null},"geometry":{"type":"MultiPolygon","coordinates":[[[[30.67740546833597,-10.461369123617319],[30.6774052534006,-10.46136927719404],[30.677277842440702,-10.461458774175963],[30.677153420870187,-10.46155446006326],[30.677128705221463,-10.461529631521758],[30.677253405233635,-10.461433731524552],[30.677253972679832,-10.46143331438713],[30.677381564490616,-10.461343690394019],[30.67751285776788,-10.46124826797133],[30.67753686832386,-10.461273623613703],[30.67740546833597,-10.461369123617319]]]]}},{"type":"Feature","properties":{"id":null,"group":null,"name":"Duine Street","settlement_id":null,"country_id":null,"district_id":null,"status":null,"surface":null,"access":null,"bridge":null,"tunnel":null,"oneway":null,"route_id":null,"alt_name":null,"notes":null},"geometry":{"type":"MultiPolygon","coordinates":[[[[30.678452306834767,-10.46412181537025],[30.678452329275387,-10.464121624844267],[30.67878942943898,-10.461419524606004],[30.678825496650735,-10.461424966979925],[30.678488408685688,-10.464126971573105],[30.678275219367734,-10.466050576045014],[30.67823910672195,-10.46604551554096],[30.678452306834767,-10.46412181537025]]]]}},{"type":"Feature","properties":{"id":null,"group":null,"name":"Waterkant Street","settlement_id":null,"country_id":null,"district_id":null,"status":null,"surface":null,"access":null,"bridge":null,"tunnel":null,"oneway":null,"route_id":null,"alt_name":null,"notes":null},"geometry":{"type":"MultiPolygon","coordinates":[[[[30.67691887626024,-10.465553584517007],[30.67687609181895,-10.46545110085228],[30.6768759110753,-10.465450648370926],[30.676841351193506,-10.465360077644254],[30.676679347033634,-10.465024390646995],[30.676678985407666,-10.46502358546353],[30.676654885406254,-10.46496568545889],[30.676654230334087,-10.464963769192467],[30.676636730334035,-10.464898869186731],[30.676636535884185,-10.464898059537099],[30.676616435885098,-10.46480275952847],[30.676616241436175,-10.46480161743119],[30.67650996714724,-10.46398321521955],[30.67642989831651,-10.46347561271182],[30.67642981608165,-10.463475010197461],[30.676369916094433,-10.462955410149508],[30.67636986809157,-10.462954920880087],[30.676362768094222,-10.46286722087197],[30.676362778052322,-10.462864802653732],[30.676372078058094,-10.462761502644486],[30.67637236271156,-10.462759687495968],[30.676391862717903,-10.46267308748878],[30.676392784252016,-10.462670353096064],[30.676421584258172,-10.462607253091978],[30.676422491559382,-10.462605573834592],[30.6765532915822,-10.462397873824731],[30.676554230011753,-10.462396552585842],[30.676783951667478,-10.462108155308911],[30.676832933100552,-10.462014184977999],[30.676860523720592,-10.461915856725916],[30.676876797047672,-10.461814049239337],[30.676912729042105,-10.461820442346546],[30.676896329048812,-10.461923042337652],[30.676895985639728,-10.461924607245813],[30.676867785647747,-10.462025107237857],[30.676866716480365,-10.462027804481849],[30.676816416490283,-10.46212430447618],[30.67681489604509,-10.462126639007607],[30.67658480408741,-10.462415501233549],[30.676454946286757,-10.462621705121817],[30.67642714545109,-10.462682615989197],[30.67640816537973,-10.46276690699451],[30.676399056359752,-10.462868085730525],[30.676406038184787,-10.462954325974394],[30.67646587523842,-10.463473379791518],[30.676545927781945,-10.46398087882828],[30.676545984634995,-10.463981274230834],[30.676652210257984,-10.464799301269467],[30.67667210449096,-10.464893625654764],[30.67668923354909,-10.464957149985581],[30.676712771612394,-10.46501369993675],[30.676874879044068,-10.465349600914987],[30.6768754150158,-10.465350843223815],[30.67691012831345,-10.465441816001201],[30.676953034267914,-10.465544590726749],[30.67695342657488,-10.465545632986524],[30.677263626564354,-10.466468632907814],[30.677228899525065,-10.466476058679294],[30.67691887626024,-10.465553584517007]]]]}},{"type":"Feature","properties":{"id":null,"group":null,"name":"Meeu Street","settlement_id":null,"country_id":null,"district_id":null,"status":null,"surface":null,"access":null,"bridge":null,"tunnel":null,"oneway":null,"route_id":null,"alt_name":null,"notes":null},"geometry":{"type":"MultiPolygon","coordinates":[[[[30.67811622005658,-10.46195867653932],[30.678061742163873,-10.461967851767696],[30.678004409485304,-10.461984867879206],[30.6778497296579,-10.462047635075848],[30.677849542547495,-10.462047709788603],[30.677522442561205,-10.462176209809432],[30.677519082407994,-10.462177175549312],[30.677515532300628,-10.46217752130452],[30.677511932165775,-10.462177233447145],[30.677508423901948,-10.462176323322984],[30.677505145786583,-10.46217482680436],[30.67730776840796,-10.462062696483661],[30.676885892108075,-10.461830764527372],[30.676903633982928,-10.461803727060452],[30.677325633942772,-10.462035727076552],[30.67732588032338,-10.462035864776416],[30.677514869963503,-10.4621432300549],[30.67783308971201,-10.462018218658576],[30.6779884964412,-10.461955156519236],[30.677990175852294,-10.461954568685755],[30.678049475853804,-10.461936968689997],[30.678051739968957,-10.461936445116576],[30.67810873996908,-10.461926845121074],[30.678111508739747,-10.461926577095014],[30.67820390873752,-10.46192407710262],[30.678207217354785,-10.461956214483774],[30.67811622005658,-10.46195867653932]]]]}},{"type":"Feature","properties":{"id":null,"group":null,"name":"Engelbrecht Street","settlement_id":null,"country_id":null,"district_id":null,"status":null,"surface":null,"access":null,"bridge":null,"tunnel":null,"oneway":null,"route_id":null,"alt_name":null,"notes":null},"geometry":{"type":"MultiPolygon","coordinates":[[[[30.677431308883737,-10.46523066569852],[30.677442177793637,-10.465184742116952],[30.677592451140825,-10.464243036112432],[30.677745291440168,-10.462944343938638],[30.67782327240885,-10.462030767417856],[30.67785945368082,-10.462035124168198],[30.677781453731136,-10.462948924086234],[30.677781408448944,-10.462949370262631],[30.677628508526315,-10.464248570147696],[30.677628429716947,-10.46424913891649],[30.677478029778396,-10.465191638834893],[30.677477829281923,-10.465192652330684],[30.677466729285445,-10.465239552326826],[30.677466472267696,-10.465240490736408],[30.677413872281782,-10.465409190723397],[30.677378853808303,-10.465398900862144],[30.677431308883737,-10.46523066569852]]]]}},{"type":"Feature","properties":{"id":null,"group":null,"name":"Skulpie Street","settlement_id":null,"country_id":null,"district_id":null,"status":null,"surface":null,"access":null,"bridge":null,"tunnel":null,"oneway":null,"route_id":null,"alt_name":null,"notes":null},"geometry":{"type":"MultiPolygon","coordinates":[[[[30.678807389304264,-10.461406195675226],[30.679544378122802,-10.46144289517974],[30.67954454796943,-10.461474996406896],[30.6788075479422,-10.461438296466838],[30.67880752563162,-10.461438295343704],[30.678265125611492,-10.461410695387828],[30.67826500048077,-10.461378596198829],[30.678807389304264,-10.461406195675226]]]]}},{"type":"Feature","properties":{"id":null,"group":null,"name":"Frolie Street","settlement_id":null,"country_id":null,"district_id":null,"status":null,"surface":null,"access":null,"bridge":null,"tunnel":null,"oneway":null,"route_id":null,"alt_name":null,"notes":null},"geometry":{"type":"MultiPolygon","coordinates":[[[[30.677274053700966,-10.461727541702214],[30.67726324996736,-10.461683189528113],[30.677244828760728,-10.461640848247477],[30.67721236002825,-10.461606092986587],[30.677169119686322,-10.46157219181543],[30.677133675854492,-10.461556303204087],[30.677148450236803,-10.461527788383599],[30.677186150233492,-10.461544688385505],[30.677190311496418,-10.461547193398252],[30.677236611491605,-10.461583493398566],[30.67723874879283,-10.461585450539179],[30.67727424878912,-10.461623450538008],[30.67727606957809,-10.46162575338436],[30.67727744145872,-10.461628273133112],[30.67729754145744,-10.461674473129449],[30.677298387186397,-10.461676979061536],[30.677309787186555,-10.46172377905734],[30.677310162990967,-10.46172613471453],[30.677334863000944,-10.462049134684655],[30.67729866308855,-10.462049356901812],[30.677274053700966,-10.461727541702214]]]]}},{"type":"Feature","properties":{"id":null,"group":null,"name":null,"settlement_id":null,"country_id":null,"district_id":null,"status":null,"surface":null,"access":null,"bridge":null,"tunnel":null,"oneway":null,"route_id":null,"alt_name":null,"notes":null},"geometry":{"type":"MultiPolygon","coordinates":[[[[30.677524491092196,-10.458674526423858],[30.67752678685484,-10.458676965465454],[30.677528540308046,-10.458679720538852],[30.677536240307447,-10.458694920537736],[30.677537146027763,-10.458697091692676],[30.67754344602757,-10.458716091691057],[30.677544193115775,-10.458720153590159],[30.677557969415837,-10.459063762149801],[30.677563023656,-10.459104851241806],[30.67757735582846,-10.459137011238342],[30.67759889788386,-10.459160204027839],[30.677630733476587,-10.459174784559382],[30.67774847042256,-10.45920784565649],[30.677739455669172,-10.459238445930843],[30.677620155660694,-10.459204945938989],[30.67761712486956,-10.459203834809063],[30.677580224866276,-10.459186934810905],[30.67757688363667,-10.459184999855713],[30.67757404154798,-10.45918250269123],[30.67754794154527,-10.459154402690348],[30.677546182380393,-10.459152177153209],[30.677544841719488,-10.459149748013399],[30.677528441718408,-10.459112948010507],[30.6775272293586,-10.459108620352579],[30.67752182935962,-10.459064720348527],[30.677521732961186,-10.45906353802798],[30.677508015463303,-10.458721395551883],[30.677502747907774,-10.458705509272214],[30.677497062992916,-10.458694287102968],[30.67748213499625,-10.45868106516394],[30.677506991094024,-10.45865902642399],[30.677524491092196,-10.458674526423858]]]]}},{"type":"Feature","properties":{"id":null,"group":null,"name":"Mossel Street","settlement_id":null,"country_id":null,"district_id":null,"status":null,"surface":null,"access":null,"bridge":null,"tunnel":null,"oneway":null,"route_id":null,"alt_name":null,"notes":null},"geometry":{"type":"MultiPolygon","coordinates":[[[[30.676129421891915,-10.462761389164578],[30.676201815724536,-10.462812119013327],[30.676384126022064,-10.46285143702139],[30.676377600069838,-10.462882654565773],[30.676191200058188,-10.462842454579452],[30.676187296153838,-10.462841200459087],[30.6761837544345,-10.462839220913194],[30.676103554426334,-10.462783020914621],[30.676100899185446,-10.462780776987367],[30.676098759255822,-10.462778142400598],[30.67609721715325,-10.462775218744186],[30.675930217144,-10.46236071871048],[30.67596430894544,-10.462351572876788],[30.676129421891915,-10.462761389164578]]]]}},{"type":"Feature","properties":{"id":null,"group":null,"name":"Flamink Street","settlement_id":null,"country_id":null,"district_id":null,"status":null,"surface":null,"access":null,"bridge":null,"tunnel":null,"oneway":null,"route_id":null,"alt_name":null,"notes":null},"geometry":{"type":"MultiPolygon","coordinates":[[[[30.675377773893675,-10.467945351103262],[30.675377911350562,-10.467944991480476],[30.67552081138366,-10.467585991455312],[30.67552184043235,-10.467583918620402],[30.67554864043715,-10.46753941861817],[30.675550375032497,-10.467537095352473],[30.675589275037705,-10.467494395351787],[30.675589534554383,-10.467494117535642],[30.675938534599247,-10.467129717531822],[30.675938946980533,-10.46712930303838],[30.676056625190988,-10.467015420912647],[30.676522156123582,-10.466544709715288],[30.676540514351277,-10.466508358603122],[30.676553175146235,-10.466457526467769],[30.676555098514054,-10.466396267295728],[30.676545122659125,-10.466298089041317],[30.676517141666423,-10.466098338564034],[30.676407268533943,-10.46560291055246],[30.676407234640795,-10.465602753735595],[30.67632943464421,-10.465233153702165],[30.67636509144518,-10.46522913788467],[30.67644287493298,-10.465598659392409],[30.676552857559084,-10.466094580989681],[30.676553065127255,-10.466095729158162],[30.67658116513137,-10.46629632913971],[30.676581231254605,-10.466296876382232],[30.676591331257303,-10.466396276373048],[30.676591397917427,-10.46639816888982],[30.676589397920417,-10.466461868884],[30.676588990861717,-10.466464810818206],[30.676575590865816,-10.46651861081382],[30.676574500006456,-10.466521542282875],[30.676554400010488,-10.466561342280462],[30.676551719733528,-10.46656505046038],[30.676084419792016,-10.467037550457144],[30.67608417909662,-10.46703778854678],[30.675966589679504,-10.467151584770235],[30.67561792320384,-10.467515636571962],[30.675580140711972,-10.467557109903092],[30.675554687189617,-10.467599374152856],[30.67541228596799,-10.467957121160879],[30.67528435222763,-10.468306140456768],[30.675249773862586,-10.468294551128697],[30.675377773893675,-10.467945351103262]]]]}},{"type":"Feature","properties":{"id":null,"group":null,"name":null,"settlement_id":null,"country_id":null,"district_id":null,"status":null,"surface":null,"access":null,"bridge":null,"tunnel":null,"oneway":null,"route_id":null,"alt_name":null,"notes":null},"geometry":{"type":"MultiPolygon","coordinates":[[[[30.67763510074967,-10.459278292208406],[30.677633506384016,-10.459277988973348],[30.67759190638134,-10.459268388976366],[30.677589818123465,-10.459267791178359],[30.677547318120144,-10.459253191180998],[30.677542794312476,-10.459250986062415],[30.677502494308445,-10.4592246860634],[30.677499125302077,-10.459221897640651],[30.67746832529884,-10.459189697639733],[30.677466673851697,-10.459187700906002],[30.677465362951022,-10.459185525816142],[30.677446562949612,-10.459148125813387],[30.677445100806782,-10.459143627555537],[30.67743840080753,-10.45910142755166],[30.677438221642216,-10.459099106833836],[30.67743962165638,-10.458771606803767],[30.677439644168587,-10.458770867251223],[30.67744264417127,-10.458717967246455],[30.677443351910103,-10.458714299587374],[30.677449651911694,-10.458695599585955],[30.67745090548556,-10.458692878027458],[30.6774593054871,-10.458678778026744],[30.67746225934483,-10.458675229598084],[30.677481359346956,-10.458658329598236],[30.677507766744544,-10.458681761986721],[30.677490442902148,-10.458697090414384],[30.677483995498168,-10.458707912843977],[30.677478775071446,-10.458723408398962],[30.67747590284861,-10.458774055310219],[30.677474509408267,-10.45910002375792],[30.67748065640929,-10.459138740683532],[30.677497224441623,-10.459171700492673],[30.6775246994706,-10.459200424388674],[30.677561025312464,-10.45922413083469],[30.67760008018904,-10.459237547336818],[30.677639827990742,-10.459246719909887],[30.677728925337625,-10.45926009938554],[30.677725000754453,-10.45929179220145],[30.67763510074967,-10.459278292208406]]]]}},{"type":"Feature","properties":{"id":null,"group":null,"name":"Kreef Street","settlement_id":null,"country_id":null,"district_id":null,"status":null,"surface":null,"access":null,"bridge":null,"tunnel":null,"oneway":null,"route_id":null,"alt_name":null,"notes":null},"geometry":{"type":"MultiPolygon","coordinates":[[[[30.675263138320393,-10.468315800543175],[30.67526206349478,-10.468315501191434],[30.674984363474145,-10.468230101209695],[30.67498222024346,-10.468229310867319],[30.674901120236395,-10.468194210871587],[30.67489769077983,-10.46819231555803],[30.674846690774647,-10.468157215559028],[30.674843472493016,-10.468154427938387],[30.674797272488227,-10.46810412793673],[30.6747945527691,-10.468100205790757],[30.674769052767168,-10.468049305786991],[30.67476776803646,-10.468045708643205],[30.674755068036916,-10.467988408638043],[30.6747547473218,-10.467986130129415],[30.67475134732364,-10.467930030124224],[30.674751482657744,-10.46792703920999],[30.674772982666752,-10.467786639197788],[30.67477342196503,-10.467784703932347],[30.674843821984208,-10.467552603914331],[30.674844294968082,-10.467551286197795],[30.674908594982586,-10.467396886187208],[30.67490945267175,-10.46739516633784],[30.67495575268025,-10.467316166333728],[30.674957104024113,-10.467314237740748],[30.675007404031334,-10.467253437739206],[30.675008173850653,-10.467252576650816],[30.675068573858344,-10.4671899766502],[30.67506916335399,-10.46718939758699],[30.675188427975986,-10.467078330546611],[30.675337292832783,-10.466937963700406],[30.67533861716952,-10.466936845796667],[30.67550901128893,-10.466808154459414],[30.675745207408852,-10.466577619921955],[30.675832066257126,-10.466459452644116],[30.675867083750322,-10.466381292063394],[30.675886606246085,-10.466296533524874],[30.675885231771378,-10.466149562198234],[30.675778099811975,-10.46547342258512],[30.675814026277433,-10.465470869001576],[30.675921326289405,-10.46614806893946],[30.67592150425223,-10.466150191724063],[30.675922904258414,-10.466299891710282],[30.67592254836682,-10.466303170856001],[30.675902348373302,-10.466390870848759],[30.675901482540443,-10.466393449017827],[30.67586528254827,-10.466474249012512],[30.675863744852652,-10.466476883727294],[30.675775244866553,-10.466597283722969],[30.675773626388004,-10.46659914256765],[30.675535826416905,-10.466831242567007],[30.675534308905775,-10.466832545784193],[30.675363806109477,-10.466961319232063],[30.67521553327619,-10.467101127884778],[30.675215462723536,-10.46710119399765],[30.675096466129528,-10.467212011459006],[30.675036755137302,-10.467273897362167],[30.674987580143256,-10.467333337520856],[30.674942362166664,-10.467410491314029],[30.674878700932524,-10.4675633575057],[30.67480879281951,-10.46779383585939],[30.674787670260276,-10.467931771127132],[30.674790909407225,-10.467985217015414],[30.674802947547466,-10.468039530823763],[30.674826514099514,-10.468086571510298],[30.674869623702108,-10.468133506860053],[30.674917226109457,-10.468166268521088],[30.67499545819313,-10.46820012729657],[30.675271529356003,-10.468285026410758],[30.67572308774108,-10.468397891076116],[30.67571523835072,-10.468428800511159],[30.675263138320393,-10.468315800543175]]]]}},{"type":"Feature","properties":{"id":null,"group":null,"name":null,"settlement_id":null,"country_id":null,"district_id":null,"status":null,"surface":null,"access":null,"bridge":null,"tunnel":null,"oneway":null,"route_id":null,"alt_name":null,"notes":null},"geometry":{"type":"MultiPolygon","coordinates":[[[[30.67523322420357,-10.448848951140826],[30.675234916660653,-10.448851916746513],[30.675235921653453,-10.448855087488568],[30.675236198187992,-10.44885833403146],[30.67523573498436,-10.448861523947683],[30.675234550936715,-10.448864527119563],[30.675232694342704,-10.448867221046777],[30.675230240933384,-10.448869495843207],[30.675227290784065,-10.448871258719164],[30.675086846830684,-10.44893708559072],[30.674982372812153,-10.448988574227403],[30.67486564421235,-10.449047438231352],[30.674865562174766,-10.449047479331014],[30.674778562179892,-10.449090779335656],[30.674775183792455,-10.449092054823781],[30.67477153833863,-10.44909266877847],[30.674767782323396,-10.449092594841632],[30.674764076998304,-10.44909183618748],[30.674760581438715,-10.44909042538616],[30.67475744571444,-10.449088423005536],[30.67475480444703,-10.44908591501088],[30.674690304440425,-10.449011215007985],[30.67468983371468,-10.449010646498007],[30.674542721174614,-10.44882526078834],[30.674435810988435,-10.448712443971381],[30.674266200848738,-10.448587509710144],[30.67404746109116,-10.448451493371417],[30.673909880005404,-10.448378807176256],[30.67377148977359,-10.448329269775947],[30.67355464834447,-10.448276328243221],[30.673553743530118,-10.448276085721057],[30.673305643512148,-10.448203585737733],[30.673304190944606,-10.448203102704744],[30.673186790935095,-10.448159202711688],[30.673185909089508,-10.4481588497041],[30.67279430905574,-10.44799154972494],[30.672793208411292,-10.44799104060452],[30.672589408392568,-10.447889340613608],[30.67239490532607,-10.44779223910065],[30.67239320811421,-10.447791287358756],[30.672070008082184,-10.447588887367832],[30.672069125229736,-10.447588301087137],[30.67196592521921,-10.44751570108895],[30.671964566351747,-10.447514652510694],[30.671874666342312,-10.4474386525105],[30.671874045890142,-10.447438104316724],[30.67155414585653,-10.447142704312578],[30.67155288329087,-10.447141419223918],[30.67149458328484,-10.447075919221565],[30.67149441174506,-10.447075723673915],[30.67144081173955,-10.44701372367153],[30.671439632661514,-10.447012199379417],[30.671187432637424,-10.44664599935847],[30.671186795011153,-10.446645000785598],[30.67114259500731,-10.446570100780612],[30.671141950293816,-10.446568897216777],[30.671059450287807,-10.446398097203884],[30.67105851148116,-10.446395657321274],[30.670943211479553,-10.445999157286584],[30.670943007018227,-10.445998377255707],[30.670859529875354,-10.44564115881036],[30.670816125723174,-10.445542593171213],[30.670758893370156,-10.445440427966355],[30.670544381385334,-10.44507557767259],[30.670543344386115,-10.445073485409816],[30.67024234436899,-10.44433588535013],[30.670242009802315,-10.444334988029901],[30.670104509797465,-10.443928387995289],[30.670104021443787,-10.443926587375355],[30.670087921444573,-10.443848287368265],[30.670087754698212,-10.44384731171362],[30.670028785120028,-10.44341493466964],[30.669956002061525,-10.442981322818579],[30.669910287348078,-10.442870106422976],[30.669851035745836,-10.44277590906779],[30.669771854222326,-10.44268418394228],[30.66967761808732,-10.44259935183726],[30.669585973003386,-10.442539373146195],[30.66958570666756,-10.442539195746319],[30.66920950662952,-10.442284195754263],[30.669208138333143,-10.442283178468651],[30.669082738320114,-10.442181078468924],[30.669082161307344,-10.442180589343668],[30.668993661298018,-10.44210248934302],[30.668992359348866,-10.442101222635447],[30.668826759331633,-10.44192342262989],[30.668826243572827,-10.44192284457691],[30.668765243566543,-10.441851444574066],[30.668763745270233,-10.441849411406483],[30.668628245257892,-10.441634111392922],[30.66862658711829,-10.44163062031528],[30.668593087117184,-10.441530020306699],[30.668592499472297,-10.441527615588267],[30.668581799473493,-10.441459815582048],[30.6685816333751,-10.44145700815646],[30.668582020151263,-10.44145424762196],[30.668591020154082,-10.441417347618946],[30.668591852056828,-10.441414927056496],[30.66859311866873,-10.44141267920406],[30.668611218671664,-10.441386379202985],[30.668613372557957,-10.441383890518196],[30.668616072043132,-10.441381865121832],[30.66864287204512,-10.44136576512295],[30.668645176597714,-10.441364605628271],[30.668647672408934,-10.441363776078406],[30.668683272409606,-10.441354676081058],[30.66868623757193,-10.441354160302296],[30.668749937571214,-10.441348060307483],[30.66875332867434,-10.441348021480838],[30.668806328672197,-10.441351821485126],[30.668808108107747,-10.44135202665681],[30.668848308105535,-10.441358426659901],[30.66885113842665,-10.441359081883023],[30.66891613842184,-10.441378981887317],[30.66891900875846,-10.441380099589146],[30.668974008753512,-10.441406399591745],[30.6689758581338,-10.441407404755589],[30.66902885812857,-10.441439904757159],[30.66903001564893,-10.441440671498226],[30.669147965874522,-10.441524921670176],[30.669225735110302,-10.441575491319457],[30.669292450684292,-10.4416076888416],[30.669360198793072,-10.441630784793858],[30.669434445440306,-10.441644345392564],[30.66950274985451,-10.441647147135145],[30.669579482482934,-10.441643154707652],[30.669682348331953,-10.441626059251826],[30.66983515143113,-10.441577899532469],[30.669993879591907,-10.44152535642829],[30.670146733995033,-10.441473871798442],[30.670147833027166,-10.441473539047795],[30.67020013302821,-10.441459439051636],[30.670202095559183,-10.441459019109978],[30.67035499555927,-10.441434519122097],[30.67035608872844,-10.441434375253044],[30.670729588724807,-10.441395775283357],[30.670731410776547,-10.441395670494838],[30.67102511076885,-10.441392070518965],[30.671025672622847,-10.441392071377232],[30.671293872614502,-10.441396171399221],[30.67129618757063,-10.441396337625248],[30.67145108756293,-10.441416237637421],[30.67145516410998,-10.44141718449963],[30.67160266409851,-10.44146748450885],[30.671606284318788,-10.441469123303403],[30.671777984302203,-10.441568023309376],[30.67178172896326,-10.441570821095226],[30.67190512895028,-10.441689021093051],[30.67190667932199,-10.441690703867362],[30.672023279310185,-10.441834603860952],[30.672025033677055,-10.441837226045001],[30.672092133671597,-10.441961226036197],[30.672093071793007,-10.441963295347593],[30.672144071790665,-10.442101295336116],[30.67214475663544,-10.442103769584714],[30.6721755566376,-10.442268769569667],[30.67217579402349,-10.44227195058432],[30.672159694044208,-10.442703650545003],[30.672159628177436,-10.442704583338491],[30.672123515221447,-10.443051247910427],[30.672124792840346,-10.443133998074565],[30.672144637741464,-10.443331661103416],[30.672334899055834,-10.443690448077776],[30.67233526592468,-10.44369118422019],[30.672411765919332,-10.44385498420761],[30.672411795562656,-10.443855048043243],[30.67245339555977,-10.44394514803628],[30.67245435025061,-10.443947832422054],[30.67247575025078,-10.444032032414558],[30.672475963918274,-10.444033008577744],[30.672549763923673,-10.44443430854118],[30.6725499070936,-10.44443526202823],[30.672596684416714,-10.444836609365725],[30.672643836137585,-10.445013923592832],[30.672680206368867,-10.445114262059148],[30.672716860855566,-10.44518844840094],[30.672828007736147,-10.44534776551674],[30.67312873075354,-10.445668317540997],[30.673272632529542,-10.44581261877813],[30.673273534589587,-10.445813591454286],[30.673315834585235,-10.44586269145236],[30.67331661818018,-10.44586366862204],[30.673346718177218,-10.445904068619956],[30.673348207926907,-10.445906457004707],[30.673465607917798,-10.44613575698791],[30.673466398679707,-10.44613756849508],[30.673501298678143,-10.446233468487055],[30.67350170705576,-10.446234766235474],[30.673590181909827,-10.446566971788812],[30.673650302084543,-10.446781530009408],[30.67378000997437,-10.447139647397156],[30.67385849832729,-10.447314881822287],[30.67395770390837,-10.447482806386915],[30.674018856430585,-10.447574981180576],[30.674108559991208,-10.447693100776075],[30.674320425212663,-10.447918679616814],[30.67453284916156,-10.448100515330918],[30.674533037452893,-10.44810067866247],[30.674877737416722,-10.448403678660117],[30.674879268329676,-10.44840518943018],[30.674967724162357,-10.448503340428779],[30.675052179596538,-10.448595691702954],[30.67505352422098,-10.448597351154566],[30.67523322420357,-10.448848951140826]],[[30.67519245324055,-10.448850311226066],[30.675023818640827,-10.448614203985553],[30.67494004648465,-10.448522599881844],[30.674939957769485,-10.448522502161083],[30.674852173612187,-10.448425096471082],[30.674508382172487,-10.448122895145463],[30.674295276906438,-10.44794047625625],[30.674293811009516,-10.447939077451515],[30.67408061098731,-10.447712077444603],[30.674079404290392,-10.447710651036687],[30.673988804281397,-10.44759135103072],[30.673988166417434,-10.44759045333355],[30.673926466411682,-10.447497453327994],[30.67392599904762,-10.447496707504865],[30.67382609903888,-10.44732760749361],[30.673825254520676,-10.447325976462167],[30.673746154515452,-10.447149376448358],[30.67374571927283,-10.447148300721512],[30.67361561926716,-10.446789100691417],[30.67361527057868,-10.446788014029575],[30.673554970578188,-10.446572814010654],[30.67355491903363,-10.446572625380908],[30.673466593405198,-10.446240980087534],[30.67343226342452,-10.446146646412368],[30.673315954621074,-10.445919477686838],[30.67328708052956,-10.445880723093783],[30.673245622645652,-10.4458326005886],[30.673101993545462,-10.445688572806356],[30.673101604041484,-10.445688170139112],[30.672799804010037,-10.445366470129294],[30.672798191915398,-10.445364484802116],[30.672685591904592,-10.445203084793041],[30.67268431380099,-10.44520092712273],[30.672646713798176,-10.445124827117022],[30.672646020683782,-10.445123204544728],[30.672609120682157,-10.445021404536188],[30.672608717638216,-10.445020120011076],[30.672561117638242,-10.444841119995239],[30.67256071898605,-10.444839029595467],[30.672513874679186,-10.444437107328682],[30.672440252296322,-10.444036773086433],[30.672419324483652,-10.44395443093886],[30.672378345274645,-10.443865675485997],[30.67230203367359,-10.443702278881123],[30.672110527018347,-10.443341143483782],[30.672109376790733,-10.443338375557817],[30.67210879408724,-10.443335499562869],[30.672088594092628,-10.443134299544287],[30.672088523898772,-10.443133087911924],[30.67208722390214,-10.4430488879042],[30.672087297892237,-10.44304720827845],[30.672123449501164,-10.442700172958657],[30.672139472713734,-10.442270532356725],[30.672109203733427,-10.442108377077355],[30.672059045572407,-10.44197265498914],[30.671993236987188,-10.441851041510159],[30.671878362486307,-10.441709271014348],[30.671757475358675,-10.441593478007004],[30.671589562019907,-10.441496759156406],[30.671445952824328,-10.441447785999522],[30.671294294498598,-10.44142830247009],[30.671027534654357,-10.441424224507784],[30.670735032155193,-10.441427809853502],[30.67036298747832,-10.44146625948049],[30.67021162861781,-10.441490512547311],[30.670160849820952,-10.441504202437297],[30.670008492102202,-10.441555519797522],[30.670008400788667,-10.441555550288959],[30.669849500793653,-10.441608150299896],[30.669849247710854,-10.441608232064617],[30.66969504771529,-10.441656832075449],[30.669692442419887,-10.441657454256658],[30.669587142420024,-10.441674954264967],[30.669584919336394,-10.441675195375],[30.6695061193349,-10.44167929538146],[30.669504226507023,-10.441679305495008],[30.669433526504516,-10.441676405500777],[30.66943064972941,-10.441676084847336],[30.669353449724962,-10.441661984853164],[30.66935046393881,-10.441661207921113],[30.66928006393335,-10.441637207925524],[30.66927775098369,-10.441636260089899],[30.66920875097741,-10.441602960093116],[30.669206522140204,-10.441601705252802],[30.6691273221323,-10.441550205254767],[30.669126610453787,-10.441549720087785],[30.6690088737728,-10.441465622469442],[30.668957362776286,-10.441434035542358],[30.668904706275143,-10.441408856165747],[30.66884258014256,-10.441389836016793],[30.66880470466061,-10.441383806092544],[30.668754304754575,-10.44138019251863],[30.668693803439254,-10.441385986213007],[30.668662246213763,-10.44139405280961],[30.668640631963243,-10.441407037491807],[30.668625894218156,-10.44142845200813],[30.668618173432026,-10.44146010723828],[30.668628234615557,-10.44152385939378],[30.668660733330913,-10.441621452547079],[30.668794513035273,-10.441834019122098],[30.668854431566697,-10.441904153275784],[30.669019150811987,-10.442081007648296],[30.6691066818102,-10.442158252525003],[30.66923112914217,-10.442259576879103],[30.669606487078255,-10.442514006134415],[30.669699253078054,-10.44257471844395],[30.669701604005954,-10.442576526382204],[30.669797803995852,-10.44266312638128],[30.66979942268888,-10.442664777409819],[30.669880222680554,-10.442758377406172],[30.669881783079987,-10.442760483823507],[30.669942483074458,-10.442856983817416],[30.669943766445613,-10.442859468984622],[30.66999066644293,-10.442973568975425],[30.669991603608363,-10.442976834420104],[30.67006470361536,-10.44341233438025],[30.670064771382062,-10.443412779912814],[30.670123704673596,-10.44384489069494],[30.670139517625966,-10.44392179467107],[30.67027656337712,-10.444327051392161],[30.67057694350095,-10.445063132376838],[30.670790944685567,-10.44542711389061],[30.67079111737287,-10.445427414735931],[30.670848817368007,-10.445530414728815],[30.670849512307655,-10.445531806798884],[30.6708938123048,-10.445632406790958],[30.67089471906929,-10.44563511436335],[30.670978427543393,-10.445993322665926],[30.671093251979798,-10.446388187250035],[30.671174880233085,-10.446557182468164],[30.671218431246736,-10.446630982716725],[30.671469750138968,-10.446995903344057],[30.67152262936315,-10.447057069614289],[30.671580246970322,-10.447121802951372],[30.671899176797822,-10.447416307106497],[30.671988106927003,-10.44749148720138],[30.672090168440096,-10.447563286298017],[30.672412095626044,-10.447764889243647],[30.67260571923069,-10.44786155173871],[30.672808975858917,-10.447962980604874],[30.673199580587983,-10.448129855438609],[30.673315818475007,-10.448173320894094],[30.673562732965667,-10.448245474485182],[30.67378017773293,-10.44829856335956],[30.673782260303497,-10.448299188352124],[30.673923060292303,-10.448349588360701],[30.67392573745292,-10.448350766661429],[30.674065237439837,-10.448424466667134],[30.67406646424403,-10.44842517083813],[30.67428646422225,-10.448561970844453],[30.674287747101467,-10.448562839938301],[30.67445934708383,-10.448689239940533],[30.67446185916908,-10.448691454893785],[30.674570459157746,-10.448806054890412],[30.674571492390026,-10.44880724509842],[30.674718863560873,-10.448992956747206],[30.67477304302405,-10.449055704138516],[30.674846322830252,-10.44901923270328],[30.67496308188677,-10.44896035336001],[30.67496322508921,-10.44896028196758],[30.675067925095323,-10.448908681973228],[30.675068235300408,-10.448908532858189],[30.67519245324055,-10.448850311226066]]]]}},{"type":"Feature","properties":{"id":null,"group":null,"name":"Kamp Street","settlement_id":null,"country_id":null,"district_id":null,"status":null,"surface":null,"access":null,"bridge":null,"tunnel":null,"oneway":null,"route_id":null,"alt_name":null,"notes":null},"geometry":{"type":"MultiPolygon","coordinates":[[[[30.676930744368732,-10.461343612479936],[30.676929065026936,-10.461341545871022],[30.676913665025474,-10.461319345869738],[30.676911746530667,-10.461315675982492],[30.676899046530092,-10.46128117597963],[30.676898131397465,-10.461276599952075],[30.676896731398845,-10.461239199948624],[30.676896729433597,-10.461238190959946],[30.676897729435026,-10.461208490957228],[30.676897996516058,-10.461206198350965],[30.676904096518186,-10.461175898348424],[30.676904441521742,-10.46117454127762],[30.676916441524977,-10.461135641274616],[30.676917471081158,-10.461133170604155],[30.67699712711007,-10.460983740705238],[30.67719419523329,-10.460572316088895],[30.67719425536068,-10.460572192111867],[30.67740153377821,-10.460150047106513],[30.677662676013984,-10.459441389455957],[30.67770931832372,-10.45927126465854],[30.677709493053555,-10.459270678156525],[30.677726307268994,-10.459218455190681],[30.6778092533172,-10.458855329261526],[30.677843135274458,-10.458698113021873],[30.67784329843255,-10.458697438115804],[30.67790119844949,-10.458481638098501],[30.677901407085837,-10.458480934961889],[30.677955907100067,-10.458313534949157],[30.677957302839257,-10.458310517071036],[30.677983502843876,-10.45826781706891],[30.677984211142284,-10.458266768180366],[30.67801841114762,-10.458220568178755],[30.678019390660438,-10.45821937907567],[30.678179290681776,-10.458044379072925],[30.678208035409394,-10.458065512512071],[30.67804865834906,-10.45823994020882],[30.67801529314084,-10.458285012513121],[30.677990303556182,-10.458325739818234],[30.67793643260924,-10.458491207678136],[30.677878717653602,-10.458706318042186],[30.6778448908268,-10.458863278550734],[30.677844853689724,-10.458863445866122],[30.67776175371661,-10.459227245835999],[30.67776143303208,-10.459228413433035],[30.67774452686474,-10.459280922009368],[30.6776978077798,-10.459451326913475],[30.67769744351693,-10.459452462660375],[30.677435843580316,-10.460162362608811],[30.677435270687383,-10.460163699499459],[30.677227701102215,-10.46058643761628],[30.677030530898016,-10.460998075470549],[30.677030254993884,-10.460998620989685],[30.676951089695507,-10.461147130345958],[30.67693969124766,-10.461184080321829],[30.67693395759866,-10.461212560585556],[30.676933013610576,-10.461240597072091],[30.67693430759848,-10.461275165006517],[30.676945470318138,-10.461305488928662],[30.676958907691052,-10.461324859687632],[30.67715468170077,-10.461532179101749],[30.67712744438927,-10.461551912486149],[30.676930744368732,-10.461343612479936]]]]}},{"type":"Feature","properties":{"id":null,"group":null,"name":null,"settlement_id":null,"country_id":null,"district_id":null,"status":null,"surface":null,"access":null,"bridge":null,"tunnel":null,"oneway":null,"route_id":null,"alt_name":null,"notes":null},"geometry":{"type":"MultiPolygon","coordinates":[[[[30.677483128651513,-10.458556525668468],[30.67748452354955,-10.45847372872804],[30.67748454176979,-10.458473210991846],[30.677489233499106,-10.458385665392683],[30.677491919982746,-10.45830069302686],[30.6774905231712,-10.45810054866104],[30.677484529113936,-10.457916530868454],[30.677484521728974,-10.457915998892718],[30.677485119304965,-10.457792500878627],[30.677477176672063,-10.45767167350337],[30.677463820075314,-10.457558042718992],[30.677463738159894,-10.45755705436464],[30.677452357692,-10.45732115904522],[30.67743760016034,-10.457180563590954],[30.677437572864715,-10.457180275887472],[30.67742737389383,-10.457059987971942],[30.67740677494733,-10.45682180005115],[30.677406766550398,-10.456821698801082],[30.67739337303397,-10.456652980395553],[30.67738411364496,-10.456551028579641],[30.677376820128103,-10.456526630027902],[30.677361934713826,-10.456504260787563],[30.677340074535202,-10.456488834927457],[30.677320961365215,-10.456480787278643],[30.677296278571745,-10.456475104300884],[30.677259079394783,-10.456476409538178],[30.677255446697608,-10.456444282048176],[30.677295346696692,-10.45644288205145],[30.677298037782638,-10.456442965186795],[30.677300709607255,-10.456443400206602],[30.67732980960537,-10.456450100208718],[30.67733321765175,-10.456451200277643],[30.677356017649792,-10.456460800278867],[30.67735982441676,-10.456462907698592],[30.677386324414066,-10.456481607699061],[30.67738893615166,-10.456483823974445],[30.67739104699956,-10.456486419362548],[30.67740914699788,-10.456513619360917],[30.677411182832174,-10.456517925854747],[30.677419582831998,-10.456546025852301],[30.67742014564168,-10.456548929602787],[30.67742954564464,-10.456652429593223],[30.67742955953394,-10.456652592801007],[30.677442955519997,-10.456821342158193],[30.677463551149053,-10.45705949151332],[30.677463553221184,-10.457059515710135],[30.67747374102516,-10.457179671817297],[30.67748852593279,-10.457320527982557],[30.677488587921292,-10.457321337243593],[30.677499964078738,-10.457557142852886],[30.67751330601686,-10.45767064885708],[30.677513373711136,-10.457671387655594],[30.67752137371508,-10.457793087644342],[30.677521404355183,-10.457794092704914],[30.677520805646367,-10.457917826919946],[30.67752679698247,-10.458101760700895],[30.677526804188624,-10.45810212497034],[30.67752820419694,-10.458302724951889],[30.677528197477482,-10.45830327149736],[30.67752549748154,-10.458388671489566],[30.677525484315392,-10.458388980602235],[30.67752079817221,-10.458476422112232],[30.677519402543748,-10.458559262850565],[30.67751937937298,-10.458559867898748],[30.677512679378708,-10.458671867888608],[30.677476446710884,-10.458668223697483],[30.677483128651513,-10.458556525668468]]]]}},{"type":"Feature","properties":{"id":null,"group":null,"name":null,"settlement_id":null,"country_id":null,"district_id":null,"status":null,"surface":null,"access":null,"bridge":null,"tunnel":null,"oneway":null,"route_id":null,"alt_name":null,"notes":null},"geometry":{"type":"MultiPolygon","coordinates":[[[[30.677209357373243,-10.456483951750837],[30.677194907218045,-10.45649128798469],[30.677177096453534,-10.456509351984996],[30.677164467297413,-10.45653237108848],[30.677155754388334,-10.456555729103997],[30.677150243718707,-10.456580159745185],[30.67714120471111,-10.456812293679523],[30.677141903636524,-10.457636788564663],[30.677150308505702,-10.45769494638163],[30.677166728636934,-10.457751537186027],[30.67721222640346,-10.45788693294401],[30.677212555147346,-10.457888050404579],[30.677242755147645,-10.458007450393938],[30.677243095680296,-10.458009263022136],[30.677260495683544,-10.458150063009155],[30.677260603628955,-10.458151663562845],[30.67726530364596,-10.458567563524575],[30.677265296871067,-10.458568190620099],[30.677238596909515,-10.459378090546235],[30.677202329180073,-10.459375201039945],[30.677229018894675,-10.4585656140814],[30.67722433150201,-10.45815082825698],[30.677207143083308,-10.458011740324674],[30.677177313265535,-10.457893803880397],[30.67713189968438,-10.457758658631551],[30.67713170843009,-10.457758047592227],[30.67711490842985,-10.457700147587147],[30.67711447028038,-10.457698125936394],[30.677105770281575,-10.45763792593086],[30.677105621580917,-10.457635879649107],[30.677104921615964,-10.456810079573248],[30.67710493231596,-10.456809517008903],[30.67711403232723,-10.45657581698763],[30.677114364119614,-10.456573282754771],[30.67712036412156,-10.456546682752569],[30.67712090200885,-10.456544876977032],[30.677130302011104,-10.456519676975207],[30.677131153090897,-10.456517819542235],[30.677145253093595,-10.456492119540801],[30.67714769049495,-10.456488857971857],[30.67716879049758,-10.456467457971709],[30.67717076771199,-10.456465760993543],[30.677173038954688,-10.456464374943872],[30.677192538955865,-10.456454474944886],[30.67719527104767,-10.456453362050212],[30.67719820484451,-10.456452687176146],[30.677253204844465,-10.456444487180539],[30.677261321247972,-10.456476204405451],[30.677209357373243,-10.456483951750837]]]]}},{"type":"Feature","properties":{"id":null,"group":null,"name":"Upington Street","settlement_id":null,"country_id":null,"district_id":null,"status":null,"surface":null,"access":null,"bridge":null,"tunnel":null,"oneway":null,"route_id":null,"alt_name":null,"notes":null},"geometry":{"type":"MultiPolygon","coordinates":[[[[30.677540352535207,-10.465772159584285],[30.677537151687098,-10.465770230846209],[30.67750225168352,-10.465744430846662],[30.677500224022985,-10.465742701679826],[30.67749849437556,-10.465740737625634],[30.67747499437319,-10.46570973762408],[30.677473497637614,-10.465707387919736],[30.677472439504736,-10.465704876282787],[30.677426839503458,-10.465563376270628],[30.677426777435855,-10.465563179132552],[30.677378925060953,-10.465407534028794],[30.67729009464761,-10.46513894441759],[30.677265313673587,-10.465065900494526],[30.677265247944835,-10.465065702356846],[30.677159662215352,-10.464740046352944],[30.677150676762665,-10.464712890316655],[30.677150278578242,-10.464711455393314],[30.677144878578403,-10.464687455391152],[30.67714454788519,-10.464685137341815],[30.677141566805894,-10.464636346980695],[30.677125799151455,-10.464485456461102],[30.67712578257363,-10.464485288327928],[30.677094282583255,-10.46414548829652],[30.677094247163172,-10.464145025094423],[30.677053347185808,-10.463466025031641],[30.677053321338825,-10.463465184954146],[30.677052621362588,-10.46290428490263],[30.677052817037957,-10.462901927289613],[30.677068917044277,-10.462806627281424],[30.67706901602179,-10.462806102761752],[30.677084516027104,-10.462731802755496],[30.677085274588965,-10.46272933616064],[30.677109374594412,-10.462670836156606],[30.677110389567847,-10.462668838231274],[30.677148589574664,-10.462606338228177],[30.677148838966296,-10.462605944598248],[30.67721453897744,-10.462505844593775],[30.67721512997998,-10.462505009452883],[30.67731302999497,-10.46237640944863],[30.677313411070923,-10.462375929750038],[30.67749941109772,-10.462151429744333],[30.677529114993348,-10.462171461840686],[30.677343310874242,-10.462395725440658],[30.677245907081247,-10.46252367364565],[30.677180615140553,-10.462623151942383],[30.677143125211856,-10.462684490183909],[30.677119945806215,-10.462740755554911],[30.67710476456973,-10.462813527567212],[30.67708890620924,-10.462907397267616],[30.677089604225714,-10.463466686963326],[30.677130464973406,-10.464145034867775],[30.677161935721504,-10.464484519180974],[30.677177726942013,-10.464635635111478],[30.677177778202676,-10.464636254249166],[30.67718070705095,-10.464684189707167],[30.6771856847226,-10.464706312689344],[30.67719444932646,-10.464732801268124],[30.677194478147637,-10.464732889258226],[30.677300045976228,-10.465058490014863],[30.677324812414927,-10.465131491086362],[30.677324850021677,-10.465131603348242],[30.677413750018825,-10.465400403325258],[30.67741384865458,-10.465400712468034],[30.677461718307264,-10.465556413750255],[30.67750645073181,-10.465695221601791],[30.677526652782966,-10.465721871117282],[30.67755787758985,-10.465744954214962],[30.677707673542233,-10.465817232010526],[30.677691852548953,-10.46584525957721],[30.677540352535207,-10.465772159584285]]]]}},{"type":"Feature","properties":{"id":null,"group":null,"name":null,"settlement_id":null,"country_id":null,"district_id":null,"status":null,"surface":null,"access":null,"bridge":null,"tunnel":null,"oneway":null,"route_id":null,"alt_name":null,"notes":null},"geometry":{"type":"MultiPolygon","coordinates":[[[[30.665897183620995,-10.428021768521793],[30.665897405579216,-10.428021769969819],[30.666440621817575,-10.42802826542586],[30.66675943917778,-10.428020075281575],[30.666759665312497,-10.428020070733009],[30.666924665308237,-10.42801767074655],[30.66692546945641,-10.428017674912363],[30.667066269451855,-10.428021174923876],[30.66706803690552,-10.428021295090687],[30.667362992446346,-10.428054090172381],[30.668215747948754,-10.428145185490946],[30.668215886302683,-10.428145200739934],[30.66912248625978,-10.428248200811788],[30.66912003983234,-10.428280090775083],[30.668213508949563,-10.428177098704337],[30.66736077810396,-10.428086006163712],[30.66736068920045,-10.428085996472745],[30.66706657222318,-10.428053294678001],[30.666927059200784,-10.42804982668112],[30.666762573906375,-10.428052219207947],[30.666443486906964,-10.428060416331055],[30.666442720529584,-10.428060421572134],[30.665899231528527,-10.428053922944148],[30.66534724245557,-10.428053323109994],[30.665345083636698,-10.428021168476485],[30.665897183620995,-10.428021768521793]]]]}},{"type":"Feature","properties":{"id":null,"group":null,"name":null,"settlement_id":null,"country_id":null,"district_id":null,"status":null,"surface":null,"access":null,"bridge":null,"tunnel":null,"oneway":null,"route_id":null,"alt_name":null,"notes":null},"geometry":{"type":"MultiPolygon","coordinates":[[[[30.66620683705763,-10.432185341352888],[30.666246023233022,-10.432554910844328],[30.66624597808162,-10.432558298834861],[30.666238578084997,-10.432613298830036],[30.66623823951011,-10.432615003409937],[30.66622353951446,-10.432670603405459],[30.66622223204662,-10.432673843537264],[30.666199432050952,-10.432714843535004],[30.666199063408808,-10.432715468682192],[30.666170663413787,-10.432760968679993],[30.666169380882693,-10.43276271935775],[30.66612798088854,-10.432811319356649],[30.666126715176592,-10.43281263614603],[30.666092515180534,-10.43284423614616],[30.66609218504686,-10.432844532634377],[30.666055985050875,-10.432876132634718],[30.666054810057133,-10.432877064849254],[30.665755110084458,-10.433092964857753],[30.66575404486308,-10.433093671308928],[30.66570574548828,-10.433123105287889],[30.66556660686349,-10.43322489461749],[30.665542519228204,-10.43319959696756],[30.665682219241177,-10.43309739697131],[30.665683381225143,-10.43309662027415],[30.665731732290634,-10.433067154802794],[30.66603030328157,-10.432852068154263],[30.666065773603282,-10.432821105114824],[30.666099134556166,-10.432790280378322],[30.666139235067856,-10.432743205870098],[30.66616687014924,-10.432698931361807],[30.66618863463606,-10.432659793473524],[30.666202664160544,-10.432606729433978],[30.66620972184827,-10.432554273664893],[30.66617070286601,-10.432186280708073],[30.666170677580876,-10.432186019705922],[30.666102577603287,-10.431409719634177],[30.666138748486176,-10.43140917195231],[30.66620683705763,-10.432185341352888]]]]}},{"type":"Feature","properties":{"id":null,"group":null,"name":"Beach Road","settlement_id":null,"country_id":null,"district_id":null,"status":null,"surface":null,"access":null,"bridge":null,"tunnel":null,"oneway":null,"route_id":null,"alt_name":null,"notes":null},"geometry":{"type":"MultiPolygon","coordinates":[[[[30.66568103218427,-10.432870437682462],[30.665680840900624,-10.432869304851957],[30.66558424091737,-10.432119304782873],[30.66558419193051,-10.432118873761812],[30.665519491948363,-10.431462173701153],[30.665519484860184,-10.431462099811146],[30.665413384891963,-10.430325299706105],[30.665413366597022,-10.43032508662454],[30.66537187411761,-10.429795782312063],[30.665222082951086,-10.428163977881162],[30.665222051683905,-10.428161766669293],[30.6652241516856,-10.428128966666339],[30.665224839213934,-10.428125442842633],[30.665235539216674,-10.428093342840219],[30.665236594778634,-10.428090947256077],[30.665238088023912,-10.428088760202908],[30.66526898802837,-10.428051260201906],[30.665270919695057,-10.428049305595666],[30.665273211115856,-10.428047682861495],[30.665275798601794,-10.428046437102452],[30.665327736351927,-10.428026428983632],[30.66531402867124,-10.427545875236158],[30.665314023574293,-10.427545609782154],[30.665305923607857,-10.426724809706664],[30.665305929296277,-10.426724244339475],[30.665320717192206,-10.426231947980192],[30.665273128173713,-10.424465552769963],[30.66527312739019,-10.424465522480727],[30.66524352743629,-10.42327192237073],[30.665243525180284,-10.42327181506843],[30.665232825204946,-10.422651615011322],[30.665232823089408,-10.422651369895458],[30.665232823133152,-10.421619369800691],[30.6652691029564,-10.42162132178558],[30.665269102999453,-10.422653199182507],[30.665279799983562,-10.42327322287379],[30.66530939832369,-10.424466753961626],[30.665356997983466,-10.426233538653523],[30.665356996770203,-10.426234347291667],[30.66534220527347,-10.426726764910882],[30.665350301205315,-10.427547149125266],[30.66536429743694,-10.428037816304947],[30.665364059944523,-10.428040828407498],[30.665363183509008,-10.428043712605993],[30.66536169942032,-10.42804636593072],[30.66535966066238,-10.42804869365446],[30.665357140021484,-10.428050612674403],[30.665354227487878,-10.428052054478952],[30.665296082881802,-10.428074453689385],[30.665269553119117,-10.42810665000746],[30.66526025860751,-10.428134533547706],[30.66525834495535,-10.428164422995087],[30.665408043184375,-10.42979521355456],[30.66540805947639,-10.429795405010875],[30.665449551139474,-10.430324698410125],[30.66555563778078,-10.431461354828828],[30.665620312913997,-10.432117802198475],[30.66571681200208,-10.43286701853388],[30.66576099390707,-10.43307825388518],[30.665725332182326,-10.433082237701631],[30.66568103218427,-10.432870437682462]]]]}},{"type":"Feature","properties":{"id":null,"group":null,"name":"Commercial Street","settlement_id":null,"country_id":null,"district_id":null,"status":null,"surface":null,"access":null,"bridge":null,"tunnel":null,"oneway":null,"route_id":null,"alt_name":null,"notes":null},"geometry":{"type":"MultiPolygon","coordinates":[[[[30.667223042714138,-10.42959796291801],[30.667227383431047,-10.42959588979971],[30.667293083432995,-10.429574789804283],[30.66729445934654,-10.429574405177085],[30.6673776593478,-10.429554505183342],[30.667379227942906,-10.429554198230392],[30.66769172794269,-10.429506298255266],[30.66769255581247,-10.429506189277248],[30.668329555807055,-10.429435989328848],[30.66833031602337,-10.429435920265279],[30.668767060352984,-10.429404638612812],[30.669252305819654,-10.429357363449776],[30.669258420272726,-10.429389328136384],[30.66877292026744,-10.429436628175846],[30.66877241007579,-10.429436671285222],[30.668335791497324,-10.429467944001225],[30.667699586238662,-10.429538056468417],[30.667388292394456,-10.42958577161355],[30.667306565218176,-10.429605319346054],[30.667243896791057,-10.429625445740703],[30.667173483383767,-10.429672128669594],[30.667150642708084,-10.429645962915474],[30.667223042714138,-10.42959796291801]]]]}},{"type":"Feature","properties":{"id":null,"group":null,"name":"2nd Street","settlement_id":null,"country_id":null,"district_id":null,"status":null,"surface":null,"access":null,"bridge":null,"tunnel":null,"oneway":null,"route_id":null,"alt_name":null,"notes":null},"geometry":{"type":"MultiPolygon","coordinates":[[[[30.66613176025679,-10.426652184130056],[30.666131911386813,-10.426652190588463],[30.666334411379434,-10.426661590604947],[30.66633481991157,-10.42666161363867],[30.66668601989766,-10.426684913667081],[30.666686330332855,-10.426684936613835],[30.66718943031168,-10.426725936654318],[30.6671900449932,-10.42672599598637],[30.66773577782578,-10.426786888538055],[30.66839281627194,-10.426855871631858],[30.668954621844094,-10.426909662637993],[30.668952904248087,-10.426941628948803],[30.668391004223107,-10.426887828993742],[30.668390815469174,-10.426887810049013],[30.667733615438983,-10.426818810101322],[30.667733481124575,-10.426818795557184],[30.66718798818797,-10.426757929865389],[30.666685350946715,-10.426716967619889],[30.66633451044001,-10.426693691499413],[30.666132290274536,-10.42668430450605],[30.66586346582606,-10.426673807478483],[30.665862860266188,-10.426641684108137],[30.66613176025679,-10.426652184130056]]]]}},{"type":"Feature","properties":{"id":null,"group":null,"name":"Market Street","settlement_id":null,"country_id":null,"district_id":null,"status":null,"surface":null,"access":null,"bridge":null,"tunnel":null,"oneway":null,"route_id":null,"alt_name":null,"notes":null},"geometry":{"type":"MultiPolygon","coordinates":[[[[30.668302657221993,-10.429194635912374],[30.668196598026686,-10.428161632960613],[30.668196530330672,-10.428160630697914],[30.668192630335167,-10.42804033068683],[30.66819265281369,-10.428038949160646],[30.66820205282116,-10.427894949147648],[30.668202215369547,-10.427893548141096],[30.668373915437265,-10.426868548052774],[30.668409810652527,-10.426875143533094],[30.668238227209514,-10.427899448014507],[30.66822891822044,-10.428042053905362],[30.668232779512817,-10.428161159770779],[30.6683388280901,-10.42919405853049],[30.668338887541246,-10.429194852927795],[30.668350987550323,-10.429452252904031],[30.668314738539188,-10.429451638682373],[30.668302657221993,-10.429194635912374]]]]}},{"type":"Feature","properties":{"id":null,"group":null,"name":"Saltpan Road","settlement_id":null,"country_id":null,"district_id":null,"status":null,"surface":null,"access":null,"bridge":null,"tunnel":null,"oneway":null,"route_id":null,"alt_name":null,"notes":null},"geometry":{"type":"MultiPolygon","coordinates":[[[[30.668636174413617,-10.42362464936636],[30.668635904085985,-10.423625832922632],[30.668347804168974,-10.424674432838989],[30.668347742796026,-10.424674649364478],[30.66801789300169,-10.425803577754156],[30.667752338769777,-10.426807404963961],[30.66775220519362,-10.426807876246285],[30.66763152773539,-10.42720680180648],[30.667379470810666,-10.428074853634438],[30.6671931892419,-10.428743728521987],[30.66709804202709,-10.429170694268542],[30.66708764968839,-10.42926927307214],[30.667080996066982,-10.429360858262347],[30.667100174175122,-10.429467554721686],[30.667133435728804,-10.429565187159792],[30.66717850497079,-10.429653151249532],[30.667145621118713,-10.42966494033794],[30.66710002111519,-10.42957594033143],[30.66709912164419,-10.429573822138325],[30.667065121642946,-10.429474022129835],[30.667064552200003,-10.4294718257683],[30.66704485220151,-10.429362225758297],[30.66704465985863,-10.429358646157173],[30.667051459863547,-10.42926504614875],[30.667051500303167,-10.429264591786142],[30.66706200030894,-10.42916499177726],[30.66706225749182,-10.42916341906008],[30.667157657523074,-10.4287353190245],[30.667157834705744,-10.428734611684982],[30.667344234759007,-10.42806531163179],[30.66734427660955,-10.428065164491382],[30.66759637667982,-10.427196964423105],[30.66759642086359,-10.42719681537032],[30.667717049955076,-10.426798049849525],[30.667982587398487,-10.425794286540897],[30.6679826832024,-10.425793942309765],[30.668312551730864,-10.424664950245257],[30.668600461044083,-10.423617044498162],[30.668623351684772,-10.423491942208734],[30.668659174405057,-10.423498949377086],[30.668636174413617,-10.42362464936636]]]]}},{"type":"Feature","properties":{"id":null,"group":null,"name":"3rd Street","settlement_id":null,"country_id":null,"district_id":null,"status":null,"surface":null,"access":null,"bridge":null,"tunnel":null,"oneway":null,"route_id":null,"alt_name":null,"notes":null},"geometry":{"type":"MultiPolygon","coordinates":[[[[30.66632270928099,-10.425650568601398],[30.666323615425178,-10.425650586367011],[30.66710951539732,-10.425683386431063],[30.66711094594584,-10.425683496073754],[30.668001445904,-10.425782896144403],[30.66800179578791,-10.425782938207366],[30.66882769574689,-10.425889338272272],[30.66882463034519,-10.42592115331464],[30.667998905119138,-10.425814775900914],[30.66710929469198,-10.425715475273085],[30.66632456417724,-10.425682724147261],[30.66585761679832,-10.425683923023438],[30.665855309293985,-10.425651768563027],[30.66632270928099,-10.425650568601398]]]]}},{"type":"Feature","properties":{"id":null,"group":null,"name":"Bush Street","settlement_id":null,"country_id":null,"district_id":null,"status":null,"surface":null,"access":null,"bridge":null,"tunnel":null,"oneway":null,"route_id":null,"alt_name":null,"notes":null},"geometry":{"type":"MultiPolygon","coordinates":[[[[30.66724464158425,-10.424527644181651],[30.66724468054581,-10.42452736780483],[30.667422380620927,-10.423351967702596],[30.667458345468834,-10.423358123883297],[30.667280666400806,-10.424533385817169],[30.66712778457698,-10.425702247301523],[30.667091741512774,-10.42569664428441],[30.66724464158425,-10.424527644181651]]]]}},{"type":"Feature","properties":{"id":null,"group":null,"name":"4th Street","settlement_id":null,"country_id":null,"district_id":null,"status":null,"surface":null,"access":null,"bridge":null,"tunnel":null,"oneway":null,"route_id":null,"alt_name":null,"notes":null},"geometry":{"type":"MultiPolygon","coordinates":[[[[30.665834888405055,-10.424440071910604],[30.6658353488646,-10.424440068675011],[30.666654748840813,-10.424443568742237],[30.6666563289811,-10.424443636478918],[30.666743528977428,-10.424450736485927],[30.66674369448983,-10.424450750631452],[30.666847594485315,-10.424460050639771],[30.666848436480564,-10.424460143377365],[30.667264233025225,-10.424514542960654],[30.668331729535925,-10.424653842596074],[30.668328596556158,-10.424685648990826],[30.66726109650286,-10.424546349074621],[30.666845709985616,-10.424492003208101],[30.66674231434504,-10.42448274836156],[30.66665598760732,-10.424475719471623],[30.66583760765895,-10.424472223895775],[30.665292737673607,-10.424482219720584],[30.665289788418722,-10.42445007186583],[30.665834888405055,-10.424440071910604]]]]}},{"type":"Feature","properties":{"id":null,"group":null,"name":"Burden Street","settlement_id":null,"country_id":null,"district_id":null,"status":null,"surface":null,"access":null,"bridge":null,"tunnel":null,"oneway":null,"route_id":null,"alt_name":null,"notes":null},"geometry":{"type":"MultiPolygon","coordinates":[[[[30.673912371646974,-10.436586947868626],[30.673859170712696,-10.436548291079383],[30.673627202356855,-10.436427436977239],[30.67345522834888,-10.436340500684226],[30.672840143008607,-10.43603080812097],[30.67283969446307,-10.436030575253943],[30.672704194450308,-10.435958075259373],[30.67270379463087,-10.435957855502995],[30.672571094618124,-10.4358829555078],[30.672568939206094,-10.435881548150395],[30.672472339196105,-10.435809048151471],[30.672472050756856,-10.435808827420518],[30.67226955073585,-10.435650827421924],[30.67226892919517,-10.435650321269966],[30.671799971609822,-10.435251797279943],[30.671561742150097,-10.435073001181705],[30.671506323033896,-10.43504506186484],[30.67144008489415,-10.435037422591172],[30.67134737826844,-10.435037422598787],[30.671125866041297,-10.435066354420005],[30.671118460051108,-10.43503453716603],[30.67134126005001,-10.435005437183953],[30.671343860865953,-10.435005268987622],[30.67143906086329,-10.435005268995434],[30.67144142087152,-10.43500540504803],[30.67151252086814,-10.435013605053667],[30.671516103867493,-10.435014341269284],[30.671519492469372,-10.435015688067166],[30.671579792463834,-10.435046088069814],[30.671582786894955,-10.435047943354846],[30.671822886870203,-10.43522814335753],[30.671823796944356,-10.435228870319277],[30.672292892162538,-10.435627511354957],[30.672494932297198,-10.435785152563946],[30.6725903616835,-10.435856774006822],[30.672721732966018,-10.435930924048721],[30.67285680900341,-10.436003197217515],[30.67347168302582,-10.436312783493921],[30.67347171244412,-10.436312798335644],[30.673643812428256,-10.436399798343201],[30.673644034246635,-10.436399912186953],[30.673877434224853,-10.436521512196729],[30.67387994457989,-10.436523064605316],[30.673935544574192,-10.436563464606111],[30.67393779431426,-10.436565380430023],[30.673970694310825,-10.43659818042924],[30.67394423177932,-10.43661871115866],[30.673912371646974,-10.436586947868626]]]]}},{"type":"Feature","properties":{"id":null,"group":null,"name":"Wit Street","settlement_id":null,"country_id":null,"district_id":null,"status":null,"surface":null,"access":null,"bridge":null,"tunnel":null,"oneway":null,"route_id":null,"alt_name":null,"notes":null},"geometry":{"type":"MultiPolygon","coordinates":[[[[30.66971711866324,-10.432236378911414],[30.66881317345002,-10.432477257793785],[30.668333007757187,-10.432607148551185],[30.668320518335143,-10.432576343034485],[30.668800718345043,-10.432446443069699],[30.66880078699016,-10.432446424639009],[30.669705187008166,-10.432205424705568],[30.669706034839436,-10.432205219505862],[30.66981613484066,-10.432181219514288],[30.669826791251708,-10.432212472071512],[30.66971711866324,-10.432236378911414]]]]}},{"type":"Feature","properties":{"id":null,"group":null,"name":"Malherbe Street","settlement_id":null,"country_id":null,"district_id":null,"status":null,"surface":null,"access":null,"bridge":null,"tunnel":null,"oneway":null,"route_id":null,"alt_name":null,"notes":null},"geometry":{"type":"MultiPolygon","coordinates":[[[[30.669981919125384,-10.431887172137289],[30.669983496387825,-10.431887074166532],[30.67005789638604,-10.431885374172646],[30.67006157138411,-10.431885620811387],[30.670109871381527,-10.431893220815093],[30.670111874144748,-10.431893637407653],[30.67014807414228,-10.431903037410216],[30.67015080698316,-10.431903952892538],[30.670208506978263,-10.431927852895694],[30.670211276112166,-10.431929254577694],[30.670213762668904,-10.431931041077394],[30.67025396266472,-10.431965041077301],[30.670255215966595,-10.431966202537975],[30.670286815963276,-10.431998302537158],[30.670288647543117,-10.432000483550516],[30.670310747540995,-10.432031583548817],[30.670312133790688,-10.432033908316399],[30.670313097464796,-10.432036376847],[30.67032309746463,-10.432070276844025],[30.67032329558206,-10.432071016864526],[30.67037299267034,-10.43227750474457],[30.670433889738693,-10.432528692625691],[30.670434071400457,-10.432529551522652],[30.670586923521387,-10.433375020985475],[30.67060861882642,-10.433408605318608],[30.670637552194176,-10.433431855348779],[30.67066031219208,-10.43344084595495],[30.670693407716914,-10.433444894878338],[30.67079861931965,-10.433438654346931],[30.671112991015843,-10.433393174202815],[30.671116338034388,-10.433392974533513],[30.671119706680038,-10.433393330976024],[30.67121220667457,-10.433410830982982],[30.67121605189379,-10.43341194933834],[30.671292551887387,-10.43344244934264],[30.671295305100816,-10.433443793203468],[30.671393205091338,-10.433501093206758],[30.67139553570451,-10.433502690537601],[30.672330035607235,-10.43424789054187],[30.672333431181094,-10.434251421903086],[30.672365831177938,-10.434295921900727],[30.672367197830148,-10.434298137462132],[30.672368178381575,-10.434300491827369],[30.672382978381144,-10.434346191823455],[30.67238361055048,-10.434349095062862],[30.67238364383688,-10.434352019895892],[30.67237964383927,-10.43439531989203],[30.672379047941384,-10.434398262262555],[30.672349047949325,-10.434492662255312],[30.67234719304094,-10.434496432418838],[30.67182729312619,-10.435249132388039],[30.67179603296468,-10.435231159197064],[30.672314716603292,-10.434480220298575],[30.67234362124893,-10.43438926703154],[30.67234721104535,-10.434350407502707],[30.672334132914298,-10.434310024352191],[30.67230472477105,-10.43426963353987],[30.671373289824867,-10.433526877786171],[30.671277940261973,-10.433471070543003],[30.671204739945775,-10.433441886109888],[30.671117599061944,-10.433425400004419],[30.67080573507583,-10.433470517408388],[30.670804064730877,-10.433470687184299],[30.67069616472896,-10.433477087193152],[30.670692462533335,-10.433476969663984],[30.67065486253153,-10.43347236966694],[30.670649735296784,-10.433471066540486],[30.670621635294463,-10.43345996654209],[30.67061890526595,-10.433458647486253],[30.670616434299635,-10.433456956206571],[30.670582834296138,-10.433429956206709],[30.67058070186342,-10.433427951414137],[30.670578953241954,-10.433425680645252],[30.67055395323964,-10.433386980642867],[30.67055250591343,-10.433384189790987],[30.67055165467718,-10.433381240141493],[30.670398332592075,-10.432533170980914],[30.670337536351667,-10.432282398938758],[30.6703375305065,-10.432282374740847],[30.670287919928384,-10.43207624626257],[30.67027877828211,-10.43204525608093],[30.670259097245484,-10.432017560143292],[30.67022910673069,-10.43198709509726],[30.670191906582563,-10.431955632289217],[30.67013845109576,-10.431933490419699],[30.67010464353412,-10.431924711663523],[30.670059189398767,-10.431917559463976],[30.669987422872385,-10.431919199296374],[30.669781006964893,-10.431940219465693],[30.66977471912748,-10.431908272120461],[30.669981919125384,-10.431887172137289]]]]}},{"type":"Feature","properties":{"id":null,"group":null,"name":null,"settlement_id":null,"country_id":null,"district_id":null,"status":null,"surface":null,"access":null,"bridge":null,"tunnel":null,"oneway":null,"route_id":null,"alt_name":null,"notes":null},"geometry":{"type":"MultiPolygon","coordinates":[[[[30.669795739629375,-10.431922481561802],[30.669795821443426,-10.431922945388658],[30.669839285215986,-10.432194693608949],[30.66985784855947,-10.432260553975414],[30.66985816260348,-10.432261903357908],[30.669937255006715,-10.432691262048696],[30.669955993499773,-10.432789838468466],[30.670003347533388,-10.432995271387574],[30.670035685897282,-10.433088737141803],[30.670062245228316,-10.433149951955597],[30.670156457737022,-10.433349443203527],[30.670310299385886,-10.43363597577122],[30.67041272705411,-10.433809384019458],[30.670412775464555,-10.433809466516351],[30.670612670203724,-10.434152357498853],[30.670912029194692,-10.434664387366531],[30.671138092890995,-10.435043626472352],[30.671138170329076,-10.435043757737638],[30.671502170297558,-10.435667257695798],[30.67150228907331,-10.435667464538371],[30.671987123708885,-10.436525994658519],[30.67204076894078,-10.436608120635663],[30.67208498560117,-10.436651205956473],[30.672116522748873,-10.436672230724362],[30.672145652438317,-10.436686220061272],[30.672187524558748,-10.436693961129187],[30.672327346532974,-10.436678490641942],[30.672328455642806,-10.436678399156685],[30.672553755638592,-10.436666099175149],[30.672557505759787,-10.436666240014288],[30.672597705757823,-10.436671440017456],[30.672600756067347,-10.436672069019513],[30.672641661125684,-10.436683741930032],[30.672701165919346,-10.436700115737539],[30.67270285572329,-10.436700659054189],[30.67273995572032,-10.436714359056408],[30.67274280650391,-10.436715666160893],[30.673019043461306,-10.436869009145113],[30.67355287108587,-10.437129887392189],[30.673818958937456,-10.4372326332287],[30.67387231354326,-10.437244916308021],[30.67392927827542,-10.437253412747541],[30.67399040203313,-10.437255156378004],[30.67404356532791,-10.437252806623437],[30.674111378333205,-10.43724710640525],[30.67422620201955,-10.437228134680753],[30.67423492407281,-10.437259756905167],[30.67411932407302,-10.437278856914325],[30.67411775753737,-10.437279051605314],[30.674048757536443,-10.43728485161095],[30.674047961643748,-10.437284902603551],[30.673993661642637,-10.437287302608016],[30.673992182262122,-10.437287314047914],[30.67392908226005,-10.437285514053068],[30.673926619972175,-10.437285295703273],[30.67386761996909,-10.437276495707843],[30.673866016130603,-10.43727619193115],[30.673810416127022,-10.437263391935181],[30.673807584025628,-10.437262524285616],[30.673539284003514,-10.437158924301139],[30.67353766027958,-10.437158215819654],[30.673002560230827,-10.43689671584422],[30.67300161961353,-10.436896225416566],[30.672726288427327,-10.43674338529067],[30.672691502814676,-10.436730539932734],[30.672632760168206,-10.43671437585389],[30.672632570027325,-10.43671432256506],[30.67259307268724,-10.436703051376483],[30.67255629898339,-10.436698294582103],[30.672333427649438,-10.436710462009868],[30.672191179558222,-10.436726200955727],[30.6721881969112,-10.436726308075182],[30.672185205145638,-10.43672597650379],[30.67213760514285,-10.436717176507383],[30.672134935024417,-10.436716498144898],[30.672132386250436,-10.436715476968494],[30.672099486247436,-10.436699676970049],[30.672097032654595,-10.4366982804055],[30.67206283265116,-10.436675480406274],[30.672060082741357,-10.436673260065566],[30.672013182736432,-10.436627560064629],[30.672010700024586,-10.436624552592587],[30.671955700019495,-10.436540352587482],[30.67195513705726,-10.436539427108299],[30.671470095605073,-10.435680530797722],[30.671106194156565,-10.43505719961959],[30.67088013317873,-10.434677965090204],[30.67088006116881,-10.434677843114764],[30.67058066114279,-10.434165743080435],[30.67058065064231,-10.434165725094282],[30.670380774702355,-10.433822866372655],[30.670278199026523,-10.433649207556567],[30.670277867286984,-10.433648618901378],[30.670123667274474,-10.43336141888094],[30.6701232899677,-10.433360670662417],[30.670028789960966,-10.433160570647116],[30.670028579580123,-10.43316010619626],[30.670001679578437,-10.433098106191338],[30.67000124532634,-10.43309699123672],[30.66996844532506,-10.433002191228695],[30.669967997376833,-10.433000634206024],[30.66992039737804,-10.432794134187475],[30.66992027892265,-10.432793570796898],[30.669901478923908,-10.432694670787892],[30.66990146348023,-10.432694588267976],[30.669822488538546,-10.43226586709526],[30.669803877529716,-10.432199837605735],[30.669803504641255,-10.432198146223026],[30.669759941789604,-10.431925778433296],[30.66959908646997,-10.431091809949136],[30.66963483961945,-10.431088281637633],[30.669795739629375,-10.431922481561802]]]]}},{"type":"Feature","properties":{"id":null,"group":null,"name":"North Road","settlement_id":null,"country_id":null,"district_id":null,"status":null,"surface":null,"access":null,"bridge":null,"tunnel":null,"oneway":null,"route_id":null,"alt_name":null,"notes":null},"geometry":{"type":"MultiPolygon","coordinates":[[[[30.669237324346202,-10.429374070599259],[30.669103230696138,-10.428264922804214],[30.6689357345148,-10.426926452949358],[30.6688081906979,-10.425906501978966],[30.66879637523488,-10.425843850227473],[30.66879623455868,-10.425842953002615],[30.668784234560896,-10.425747052993783],[30.668784190948475,-10.425743885084367],[30.668790890952312,-10.425675985078316],[30.668791342308335,-10.425673585122373],[30.668808742313303,-10.425611585117455],[30.668809165701408,-10.425610314345075],[30.66950209307217,-10.423821234895899],[30.669516301619254,-10.423744296118368],[30.669515105707973,-10.423672173369543],[30.669480625338448,-10.42362604670474],[30.669510500751315,-10.423609444883049],[30.66954810074762,-10.42365974488047],[30.6695498205656,-10.42366258827597],[30.669550901171483,-10.42366564109702],[30.669551301098448,-10.423668786195355],[30.669552601101582,-10.423747186188137],[30.669552370280606,-10.423749971894075],[30.66953767028603,-10.423829571887268],[30.66953696022595,-10.423832077367601],[30.668843802787585,-10.425621751371386],[30.668826914658652,-10.425681927474654],[30.668820490683448,-10.42574703017901],[30.668832235272227,-10.425840888987052],[30.66884405085526,-10.425903541353552],[30.668844191689463,-10.425904439835632],[30.668971791650165,-10.42692483924051],[30.669139291605255,-10.428263338513887],[30.66913929905307,-10.42826339905554],[30.669273399079177,-10.429372598953252],[30.66927340433911,-10.429372643022573],[30.669369904358803,-10.430191742947022],[30.669333821730604,-10.430193148639564],[30.669237324346202,-10.429374070599259]]]]}},{"type":"Feature","properties":{"id":null,"group":null,"name":"Robson Street","settlement_id":null,"country_id":null,"district_id":null,"status":null,"surface":null,"access":null,"bridge":null,"tunnel":null,"oneway":null,"route_id":null,"alt_name":null,"notes":null},"geometry":{"type":"MultiPolygon","coordinates":[[[[30.667138408590823,-10.431838649742291],[30.667415655227344,-10.433324955202405],[30.667440113877266,-10.43338263381088],[30.667463126528606,-10.433400922012643],[30.66749339262777,-10.433407777871835],[30.667542197377177,-10.433412214671362],[30.667609621802853,-10.433408287970197],[30.66792270964374,-10.433343082101546],[30.667933016448693,-10.433374409484287],[30.667618516451615,-10.43343990950852],[30.667615643125725,-10.433440288712166],[30.66754524312445,-10.433444388717945],[30.66754220353829,-10.433444338262944],[30.667490503536015,-10.433439638267087],[30.667487787591888,-10.433439208849242],[30.66745158758959,-10.43343100885187],[30.667448657126748,-10.433430114480082],[30.667445907331107,-10.433428806404768],[30.667443415755606,-10.433427121517829],[30.667413215752457,-10.433403121517971],[30.66741104224344,-10.433401095939054],[30.66740926263744,-10.433398795323841],[30.667407927654576,-10.433396285241564],[30.667381127652924,-10.433333085236518],[30.66738016953188,-10.433329921044374],[30.66710256955118,-10.431841720908833],[30.667102476375128,-10.431841161929448],[30.667032076384395,-10.43136196188542],[30.667068049705012,-10.431359729701231],[30.667138408590823,-10.431838649742291]]]]}},{"type":"Feature","properties":{"id":null,"group":null,"name":null,"settlement_id":null,"country_id":null,"district_id":null,"status":null,"surface":null,"access":null,"bridge":null,"tunnel":null,"oneway":null,"route_id":null,"alt_name":null,"notes":null},"geometry":{"type":"MultiPolygon","coordinates":[[[[30.668642111087603,-10.431554686106002],[30.668584413569114,-10.43120250118475],[30.668620312520325,-10.431199790401978],[30.668678012526165,-10.43155199036971],[30.66867801744546,-10.431552020594081],[30.66882491746089,-10.432460520510842],[30.66878900862849,-10.432463171075863],[30.668642111087603,-10.431554686106002]]]]}},{"type":"Feature","properties":{"id":null,"group":null,"name":"Burden Street","settlement_id":null,"country_id":null,"district_id":null,"status":null,"surface":null,"access":null,"bridge":null,"tunnel":null,"oneway":null,"route_id":null,"alt_name":null,"notes":null},"geometry":{"type":"MultiPolygon","coordinates":[[[[30.673996656948333,-10.43664625842855],[30.67399680447856,-10.436646548889998],[30.674039704475323,-10.436733148883542],[30.674040168463616,-10.436734174254116],[30.674247501322554,-10.43723911072916],[30.67443240433794,-10.437662288758313],[30.674644777794946,-10.438137729330073],[30.67464479200463,-10.438137761234737],[30.674750791997724,-10.438376461216013],[30.67475104178024,-10.438377055972127],[30.67480064177755,-10.4385022559619],[30.674800771243607,-10.438502594107707],[30.674827447120073,-10.438574758323492],[30.674846107033485,-10.438618926734483],[30.674847056813466,-10.438622071134384],[30.67490335681738,-10.438923871106894],[30.674903380744652,-10.438924002670479],[30.67500268075275,-10.4394844026193],[30.67500273298494,-10.439484717185827],[30.675085306019543,-10.440017743010745],[30.675281574825824,-10.441110669116158],[30.67528157881909,-10.441110691450644],[30.675481978835265,-10.442236491347854],[30.675446147254092,-10.442239600238883],[30.6752457492589,-10.441113811308087],[30.675049451278984,-10.440020722370823],[30.675049393094774,-10.440020374449764],[30.674966817490006,-10.439487331817812],[30.67486755700561,-10.438927154725592],[30.674811568665408,-10.438627025365664],[30.674793419054804,-10.438584064849259],[30.67479315484703,-10.438583397485525],[30.6747664175348,-10.43851106706746],[30.67471700283239,-10.438386334791314],[30.674611141172242,-10.438147946312732],[30.674398748280524,-10.437672462220075],[30.674398695733608,-10.43767234328365],[30.67421369572179,-10.437248943250205],[30.67421355763773,-10.43724861737395],[30.674006370557752,-10.436744035910099],[30.673963793827593,-10.436658088477639],[30.673941069139406,-10.436614433155745],[30.673973856950134,-10.436602458431732],[30.673996656948333,-10.43664625842855]]]]}},{"type":"Feature","properties":{"id":null,"group":null,"name":null,"settlement_id":null,"country_id":null,"district_id":null,"status":null,"surface":null,"access":null,"bridge":null,"tunnel":null,"oneway":null,"route_id":null,"alt_name":null,"notes":null},"geometry":{"type":"MultiPolygon","coordinates":[[[[30.668344622262858,-10.432589892861055],[30.66834488810487,-10.432593381047376],[30.66834158810835,-10.43266418104095],[30.66834154564897,-10.43266479912453],[30.66828118365174,-10.433328981299526],[30.66827582287305,-10.433502015557854],[30.668282449471118,-10.433577246905987],[30.668296738238006,-10.433635276789198],[30.668413005264757,-10.433988461527209],[30.668442222105547,-10.434053797570833],[30.668479463838224,-10.434089303095579],[30.66853667300922,-10.434108634053416],[30.668589577896793,-10.434103433238233],[30.66895945440761,-10.433999788194674],[30.668972271684712,-10.434030503390952],[30.668600771693033,-10.434134603417965],[30.66859743790766,-10.434135226477778],[30.668538437907053,-10.434141026482571],[30.668534090790235,-10.434140985122195],[30.66852981691695,-10.43414002613595],[30.66846411691186,-10.434117826140087],[30.66846014673029,-10.434115995402278],[30.66845672898944,-10.434113401303847],[30.668413828984928,-10.434072501303115],[30.668411599871,-10.434069938059709],[30.668409951204286,-10.434067068871855],[30.66837905120226,-10.43399796886645],[30.66837847084196,-10.433996470692009],[30.668261770838267,-10.43364197066168],[30.66826144907907,-10.433640851213116],[30.66824674907923,-10.433581151207775],[30.66824637796102,-10.433578924636196],[30.668239577963263,-10.433501724629048],[30.66823952940814,-10.433500030594816],[30.668244929416336,-10.433325730578904],[30.668244980403657,-10.433324892520965],[30.668305352419623,-10.432660600773936],[30.668308556631104,-10.432591855928482],[30.66804680384083,-10.431277898606329],[30.66808252224856,-10.431274192980458],[30.668344622262858,-10.432589892861055]]]]}},{"type":"Feature","properties":{"id":null,"group":null,"name":null,"settlement_id":null,"country_id":null,"district_id":null,"status":null,"surface":null,"access":null,"bridge":null,"tunnel":null,"oneway":null,"route_id":null,"alt_name":null,"notes":null},"geometry":{"type":"MultiPolygon","coordinates":[[[[30.668950864214302,-10.430362577638927],[30.669371655523623,-10.430298694173569],[30.66937987056877,-10.430330397412432],[30.66895897056836,-10.430394297445945],[30.66895875288508,-10.430394329247342],[30.667465652880573,-10.4306039293669],[30.66745787321182,-10.430572162219114],[30.668950864214302,-10.430362577638927]]]]}},{"type":"Feature","properties":{"id":null,"group":null,"name":"Karee Avenue","settlement_id":null,"country_id":null,"district_id":null,"status":null,"surface":null,"access":null,"bridge":null,"tunnel":null,"oneway":null,"route_id":null,"alt_name":null,"notes":null},"geometry":{"type":"MultiPolygon","coordinates":[[[[30.6645570120134,-10.420217107846536],[30.665172871745764,-10.420671613982288],[30.665263547458164,-10.420728621502647],[30.665243778632654,-10.42075447008525],[30.665152478623607,-10.420697070087787],[30.66515126541137,-10.420696242973785],[30.664534465347952,-10.420241042981704],[30.66453377652065,-10.420240510320902],[30.664007976465832,-10.41981461032242],[30.664031549624593,-10.419791481265529],[30.6645570120134,-10.420217107846536]]]]}},{"type":"Feature","properties":{"id":null,"group":null,"name":"Beach Road","settlement_id":null,"country_id":null,"district_id":null,"status":null,"surface":null,"access":null,"bridge":null,"tunnel":null,"oneway":null,"route_id":null,"alt_name":null,"notes":null},"geometry":{"type":"MultiPolygon","coordinates":[[[[30.66514597032772,-10.42164278730881],[30.66514337539447,-10.421642776027092],[30.665091775392444,-10.421639276031268],[30.665089107610516,-10.42163892010381],[30.66508650426852,-10.421638222415583],[30.665029504264076,-10.421618922419166],[30.665026148249847,-10.421617442284166],[30.66499124824655,-10.421598142285479],[30.66498944844339,-10.421597018555914],[30.6649385484382,-10.421561318556828],[30.664937765391688,-10.421560739694183],[30.663951988507367,-10.420793057782607],[30.663085611697333,-10.420122575805296],[30.663108514393166,-10.42009891578268],[30.663974914303388,-10.420769415789502],[30.663974960801013,-10.420769451886649],[30.66496037746154,-10.421536853447476],[30.66501001206712,-10.421571665935732],[30.665042374384047,-10.421589562578221],[30.665095051056582,-10.421607398719505],[30.665142648022172,-10.421610627199785],[30.66524865576274,-10.421604304286282],[30.66525327032964,-10.421636387300017],[30.66514597032772,-10.42164278730881]]]]}},{"type":"Feature","properties":{"id":null,"group":null,"name":null,"settlement_id":null,"country_id":null,"district_id":null,"status":null,"surface":null,"access":null,"bridge":null,"tunnel":null,"oneway":null,"route_id":null,"alt_name":null,"notes":null},"geometry":{"type":"MultiPolygon","coordinates":[[[[30.665883043917024,-10.419411272447796],[30.665883422057398,-10.419411142576973],[30.666407322073894,-10.419237542613022],[30.666407451440925,-10.419237500273631],[30.666527506108043,-10.419198696723482],[30.66657915419056,-10.419168640017027],[30.66661396529727,-10.419141137323015],[30.666661721850407,-10.419097091918216],[30.666709411298793,-10.41904074051539],[30.66676514444485,-10.418950953736417],[30.66676551373238,-10.418950388618375],[30.667024413774968,-10.41857358860278],[30.66702443382769,-10.418573559493906],[30.667490433768073,-10.417898859663119],[30.66792933370263,-10.417263359835902],[30.667976529721237,-10.417195065604469],[30.66813212337509,-10.416969174845605],[30.66813246918484,-10.416968693903794],[30.668646306913626,-10.416283610313943],[30.668686670246323,-10.41621600914232],[30.66871864097688,-10.41615732995228],[30.668750681627976,-10.416094442720413],[30.668923508614277,-10.415736201399863],[30.668986678754997,-10.415592804209046],[30.669001639401476,-10.415537138958692],[30.669011574402777,-10.41548018485971],[30.669045026118745,-10.415213769510375],[30.669068019843287,-10.415018522878794],[30.669104106246444,-10.415023768707186],[30.66908110625803,-10.415219068689908],[30.669081093275203,-10.415219175401361],[30.669047593291317,-10.415485975377864],[30.669047494353777,-10.415486635398226],[30.669037394357634,-10.415544535393249],[30.66903712411704,-10.415545757518604],[30.669021724121578,-10.415603057514009],[30.66902101577957,-10.415605067012791],[30.66895731579343,-10.415749667003189],[30.66895711133767,-10.415750110191777],[30.668784111373306,-10.416108710169368],[30.66878397447474,-10.416108986232016],[30.668751774481155,-10.416172186228223],[30.668751590777795,-10.416172534777244],[30.668719390783952,-10.416231634773917],[30.66871911088126,-10.416232125229193],[30.668678210888633,-10.41630062522569],[30.668677356826567,-10.41630189770485],[30.668163234964826,-10.416987360279713],[30.66800780274126,-10.417213016730182],[30.668007789980418,-10.417213035225942],[30.667960591195698,-10.417281333475774],[30.667521692460088,-10.417916831723156],[30.66705570230821,-10.418591517547283],[30.666797003905785,-10.418968024189946],[30.66674088165575,-10.419058437844319],[30.666739611481244,-10.41906018212438],[30.666690611488168,-10.41911808212303],[30.666689303797206,-10.41911944567904],[30.66664040380287,-10.41916454567924],[30.666639483452236,-10.419165331388553],[30.66660328345583,-10.419193931389257],[30.66660134890949,-10.41919524690014],[30.666547048913404,-10.419226846902562],[30.66654357464772,-10.419228391303454],[30.666421739443148,-10.419267770370176],[30.665898094075217,-10.419441286036445],[30.665720582181578,-10.41950441914954],[30.665705343910684,-10.419474472435926],[30.665883043917024,-10.419411272447796]]]]}},{"type":"Feature","properties":{"id":null,"group":null,"name":null,"settlement_id":null,"country_id":null,"district_id":null,"status":null,"surface":null,"access":null,"bridge":null,"tunnel":null,"oneway":null,"route_id":null,"alt_name":null,"notes":null},"geometry":{"type":"MultiPolygon","coordinates":[[[[30.664897785235148,-10.418472810444092],[30.664897404481636,-10.418472862764903],[30.664050304477126,-10.418580862833071],[30.664049314816175,-10.418580963872499],[30.663263014804727,-10.41864146393673],[30.663257711287656,-10.418609427649471],[30.66404351402973,-10.418548965973104],[30.66488993079217,-10.418441053149294],[30.665530940856154,-10.418346581193092],[30.66553898523623,-10.4183783103929],[30.664897785235148,-10.418472810444092]]]]}},{"type":"Feature","properties":{"id":null,"group":null,"name":null,"settlement_id":null,"country_id":null,"district_id":null,"status":null,"surface":null,"access":null,"bridge":null,"tunnel":null,"oneway":null,"route_id":null,"alt_name":null,"notes":null},"geometry":{"type":"MultiPolygon","coordinates":[[[[30.665540468167375,-10.431477742670095],[30.665534657925043,-10.431445748916108],[30.66611775791788,-10.431393448963597],[30.66612356817452,-10.431425442622565],[30.665540468167375,-10.431477742670095]]]]}},{"type":"Feature","properties":{"id":null,"group":null,"name":"Diamond Street","settlement_id":null,"country_id":null,"district_id":null,"status":null,"surface":null,"access":null,"bridge":null,"tunnel":null,"oneway":null,"route_id":null,"alt_name":null,"notes":null},"geometry":{"type":"MultiPolygon","coordinates":[[[[30.664535090111865,-10.419238321343318],[30.664534895332107,-10.419238161738225],[30.664272995304746,-10.419020661738225],[30.66427180288547,-10.419019582617684],[30.66411800286933,-10.418867882614363],[30.664116396937064,-10.418866072759663],[30.66409289693472,-10.41883567275818],[30.664090986776436,-10.418832563789676],[30.664076886775444,-10.418802663787403],[30.664075711952975,-10.418799137281901],[30.664028811955394,-10.41856683726084],[30.664064514134015,-10.418563054325958],[30.664111048657922,-10.418793544069036],[30.66412356785753,-10.418820091875121],[30.664145194137934,-10.418848068000832],[30.664297553186746,-10.418998346736416],[30.664558733966853,-10.41921524946762],[30.665152335916684,-10.41969517024645],[30.66512879017374,-10.419718321341492],[30.664535090111865,-10.419238321343318]]]]}},{"type":"Feature","properties":{"id":null,"group":null,"name":null,"settlement_id":null,"country_id":null,"district_id":null,"status":null,"surface":null,"access":null,"bridge":null,"tunnel":null,"oneway":null,"route_id":null,"alt_name":null,"notes":null},"geometry":{"type":"MultiPolygon","coordinates":[[[[30.663977064881035,-10.420792595235516],[30.66394986121034,-10.42076989634946],[30.66453196127933,-10.420217596349808],[30.664559164812093,-10.420240295235162],[30.663977064881035,-10.420792595235516]]]]}},{"type":"Feature","properties":{"id":null,"group":null,"name":null,"settlement_id":null,"country_id":null,"district_id":null,"status":null,"surface":null,"access":null,"bridge":null,"tunnel":null,"oneway":null,"route_id":null,"alt_name":null,"notes":null},"geometry":{"type":"MultiPolygon","coordinates":[[[[30.669427428836165,-10.428271528836776],[30.669430257841995,-10.42827194272647],[30.66943300583891,-10.42827274024728],[30.669583405826838,-10.428327840256314],[30.669584569443035,-10.428328306964275],[30.66965256943712,-10.428358006967814],[30.669655701955758,-10.428359716474024],[30.669658430843334,-10.42836191902885],[30.66972053083681,-10.428422319027629],[30.669723442580743,-10.428426010360548],[30.669777142576084,-10.428517310354449],[30.66977855631902,-10.428520424528903],[30.669779241005493,-10.428523690492248],[30.66990122441459,-10.42982931241828],[30.669950803369865,-10.43024803455676],[30.669914722719543,-10.43024945702982],[30.669865122729586,-10.429830556991183],[30.66986508504748,-10.429830201214946],[30.66974339743879,-10.428527744577332],[30.669692664573674,-10.428441489259749],[30.66963481830151,-10.42838522654622],[30.66957073058254,-10.428357235297696],[30.669423627241404,-10.428303343063694],[30.669120797243416,-10.428280162774596],[30.66912172884878,-10.428248128812152],[30.669427428836165,-10.428271528836776]]]]}},{"type":"Feature","properties":{"id":null,"group":null,"name":null,"settlement_id":null,"country_id":null,"district_id":null,"status":null,"surface":null,"access":null,"bridge":null,"tunnel":null,"oneway":null,"route_id":null,"alt_name":null,"notes":null},"geometry":{"type":"MultiPolygon","coordinates":[[[[30.667440875706216,-10.440086071227624],[30.667440782440725,-10.440086322275391],[30.667394128850596,-10.44020831707967],[30.667449796062645,-10.440411160550786],[30.66746850306259,-10.440469968190413],[30.66746887068499,-10.44047134396034],[30.66748157068546,-10.44052984395507],[30.6674819035008,-10.440532836440129],[30.66748460351922,-10.440976236399374],[30.667484602940913,-10.440976477469622],[30.66748330294622,-10.4410957774587],[30.66748311422423,-10.44109792654333],[30.667465614231165,-10.441203226534236],[30.66746471254131,-10.441206345939818],[30.66737891256051,-10.441410545925896],[30.66737657270027,-10.441414329646985],[30.667327672707167,-10.441471629645683],[30.667325371834675,-10.441473820047198],[30.667252271841868,-10.441530520048783],[30.667252198974566,-10.441530576236508],[30.66718658411533,-10.44158087438021],[30.667147671906015,-10.44161922535987],[30.667122352409113,-10.441675756899667],[30.667117227649996,-10.44177641501243],[30.667154672823884,-10.442344183331567],[30.667118453265598,-10.442344108254872],[30.667080953283968,-10.441775508202317],[30.667080940543244,-10.441773849584598],[30.667086240548453,-10.441669749575153],[30.667086609581087,-10.441667191218926],[30.667087444227402,-10.4416647444459],[30.667114944233344,-10.441603344441871],[30.667116276706295,-10.441600995434431],[30.66711804795782,-10.441598901208076],[30.66715964796293,-10.441557901207911],[30.66716112711066,-10.44155661534698],[30.667227490590328,-10.44150574334868],[30.667299277620014,-10.441450061760412],[30.6673456759194,-10.441395693207145],[30.66742997948958,-10.441195054673072],[30.667447034961867,-10.441092429493573],[30.66744832183568,-10.440974334595024],[30.66744563172843,-10.44053255668773],[30.667433405885262,-10.44047624078755],[30.66741482302632,-10.440417823391579],[30.6674146491877,-10.440417236471458],[30.667357649187387,-10.440209536453125],[30.667357149149232,-10.440206542284786],[30.667357282182593,-10.440203551734008],[30.667358043638025,-10.440200669319054],[30.66740629580349,-10.440074494422547],[30.667548350418794,-10.439680620328971],[30.667582975671376,-10.439692071256502],[30.667440875706216,-10.440086071227624]]]]}},{"type":"Feature","properties":{"id":null,"group":null,"name":null,"settlement_id":null,"country_id":null,"district_id":null,"status":null,"surface":null,"access":null,"bridge":null,"tunnel":null,"oneway":null,"route_id":null,"alt_name":null,"notes":null},"geometry":{"type":"MultiPolygon","coordinates":[[[[30.6801942226452,-10.433836225970058],[30.680195522657982,-10.433383428235958],[30.680195523242137,-10.433383333971769],[30.680199522012092,-10.43296346498961],[30.680195523204738,-10.432516596135676],[30.680195524436204,-10.432516243119911],[30.680202422243656,-10.432083581802912],[30.680200822829562,-10.431643137950392],[30.680198223424902,-10.43121443318702],[30.68019282476606,-10.43089741116313],[30.680192836872003,-10.430896535876087],[30.68019823687791,-10.430776035865152],[30.68019860993602,-10.430773392235892],[30.680313509971903,-10.430295592196686],[30.680349016117994,-10.430304099389009],[30.68023442905063,-10.430780598186795],[30.680229108790392,-10.430899318940613],[30.680234501336066,-10.431215980393977],[30.680234503137182,-10.431216136367404],[30.680237103155008,-10.431644936327965],[30.68023710332278,-10.431644970941225],[30.68023870334126,-10.43208557090073],[30.680238701633993,-10.432085848505938],[30.68023180446502,-10.432518472082903],[30.680235802903173,-10.432965295409495],[30.680235802828985,-10.432965557652986],[30.68023180329611,-10.43338551049112],[30.680230503450968,-10.433838263308749],[30.68022910345587,-10.43427706786933],[30.680192822633657,-10.434275023716934],[30.6801942226452,-10.433836225970058]]]]}},{"type":"Feature","properties":{"id":null,"group":null,"name":"Diamant Street","settlement_id":null,"country_id":null,"district_id":null,"status":null,"surface":null,"access":null,"bridge":null,"tunnel":null,"oneway":null,"route_id":null,"alt_name":null,"notes":null},"geometry":{"type":"MultiPolygon","coordinates":[[[[30.67563683543324,-10.436874987306489],[30.675636243990382,-10.436874109046562],[30.67554904398243,-10.436735509037844],[30.67554819547865,-10.436733989643834],[30.67553209547747,-10.436701189641388],[30.675530866245932,-10.43669769655642],[30.675520166246283,-10.436649196552045],[30.675519825175027,-10.436645791988944],[30.675520298190037,-10.436642443700636],[30.675532998193752,-10.436595043696832],[30.675533923114962,-10.436592561411192],[30.675554023119112,-10.436551061408608],[30.675554907993227,-10.43654949472686],[30.675580407997582,-10.43651029472508],[30.675582088799484,-10.436508167929992],[30.675608188802833,-10.436480667929668],[30.675609156340748,-10.436479733643166],[30.675925356376037,-10.43619973364581],[30.675951769715493,-10.436223157939184],[30.67563607622594,-10.436502709449035],[30.675611382310546,-10.436528727945264],[30.675587111624303,-10.43656603818143],[30.67556798451601,-10.436605529480122],[30.67555651730206,-10.436648328380617],[30.67556606359586,-10.436691598957452],[30.675580949341647,-10.436721925196865],[30.67566740121839,-10.436859336095981],[30.676359690589067,-10.43782190422915],[30.67632943550065,-10.4378379873586],[30.67563683543324,-10.436874987306489]]]]}},{"type":"Feature","properties":{"id":null,"group":null,"name":null,"settlement_id":null,"country_id":null,"district_id":null,"status":null,"surface":null,"access":null,"bridge":null,"tunnel":null,"oneway":null,"route_id":null,"alt_name":null,"notes":null},"geometry":{"type":"MultiPolygon","coordinates":[[[[30.671778004942304,-10.446180874099298],[30.67177877699294,-10.44618067753555],[30.67221507699892,-10.446079277568597],[30.672216728921587,-10.446078968759117],[30.672524528920793,-10.44603506878374],[30.672526631436597,-10.446034882185886],[30.67267153143341,-10.446029682197791],[30.67267423031955,-10.446029763968925],[30.672819730313066,-10.446043763980542],[30.67282302827541,-10.446044352040936],[30.672954428266376,-10.446078852050112],[30.67295453951267,-10.446078881586338],[30.673488339475597,-10.446222181623337],[30.67347978661615,-10.44625290996399],[30.672946042160213,-10.446109624921915],[30.67281632541576,-10.44607556688433],[30.67267384790056,-10.446061857719581],[30.67253135588078,-10.446066971316412],[30.672225433754818,-10.446110603508856],[30.67179033815934,-10.44621172362903],[30.67108242116547,-10.446407917537963],[30.671069704926857,-10.446377174047685],[30.671778004942304,-10.446180874099298]]]]}},{"type":"Feature","properties":{"id":null,"group":null,"name":"Thys Louw Street","settlement_id":null,"country_id":null,"district_id":null,"status":null,"surface":null,"access":null,"bridge":null,"tunnel":null,"oneway":null,"route_id":null,"alt_name":null,"notes":null},"geometry":{"type":"MultiPolygon","coordinates":[[[[30.67567192259362,-10.43804940962248],[30.676336989977965,-10.437814956425878],[30.676337118476898,-10.437814911661476],[30.67691901849649,-10.437614611700928],[30.67726472280142,-10.437495710247148],[30.67727960329086,-10.437525781338323],[30.67693390545549,-10.437644680621261],[30.676352071978275,-10.437844957769114],[30.67568693613767,-10.438079435204239],[30.67568666989635,-10.438079526774887],[30.674741269926724,-10.438396626839669],[30.674726656165593,-10.438366464745851],[30.67567192259362,-10.43804940962248]]]]}},{"type":"Feature","properties":{"id":null,"group":null,"name":null,"settlement_id":null,"country_id":null,"district_id":null,"status":null,"surface":null,"access":null,"bridge":null,"tunnel":null,"oneway":null,"route_id":null,"alt_name":null,"notes":null},"geometry":{"type":"MultiPolygon","coordinates":[[[[30.671184041732413,-10.44482104541234],[30.67118564610832,-10.444820535545414],[30.67145944611386,-10.44474693556553],[30.67146153394679,-10.444746497516999],[30.671622433946663,-10.444721897529803],[30.67162394379446,-10.444721725815965],[30.671779543792162,-10.444710025828694],[30.671782155304918,-10.444709998389065],[30.672133555291726,-10.444728798417621],[30.672135927319477,-10.444729063083109],[30.67224582731331,-10.444747763091488],[30.67224687134642,-10.444747968238891],[30.67258217132512,-10.444822768263325],[30.672575354766764,-10.444853923323864],[30.672240574307946,-10.444779239254496],[30.67213237970714,-10.444760829445547],[30.671783483420803,-10.444742163424008],[30.671629943285794,-10.444753708549358],[30.67147085478175,-10.444778031602393],[30.671198898357485,-10.444851136053511],[30.670568184383804,-10.445083746214602],[30.67055254170848,-10.445053945370836],[30.671184041732413,-10.44482104541234]]]]}},{"type":"Feature","properties":{"id":null,"group":null,"name":"William Street","settlement_id":null,"country_id":null,"district_id":null,"status":null,"surface":null,"access":null,"bridge":null,"tunnel":null,"oneway":null,"route_id":null,"alt_name":null,"notes":null},"geometry":{"type":"MultiPolygon","coordinates":[[[[30.675499327746646,-10.43569315722518],[30.675500822796895,-10.435694007166443],[30.675569922790096,-10.43573730716837],[30.6755715768256,-10.435738465542823],[30.67559707682293,-10.435758365543013],[30.675598775053786,-10.43575986134375],[30.67563226813233,-10.435793154466317],[30.67565706120815,-10.435817747600009],[30.67565736690507,-10.435818058078839],[30.675684866902195,-10.435846658078031],[30.67568626392187,-10.435848296226848],[30.675953463895386,-10.4362030962089],[30.675953841009925,-10.436203616703882],[30.676941740915034,-10.437621816623878],[30.676911185174653,-10.43763747496384],[30.675923468339793,-10.436219537971308],[30.67565710572657,-10.43586584991042],[30.67563050996487,-10.43583819032016],[30.675605864879394,-10.435813743987364],[30.67560585103985,-10.435813730244945],[30.675573149184057,-10.435781223627094],[30.675549342098975,-10.435762644766674],[30.67548183006134,-10.435720339834534],[30.674835498284377,-10.435388434390324],[30.674852227806753,-10.435360857197455],[30.675499327746646,-10.43569315722518]]]]}},{"type":"Feature","properties":{"id":null,"group":null,"name":"Boom Street","settlement_id":null,"country_id":null,"district_id":null,"status":null,"surface":null,"access":null,"bridge":null,"tunnel":null,"oneway":null,"route_id":null,"alt_name":null,"notes":null},"geometry":{"type":"MultiPolygon","coordinates":[[[[30.67107769090205,-10.433300833151915],[30.671077667754005,-10.43330071145158],[30.67095830872508,-10.432658531786402],[30.67094000504108,-10.432574315361633],[30.670908482096078,-10.432514845209047],[30.670860511595095,-10.432460948944124],[30.670797644085976,-10.432419515720255],[30.670705847599347,-10.43236985691566],[30.670352109807716,-10.432295578950411],[30.67035841628425,-10.432264312636732],[30.670715116262254,-10.432339212663074],[30.670717996112106,-10.432340036884044],[30.670720713421193,-10.432341260081296],[30.670815913412206,-10.432392760085051],[30.6708174061624,-10.432393653128518],[30.670883106155785,-10.432436953130061],[30.670886842484496,-10.432440171739124],[30.6709378424792,-10.432497471737067],[30.670940199948195,-10.43250084985289],[30.670973699945513,-10.432564049848347],[30.670975169618618,-10.432568040130883],[30.67099396961928,-10.432654540123089],[30.67099405832699,-10.432654980193696],[30.671113447020623,-10.433297319260348],[30.671134835188628,-10.433407258424866],[30.6710990909008,-10.433410833161929],[30.67107769090205,-10.433300833151915]]]]}},{"type":"Feature","properties":{"id":null,"group":null,"name":null,"settlement_id":null,"country_id":null,"district_id":null,"status":null,"surface":null,"access":null,"bridge":null,"tunnel":null,"oneway":null,"route_id":null,"alt_name":null,"notes":null},"geometry":{"type":"MultiPolygon","coordinates":[[[[30.670760694964233,-10.443259625031557],[30.670761297054298,-10.443259518899573],[30.67106039705447,-10.443211618923312],[30.671062163053687,-10.443211417161939],[30.671248563050707,-10.443198517177178],[30.67125104535186,-10.443198497802731],[30.671362345347685,-10.44320439781179],[30.671364320909678,-10.443204597964817],[30.672128820869204,-10.443319198024067],[30.67212490522288,-10.443350893562894],[30.67136139007041,-10.4432364412595],[30.67125232784025,-10.443230659892494],[30.671068054363307,-10.44324341273922],[30.670770131426416,-10.443291124259718],[30.670051631132825,-10.443429466610288],[30.6700418949596,-10.443398024975552],[30.670760694964233,-10.443259625031557]]]]}},{"type":"Feature","properties":{"id":null,"group":null,"name":null,"settlement_id":null,"country_id":null,"district_id":null,"status":null,"surface":null,"access":null,"bridge":null,"tunnel":null,"oneway":null,"route_id":null,"alt_name":null,"notes":null},"geometry":{"type":"MultiPolygon","coordinates":[[[[30.67080213283996,-10.431333234954955],[30.670802420415836,-10.431332931154603],[30.67087411837932,-10.431259233256569],[30.671191416363246,-10.430932835368997],[30.671191805285655,-10.430932449279783],[30.671573900163104,-10.430566350044833],[30.672175997204633,-10.429967352544736],[30.672177031727372,-10.429966411803434],[30.672320531742493,-10.429847111805586],[30.672322992120467,-10.429845421588595],[30.67240209212593,-10.429800921592264],[30.672403405801113,-10.42980025450515],[30.6725214058073,-10.429746454511953],[30.67252529989186,-10.429745184530997],[30.672620599892774,-10.429725284538353],[30.67262131937542,-10.429725148459704],[30.672704419375613,-10.429711048466256],[30.67270707918871,-10.429710780511515],[30.67315967917859,-10.429695580548717],[30.673160707562023,-10.429695572051179],[30.673850707540463,-10.429707272107693],[30.67385158111541,-10.429707305549181],[30.67420568110179,-10.4297284055779],[30.674207979261784,-10.429728671932141],[30.674356779253394,-10.429754371943485],[30.674360373293663,-10.429755328788382],[30.674437473287483,-10.42978342879302],[30.674438746757076,-10.429783941342205],[30.674494446752195,-10.429808541345073],[30.674495717448732,-10.429809155676503],[30.67457011744178,-10.429848355679564],[30.674570642017745,-10.429848642031589],[30.674683007922678,-10.429912153205615],[30.674737205343312,-10.42994012921737],[30.674810735129416,-10.429967821033273],[30.674863171429525,-10.429969936888277],[30.674928642666252,-10.429964765543993],[30.67503091928804,-10.429952249866096],[30.675088738701724,-10.429933168505384],[30.675152082432863,-10.429906410405897],[30.675211881868766,-10.429871136560925],[30.67565649132126,-10.42957399761055],[30.675659340553914,-10.429572463490695],[30.675732440557383,-10.42954146349514],[30.675733789655755,-10.429540953821832],[30.675784789657364,-10.429523953825331],[30.675786452901157,-10.429523483692103],[30.675851452902062,-10.429508283697016],[30.67585260988633,-10.42950805032554],[30.675914309886494,-10.429497550330398],[30.675915653013572,-10.429497369197346],[30.676009553012605,-10.429487969204974],[30.676011989826684,-10.429487873845257],[30.676097789823945,-10.429489673852277],[30.67610160574075,-10.429490110855749],[30.676154605737487,-10.429501210859662],[30.676156703459625,-10.429501765300087],[30.676209703455637,-10.429518765303524],[30.676211528931763,-10.429519446771488],[30.676391727014813,-10.429596560379942],[30.67647741281037,-10.429631090484603],[30.676553241063345,-10.42965107094345],[30.676610898101334,-10.429662029734713],[30.676772016346597,-10.429692227003192],[30.67694733019678,-10.429706679768913],[30.677044480491354,-10.429707870587443],[30.677108569800883,-10.42970846218636],[30.677489014049815,-10.429678967325033],[30.677826934219617,-10.429636128181588],[30.677828107042348,-10.429636014720618],[30.67793400704061,-10.429628914729296],[30.677935068371387,-10.429628871608616],[30.678011568369413,-10.429627771614905],[30.678014684073837,-10.42962796422475],[30.67813268406779,-10.429644264233973],[30.67813498739377,-10.429644715700586],[30.678208687388793,-10.429663515705775],[30.6782099211525,-10.42966387115548],[30.67851115161216,-10.429760787940847],[30.678898171988717,-10.429861237535508],[30.678899453738754,-10.42986161436411],[30.679407284311164,-10.430028759904163],[30.679856007667876,-10.430153227731013],[30.679847118423858,-10.430183863856337],[30.679397918392226,-10.430059263887124],[30.679396972391768,-10.430058977190932],[30.678889306854117,-10.429891886061442],[30.67850235407664,-10.42979145407893],[30.678501204961982,-10.429791120412503],[30.67820001607032,-10.42969421705539],[30.67812807843428,-10.429675866620016],[30.678012798658134,-10.429659942389618],[30.677938390054226,-10.429661012323322],[30.67783360873638,-10.42966803733043],[30.677495791870903,-10.429710863431717],[30.67749482762741,-10.429710961816632],[30.677113027621886,-10.429740561847842],[30.67711127652385,-10.429740621279157],[30.677046276521907,-10.429740021284491],[30.677046214675983,-10.429740020620017],[30.676948314673023,-10.429738820628048],[30.67694687670051,-10.429738752527944],[30.676769776693003,-10.429724152542207],[30.676767654209193,-10.429723866752358],[30.676605454199702,-10.429693466764583],[30.676605401792532,-10.429693456872961],[30.676547001789118,-10.429682356877336],[30.676545579367662,-10.429682034704994],[30.67646777936228,-10.429661534710409],[30.676465302989534,-10.429660713373801],[30.67637820298222,-10.429625613378679],[30.67637779717516,-10.429625444806584],[30.67619829223776,-10.42954862785448],[30.676147256634675,-10.4295322579486],[30.676097214432104,-10.42952177741624],[30.676014563340097,-10.429520043484034],[30.675922550068726,-10.429529254617634],[30.675862100248334,-10.429539541869026],[30.6757985203479,-10.429554409789205],[30.675749024615417,-10.429570908370646],[30.675678100705962,-10.429600985547147],[30.675234434808054,-10.429897493989827],[30.67523363652965,-10.429897995509974],[30.675172436534144,-10.429934095512625],[30.67517036247592,-10.42993513790033],[30.675105262478947,-10.429962637904296],[30.675103884040563,-10.429963155197195],[30.675043584042463,-10.429983055201346],[30.675039906785905,-10.429983874226796],[30.674935306785226,-10.429996674235232],[30.67493445653511,-10.429996759760822],[30.674867356534165,-10.430002059766307],[30.6748649394608,-10.43000210566381],[30.674807939458763,-10.429999805668452],[30.674804642011146,-10.429999405933165],[30.674801444964086,-10.429998485750808],[30.674723644957776,-10.429969185755388],[30.674721460168787,-10.429968214913433],[30.67466586016362,-10.429939514915784],[30.674665184084073,-10.429939149552162],[30.674552743947118,-10.42987559644157],[30.674479231966835,-10.42983686432972],[30.674424806594086,-10.429812827275917],[30.674350105629937,-10.429785601639598],[30.674204290780285,-10.429760417232401],[30.67385178194927,-10.429739412075735],[30.673162733747944,-10.429727728271756],[30.672711994152802,-10.429742865829132],[30.672630568490703,-10.429756681742216],[30.67253767160838,-10.429776079944173],[30.672422195031082,-10.429828729444205],[30.67234505564489,-10.429872126450443],[30.672203235388064,-10.429990029996041],[30.671601528961016,-10.430588639037229],[30.671601320760043,-10.430588842305394],[30.671219319087616,-10.430954852323334],[30.670902209768293,-10.43128105621309],[30.670830651758973,-10.431354610271953],[30.67068289327086,-10.431515056627662],[30.670654232820354,-10.431493834957326],[30.67080213283996,-10.431333234954955]]]]}},{"type":"Feature","properties":{"id":null,"group":null,"name":"Wit Street","settlement_id":null,"country_id":null,"district_id":null,"status":null,"surface":null,"access":null,"bridge":null,"tunnel":null,"oneway":null,"route_id":null,"alt_name":null,"notes":null},"geometry":{"type":"MultiPolygon","coordinates":[[[[30.669251754100415,-10.431858857591942],[30.669266616784455,-10.431920034313949],[30.669284851385623,-10.431949971719114],[30.669297614120918,-10.431965991153364],[30.669321484324243,-10.431986568916798],[30.6693862145326,-10.432029559181736],[30.66942681312532,-10.432054113996964],[30.66971985035602,-10.432207120179015],[30.66970287573506,-10.432234571408777],[30.66940927570764,-10.432081271421033],[30.669408172496183,-10.432080650704686],[30.669366672492124,-10.432055550705964],[30.669365961554327,-10.432055099952885],[30.669299861547643,-10.432011199954404],[30.66929792711028,-10.432009734174903],[30.669271827107544,-10.4319872341748],[30.669269455691566,-10.431984774624507],[30.66925495569013,-10.431966574623663],[30.669253715786738,-10.431964802243563],[30.669233615784943,-10.43193180224142],[30.669231738087117,-10.431927306070488],[30.669216238087333,-10.431863506064778],[30.66921611632212,-10.431862960642045],[30.66906731632951,-10.431132260575811],[30.669103009759848,-10.431128431010992],[30.669251754100415,-10.431858857591942]]]]}},{"type":"Feature","properties":{"id":null,"group":null,"name":null,"settlement_id":null,"country_id":null,"district_id":null,"status":null,"surface":null,"access":null,"bridge":null,"tunnel":null,"oneway":null,"route_id":null,"alt_name":null,"notes":null},"geometry":{"type":"MultiPolygon","coordinates":[[[[30.670465874233724,-10.434814145311979],[30.670065269397693,-10.434931146756727],[30.67006436028037,-10.434931387824248],[30.66920626029319,-10.435136287888907],[30.669194865799184,-10.435105203696843],[30.670052506885263,-10.43490041334517],[30.67045265427754,-10.434783545566484],[30.670889451869396,-10.434655846304993],[30.670902674222994,-10.434686445280605],[30.670465874233724,-10.434814145311979]]]]}},{"type":"Feature","properties":{"id":null,"group":null,"name":"Emerald Street","settlement_id":null,"country_id":null,"district_id":null,"status":null,"surface":null,"access":null,"bridge":null,"tunnel":null,"oneway":null,"route_id":null,"alt_name":null,"notes":null},"geometry":{"type":"MultiPolygon","coordinates":[[[[30.669100002220777,-10.434562902887041],[30.66908792387162,-10.434531988698652],[30.67059062389936,-10.434143588810038],[30.670602702192987,-10.434174502775665],[30.669100002220777,-10.434562902887041]]]]}},{"type":"Feature","properties":{"id":null,"group":null,"name":null,"settlement_id":null,"country_id":null,"district_id":null,"status":null,"surface":null,"access":null,"bridge":null,"tunnel":null,"oneway":null,"route_id":null,"alt_name":null,"notes":null},"geometry":{"type":"MultiPolygon","coordinates":[[[[30.66893693610862,-10.430379934749377],[30.66897278998077,-10.430376956837351],[30.669103089992106,-10.431128856768638],[30.669067236097263,-10.431131834818101],[30.66893693610862,-10.430379934749377]]]]}},{"type":"Feature","properties":{"id":null,"group":null,"name":null,"settlement_id":null,"country_id":null,"district_id":null,"status":null,"surface":null,"access":null,"bridge":null,"tunnel":null,"oneway":null,"route_id":null,"alt_name":null,"notes":null},"geometry":{"type":"MultiPolygon","coordinates":[[[[30.66910091968956,-10.434320856648307],[30.669101140495293,-10.434321476309533],[30.669115940494834,-10.43436597630572],[30.669116479424414,-10.434368095968173],[30.669124579425077,-10.434413695964004],[30.669124781770535,-10.434417006717142],[30.669120781774183,-10.43448900671062],[30.669120659287525,-10.434490234277844],[30.669111959291325,-10.43455043427259],[30.6691112656139,-10.434553198174685],[30.66909590981526,-10.434595500930081],[30.669080421210083,-10.434647835108287],[30.669078597946378,-10.43469268744007],[30.669217959029634,-10.435117132349554],[30.669218618039,-10.435120161787433],[30.669218624750734,-10.435123212324475],[30.669217978922298,-10.435126173749762],[30.669216703886477,-10.435128939071811],[30.669214845708183,-10.43513140838403],[30.669212471520357,-10.435133492474174],[30.669209667098567,-10.435135116047416],[30.669206533761983,-10.435136220446688],[30.668678033771375,-10.435270720485988],[30.668676692084958,-10.435271011112063],[30.668478492161647,-10.435306611113992],[30.668149492428014,-10.435365711092217],[30.668140233664367,-10.435334180493692],[30.668469233665736,-10.435275080519514],[30.66866675522704,-10.435239602393882],[30.66917826406957,-10.435109426571428],[30.669042967055372,-10.434697359200982],[30.669042365944964,-10.43469479034456],[30.669042234236063,-10.434692194244084],[30.669044234238424,-10.434642994239608],[30.669044796486492,-10.434639595394858],[30.669060896490944,-10.434585195390605],[30.66906116047251,-10.434584393413898],[30.669076171598373,-10.434543040189629],[30.66908457861122,-10.434484867547985],[30.66908845241586,-10.434415139114828],[30.669080837002756,-10.43437226715138],[30.669066489162653,-10.434329126683377],[30.668948706394016,-10.434019434913274],[30.668983019695382,-10.434010856673924],[30.66910091968956,-10.434320856648307]]]]}},{"type":"Feature","properties":{"id":null,"group":null,"name":null,"settlement_id":null,"country_id":null,"district_id":null,"status":null,"surface":null,"access":null,"bridge":null,"tunnel":null,"oneway":null,"route_id":null,"alt_name":null,"notes":null},"geometry":{"type":"MultiPolygon","coordinates":[[[[30.668751987278586,-10.429422413890402],[30.6687877388108,-10.429418877696367],[30.668972738822156,-10.430376677609292],[30.66893698726723,-10.430380213977488],[30.668751987278586,-10.429422413890402]]]]}},{"type":"Feature","properties":{"id":null,"group":null,"name":null,"settlement_id":null,"country_id":null,"district_id":null,"status":null,"surface":null,"access":null,"bridge":null,"tunnel":null,"oneway":null,"route_id":null,"alt_name":null,"notes":null},"geometry":{"type":"MultiPolygon","coordinates":[[[[30.669456829023115,-10.43028289974006],[30.6694662970693,-10.430314391845842],[30.669380497069724,-10.430330291852565],[30.66937102902267,-10.430298799733354],[30.669456829023115,-10.43028289974006]]]]}},{"type":"Feature","properties":{"id":null,"group":null,"name":null,"settlement_id":null,"country_id":null,"district_id":null,"status":null,"surface":null,"access":null,"bridge":null,"tunnel":null,"oneway":null,"route_id":null,"alt_name":null,"notes":null},"geometry":{"type":"MultiPolygon","coordinates":[[[[30.666717115698347,-10.419419567831726],[30.667322937631443,-10.419415868968551],[30.667324749791458,-10.419415938189065],[30.667425449787196,-10.419424238197141],[30.667428425913887,-10.419424702477114],[30.667431304856446,-10.419425590730901],[30.66749440485122,-10.41945019073453],[30.667497744052355,-10.419451857065006],[30.667539344048254,-10.419477657066205],[30.66754196955685,-10.419479605849995],[30.667544177760302,-10.419481925973027],[30.66756557775813,-10.419508825971782],[30.667567397759335,-10.419511637366432],[30.667590197757573,-10.419556037363195],[30.667591461368126,-10.419559378874231],[30.667591902638097,-10.419562839655418],[30.667602602554428,-10.421414111761006],[30.667610702319866,-10.422249483952672],[30.667610673913035,-10.422250528429913],[30.667603973918446,-10.42235472842049],[30.667603822907317,-10.42235606769418],[30.66759312291161,-10.422422167688485],[30.667592859212704,-10.42242342581225],[30.66757335921858,-10.42249892580614],[30.667560657986055,-10.422548030585462],[30.667558774421448,-10.422552262350065],[30.667540674424497,-10.422579762348835],[30.667539565088642,-10.422581236948188],[30.667516065091935,-10.422608736947566],[30.66751417705366,-10.422610593927844],[30.667511959328216,-10.422612140925882],[30.66747575933082,-10.422633240927466],[30.667454566761133,-10.422606050657642],[30.667488382046077,-10.422586340646156],[30.66750955704561,-10.422561561394609],[30.667525851873652,-10.422536804061963],[30.667537967491327,-10.422489963379336],[30.667557306022154,-10.422415088570048],[30.667567795520693,-10.422350288978125],[30.667574418689696,-10.422247283947526],[30.667566323803843,-10.421412407556785],[30.66756632337458,-10.421412352101022],[30.66755564377133,-10.419564573766177],[30.66753528682761,-10.41952493129597],[30.66751694431171,-10.419501874583657],[30.66747976459487,-10.419478816012376],[30.667421250914124,-10.419456004028147],[30.667324483179815,-10.419448028145435],[30.66671938844441,-10.419451722667672],[30.66671903214075,-10.419451721729965],[30.66589153211569,-10.419442321797785],[30.665889793976557,-10.419410169788737],[30.666717115698347,-10.419419567831726]]]]}},{"type":"Feature","properties":{"id":null,"group":null,"name":null,"settlement_id":null,"country_id":null,"district_id":null,"status":null,"surface":null,"access":null,"bridge":null,"tunnel":null,"oneway":null,"route_id":null,"alt_name":null,"notes":null},"geometry":{"type":"MultiPolygon","coordinates":[[[[30.66673618410739,-10.419434781906316],[30.66673630196788,-10.419436461743103],[30.666751002021016,-10.420742361622976],[30.66675100166029,-10.420742710913368],[30.666728245791543,-10.422449005093123],[30.666747472690297,-10.422490857131967],[30.66678099169712,-10.422533079971693],[30.666820501885265,-10.422563403821936],[30.666847978218193,-10.422571523695805],[30.667465125419273,-10.42260359627678],[30.667465200672954,-10.422635695309866],[30.66684560064993,-10.422603495360221],[30.66684078182485,-10.422602668671168],[30.666807281822415,-10.422592768673407],[30.666803802728396,-10.422591388594386],[30.66680067312613,-10.422589422830123],[30.66675637312153,-10.422555422830523],[30.666753136938947,-10.422552251288543],[30.666716936935284,-10.422506651286433],[30.666714818742754,-10.422503217623257],[30.66669331874128,-10.422456417619633],[30.66669225477884,-10.422453242405131],[30.666691924353376,-10.422449980829462],[30.6667147221001,-10.420740555200776],[30.666700033571065,-10.419435669827378],[30.666657841989302,-10.419108809650107],[30.6666938841001,-10.419107081936495],[30.66673618410739,-10.419434781906316]]]]}},{"type":"Feature","properties":{"id":null,"group":null,"name":"Rooi Street","settlement_id":null,"country_id":null,"district_id":null,"status":null,"surface":null,"access":null,"bridge":null,"tunnel":null,"oneway":null,"route_id":null,"alt_name":null,"notes":null},"geometry":{"type":"MultiPolygon","coordinates":[[[[30.673788610970597,-10.440106055650615],[30.673769751294458,-10.440062533322365],[30.673733040263702,-10.440031483754408],[30.673659466798284,-10.439992148404784],[30.673603361876303,-10.439970206862279],[30.673553046014284,-10.43995664178726],[30.673491750332968,-10.43994573823377],[30.673417556988042,-10.439934070738285],[30.673417159317534,-10.439934004255775],[30.673334628740157,-10.439919385618703],[30.67271496869647,-10.440239219803386],[30.67207954141028,-10.440597066276997],[30.672078970957237,-10.44059737352087],[30.671928770966517,-10.440674673528617],[30.671926640127992,-10.440675598522878],[30.671659740137677,-10.440771498540629],[30.671658902992988,-10.440771776879963],[30.671510002997003,-10.440817376890513],[30.671507504657573,-10.440817960345768],[30.67140030465771,-10.440835560354229],[30.67139556050168,-10.440835767211556],[30.67129896049776,-10.440828667219366],[30.671294205740825,-10.440827752908477],[30.671142705729455,-10.440779852918316],[30.671141140023426,-10.440779288039884],[30.670813382005097,-10.440645945832102],[30.67051172492426,-10.440528401549226],[30.670509182405127,-10.44052720480662],[30.66979379569869,-10.44012810280804],[30.6697236454039,-10.440096056440174],[30.669644606202958,-10.440068767943849],[30.669403663267538,-10.440015125567788],[30.669267853806982,-10.439984823471036],[30.668084374014626,-10.43972039512055],[30.667980877970997,-10.439700723961764],[30.667869358802587,-10.43968926853426],[30.66756764833196,-10.439702403711157],[30.66756367776039,-10.43967028787518],[30.667866877754136,-10.439657087900073],[30.667869863545196,-10.439657176750458],[30.66798376354003,-10.439668876759546],[30.667985523731613,-10.439669134049929],[30.66809022372544,-10.439689034057798],[30.668090878357805,-10.439689169369052],[30.66927467527967,-10.43995366878434],[30.66941046755149,-10.439983967071838],[30.669652562809002,-10.440037866037052],[30.669654838702517,-10.440038509917356],[30.66973593869618,-10.440066509922408],[30.669737783236734,-10.440067247454332],[30.669809583230343,-10.440100047457909],[30.669811043754304,-10.44010078675461],[30.670525918972004,-10.440499603538129],[30.670826401142175,-10.440616690055721],[30.670826686095673,-10.440616803529519],[30.67115381563516,-10.440749890112173],[30.67130219276209,-10.440796802762026],[30.671393958828272,-10.440803547480575],[30.671497542802506,-10.440786541164739],[30.671644799922493,-10.440741444301631],[30.671910181035475,-10.440646090074678],[30.672059066292515,-10.440569466716088],[30.672694484725717,-10.44021162533763],[30.672695036851124,-10.44021132754187],[30.67332063688991,-10.43988842757405],[30.67332348744194,-10.439887256956368],[30.673326557731194,-10.439886564799666],[30.673329751041038,-10.439886372907463],[30.673332966779512,-10.439886687324488],[30.67342196822072,-10.43990245216145],[30.67349616909998,-10.439914120854443],[30.67349658180974,-10.439914190006524],[30.67355898180616,-10.43992529001126],[30.673560761305563,-10.439925687377814],[30.673613061301953,-10.439939787381439],[30.673615224989387,-10.439940499573646],[30.67367352498455,-10.439963299576979],[30.67367572587281,-10.439964313420175],[30.67375222586559,-10.44000521342323],[30.673755663046293,-10.440007541819742],[30.67379716304192,-10.440042641819655],[30.673799959969717,-10.440045590918594],[30.673801949723277,-10.440048992717584],[30.67382274972199,-10.440096992713775],[30.673823375956044,-10.440098704068042],[30.673849575955543,-10.440185904060453],[30.673814550133883,-10.44019238752659],[30.673788610970597,-10.440106055650615]]]]}},{"type":"Feature","properties":{"id":null,"group":null,"name":null,"settlement_id":null,"country_id":null,"district_id":null,"status":null,"surface":null,"access":null,"bridge":null,"tunnel":null,"oneway":null,"route_id":null,"alt_name":null,"notes":null},"geometry":{"type":"MultiPolygon","coordinates":[[[[30.676066910269938,-10.434987680208708],[30.676056278118704,-10.435101652953579],[30.67605364089575,-10.435169634770903],[30.676062023864798,-10.435231591641331],[30.676077224767276,-10.435283520187363],[30.676097767151727,-10.435317261751305],[30.67687694369069,-10.436347769483898],[30.67770014546498,-10.437436871884053],[30.67770086387799,-10.437437897411309],[30.677773763871258,-10.437550497404413],[30.67777424013314,-10.437551278734352],[30.67782784012856,-10.437644878727967],[30.677828122817385,-10.43764539336138],[30.678273105779965,-10.438490880991987],[30.678696664015632,-10.439195978538894],[30.678664862073976,-10.439209713048719],[30.678241062036506,-10.438504213002428],[30.678240603307536,-10.4385033982871],[30.67779553970317,-10.437657757454447],[30.67774231256804,-10.437564808578442],[30.677670001003744,-10.437453117469142],[30.676847181475853,-10.436364520882861],[30.676067482321738,-10.435333322051992],[30.676066513756485,-10.435331898611125],[30.676044413754553,-10.435295598608775],[30.676042719509926,-10.435291783844875],[30.67602661950968,-10.435236783840061],[30.67602615295522,-10.435234596727653],[30.676017452956604,-10.435170296721743],[30.676017333160114,-10.435167820338679],[30.676020033163454,-10.435098220332334],[30.676020083375985,-10.435097459101335],[30.676030783382426,-10.43498275909108],[30.676030865482712,-10.434982066178074],[30.67604306548804,-10.434897266170662],[30.67607906060167,-10.43490322541524],[30.676066910269938,-10.434987680208708]]]]}},{"type":"Feature","properties":{"id":null,"group":null,"name":"Staff Street","settlement_id":null,"country_id":null,"district_id":null,"status":null,"surface":null,"access":null,"bridge":null,"tunnel":null,"oneway":null,"route_id":null,"alt_name":null,"notes":null},"geometry":{"type":"MultiPolygon","coordinates":[[[[30.680215032640568,-10.431199170978443],[30.680215498645314,-10.431199171082682],[30.681813498596867,-10.431217771213698],[30.681813733794257,-10.431217775303706],[30.683255181717062,-10.431251125632262],[30.683291269441153,-10.43124419970828],[30.683326717247812,-10.431231533028225],[30.683358655728835,-10.431217073775702],[30.683383032958155,-10.43119576696363],[30.683409293133366,-10.431219324621367],[30.683383093136257,-10.431242224621618],[30.68337897797056,-10.431244855626028],[30.68334407797235,-10.431260655628042],[30.6833427096124,-10.431261208416064],[30.683305209613746,-10.431274608418562],[30.683302419113893,-10.43127536776844],[30.683262819114134,-10.431282967771537],[30.683258592344668,-10.431283316164706],[30.681815109928145,-10.431249919004477],[30.68021746063114,-10.431231323218107],[30.67933459342852,-10.431241220680551],[30.67933193266384,-10.431209070905894],[30.680215032640568,-10.431199170978443]]]]}},{"type":"Feature","properties":{"id":null,"group":null,"name":"Motlomelo Street","settlement_id":null,"country_id":null,"district_id":null,"status":null,"surface":null,"access":null,"bridge":null,"tunnel":null,"oneway":null,"route_id":null,"alt_name":null,"notes":null},"geometry":{"type":"MultiPolygon","coordinates":[[[[30.679380181892466,-10.430768470585843],[30.679383616250686,-10.430766290120197],[30.67941311625235,-10.430752190121828],[30.679416060751507,-10.430751087249519],[30.67941921349428,-10.430750483935668],[30.679462113493866,-10.430745883939146],[30.679463318279506,-10.430745791510043],[30.679514918278464,-10.430743391514277],[30.6795163929354,-10.430743376565006],[30.68021544017463,-10.430761567443259],[30.680768971090483,-10.430756870620323],[30.681812354035323,-10.430746270879013],[30.68181273764245,-10.43074627059272],[30.682355837626275,-10.430750970637265],[30.682356209037692,-10.430750977224704],[30.68340430900316,-10.430779077310435],[30.683405417089123,-10.430811214276144],[30.68235750283794,-10.430783119342866],[30.68181478037888,-10.43077842265477],[30.68077157202934,-10.43078902079314],[30.68077153797208,-10.430789021110627],[30.68021763795724,-10.430793721156133],[30.680216933179814,-10.430793714964356],[30.679518272660246,-10.430775534265287],[30.679468013191716,-10.430777871919066],[30.679428971184137,-10.430782058244652],[30.67940418858804,-10.430793903487599],[30.679379544201844,-10.430814220999546],[30.679353981889733,-10.430790070585427],[30.679380181892466,-10.430768470585843]]]]}},{"type":"Feature","properties":{"id":null,"group":null,"name":"Sizwe Street","settlement_id":null,"country_id":null,"district_id":null,"status":null,"surface":null,"access":null,"bridge":null,"tunnel":null,"oneway":null,"route_id":null,"alt_name":null,"notes":null},"geometry":{"type":"MultiPolygon","coordinates":[[[[30.68177930657091,-10.434234343929809],[30.681781622800816,-10.433826889246257],[30.681784122815355,-10.433377190092324],[30.681786422834755,-10.432965289771275],[30.681788822857005,-10.432539489050752],[30.68179132287452,-10.43210468922895],[30.681793822884472,-10.431650690944094],[30.681796222626332,-10.43123283891977],[30.681795522722553,-10.430761390196931],[30.68179552394417,-10.430761181820165],[30.681801521113208,-10.43030739747464],[30.68179412484443,-10.429877113474582],[30.681794128410075,-10.429876468507869],[30.681806323880068,-10.429445629200615],[30.681808720365208,-10.429015762846626],[30.68178204922533,-10.42857773652595],[30.6818182768641,-10.428577955060483],[30.681844976878608,-10.429016455019946],[30.681845003087904,-10.429017401448055],[30.681842603106524,-10.429447901408558],[30.68184259765938,-10.429448223117678],[30.68183040679499,-10.429878901021512],[30.68183780126226,-10.430309078072089],[30.681837802125223,-10.43030950980767],[30.68183180352148,-10.43076340562235],[30.681832503386904,-10.431234801346028],[30.681832503168494,-10.431234903966056],[30.681830103195853,-10.431652802315082],[30.68182760322472,-10.432106800600494],[30.68182510322815,-10.432541603309305],[30.68182270325367,-10.432967402014954],[30.681820403272614,-10.433379301777194],[30.681817903293652,-10.433829001452656],[30.68181550330158,-10.434251203256618],[30.681815174160203,-10.434254148775016],[30.681814231749836,-10.434256956463518],[30.681812708519427,-10.43425952964833],[30.681810656916465,-10.43426177973005],[30.681808147581368,-10.434263629234295],[30.681805266915074,-10.434265014479262],[30.68180211410413,-10.434265887768417],[30.681798797705547,-10.434266219032844],[30.68021239766517,-10.434292119163185],[30.680209528427145,-10.43425997242323],[30.68177930657091,-10.434234343929809]]]]}},{"type":"Feature","properties":{"id":null,"group":null,"name":"Mbangi Street","settlement_id":null,"country_id":null,"district_id":null,"status":null,"surface":null,"access":null,"bridge":null,"tunnel":null,"oneway":null,"route_id":null,"alt_name":null,"notes":null},"geometry":{"type":"MultiPolygon","coordinates":[[[[30.681826052850127,-10.429000271906105],[30.68341606035298,-10.429023572145713],[30.68341766573935,-10.429055719440834],[30.681827669468692,-10.429032419626507],[30.680707673207674,-10.429016419772204],[30.680706052884595,-10.428984271814327],[30.681826052850127,-10.429000271906105]]]]}},{"type":"Feature","properties":{"id":null,"group":null,"name":"Smokey Street","settlement_id":null,"country_id":null,"district_id":null,"status":null,"surface":null,"access":null,"bridge":null,"tunnel":null,"oneway":null,"route_id":null,"alt_name":null,"notes":null},"geometry":{"type":"MultiPolygon","coordinates":[[[[30.68021227941186,-10.432501371649037],[30.68021276237896,-10.43250137069916],[30.681033462354296,-10.432509470766469],[30.68103365754163,-10.43250947362471],[30.681806257517156,-10.432524473687964],[30.681807668575114,-10.432556617898578],[30.681035166167565,-10.432541619857107],[30.68021480540016,-10.432533523272747],[30.67932524665747,-10.432545820010493],[30.679322479434855,-10.43251367157594],[30.68021227941186,-10.432501371649037]]]]}},{"type":"Feature","properties":{"id":null,"group":null,"name":"Dondolo Street","settlement_id":null,"country_id":null,"district_id":null,"status":null,"surface":null,"access":null,"bridge":null,"tunnel":null,"oneway":null,"route_id":null,"alt_name":null,"notes":null},"geometry":{"type":"MultiPolygon","coordinates":[[[[30.681823652301933,-10.429430771623567],[30.683402845879986,-10.42944507078984],[30.683404680212348,-10.429477220796654],[30.681825380165126,-10.429462920926184],[30.681825167359612,-10.429462917891462],[30.680612667321245,-10.42943931799076],[30.680611258771084,-10.42940717359579],[30.681823652301933,-10.429430771623567]]]]}},{"type":"Feature","properties":{"id":null,"group":null,"name":"Lilian Mvimbi Street","settlement_id":null,"country_id":null,"district_id":null,"status":null,"surface":null,"access":null,"bridge":null,"tunnel":null,"oneway":null,"route_id":null,"alt_name":null,"notes":null},"geometry":{"type":"MultiPolygon","coordinates":[[[[30.68021254780887,-10.433368369603963],[30.681801081237513,-10.433362169994023],[30.68180344485481,-10.433394321592441],[30.680214844810926,-10.433400521722893],[30.680214711725863,-10.433400521807863],[30.679338311700658,-10.43339822187978],[30.679336214391665,-10.43336606970669],[30.68021254780887,-10.433368369603963]]]]}},{"type":"Feature","properties":{"id":null,"group":null,"name":"Mqingoi Street","settlement_id":null,"country_id":null,"district_id":null,"status":null,"surface":null,"access":null,"bridge":null,"tunnel":null,"oneway":null,"route_id":null,"alt_name":null,"notes":null},"geometry":{"type":"MultiPolygon","coordinates":[[[[30.682854505403892,-10.429911416914987],[30.68285367411673,-10.429911417934523],[30.682550607593118,-10.429905618600126],[30.681813291701882,-10.429893923167572],[30.68047764192353,-10.429905521104148],[30.680475084168783,-10.429873370482314],[30.681810984133012,-10.429861770592037],[30.681811485041216,-10.429861772394906],[30.682549085018298,-10.429873472455336],[30.682549151985135,-10.429873473627195],[30.68285183573788,-10.429879265687081],[30.683391920675188,-10.429867574715846],[30.68339500541711,-10.429899716870585],[30.682854505403892,-10.429911416914987]]]]}},{"type":"Feature","properties":{"id":null,"group":null,"name":"Xhalisa Street","settlement_id":null,"country_id":null,"district_id":null,"status":null,"surface":null,"access":null,"bridge":null,"tunnel":null,"oneway":null,"route_id":null,"alt_name":null,"notes":null},"geometry":{"type":"MultiPolygon","coordinates":[[[[30.680216700010394,-10.432948369858886],[30.681803485250736,-10.43295026985175],[30.68180564084156,-10.432982421734751],[30.680218740796295,-10.432980521865003],[30.680218511290104,-10.432980520299983],[30.679326011262912,-10.432969420373155],[30.67932431482938,-10.432937271213362],[30.680216700010394,-10.432948369858886]]]]}},{"type":"Feature","properties":{"id":null,"group":null,"name":null,"settlement_id":null,"country_id":null,"district_id":null,"status":null,"surface":null,"access":null,"bridge":null,"tunnel":null,"oneway":null,"route_id":null,"alt_name":null,"notes":null},"geometry":{"type":"MultiPolygon","coordinates":[[[[30.66603718642503,-10.429715565090799],[30.666043339667358,-10.429747526495351],[30.665393039660387,-10.429811526548209],[30.665386886431957,-10.429779565037943],[30.66603718642503,-10.429715565090799]]]]}},{"type":"Feature","properties":{"id":null,"group":null,"name":"Rowland Street","settlement_id":null,"country_id":null,"district_id":null,"status":null,"surface":null,"access":null,"bridge":null,"tunnel":null,"oneway":null,"route_id":null,"alt_name":null,"notes":null},"geometry":{"type":"MultiPolygon","coordinates":[[[[30.667945754640996,-10.433357060289564],[30.667909971448427,-10.43336043129718],[30.66753037147441,-10.431333331112585],[30.66756615461499,-10.431329960474162],[30.667945754640996,-10.433357060289564]]]]}},{"type":"Feature","properties":{"id":null,"group":null,"name":null,"settlement_id":null,"country_id":null,"district_id":null,"status":null,"surface":null,"access":null,"bridge":null,"tunnel":null,"oneway":null,"route_id":null,"alt_name":null,"notes":null},"geometry":{"type":"MultiPolygon","coordinates":[[[[30.666511265353474,-10.428758457522141],[30.666511674533584,-10.428758423134484],[30.666986474526396,-10.428723423173308],[30.6669879504529,-10.428723368605297],[30.667174350447645,-10.428723268620596],[30.66717657564463,-10.428755422965867],[30.666990916702684,-10.428755522583574],[30.666517056512816,-10.428790453343481],[30.665947360732385,-10.428844234110406],[30.665941365359966,-10.428812257475753],[30.666511265353474,-10.428758457522141]]]]}},{"type":"Feature","properties":{"id":null,"group":null,"name":"Duine Street","settlement_id":null,"country_id":null,"district_id":null,"status":null,"surface":null,"access":null,"bridge":null,"tunnel":null,"oneway":null,"route_id":null,"alt_name":null,"notes":null},"geometry":{"type":"MultiPolygon","coordinates":[[[[30.674134154421175,-10.437728042827489],[30.67402097136335,-10.437756706715716],[30.673920007508283,-10.43779785462604],[30.673859050451078,-10.437833405014352],[30.67377811473637,-10.43792550094117],[30.673378945565123,-10.438560407072499],[30.673364054093913,-10.438609058720356],[30.673365322602272,-10.43866206416828],[30.67338397306081,-10.438700346689846],[30.673813825845833,-10.438909256356173],[30.673797900245322,-10.438937235231549],[30.673362100205722,-10.43872543525171],[30.67335938498198,-10.438723843087933],[30.673356995674744,-10.438721872533115],[30.673355005210585,-10.438719583732674],[30.6733534743426,-10.438717046545522],[30.673330674340924,-10.438670246541989],[30.673329555373275,-10.438667177116264],[30.673329126465255,-10.43866400904606],[30.67332772646755,-10.438605509040675],[30.673328333598292,-10.438601071355246],[30.67334443360264,-10.438548471351169],[30.673345987146742,-10.43854508340202],[30.673746787216707,-10.437907583371635],[30.673748196587272,-10.437905697135001],[30.673831596598763,-10.437810797133142],[30.673833428281736,-10.437809031771478],[30.673835561631233,-10.437807553372034],[30.6738998616359,-10.437770053374859],[30.67390207343846,-10.437768966297101],[30.674005373443077,-10.437726866303544],[30.674007813362554,-10.437726066117818],[30.674123113364555,-10.437696866126398],[30.674124855456938,-10.43769650994379],[30.674411355456915,-10.437651509966564],[30.674419770635467,-10.437683181619434],[30.674134154421175,-10.437728042827489]]]]}},{"type":"Feature","properties":{"id":null,"group":null,"name":"Thwalo Street","settlement_id":null,"country_id":null,"district_id":null,"status":null,"surface":null,"access":null,"bridge":null,"tunnel":null,"oneway":null,"route_id":null,"alt_name":null,"notes":null},"geometry":{"type":"MultiPolygon","coordinates":[[[[30.680218972231735,-10.432068575569078],[30.680219732962442,-10.432068571515957],[30.68102293206206,-10.432079271570124],[30.68180863118532,-10.432089671623231],[30.681810294907002,-10.432121819963262],[30.681024594882935,-10.432111420027672],[30.680221774030056,-10.432100725144878],[30.67932745383905,-10.432122216090837],[30.679324272253265,-10.43209007549557],[30.680218972231735,-10.432068575569078]]]]}},{"type":"Feature","properties":{"id":null,"group":null,"name":"Kanarie Street","settlement_id":null,"country_id":null,"district_id":null,"status":null,"surface":null,"access":null,"bridge":null,"tunnel":null,"oneway":null,"route_id":null,"alt_name":null,"notes":null},"geometry":{"type":"MultiPolygon","coordinates":[[[[30.67381197720238,-10.439036328766194],[30.67380127125367,-10.439342539036682],[30.673816928320843,-10.439400067573324],[30.673853514267346,-10.439432986399588],[30.673903704025417,-10.439453846800852],[30.673962708877543,-10.439459278998438],[30.674983872213087,-10.439469870404455],[30.674985653879173,-10.439502021182035],[30.67396365384838,-10.439491421265833],[30.67396198035047,-10.439491335543682],[30.673898980347726,-10.43948553554871],[30.673895880575273,-10.43948501171506],[30.67389289608311,-10.439484028659145],[30.673836596078303,-10.439460628662205],[30.67383358783397,-10.439459074749522],[30.673830925446268,-10.439457068029762],[30.67378802544177,-10.439418468029354],[30.67378578160764,-10.43941605217961],[30.67378406626287,-10.439413332196052],[30.67378294073713,-10.439410405327838],[30.673765440737053,-10.439346105322148],[30.673764930997596,-10.439341774079436],[30.673775731012324,-10.439032874051275],[30.673775803669105,-10.439031855628714],[30.673787803675566,-10.438920755618843],[30.67382392241411,-10.438925735967132],[30.67381197720238,-10.439036328766194]]]]}},{"type":"Feature","properties":{"id":null,"group":null,"name":"Makhubalo Street","settlement_id":null,"country_id":null,"district_id":null,"status":null,"surface":null,"access":null,"bridge":null,"tunnel":null,"oneway":null,"route_id":null,"alt_name":null,"notes":null},"geometry":{"type":"MultiPolygon","coordinates":[[[[30.68021757839794,-10.43162797166053],[30.680217959596526,-10.43162796993956],[30.6818109595501,-10.43163567007029],[30.681812966542225,-10.431667821516205],[30.680220157227513,-10.431660122568912],[30.67933394767146,-10.431672419998712],[30.679331178420888,-10.431640271587716],[30.68021757839794,-10.43162797166053]]]]}},{"type":"Feature","properties":{"id":null,"group":null,"name":null,"settlement_id":null,"country_id":null,"district_id":null,"status":null,"surface":null,"access":null,"bridge":null,"tunnel":null,"oneway":null,"route_id":null,"alt_name":null,"notes":null},"geometry":{"type":"MultiPolygon","coordinates":[[[[30.680220945350253,-10.43457419521591],[30.68023182456139,-10.434625027385504],[30.680248171187156,-10.434660430022605],[30.680262622936784,-10.434676798027457],[30.680286661566868,-10.434690987498719],[30.68032823383504,-10.434703601310291],[30.681683673795884,-10.434717555505642],[30.681717940229102,-10.434712810925303],[30.68173935704271,-10.434701585013624],[30.68175034742261,-10.43468918158642],[30.681764993446176,-10.43466261861571],[30.68177821865517,-10.434620879488671],[30.68178271555495,-10.434571700655026],[30.6817792233924,-10.434249322801596],[30.681815502697127,-10.434250968784713],[30.681819002710334,-10.434574068754968],[30.681818945069498,-10.434575506867244],[30.68181424507236,-10.434626906862642],[30.68181365165275,-10.434629850556979],[30.681799551656486,-10.434674350553559],[30.68179845750452,-10.434676897446245],[30.68178235750757,-10.434706097444623],[30.681780488783023,-10.43470874001191],[30.68176648878492,-10.434724540011606],[30.681764376816048,-10.434726515028066],[30.681761886244157,-10.434728112799895],[30.681734986245903,-10.434742212801254],[30.681732067756627,-10.434743424727632],[30.681728916970652,-10.43474413327633],[30.68168991697051,-10.434749533279447],[30.681686955220076,-10.434749720669194],[30.680327055179134,-10.434735720780715],[30.680324119402307,-10.434735479955146],[30.680321237204225,-10.434734824000529],[30.680274437200772,-10.434720624003624],[30.680269956551363,-10.434718659799833],[30.680241156548593,-10.434701659800778],[30.680238675826256,-10.434699926788673],[30.68023653550456,-10.434697865008475],[30.680218435502656,-10.434677365007715],[30.68021573094802,-10.434673243941463],[30.680197630946786,-10.434634043938432],[30.6801965463715,-10.434630804766028],[30.680184946371963,-10.434576604761151],[30.680184627885808,-10.434573180021184],[30.680192827899717,-10.434274679993928],[30.68022909818987,-10.434277411592285],[30.680220945350253,-10.43457419521591]]]]}},{"type":"Feature","properties":{"id":null,"group":null,"name":"Flosse Street","settlement_id":null,"country_id":null,"district_id":null,"status":null,"surface":null,"access":null,"bridge":null,"tunnel":null,"oneway":null,"route_id":null,"alt_name":null,"notes":null},"geometry":{"type":"MultiPolygon","coordinates":[[[[30.672070072664543,-10.438900268313386],[30.671888447743925,-10.438777823442779],[30.67188506607594,-10.438774921614774],[30.671852866072587,-10.438739821613638],[30.67185062807316,-10.438736786235104],[30.671849163191013,-10.438733430691327],[30.67183176319065,-10.438676130686348],[30.671831206759954,-10.438673419139068],[30.671831171537367,-10.438670691041732],[30.671831658539592,-10.438668025142912],[30.67184635854376,-10.438616525138851],[30.671848157937287,-10.43861261814914],[30.672994758131182,-10.436874018072016],[30.6730263679596,-10.436891473513077],[30.671880974456553,-10.438628244276762],[30.671868009446847,-10.438673665916916],[30.671883094124016,-10.438723341315457],[30.67191116438585,-10.438753939646043],[30.67209157832839,-10.438875568149086],[30.672092882794132,-10.438876528385496],[30.67229548277302,-10.439039128386273],[30.672272043317435,-10.439062363201689],[30.672070072664543,-10.438900268313386]]]]}},{"type":"Feature","properties":{"id":null,"group":null,"name":null,"settlement_id":null,"country_id":null,"district_id":null,"status":null,"surface":null,"access":null,"bridge":null,"tunnel":null,"oneway":null,"route_id":null,"alt_name":null,"notes":null},"geometry":{"type":"MultiPolygon","coordinates":[[[[30.683390875809923,-10.428654951390778],[30.683374607145595,-10.428636692412327],[30.683353169378407,-10.42862052764628],[30.683320353908886,-10.428606186698744],[30.68180110014501,-10.42859392110368],[30.681800660951073,-10.428593912841041],[30.68081226091808,-10.428564712921832],[30.6808105824092,-10.428564594590991],[30.680380182388973,-10.428516594625163],[30.68038254370312,-10.428484696961705],[30.680812105161102,-10.428532603480656],[30.68179944543888,-10.428561772255021],[30.683322725902016,-10.42857407060779],[30.68332688486249,-10.428574528171358],[30.683330873790034,-10.428575809961773],[30.683369773786666,-10.42859280996381],[30.683373821993428,-10.428595170424062],[30.683398621990857,-10.428613870424323],[30.68340133640767,-10.428616365584025],[30.683420136405694,-10.428637465583272],[30.683422374751718,-10.428640618732247],[30.683444074749904,-10.428680018729475],[30.683411651339632,-10.428692672858052],[30.683390875809923,-10.428654951390778]]]]}},{"type":"Feature","properties":{"id":null,"group":null,"name":"Hlazo Street","settlement_id":null,"country_id":null,"district_id":null,"status":null,"surface":null,"access":null,"bridge":null,"tunnel":null,"oneway":null,"route_id":null,"alt_name":null,"notes":null},"geometry":{"type":"MultiPolygon","coordinates":[[[[30.680652081114943,-10.430308679534384],[30.68084546277373,-10.430311066978181],[30.6814312133116,-10.430298174717587],[30.68143135057137,-10.430298172160642],[30.68181825056147,-10.430292272192448],[30.68181869131504,-10.430292270242616],[30.682382591298463,-10.430295870288873],[30.682383099121974,-10.430295879837258],[30.683395699087868,-10.430327479919999],[30.683396627004417,-10.43035961166658],[30.682384281022983,-10.430328019677596],[30.681820855330777,-10.430324422751955],[30.681434244172113,-10.430330318378903],[30.680848212766392,-10.430343216916974],[30.680847512973703,-10.430343220283092],[30.6806531129678,-10.430340820299016],[30.68065177649301,-10.430340760198051],[30.680330776479693,-10.430315860223919],[30.680331749612463,-10.43028383136281],[30.680652081114943,-10.430308679534384]]]]}},{"type":"Feature","properties":{"id":null,"group":null,"name":null,"settlement_id":null,"country_id":null,"district_id":null,"status":null,"surface":null,"access":null,"bridge":null,"tunnel":null,"oneway":null,"route_id":null,"alt_name":null,"notes":null},"geometry":{"type":"MultiPolygon","coordinates":[[[[30.6833960665349,-10.431145647219038],[30.68338672773442,-10.43079454735536],[30.683386725341308,-10.43079444300089],[30.683378025359158,-10.430342842959284],[30.683378022966014,-10.430342652571106],[30.68337532298511,-10.429882752528842],[30.683375326945104,-10.429882323963497],[30.68338562696459,-10.429459823924875],[30.68338562958589,-10.42945972938956],[30.683398729605766,-10.429038229351107],[30.683409729644904,-10.428684928593926],[30.68344599644466,-10.428687762992269],[30.683434996475462,-10.429041062506622],[30.683421897972273,-10.42946251494124],[30.683411604363062,-10.429884753537936],[30.683414302564596,-10.430344343849264],[30.68342299974301,-10.430795796414655],[30.683432398368662,-10.4311491441984],[30.683431789636792,-10.43115362807569],[30.68341368964166,-10.43121262807113],[30.683378636448392,-10.431202463514452],[30.6833960665349,-10.431145647219038]]]]}},{"type":"Feature","properties":{"id":null,"group":null,"name":null,"settlement_id":null,"country_id":null,"district_id":null,"status":null,"surface":null,"access":null,"bridge":null,"tunnel":null,"oneway":null,"route_id":null,"alt_name":null,"notes":null},"geometry":{"type":"MultiPolygon","coordinates":[[[[30.674993880411883,-10.442286647872546],[30.675460211917898,-10.442222157381982],[30.675460688156726,-10.442222097413786],[30.676095259525482,-10.442150000717502],[30.676717078094075,-10.442077521914758],[30.67737652580115,-10.441990242123811],[30.677376693935283,-10.441990220604906],[30.677814292886772,-10.441936120769483],[30.67801229183044,-10.441911620916006],[30.67801266690949,-10.441911578129256],[30.678381175346768,-10.44187308772243],[30.67849968395959,-10.441859598134334],[30.67850052005071,-10.441859520785414],[30.678607020049046,-10.44185192079413],[30.67860868232853,-10.441851870822454],[30.678884482320196,-10.441854870845065],[30.67888608254942,-10.441854950757316],[30.679004082544306,-10.441865450766773],[30.67900434318606,-10.44186547562066],[30.679090843182134,-10.441874275627562],[30.679091324774035,-10.441874330310409],[30.679520424752916,-10.441928130344198],[30.6795175013392,-10.44195996124268],[30.67908864189789,-10.441906191440141],[30.679002513183093,-10.441897429219766],[30.67888544381455,-10.441887012040096],[30.678611278536952,-10.44188402984427],[30.678506025703616,-10.441891540853083],[30.678387842131865,-10.441904993461371],[30.67838765918646,-10.441905013426968],[30.67801924709715,-10.441943493829356],[30.677821434260764,-10.441967970686028],[30.677383916305878,-10.44202206057793],[30.676724400288254,-10.442109349515244],[30.676724095180724,-10.442109387483642],[30.676102095176127,-10.442181887533918],[30.676102037940716,-10.44218189412096],[30.675467676703366,-10.442253967044692],[30.67500151417287,-10.442318434241427],[30.675001377075386,-10.442318452710873],[30.67483667707459,-10.442340052724115],[30.67482924901778,-10.442308238861932],[30.674993880411883,-10.442286647872546]]]]}},{"type":"Feature","properties":{"id":null,"group":null,"name":"Henry Street","settlement_id":null,"country_id":null,"district_id":null,"status":null,"surface":null,"access":null,"bridge":null,"tunnel":null,"oneway":null,"route_id":null,"alt_name":null,"notes":null},"geometry":{"type":"MultiPolygon","coordinates":[[[[30.674850897873856,-10.442322700661045],[30.6748150282155,-10.44232559092567],[30.67443702825026,-10.440105190722592],[30.67447289783915,-10.440102300864138],[30.674850897873856,-10.442322700661045]]]]}},{"type":"Feature","properties":{"id":null,"group":null,"name":"Gravenor Street","settlement_id":null,"country_id":null,"district_id":null,"status":null,"surface":null,"access":null,"bridge":null,"tunnel":null,"oneway":null,"route_id":null,"alt_name":null,"notes":null},"geometry":{"type":"MultiPolygon","coordinates":[[[[30.67624143365511,-10.439308955872114],[30.67624173555704,-10.439309698535375],[30.67626183555606,-10.439362998530955],[30.676262097650824,-10.439363751507326],[30.676278897650356,-10.439416351502796],[30.67627939420714,-10.439418379762596],[30.676400394217993,-10.440122979698172],[30.676738594204636,-10.44209197926373],[30.67670273188479,-10.442094912323007],[30.67636453191508,-10.440125912142951],[30.676243707776642,-10.439422336106615],[30.676227349405863,-10.439371118823015],[30.67620753157888,-10.439318567070991],[30.67566249239968,-10.4380694356165],[30.67569623368979,-10.438059455970826],[30.67624143365511,-10.439308955872114]]]]}},{"type":"Feature","properties":{"id":null,"group":null,"name":null,"settlement_id":null,"country_id":null,"district_id":null,"status":null,"surface":null,"access":null,"bridge":null,"tunnel":null,"oneway":null,"route_id":null,"alt_name":null,"notes":null},"geometry":{"type":"MultiPolygon","coordinates":[[[[30.674458811139374,-10.44011963468967],[30.674196493947306,-10.440155637077856],[30.67383588908545,-10.440205037773252],[30.673828237006987,-10.440173253812777],[30.674188834575634,-10.440123854174603],[30.674451123548913,-10.44008785570889],[30.6750635149509,-10.440003256945463],[30.675071211141493,-10.440035034640573],[30.674458811139374,-10.44011963468967]]]]}},{"type":"Feature","properties":{"id":null,"group":null,"name":null,"settlement_id":null,"country_id":null,"district_id":null,"status":null,"surface":null,"access":null,"bridge":null,"tunnel":null,"oneway":null,"route_id":null,"alt_name":null,"notes":null},"geometry":{"type":"MultiPolygon","coordinates":[[[[30.675671764439397,-10.445609092551503],[30.67558813028874,-10.445074513342332],[30.675489770952602,-10.44454933037666],[30.67548976459597,-10.444549296213408],[30.67537656460412,-10.443936896157592],[30.675376560459856,-10.443936873639442],[30.67528736393965,-10.443450092550247],[30.675191167470057,-10.442932711454215],[30.675162966430285,-10.442780705831012],[30.675162740703996,-10.442777345125695],[30.675163306922993,-10.442774058739452],[30.67516464034356,-10.442770990287231],[30.675166682695213,-10.442768273860203],[30.675432075449365,-10.442488341795894],[30.67544440895278,-10.442467964705955],[30.675454647212398,-10.44244147096805],[30.675457083119273,-10.442413503165186],[30.675445950907104,-10.442237971911245],[30.675482175182335,-10.442238119675189],[30.675493375188143,-10.442414719658872],[30.67549335076025,-10.442416847127653],[30.675490650761954,-10.442447847124871],[30.675489765042155,-10.442451667822713],[30.675478365044864,-10.442481167820622],[30.675477267846365,-10.442483399621397],[30.67546346784883,-10.442506199620253],[30.67546154336154,-10.442508717728062],[30.6752000804132,-10.442784504745383],[30.675226959141735,-10.44292938294229],[30.6753231586261,-10.443446780085397],[30.675323165622977,-10.443446817991711],[30.675412363565872,-10.443933606685098],[30.67552555833543,-10.444545978289263],[30.675623955143582,-10.445071361162233],[30.67562402984688,-10.445071795867833],[30.67570772985646,-10.445606795818742],[30.675707787657622,-10.445607202587817],[30.67574468766415,-10.445896002561218],[30.675708638425288,-10.445897689025397],[30.675671764439397,-10.445609092551503]]]]}},{"type":"Feature","properties":{"id":null,"group":null,"name":null,"settlement_id":null,"country_id":null,"district_id":null,"status":null,"surface":null,"access":null,"bridge":null,"tunnel":null,"oneway":null,"route_id":null,"alt_name":null,"notes":null},"geometry":{"type":"MultiPolygon","coordinates":[[[[30.675230087793043,-10.438832730156022],[30.67523302917069,-10.438832313034952],[30.675267929170115,-10.438830013037817],[30.675271302382257,-10.438830071165922],[30.67527464305968,-10.438830682587621],[30.675277835495447,-10.43883182612581],[30.675311335492488,-10.43884702612748],[30.675315636827246,-10.438849672130141],[30.675353236823355,-10.438880072130265],[30.675355646706652,-10.43888240555277],[30.675357538803482,-10.438885076297973],[30.67538033880151,-10.438924876295275],[30.6753808625561,-10.438925867343409],[30.675595462540382,-10.439368067310069],[30.675596596497403,-10.439371219952678],[30.675619396497794,-10.439466019944186],[30.675619486368735,-10.439466417340705],[30.67563558636939,-10.439542417333854],[30.675635681779706,-10.439542908417303],[30.675720079462753,-10.440020295228912],[30.675990950349746,-10.441536332033664],[30.67611652042976,-10.44216408236387],[30.676080805659655,-10.442167809222928],[30.675955205666412,-10.441539909165929],[30.675955148953108,-10.441539609638944],[30.675684248974726,-10.440023409500553],[30.67568424430272,-10.440023383213031],[30.675599887792977,-10.439546229132405],[30.67558388188672,-10.439470673291385],[30.675561518680798,-10.439377689428722],[30.67534790728097,-10.438937526508301],[30.675327015676626,-10.43890105783232],[30.67529404640019,-10.438874401824295],[30.675267636127774,-10.438862418658518],[30.67523939471614,-10.438864279842662],[30.674890838303394,-10.43894116145651],[30.674880087788992,-10.438909930129293],[30.675230087793043,-10.438832730156022]]]]}},{"type":"Feature","properties":{"id":null,"group":null,"name":null,"settlement_id":null,"country_id":null,"district_id":null,"status":null,"surface":null,"access":null,"bridge":null,"tunnel":null,"oneway":null,"route_id":null,"alt_name":null,"notes":null},"geometry":{"type":"MultiPolygon","coordinates":[[[[30.666532317732663,-10.42877385336782],[30.666679899016653,-10.429994098259527],[30.666643827072733,-10.429995593327082],[30.66649622710149,-10.428775193214541],[30.66649619297515,-10.42877488311298],[30.66642379299488,-10.428044783045559],[30.66645993309456,-10.428043908540973],[30.666532317732663,-10.42877385336782]]]]}},{"type":"Feature","properties":{"id":null,"group":null,"name":null,"settlement_id":null,"country_id":null,"district_id":null,"status":null,"surface":null,"access":null,"bridge":null,"tunnel":null,"oneway":null,"route_id":null,"alt_name":null,"notes":null},"geometry":{"type":"MultiPolygon","coordinates":[[[[30.67352733745571,-10.439737313595916],[30.67361097226528,-10.439653876749082],[30.67382956334009,-10.439435085708322],[30.673857362751214,-10.439457205876653],[30.673638762778335,-10.439676005875402],[30.673638744858263,-10.439676023782457],[30.67355424486868,-10.439760323782023],[30.673552393108906,-10.439761904594745],[30.673342493128327,-10.439915104600436],[30.673318432963352,-10.439889786984574],[30.67352733745571,-10.439737313595916]]]]}},{"type":"Feature","properties":{"id":null,"group":null,"name":null,"settlement_id":null,"country_id":null,"district_id":null,"status":null,"surface":null,"access":null,"bridge":null,"tunnel":null,"oneway":null,"route_id":null,"alt_name":null,"notes":null},"geometry":{"type":"MultiPolygon","coordinates":[[[[30.674984660232443,-10.442373747652505],[30.67498882228836,-10.442376223260158],[30.67502432228469,-10.442403723260439],[30.675026611520156,-10.442405817567655],[30.675048711517878,-10.44242971756689],[30.675050514359977,-10.442432021251639],[30.67505186955697,-10.442434538652059],[30.675197769547918,-10.442774138625055],[30.675163956541542,-10.442783952962255],[30.67501918463868,-10.442446978754333],[30.67500016070932,-10.442426405365886],[30.674967812143052,-10.442401346620391],[30.67482566584618,-10.44233844394261],[30.674840260245087,-10.442309847645078],[30.674984660232443,-10.442373747652505]]]]}},{"type":"Feature","properties":{"id":null,"group":null,"name":"Tuna Street","settlement_id":null,"country_id":null,"district_id":null,"status":null,"surface":null,"access":null,"bridge":null,"tunnel":null,"oneway":null,"route_id":null,"alt_name":null,"notes":null},"geometry":{"type":"MultiPolygon","coordinates":[[[[30.67569326489462,-10.445623979331321],[30.675686261197814,-10.445592112254758],[30.678751861177048,-10.445223812502272],[30.67875886491537,-10.44525567908381],[30.67569326489462,-10.445623979331321]]]]}},{"type":"Feature","properties":{"id":null,"group":null,"name":"Makriel Street","settlement_id":null,"country_id":null,"district_id":null,"status":null,"surface":null,"access":null,"bridge":null,"tunnel":null,"oneway":null,"route_id":null,"alt_name":null,"notes":null},"geometry":{"type":"MultiPolygon","coordinates":[[[[30.675609682970823,-10.445088964789043],[30.675602443121583,-10.445057126797025],[30.67885554310317,-10.44464642705906],[30.678862782989235,-10.444678264526985],[30.675609682970823,-10.445088964789043]]]]}},{"type":"Feature","properties":{"id":null,"group":null,"name":"Maasbanker Street","settlement_id":null,"country_id":null,"district_id":null,"status":null,"surface":null,"access":null,"bridge":null,"tunnel":null,"oneway":null,"route_id":null,"alt_name":null,"notes":null},"geometry":{"type":"MultiPolygon","coordinates":[[[[30.675511534757444,-10.444563531357801],[30.675503791334947,-10.444531760228228],[30.678186091326207,-10.444157960443142],[30.67819383476616,-10.444189731142876],[30.675511534757444,-10.444563531357801]]]]}},{"type":"Feature","properties":{"id":null,"group":null,"name":"Snoek Street","settlement_id":null,"country_id":null,"district_id":null,"status":null,"surface":null,"access":null,"bridge":null,"tunnel":null,"oneway":null,"route_id":null,"alt_name":null,"notes":null},"geometry":{"type":"MultiPolygon","coordinates":[[[[30.676426423223997,-10.443898404085797],[30.676425644174966,-10.443898504529303],[30.676205044173006,-10.443922504547162],[30.676204127477927,-10.443922582930208],[30.676007027474522,-10.443934882946364],[30.67600631232754,-10.443934914843034],[30.67539611231314,-10.443951314893171],[30.67539281377921,-10.44391917669323],[30.67600265540165,-10.44390278637489],[30.676198938418974,-10.443890537374445],[30.676418690627465,-10.443866629626863],[30.67807190286603,-10.443619887632108],[30.67808002322636,-10.443651603953894],[30.676426423223997,-10.443898404085797]]]]}},{"type":"Feature","properties":{"id":null,"group":null,"name":"Stokvis Street","settlement_id":null,"country_id":null,"district_id":null,"status":null,"surface":null,"access":null,"bridge":null,"tunnel":null,"oneway":null,"route_id":null,"alt_name":null,"notes":null},"geometry":{"type":"MultiPolygon","coordinates":[[[[30.67530896473077,-10.443464354308063],[30.675301561361604,-10.443432537277994],[30.67799046134851,-10.44308163749423],[30.67799786474387,-10.443113454091815],[30.67530896473077,-10.443464354308063]]]]}},{"type":"Feature","properties":{"id":null,"group":null,"name":null,"settlement_id":null,"country_id":null,"district_id":null,"status":null,"surface":null,"access":null,"bridge":null,"tunnel":null,"oneway":null,"route_id":null,"alt_name":null,"notes":null},"geometry":{"type":"MultiPolygon","coordinates":[[[[30.675613111757688,-10.450598416793623],[30.675613104320394,-10.45059840115645],[30.675558422360677,-10.45048327077644],[30.675496562273917,-10.450378714323023],[30.67518612159997,-10.449869911568367],[30.675185517715114,-10.449868833698483],[30.674858066173844,-10.449229209701569],[30.67482665552093,-10.449182483918038],[30.674754004990305,-10.449084918943477],[30.674783921099465,-10.44906837264428],[30.674856821092273,-10.449166272639241],[30.67485730208848,-10.449166952073469],[30.674889502085485,-10.449214852070643],[30.674890508399763,-10.449216557935912],[30.675218128059473,-10.449856510344055],[30.675528304461924,-10.45036487998632],[30.675528421735567,-10.45036507516146],[30.67559072173013,-10.450470375154465],[30.67559142177301,-10.45047169043979],[30.675646418055425,-10.450587482612],[30.675777914322392,-10.450863574772775],[30.675744611767094,-10.45087451681463],[30.675613111757688,-10.450598416793623]]]]}},{"type":"Feature","properties":{"id":null,"group":null,"name":null,"settlement_id":null,"country_id":null,"district_id":null,"status":null,"surface":null,"access":null,"bridge":null,"tunnel":null,"oneway":null,"route_id":null,"alt_name":null,"notes":null},"geometry":{"type":"MultiPolygon","coordinates":[[[[30.666980699514014,-10.438687983205213],[30.667091099429513,-10.439062782891602],[30.66709118706188,-10.439063092437541],[30.667271587061222,-10.439727092378938],[30.667271645191736,-10.439727312898686],[30.667375345192397,-10.440133112862602],[30.667375370467525,-10.440133213204502],[30.667392970467713,-10.440204113198158],[30.667357555621653,-10.440209178388745],[30.667339968082647,-10.440138328579668],[30.667236309107658,-10.439732689081058],[30.66705598115512,-10.439068954211287],[30.666945626658105,-10.438694308662711],[30.666720726559628,-10.437930708274017],[30.666755799529778,-10.437924383313018],[30.666980699514014,-10.438687983205213]]]]}},{"type":"Feature","properties":{"id":null,"group":null,"name":null,"settlement_id":null,"country_id":null,"district_id":null,"status":null,"surface":null,"access":null,"bridge":null,"tunnel":null,"oneway":null,"route_id":null,"alt_name":null,"notes":null},"geometry":{"type":"MultiPolygon","coordinates":[[[[30.66756178205239,-10.439670460929825],[30.667569544040024,-10.439702230656211],[30.667257844039018,-10.439745830681167],[30.667250082053368,-10.439714060904869],[30.66756178205239,-10.439670460929825]]]]}},{"type":"Feature","properties":{"id":null,"group":null,"name":null,"settlement_id":null,"country_id":null,"district_id":null,"status":null,"surface":null,"access":null,"bridge":null,"tunnel":null,"oneway":null,"route_id":null,"alt_name":null,"notes":null},"geometry":{"type":"MultiPolygon","coordinates":[[[[30.678033815770675,-10.441926208287944],[30.677997910318744,-10.44192888329878],[30.677832210335936,-10.440909983205414],[30.677868115753476,-10.4409073083813],[30.678033815770675,-10.441926208287944]]]]}},{"type":"Feature","properties":{"id":null,"group":null,"name":null,"settlement_id":null,"country_id":null,"district_id":null,"status":null,"surface":null,"access":null,"bridge":null,"tunnel":null,"oneway":null,"route_id":null,"alt_name":null,"notes":null},"geometry":{"type":"MultiPolygon","coordinates":[[[[30.677398157075768,-10.442004472017963],[30.67736236901361,-10.442007819568788],[30.67700996903819,-10.440118219396629],[30.677045757051232,-10.44011487219012],[30.677398157075768,-10.442004472017963]]]]}},{"type":"Feature","properties":{"id":null,"group":null,"name":"Kobus Meiring Street","settlement_id":null,"country_id":null,"district_id":null,"status":null,"surface":null,"access":null,"bridge":null,"tunnel":null,"oneway":null,"route_id":null,"alt_name":null,"notes":null},"geometry":{"type":"MultiPolygon","coordinates":[[[[30.67765959408809,-10.454619056581425],[30.677654702715554,-10.45461886156244],[30.677599702712556,-10.45461006156666],[30.677595692415274,-10.454609002759101],[30.67755209241175,-10.454592702761687],[30.67754909924576,-10.454591300474759],[30.67754641034124,-10.454589454778326],[30.67751631033809,-10.454564854778383],[30.67751402509615,-10.454562638644168],[30.677512204710172,-10.454560116960877],[30.67751090903443,-10.454557372641489],[30.677493409033712,-10.45450877263742],[30.67749282534854,-10.454506707684859],[30.67744122535094,-10.454257607662287],[30.677441177046177,-10.454257364237707],[30.677248137411986,-10.453239982235505],[30.67714634032516,-10.452807344570857],[30.67712621024998,-10.452743483638171],[30.67712618457604,-10.452743401384033],[30.67691288457117,-10.452053201324233],[30.676912601471088,-10.452052154044468],[30.676730601475473,-10.451267853974047],[30.676730577830043,-10.451267750406503],[30.67661047783366,-10.450732950358333],[30.67664604825571,-10.450728541228512],[30.6767661366247,-10.45126328937252],[30.676948002382648,-10.452047010798328],[30.677161128796225,-10.452736649053373],[30.677181415838884,-10.452801007943323],[30.67718171420892,-10.452802092912066],[30.677283714211093,-10.453235592873172],[30.67728384903044,-10.453236227441709],[30.677476925928385,-10.454253805530353],[30.677528284204097,-10.45450173857416],[30.677543851752365,-10.454544971880582],[30.67756758154416,-10.454564365665703],[30.67760608299064,-10.454578759558409],[30.677656572406867,-10.454586837869368],[30.67772593200332,-10.45458123501065],[30.67773139408911,-10.454613256575563],[30.67765959408809,-10.454619056581425]]]]}},{"type":"Feature","properties":{"id":null,"group":null,"name":"Dougall Street","settlement_id":null,"country_id":null,"district_id":null,"status":null,"surface":null,"access":null,"bridge":null,"tunnel":null,"oneway":null,"route_id":null,"alt_name":null,"notes":null},"geometry":{"type":"MultiPolygon","coordinates":[[[[30.675940040348685,-10.46781871924057],[30.675941119822443,-10.467816588347757],[30.675961719826084,-10.46778318834612],[30.675962930545392,-10.46778150577051],[30.675983730548374,-10.467756505769895],[30.675984392412268,-10.467755761709943],[30.676308192454176,-10.467414961706076],[30.676308363174748,-10.467414784887785],[30.676828098141513,-10.466885051234444],[30.67713309293621,-10.466566561132497],[30.67723205227614,-10.466461604269249],[30.677232253021753,-10.466461395358175],[30.677599336137423,-10.466086540164435],[30.677628688807363,-10.46603584010522],[30.677646679618956,-10.465990480300281],[30.67768183017735,-10.465827797618575],[30.67782944935003,-10.464784569215583],[30.677923639877278,-10.464064541905598],[30.677959686212436,-10.46407014968036],[30.67786548625662,-10.464790249617048],[30.677865466461682,-10.464790395002444],[30.677717766527252,-10.465834194911169],[30.67771758956643,-10.465835186152848],[30.67768208957832,-10.465999486139138],[30.677681421042564,-10.46600168390774],[30.67766262104693,-10.466049083904418],[30.67766171185107,-10.466050959044068],[30.67763091185674,-10.466104159041231],[30.677628673023065,-10.466107096229813],[30.67726037453584,-10.466483192611875],[30.677161473828008,-10.466588087314449],[30.677161392113852,-10.466588173309548],[30.67685629215306,-10.466906773306198],[30.676856162851085,-10.46690690670132],[30.676336449062035,-10.46743661889406],[30.676013078009603,-10.467776967465406],[30.675993264145426,-10.467800782208778],[30.675973838353592,-10.467832278399474],[30.67573628579614,-10.468419572303903],[30.675702040294087,-10.468407119281501],[30.675940040348685,-10.46781871924057]]]]}},{"type":"Feature","properties":{"id":null,"group":null,"name":null,"settlement_id":null,"country_id":null,"district_id":null,"status":null,"surface":null,"access":null,"bridge":null,"tunnel":null,"oneway":null,"route_id":null,"alt_name":null,"notes":null},"geometry":{"type":"MultiPolygon","coordinates":[[[[30.67722859334886,-10.459362739494807],[30.677304193341925,-10.4594003394982],[30.677306033588206,-10.459401377842354],[30.677355733583283,-10.459432977843683],[30.67735691309051,-10.459433789244986],[30.677393113086776,-10.459460689245429],[30.677395360618554,-10.459462649006316],[30.67743056061487,-10.459498649005374],[30.677432499133864,-10.459501000843556],[30.6774339617435,-10.459503593022887],[30.677446061742717,-10.459530493020782],[30.677446896077964,-10.459532824105878],[30.67744733522011,-10.459535218430899],[30.677450935221113,-10.459571718427545],[30.677450669295336,-10.459576176911579],[30.677430569301933,-10.459666276904096],[30.67742986321388,-10.459668526430159],[30.67740976321846,-10.459717626426764],[30.677408454786057,-10.459720095728315],[30.677389054789337,-10.459749395727028],[30.67738745328772,-10.459751408513354],[30.677385498359456,-10.459753153240063],[30.677360698361852,-10.459771853240666],[30.677358170755767,-10.45977342505961],[30.67735534470088,-10.459774564033069],[30.67735230707997,-10.459775235145031],[30.677312407079786,-10.459780735148236],[30.677309610356357,-10.459780921920949],[30.677306788279246,-10.459780719518104],[30.677263488277003,-10.459774619521458],[30.677259806285512,-10.459773754831351],[30.67725635847401,-10.459772246019599],[30.677216158470166,-10.45975004602113],[30.677213210339257,-10.459748054677709],[30.677210729774522,-10.459745609331149],[30.677208814629438,-10.459742806445607],[30.67719001462789,-10.459708306443169],[30.677188579224065,-10.459704673956082],[30.677188122523432,-10.459700896014487],[30.677188822526027,-10.459642996009194],[30.677188839439236,-10.459642454774226],[30.67720233945261,-10.459374954749952],[30.67720285707349,-10.459371826108393],[30.677204070315334,-10.459368887895065],[30.677205931242305,-10.459366256200331],[30.67720836632817,-10.459364035003775],[30.677211279361458,-10.459362312066007],[30.67721455524671,-10.459361155461167],[30.677218064551983,-10.45936061088727],[30.67722166862287,-10.459360699860664],[30.677225225060706,-10.459361418865942],[30.67722859334886,-10.459362739494807]],[[30.677237342389716,-10.45940299075625],[30.677225100286858,-10.459645566600239],[30.67722445014368,-10.459699342833783],[30.677238829502535,-10.459725730487653],[30.677270839463734,-10.459743407633086],[30.67730750290387,-10.45974857269357],[30.677339838984793,-10.459744115341604],[30.67735889386184,-10.4597297473516],[30.67737609174643,-10.459703773230434],[30.67739521402002,-10.459657061614442],[30.67741456746709,-10.45957030812209],[30.677411430175443,-10.45953849945937],[30.67740158525088,-10.459516612808745],[30.677369601232794,-10.459483901883262],[30.6773351858331,-10.459458328011783],[30.677286981488,-10.459427678975876],[30.677237342389716,-10.45940299075625]]]]}},{"type":"Feature","properties":{"id":null,"group":null,"name":null,"settlement_id":null,"country_id":null,"district_id":null,"status":null,"surface":null,"access":null,"bridge":null,"tunnel":null,"oneway":null,"route_id":null,"alt_name":null,"notes":null},"geometry":{"type":"MultiPolygon","coordinates":[[[[30.667929876962166,-10.433483645633578],[30.66792722517026,-10.433575574556667],[30.667936489948993,-10.433663195676054],[30.667984717457088,-10.433983314426797],[30.66801628931401,-10.434165152303493],[30.66804171194176,-10.434311729619127],[30.668186989075704,-10.434763824840726],[30.66825709004706,-10.434982127851995],[30.668257345469513,-10.43498301448089],[30.668282138852064,-10.435080088562216],[30.668296232139202,-10.435134462657839],[30.668296689100394,-10.435137481705274],[30.66829650341619,-10.435140488843215],[30.66828770341961,-10.435191988838783],[30.66828686741314,-10.435194912527816],[30.668270867416773,-10.435234112525123],[30.668269777049904,-10.435236247006923],[30.66823887705537,-10.435285947004525],[30.66823725617806,-10.435288088301128],[30.668209056181833,-10.435319088300615],[30.668207494338485,-10.435320580337585],[30.668157694343723,-10.435361980338335],[30.668155289966784,-10.43536363884636],[30.66786784260991,-10.435526771216702],[30.66780513176279,-10.435579841589757],[30.667770217920868,-10.435635760514817],[30.667743604542228,-10.435706697965207],[30.66775017336197,-10.435872977119331],[30.667783565771696,-10.436184373696802],[30.66785717226848,-10.436592155610855],[30.66785726495471,-10.436592734975005],[30.667871564956787,-10.436695234965589],[30.667880066637412,-10.43675654703402],[30.667880190848315,-10.436757920275834],[30.66788559085293,-10.43688552026407],[30.66788531252462,-10.436888970213941],[30.667862512532427,-10.436998970204698],[30.667862486961006,-10.436999090885003],[30.66783970546476,-10.437104305453056],[30.667818546162597,-10.437208322234085],[30.66781450427896,-10.437307594959666],[30.667815903617612,-10.437926190567016],[30.667815876494465,-10.437927099062476],[30.667786276519053,-10.43840349901941],[30.66778623930141,-10.438403969992667],[30.66774613955685,-10.438821767539622],[30.667739139790136,-10.438894965136786],[30.667739110154592,-10.438895245292581],[30.667689710179804,-10.439321245254888],[30.667689653122352,-10.439321678128193],[30.667674953128643,-10.439421178119519],[30.66767476514709,-10.439422190479235],[30.66765326515413,-10.439518090471287],[30.66765258148223,-10.439520278602005],[30.6675827814982,-10.439692578590035],[30.66754854459206,-10.439680112995372],[30.667617912192515,-10.439508880390424],[30.667639048288432,-10.439414603596145],[30.667653641069016,-10.43931582936804],[30.66770299971325,-10.43889018617988],[30.667709986303684,-10.438817126442697],[30.66775006422973,-10.438399556624242],[30.667779621440378,-10.437923845645182],[30.667778222498026,-10.43730540096241],[30.667778234164953,-10.437304793188487],[30.66778233416984,-10.437204093179318],[30.667782603193395,-10.437201871797155],[30.667804003200853,-10.437096671788298],[30.667804039121282,-10.437096500709554],[30.667826826076343,-10.436991260982712],[30.66784926118182,-10.436883021462373],[30.66784396432245,-10.436757858502187],[30.66783556029084,-10.436697250587525],[30.66782130160807,-10.436595046718802],[30.66774765382665,-10.436187035938634],[30.66774750452338,-10.43618599759499],[30.667714004531426,-10.435873597566152],[30.667713933637494,-10.435872631244195],[30.667707233643668,-10.43570303122855],[30.66770739938912,-10.435700243155434],[30.66770811235399,-10.435697552642951],[30.667736212360694,-10.435622652637553],[30.667737463528763,-10.435620121266897],[30.667774363535266,-10.435561021264048],[30.667777424848765,-10.435557500878467],[30.667843124855768,-10.43550190087934],[30.667845636105042,-10.43550015272553],[30.668133146113927,-10.435336984845748],[30.66818099252846,-10.435297208915758],[30.668207555112957,-10.435268008914887],[30.66823711105756,-10.435220470718821],[30.668252079989816,-10.43518379684048],[30.668260109867443,-10.435136803818885],[30.668246793950257,-10.43508542892429],[30.668246780619697,-10.43508537711467],[30.668222094465392,-10.43498872284905],[30.668152136521094,-10.434770865213503],[30.668006537009514,-10.434317766707393],[30.668006036316953,-10.434315736667855],[30.667980436546284,-10.434168137963933],[30.667948836778095,-10.433986139266601],[30.66794878416868,-10.433985814780321],[30.66790048417472,-10.433665214750881],[30.667900402356043,-10.433664576398064],[30.667891002358356,-10.433575676389859],[30.66789092850477,-10.433573760715534],[30.66789362850914,-10.433480160706988],[30.667893741742432,-10.433478739544173],[30.66790984174998,-10.433355939533376],[30.667945884339773,-10.433361552052563],[30.667929876962166,-10.433483645633578]]]]}},{"type":"Feature","properties":{"id":null,"group":null,"name":null,"settlement_id":null,"country_id":null,"district_id":null,"status":null,"surface":null,"access":null,"bridge":null,"tunnel":null,"oneway":null,"route_id":null,"alt_name":null,"notes":null},"geometry":{"type":"MultiPolygon","coordinates":[[[[30.678624604757523,-10.444097158611058],[30.678628984248142,-10.444097034073113],[30.678680684245975,-10.444101134077275],[30.678684583521736,-10.444101821231472],[30.678724783518895,-10.444112921234238],[30.678728924153738,-10.444114559903122],[30.67873255215164,-10.444117018079435],[30.678768752147878,-10.44414801807929],[30.678771210760583,-10.444150568465236],[30.6787730677434,-10.444153475257577],[30.678801267741267,-10.444209675253408],[30.67880270693822,-10.444214054176026],[30.678877106945478,-10.444660954135088],[30.678877142508416,-10.444661178443253],[30.67894894251741,-10.445137878399494],[30.678949089028016,-10.445140673979768],[30.678947689029503,-10.445171073977004],[30.67894698335478,-10.445174862239273],[30.67893698335735,-10.445204762237015],[30.67893581130027,-10.445207357521763],[30.678934125449395,-10.445209699463865],[30.678931979113717,-10.445211714007653],[30.67890647911625,-10.445231514008212],[30.67890396713172,-10.445233123391537],[30.67890114815565,-10.445234299519003],[30.67889810956623,-10.44523500593483],[30.678759409566016,-10.445255605945887],[30.678751316526384,-10.4452238856401],[30.678885228261997,-10.445203996813026],[30.678903527906048,-10.445189787679459],[30.678911526691866,-10.445165871315043],[30.67891277277026,-10.445138813641378],[30.678841200482598,-10.44466362535993],[30.678767195527154,-10.44421909823132],[30.678741608207005,-10.444168105062259],[30.67871153770787,-10.444142354085107],[30.678677662776984,-10.444133000562228],[30.67863015647704,-10.444129233142055],[30.678193821333373,-10.444189733010113],[30.678186104759,-10.444157958575905],[30.678624604757523,-10.444097158611058]]]]}},{"type":"Feature","properties":{"id":null,"group":null,"name":null,"settlement_id":null,"country_id":null,"district_id":null,"status":null,"surface":null,"access":null,"bridge":null,"tunnel":null,"oneway":null,"route_id":null,"alt_name":null,"notes":null},"geometry":{"type":"MultiPolygon","coordinates":[[[[30.677918235833122,-10.442517231761387],[30.677926316503065,-10.442567012668823],[30.67801211696236,-10.443096215396114],[30.678012139505466,-10.443096358929647],[30.678093875409818,-10.44363413710814],[30.67820778653217,-10.444171817512585],[30.678172139557184,-10.444175874074224],[30.678058139561962,-10.443637774025566],[30.67805798657392,-10.443636932706438],[30.67797619749527,-10.44309880444919],[30.677890409358845,-10.442569677516559],[30.67788230958718,-10.442519778913288],[30.677882272911436,-10.442519540603133],[30.677799872922577,-10.441953140551057],[30.67783585316686,-10.441950951035599],[30.677918235833122,-10.442517231761387]]]]}},{"type":"Feature","properties":{"id":null,"group":null,"name":null,"settlement_id":null,"country_id":null,"district_id":null,"status":null,"surface":null,"access":null,"bridge":null,"tunnel":null,"oneway":null,"route_id":null,"alt_name":null,"notes":null},"geometry":{"type":"MultiPolygon","coordinates":[[[[30.678753450492408,-10.439230835495898],[30.678804492007615,-10.439254787943433],[30.678867463253983,-10.439273660355738],[30.67893106522199,-10.439279790671193],[30.679037382543374,-10.439282056943538],[30.679114877462172,-10.439277515846301],[30.679271580477767,-10.439265231301299],[30.679276945614586,-10.439297260284919],[30.67912004561233,-10.439309560297744],[30.679119651048833,-10.439309587317988],[30.67904115104746,-10.439314187324424],[30.679039530100667,-10.43931421730348],[30.678931630097203,-10.43931191731232],[30.678930092010514,-10.439311826808629],[30.678863692007564,-10.439305426813933],[30.678859705510312,-10.439304644623098],[30.67879330550547,-10.439284744627518],[30.678790451740937,-10.439283654947305],[30.678736751736125,-10.439258454949902],[30.67873430737899,-10.439257095007468],[30.67867060737259,-10.439215595009042],[30.6786909187182,-10.439190096578857],[30.678753450492408,-10.439230835495898]]]]}},{"type":"Feature","properties":{"id":null,"group":null,"name":null,"settlement_id":null,"country_id":null,"district_id":null,"status":null,"surface":null,"access":null,"bridge":null,"tunnel":null,"oneway":null,"route_id":null,"alt_name":null,"notes":null},"geometry":{"type":"MultiPolygon","coordinates":[[[[30.670485632400034,-10.431347008882984],[30.670436489624162,-10.43129132695083],[30.67027863368678,-10.43111582067834],[30.670053750829975,-10.430895629136835],[30.670053009704713,-10.430894860119794],[30.670012109700444,-10.430849860118277],[30.67001027379982,-10.430847456512655],[30.670008922234445,-10.430844830308324],[30.669988822233325,-10.430795030304292],[30.66998873797284,-10.430794817076414],[30.669970637971918,-10.430748017072556],[30.669970009262833,-10.43074598509896],[30.66995520926314,-10.430682785093301],[30.669954884593185,-10.430680796678518],[30.66991615372605,-10.430264873642521],[30.6698648790722,-10.430265020776051],[30.669787817768736,-10.430270230283657],[30.669465396282085,-10.43031453706898],[30.669457729810315,-10.43028275451705],[30.66978082980914,-10.430238354542942],[30.669782196064325,-10.430238214809842],[30.669860596063064,-10.430232914816276],[30.669861902736134,-10.43023286892884],[30.669931602734177,-10.430232668934554],[30.669935114977623,-10.430232960584307],[30.66993853895797,-10.430233844619528],[30.66994174618049,-10.43023528786423],[30.669944616284976,-10.430237236156437],[30.669947041562473,-10.430239616380884],[30.669948930997467,-10.430242339212793],[30.66995021368354,-10.430245302470041],[30.66995084148414,-10.430248394947894],[30.669990948428723,-10.43067909550037],[30.670005275609988,-10.430740276429733],[30.670022946800945,-10.430785967683804],[30.670041898253853,-10.4308329220308],[30.670080358419256,-10.430875237618123],[30.670305275236522,-10.431095462446457],[30.67030607963672,-10.431096301441713],[30.67046437962031,-10.431272301435584],[30.67046449264459,-10.431272428291262],[30.670514092639472,-10.431328628289197],[30.67051485967999,-10.431329558897032],[30.670587259672743,-10.431423758892414],[30.670557666417043,-10.431440732695377],[30.670485632400034,-10.431347008882984]]]]}},{"type":"Feature","properties":{"id":null,"group":null,"name":"Karee Avenue","settlement_id":null,"country_id":null,"district_id":null,"status":null,"surface":null,"access":null,"bridge":null,"tunnel":null,"oneway":null,"route_id":null,"alt_name":null,"notes":null},"geometry":{"type":"MultiPolygon","coordinates":[[[[30.66354874133681,-10.419474625321248],[30.663570984753783,-10.419450466266701],[30.664030884706445,-10.419790966272464],[30.66400864138412,-10.419815125315475],[30.66354874133681,-10.419474625321248]]]]}},{"type":"Feature","properties":{"id":null,"group":null,"name":null,"settlement_id":null,"country_id":null,"district_id":null,"status":null,"surface":null,"access":null,"bridge":null,"tunnel":null,"oneway":null,"route_id":null,"alt_name":null,"notes":null},"geometry":{"type":"MultiPolygon","coordinates":[[[[30.676830146587672,-10.440044566650446],[30.676830626038313,-10.440044504689364],[30.676951326037443,-10.44003040469913],[30.676954830401904,-10.440030302933655],[30.676958332230665,-10.440030805102309],[30.676983832229023,-10.440036705104145],[30.67698663921997,-10.440037566524415],[30.677009439218068,-10.440046366525737],[30.677012865126443,-10.44004807138958],[30.67701585345497,-10.4400503554505],[30.677018270800183,-10.440053116744524],[30.67703107079893,-10.440071216743542],[30.677032360810337,-10.440073361460849],[30.677033291469865,-10.44007563217164],[30.677045291469557,-10.440113032168405],[30.67701043461985,-10.440120059418675],[30.676999183624773,-10.440084993817019],[30.676991105503685,-10.440073570849739],[30.6769752579572,-10.440067454254084],[30.676954694398244,-10.440062696412912],[30.676837740449116,-10.440076358814105],[30.676386379503427,-10.440140324971708],[30.676378546588957,-10.440108566614299],[30.676830146587672,-10.440044566650446]]]]}},{"type":"Feature","properties":{"id":null,"group":null,"name":"Carnation Street","settlement_id":null,"country_id":null,"district_id":null,"status":null,"surface":null,"access":null,"bridge":null,"tunnel":null,"oneway":null,"route_id":null,"alt_name":null,"notes":null},"geometry":{"type":"MultiPolygon","coordinates":[[[[30.670791667105835,-10.435557387192627],[30.670523573726204,-10.434972837699553],[30.670442636027186,-10.434804367376934],[30.670475890062313,-10.4347933242105],[30.67055689005644,-10.434961924197708],[30.67055701220779,-10.434962184373743],[30.670825312189443,-10.435547184328486],[30.670825590784393,-10.435547828845833],[30.670946890777568,-10.435846428821614],[30.67091283531189,-10.43585566276565],[30.670791667105835,-10.435557387192627]]]]}},{"type":"Feature","properties":{"id":null,"group":null,"name":"Crysanthemium Street","settlement_id":null,"country_id":null,"district_id":null,"status":null,"surface":null,"access":null,"bridge":null,"tunnel":null,"oneway":null,"route_id":null,"alt_name":null,"notes":null},"geometry":{"type":"MultiPolygon","coordinates":[[[[30.670294734540814,-10.435526268557744],[30.670294824867398,-10.435526529529486],[30.670405520836724,-10.435855832628043],[30.670423200535247,-10.435883921870431],[30.670449463916494,-10.435897216689654],[30.670484432784843,-10.43590967797447],[30.670472693306696,-10.435939413613028],[30.67043649330382,-10.43592651361525],[30.670434103731843,-10.435925488481468],[30.670401903728877,-10.435909188482864],[30.670398976947975,-10.435907376556342],[30.67039646022917,-10.435905123603712],[30.670394445830887,-10.435902512214168],[30.670373045828917,-10.435868512212028],[30.670371401225818,-10.435865062085844],[30.67026014517531,-10.435534092812693],[30.67004139153947,-10.434919822977752],[30.67007593454991,-10.434911868609444],[30.670294734540814,-10.435526268557744]]]]}},{"type":"Feature","properties":{"id":null,"group":null,"name":null,"settlement_id":null,"country_id":null,"district_id":null,"status":null,"surface":null,"access":null,"bridge":null,"tunnel":null,"oneway":null,"route_id":null,"alt_name":null,"notes":null},"geometry":{"type":"MultiPolygon","coordinates":[[[[30.681052499136143,-10.432526172146757],[30.681016226953318,-10.432524919439578],[30.681005626969988,-10.432094719399915],[30.681041899119514,-10.432095972186408],[30.681052499136143,-10.432526172146757]]]]}},{"type":"Feature","properties":{"id":null,"group":null,"name":"Bobo Street","settlement_id":null,"country_id":null,"district_id":null,"status":null,"surface":null,"access":null,"bridge":null,"tunnel":null,"oneway":null,"route_id":null,"alt_name":null,"notes":null},"geometry":{"type":"MultiPolygon","coordinates":[[[[30.679860206278978,-10.43381297260434],[30.67986033769758,-10.433812975249108],[30.680211737686232,-10.433821175277858],[30.680212988406055,-10.433853316308692],[30.679861654113097,-10.433845117871012],[30.67934141979706,-10.433836319024822],[30.679339906295247,-10.433804172561693],[30.679860206278978,-10.43381297260434]]]]}},{"type":"Feature","properties":{"id":null,"group":null,"name":"Bobo Street","settlement_id":null,"country_id":null,"district_id":null,"status":null,"surface":null,"access":null,"bridge":null,"tunnel":null,"oneway":null,"route_id":null,"alt_name":null,"notes":null},"geometry":{"type":"MultiPolygon","coordinates":[[[[30.681088227400974,-10.43382116978229],[30.68179839413483,-10.433811871585238],[30.681801131957478,-10.433844020001176],[30.681090831938995,-10.433853320059555],[30.68109056530944,-10.433853321804209],[30.680213465284627,-10.433853321876203],[30.680211260807692,-10.433821169710255],[30.681088227400974,-10.43382116978229]]]]}},{"type":"Feature","properties":{"id":null,"group":null,"name":null,"settlement_id":null,"country_id":null,"district_id":null,"status":null,"surface":null,"access":null,"bridge":null,"tunnel":null,"oneway":null,"route_id":null,"alt_name":null,"notes":null},"geometry":{"type":"MultiPolygon","coordinates":[[[[30.667554355730587,-10.438628400098368],[30.667554492200814,-10.438628558234953],[30.66763991574679,-10.438728716851598],[30.667667974879965,-10.438757632028617],[30.66769454641598,-10.438777513570164],[30.66773841043057,-10.438806822260943],[30.667717715660164,-10.438832069326981],[30.667673415655692,-10.438802469327957],[30.66767256214236,-10.438801865608967],[30.667644362139455,-10.438780765609282],[30.667642117765904,-10.438778794586574],[30.66761261776283,-10.438748394585756],[30.667611833897897,-10.438747533356903],[30.667526101611198,-10.4386470127568],[30.6674180703482,-10.438523291484831],[30.667446255741726,-10.438504600103036],[30.667554355730587,-10.438628400098368]]]]}},{"type":"Feature","properties":{"id":null,"group":null,"name":null,"settlement_id":null,"country_id":null,"district_id":null,"status":null,"surface":null,"access":null,"bridge":null,"tunnel":null,"oneway":null,"route_id":null,"alt_name":null,"notes":null},"geometry":{"type":"MultiPolygon","coordinates":[[[[30.667351088410918,-10.438523540889898],[30.66735187484326,-10.438523257960313],[30.667424874845572,-10.438498857965337],[30.667760875168156,-10.438386557884144],[30.667775450924147,-10.438416733701366],[30.667439451018254,-10.438529033696557],[30.667366848865854,-10.438553300723063],[30.666971237697503,-10.438705950720951],[30.66695508839476,-10.43867634086447],[30.667351088410918,-10.438523540889898]]]]}},{"type":"Feature","properties":{"id":null,"group":null,"name":"Sapphire Street","settlement_id":null,"country_id":null,"district_id":null,"status":null,"surface":null,"access":null,"bridge":null,"tunnel":null,"oneway":null,"route_id":null,"alt_name":null,"notes":null},"geometry":{"type":"MultiPolygon","coordinates":[[[[30.667446893345232,-10.434309937302976],[30.667386576855765,-10.434336255527512],[30.66734113714824,-10.434376991336842],[30.667292285021578,-10.43443687459646],[30.667291870541646,-10.434437361116291],[30.667263770545475,-10.434468961115702],[30.667262816090428,-10.434469942138085],[30.667229216094363,-10.434501542138143],[30.66722692214495,-10.434503334461331],[30.66719072214789,-10.434526734462668],[30.667187876180805,-10.434528216045242],[30.667184735828002,-10.434529184298203],[30.666784229137637,-10.434615248545883],[30.666746151471475,-10.434635279927972],[30.666703758955272,-10.434674418637316],[30.666678213394515,-10.434717900448103],[30.666672114961877,-10.434776427225499],[30.666726330395676,-10.434965589777049],[30.666691195693698,-10.434971701809955],[30.666636195693034,-10.434779801793143],[30.666635681047826,-10.434777059675502],[30.666635698303175,-10.434774308324702],[30.66664239830685,-10.434710008318987],[30.66664302423034,-10.434707086871573],[30.666644262288056,-10.434704353532108],[30.666672462293214,-10.434656353529624],[30.666675215290745,-10.434652951295485],[30.666720815296003,-10.43461085129565],[30.666724317662172,-10.434608389488028],[30.666766517664886,-10.434586189490146],[30.66677119026014,-10.434584507256686],[30.667170900097542,-10.434498614304802],[30.667203162455795,-10.434477759634294],[30.66723520850363,-10.434447621093053],[30.667262642688325,-10.434416769842782],[30.667312041076713,-10.434356216986908],[30.667313685030493,-10.434354496923184],[30.667361985035924,-10.434311196923524],[30.667364089445954,-10.434309602241777],[30.66736647080046,-10.434308335809613],[30.667430870803617,-10.434280235813443],[30.66743413346844,-10.434279164336619],[30.667992833475818,-10.434151064379028],[30.66800389261655,-10.43418222720674],[30.667446893345232,-10.434309937302976]]]]}},{"type":"Feature","properties":{"id":null,"group":null,"name":"Joseph Ambrosini Street","settlement_id":null,"country_id":null,"district_id":null,"status":null,"surface":null,"access":null,"bridge":null,"tunnel":null,"oneway":null,"route_id":null,"alt_name":null,"notes":null},"geometry":{"type":"MultiPolygon","coordinates":[[[[30.668354345387044,-10.435995847989624],[30.668355007345387,-10.43599566724726],[30.668720907351798,-10.435902867274486],[30.668732818740555,-10.43593382431121],[30.668367252105636,-10.436026539791488],[30.667772180719965,-10.436200743638716],[30.66775894537241,-10.436170147946882],[30.668354345387044,-10.435995847989624]]]]}},{"type":"Feature","properties":{"id":null,"group":null,"name":null,"settlement_id":null,"country_id":null,"district_id":null,"status":null,"surface":null,"access":null,"bridge":null,"tunnel":null,"oneway":null,"route_id":null,"alt_name":null,"notes":null},"geometry":{"type":"MultiPolygon","coordinates":[[[[30.66861585228475,-10.435563072373721],[30.668616292918156,-10.435564153073749],[30.668744092912434,-10.43591425304449],[30.668754995286413,-10.43594418500422],[30.66889968289323,-10.436299009366811],[30.668865643196174,-10.436308282220475],[30.668720843187963,-10.435953182191732],[30.668720629397818,-10.435952628179837],[30.668709631283946,-10.435922433356989],[30.668582032504943,-10.43557288457896],[30.66845707379636,-10.43529601919203],[30.668490652293087,-10.435285672395327],[30.66861585228475,-10.435563072373721]]]]}},{"type":"Feature","properties":{"id":null,"group":null,"name":"Lantana Street","settlement_id":null,"country_id":null,"district_id":null,"status":null,"surface":null,"access":null,"bridge":null,"tunnel":null,"oneway":null,"route_id":null,"alt_name":null,"notes":null},"geometry":{"type":"MultiPolygon","coordinates":[[[[30.668643153532752,-10.436471075960215],[30.668714198182315,-10.436440067527942],[30.668760475587312,-10.436419390393265],[30.66882659003603,-10.4363831434421],[30.668855540979404,-10.436357317365626],[30.668864421512826,-10.436345354334252],[30.668865886044436,-10.43633202710417],[30.66886453822641,-10.436303337806672],[30.66890078786309,-10.436303953779742],[30.66890218786414,-10.436333753776976],[30.668902119471255,-10.436335961703797],[30.668900119472305,-10.436354161702184],[30.66889922609001,-10.436357766609278],[30.668897401688785,-10.436361039489357],[30.668885301690676,-10.436377339488768],[30.668883212499022,-10.436379620264272],[30.66885171250254,-10.436407720264514],[30.668848670150357,-10.436409861468022],[30.668780270154958,-10.436447361471322],[30.66877899817279,-10.436447992659456],[30.668731998175193,-10.436468992662194],[30.66873185729294,-10.436469054879103],[30.66865945729651,-10.436500654883416],[30.66865678999115,-10.436501580042265],[30.66785969000657,-10.436711680101077],[30.66784743608577,-10.436680811484587],[30.668643153532752,-10.436471075960215]]]]}},{"type":"Feature","properties":{"id":null,"group":null,"name":null,"settlement_id":null,"country_id":null,"district_id":null,"status":null,"surface":null,"access":null,"bridge":null,"tunnel":null,"oneway":null,"route_id":null,"alt_name":null,"notes":null},"geometry":{"type":"MultiPolygon","coordinates":[[[[30.673711451441278,-10.436068109492146],[30.67324372606591,-10.43583079960732],[30.67250486529929,-10.435459919367734],[30.67252126079184,-10.435432172220015],[30.6732601607238,-10.435803072252739],[30.673260239229883,-10.435803111871827],[30.673728339186642,-10.436040611892224],[30.67372900267821,-10.436040964095527],[30.67418680263452,-10.436294964112713],[30.674168923456488,-10.436321927475102],[30.673711451441278,-10.436068109492146]]]]}},{"type":"Feature","properties":{"id":null,"group":null,"name":null,"settlement_id":null,"country_id":null,"district_id":null,"status":null,"surface":null,"access":null,"bridge":null,"tunnel":null,"oneway":null,"route_id":null,"alt_name":null,"notes":null},"geometry":{"type":"MultiPolygon","coordinates":[[[[30.66544663736781,-10.433429882745358],[30.665445914448284,-10.43343098533918],[30.66538581445784,-10.433514185336076],[30.665383212695442,-10.433516965082248],[30.665353712698536,-10.43354156508269],[30.665350411855133,-10.433543704325533],[30.665346595802898,-10.433545079640847],[30.66530299580357,-10.433555579644125],[30.66529876011128,-10.433556119268875],[30.665267860110557,-10.433556719271422],[30.665263619512515,-10.433556361115118],[30.665259529017565,-10.43355514314785],[30.665221329014276,-10.433539343149931],[30.66521754095338,-10.433537282725707],[30.66521435822977,-10.433534513539005],[30.66518485822672,-10.433502313537947],[30.66518271081174,-10.433499427703325],[30.665181262305865,-10.433496244735448],[30.665170562305526,-10.433463544732643],[30.66520536378384,-10.43345634685446],[30.665214972559056,-10.433485711990242],[30.665239096683237,-10.433512044087117],[30.66526918374202,-10.433524488475374],[30.665293596056223,-10.433524014451839],[30.665331049490437,-10.433514994705657],[30.665356020049057,-10.433494171801964],[30.665414623857895,-10.433413043078842],[30.66553838874533,-10.433204108829008],[30.665570737345266,-10.43322038275618],[30.66544663736781,-10.433429882745358]]]]}},{"type":"Feature","properties":{"id":null,"group":null,"name":null,"settlement_id":null,"country_id":null,"district_id":null,"status":null,"surface":null,"access":null,"bridge":null,"tunnel":null,"oneway":null,"route_id":null,"alt_name":null,"notes":null},"geometry":{"type":"MultiPolygon","coordinates":[[[[30.665167157524102,-10.433421365871979],[30.665167249124426,-10.43341848416872],[30.66516792405211,-10.433415695130703],[30.665182024055607,-10.433375895127757],[30.66518336144048,-10.433373124791071],[30.665185287785945,-10.433370664400748],[30.665223287790784,-10.433331364400386],[30.66522587960576,-10.433329204663302],[30.665228941575116,-10.433327578855637],[30.66554614158931,-10.433197578875324],[30.665562984502863,-10.433226912710051],[30.66524908647621,-10.433355559465593],[30.66521566465146,-10.433390124672647],[30.665203573429,-10.433424254512305],[30.665206068566583,-10.43345992571091],[30.66516985752286,-10.43345996587556],[30.665167157524102,-10.433421365871979]]]]}},{"type":"Feature","properties":{"id":null,"group":null,"name":"Flosse Street","settlement_id":null,"country_id":null,"district_id":null,"status":null,"surface":null,"access":null,"bridge":null,"tunnel":null,"oneway":null,"route_id":null,"alt_name":null,"notes":null},"geometry":{"type":"MultiPolygon","coordinates":[[[[30.672299554821578,-10.439059493648061],[30.67226797126921,-10.439041997937043],[30.67352987148212,-10.437135497852985],[30.67356145460865,-10.43715299373211],[30.672299554821578,-10.439059493648061]]]]}},{"type":"Feature","properties":{"id":null,"group":null,"name":null,"settlement_id":null,"country_id":null,"district_id":null,"status":null,"surface":null,"access":null,"bridge":null,"tunnel":null,"oneway":null,"route_id":null,"alt_name":null,"notes":null},"geometry":{"type":"MultiPolygon","coordinates":[[[[30.673439331488602,-10.43967954945988],[30.673262670253287,-10.439576030120472],[30.672781233729555,-10.439379985380176],[30.67277990300604,-10.439379387722628],[30.672416502972833,-10.439200387739152],[30.67241387617592,-10.439198836993896],[30.672411555878835,-10.439196930868443],[30.672270755864037,-10.439061230865823],[30.672296770226133,-10.43904026072211],[30.672435405394253,-10.439173874318852],[30.672795369676752,-10.439351182016509],[30.67327749232107,-10.439547506234243],[30.673280114013306,-10.43954879872991],[30.673459813995862,-10.439654098735925],[30.673463086882446,-10.439656501615344],[30.67355298687297,-10.439738401614344],[30.673527739217246,-10.439760089973612],[30.673439331488602,-10.43967954945988]]]]}},{"type":"Feature","properties":{"id":null,"group":null,"name":null,"settlement_id":null,"country_id":null,"district_id":null,"status":null,"surface":null,"access":null,"bridge":null,"tunnel":null,"oneway":null,"route_id":null,"alt_name":null,"notes":null},"geometry":{"type":"MultiPolygon","coordinates":[[[[30.67167560332522,-10.43888025967704],[30.671674249986882,-10.438881517119],[30.671549549999906,-10.438984417120956],[30.671547456958105,-10.438985884066591],[30.671393156969437,-10.439077184073263],[30.671390245977985,-10.439078560118261],[30.670962580330777,-10.439235210939808],[30.67027747120642,-10.439498437658097],[30.669497058621022,-10.439804393791272],[30.669428738838754,-10.4398448475641],[30.669284834869124,-10.439980624743098],[30.669257691222274,-10.439957866841862],[30.6694028912394,-10.439820866842052],[30.669405764619807,-10.439818710024271],[30.669476864625032,-10.43977661002735],[30.669479397481737,-10.439775376369562],[30.670261197514463,-10.439468876419324],[30.67026131246116,-10.439468831806167],[30.670946612488926,-10.439205531850291],[30.67094688009823,-10.439205431438982],[30.67137314336446,-10.439049294366185],[30.671524954706943,-10.438959466929248],[30.671647957438793,-10.43885796749443],[30.671835122790224,-10.43866203190581],[30.671863403301053,-10.438683659679166],[30.67167560332522,-10.43888025967704]]]]}},{"type":"Feature","properties":{"id":null,"group":null,"name":"Duine Street","settlement_id":null,"country_id":null,"district_id":null,"status":null,"surface":null,"access":null,"bridge":null,"tunnel":null,"oneway":null,"route_id":null,"alt_name":null,"notes":null},"geometry":{"type":"MultiPolygon","coordinates":[[[[30.674432300551082,-10.438227841384618],[30.674359294826512,-10.438259726713536],[30.674280017550526,-10.438312933596684],[30.674218921129192,-10.438373061777645],[30.67382138058403,-10.438932393313912],[30.673790345506816,-10.438914098271145],[30.674188645570887,-10.438353698249442],[30.674190355887724,-10.438351693951324],[30.67425345589542,-10.438289593951101],[30.674255763729725,-10.438287715569212],[30.67433756373664,-10.43823281557201],[30.674340264460678,-10.438231338922098],[30.674415364464377,-10.438198538926565],[30.67441671483051,-10.438198012771217],[30.67462051483739,-10.438127812785025],[30.67463541125492,-10.438157878800453],[30.674432300551082,-10.438227841384618]]]]}},{"type":"Feature","properties":{"id":null,"group":null,"name":"Rooi Street","settlement_id":null,"country_id":null,"district_id":null,"status":null,"surface":null,"access":null,"bridge":null,"tunnel":null,"oneway":null,"route_id":null,"alt_name":null,"notes":null},"geometry":{"type":"MultiPolygon","coordinates":[[[[30.674205123750692,-10.442249309249155],[30.67422727635582,-10.442304644802505],[30.674257821762453,-10.442333813517104],[30.67429428867119,-10.442351513312538],[30.67435276647805,-10.442367470343639],[30.674404806579275,-10.442371260124464],[30.674828917557452,-10.442308285199871],[30.674837008534908,-10.442340006386122],[30.67441070853425,-10.442403306420143],[30.674406274457702,-10.442403467967882],[30.674349974455406,-10.442399367972437],[30.67434600337316,-10.442398687438132],[30.674283703368804,-10.44238168744242],[30.674280109728453,-10.442380339712832],[30.67423910972471,-10.44236043971472],[30.674236460137735,-10.44235889512812],[30.674234117656873,-10.442356989954837],[30.674198617653182,-10.442323089954222],[30.674196209674736,-10.442320265799207],[30.674194505087943,-10.442317087963655],[30.67417040508662,-10.442256887958756],[30.674169533089255,-10.442253819375921],[30.673814133120857,-10.44019061918729],[30.673849992968595,-10.440187672399414],[30.674205123750692,-10.442249309249155]]]]}},{"type":"Feature","properties":{"id":null,"group":null,"name":"Sapphire Street","settlement_id":null,"country_id":null,"district_id":null,"status":null,"surface":null,"access":null,"bridge":null,"tunnel":null,"oneway":null,"route_id":null,"alt_name":null,"notes":null},"geometry":{"type":"MultiPolygon","coordinates":[[[[30.670287748213436,-10.433627090036376],[30.670300577878923,-10.433657801549252],[30.66897227790874,-10.434030501645736],[30.66895944818359,-10.43399978993989],[30.670287748213436,-10.433627090036376]]]]}},{"type":"Feature","properties":{"id":null,"group":null,"name":"North Road","settlement_id":null,"country_id":null,"district_id":null,"status":null,"surface":null,"access":null,"bridge":null,"tunnel":null,"oneway":null,"route_id":null,"alt_name":null,"notes":null},"geometry":{"type":"MultiPolygon","coordinates":[[[[30.669333994312776,-10.430194250177776],[30.6693697317766,-10.430190641409004],[30.669393631777996,-10.430312741397925],[30.669357894311382,-10.430316350188866],[30.669333994312776,-10.430194250177776]]]]}},{"type":"Feature","properties":{"id":null,"group":null,"name":"Voetbaai Street","settlement_id":null,"country_id":null,"district_id":null,"status":null,"surface":null,"access":null,"bridge":null,"tunnel":null,"oneway":null,"route_id":null,"alt_name":null,"notes":null},"geometry":{"type":"MultiPolygon","coordinates":[[[[30.67688110484273,-10.461774534536536],[30.67688159166648,-10.461772106397433],[30.676891591669246,-10.461738206394791],[30.67689249045406,-10.46173592098243],[30.676893782862518,-10.461733806140861],[30.67692128286683,-10.461696406139499],[30.67692405577796,-10.46169352726987],[30.677128455798695,-10.461529827273694],[30.67715367029293,-10.461554264311307],[30.676950866198617,-10.461716686199859],[30.676926034799244,-10.461750456906977],[30.676917085890373,-10.461780793714661],[30.676912821249324,-10.461819757045905],[30.676876704840378,-10.461814734540098],[30.67688110484273,-10.461774534536536]]]]}},{"type":"Feature","properties":{"id":null,"group":null,"name":"Mossel Street","settlement_id":null,"country_id":null,"district_id":null,"status":null,"surface":null,"access":null,"bridge":null,"tunnel":null,"oneway":null,"route_id":null,"alt_name":null,"notes":null},"geometry":{"type":"MultiPolygon","coordinates":[[[[30.67413334844773,-10.439909306544314],[30.67416917764169,-10.439906185042394],[30.674210577644995,-10.440138185021233],[30.674174748444397,-10.440141306565518],[30.67413334844773,-10.439909306544314]]]]}},{"type":"Feature","properties":{"id":null,"group":null,"name":"Galjoen Street","settlement_id":null,"country_id":null,"district_id":null,"status":null,"surface":null,"access":null,"bridge":null,"tunnel":null,"oneway":null,"route_id":null,"alt_name":null,"notes":null},"geometry":{"type":"MultiPolygon","coordinates":[[[[30.677904587055174,-10.44255244732933],[30.677912139037197,-10.442584244256686],[30.675212839025953,-10.442946944473432],[30.67520528706642,-10.442915147112592],[30.677904587055174,-10.44255244732933]]]]}},{"type":"Feature","properties":{"id":null,"group":null,"name":"Kamp Street","settlement_id":null,"country_id":null,"district_id":null,"status":null,"surface":null,"access":null,"bridge":null,"tunnel":null,"oneway":null,"route_id":null,"alt_name":null,"notes":null},"geometry":{"type":"MultiPolygon","coordinates":[[[[30.677140292528904,-10.455285344414339],[30.677140459372424,-10.4552862910209],[30.677155159374507,-10.45538929101142],[30.67715524829662,-10.455390059658068],[30.67722788494712,-10.456208845255524],[30.67727515053166,-10.456458634850293],[30.677239375557757,-10.456462056736475],[30.677191975560913,-10.456211556713665],[30.677191777769234,-10.456210132004209],[30.67711911191947,-10.455391016635847],[30.677104534456713,-10.455288875206874],[30.67696783356647,-10.454637847113549],[30.677003492522893,-10.454633844473294],[30.677140292528904,-10.455285344414339]]]]}},{"type":"Feature","properties":{"id":null,"group":null,"name":null,"settlement_id":null,"country_id":null,"district_id":null,"status":null,"surface":null,"access":null,"bridge":null,"tunnel":null,"oneway":null,"route_id":null,"alt_name":null,"notes":null},"geometry":{"type":"MultiPolygon","coordinates":[[[[30.676595335400233,-10.450665301055714],[30.676568062181616,-10.450596344299003],[30.67653156223091,-10.450535383650204],[30.676073708859782,-10.450060288550421],[30.675642747967316,-10.449631726917914],[30.675641153307403,-10.449629915171357],[30.675574753300793,-10.449543315167084],[30.67557423707257,-10.44954260556546],[30.675510537066497,-10.44945020556019],[30.675509320077673,-10.449448139783977],[30.675473120074958,-10.449375039778504],[30.67547304496464,-10.449374886069592],[30.67533832226712,-10.449095446409014],[30.675290474654954,-10.449001534326657],[30.675202422079966,-10.44886423200918],[30.67523370400966,-10.448849659578487],[30.675322204001496,-10.448987659569957],[30.675323022778986,-10.448989086111853],[30.67537132277527,-10.449083886104903],[30.67537148113463,-10.449084205538975],[30.675506244001276,-10.449363728517005],[30.675541877741292,-10.449435685048389],[30.67560464075988,-10.449526725913225],[30.675670043368132,-10.449612025103084],[30.676100278077573,-10.4500398646602],[30.67610055303566,-10.45004014395785],[30.676559952987652,-10.450516843944676],[30.676562376900826,-10.450519999878349],[30.676600576897453,-10.450583799874149],[30.67660174559867,-10.450586165181921],[30.676629945597167,-10.45065746517609],[30.67663065052307,-10.450659751349896],[30.67664605052355,-10.45072855134371],[30.676610475565823,-10.450732940243146],[30.676595335400233,-10.450665301055714]]]]}},{"type":"Feature","properties":{"id":null,"group":null,"name":"Luwalala Street","settlement_id":null,"country_id":null,"district_id":null,"status":null,"surface":null,"access":null,"bridge":null,"tunnel":null,"oneway":null,"route_id":null,"alt_name":null,"notes":null},"geometry":{"type":"MultiPolygon","coordinates":[[[[30.68059425695836,-10.429418775622885],[30.68068906194256,-10.428996299145892],[30.68068908500222,-10.428996198146494],[30.68079398503576,-10.428544498109192],[30.680829541054166,-10.428552793476502],[30.680724652805075,-10.42900444298347],[30.68062976417831,-10.429427292404721],[30.68062954785936,-10.429428132899737],[30.68049394789711,-10.429894332863071],[30.680458778192914,-10.42988455872252],[30.68059425695836,-10.429418775622885]]]]}},{"type":"Feature","properties":{"id":null,"group":null,"name":"Smith Street","settlement_id":null,"country_id":null,"district_id":null,"status":null,"surface":null,"access":null,"bridge":null,"tunnel":null,"oneway":null,"route_id":null,"alt_name":null,"notes":null},"geometry":{"type":"MultiPolygon","coordinates":[[[[30.680348131545557,-10.428521703918207],[30.68032905800119,-10.428535239983853],[30.68030908646827,-10.428563970964614],[30.680021376644657,-10.429537435983963],[30.679929618770114,-10.429876580357462],[30.67992932088447,-10.42987754217598],[30.679894000557564,-10.429978542453183],[30.679871099889727,-10.430083357072608],[30.67987100331415,-10.430125754693991],[30.679870997122,-10.430126142512448],[30.679870007959554,-10.430159469664101],[30.679914292202866,-10.430180235279797],[30.680030214318133,-10.43021635666032],[30.680334671576333,-10.430284268705037],[30.680327854515525,-10.430315422882138],[30.680022554496176,-10.430247322904393],[30.680020888029947,-10.43024687824845],[30.67990278802113,-10.430210078256177],[30.67990015702317,-10.430209057564875],[30.679843857018106,-10.430182657567604],[30.679840849618586,-10.430180918099804],[30.679838240224594,-10.430178718998745],[30.679836125775584,-10.430176141961386],[30.679834584823684,-10.430173282725086],[30.679833674615548,-10.430170247510967],[30.679833428965527,-10.43016714907775],[30.679834723217443,-10.430123542807182],[30.679834822777256,-10.430079836888233],[30.679835144910946,-10.430076875794265],[30.679858544918705,-10.429969775785327],[30.679859005196793,-10.42996814941705],[30.67989443881202,-10.429866825219714],[30.679986107346572,-10.429528011201],[30.679986195142966,-10.429527700981293],[30.680274595222517,-10.428551900904878],[30.68027655795099,-10.428547824077024],[30.680299357954713,-10.428515024075699],[30.680301052281756,-10.428512997885786],[30.680303110177928,-10.428511260442002],[30.680327910180168,-10.428493660442722],[30.68033033696002,-10.428492228405327],[30.680333021830698,-10.42849118564705],[30.680335891279093,-10.428490560719142],[30.68037749127896,-10.428484760722489],[30.68038523481342,-10.428516530863563],[30.680348131545557,-10.428521703918207]]]]}},{"type":"Feature","properties":{"id":null,"group":null,"name":"Luwalala Street","settlement_id":null,"country_id":null,"district_id":null,"status":null,"surface":null,"access":null,"bridge":null,"tunnel":null,"oneway":null,"route_id":null,"alt_name":null,"notes":null},"geometry":{"type":"MultiPolygon","coordinates":[[[[30.680459021107257,-10.429883804189037],[30.680493704982894,-10.429895087396446],[30.68034860501886,-10.430305487366121],[30.68031392107128,-10.430294204219365],[30.680459021107257,-10.429883804189037]]]]}},{"type":"Feature","properties":{"id":null,"group":null,"name":null,"settlement_id":null,"country_id":null,"district_id":null,"status":null,"surface":null,"access":null,"bridge":null,"tunnel":null,"oneway":null,"route_id":null,"alt_name":null,"notes":null},"geometry":{"type":"MultiPolygon","coordinates":[[[[30.67932252312564,-10.433819393144928],[30.67931912415811,-10.433381424736153],[30.679307028284597,-10.43295277033962],[30.679307022686732,-10.432952412651774],[30.67930572270451,-10.432528812612835],[30.679305722795732,-10.432528702114977],[30.67930772281401,-10.432105102076113],[30.679307724227186,-10.432104957975648],[30.67931442284604,-10.431655251989879],[30.67931512259913,-10.431224215419194],[30.679312423177592,-10.430892584761425],[30.679312494925984,-10.430891042639402],[30.679317194928654,-10.4308448426353],[30.679317657480393,-10.430842430457002],[30.679318537576346,-10.430840132482157],[30.679329937578654,-10.430816732480704],[30.679332362361368,-10.430813203384345],[30.679352462364015,-10.43079150338402],[30.67938106372721,-10.43081278820094],[30.67936245195604,-10.430832881508225],[30.679353079887143,-10.43085211891553],[30.679348709217873,-10.430895081688348],[30.679351402925622,-10.431226006794361],[30.67935140337772,-10.431226145505343],[30.679350703396103,-10.43165734546574],[30.67935070184229,-10.431657533651787],[30.6793440029351,-10.432107261582543],[30.679342003554517,-10.432530734233845],[30.679343302853834,-10.432954100184281],[30.6793553978213,-10.433382721207169],[30.67935540306048,-10.43338301237436],[30.679358803024666,-10.43382110539284],[30.679362802982716,-10.43427859839928],[30.679326523106802,-10.434276893187027],[30.67932252312564,-10.433819393144928]]]]}},{"type":"Feature","properties":{"id":null,"group":null,"name":null,"settlement_id":null,"country_id":null,"district_id":null,"status":null,"surface":null,"access":null,"bridge":null,"tunnel":null,"oneway":null,"route_id":null,"alt_name":null,"notes":null},"geometry":{"type":"MultiPolygon","coordinates":[[[[30.67916938625119,-10.435648850267896],[30.679222767900352,-10.435512761877456],[30.6792614579815,-10.435398780322142],[30.679292744549862,-10.435290121595175],[30.679305902939767,-10.435230319673515],[30.679322555873892,-10.435091148781957],[30.679333219085013,-10.434822974313644],[30.679326523631403,-10.434276943135908],[30.679362802458098,-10.434278548450413],[30.679369502480306,-10.434824948400117],[30.67936949238602,-10.434825684909056],[30.679358792399043,-10.43509478488457],[30.679358704065084,-10.435095895631726],[30.67934190407347,-10.435236295619308],[30.679341677001066,-10.435237636125953],[30.679328277005464,-10.435298536120877],[30.67932805859,-10.435299396997229],[30.679296558598868,-10.435408796988602],[30.67929636290434,-10.435409421196374],[30.679257462914194,-10.435524021187755],[30.679257239060046,-10.435524633410706],[30.67920353907261,-10.43566153340104],[30.67920310108565,-10.435662533880185],[30.679125401101583,-10.435822833870212],[30.67909192498883,-10.435808657715096],[30.67916938625119,-10.435648850267896]]]]}},{"type":"Feature","properties":{"id":null,"group":null,"name":"Sizwe Street","settlement_id":null,"country_id":null,"district_id":null,"status":null,"surface":null,"access":null,"bridge":null,"tunnel":null,"oneway":null,"route_id":null,"alt_name":null,"notes":null},"geometry":{"type":"MultiPolygon","coordinates":[[[[30.6795004996085,-10.434254987899111],[30.679501504813892,-10.434254970162279],[30.680210004792958,-10.434259970220399],[30.68021192129933,-10.434292121366097],[30.67950392501073,-10.43428712497922],[30.679346626480584,-10.43429380370019],[30.67934269961176,-10.434261687886154],[30.6795004996085,-10.434254987899111]]]]}},{"type":"Feature","properties":{"id":null,"group":null,"name":null,"settlement_id":null,"country_id":null,"district_id":null,"status":null,"surface":null,"access":null,"bridge":null,"tunnel":null,"oneway":null,"route_id":null,"alt_name":null,"notes":null},"geometry":{"type":"MultiPolygon","coordinates":[[[[30.66423818245088,-10.419601546605113],[30.6642377930225,-10.419601969279283],[30.664129193036462,-10.41971546927808],[30.664129128694224,-10.41971553611696],[30.66403382870636,-10.419813936116034],[30.664005697384912,-10.419792155468944],[30.664100965114272,-10.419693788800915],[30.664209333965974,-10.419580530391714],[30.664532343684392,-10.419216344973043],[30.664561382406756,-10.419237146611957],[30.66423818245088,-10.419601546605113]]]]}},{"type":"Feature","properties":{"id":null,"group":null,"name":"Kotze Street","settlement_id":null,"country_id":null,"district_id":null,"status":null,"surface":null,"access":null,"bridge":null,"tunnel":null,"oneway":null,"route_id":null,"alt_name":null,"notes":null},"geometry":{"type":"MultiPolygon","coordinates":[[[[30.66524092091843,-10.42094657080311],[30.66523552806422,-10.420740942938233],[30.665235525186983,-10.420740809323856],[30.665227540617117,-10.420266624654888],[30.665210229001474,-10.420147421786362],[30.66512270504776,-10.419708602990895],[30.665122699570635,-10.419708575393454],[30.664875899584484,-10.418458775279992],[30.664911626504903,-10.418455116306802],[30.665158423793216,-10.419704902391642],[30.665246021046354,-10.420144088556038],[30.665246152699297,-10.420144852726338],[30.6652636527017,-10.42026535271527],[30.66526380088364,-10.420267182306203],[30.665271799777628,-10.420742215466682],[30.665277198033213,-10.420948048629132],[30.665277201900143,-10.420948592435023],[30.66526910192989,-10.42162149237338],[30.66523282415967,-10.42161919921287],[30.66524092091843,-10.42094657080311]]]]}},{"type":"Feature","properties":{"id":null,"group":null,"name":"5th Street","settlement_id":null,"country_id":null,"district_id":null,"status":null,"surface":null,"access":null,"bridge":null,"tunnel":null,"oneway":null,"route_id":null,"alt_name":null,"notes":null},"geometry":{"type":"MultiPolygon","coordinates":[[[[30.665811222353828,-10.423261168255205],[30.66627240876297,-10.423259968588509],[30.666272575361468,-10.423259968835644],[30.666703775348843,-10.423262368871018],[30.666705266121195,-10.423262431449745],[30.666823966116247,-10.423271731459293],[30.666824714715922,-10.423271803813336],[30.66696203741689,-10.423287594936165],[30.66744146005891,-10.423339086668102],[30.667441653801387,-10.423339108397615],[30.66864255374399,-10.423479508492617],[30.66863997234815,-10.423511383094251],[30.6674391691277,-10.423370994510782],[30.666959766011047,-10.423319504956865],[30.666959611382726,-10.423319487762635],[30.666822585301453,-10.423303730772197],[30.666705005767152,-10.423294518569211],[30.666274634052883,-10.423292123214624],[30.665813417316556,-10.423293323035846],[30.6658131900784,-10.423293322361099],[30.665262590062014,-10.423288622406249],[30.665260736030305,-10.423256469180261],[30.665811222353828,-10.423261168255205]]]]}},{"type":"Feature","properties":{"id":null,"group":null,"name":"Commercial Street","settlement_id":null,"country_id":null,"district_id":null,"status":null,"surface":null,"access":null,"bridge":null,"tunnel":null,"oneway":null,"route_id":null,"alt_name":null,"notes":null},"geometry":{"type":"MultiPolygon","coordinates":[[[[30.66605123219677,-10.430260964952133],[30.666159952462433,-10.430232344082253],[30.66624043020724,-10.430202435489175],[30.666327637427496,-10.430164399352654],[30.666651174922006,-10.429981300681636],[30.666819487709954,-10.429877462966951],[30.667032237724634,-10.429732836863003],[30.667149999492043,-10.42964641171282],[30.667174126599686,-10.4296716798722],[30.667056126610643,-10.42975827987535],[30.667055642811935,-10.429758621648698],[30.66684234283026,-10.42990362165575],[30.66684172321854,-10.429904023052671],[30.666672823231547,-10.430008223059508],[30.666672271538467,-10.430008549154323],[30.66634767156106,-10.430192249169265],[30.66634605245964,-10.430193056950117],[30.666257552463993,-10.430231656955403],[30.666256625520777,-10.430232030901452],[30.666174825523914,-10.430262430906813],[30.666173083764342,-10.430262981762583],[30.666061783766526,-10.430292281770784],[30.666058318084907,-10.430292863475389],[30.665434118075808,-10.430340963526392],[30.66542880801658,-10.430308928059855],[30.66605123219677,-10.430260964952133]]]]}},{"type":"Feature","properties":{"id":null,"group":null,"name":null,"settlement_id":null,"country_id":null,"district_id":null,"status":null,"surface":null,"access":null,"bridge":null,"tunnel":null,"oneway":null,"route_id":null,"alt_name":null,"notes":null},"geometry":{"type":"MultiPolygon","coordinates":[[[[30.66735447258417,-10.429966634920204],[30.667378634581347,-10.43000876865148],[30.667379693279663,-10.430010987831176],[30.667401793278533,-10.430068287826481],[30.66740206822161,-10.430069060710192],[30.667430868220766,-10.430157360702617],[30.66743147310672,-10.430159995900844],[30.667438273107784,-10.430210295896208],[30.6674383168197,-10.430210652274608],[30.667479811980623,-10.430587408217871],[30.667566306879095,-10.431330964136828],[30.667530219210366,-10.43133232744974],[30.6674437192284,-10.430588727381137],[30.66744370926022,-10.430588639346727],[30.667402228905246,-10.430212017596338],[30.66739563322254,-10.43016322893348],[30.66736738470725,-10.430076619764094],[30.66734587219439,-10.430020842976216],[30.667322291506153,-10.42997972293321],[30.66732221616157,-10.429979590135119],[30.667145916146758,-10.429665490113418],[30.667178209942797,-10.429652601474142],[30.66735447258417,-10.429966634920204]]]]}},{"type":"Feature","properties":{"id":null,"group":null,"name":"5th Street","settlement_id":null,"country_id":null,"district_id":null,"status":null,"surface":null,"access":null,"bridge":null,"tunnel":null,"oneway":null,"route_id":null,"alt_name":null,"notes":null},"geometry":{"type":"MultiPolygon","coordinates":[[[[30.669445614722083,-10.42358683900773],[30.66940765124643,-10.423560970875657],[30.66934493645828,-10.423546003808516],[30.668641360722905,-10.423511498238437],[30.668641165369337,-10.423479393348195],[30.66934666534343,-10.42351399340558],[30.669350473271372,-10.423514537314581],[30.66941877326692,-10.423530837319467],[30.669422318864015,-10.423532028496071],[30.66942555906448,-10.423533822286062],[30.66946855906013,-10.423563122286946],[30.66947203758002,-10.423566166008385],[30.66950953757613,-10.423608266006886],[30.669481588513825,-10.423627225580992],[30.669445614722083,-10.42358683900773]]]]}},{"type":"Feature","properties":{"id":null,"group":null,"name":"Robson Street","settlement_id":null,"country_id":null,"district_id":null,"status":null,"surface":null,"access":null,"bridge":null,"tunnel":null,"oneway":null,"route_id":null,"alt_name":null,"notes":null},"geometry":{"type":"MultiPolygon","coordinates":[[[[30.66804367136734,-10.433366512945096],[30.66804303423049,-10.433366569603423],[30.66793043422878,-10.43337476961263],[30.66792529186364,-10.433342721973602],[30.66803757237878,-10.433334545248872],[30.668259854722915,-10.433311178659071],[30.668266271369436,-10.433343112927036],[30.66804367136734,-10.433366512945096]]]]}},{"type":"Feature","properties":{"id":null,"group":null,"name":"Galjoen Street","settlement_id":null,"country_id":null,"district_id":null,"status":null,"surface":null,"access":null,"bridge":null,"tunnel":null,"oneway":null,"route_id":null,"alt_name":null,"notes":null},"geometry":{"type":"MultiPolygon","coordinates":[[[[30.679009426088257,-10.442388328823162],[30.6790925948979,-10.442373413197375],[30.679119101368524,-10.442351862613188],[30.679121704782016,-10.442130766634603],[30.679072029065246,-10.441892223799583],[30.67910769702413,-10.44188826778724],[30.679157697026394,-10.44212836776548],[30.679158002876186,-10.44213149008115],[30.67915530288632,-10.442360790060146],[30.67915491781451,-10.442363895116191],[30.679153851017755,-10.442366837012182],[30.679152143457507,-10.44236950278898],[30.6791498606985,-10.442371790089503],[30.679114560702125,-10.442400490090092],[30.6791121482183,-10.442402118015744],[30.679109430400796,-10.44240333708854],[30.67910648793282,-10.44240411111816],[30.6790183879332,-10.442419911125084],[30.679017809738816,-10.442420005879704],[30.67791240973707,-10.4425842059679],[30.677904316355303,-10.442552485618075],[30.679009426088257,-10.442388328823162]]]]}},{"type":"Feature","properties":{"id":null,"group":null,"name":"Butler Street","settlement_id":null,"country_id":null,"district_id":null,"status":null,"surface":null,"access":null,"bridge":null,"tunnel":null,"oneway":null,"route_id":null,"alt_name":null,"notes":null},"geometry":{"type":"MultiPolygon","coordinates":[[[[30.67485955795494,-10.435383537658916],[30.674859391430385,-10.435383777646258],[30.674309591518913,-10.436159477616028],[30.674309443448077,-10.436159682755743],[30.674193244338618,-10.436317781563195],[30.67397284524462,-10.436617780366298],[30.673942080846324,-10.436599111218746],[30.67416248088092,-10.436299111207918],[30.674278607668388,-10.436141110838294],[30.674828250129895,-10.435365633200211],[30.675331168219305,-10.434625153894904],[30.67536255787152,-10.43464293769018],[30.67485955795494,-10.435383537658916]]]]}},{"type":"Feature","properties":{"id":null,"group":null,"name":"Lantana Street","settlement_id":null,"country_id":null,"district_id":null,"status":null,"surface":null,"access":null,"bridge":null,"tunnel":null,"oneway":null,"route_id":null,"alt_name":null,"notes":null},"geometry":{"type":"MultiPolygon","coordinates":[[[[30.670544230170904,-10.43592001820658],[30.67061098972028,-10.43591446289796],[30.670712101003314,-10.435903010805214],[30.67092282392189,-10.435835876979635],[30.671479127692187,-10.435658775822935],[30.671493198400146,-10.43568911576262],[30.67093690029438,-10.435866215203589],[30.67072440217665,-10.435933914620731],[30.670720730431803,-10.435934695373998],[30.67061743043095,-10.435946395382368],[30.670616840640946,-10.435946453297113],[30.670547140640014,-10.43595225330281],[30.67054184554178,-10.43595200211241],[30.670476045538024,-10.435940302117395],[30.67048108055399,-10.435908789469654],[30.670544230170904,-10.43592001820658]]]]}},{"type":"Feature","properties":{"id":null,"group":null,"name":"Emerald Street","settlement_id":null,"country_id":null,"district_id":null,"status":null,"surface":null,"access":null,"bridge":null,"tunnel":null,"oneway":null,"route_id":null,"alt_name":null,"notes":null},"geometry":{"type":"MultiPolygon","coordinates":[[[[30.66676888898053,-10.435093221646657],[30.666784304230305,-10.435131582585923],[30.666810549652514,-10.435150797986491],[30.6668591485547,-10.435163168620273],[30.666904507599806,-10.435163168624008],[30.66731728913491,-10.435037785522054],[30.668162217622644,-10.43475227733562],[30.668176908469654,-10.434782414249861],[30.66733170849718,-10.435068014307614],[30.667331161626795,-10.435068189695524],[30.666915361637837,-10.435194489725026],[30.66691256560198,-10.435195113285523],[30.666909665164386,-10.435195322962274],[30.666858765162917,-10.435195322966445],[30.666853649373365,-10.435194679434415],[30.666798649369635,-10.435180679438295],[30.666794958896375,-10.435179359349455],[30.666791624895936,-10.435177386222797],[30.666758024892527,-10.435152786223243],[30.666755512262586,-10.435150585077874],[30.666753484172016,-10.435148028530472],[30.66675201313995,-10.435145207996282],[30.66673461313896,-10.43510190799276],[30.666734288872977,-10.435101025233925],[30.666691388871524,-10.434972325222915],[30.66672613721785,-10.434964966364182],[30.66676888898053,-10.435093221646657]]]]}},{"type":"Feature","properties":{"id":"street_dimaeta_infill_1_01","group":null,"name":null,"settlement_id":"settlement_dimaeta","country_id":"country_stsutodo","district_id":null,"status":"active","surface":"paved","access":"public","bridge":null,"tunnel":null,"oneway":null,"route_id":null,"alt_name":null,"notes":null},"geometry":{"type":"Polygon","coordinates":[[[-72.23054440604632,-17.699539514489405],[-72.23091722028131,-17.700523809797843],[-72.23124821398184,-17.701425785475504],[-72.23142957712065,-17.7019556795023],[-72.231564783861,-17.702404016132014],[-72.23195351879832,-17.70341943663109],[-72.23235565156585,-17.704503616822834],[-72.2327134786148,-17.70547272465692],[-72.23308298332667,-17.706441315681047],[-72.23385237235128,-17.708082461025434],[-72.2338866839881,-17.70807285054585],[-72.23311779580736,-17.706432773827714],[-72.23274876607525,-17.70546542810924],[-72.23239098869072,-17.704496455043405],[-72.2319887913889,-17.703412101153397],[-72.23160039909558,-17.702397575964273],[-72.23146535106285,-17.70194976575243],[-72.2312836965153,-17.70141902047639],[-72.23095253065523,-17.700516575907244],[-72.23057909803337,-17.69953064817851],[-72.23014958909222,-17.698668465762648],[-72.2301156153656,-17.698678773745034],[-72.23054440604632,-17.699539514489405]]]}},{"type":"Feature","properties":{"id":"street_dimaeta_infill_1_02","group":null,"name":null,"settlement_id":"settlement_dimaeta","country_id":"country_stsutodo","district_id":null,"status":"active","surface":"paved","access":"public","bridge":null,"tunnel":null,"oneway":null,"route_id":null,"alt_name":null,"notes":null},"geometry":{"type":"Polygon","coordinates":[[[-72.22234063962318,-17.70288847984386],[-72.22275087085866,-17.703786075959172],[-72.22318035090775,-17.70472180994608],[-72.22353039100439,-17.70548568787611],[-72.22374501375798,-17.70615162117889],[-72.22424336367081,-17.70715879366895],[-72.22466653186129,-17.70820542744675],[-72.22495487125374,-17.70894236515205],[-72.22521617130477,-17.7096269680491],[-72.22568902647228,-17.710898354047586],[-72.22572434681764,-17.710891144967288],[-72.22525144524656,-17.70961963454155],[-72.22499005123348,-17.70893478564126],[-72.22470159991403,-17.708197562053304],[-72.22427791594347,-17.707149652803306],[-72.22378007307901,-17.706143505265114],[-72.22356559574514,-17.705478023341062],[-72.22321477765804,-17.704712447791827],[-72.22278530206843,-17.703776723676174],[-72.22237610668189,-17.702881394217368],[-72.22212597701422,-17.701983362741025],[-72.22208986409609,-17.701988129228152],[-72.22234063962318,-17.70288847984386]]]}},{"type":"Feature","properties":{"id":"street_dimaeta_infill_1_03","group":null,"name":null,"settlement_id":"settlement_dimaeta","country_id":"country_stsutodo","district_id":null,"status":"active","surface":"paved","access":"public","bridge":null,"tunnel":null,"oneway":null,"route_id":null,"alt_name":null,"notes":null},"geometry":{"type":"Polygon","coordinates":[[[-72.2150372290721,-17.70608315086068],[-72.21538848847364,-17.70712387077971],[-72.21575796116578,-17.70818550557084],[-72.21609939047522,-17.70910779143814],[-72.2164807713316,-17.70971508699205],[-72.21670076807501,-17.710518708402223],[-72.21709733610845,-17.711384239845422],[-72.21738297755604,-17.71196562657332],[-72.21768183745661,-17.712604566287585],[-72.21809760869866,-17.71374230674425],[-72.21813299050848,-17.713735263252595],[-72.21771674944219,-17.712596237428453],[-72.21741716988194,-17.711955759253794],[-72.21713158449201,-17.711374486715176],[-72.21673626066833,-17.710511671008582],[-72.21651570190693,-17.709705996827278],[-72.2161335741716,-17.7090975120719],[-72.21579340261694,-17.708178623910207],[-72.21542407668912,-17.707117411147202],[-72.21507224543542,-17.706074997218067],[-72.21457845452333,-17.705050601103473],[-72.21454429382852,-17.70506052968845],[-72.2150372290721,-17.70608315086068]]]}},{"type":"Feature","properties":{"id":"street_dimaeta_infill_1_04","group":null,"name":null,"settlement_id":"settlement_dimaeta","country_id":"country_stsutodo","district_id":null,"status":"active","surface":"paved","access":"public","bridge":null,"tunnel":null,"oneway":null,"route_id":null,"alt_name":null,"notes":null},"geometry":{"type":"Polygon","coordinates":[[[-72.20664313016754,-17.70937582620976],[-72.2070448019305,-17.71014304751062],[-72.2074704441439,-17.711023061674563],[-72.20790068019156,-17.712014594101277],[-72.20807422588851,-17.71281710510689],[-72.20850619491014,-17.713701346170065],[-72.20886395679831,-17.714756743384278],[-72.20903720096646,-17.7153412204217],[-72.20923315895045,-17.715910132354587],[-72.2097532246707,-17.716870934071938],[-72.20978668423204,-17.716859632292913],[-72.20926788776393,-17.715901175610487],[-72.20907299135762,-17.71533534583847],[-72.20889976825617,-17.714750940086656],[-72.2085411764122,-17.713693094808214],[-72.20810998145346,-17.71281043846499],[-72.20793658547333,-17.712008620105234],[-72.20750487555016,-17.711013691187325],[-72.20707871799569,-17.71013261169231],[-72.20667745322875,-17.709366167896043],[-72.20624757381212,-17.70833893051433],[-72.20621271796965,-17.708347315502433],[-72.20664313016754,-17.70937582620976]]]}},{"type":"Feature","properties":{"id":"street_dimaeta_infill_1_05","group":null,"name":null,"settlement_id":"settlement_dimaeta","country_id":"country_stsutodo","district_id":null,"status":"active","surface":"paved","access":"public","bridge":null,"tunnel":null,"oneway":null,"route_id":null,"alt_name":null,"notes":null},"geometry":{"type":"Polygon","coordinates":[[[-72.2377588370159,-17.69867348210807],[-72.23623650436899,-17.699327450672037],[-72.2352840200736,-17.699770471769643],[-72.23388795562131,-17.700371389279994],[-72.23267163115653,-17.700871456129775],[-72.23125740526436,-17.701407600453003],[-72.22976341099472,-17.70193769155379],[-72.22850440618227,-17.70237554873869],[-72.22727001695097,-17.70280942732224],[-72.22596846220404,-17.703335417248674],[-72.22469615580134,-17.703906421008302],[-72.2231861563273,-17.704703650931464],[-72.2222848617227,-17.7052917019481],[-72.22106066278364,-17.706065222354642],[-72.21969806512766,-17.70667537059771],[-72.21834430701695,-17.707216137655504],[-72.2170036259995,-17.70772281322408],[-72.21576737412504,-17.708167174551576],[-72.21431232824932,-17.708666085902227],[-72.21267292593802,-17.709224063357965],[-72.21168376963404,-17.709549853028662],[-72.2101254031071,-17.71008442289741],[-72.20911714052657,-17.710428209725865],[-72.20747934059966,-17.711003490136747],[-72.20633939926343,-17.711405354471555],[-72.20498523104956,-17.711890207321858],[-72.20357797378763,-17.71240272447242],[-72.20222596104436,-17.71290659612362],[-72.20089929616024,-17.713419030567223],[-72.20091697485927,-17.71344842045402],[-72.20224343798712,-17.712936063722502],[-72.20359511938727,-17.712432315336574],[-72.20500215382593,-17.711919879108265],[-72.20635614277133,-17.711435090224118],[-72.20749597909808,-17.711033262723458],[-72.20913359883093,-17.710458045340268],[-72.21014173275941,-17.71011430221533],[-72.21169991571963,-17.709579795063323],[-72.21268902969823,-17.709254019173635],[-72.21432864594465,-17.708695968638764],[-72.21578398966139,-17.708196954927995],[-72.21702077872385,-17.707752400311257],[-72.21836205679706,-17.70724549888164],[-72.21971681298281,-17.70670433291375],[-72.22108232529999,-17.706092879307256],[-72.2223087574738,-17.70531794757036],[-72.22320897016408,-17.70473060226983],[-72.22471661715491,-17.703934614114214],[-72.22598728960776,-17.70336434344818],[-72.22728743970183,-17.70283892096111],[-72.22852097462851,-17.702405342459834],[-72.22978003102193,-17.701967467132125],[-72.23127450523648,-17.701437205497392],[-72.2326895680858,-17.70090074364556],[-72.2339066275122,-17.700400374429428],[-72.2353034320711,-17.6997991381168],[-72.2362559047798,-17.699356122244996],[-72.2377761032228,-17.698703070242967],[-72.23910266672779,-17.69828282949292],[-72.2390871436814,-17.698252689356277],[-72.2377588370159,-17.69867348210807]]]}}]}