{"type":"FeatureCollection","name":"streets_major_generated","crs":{"type":"name","properties":{"name":"urn:ogc:def:crs:OGC:1.3:CRS84"}},"xy_coordinate_resolution":1e-15,"features":[{"type":"Feature","properties":{"id":null,"group":null,"name":"Avenida Joaquim Morais","settlement_id":"settlement_seshai","country_id":"country_barrel","district_id":null,"status":null,"surface":null,"access":null,"bridge":null,"tunnel":null,"oneway":null,"route_id":null,"alt_name":null,"notes":null},"geometry":{"type":"MultiPolygon","coordinates":[[[[23.90267285638739,-11.0017096015101],[23.902673716784903,-11.001710482100428],[23.90270203098538,-11.0017414587987],[23.902703008548677,-11.001742622452872],[23.902731600043705,-11.00177973210304],[23.90273208460653,-11.00178039203468],[23.902771991898003,-11.001837477737448],[23.90277265689986,-11.001838504190069],[23.90281279692383,-11.001905569663059],[23.902813404936687,-11.00190667749621],[23.903073211087776,-11.002425546324517],[23.903750710839883,-11.003709847591724],[23.904345084337486,-11.004800949171365],[23.90434530422321,-11.004801366707381],[23.904412455195075,-11.00493336990419],[23.90441260108944,-11.004933663852334],[23.9048337458493,-11.00580371853341],[23.905150262986158,-11.006406999402069],[23.905150297882244,-11.006407066279955],[23.905953604999365,-11.007955077055293],[23.905953634407936,-11.007955133993057],[23.906205862485688,-11.008445778309401],[23.906205871355517,-11.008445795587987],[23.906575259250715,-11.009166396374253],[23.906882919112512,-11.009766666987337],[23.907140225473317,-11.010268620593134],[23.90714028014925,-11.010268728213969],[23.90742579796842,-11.01083580781645],[23.908223946258932,-11.01235513588253],[23.908224372420406,-11.01235600812533],[23.9082639083226,-11.012443358690007],[23.908292453860895,-11.012506426907775],[23.90829301175117,-11.012507830227976],[23.908317798095652,-11.012579896144135],[23.90834211833107,-11.012650606452963],[23.908374928446406,-11.012739394619363],[23.908340525573536,-11.012747971788258],[23.908307652738806,-11.012659013887841],[23.908307531318503,-11.012658673489945],[23.90828315237356,-11.01258779247788],[23.908258610578223,-11.012516437578105],[23.908230378367126,-11.012454061619739],[23.90819104199283,-11.012367151889823],[23.90739305325997,-11.010848127552599],[23.907392921696943,-11.010847871776651],[23.907107366360155,-11.010280717658862],[23.906850087306413,-11.009778817324408],[23.90654242759323,-11.009178547002508],[23.906173044310282,-11.008457955215386],[23.905920835287258,-11.007967347966574],[23.905117560186117,-11.006419398895504],[23.904800935326808,-11.005815912710577],[23.90480069315627,-11.005815432429028],[23.90437950278473,-11.004945283512045],[23.904312533101674,-11.004813636687016],[23.903718218950956,-11.003722644065228],[23.903718113075197,-11.00372244657704],[23.903040478496717,-11.00243788973712],[23.903040317041416,-11.002437575659236],[23.902780713704356,-11.001919111882117],[23.90274121276016,-11.001853114178514],[23.902701891522334,-11.001796866804897],[23.90267401248786,-11.001760681879553],[23.90264662796333,-11.00173072228244],[23.90262133851241,-11.00170649406348],[23.902647120507176,-11.001684945591585],[23.90267285638739,-11.0017096015101]]]]}},{"type":"Feature","properties":{"id":null,"group":null,"name":null,"settlement_id":"settlement_seshai","country_id":"country_barrel","district_id":null,"status":null,"surface":null,"access":null,"bridge":null,"tunnel":null,"oneway":null,"route_id":null,"alt_name":null,"notes":null},"geometry":{"type":"MultiPolygon","coordinates":[[[[23.902784358556733,-11.001467431393687],[23.90279994923467,-11.001498073531348],[23.90280128255506,-11.001501722032005],[23.90280905503222,-11.001535398261222],[23.902809440552844,-11.001538902095774],[23.90280924925053,-11.001558559421882],[23.902809087741385,-11.001573848106418],[23.902808646829346,-11.001577240418905],[23.902800077775304,-11.001610982100814],[23.90279854536824,-11.001614713941061],[23.90277468220234,-11.001655494806101],[23.90277324617553,-11.00165753341999],[23.90277146892778,-11.001659333816237],[23.902736063229764,-11.001689837526142],[23.902733741452707,-11.001691506406628],[23.902731116342913,-11.001692783179323],[23.902688009274176,-11.001709503244555],[23.902684900866724,-11.001710403854704],[23.902681627274,-11.001710768673677],[23.902635871001905,-11.001712027118415],[23.902632719954692,-11.001711867551455],[23.90262961436844,-11.001711221687756],[23.902594907225303,-11.00170117010367],[23.902592257774547,-11.001700201917854],[23.90258978164981,-11.001698886972898],[23.902558965773142,-11.001679657259015],[23.90255662307566,-11.001677943026783],[23.902554596400265,-11.001675927913142],[23.902524518675445,-11.00164100026317],[23.902522821153134,-11.001638671872058],[23.902521560016268,-11.001636145794379],[23.90250438048665,-11.001592757845899],[23.90250331759121,-11.001588018714497],[23.902500626840016,-11.001542932128897],[23.902501007773083,-11.00153865044503],[23.90251107968234,-11.001497252293296],[23.902512669370058,-11.00149334249637],[23.902534185108443,-11.001456828892175],[23.902537027002346,-11.00145333788972],[23.90256800370487,-11.001425023686686],[23.902572135578648,-11.001422268034986],[23.90260973840552,-11.001404511980233],[23.902612366939593,-11.001403514783949],[23.902615164992696,-11.001402919228921],[23.902655969417488,-11.00139737135927],[23.902659110562517,-11.001397197068869],[23.902662270523216,-11.001397518117411],[23.90269031817177,-11.001402584609263],[23.9026904240962,-11.001402604029],[23.902702911421173,-11.001404927108963],[23.902707883608112,-11.001406524083361],[23.902731654869477,-11.001417660377959],[23.902734932986665,-11.001419592728956],[23.902756421922692,-11.001435210204676],[23.90275959150779,-11.00143810969838],[23.90278198655961,-11.001463922708865],[23.902784358556733,-11.001467431393687]],[[23.902752435166462,-11.001481367469673],[23.90273285841371,-11.001458802893083],[23.902714675241175,-11.001445587944282],[23.90269502566225,-11.001436382567503],[23.902685184309114,-11.001434551732595],[23.90266035915628,-11.001430067352478],[23.902625570245505,-11.001434797343324],[23.902592821016377,-11.0014502615343],[23.902565366218376,-11.001475356552229],[23.902546078877062,-11.001508088430532],[23.902537020301896,-11.00154532153437],[23.902539436508768,-11.001585807765084],[23.902554657639893,-11.001624249656615],[23.90258095002,-11.001654781592318],[23.9026068746742,-11.001670959091522],[23.902635762144836,-11.001679325237056],[23.902674986692737,-11.001678246441774],[23.90271229039337,-11.001663777351599],[23.902743578323427,-11.001636821302991],[23.902765145087688,-11.001599964874341],[23.902772792071886,-11.001569853967238],[23.902772935263265,-11.00155629939211],[23.902773109264032,-11.001538419568611],[23.902766173660318,-11.001508369298667],[23.902752435166462,-11.001481367469673]]]]}},{"type":"Feature","properties":{"id":null,"group":null,"name":"Estrada do Bairro 5 de Abril","settlement_id":"settlement_seshai","country_id":"country_barrel","district_id":null,"status":null,"surface":null,"access":null,"bridge":null,"tunnel":null,"oneway":null,"route_id":null,"alt_name":null,"notes":null},"geometry":{"type":"MultiPolygon","coordinates":[[[[23.896026556600816,-10.99364966215463],[23.896144828170332,-10.993405312080348],[23.89614632108175,-10.993402870238429],[23.89631105625077,-10.993184159893513],[23.896312223117295,-10.993182788453511],[23.89648149983135,-10.993006030281004],[23.89648191764956,-10.993005610314764],[23.89690240573627,-10.992598707265067],[23.897095720430173,-10.99238947781549],[23.897096351138245,-10.992388833817095],[23.897449020961513,-10.992048975107345],[23.89769828660079,-10.991775864512674],[23.897698514492717,-10.991775620192223],[23.898448961594255,-10.990988324633486],[23.898775456658964,-10.99062443969408],[23.89877560506047,-10.990624276666198],[23.899025058752976,-10.990354150444022],[23.899706821218,-10.989585760963866],[23.899706912646987,-10.989585658841236],[23.900024053352922,-10.989234593263319],[23.90052670191753,-10.988678081767056],[23.90052682257807,-10.988677949729329],[23.900946038020518,-10.988224526018458],[23.90129952430439,-10.987842202787165],[23.90129975774978,-10.98784195580655],[23.90202545654893,-10.98709087888413],[23.902958452887653,-10.986048497251833],[23.902958605799938,-10.986048328937034],[23.903262826690817,-10.985718398330185],[23.90326296488787,-10.985718250414049],[23.90396852515373,-10.984972926656921],[23.90493155553179,-10.983927838530693],[23.90499796327015,-10.983854283009299],[23.90499801112774,-10.983854230247012],[23.90595737373214,-10.982801467184629],[23.90595741476197,-10.98280142233889],[23.906924125018737,-10.981748993950859],[23.906924234863514,-10.981748875617335],[23.907845621057263,-10.980766651254855],[23.908766695708618,-10.979721185860935],[23.908766979693652,-10.979720872345501],[23.90972627568036,-10.978690655546018],[23.910001683990153,-10.978381739351988],[23.910001870103994,-10.978381534345537],[23.910490559199264,-10.977852878574295],[23.910869737557963,-10.977442791726384],[23.91106218994229,-10.977232773034858],[23.911417269938784,-10.976845243539685],[23.911869686011066,-10.976351608432697],[23.911869789294744,-10.976351496849862],[23.913683880884715,-10.974410946161651],[23.914024674392998,-10.974039211430494],[23.914210879477594,-10.973836058991886],[23.915225508314915,-10.972713912121634],[23.915226106318148,-10.972713286885645],[23.91537116440865,-10.972569844753288],[23.915398693854776,-10.972592565759944],[23.915253944350262,-10.972735702776422],[23.914239570265604,-10.973857568158486],[23.914239500065253,-10.973857645271108],[23.914053259266698,-10.974060836720628],[23.913712413508726,-10.974432628530684],[23.91371231153922,-10.974432738676503],[23.911898221065783,-10.976373288612558],[23.91144585836243,-10.976866865601258],[23.91109077884533,-10.977254394661893],[23.910898302378065,-10.977464439682715],[23.910898255652754,-10.977464490444238],[23.910519055840833,-10.977874600587706],[23.910030461571097,-10.97840315389881],[23.909755034686142,-10.97871209099935],[23.909754810389355,-10.97871233716227],[23.908795545380304,-10.979742520927383],[23.90787445214693,-10.980788007655521],[23.907874129176776,-10.980788362889317],[23.906952633975955,-10.9817707036794],[23.905985999111188,-10.982823050231588],[23.905026681213272,-10.983875764476048],[23.904960244870075,-10.983949351698039],[23.904960139261583,-10.983949467481837],[23.903996985727723,-10.984994689497075],[23.903996844068477,-10.98499484116752],[23.903291282217975,-10.98574016676819],[23.90298720710559,-10.986069939352223],[23.90205409094643,-10.987112455094286],[23.902053690316713,-10.987112885846846],[23.901327905109493,-10.987864052369003],[23.900974534228187,-10.988246250871146],[23.900555379710546,-10.988699608789252],[23.90005279071997,-10.989256054455405],[23.899735694721464,-10.989607070623908],[23.899053876510507,-10.990375523110579],[23.899053671281564,-10.990375749828265],[23.898804188648665,-10.99064590745059],[23.898477612279265,-10.991009883089756],[23.898477296772676,-10.9910102242246],[23.89772680469027,-10.991797567151227],[23.89747731701281,-10.992070921088011],[23.897476622729272,-10.992071634314717],[23.897123918912467,-10.992411525859492],[23.896930615247147,-10.992620743421488],[23.89693000793185,-10.99262136483198],[23.896509420051125,-10.993028364543413],[23.89634097497909,-10.993204254357792],[23.896177649845896,-10.993421092721668],[23.89606000113521,-10.993664156037463],[23.896011097839317,-10.99376519534445],[23.895977653180562,-10.993750701689518],[23.896026556600816,-10.99364966215463]]]]}},{"type":"Feature","properties":{"id":null,"group":null,"name":null,"settlement_id":"settlement_seshai","country_id":"country_barrel","district_id":null,"status":null,"surface":null,"access":null,"bridge":null,"tunnel":null,"oneway":null,"route_id":null,"alt_name":null,"notes":null},"geometry":{"type":"MultiPolygon","coordinates":[[[[23.899225821676968,-11.003317958654103],[23.899227922203888,-11.003316693734392],[23.899690500798396,-11.003081609523228],[23.900842452152816,-11.002496178769015],[23.900842816654873,-11.002495998842877],[23.901145533993834,-11.002350922913621],[23.902137917965693,-11.001851394066481],[23.902422504164218,-11.001708209846067],[23.90242373101992,-11.001707650477872],[23.90256035325069,-11.001651528319908],[23.902577059742196,-11.00168134873072],[23.90244106451117,-11.001737213347983],[23.902157082464054,-11.001880093645497],[23.901164548579864,-11.002379698108715],[23.901164243897895,-11.002379847778547],[23.900861556898683,-11.002524909214353],[23.899709786517697,-11.003110248177778],[23.899248313343744,-11.003344770681284],[23.899081606048103,-11.00346256725183],[23.899058119292018,-11.003436458331493],[23.899225821676968,-11.003317958654103]]]]}},{"type":"Feature","properties":{"id":null,"group":null,"name":"Rua do Arquivo Hist\u00f3rico","settlement_id":"settlement_seshai","country_id":"country_barrel","district_id":null,"status":null,"surface":null,"access":null,"bridge":null,"tunnel":null,"oneway":null,"route_id":null,"alt_name":null,"notes":null},"geometry":{"type":"MultiPolygon","coordinates":[[[[23.894045577714024,-10.99662330906986],[23.89373830047354,-10.997011419717973],[23.893252576761824,-10.997625978380077],[23.89325078993458,-10.997627880795582],[23.89305263984079,-10.9978062281605],[23.893049596312743,-10.997808390895448],[23.89276645117566,-10.997965206824313],[23.892765717841776,-10.997965590292146],[23.89218338075057,-10.99825263937452],[23.89203338564744,-10.998327363809308],[23.892033085409103,-10.998327509819205],[23.891331665838223,-10.99866039352561],[23.890517173088085,-10.999046906558249],[23.890516789739102,-10.999047082879699],[23.889447129343385,-10.999523678891963],[23.888062270460935,-11.000166050178196],[23.888044115570885,-11.000136860980042],[23.88942909591553,-10.999494433566936],[23.88942933964078,-10.999494322753547],[23.89049892951795,-10.99901775832449],[23.89131323112598,-10.998631336123614],[23.89201449951018,-10.998298524276565],[23.89216437829912,-10.99822385781057],[23.892164444218388,-10.998223825144317],[23.892746442043766,-10.997936943385115],[23.89302756074096,-10.997781249815528],[23.893223351499312,-10.99760502604006],[23.89370827375198,-10.996991481567008],[23.894015721173734,-10.996603156051888],[23.894016045024063,-10.996602760896428],[23.894236587941602,-10.996342709099077],[23.89426595508321,-10.996363452418281],[23.894045577714024,-10.99662330906986]]]]}},{"type":"Feature","properties":{"id":null,"group":null,"name":"Avenida Joaquim Morais","settlement_id":"settlement_seshai","country_id":"country_barrel","district_id":null,"status":null,"surface":null,"access":null,"bridge":null,"tunnel":null,"oneway":null,"route_id":null,"alt_name":null,"notes":null},"geometry":{"type":"MultiPolygon","coordinates":[[[[23.901944331785902,-11.000958958452545],[23.90156060098428,-11.000692003223808],[23.9014995517746,-11.000649481301174],[23.899493416377826,-10.999253572901612],[23.898505078754336,-10.998565929015419],[23.897947345080947,-10.998177714323285],[23.89657577592811,-10.997235452432996],[23.89623041865251,-10.996998194166757],[23.89623022562744,-10.996998059856006],[23.895851440546092,-10.996731118603828],[23.895588164713764,-10.996557521699279],[23.89558718822367,-10.996556834495552],[23.89537036527691,-10.996394149220157],[23.895173268950316,-10.996253374053035],[23.895131990537223,-10.996225367628556],[23.89513141076757,-10.99622495881856],[23.895042416014157,-10.996159765842739],[23.894707803568924,-10.995917458687199],[23.894729541803233,-10.995892538154873],[23.89506419773547,-10.996134876858587],[23.895064284645375,-10.996134940158163],[23.89515303700685,-10.996199955585546],[23.89519421776324,-10.996227895759244],[23.895194606869858,-10.996228166652458],[23.895392082921823,-10.996369213070718],[23.89539245343177,-10.996369484323115],[23.895608983306513,-10.996531949740522],[23.895872014448443,-10.99670538534736],[23.89587251917025,-10.996705729457918],[23.896251457479234,-10.996972778760341],[23.896596717858827,-10.997209970519071],[23.89796833672383,-10.998152266797982],[23.897968436176615,-10.99815233557091],[23.898526214613234,-10.998540581517696],[23.89951455091004,-10.99922822465138],[23.901520691085604,-11.000624136722235],[23.90158173832074,-11.000666657281101],[23.901965552497302,-11.000933670578425],[23.90196572770349,-11.000933793887828],[23.902629667162994,-11.001406503119316],[23.902608184151067,-11.001431605560317],[23.901944331785902,-11.000958958452545]]]]}},{"type":"Feature","properties":{"id":null,"group":null,"name":null,"settlement_id":"settlement_seshai","country_id":"country_barrel","district_id":null,"status":null,"surface":null,"access":null,"bridge":null,"tunnel":null,"oneway":null,"route_id":null,"alt_name":null,"notes":null},"geometry":{"type":"MultiPolygon","coordinates":[[[[23.894658969211413,-10.996016468531042],[23.894637294749735,-10.996024047297707],[23.894632276869572,-10.996025064144249],[23.89459677570246,-10.996027455210069],[23.894593446151344,-10.996027402663756],[23.89459014682714,-10.996026803810787],[23.89455570012513,-10.996017607896375],[23.894552542959058,-10.99601648326628],[23.894549633381295,-10.996014870638325],[23.894519937309855,-10.995995019605932],[23.894517554208672,-10.995993142755598],[23.894515534707658,-10.995990949501635],[23.894493295847766,-10.995962424367532],[23.894491855875387,-10.995960264771727],[23.894490780412276,-10.99595795462628],[23.894478647737262,-10.99592546526846],[23.89447770077942,-10.99592106821767],[23.894475505048312,-10.99588620880044],[23.894475827706064,-10.99588211422878],[23.894483226741787,-10.995849289627156],[23.894484639892383,-10.9958455519278],[23.894500675741174,-10.99581622239087],[23.89450321270732,-10.995812837328838],[23.89452669491121,-10.995789235078231],[23.89453047573731,-10.995786415415415],[23.89455930979782,-10.995770720607013],[23.894561715463805,-10.995769637272804],[23.894564298288934,-10.995768904496007],[23.89459626133465,-10.995762261176953],[23.89459943195308,-10.995761870901624],[23.894602663257086,-10.995761996936176],[23.894640642305866,-10.995766518190319],[23.894644205637025,-10.995767266346812],[23.89464757537876,-10.995768626515746],[23.894681733925392,-10.995786090865947],[23.894684602203963,-10.995787877193743],[23.89468708147543,-10.995790093148587],[23.8947135298739,-10.995818318705028],[23.894715383259065,-10.995820656642167],[23.894716783916618,-10.995823220916584],[23.894732490037168,-10.995859157076083],[23.894733618312255,-10.995863004655943],[23.894736779159068,-10.995883218982057],[23.89473695782403,-10.995885600732532],[23.894736829907885,-10.995906068110594],[23.894736437519153,-10.995909324390542],[23.89472871108973,-10.995941687673632],[23.894727270698617,-10.995945372315886],[23.894711104635267,-10.995974274015085],[23.894708558601007,-10.995977612916937],[23.894685143360128,-10.996000820811362],[23.89468197267602,-10.996003260841432],[23.89466212684392,-10.996015004474426],[23.894658969211413,-10.996016468531042]],[[23.894642398278577,-10.995986545528474],[23.894658998140027,-10.99597672267873],[23.894679479285855,-10.995956422901997],[23.894693643551115,-10.995931100025553],[23.894700525813242,-10.995902272674888],[23.894700635934324,-10.995884652872865],[23.894697969451286,-10.995867600107191],[23.894684254280975,-10.995836219311522],[23.894662170297305,-10.995812651433146],[23.894634348979313,-10.99579842714312],[23.8946032941477,-10.995794730194394],[23.894577143329226,-10.995800165482269],[23.894552753138274,-10.99581344143022],[23.894532447272603,-10.99583385110909],[23.894518395990143,-10.995859550884871],[23.894511892959233,-10.995888400523219],[23.894513816558764,-10.995918939542408],[23.894524252176485,-10.995946884450856],[23.894543031670548,-10.995970972360238],[23.894567376520424,-10.995987246247857],[23.894595256186903,-10.995994689026785],[23.89462479927955,-10.995992699252213],[23.894642398278577,-10.995986545528474]]]]}},{"type":"Feature","properties":{"id":null,"group":null,"name":"Avenida 5 de Abril","settlement_id":"settlement_seshai","country_id":"country_barrel","district_id":null,"status":null,"surface":null,"access":null,"bridge":null,"tunnel":null,"oneway":null,"route_id":null,"alt_name":null,"notes":null},"geometry":{"type":"MultiPolygon","coordinates":[[[[23.896170542970342,-10.99746169594867],[23.896170929680768,-10.997462461599874],[23.896544496972698,-10.998252238044378],[23.896997763102995,-10.999210635341246],[23.89734968598149,-10.999954641992009],[23.897748278959057,-11.000797151230524],[23.89794568916133,-11.001214588010836],[23.898164905900337,-11.00167802191009],[23.89816491925003,-11.001678050201205],[23.89818369711737,-11.001717943069222],[23.8984859215055,-11.002356731366238],[23.898519293251166,-11.002427209965695],[23.898591318173718,-11.002579522513793],[23.898780739581206,-11.002980082169111],[23.898747441100877,-11.002991285497721],[23.89855801959953,-11.002590725636894],[23.898486000015943,-11.002438424371437],[23.89845262899468,-11.00236794730065],[23.898150394385024,-11.001729137389766],[23.89815038053962,-11.001729108050775],[23.89813160242442,-11.001689214655531],[23.8979123920389,-11.00122579417963],[23.897714982576478,-11.000808358956103],[23.897316389920316,-10.999965850382168],[23.896964466089802,-10.999221841705783],[23.89651120007462,-10.99826344463553],[23.896137815832148,-10.99747405517532],[23.895998328897953,-10.997214685788894],[23.896030852224758,-10.99720194758232],[23.896170542970342,-10.99746169594867]]]]}},{"type":"Feature","properties":{"id":null,"group":null,"name":"Avenida 5 de Abril","settlement_id":"settlement_seshai","country_id":"country_barrel","district_id":null,"status":null,"surface":null,"access":null,"bridge":null,"tunnel":null,"oneway":null,"route_id":null,"alt_name":null,"notes":null},"geometry":{"type":"MultiPolygon","coordinates":[[[[23.89928582744349,-11.004132279604052],[23.899470515807852,-11.004537409692338],[23.900109701746484,-11.005939692161332],[23.900510141641444,-11.006818524783899],[23.900950968333408,-11.007785661707018],[23.901382552071524,-11.008732567205518],[23.901636175111392,-11.009289074946288],[23.901713610734266,-11.009459021977808],[23.901851182024995,-11.009759272811367],[23.901851204988986,-11.009759323154505],[23.902050239633418,-11.010197615162248],[23.9021426716098,-11.010400411767186],[23.902413267859135,-11.01098766603259],[23.902482779908357,-11.011138635997396],[23.902482882622976,-11.011138863629741],[23.90257382691615,-11.011344586568875],[23.90264277065723,-11.01150033873494],[23.902760855071485,-11.011758566490402],[23.903020461106706,-11.012326437005667],[23.9030205409004,-11.012326614324781],[23.9033568652226,-11.01308602811394],[23.903357307763073,-11.013087135881282],[23.903573838054953,-11.013693639353683],[23.90353931476386,-11.013701885423492],[23.903322984300075,-11.013095941620922],[23.902986941981354,-11.012337164558623],[23.902727377518758,-11.011769384964742],[23.90260925204625,-11.011511067415636],[23.90260917034743,-11.011510885844121],[23.902540184740193,-11.011355039092209],[23.902449286106705,-11.011149419436629],[23.902379829310632,-11.010998569467954],[23.902109219859856,-11.010411286537993],[23.90210919168427,-11.010411225056984],[23.90201674097826,-11.010208387353591],[23.902016731602462,-11.010208366745173],[23.901817703693357,-11.009770089557254],[23.901680136742055,-11.009469848186642],[23.901680122432065,-11.00946981686797],[23.901602680502837,-11.009299855991259],[23.90134905820111,-11.008743349855044],[23.900917474783306,-11.007796445033737],[23.900476647756488,-11.006829307349783],[23.900076208172166,-11.005950475385106],[23.899437023269634,-11.004548195151376],[23.899252334111832,-11.004143063311705],[23.899181471549934,-11.003987502581015],[23.899214967765804,-11.003976725207602],[23.89928582744349,-11.004132279604052]]]]}},{"type":"Feature","properties":{"id":null,"group":null,"name":null,"settlement_id":"settlement_seshai","country_id":"country_barrel","district_id":null,"status":null,"surface":null,"access":null,"bridge":null,"tunnel":null,"oneway":null,"route_id":null,"alt_name":null,"notes":null},"geometry":{"type":"MultiPolygon","coordinates":[[[[23.901630012692426,-11.012676329731214],[23.90133907356666,-11.011964197871213],[23.901240417540528,-11.011758991341397],[23.901212316944008,-11.011700458596792],[23.900891775030892,-11.011033901633542],[23.900791320153267,-11.010825039529879],[23.90046687116587,-11.01015041008812],[23.900442431534625,-11.010099602671666],[23.900362902349922,-11.009934152040811],[23.90009493043751,-11.009376730354719],[23.900094651336147,-11.009376117958594],[23.899692518157636,-11.00844334193899],[23.899726284873168,-11.008433174536206],[23.900128285081355,-11.00936564208775],[23.900396110964753,-11.009922760001539],[23.900475637651486,-11.01008820543482],[23.900500076566516,-11.010139011361693],[23.90082452616328,-11.010813642061255],[23.900924981197427,-11.011022504487515],[23.90124552608916,-11.01168906763551],[23.901273627851015,-11.011747602804189],[23.901372496054684,-11.011953250663367],[23.901372895849136,-11.011954150500394],[23.901664020934223,-11.012666737498687],[23.901699987917475,-11.012754802340872],[23.901665978598245,-11.012764391940602],[23.901630012692426,-11.012676329731214]]]]}},{"type":"Feature","properties":{"id":null,"group":null,"name":"Avenida Joaquim Morais","settlement_id":"settlement_seshai","country_id":"country_barrel","district_id":null,"status":null,"surface":null,"access":null,"bridge":null,"tunnel":null,"oneway":null,"route_id":null,"alt_name":null,"notes":null},"geometry":{"type":"MultiPolygon","coordinates":[[[[23.90851615458521,-11.012686213165983],[23.908416109363305,-11.012542071119496],[23.908415221147834,-11.012540648707896],[23.908291329551307,-11.0123186780319],[23.908291131132767,-11.012318311959458],[23.907799608993688,-11.011383962220155],[23.907482748444806,-11.010784170325147],[23.907482687284062,-11.010784053437249],[23.90731514307334,-11.010460745954354],[23.907049876866942,-11.009948920633052],[23.90676915965489,-11.009407161039857],[23.90629740390671,-11.008521572442243],[23.90597627129522,-11.00791881225696],[23.905976106783235,-11.007918495354785],[23.905523843647913,-11.007023978305897],[23.904865160190447,-11.005772875224176],[23.90486494613524,-11.005772454278375],[23.904567500960646,-11.005166339007166],[23.90419752995893,-11.004447183922556],[23.903497730391223,-11.003134110556235],[23.903497596251533,-11.003133853512104],[23.902945666551215,-11.002053419040527],[23.902852266272724,-11.001870501142074],[23.902851606269678,-11.001869036058327],[23.90282074076915,-11.001790359238957],[23.902820316865803,-11.001789134460417],[23.90279671716908,-11.001710676985828],[23.902796304567126,-11.001708953312804],[23.90278683149331,-11.001656020701555],[23.902786807077003,-11.001655880475534],[23.902772982472136,-11.00157421401119],[23.902808879085836,-11.001571216113465],[23.902822691819875,-11.001652812421415],[23.90283199683149,-11.001704805935708],[23.902855153448925,-11.001781790376183],[23.90288548893959,-11.001859116184155],[23.902978519323362,-11.002041309668655],[23.90353038242289,-11.003121613768728],[23.904230170765167,-11.00443466608301],[23.904230283368076,-11.004434881107377],[23.904600381820085,-11.005154283933587],[23.90460052305939,-11.005154564976792],[23.90489793354551,-11.005760609559918],[23.905556570886404,-11.00701162505283],[23.90555669709103,-11.007011869632727],[23.90600894174016,-11.007906350120868],[23.906329990444004,-11.0085089528185],[23.90680179174363,-11.009394626935169],[23.906801880434752,-11.00939479573717],[23.907082640482294,-11.009936638002372],[23.907347906533413,-11.010448463026538],[23.907515420889172,-11.01077171290046],[23.90783225740718,-11.011371459311933],[23.907832271063636,-11.011371485217195],[23.908323703157105,-11.01230566379631],[23.908447086422203,-11.012526723725667],[23.90854668100955,-11.012670216520956],[23.90854674253579,-11.012670305755442],[23.908597055927473,-11.01274376439412],[23.908566437372368,-11.012759627116262],[23.90851615458521,-11.012686213165983]]]]}},{"type":"Feature","properties":{"id":null,"group":null,"name":"Avenida Pereira da Cruz","settlement_id":"settlement_seshai","country_id":"country_barrel","district_id":null,"status":null,"surface":null,"access":null,"bridge":null,"tunnel":null,"oneway":null,"route_id":null,"alt_name":null,"notes":null},"geometry":{"type":"MultiPolygon","coordinates":[[[[23.893320055512923,-10.998281839133107],[23.89332049390424,-10.998282719574073],[23.893606834556397,-10.998903409034032],[23.893606881770364,-10.998903512315454],[23.89390042095827,-10.999551557348097],[23.894167218662407,-11.000132479028967],[23.89433252153364,-11.000492484808156],[23.894698173924457,-11.001218496131862],[23.894698476248934,-11.00121912951726],[23.894747564543316,-11.00132788105684],[23.894748041903355,-11.001329059786638],[23.89476747548384,-11.001383097260783],[23.894916756383356,-11.001677113082799],[23.894916963376357,-11.001677535505268],[23.895124548310665,-11.002116883046781],[23.8951245906065,-11.002116973270326],[23.895340058266953,-11.002580242929366],[23.895561816941562,-11.003050666712543],[23.89590785283999,-11.003785770667777],[23.896351464805154,-11.004728328849389],[23.896683629200435,-11.005407803428657],[23.89715983926065,-11.00637616574821],[23.897159907570288,-11.006376306325661],[23.89754842540673,-11.007185560222242],[23.897738077136385,-11.007580579850227],[23.897886299368356,-11.007889246062115],[23.898039308959913,-11.008207957164915],[23.89803946976852,-11.00820830229563],[23.89843528734848,-11.009084199197734],[23.89915809720039,-11.010555596091214],[23.89923868155754,-11.01071702031141],[23.899205690009747,-11.010728855524139],[23.89912508198113,-11.010567383885135],[23.89912503498139,-11.010567288979189],[23.898402084715325,-11.009095606233604],[23.898401858887485,-11.009095127232754],[23.898006010710194,-11.008219162602309],[23.897853084622504,-11.007900625428315],[23.897704862470125,-11.007591959377875],[23.89751520990169,-11.007196937997426],[23.897126725791274,-11.006387754339245],[23.89665054162903,-11.005419444673695],[23.89665052458088,-11.005419409903565],[23.896318297991133,-11.004739808092161],[23.896318192413723,-11.004739588014207],[23.895874529289213,-11.00379692111615],[23.895528499470753,-11.003061830057273],[23.895306724616844,-11.002591371943527],[23.89530668861609,-11.002591295059762],[23.895091224037497,-11.00212803201732],[23.89488376068961,-11.001688941803273],[23.894734123527456,-11.001394224300322],[23.894733319490708,-11.001392364033082],[23.894713759179616,-11.001337974165368],[23.89466507788933,-11.001230124310116],[23.894299449381993,-11.000504160400132],[23.894299190929573,-11.000503623366487],[23.894133764855518,-11.000143349261645],[23.89386694955963,-10.999562389261957],[23.893866914108436,-10.999562311537028],[23.89357338068564,-10.998914279214478],[23.893287269160627,-10.99829408641332],[23.893023134578264,-10.99780070040263],[23.89305568794354,-10.997788017914717],[23.893320055512923,-10.998281839133107]]]]}},{"type":"Feature","properties":{"id":null,"group":null,"name":"Rua Gerrilheiro Faria","settlement_id":"settlement_seshai","country_id":"country_barrel","district_id":null,"status":null,"surface":null,"access":null,"bridge":null,"tunnel":null,"oneway":null,"route_id":null,"alt_name":null,"notes":null},"geometry":{"type":"MultiPolygon","coordinates":[[[[23.898096174875974,-11.011292757629375],[23.89801731145659,-11.011133809457242],[23.89801719451988,-11.011133568909058],[23.897303600030735,-11.009634874140612],[23.89727114218918,-11.009566783171701],[23.897271098787442,-11.009566691395312],[23.89687833146403,-11.00872947422292],[23.896743064051332,-11.008445810861655],[23.896396387512326,-11.007729613181809],[23.896396263366377,-11.007729350843679],[23.896318741054912,-11.007561726873728],[23.895571804789924,-11.005957780708608],[23.895571792876336,-11.005957755067538],[23.895253005797972,-11.005270089161158],[23.89472496601213,-11.004130894400497],[23.89423861168885,-11.00314706778046],[23.894238382273443,-11.003146584112462],[23.893671008949028,-11.001898314046826],[23.893242030324004,-11.000996294817273],[23.893241972760418,-11.000996172483536],[23.892825388773513,-11.00010131248462],[23.892825351489492,-11.000101231824495],[23.892007139377313,-10.998318412714982],[23.89204059653115,-10.998307549724455],[23.892858790018625,-11.000090328208554],[23.89327532668158,-11.000985086532422],[23.89370433737737,-11.001887173180474],[23.893704457364606,-11.001887431206995],[23.894271778879016,-11.003135587258734],[23.894758106137502,-11.004119359117947],[23.89475828490155,-11.004119732425986],[23.895286411111933,-11.005259113616649],[23.89560519210768,-11.005946766386527],[23.896352131505726,-11.007550719244108],[23.896352149835145,-11.007550758739825],[23.896429620421728,-11.007718270863196],[23.896776254662207,-11.008434381148332],[23.896776296471952,-11.008434468169826],[23.896911607043855,-11.008718222033954],[23.896911651540833,-11.008718316109812],[23.897304419355837,-11.00955553431472],[23.897336856937958,-11.00962358278172],[23.89805039866547,-11.011122166714863],[23.898129310193283,-11.011281211847177],[23.898129518674523,-11.011281647945637],[23.898905787555055,-11.012968593016875],[23.898872342984237,-11.012979483744],[23.898096174875974,-11.011292757629375]]]]}},{"type":"Feature","properties":{"id":null,"group":null,"name":null,"settlement_id":"settlement_seshai","country_id":"country_barrel","district_id":null,"status":null,"surface":null,"access":null,"bridge":null,"tunnel":null,"oneway":null,"route_id":null,"alt_name":null,"notes":null},"geometry":{"type":"MultiPolygon","coordinates":[[[[23.90063034457752,-11.019244862526122],[23.900692544759945,-11.019294204576127],[23.900752000532975,-11.019331955211136],[23.90157385792894,-11.019682717362016],[23.901668974555886,-11.019719796734156],[23.90167264514382,-11.019721675534273],[23.901706723801933,-11.019743792154078],[23.90170891624573,-11.019745444138866],[23.90177571593906,-11.019803647231914],[23.901778422974218,-11.019806571300606],[23.901934013343052,-11.020016883636027],[23.90193585274896,-11.02002001263585],[23.90198344298171,-11.020125682966706],[23.90225644505801,-11.020669576051136],[23.90225772847695,-11.020673104876412],[23.902585682755795,-11.02207741694585],[23.90258568683,-11.02207743443723],[23.90286104732503,-11.023262712324478],[23.903000111437425,-11.023846415667721],[23.903124122501342,-11.024316334870862],[23.903124246385676,-11.024316838390982],[23.903252676563454,-11.024879475501061],[23.90325271676971,-11.024879656681605],[23.90335391533025,-11.025349103226201],[23.90351819868258,-11.026054540159855],[23.903518266039608,-11.026054843231853],[23.903892365665495,-11.027822405125603],[23.903856699325434,-11.02782662101352],[23.903482631854136,-11.026059210556316],[23.90331835506921,-11.02535380164909],[23.903318299766138,-11.02535355499791],[23.90321709414534,-11.024884075576448],[23.90308874225261,-11.024321781286277],[23.902964749840994,-11.023851932668109],[23.902964659062388,-11.023851571069542],[23.902825541804216,-11.02326764452086],[23.90282552204535,-11.02326756054109],[23.902550153844036,-11.022082249198148],[23.902222626066983,-11.020679763151783],[23.901950327101332,-11.020137270834189],[23.901950029322776,-11.020136645192832],[23.901903036929962,-11.020032302317997],[23.9017497231012,-11.01982506721233],[23.901685484045213,-11.01976909523283],[23.90165429552776,-11.01974885428344],[23.901560818111346,-11.019712413941235],[23.90156021616332,-11.019712168238138],[23.90073653947398,-11.019360629766872],[23.90073363734092,-11.019359103535889],[23.900671925585186,-11.019319920506199],[23.900670247787623,-11.019318727958854],[23.900601595437532,-11.01926426755381],[23.900599138565862,-11.019261932348515],[23.900597194344133,-11.019259245509668],[23.900595833928964,-11.019256305373009],[23.900595107110274,-11.01925321954475],[23.900578374028477,-11.019122372279558],[23.900614451321427,-11.019120582460886],[23.90063034457752,-11.019244862526122]]]]}},{"type":"Feature","properties":{"id":null,"group":null,"name":"Rua Eurico Gon\u00e7alves","settlement_id":"settlement_seshai","country_id":"country_barrel","district_id":null,"status":null,"surface":null,"access":null,"bridge":null,"tunnel":null,"oneway":null,"route_id":null,"alt_name":null,"notes":null},"geometry":{"type":"MultiPolygon","coordinates":[[[[23.890983785596315,-10.997870349145623],[23.89104178567753,-10.997999203228751],[23.891187093658054,-10.99832202771297],[23.89133906985326,-10.998640204700425],[23.891339210664743,-10.998640507358376],[23.892148386084838,-11.000426964881118],[23.892148447227353,-11.000427101525101],[23.89255038826949,-11.001336515621915],[23.892550442259708,-11.001336639154589],[23.892949268817723,-11.002259551447903],[23.893531474080874,-11.003519416291239],[23.8936437118454,-11.003762229588538],[23.89398914795684,-11.00450980346899],[23.893989185272194,-11.004509884805698],[23.894507289044103,-11.00564736174738],[23.894507395607206,-11.00564760074859],[23.894810559290434,-11.006342452696865],[23.894810566068255,-11.00634246825358],[23.895201764282984,-11.007241627306353],[23.895513204014886,-11.007953999779234],[23.895513273876432,-11.007954161966556],[23.895590364144777,-11.008135839744872],[23.89592976636274,-11.008850250386322],[23.895929917988454,-11.00885057881714],[23.896412173242943,-11.009926181910483],[23.896874806495383,-11.010958709235728],[23.897161389526918,-11.01157701939702],[23.89716161877656,-11.011577537321172],[23.897229940945262,-11.01173943763429],[23.898186067824934,-11.013816071306454],[23.8981861703405,-11.013816298489097],[23.89823043391674,-11.01391641827355],[23.898599084572115,-11.014749480088678],[23.898894914064545,-11.015418238193874],[23.898895334305422,-11.015419285353715],[23.898910512269328,-11.0154613191392],[23.898876027757066,-11.015469673683466],[23.898861040760114,-11.015428168757571],[23.8985654419676,-11.014759932148287],[23.89819679063878,-11.013926868782402],[23.898152573995045,-11.013826855153646],[23.89719638926547,-11.011750095774076],[23.897196177566045,-11.011749615843703],[23.89712786349657,-11.011587734716722],[23.896841355741266,-11.010969586948397],[23.896841268947302,-11.010969396511037],[23.896378595496767,-11.009936779437496],[23.895896414970807,-11.008861342984792],[23.895556941893236,-11.008146783173475],[23.895556658806942,-11.00814615342347],[23.895479468450397,-11.007964239761298],[23.895168058307053,-11.007251934939939],[23.895168046788502,-11.00725190852904],[23.894776846170046,-11.00635274391666],[23.894473738119473,-11.005658019453225],[23.893955707114998,-11.004520702237432],[23.893610291177875,-11.003773171998754],[23.893498053548992,-11.003530358989275],[23.892915761543414,-11.002270306406581],[23.89291559495103,-11.0022699337709],[23.892516714227817,-11.00134689610165],[23.892114830646467,-11.000437611981631],[23.89130575481741,-10.998651374282495],[23.89115377032967,-10.99833317992754],[23.89115361376123,-10.998332842369367],[23.89100822955546,-10.998009848529941],[23.8909501935012,-10.99788091452439],[23.8909501223537,-10.997880754167202],[23.89024376914409,-10.99626532135157],[23.89027746758516,-10.996254996887497],[23.890983785596315,-10.997870349145623]]]]}},{"type":"Feature","properties":{"id":null,"group":null,"name":null,"settlement_id":"settlement_seshai","country_id":"country_barrel","district_id":null,"status":null,"surface":null,"access":null,"bridge":null,"tunnel":null,"oneway":null,"route_id":null,"alt_name":null,"notes":null},"geometry":{"type":"MultiPolygon","coordinates":[[[[23.899299743110532,-11.013323166926407],[23.89935181552719,-11.013364161961588],[23.899353765426476,-11.013365927700542],[23.89935542052959,-11.013367917584272],[23.89939436605941,-11.013422304210689],[23.89939570961631,-11.013424512937183],[23.899396680235395,-11.013426858279756],[23.89942150202016,-11.013503494616023],[23.899422075373288,-11.013505908211924],[23.899422245790987,-11.013508350132383],[23.899421144439817,-11.013589510935077],[23.899420463774742,-11.013593697580918],[23.89940014842322,-11.013657192822535],[23.899398486706943,-11.01366068470968],[23.89936226493246,-11.013716306219623],[23.899359592573536,-11.013719397096306],[23.89931159010677,-11.013761962372543],[23.8993078429285,-11.0137644586315],[23.899250662103096,-11.01379238089923],[23.899245879480436,-11.013793938018969],[23.899183817230245,-11.013805208209758],[23.89918097193052,-11.01380551156555],[23.899178081851666,-11.01380540178627],[23.89911076610144,-11.013798029532055],[23.899107713675907,-11.013797459646462],[23.89910478182262,-11.013796438586096],[23.89904254017731,-11.013769337329965],[23.899039908168817,-11.013767953974797],[23.899037537367597,-11.013766216068483],[23.898985557873708,-11.013721686721194],[23.898982175274323,-11.0137178636068],[23.898947270040185,-11.013664771562622],[23.898945364835402,-11.013660838023482],[23.89892539468737,-11.013599834385895],[23.89892481660096,-11.013597441827711],[23.898924634661686,-11.013595019904656],[23.89892502049048,-11.013543761231386],[23.89892512829673,-11.01354210157731],[23.898934752987802,-11.013463909401132],[23.89893527533151,-11.013461458495645],[23.898936218338356,-11.01345913238966],[23.898966301516193,-11.01340023711701],[23.898968700433493,-11.013396831746078],[23.899017521179605,-11.013344668009676],[23.899021307926304,-11.013341687962752],[23.899082653511496,-11.013306561199798],[23.89908510570348,-11.013305400798094],[23.89908775289315,-11.013304610227689],[23.899156238207667,-11.013289561918507],[23.89915916603413,-11.01328915033235],[23.899162158424225,-11.013289181743888],[23.899227654889756,-11.013294723645998],[23.899230621358516,-11.013295195078737],[23.899233490782095,-11.01329609319417],[23.899294705545127,-11.013320281462667],[23.899297341840555,-11.013321548350394],[23.899299743110532,-11.013323166926407]],[[23.899279037310453,-11.013348938955627],[23.899223398120686,-11.013326953816625],[23.899163942423982,-11.01332192305614],[23.89910109810907,-11.01333573187526],[23.899044255761588,-11.013368280072966],[23.898998523889368,-11.013417143436751],[23.898970543668643,-11.013471921664935],[23.898961329966045,-11.013546774986885],[23.898960968767184,-11.013594762007687],[23.898979485282474,-11.01365132516607],[23.899011767749403,-11.013700427895566],[23.899059519033937,-11.013741335064774],[23.89911612559829,-11.013765982703871],[23.89917741499209,-11.01377269497627],[23.899234117102502,-11.013762398168222],[23.899286978410707,-11.013736585194748],[23.899331747289303,-11.013696887250727],[23.899365787184646,-11.013644616208394],[23.899384859713074,-11.01358500540893],[23.899385898558457,-11.01350845128206],[23.899362635887137,-11.013436628641657],[23.89932672858661,-11.013386484843549],[23.899279037310453,-11.013348938955627]]]]}},{"type":"Feature","properties":{"id":null,"group":null,"name":"Avenida Joaquim Morais","settlement_id":"settlement_seshai","country_id":"country_barrel","district_id":null,"status":null,"surface":null,"access":null,"bridge":null,"tunnel":null,"oneway":null,"route_id":null,"alt_name":null,"notes":null},"geometry":{"type":"MultiPolygon","coordinates":[[[[23.895010564808636,-10.996224600891463],[23.895010696556728,-10.996224690917764],[23.895491414387966,-10.99655603534221],[23.895492269060174,-10.996556659105986],[23.89550029914795,-10.996562860199012],[23.89578499020713,-10.99677001477551],[23.895785378537063,-10.996770304780307],[23.895905761919863,-10.996862561581802],[23.89653202450676,-10.997300999268822],[23.897227951049725,-10.997788143952006],[23.898329438334112,-10.998550460113028],[23.898432092201517,-10.998621549287162],[23.89843227486602,-10.998621677322774],[23.899220402510686,-10.999180794088916],[23.89999696048641,-10.99973172138606],[23.9006258517459,-11.00016963605844],[23.900626022292894,-11.00016975616262],[23.901833606830284,-11.00102978979843],[23.902494443081682,-11.001490365731042],[23.902497897281176,-11.001493453875547],[23.90253279293045,-11.001533459666561],[23.902504724053106,-11.001552613035226],[23.902471342843423,-11.001514343464907],[23.90181236416922,-11.00105506229332],[23.901812200733957,-11.001054947146045],[23.900604619485996,-11.000194916062092],[23.899975742919953,-10.999757011729058],[23.899975601778998,-10.999756912526099],[23.89919897384427,-10.999205935730785],[23.89841093716523,-10.998646883633988],[23.89830838227325,-10.99857586301825],[23.897206854092087,-10.997813518743271],[23.89720676807227,-10.997813458870942],[23.89651079802001,-10.997326283851704],[23.89588418801188,-10.996887603046686],[23.895883508196917,-10.996887104990645],[23.895762983060784,-10.99679473957629],[23.895478262909837,-10.996587563879327],[23.895477817811184,-10.996587230201287],[23.895469985692284,-10.996581181987604],[23.894989770266978,-10.996250183938379],[23.89464115484571,-10.996014028845694],[23.894661883376127,-10.995988401022004],[23.895010564808636,-10.996224600891463]]]]}},{"type":"Feature","properties":{"id":null,"group":null,"name":null,"settlement_id":"settlement_seshai","country_id":"country_barrel","district_id":null,"status":null,"surface":null,"access":null,"bridge":null,"tunnel":null,"oneway":null,"route_id":null,"alt_name":null,"notes":null},"geometry":{"type":"MultiPolygon","coordinates":[[[[23.897353858131858,-11.016113980652488],[23.89735520538042,-11.016113362156503],[23.897482526879017,-11.016061239546493],[23.89748353102376,-11.01606086291309],[23.89793600132455,-11.015906221685592],[23.897936389709525,-11.015906093762556],[23.8981272200055,-11.01584558233522],[23.89828405065842,-11.015791778394576],[23.898934425719506,-11.015568772185867],[23.89987458033007,-11.015228725355955],[23.89987575345208,-11.015228345162374],[23.89998153843706,-11.015197923674387],[23.899981884999686,-11.015197827616952],[23.901223780691883,-11.014866437440723],[23.901223897213836,-11.014866406748578],[23.902610100139615,-11.014506034771449],[23.902890448860365,-11.01441963110677],[23.90289129278746,-11.014419392646733],[23.903324150436415,-11.014307978311958],[23.903324841068148,-11.014307814333455],[23.90362375305515,-11.014242732059534],[23.90363428192337,-11.014274471850777],[23.90333571749996,-11.014339478493767],[23.902903628829232,-11.014450694963333],[23.90262330169316,-11.014537092017507],[23.902622501676607,-11.014537319119356],[23.90123595356479,-11.01489778103979],[23.899994290033156,-11.015229109449823],[23.89988927291607,-11.015259310131059],[23.898949552927,-11.015599199903322],[23.898949265141198,-11.015599301276982],[23.898298749853197,-11.01582235566461],[23.898141717409118,-11.015876228857291],[23.89814130887515,-11.01587636367963],[23.897950468408858,-11.01593687836023],[23.89749870079772,-11.016091279496004],[23.89737256412397,-11.016142917083961],[23.897293692709102,-11.016183242244166],[23.89727432956713,-11.016154641785855],[23.897353858131858,-11.016113980652488]]]]}},{"type":"Feature","properties":{"id":null,"group":null,"name":null,"settlement_id":"settlement_seshai","country_id":"country_barrel","district_id":null,"status":null,"surface":null,"access":null,"bridge":null,"tunnel":null,"oneway":null,"route_id":null,"alt_name":null,"notes":null},"geometry":{"type":"MultiPolygon","coordinates":[[[[23.890440280730456,-10.991136277080463],[23.89044009420612,-10.991135734199583],[23.890260040903478,-10.990579039454616],[23.890259765924235,-10.990578087429558],[23.890089274340124,-10.989908569963738],[23.890032559289665,-10.989756407621467],[23.88993608152138,-10.98956959775875],[23.889700458626734,-10.989316092074704],[23.88964134787282,-10.989259504269821],[23.889639417185972,-10.989257340423515],[23.88963789101002,-10.989254941312316],[23.889608158814948,-10.989198264622797],[23.889607682599877,-10.989197279085289],[23.889539496902344,-10.98904329247988],[23.889538279947278,-10.989038973192061],[23.88951270966066,-10.98884069518789],[23.889512622064597,-10.988839807381202],[23.889510670148944,-10.988811278095165],[23.889510651423542,-10.988810951245117],[23.889491940756518,-10.988405599695652],[23.88949192889393,-10.988405254944844],[23.889481708903496,-10.987954078087755],[23.889481705774635,-10.987953611427532],[23.88948768731557,-10.987308205188105],[23.889474470774847,-10.987205621887247],[23.88947436853221,-10.9872044877712],[23.889450755212618,-10.986746168170356],[23.889450736651487,-10.98674525080651],[23.889453652623832,-10.986483212140852],[23.88945394917078,-10.986261098260515],[23.889454319413883,-10.986003873881897],[23.889454100591525,-10.985957731291641],[23.889443575860273,-10.985730968787445],[23.88944356175665,-10.985730066758434],[23.889450151911216,-10.985297116570713],[23.889449597109447,-10.985209805642354],[23.889439840500412,-10.984536883742576],[23.88942816801761,-10.984203168282908],[23.88946446405373,-10.984204099320626],[23.889476141814715,-10.98453796487893],[23.88947614924214,-10.984538265086506],[23.88948590894715,-10.985211396545457],[23.889485910190523,-10.985211515768798],[23.889486466379985,-10.985299043874841],[23.889486464985275,-10.98529935886474],[23.88947987932981,-10.985732015935593],[23.88949039730157,-10.985958632381827],[23.88949041293139,-10.985959243097376],[23.889490633419076,-10.986005736010966],[23.8894906335683,-10.986005826364172],[23.889490263285943,-10.986263093646265],[23.889489966664183,-10.986485278227443],[23.889489965773596,-10.986485421174065],[23.889487054127464,-10.986747073106002],[23.88951061458309,-10.987204365931772],[23.889523888591057,-10.9873073952144],[23.889524009676496,-10.987309419716054],[23.889518020973004,-10.987955604556454],[23.889528231807287,-10.988406375503162],[23.88954692700238,-10.988811391143734],[23.889548837342968,-10.988839312734564],[23.88957406458803,-10.989034930620479],[23.889641098332785,-10.989186315713978],[23.889669254027655,-10.989239987218221],[23.889726622393702,-10.989294907010946],[23.889727384037936,-10.989295679817582],[23.88996503646565,-10.98955136909919],[23.889967781136615,-10.989555254215794],[23.890065795301958,-10.989745039007534],[23.890066588416556,-10.98974682862414],[23.89012394051444,-10.989900700106071],[23.890124444992676,-10.98990231173763],[23.89029502214542,-10.990572165113017],[23.890474834232343,-10.991128113989001],[23.890829329710762,-10.992102249187095],[23.89079487458867,-10.992110682710791],[23.890440280730456,-10.991136277080463]]]]}},{"type":"Feature","properties":{"id":null,"group":null,"name":null,"settlement_id":"settlement_seshai","country_id":"country_barrel","district_id":null,"status":null,"surface":null,"access":null,"bridge":null,"tunnel":null,"oneway":null,"route_id":null,"alt_name":null,"notes":null},"geometry":{"type":"MultiPolygon","coordinates":[[[[23.891474851953507,-10.983285377307189],[23.891515351791384,-10.98365081329804],[23.891571838911975,-10.98415985032248],[23.89161865912189,-10.984582452502346],[23.89166999264394,-10.985045376492293],[23.891669996160616,-10.98504540852057],[23.891710538849257,-10.985418356864058],[23.891763493063767,-10.98590518931901],[23.89180640419496,-10.986299434641232],[23.8918064089996,-10.98629947941106],[23.891861000874457,-10.98681549867711],[23.891861020223768,-10.986815693842086],[23.89189299819639,-10.987161424950536],[23.891893000546904,-10.98716145060517],[23.89192673635803,-10.987533197149745],[23.89199035581637,-10.988187736233234],[23.891990401214507,-10.988188324575432],[23.892020876578826,-10.988721723056472],[23.892052392722995,-10.988919982170346],[23.89205252451129,-10.988921062737218],[23.89207541395671,-10.98919009021017],[23.8920754183622,-10.989190143108384],[23.892089384595,-10.989361546471123],[23.892144097594734,-10.989893142028883],[23.892208122245776,-10.990432863652742],[23.89220819477082,-10.990433655025287],[23.89223324079649,-10.990820810254409],[23.89223324895852,-10.990820946132958],[23.892240964152982,-10.990960101055668],[23.892240978306507,-10.99096140828518],[23.89223803555518,-10.99104803668053],[23.89223511276984,-10.991134544319875],[23.892277756328458,-10.99129054466411],[23.89231222748506,-10.991358628315766],[23.89241797059753,-10.991544623974072],[23.892585179343413,-10.991808533296444],[23.892585577399547,-10.991809194013442],[23.892786130010855,-10.992159806775684],[23.89293985833188,-10.992418789768855],[23.892939902826146,-10.992418865168151],[23.893641038566862,-10.993613993997032],[23.893642487163017,-10.99361720144209],[23.893643182459034,-10.993620569431123],[23.893643094358048,-10.993623952176305],[23.89364222667368,-10.99362720325111],[23.893640616964703,-10.993630181928491],[23.89363833490946,-10.993632759272502],[23.893635479289717,-10.993634823719418],[23.89326607210373,-10.993846270758372],[23.893265436381963,-10.993846617046602],[23.892942864983798,-10.99401364594876],[23.892756809386775,-10.994125625364443],[23.89273537714738,-10.994098175605881],[23.892921900796168,-10.993985914519644],[23.892922857723338,-10.99398537967836],[23.893245595732296,-10.993818264554667],[23.893601379665228,-10.993614615450578],[23.892908016582368,-10.992432735427428],[23.892754240700214,-10.992173672318064],[23.892754102963888,-10.992173435964597],[23.892553673487825,-10.991823038483599],[23.892386452767866,-10.991559110273679],[23.892386032734922,-10.991558411013804],[23.892279887846026,-10.991371708660456],[23.89227950475251,-10.991370995400215],[23.892244108078984,-10.991301083767809],[23.89224294073099,-10.991298064135991],[23.892199268147376,-10.991138299341317],[23.892198739063485,-10.991133845444843],[23.892201737628305,-10.99104509512105],[23.892204658364186,-10.990959115031417],[23.892196983258405,-10.990820682957617],[23.892171967265803,-10.990433991504256],[23.892107975918847,-10.989894550287353],[23.892107950440728,-10.989894320281087],[23.892053209446285,-10.98936245233642],[23.892053180441565,-10.989362137746571],[23.892039203555186,-10.989190603474013],[23.892016362420527,-10.988922143578526],[23.891984813729824,-10.98872367963135],[23.891984652765057,-10.988722188714101],[23.891954151582265,-10.988188337636545],[23.891890556157332,-10.987534045295689],[23.891890547273338,-10.987533950757264],[23.891856808358686,-10.987162169701437],[23.891824840620732,-10.98681654896231],[23.891770261465314,-10.986300649559073],[23.89172735274116,-10.985906426082613],[23.891674398351807,-10.985419591689068],[23.891633857276208,-10.985046657930107],[23.891582525476544,-10.98458374916406],[23.891535705507163,-10.984161148872012],[23.891479218450957,-10.983652112089386],[23.891438718516405,-10.9832866749836],[23.89138669663494,-10.982817649636896],[23.89142282996291,-10.98281635128877],[23.891474851953507,-10.983285377307189]]]]}},{"type":"Feature","properties":{"id":null,"group":null,"name":null,"settlement_id":"settlement_seshai","country_id":"country_barrel","district_id":null,"status":null,"surface":null,"access":null,"bridge":null,"tunnel":null,"oneway":null,"route_id":null,"alt_name":null,"notes":null},"geometry":{"type":"MultiPolygon","coordinates":[[[[23.89200835626754,-10.997929595437958],[23.892008317080556,-10.997929512128676],[23.89180532124214,-10.997494798094326],[23.891805154509232,-10.997494429222707],[23.89172282117296,-10.997306099745332],[23.89156604810103,-10.996987564414104],[23.89156592168955,-10.996987301745065],[23.891040967150026,-10.995871353040249],[23.890447028789822,-10.994642564266355],[23.889997431023023,-10.993712239978061],[23.88963393318467,-10.993004263952566],[23.88966675289444,-10.992992089308931],[23.890030342396795,-10.993700243866332],[23.890030521231036,-10.993700602768495],[23.890480205438095,-10.99463110591347],[23.89107418145735,-10.995859972583284],[23.89107425638338,-10.995860129703729],[23.891599185902706,-10.996976025203077],[23.891756059045516,-10.997294763856209],[23.891756372021167,-10.99729543770846],[23.891838772835406,-10.99748392152957],[23.89204166341131,-10.99791841013517],[23.89219053968616,-10.99823262691416],[23.892157252277265,-10.998243853874728],[23.89200835626754,-10.997929595437958]]]]}},{"type":"Feature","properties":{"id":null,"group":null,"name":"Rua Gerrilheiro Faria","settlement_id":"settlement_seshai","country_id":"country_barrel","district_id":null,"status":null,"surface":null,"access":null,"bridge":null,"tunnel":null,"oneway":null,"route_id":null,"alt_name":null,"notes":null},"geometry":{"type":"MultiPolygon","coordinates":[[[[23.89944745470245,-11.014210725297964],[23.899447425978448,-11.014210662516623],[23.899396163064132,-11.014097991643006],[23.899429666366714,-11.014087229242124],[23.89948091498327,-11.0141998686876],[23.899898318104245,-11.015107111899965],[23.89986487230547,-11.015118000010508],[23.89944745470245,-11.014210725297964]]]]}},{"type":"Feature","properties":{"id":null,"group":null,"name":null,"settlement_id":"settlement_seshai","country_id":"country_barrel","district_id":null,"status":null,"surface":null,"access":null,"bridge":null,"tunnel":null,"oneway":null,"route_id":null,"alt_name":null,"notes":null},"geometry":{"type":"MultiPolygon","coordinates":[[[[23.89080082647306,-10.992093084914499],[23.89204706105243,-10.99122335666295],[23.892047618984858,-10.991222983827178],[23.892205782818106,-10.99112183223623],[23.89220802595503,-10.99112062336719],[23.89221046341894,-10.991119736666707],[23.892966478433316,-10.990903928684634],[23.893091716480143,-10.990865297815246],[23.893630314473818,-10.990675856356651],[23.894170007002185,-10.990486019024509],[23.894170308437822,-10.990485915937311],[23.894675755908345,-10.990317954820199],[23.8946760673822,-10.990317854385191],[23.895244130788853,-10.990140234367036],[23.895698320261758,-10.989974436006808],[23.89569869567309,-10.989974303597341],[23.8961956299339,-10.989805100437366],[23.896673951568047,-10.989642170130018],[23.89688332054092,-10.989570918505406],[23.897205746440658,-10.989460440912321],[23.897207268560315,-10.989459991415394],[23.897365467604764,-10.989420504008189],[23.897476327010278,-10.989373272620263],[23.8974778496843,-10.989372703595874],[23.897696370876595,-10.989301984865206],[23.897696408668306,-10.989301972679918],[23.897823860613638,-10.989261029649628],[23.89828318499681,-10.989113558905483],[23.898738713697508,-10.988964532469987],[23.899158999520104,-10.9888270843004],[23.899254121546726,-10.988789945300276],[23.89925654772378,-10.98878918733931],[23.89945635615737,-10.988741460624258],[23.89945935094468,-10.988740991152557],[23.89946242147307,-10.988740988271275],[23.899465479605233,-10.988741452063072],[23.899579214258097,-10.98876755891033],[23.89958228552301,-10.98876852116165],[23.89958515335601,-10.988769943277122],[23.899651811289445,-10.98880986469031],[23.899654443581785,-10.98881175072604],[23.899656684026926,-10.988814011143111],[23.89973595107173,-10.988909176336014],[23.900051772204957,-10.989235005069121],[23.900399135024262,-10.989590037034889],[23.90078752620389,-10.989959272037444],[23.9007879699529,-10.989959708152766],[23.901111940480412,-10.990288897530501],[23.901448515650596,-10.990596917703751],[23.901789045177114,-10.990908619370403],[23.901789675803002,-10.990909224094233],[23.90211746420286,-10.991238564392345],[23.90248199551719,-10.991594633769974],[23.902482199323465,-10.99159483592649],[23.902703593231656,-10.991817842485744],[23.90293532387312,-10.99205126486177],[23.903387686943073,-10.99246515182252],[23.903756780772824,-10.992773673581826],[23.90375847382333,-10.99277527569043],[23.90407039307511,-10.993109707828308],[23.90407104480409,-10.993110445384499],[23.904374673914404,-10.99347339213751],[23.904375127489352,-10.993473957062115],[23.90465802889566,-10.99384129609786],[23.9046585465725,-10.993842003877981],[23.904688319377307,-10.993884914530586],[23.904928021124032,-10.994161733370058],[23.904928879721226,-10.994162804833024],[23.904989934306496,-10.99424530822279],[23.905091761258102,-10.994366505090433],[23.905092089418556,-10.994366907294205],[23.905169602633144,-10.994464763257769],[23.905171865058875,-10.994468507591947],[23.90525202690216,-10.994651385089668],[23.905458796785975,-10.994867165827156],[23.905460054818615,-10.994868625460168],[23.905825158929915,-10.995341045396094],[23.906186705324803,-10.995799072197691],[23.907473030620213,-10.997324226005269],[23.90747427940951,-10.997325895540417],[23.907601399610297,-10.997518695041515],[23.907601578159984,-10.9975189715314],[23.907855294327817,-10.997920203355433],[23.90789319165353,-10.99798019998171],[23.907893521676115,-10.997980744614356],[23.908159182467937,-10.998438217897435],[23.908219315035048,-10.998533179124788],[23.908188010394607,-10.998548000480872],[23.908127701873777,-10.99845276139237],[23.908127361551387,-10.998452200480392],[23.90786169589991,-10.997994718846885],[23.907823975825874,-10.997935002833115],[23.90757034973047,-10.997533913472795],[23.90744389089059,-10.997342117052016],[23.906158054989074,-10.995817543662552],[23.906157686117794,-10.995817091654164],[23.90579590249455,-10.995358764366312],[23.905795789803324,-10.995358620088204],[23.90543121595068,-10.994886886321634],[23.905222940223005,-10.994669534141037],[23.905221006139225,-10.994667138024631],[23.905219551439306,-10.994664498467914],[23.9051390500363,-10.99448084632117],[23.90506308846141,-10.994384949221324],[23.904961072507067,-10.994263527411304],[23.90496038927791,-10.994262661545413],[23.904899414485314,-10.994180265988147],[23.904659534727088,-10.993903241602638],[23.904658363605837,-10.993901734082339],[23.904628298709394,-10.993858402450538],[23.904345886200655,-10.99349169826882],[23.904042804952027,-10.99312940645117],[23.903732013505458,-10.992796183566911],[23.903363493540823,-10.992488141553402],[23.903362851424298,-10.992487579990955],[23.902909840729915,-10.992073100563601],[23.90290919042061,-10.992072476308747],[23.902677143084226,-10.991838734962858],[23.902455850311753,-10.991615830310833],[23.902091327432725,-10.991259769229602],[23.90209114036657,-10.99125958391214],[23.901763566557175,-10.990930459273203],[23.90142336227531,-10.990619055371408],[23.90108642506426,-10.99031070392639],[23.901085719454834,-10.990310023566977],[23.90076162380707,-10.989980707105952],[23.9003732128041,-10.989611453318059],[23.900372731052748,-10.98961097847097],[23.90002510173746,-10.989255674180123],[23.90002504122124,-10.989255612037834],[23.899708707911106,-10.988929254945107],[23.899707786717663,-10.988928230379921],[23.89963012168833,-10.988834988523768],[23.899569059709737,-10.988798418536618],[23.899463133841586,-10.988774104149034],[23.899269063575943,-10.988820460261014],[23.89917464410255,-10.988857324974003],[23.899173681803195,-10.988857669775602],[23.898752911089975,-10.988995276583694],[23.898297335145877,-10.98914431854277],[23.898297238647093,-10.989144349818199],[23.897837870322032,-10.989291834738399],[23.89771043873311,-10.989332771248296],[23.897492714651513,-10.989403232046913],[23.897381275540614,-10.989450710434326],[23.897378528777608,-10.989451629682774],[23.897219681548982,-10.989491278903818],[23.89689798532997,-10.989601506523847],[23.896897949197726,-10.989601518862298],[23.896688569439835,-10.989672774187687],[23.89621024921059,-10.989835704087849],[23.895713500454615,-10.990004844158678],[23.8952590947143,-10.990170721534119],[23.89525827990799,-10.990170997410287],[23.89468996110217,-10.990348697369853],[23.894184820108908,-10.990516556719296],[23.89364527763917,-10.990706341348949],[23.89310634180448,-10.990895901717396],[23.893105661272262,-10.990896126229623],[23.89297989273505,-10.990934920752489],[23.89297951657535,-10.990935032436887],[23.89222584839528,-10.991150170614015],[23.892070112878184,-10.991249769234718],[23.89082376543355,-10.992119576476007],[23.890822972742527,-10.992120096740985],[23.88973197897604,-10.992792762431721],[23.889710237638674,-10.992765500758996],[23.89080082647306,-10.992093084914499]]]]}},{"type":"Feature","properties":{"id":null,"group":null,"name":null,"settlement_id":"settlement_seshai","country_id":"country_barrel","district_id":null,"status":null,"surface":null,"access":null,"bridge":null,"tunnel":null,"oneway":null,"route_id":null,"alt_name":null,"notes":null},"geometry":{"type":"MultiPolygon","coordinates":[[[[23.889509119376847,-10.99291922112287],[23.889529842685462,-10.992947086230135],[23.888133317844794,-10.993742337604937],[23.88811259435762,-10.993714472373123],[23.889509119376847,-10.99291922112287]]]]}},{"type":"Feature","properties":{"id":null,"group":null,"name":null,"settlement_id":"settlement_seshai","country_id":"country_barrel","district_id":null,"status":null,"surface":null,"access":null,"bridge":null,"tunnel":null,"oneway":null,"route_id":null,"alt_name":null,"notes":null},"geometry":{"type":"MultiPolygon","coordinates":[[[[23.89266596265301,-10.994510494759092],[23.892639109759482,-10.994394827426852],[23.892638722682705,-10.994391120302716],[23.892640720465163,-10.994301692900619],[23.89264128283354,-10.994298014406496],[23.892667034914954,-10.99420907014406],[23.89266853500323,-10.994205640540722],[23.892730001943907,-10.994103488362697],[23.892762184589053,-10.99412031260764],[23.892701695089848,-10.994220840395661],[23.892676986029652,-10.994306182236482],[23.892675071851897,-10.994391867560655],[23.89270229520292,-10.994509130574452],[23.89270268587056,-10.99451254978738],[23.892702277643046,-10.99451592429421],[23.8926611251253,-10.994684818684059],[23.89262562677064,-10.994676037523027],[23.89266596265301,-10.994510494759092]]]]}},{"type":"Feature","properties":{"id":null,"group":null,"name":null,"settlement_id":"settlement_seshai","country_id":"country_barrel","district_id":null,"status":null,"surface":null,"access":null,"bridge":null,"tunnel":null,"oneway":null,"route_id":null,"alt_name":null,"notes":null},"geometry":{"type":"MultiPolygon","coordinates":[[[[23.889527973519286,-10.992973277736743],[23.889504544088126,-10.992941608951607],[23.889503115345136,-10.992939326426267],[23.889502088062155,-10.992936892479719],[23.889488584263393,-10.992895751530558],[23.88948800141442,-10.992893341637743],[23.889487820470457,-10.99289090203309],[23.889488215763315,-10.992847353737277],[23.889489018690032,-10.99284273815432],[23.889503413624098,-10.992801566851115],[23.889505687106407,-10.992797409667608],[23.88953227556076,-10.992763278825796],[23.889534059904893,-10.992761354521036],[23.889536177272323,-10.992759725964314],[23.889572070493994,-10.992736506645423],[23.88957462388595,-10.992735146593901],[23.889577420777634,-10.99273420426034],[23.88961534372666,-10.992724718485645],[23.889618435440383,-10.992724209241421],[23.889621611209158,-10.992724199050235],[23.889660367772596,-10.992727127988157],[23.889663627295462,-10.99272764030077],[23.88966676604536,-10.992728666764622],[23.889702658212464,-10.99274368682386],[23.889705254918766,-10.992744998794148],[23.88970760981641,-10.99274665441361],[23.889732897313912,-10.992767379816982],[23.889736205639394,-10.992770896665215],[23.8897553919306,-10.992797686329089],[23.889757438558526,-10.99280147995264],[23.88976929589947,-10.992832603951513],[23.889770229893827,-10.992836497683077],[23.889773967725308,-10.992872430375732],[23.889773843828454,-10.99287637557803],[23.889767800915262,-10.992911966208373],[23.889766668766065,-10.992915605355238],[23.889751477509456,-10.99294832408843],[23.88974926808073,-10.992951742064959],[23.889725890127554,-10.99297891210606],[23.889722638986154,-10.992981773802034],[23.889693135354506,-10.993001412173275],[23.889688771433146,-10.993003501296357],[23.889657340468016,-10.993013582190377],[23.88965462583358,-10.993014234393303],[23.88965180517644,-10.993014489078426],[23.889613037526722,-10.993015209787139],[23.8896097888616,-10.993015008633357],[23.88960659739028,-10.993014291693536],[23.889569592915375,-10.993002835734977],[23.889566571304965,-10.993001631149962],[23.889563803960854,-10.992999975545438],[23.889532143497966,-10.992977356631542],[23.889529880163096,-10.992975462818633],[23.889527973519286,-10.992973277736743]],[[23.889556121575815,-10.992954034448848],[23.889582699720297,-10.99297302245005],[23.889613390984866,-10.992982523950829],[23.8896460065727,-10.992981917616847],[23.889672411755324,-10.992973448652476],[23.889698070062394,-10.992956369831969],[23.889718691063752,-10.992932403947497],[23.889732214204646,-10.992903277989106],[23.889737604403923,-10.992871531633561],[23.889734280346044,-10.992839576625295],[23.88972391244045,-10.99281236220117],[23.889707407493283,-10.992789316478266],[23.889686264220906,-10.992771987647785],[23.88965616859015,-10.992759393312996],[23.88962395138734,-10.99275695857728],[23.88959199785455,-10.99276495120973],[23.88956082052722,-10.992785119822676],[23.88953733548077,-10.992815266915237],[23.889524507669226,-10.992851956066033],[23.889524156272735,-10.99289066880112],[23.88953604993726,-10.992926904278223],[23.889556121575815,-10.992954034448848]]]]}},{"type":"Feature","properties":{"id":null,"group":null,"name":null,"settlement_id":"settlement_seshai","country_id":"country_barrel","district_id":null,"status":null,"surface":null,"access":null,"bridge":null,"tunnel":null,"oneway":null,"route_id":null,"alt_name":null,"notes":null},"geometry":{"type":"MultiPolygon","coordinates":[[[[23.901933690119094,-11.018975182777837],[23.90193371781027,-11.018975184628822],[23.903197363861196,-11.019060515230422],[23.9031976034892,-11.01906053283049],[23.90481183355301,-11.019188652798002],[23.904810805391207,-11.019221154600883],[23.90319669498402,-11.019093044387125],[23.901933182503427,-11.019007723005176],[23.900625527542047,-11.018921207665906],[23.900626021419217,-11.018888666322619],[23.901933690119094,-11.018975182777837]]]]}},{"type":"Feature","properties":{"id":null,"group":null,"name":"Avenida Eduardo Mondlane","settlement_id":"settlement_seshai","country_id":"country_barrel","district_id":null,"status":null,"surface":null,"access":null,"bridge":null,"tunnel":null,"oneway":null,"route_id":null,"alt_name":null,"notes":null},"geometry":{"type":"MultiPolygon","coordinates":[[[[23.89708122010011,-11.01587292435118],[23.897056155818536,-11.015799123045335],[23.896896651148776,-11.015329905799305],[23.896798492550893,-11.01504134620888],[23.896678627802224,-11.014695756302624],[23.896514458742182,-11.01437760206283],[23.895955691149794,-11.01364151316604],[23.89595555953266,-11.013641337534022],[23.89560973405872,-11.013173852320826],[23.895609249823632,-11.01317316385299],[23.895451142065827,-11.012936457690339],[23.89545004748457,-11.012934567982676],[23.895257776479376,-11.012546608930238],[23.895290810892135,-11.012534859508202],[23.89548259980068,-11.01292184580254],[23.895639861884973,-11.013157285904507],[23.895985370981734,-11.01362434347976],[23.89654498379069,-11.014361545874129],[23.896546572491335,-11.014364058882515],[23.896711955240356,-11.014684565214045],[23.896712869316048,-11.014686693327649],[23.896833126927273,-11.01503341589276],[23.89683315770471,-11.015033505491802],[23.896931332084886,-11.015322111447006],[23.89709083909228,-11.015791335517918],[23.89711606409688,-11.015865610058933],[23.897116350777058,-11.01586654947328],[23.897148785262797,-11.015986166578212],[23.897113526418405,-11.015992068800191],[23.89708122010011,-11.01587292435118]]]]}},{"type":"Feature","properties":{"id":null,"group":null,"name":"Avenida Praia Azul","settlement_id":"settlement_seshai","country_id":"country_barrel","district_id":null,"status":null,"surface":null,"access":null,"bridge":null,"tunnel":null,"oneway":null,"route_id":null,"alt_name":null,"notes":null},"geometry":{"type":"MultiPolygon","coordinates":[[[[23.89629922638349,-11.017092498309749],[23.89657247385803,-11.018053671856368],[23.89674784872251,-11.018662564457607],[23.896842981281296,-11.01897113830634],[23.896907672936575,-11.01912074210883],[23.896908574819577,-11.019123486909976],[23.896908945585793,-11.019126302061354],[23.896917047728778,-11.019354579253509],[23.896917056441186,-11.019355221698254],[23.896915126748993,-11.0195846356631],[23.896915116769815,-11.019585065968714],[23.896905932702257,-11.0198267385629],[23.8969059146285,-11.019827097162066],[23.89688375093838,-11.020179863066817],[23.896872732551792,-11.020355823171194],[23.896810906677995,-11.021546684593828],[23.896802328474383,-11.021719062418663],[23.896771916902683,-11.022335466004485],[23.89676715727384,-11.022431543338644],[23.896754736819368,-11.022760297210773],[23.8967190944195,-11.02378385181653],[23.896719089983165,-11.023783966257321],[23.896695940615245,-11.0243259383099],[23.896675735035394,-11.024797393119094],[23.89666479090991,-11.025067864033662],[23.89665660966307,-11.025369859542328],[23.89665660146344,-11.025370092941422],[23.896611631841115,-11.026411560192372],[23.896611627120446,-11.026411661340196],[23.89659622777581,-11.026718614632722],[23.896559946545914,-11.026715195897818],[23.896575343385447,-11.026408293111771],[23.89662030589185,-11.02536699289661],[23.896628486632846,-11.02506501708897],[23.89662849318305,-11.02506482314466],[23.896639441957582,-11.024794237950996],[23.896639443399724,-11.024794203334219],[23.89665964962983,-11.0243227343782],[23.896682796561795,-11.023780820532506],[23.896718437814275,-11.022757301595012],[23.896718439367678,-11.02275725880495],[23.89673086387835,-11.022428398378228],[23.896730871305536,-11.022428228254125],[23.896735634935222,-11.02233207034614],[23.896766046646746,-11.02171566509708],[23.89677462609441,-11.021543262572836],[23.89677462767015,-11.021543231577152],[23.896836458475118,-11.020352277334311],[23.896836467303775,-11.020352123169438],[23.89684749062643,-11.020176084503872],[23.896869643382086,-11.019823493160315],[23.896878812484264,-11.019582214955916],[23.896880737685994,-11.019353337254222],[23.89687274815373,-11.019128232409297],[23.8968088795369,-11.018980531924472],[23.896808275563203,-11.018978897266404],[23.896712844476145,-11.018669355066807],[23.896712761204586,-11.018669075765565],[23.89653733860087,-11.018060017319442],[23.896537323807244,-11.018059965621367],[23.896264067743264,-11.01709876170196],[23.896106644619014,-11.016543770992623],[23.896141806957527,-11.016537520721181],[23.89629922638349,-11.017092498309749]]]]}},{"type":"Feature","properties":{"id":null,"group":null,"name":"Avenida N'gola Kiluange","settlement_id":"settlement_seshai","country_id":"country_barrel","district_id":null,"status":null,"surface":null,"access":null,"bridge":null,"tunnel":null,"oneway":null,"route_id":null,"alt_name":null,"notes":null},"geometry":{"type":"MultiPolygon","coordinates":[[[[23.90038918857547,-11.009942755885401],[23.899151261475968,-11.010575765100473],[23.899062843087666,-11.010621001588127],[23.898043507284648,-11.011142227916727],[23.89797420018086,-11.011177628357714],[23.89715436762928,-11.011596805933214],[23.89713500474483,-11.011568205672459],[23.897954840562498,-11.011149026555954],[23.898024146804048,-11.011113626566576],[23.899043474081004,-11.010592404758475],[23.89913189239666,-11.010547168321887],[23.90036982475296,-11.009914156613013],[23.901609746331403,-11.00928016608633],[23.90162910956583,-11.009308765464406],[23.90038918857547,-11.009942755885401]]]]}},{"type":"Feature","properties":{"id":null,"group":null,"name":"Avenida N'gola Kiluange","settlement_id":"settlement_seshai","country_id":"country_barrel","district_id":null,"status":null,"surface":null,"access":null,"bridge":null,"tunnel":null,"oneway":null,"route_id":null,"alt_name":null,"notes":null},"geometry":{"type":"MultiPolygon","coordinates":[[[[23.89803785961826,-11.011306018377383],[23.89810314116081,-11.01127277972693],[23.899212538056243,-11.010708620750734],[23.900449386079945,-11.010079586105803],[23.901687222742787,-11.009450110122708],[23.901706517565167,-11.00947874438892],[23.90046868178315,-11.010108220118498],[23.899231833873554,-11.01073725489966],[23.898122447663276,-11.011301408613965],[23.8980571660839,-11.011334647293443],[23.89722275756475,-11.011758964833774],[23.89720346274463,-11.011730329862186],[23.89803785961826,-11.011306018377383]]]]}},{"type":"Feature","properties":{"id":null,"group":null,"name":"Avenida Hospital Sanat\u00f3rio","settlement_id":"settlement_seshai","country_id":"country_barrel","district_id":null,"status":null,"surface":null,"access":null,"bridge":null,"tunnel":null,"oneway":null,"route_id":null,"alt_name":null,"notes":null},"geometry":{"type":"MultiPolygon","coordinates":[[[[23.8981765920967,-11.013836846571147],[23.897351965625457,-11.014129289410628],[23.89735133830187,-11.014129499201028],[23.896537077718715,-11.014385610797126],[23.896536950194623,-11.01438565040182],[23.896516084878737,-11.014392047947611],[23.89651606357421,-11.01439205446581],[23.89616207865322,-11.014500124468254],[23.89616199244826,-11.014500150557327],[23.895553767567115,-11.014682612042565],[23.895540436413174,-11.014651594867061],[23.89614861817369,-11.01446914640789],[23.896502549396967,-11.014361092851713],[23.8965233402028,-11.014354718154646],[23.897337220941626,-11.014098726152813],[23.89816181912614,-11.013806293468834],[23.898162388904506,-11.013806101883041],[23.898712870777125,-11.01363097818518],[23.89872678693283,-11.01366181410595],[23.8981765920967,-11.013836846571147]]]]}},{"type":"Feature","properties":{"id":null,"group":null,"name":null,"settlement_id":"settlement_seshai","country_id":"country_barrel","district_id":null,"status":null,"surface":null,"access":null,"bridge":null,"tunnel":null,"oneway":null,"route_id":null,"alt_name":null,"notes":null},"geometry":{"type":"MultiPolygon","coordinates":[[[[23.89724639871371,-11.016358480377944],[23.897309057745822,-11.016835175665776],[23.89742228073416,-11.01768988103475],[23.897422305778232,-11.017690080337905],[23.897499988922497,-11.018343706544732],[23.897500092157852,-11.01834534528154],[23.89750268552473,-11.018709416362274],[23.897466369232568,-11.018707664895333],[23.89746378173098,-11.01834441297819],[23.897386207869364,-11.017691705853814],[23.89727299713352,-11.016837092514496],[23.89721027895289,-11.016359947029821],[23.897210191430652,-11.016359090718534],[23.897201131667316,-11.016235023586436],[23.897237370233796,-11.016234841780888],[23.89724639871371,-11.016358480377944]]]]}},{"type":"Feature","properties":{"id":null,"group":null,"name":null,"settlement_id":"settlement_seshai","country_id":"country_barrel","district_id":null,"status":null,"surface":null,"access":null,"bridge":null,"tunnel":null,"oneway":null,"route_id":null,"alt_name":null,"notes":null},"geometry":{"type":"MultiPolygon","coordinates":[[[[23.896375008236312,-10.999516930926836],[23.895791487287184,-10.999795484536783],[23.894325322368122,-11.000512627838896],[23.89432502155563,-11.000512771446537],[23.893267886696044,-11.001005186800258],[23.892542943631316,-11.0013561878769],[23.891741111794044,-11.00174916517086],[23.89116541701865,-11.00203433011035],[23.890790868029132,-11.00223559649423],[23.89079038078184,-11.00223584845088],[23.890703858062125,-11.002278872148528],[23.890684845311256,-11.002250095254306],[23.890771121949353,-11.00220719393495],[23.891145682711578,-11.002005921285056],[23.891146193900614,-11.002005657447175],[23.891722180012287,-11.001720348286645],[23.891722246039922,-11.00172031575373],[23.892524148574488,-11.001327303935957],[23.89252422380094,-11.00132726729061],[23.893249322936803,-11.000976190760635],[23.89324956065843,-11.000976077855086],[23.894306663749223,-11.000483677461787],[23.89577275420417,-10.999766570811182],[23.895772904502593,-10.999766498182526],[23.89635658067006,-10.999487870566913],[23.896356740736557,-10.999487795144228],[23.896972020919915,-10.999201651800666],[23.89699020808793,-10.999230824847738],[23.896375008236312,-10.999516930926836]]]]}},{"type":"Feature","properties":{"id":null,"group":null,"name":null,"settlement_id":"settlement_seshai","country_id":"country_barrel","district_id":null,"status":null,"surface":null,"access":null,"bridge":null,"tunnel":null,"oneway":null,"route_id":null,"alt_name":null,"notes":null},"geometry":{"type":"MultiPolygon","coordinates":[[[[23.89990036666065,-11.01524331802051],[23.900213898738297,-11.01673340415223],[23.90021399846141,-11.016733922466784],[23.900336642797196,-11.017436972255682],[23.90033673013435,-11.01743753549755],[23.900422421467574,-11.018068873619344],[23.90043107491072,-11.018125811849773],[23.900431114574243,-11.018126090334714],[23.90052027446517,-11.018797034865784],[23.900548941655398,-11.01888864450955],[23.900514019682785,-11.01889570087854],[23.900484956380204,-11.01880282539275],[23.900484388278702,-11.018800265343895],[23.90039507494396,-11.01812816579937],[23.900386424663132,-11.018071248350228],[23.90038639059024,-11.018071011489402],[23.900300721479802,-11.017439836777303],[23.900178171519705,-11.016737327727606],[23.899864379191236,-11.015246004241877],[23.899864057358535,-11.015243002571552],[23.899863437003113,-11.015111645279754],[23.899899753406697,-11.015113466629678],[23.89990036666065,-11.01524331802051]]]]}},{"type":"Feature","properties":{"id":null,"group":null,"name":null,"settlement_id":"settlement_seshai","country_id":"country_barrel","district_id":null,"status":null,"surface":null,"access":null,"bridge":null,"tunnel":null,"oneway":null,"route_id":null,"alt_name":null,"notes":null},"geometry":{"type":"MultiPolygon","coordinates":[[[[23.89025643920301,-11.001316895867593],[23.89025695880435,-11.001316649255033],[23.890727391314744,-11.001102723833977],[23.89132180643598,-11.000810960835336],[23.8921221950418,-11.000417895897833],[23.892122417996394,-11.000417788356945],[23.892832597201956,-11.000081397276716],[23.893873922494397,-10.999542691262574],[23.893874236915437,-10.99954253262177],[23.89432335752651,-10.999321595238255],[23.89432344435372,-10.999321552822844],[23.89474837628726,-10.999115424224023],[23.895319482380692,-10.998831568149072],[23.895319556966566,-10.998831531299272],[23.895926406639763,-10.998533509129587],[23.896518433502084,-10.998243408577096],[23.896537263765236,-10.99827227456033],[23.895945257495605,-10.998562365106938],[23.895338452070877,-10.998860365640851],[23.89476730803025,-10.999144240666004],[23.894767157091945,-10.99914431478277],[23.894342192996714,-10.999350459048708],[23.89389327398193,-10.999571297330155],[23.892851833927306,-11.00011006287917],[23.892851285804667,-11.000110334344079],[23.892140941591826,-11.000446803692753],[23.89134066245528,-11.000839814995622],[23.890746010300813,-11.001131694433107],[23.890745541662866,-11.001131915926868],[23.89027513516196,-11.001345829592092],[23.88974098057516,-11.001610176785125],[23.889722027301943,-11.00158137031889],[23.89025643920301,-11.001316895867593]]]]}},{"type":"Feature","properties":{"id":null,"group":null,"name":null,"settlement_id":"settlement_seshai","country_id":"country_barrel","district_id":null,"status":null,"surface":null,"access":null,"bridge":null,"tunnel":null,"oneway":null,"route_id":null,"alt_name":null,"notes":null},"geometry":{"type":"MultiPolygon","coordinates":[[[[23.899050391208874,-11.003519403325623],[23.89902170607372,-11.00354019498056],[23.89901932636976,-11.003541634660209],[23.899016694776183,-11.003542694086047],[23.89898315811582,-11.003553228904726],[23.898980099770586,-11.003553915840147],[23.898976922140744,-11.003554101206229],[23.89894205522224,-11.003553354163008],[23.89893887418733,-11.003553035264927],[23.89893577081463,-11.00355222426164],[23.898905881488382,-11.003541874948745],[23.898902636309924,-11.003540425260555],[23.89889972887815,-11.003538452869048],[23.898865798906417,-11.003510681350477],[23.898863229387523,-11.003508128850012],[23.898861262479038,-11.003505189732996],[23.898840453855918,-11.003465851437747],[23.89883927500022,-11.003463001382169],[23.898838682057267,-11.00346003689485],[23.89883431344539,-11.003415274013314],[23.898834513258187,-11.003411060710441],[23.898839005068993,-11.003388189905207],[23.898840284173605,-11.003384473873318],[23.898858907351688,-11.003347672004866],[23.898860321573306,-11.003345413619316],[23.89886214022673,-11.003343414354243],[23.89889221104151,-11.003315656359232],[23.8988946272808,-11.00331381555295],[23.898897398134917,-11.003312413988045],[23.898934828025762,-11.003297468643979],[23.898938229211897,-11.003296478094219],[23.89894182326188,-11.003296130744832],[23.89898182234836,-11.003295923421192],[23.898985283873408,-11.003296202309784],[23.89898866291322,-11.003297064489901],[23.89901950464614,-11.003307778378135],[23.899022505979,-11.003309098402783],[23.899025227295926,-11.003310866999117],[23.89905409378172,-11.003333214389174],[23.899056375115673,-11.003335296496292],[23.899058243428946,-11.003337681259916],[23.899078371047988,-11.003368485135887],[23.899079648355894,-11.003370821678049],[23.899080516890976,-11.003373286762923],[23.899089926360652,-11.003409269559748],[23.899090389610503,-11.003413995054913],[23.89908799079586,-11.003451421588881],[23.89908715205588,-11.003455421264428],[23.8990769068745,-11.003483502505514],[23.8990749700004,-11.003487117859423],[23.89905383916066,-11.003515988041684],[23.899050391208874,-11.003519403325623]],[[23.89902456237321,-11.003494989038353],[23.899043033057207,-11.003469753321635],[23.89905186678147,-11.003445540782502],[23.899053981298493,-11.003412549935467],[23.899045848771916,-11.003381450296708],[23.8990288639928,-11.003355456313274],[23.899005067523696,-11.00333703395096],[23.898980706465068,-11.003328571341848],[23.898947903372225,-11.00332874137223],[23.898916727333,-11.003341189626788],[23.898890916136846,-11.003365015626393],[23.898874399920068,-11.003397653869328],[23.89887069771662,-11.003416504267175],[23.898874562969404,-11.00345610946266],[23.898892235648084,-11.00348951931672],[23.89892055304577,-11.003512696975163],[23.898943961105182,-11.003520802124397],[23.898972369334555,-11.003521410791029],[23.89900014900953,-11.003512684409303],[23.89902456237321,-11.003494989038353]]]]}},{"type":"Feature","properties":{"id":null,"group":null,"name":"Rua Comandante Gika","settlement_id":"settlement_seshai","country_id":"country_barrel","district_id":null,"status":null,"surface":null,"access":null,"bridge":null,"tunnel":null,"oneway":null,"route_id":null,"alt_name":null,"notes":null},"geometry":{"type":"MultiPolygon","coordinates":[[[[23.897341371125425,-11.004251779696096],[23.897301371736518,-11.004271668831649],[23.89634437262103,-11.004748395988072],[23.89527922630546,-11.00527898382875],[23.89450005922641,-11.005667132500893],[23.893713350741788,-11.006059072537688],[23.89314736960045,-11.006341009485967],[23.8926423648904,-11.006592418477483],[23.892316319122354,-11.006755231468741],[23.892297252893226,-11.006726481088501],[23.892623308185552,-11.006563663392232],[23.892623327171606,-11.006563653925875],[23.893128335692946,-11.00631224311645],[23.893694313665872,-11.006030307834953],[23.894481022052698,-11.005638367969881],[23.895260190279757,-11.005250218847628],[23.896325336703764,-11.0047196311194],[23.89728234143543,-11.004242901314917],[23.897322339910872,-11.004223012640395],[23.898556245402197,-11.00360829109942],[23.898575282481303,-11.003637055040546],[23.897341371125425,-11.004251779696096]]]]}},{"type":"Feature","properties":{"id":null,"group":null,"name":null,"settlement_id":"settlement_seshai","country_id":"country_barrel","district_id":null,"status":null,"surface":null,"access":null,"bridge":null,"tunnel":null,"oneway":null,"route_id":null,"alt_name":null,"notes":null},"geometry":{"type":"MultiPolygon","coordinates":[[[[23.900598109024457,-11.018740589144079],[23.900510841448714,-11.018053518715853],[23.900461030852536,-11.017770528270674],[23.900460963797073,-11.017770113643893],[23.90036234873129,-11.017101372309762],[23.900300416713957,-11.016719213768802],[23.899971270978362,-11.015220624947602],[23.899868771207537,-11.015123393981154],[23.89989441920288,-11.01510171792984],[23.900000824536324,-11.015202653713555],[23.900003088961313,-11.015205244970712],[23.900004771919793,-11.01520815403596],[23.90000580855515,-11.015211268801833],[23.900336123638382,-11.016715181397567],[23.90033628195494,-11.016716011284673],[23.900398298626023,-11.017098692037262],[23.900398331497374,-11.017098904444099],[23.900496931656047,-11.01776754438277],[23.90054676848079,-11.018050683732046],[23.90054687652187,-11.018051397003212],[23.900634253705128,-11.018739329993771],[23.90063434728529,-11.018740341616828],[23.900643908305153,-11.018905066303319],[23.90060764065351,-11.018904807684937],[23.900598109024457,-11.018740589144079]]]]}},{"type":"Feature","properties":{"id":null,"group":null,"name":null,"settlement_id":"settlement_seshai","country_id":"country_barrel","district_id":null,"status":null,"surface":null,"access":null,"bridge":null,"tunnel":null,"oneway":null,"route_id":null,"alt_name":null,"notes":null},"geometry":{"type":"MultiPolygon","coordinates":[[[[23.900530398690766,-11.018908378685843],[23.899873097206303,-11.018856004355564],[23.899428141723583,-11.018848923863334],[23.899427617728172,-11.018848908733002],[23.89898769055387,-11.018830508063932],[23.898987114772964,-11.018830475792974],[23.898047409042636,-11.018764443261892],[23.89748433535476,-11.018724815593938],[23.89703227312796,-11.01869926706792],[23.896732175846715,-11.018682280702505],[23.895965130628163,-11.018784663294682],[23.895828001808,-11.018803265049893],[23.89582755462401,-11.01880332046499],[23.89574565187506,-11.018812513784852],[23.895620312389106,-11.01882782147192],[23.89561331556007,-11.018795482336929],[23.895738749767453,-11.018780163100423],[23.895738939407906,-11.01878014087776],[23.895820712922628,-11.018770962076331],[23.895957639333965,-11.018752387798772],[23.895957680600937,-11.018752382245724],[23.89672661041261,-11.018649748220321],[23.896730378609533,-11.01864960721056],[23.897032377477824,-11.018666701259312],[23.897484579086463,-11.018692257733907],[23.897484859700675,-11.01869227553777],[23.89804807038778,-11.018731912936792],[23.898987487075,-11.018797925306073],[23.899426864211723,-11.018816303037951],[23.89987220272093,-11.01882338969447],[23.89987349293203,-11.018823451372882],[23.900532001136227,-11.018875921960307],[23.90053312209499,-11.018876042432689],[23.900627415900264,-11.018888806740051],[23.900624133060848,-11.018921067248684],[23.900530398690766,-11.018908378685843]]]]}},{"type":"Feature","properties":{"id":null,"group":null,"name":null,"settlement_id":"settlement_seshai","country_id":"country_barrel","district_id":null,"status":null,"surface":null,"access":null,"bridge":null,"tunnel":null,"oneway":null,"route_id":null,"alt_name":null,"notes":null},"geometry":{"type":"MultiPolygon","coordinates":[[[[23.89372283371066,-11.009010449640545],[23.89372308303486,-11.00901032735153],[23.894257550545337,-11.008753424139067],[23.894815387461655,-11.008477769001727],[23.89481571198779,-11.008477612771689],[23.895564253008335,-11.008126676963016],[23.896403466947756,-11.00770948784081],[23.896403734887887,-11.007709357479749],[23.897522528573163,-11.007176754584647],[23.89839675793671,-11.006753557107642],[23.898397148699868,-11.00675337383993],[23.89843584560781,-11.006735800120822],[23.898496421628817,-11.00670531711573],[23.898496761296293,-11.006705150775456],[23.899461316689873,-11.006245648926317],[23.90008333628789,-11.005930752803796],[23.9001025741592,-11.005959415894134],[23.899480367403104,-11.006274406862941],[23.899479990164053,-11.006274592165422],[23.898515415813183,-11.006734103194269],[23.898454696447963,-11.006764658342473],[23.89845406474576,-11.006764960538568],[23.89841524499815,-11.006782590049687],[23.897541158198315,-11.007205718650653],[23.89754105501981,-11.007205768182306],[23.89642234442104,-11.0077383316968],[23.895583084170337,-11.00815554397293],[23.895582722305125,-11.008155718708474],[23.89483416243817,-11.008506663467902],[23.894276401483587,-11.008782281156067],[23.894276230209822,-11.008782364632946],[23.893741802101566,-11.009039248988548],[23.89340017873513,-11.009210193415859],[23.893381086253335,-11.009181456107958],[23.89372283371066,-11.009010449640545]]]]}},{"type":"Feature","properties":{"id":null,"group":null,"name":"Rua Kahumba","settlement_id":"settlement_seshai","country_id":"country_barrel","district_id":null,"status":null,"surface":null,"access":null,"bridge":null,"tunnel":null,"oneway":null,"route_id":null,"alt_name":null,"notes":null},"geometry":{"type":"MultiPolygon","coordinates":[[[[23.89117237501497,-11.0020145614113],[23.89117239735407,-11.002014609737655],[23.891578530627974,-11.002896943490866],[23.892175146447446,-11.004193305668093],[23.89217529019777,-11.004193627068434],[23.89261526907953,-11.005206488388248],[23.893154437675207,-11.006320892581632],[23.89315455436109,-11.006321138928081],[23.89347266765981,-11.007007363683648],[23.893887562166483,-11.007899595735982],[23.893887626459914,-11.007899735711486],[23.894038758271755,-11.008232885413529],[23.89428364233851,-11.008762399530527],[23.89462130368883,-11.009493031381442],[23.895086639451414,-11.010498610939946],[23.895086717487665,-11.010498782141825],[23.895584146783033,-11.01160688382446],[23.895550575856824,-11.011617496719591],[23.89505318500505,-11.010509480643192],[23.894587887041496,-11.009503982742826],[23.894250223407592,-11.008773345936904],[23.89400531514243,-11.008243779482774],[23.894005265365315,-11.00824367081124],[23.89385414065622,-11.007910536757466],[23.893439274525946,-11.007018365708042],[23.893439266407846,-11.007018348223008],[23.89312120628555,-11.006332238163907],[23.89258195090821,-11.005217654581791],[23.89258167172522,-11.005217046249749],[23.89214162979887,-11.004204039764566],[23.891545088373313,-11.002907839199896],[23.89113896638656,-11.002025529947078],[23.890719885942154,-11.00112276241427],[23.890753283410337,-11.001111769857959],[23.89117237501497,-11.0020145614113]]]]}},{"type":"Feature","properties":{"id":null,"group":null,"name":null,"settlement_id":"settlement_seshai","country_id":"country_barrel","district_id":null,"status":null,"surface":null,"access":null,"bridge":null,"tunnel":null,"oneway":null,"route_id":null,"alt_name":null,"notes":null},"geometry":{"type":"MultiPolygon","coordinates":[[[[23.900347293133073,-11.008123993216818],[23.900347161000504,-11.00812406305319],[23.899719225228193,-11.008452484522033],[23.899718950149534,-11.008452625287564],[23.899387310297417,-11.00861863259558],[23.899330425080663,-11.008647392752737],[23.89842824666152,-11.00910411531562],[23.89842706626042,-11.009104658966997],[23.89729620861158,-11.00957601121066],[23.89729619067664,-11.0095760186747],[23.897233113096735,-11.009602229718023],[23.89640400309781,-11.00994628263437],[23.89563611253843,-11.010287636281515],[23.8956357012341,-11.010287812952186],[23.895078372668454,-11.010518963302893],[23.894512945543806,-11.010755963194395],[23.894162696012852,-11.01093676545302],[23.89414321350562,-11.010908226344174],[23.894494082990658,-11.010727104114954],[23.894495352625665,-11.010726511777396],[23.895061460421488,-11.010489226666552],[23.89506152229298,-11.010489200869399],[23.895618674791255,-11.01025812362636],[23.896386563858123,-11.009916770760809],[23.89638697199693,-11.009916595404599],[23.89721627546238,-11.009572462333853],[23.897279340050886,-11.0095462566985],[23.898409585929716,-11.009075159616742],[23.899311191020107,-11.008618727440867],[23.899368119564038,-11.008589945384486],[23.899368181826123,-11.008589914062265],[23.899699714567607,-11.008423960421842],[23.90032744739692,-11.008095645195134],[23.90092426585773,-11.007776897136356],[23.900944177404153,-11.00780520991515],[23.900347293133073,-11.008123993216818]]]]}},{"type":"Feature","properties":{"id":null,"group":null,"name":null,"settlement_id":"settlement_seshai","country_id":"country_barrel","district_id":null,"status":null,"surface":null,"access":null,"bridge":null,"tunnel":null,"oneway":null,"route_id":null,"alt_name":null,"notes":null},"geometry":{"type":"MultiPolygon","coordinates":[[[[23.900017626418755,-11.007455481252528],[23.900037203487113,-11.00748397040567],[23.89909052478387,-11.007976349728551],[23.89907094760837,-11.007947860481627],[23.900017626418755,-11.007455481252528]]]]}},{"type":"Feature","properties":{"id":null,"group":null,"name":null,"settlement_id":"settlement_seshai","country_id":"country_barrel","district_id":null,"status":null,"surface":null,"access":null,"bridge":null,"tunnel":null,"oneway":null,"route_id":null,"alt_name":null,"notes":null},"geometry":{"type":"MultiPolygon","coordinates":[[[[23.896007386295746,-11.001648939116382],[23.896093482141467,-11.001605437827253],[23.896093521593645,-11.001605417956217],[23.89635620549457,-11.001473528676632],[23.897011931274747,-11.001144548140653],[23.897722071190955,-11.000788394446614],[23.897722573725428,-11.000788152365962],[23.898814586831175,-11.000283325573928],[23.89881466662109,-11.000283288928824],[23.899292943488735,-11.000065070488645],[23.89931089842748,-11.000094350284229],[23.898832661557282,-11.000312550548655],[23.89774094207876,-11.000817241767441],[23.897031054361417,-11.001173269088513],[23.8963753367803,-11.001502245612764],[23.896112674985446,-11.001634123834359],[23.896026597964116,-11.00167761562567],[23.895117501326162,-11.002136819060455],[23.895098292316693,-11.002108141065413],[23.896007386295746,-11.001648939116382]]]]}},{"type":"Feature","properties":{"id":null,"group":null,"name":null,"settlement_id":"settlement_seshai","country_id":"country_barrel","district_id":null,"status":null,"surface":null,"access":null,"bridge":null,"tunnel":null,"oneway":null,"route_id":null,"alt_name":null,"notes":null},"geometry":{"type":"MultiPolygon","coordinates":[[[[23.890251276336567,-10.996245689487846],[23.891048116395318,-10.995851299181673],[23.891067070115664,-10.995880104851121],[23.890270095268168,-10.99627456199467],[23.89026982410615,-10.99627469330936],[23.889444649105574,-10.99666557954072],[23.889426237543617,-10.996636511070117],[23.890251276336567,-10.996245689487846]]]]}},{"type":"Feature","properties":{"id":null,"group":null,"name":null,"settlement_id":"settlement_seshai","country_id":"country_barrel","district_id":null,"status":null,"surface":null,"access":null,"bridge":null,"tunnel":null,"oneway":null,"route_id":null,"alt_name":null,"notes":null},"geometry":{"type":"MultiPolygon","coordinates":[[[[23.895020494464138,-11.001184078475305],[23.895729234418422,-11.000838624883528],[23.895859378795166,-11.000709171676041],[23.895886975872724,-11.000731831341016],[23.895754925680052,-11.000863180275047],[23.89575286775334,-11.000864906877757],[23.895750509555384,-11.000866299557055],[23.89503901935733,-11.001213093778178],[23.895038534921976,-11.001213320833896],[23.89473969139086,-11.00134789512657],[23.8947218953025,-11.00131854267861],[23.895020494464138,-11.001184078475305]]]]}},{"type":"Feature","properties":{"id":null,"group":null,"name":null,"settlement_id":"settlement_seshai","country_id":"country_barrel","district_id":null,"status":null,"surface":null,"access":null,"bridge":null,"tunnel":null,"oneway":null,"route_id":null,"alt_name":null,"notes":null},"geometry":{"type":"MultiPolygon","coordinates":[[[[23.89654657070769,-11.002518805680007],[23.89680589192533,-11.002380459383087],[23.89742213919169,-11.002051575662225],[23.898138308657018,-11.0016694653448],[23.89815820635799,-11.001697785356688],[23.897442039424483,-11.00207989443701],[23.896825791874797,-11.00240877840705],[23.896566475471506,-11.002547122175693],[23.896476685440405,-11.002595066465995],[23.896456777915372,-11.002566751430399],[23.89654657070769,-11.002518805680007]]]]}},{"type":"Feature","properties":{"id":null,"group":null,"name":"Rua Comandante Cowboy","settlement_id":"settlement_seshai","country_id":"country_barrel","district_id":null,"status":null,"surface":null,"access":null,"bridge":null,"tunnel":null,"oneway":null,"route_id":null,"alt_name":null,"notes":null},"geometry":{"type":"MultiPolygon","coordinates":[[[[23.900010830793487,-11.007475463567458],[23.900010822604887,-11.007475446630034],[23.89976754531796,-11.006971513048068],[23.89976732551511,-11.006971038627931],[23.899453998171275,-11.006265461022359],[23.898609841338285,-11.004456150929764],[23.898643212661867,-11.004445102589594],[23.89948743404251,-11.006254550987583],[23.89948756061508,-11.006254828994415],[23.899800843925483,-11.006960307422009],[23.900044003209793,-11.007463996561018],[23.900353921461765,-11.008104099017423],[23.900320753185337,-11.008115574582025],[23.900010830793487,-11.007475463567458]]]]}},{"type":"Feature","properties":{"id":null,"group":null,"name":null,"settlement_id":"settlement_seshai","country_id":"country_barrel","district_id":null,"status":null,"surface":null,"access":null,"bridge":null,"tunnel":null,"oneway":null,"route_id":null,"alt_name":null,"notes":null},"geometry":{"type":"MultiPolygon","coordinates":[[[[23.89863597231619,-11.004465045199023],[23.89768488068463,-11.004938373089368],[23.897665856450928,-11.004909602550223],[23.898617014935088,-11.004436241538247],[23.89861714878942,-11.004436175635709],[23.899259702122215,-11.004123219319448],[23.899278458479955,-11.004152121497649],[23.89863597231619,-11.004465045199023]]]]}},{"type":"Feature","properties":{"id":null,"group":null,"name":null,"settlement_id":"settlement_seshai","country_id":"country_barrel","district_id":null,"status":null,"surface":null,"access":null,"bridge":null,"tunnel":null,"oneway":null,"route_id":null,"alt_name":null,"notes":null},"geometry":{"type":"MultiPolygon","coordinates":[[[[23.893353265918904,-11.00818881053637],[23.893353333997243,-11.008188774864456],[23.89379824714427,-11.007956905704898],[23.89385665723379,-11.007894196320656],[23.89385964266843,-11.007891694436848],[23.893974258776872,-11.007817026913381],[23.893975936213884,-11.007816065740162],[23.89441402051148,-11.007596804597046],[23.894414297490993,-11.007596669014289],[23.89517563790762,-11.007232271088123],[23.89519417891516,-11.007261277958193],[23.894432977813086,-11.007625609322464],[23.893995903113094,-11.007844365229781],[23.893883758640865,-11.007917422606106],[23.893824793430944,-11.007980727986737],[23.893822752648262,-11.007982566504372],[23.89382038393434,-11.007984061630802],[23.893372970007064,-11.008217234154985],[23.893039709256705,-11.008392802292363],[23.893019971139996,-11.008364396547844],[23.893353265918904,-11.00818881053637]]]]}},{"type":"Feature","properties":{"id":null,"group":null,"name":null,"settlement_id":"settlement_seshai","country_id":"country_barrel","district_id":null,"status":null,"surface":null,"access":null,"bridge":null,"tunnel":null,"oneway":null,"route_id":null,"alt_name":null,"notes":null},"geometry":{"type":"MultiPolygon","coordinates":[[[[23.894970416123595,-11.011892873240052],[23.895557790999373,-11.011597833730983],[23.896103676493002,-11.011323742763425],[23.896848490816865,-11.010949743122579],[23.89686762738519,-11.010978458047274],[23.89612281294167,-11.011352457864845],[23.895576930440818,-11.011626547414954],[23.894989556019816,-11.011921586787581],[23.894649468062557,-11.012092369007485],[23.894630330634133,-11.012063654167342],[23.894970416123595,-11.011892873240052]]]]}},{"type":"Feature","properties":{"id":null,"group":null,"name":null,"settlement_id":"settlement_seshai","country_id":"country_barrel","district_id":null,"status":null,"surface":null,"access":null,"bridge":null,"tunnel":null,"oneway":null,"route_id":null,"alt_name":null,"notes":null},"geometry":{"type":"MultiPolygon","coordinates":[[[[23.89344646132837,-11.006998472542662],[23.89400427315044,-11.006721032585883],[23.894784196596728,-11.006333214564169],[23.895578986661576,-11.005937880057996],[23.89559800427038,-11.005966654218666],[23.894803213273423,-11.00636198931267],[23.894023289150926,-11.00674980779258],[23.893465477453947,-11.007027247774317],[23.892952431742604,-11.007282367743233],[23.89293341762918,-11.007253591430791],[23.89344646132837,-11.006998472542662]]]]}},{"type":"Feature","properties":{"id":null,"group":null,"name":null,"settlement_id":"settlement_seshai","country_id":"country_barrel","district_id":null,"status":null,"surface":null,"access":null,"bridge":null,"tunnel":null,"oneway":null,"route_id":null,"alt_name":null,"notes":null},"geometry":{"type":"MultiPolygon","coordinates":[[[[23.897395615306078,-11.017676051050707],[23.89739621365508,-11.017675805956289],[23.898089401548102,-11.017406339193121],[23.898089536584653,-11.017406287321768],[23.898513630398444,-11.017245326790462],[23.898750375699308,-11.017154292054363],[23.89875165640966,-11.017153853484247],[23.900189367473022,-11.016719995787433],[23.900192073680486,-11.016719392261178],[23.900314326950376,-11.016701301448462],[23.90032230428515,-11.016733507475838],[23.90020143680665,-11.016751393239744],[23.898765697494483,-11.017184656136047],[23.89852954495852,-11.017275462974377],[23.898529471506063,-11.017275491035447],[23.89810540860956,-11.01743643989604],[23.89741259019128,-11.017705763135343],[23.896563538141372,-11.018071623918727],[23.896546266877795,-11.018042039415157],[23.897395615306078,-11.017676051050707]]]]}},{"type":"Feature","properties":{"id":null,"group":null,"name":null,"settlement_id":"settlement_seshai","country_id":"country_barrel","district_id":null,"status":null,"surface":null,"access":null,"bridge":null,"tunnel":null,"oneway":null,"route_id":null,"alt_name":null,"notes":null},"geometry":{"type":"MultiPolygon","coordinates":[[[[23.89610545442371,-11.00055416616054],[23.89610488021556,-11.000552996686723],[23.8957654537411,-10.99978649882458],[23.895312643999496,-10.998852195336271],[23.894895783330856,-10.998119186731202],[23.894552616298707,-10.997533779803817],[23.89401478680543,-10.996620069855657],[23.894046670442226,-10.99660619524867],[23.894584507647714,-10.997519918330852],[23.894584523216643,-10.997519944835075],[23.894927754347822,-10.998105461127995],[23.894927865755978,-10.998105654068048],[23.89534505453711,-10.998839239642821],[23.89534556676712,-10.998840213256946],[23.895798739104684,-10.999775264898913],[23.89579897694372,-10.999775777909216],[23.896138254906788,-11.000541940384501],[23.89615623699858,-11.000575203921596],[23.896123747989176,-11.000588005865957],[23.89610545442371,-11.00055416616054]]]]}},{"type":"Feature","properties":{"id":null,"group":null,"name":null,"settlement_id":"settlement_seshai","country_id":"country_barrel","district_id":null,"status":null,"surface":null,"access":null,"bridge":null,"tunnel":null,"oneway":null,"route_id":null,"alt_name":null,"notes":null},"geometry":{"type":"MultiPolygon","coordinates":[[[[23.89211669518169,-11.005436736351163],[23.892116724294148,-11.005436721573359],[23.89258891171238,-11.005197591679192],[23.893174480455006,-11.004900625045375],[23.893962808315194,-11.004500946212728],[23.894731952617253,-11.004110893162174],[23.894751211390954,-11.004139546163263],[23.89398206635357,-11.004529599707437],[23.89319373874584,-11.004929278535775],[23.892608166551728,-11.005226247011876],[23.892135980516667,-11.005465376282764],[23.891818360738892,-11.00562697918636],[23.891799060823082,-11.005598346623492],[23.89211669518169,-11.005436736351163]]]]}},{"type":"Feature","properties":{"id":null,"group":null,"name":"Rua Nzinga Mbandi","settlement_id":"settlement_seshai","country_id":"country_barrel","district_id":null,"status":null,"surface":null,"access":null,"bridge":null,"tunnel":null,"oneway":null,"route_id":null,"alt_name":null,"notes":null},"geometry":{"type":"MultiPolygon","coordinates":[[[[23.891664438174654,-11.004429955144994],[23.89214879826172,-11.004184424764935],[23.89214896675511,-11.004184340495454],[23.892724154704112,-11.00390054350915],[23.893505114134435,-11.003510570401534],[23.89424536039439,-11.003126955754631],[23.8953135966102,-11.002571542133497],[23.89533316817115,-11.002600034330325],[23.894264921697953,-11.003155453453317],[23.89426490093454,-11.003155464231202],[23.893524528768022,-11.00353914424311],[23.893524296458008,-11.003539262429435],[23.8927431831294,-11.00392931250838],[23.89274310846555,-11.003929349569349],[23.892167967720027,-11.004213123355068],[23.891683609002918,-11.004458653116878],[23.891683443161075,-11.004458736078192],[23.891370466534262,-11.004613225578835],[23.89135154471105,-11.004584403546431],[23.891664438174654,-11.004429955144994]]]]}},{"type":"Feature","properties":{"id":null,"group":null,"name":null,"settlement_id":"settlement_seshai","country_id":"country_barrel","district_id":null,"status":null,"surface":null,"access":null,"bridge":null,"tunnel":null,"oneway":null,"route_id":null,"alt_name":null,"notes":null},"geometry":{"type":"MultiPolygon","coordinates":[[[[23.891076114269303,-11.003121498264509],[23.891076517085967,-11.00312129423407],[23.891552390304312,-11.002887960156041],[23.891552460899874,-11.002887925737568],[23.89214069432986,-11.00260276885181],[23.892141143968768,-11.002602558674287],[23.892923295967904,-11.002250285128872],[23.893678255739474,-11.001878390785256],[23.89367848365028,-11.001878280558309],[23.89474134800208,-11.001373677601485],[23.89475978809683,-11.00140273222061],[23.893697038305408,-11.001907280953269],[23.892941920360744,-11.002279253331563],[23.892941371311416,-11.002279512087274],[23.892159168733638,-11.002631808532001],[23.891571193657786,-11.002916840267499],[23.89109555879277,-11.003150057548078],[23.89079442847711,-11.003307535784872],[23.89077478415711,-11.003279080938562],[23.891076114269303,-11.003121498264509]]]]}},{"type":"Feature","properties":{"id":null,"group":null,"name":"Rua da Identifica\u00e7\u00e3o","settlement_id":"settlement_seshai","country_id":"country_barrel","district_id":null,"status":null,"surface":null,"access":null,"bridge":null,"tunnel":null,"oneway":null,"route_id":null,"alt_name":null,"notes":null},"geometry":{"type":"MultiPolygon","coordinates":[[[[23.897879122250014,-11.007909362046076],[23.89676910023205,-11.008454543612034],[23.89592255967754,-11.008870304522818],[23.895168418364698,-11.009240692069401],[23.894614023759686,-11.00951293183943],[23.89407390563327,-11.009778161358543],[23.893730307977396,-11.009946926072265],[23.893711446700756,-11.009918074125972],[23.894055045067816,-11.009749309116508],[23.89459516531502,-11.009484078640057],[23.895149558391424,-11.009211839707072],[23.895903699311564,-11.008841452470891],[23.896750239729915,-11.008425691758914],[23.89786026188013,-11.007880510300984],[23.898738447470794,-11.007449227519311],[23.898757307120192,-11.007478079481384],[23.897879122250014,-11.007909362046076]]]]}},{"type":"Feature","properties":{"id":null,"group":null,"name":"Rua da Radio","settlement_id":"settlement_seshai","country_id":"country_barrel","district_id":null,"status":null,"surface":null,"access":null,"bridge":null,"tunnel":null,"oneway":null,"route_id":null,"alt_name":null,"notes":null},"geometry":{"type":"MultiPolygon","coordinates":[[[[23.89906403253197,-11.007967590656545],[23.89880868532066,-11.007417698676711],[23.89880866729509,-11.007417659725034],[23.898489290727156,-11.006725134469214],[23.89765876624976,-11.004929692431597],[23.897315363630078,-11.004243328980028],[23.897348341407685,-11.004231466345704],[23.89769185743219,-11.004918056456244],[23.897692076945155,-11.004918512502758],[23.898522711402226,-11.006714192260509],[23.89852271942562,-11.006714209631767],[23.89884209097578,-11.007406723990877],[23.89909743448672,-11.007956607989406],[23.899097445208312,-11.00795663112523],[23.899394439471035,-11.00859880710426],[23.899361021479773,-11.008609755158282],[23.89906403253197,-11.007967590656545]]]]}},{"type":"Feature","properties":{"id":null,"group":null,"name":null,"settlement_id":"settlement_seshai","country_id":"country_barrel","district_id":null,"status":null,"surface":null,"access":null,"bridge":null,"tunnel":null,"oneway":null,"route_id":null,"alt_name":null,"notes":null},"geometry":{"type":"MultiPolygon","coordinates":[[[[23.89470229971861,-10.995558433387375],[23.894698500386685,-10.995560166434101],[23.894616746768037,-10.995586452281886],[23.894616619328037,-10.99558649274764],[23.894509591824995,-10.995620050511839],[23.894505339698657,-10.995620865016024],[23.894364218637055,-10.995631796480518],[23.89435981000544,-10.99563165254012],[23.89417648476633,-10.995605597414968],[23.894180040240084,-10.995573373108297],[23.89436115475954,-10.995599114064376],[23.894497880671558,-10.995588523076004],[23.894602789446278,-10.99555562964087],[23.894682448823964,-10.995530017155989],[23.894798032589158,-10.995459430168019],[23.894819652174046,-10.995486766240411],[23.89470229971861,-10.995558433387375]]]]}},{"type":"Feature","properties":{"id":null,"group":null,"name":null,"settlement_id":"settlement_seshai","country_id":"country_barrel","district_id":null,"status":null,"surface":null,"access":null,"bridge":null,"tunnel":null,"oneway":null,"route_id":null,"alt_name":null,"notes":null},"geometry":{"type":"MultiPolygon","coordinates":[[[[23.89428002221205,-10.995844732614847],[23.894281608791164,-10.995847240672228],[23.894282707547696,-10.99584993097858],[23.894320994224497,-10.995975106127108],[23.89432163670761,-10.995978658930591],[23.894327701178916,-10.996082134098595],[23.894327624776437,-10.996084708077007],[23.894314719406655,-10.996192975428201],[23.894314293756374,-10.996195128227493],[23.894268901797297,-10.996357926952891],[23.89423364122643,-10.996348234565032],[23.8942787379423,-10.996186494797264],[23.894291360592337,-10.996080599363102],[23.89428547736451,-10.995980216531555],[23.89424857904305,-10.995859580482465],[23.894128308674144,-10.995701187502418],[23.894157917690706,-10.99568392409297],[23.89428002221205,-10.995844732614847]]]]}},{"type":"Feature","properties":{"id":null,"group":null,"name":null,"settlement_id":"settlement_seshai","country_id":"country_barrel","district_id":null,"status":null,"surface":null,"access":null,"bridge":null,"tunnel":null,"oneway":null,"route_id":null,"alt_name":null,"notes":null},"geometry":{"type":"MultiPolygon","coordinates":[[[[23.894369207306156,-10.996262186293789],[23.89437059620032,-10.996261437894136],[23.894501271346105,-10.99619852440485],[23.894503687267395,-10.99619757111642],[23.89450625565611,-10.996196959488909],[23.89467032706443,-10.996169739970597],[23.89467522943329,-10.996169544496786],[23.894872985594933,-10.996185878130708],[23.894876772033545,-10.9961865519391],[23.895004567854265,-10.996221842114906],[23.894995833301568,-10.99625298747686],[23.89486990296406,-10.996218212466513],[23.894676554011323,-10.996202242876018],[23.894517544158454,-10.996228622703805],[23.89438992336743,-10.996290065695632],[23.894261966245654,-10.996366818505528],[23.894240576779932,-10.99633934301194],[23.894369207306156,-10.996262186293789]]]]}},{"type":"Feature","properties":{"id":null,"group":null,"name":null,"settlement_id":"settlement_seshai","country_id":"country_barrel","district_id":null,"status":null,"surface":null,"access":null,"bridge":null,"tunnel":null,"oneway":null,"route_id":null,"alt_name":null,"notes":null},"geometry":{"type":"MultiPolygon","coordinates":[[[[23.894955061416017,-10.996028956267661],[23.894953532507053,-10.99602604653521],[23.894915317164433,-10.995931515698555],[23.894914591008558,-10.995929240201427],[23.894892678181332,-10.99583666591016],[23.894892356616374,-10.9958347918371],[23.89487967895706,-10.995716500589426],[23.894879606511417,-10.99571434149504],[23.894887766488687,-10.995512154571975],[23.894924057802008,-10.995515285932521],[23.894915941326293,-10.995716395413838],[23.89492840209134,-10.995832662808114],[23.894949820630284,-10.99592314887773],[23.89498697182309,-10.996015047390667],[23.895068825237225,-10.996139684354512],[23.895037832064453,-10.99615498988505],[23.894955061416017,-10.996028956267661]]]]}},{"type":"Feature","properties":{"id":null,"group":null,"name":null,"settlement_id":"settlement_seshai","country_id":"country_barrel","district_id":null,"status":null,"surface":null,"access":null,"bridge":null,"tunnel":null,"oneway":null,"route_id":null,"alt_name":null,"notes":null},"geometry":{"type":"MultiPolygon","coordinates":[[[[23.899758254016493,-11.011420633127038],[23.89976775005935,-11.011490980473402],[23.89980373854904,-11.011530821132565],[23.899864122629403,-11.011547732183208],[23.900898639404243,-11.011013932899887],[23.900898699702797,-11.011013901935623],[23.901109951617844,-11.010905941452128],[23.90211625852585,-11.010391533333285],[23.902135618792443,-11.010420134252309],[23.901129311162876,-11.010934542898237],[23.90091808695463,-11.01104248925547],[23.899877002547186,-11.01157967754519],[23.899873708295292,-11.011580980106295],[23.899870148687953,-11.011581641454557],[23.89986647029052,-11.011581634359176],[23.899862824559598,-11.011580959112301],[23.899789236055838,-11.011560350068619],[23.899785726393155,-11.011559011629808],[23.8997825532568,-11.011557071430982],[23.899779850987652,-11.011554611614185],[23.899736562105854,-11.011506689143232],[23.899734545491672,-11.011503982102298],[23.899733127469013,-11.011501006519671],[23.8997323616221,-11.011497874836648],[23.899721669584835,-11.011418667441934],[23.899721661106426,-11.011414787361756],[23.89972267602157,-11.011411070770064],[23.899750742629074,-11.011344935783615],[23.89978477905685,-11.011358130608478],[23.899758254016493,-11.011420633127038]]]]}},{"type":"Feature","properties":{"id":null,"group":null,"name":null,"settlement_id":"settlement_seshai","country_id":"country_barrel","district_id":null,"status":null,"surface":null,"access":null,"bridge":null,"tunnel":null,"oneway":null,"route_id":null,"alt_name":null,"notes":null},"geometry":{"type":"MultiPolygon","coordinates":[[[[23.89210821989409,-11.006859747915692],[23.892104518147313,-11.006861119683384],[23.89210051793324,-11.006861691327211],[23.89209642274059,-11.006861433767947],[23.89203524733179,-11.006851351124848],[23.892031853257855,-11.006850490863068],[23.89202866533754,-11.006849073878202],[23.892025800465596,-11.00684715212829],[23.8919821770242,-11.006811953183275],[23.89198005558333,-11.006809953887577],[23.891978307261166,-11.006807688343711],[23.891675075826534,-11.0063408421191],[23.89135230637811,-11.005843900604448],[23.891350786623097,-11.005840967475804],[23.891349909407687,-11.005837859412757],[23.891349707761943,-11.00583469344428],[23.8913501892785,-11.005831588779659],[23.891351335826627,-11.005828662319876],[23.89135310423494,-11.005826024255924],[23.89135542791693,-11.005823773919685],[23.891358219378233,-11.005821996043847],[23.891799078946836,-11.00559833741559],[23.891818342615167,-11.005626988394265],[23.891392631650454,-11.005842961824793],[23.891706165407538,-11.006325683847018],[23.89200783750699,-11.006790129405896],[23.892045035527634,-11.006820143804985],[23.892094523870377,-11.006828300248966],[23.89229721695521,-11.006726499086204],[23.89231635506037,-11.006755213471033],[23.89210821989409,-11.006859747915692]]]]}},{"type":"Feature","properties":{"id":null,"group":null,"name":"Rua da Marginal","settlement_id":"settlement_seshai","country_id":"country_barrel","district_id":null,"status":null,"surface":null,"access":null,"bridge":null,"tunnel":null,"oneway":null,"route_id":null,"alt_name":null,"notes":null},"geometry":{"type":"MultiPolygon","coordinates":[[[[23.893543375497913,-11.01056252693498],[23.893294050907556,-11.010685003856782],[23.893212733620313,-11.010776273877713],[23.893177114413,-11.01082398171133],[23.893122447286324,-11.010923556099236],[23.893097184543592,-11.01108882168397],[23.893061199373776,-11.011082492044318],[23.89308684561726,-11.01091471777545],[23.89308744148398,-11.010912277547227],[23.893088457001962,-11.010909972526893],[23.89314484568465,-11.010807262407072],[23.893145958598744,-11.010805533817038],[23.89318258789962,-11.010756473090728],[23.89318341646702,-11.010755458311872],[23.8932672501827,-11.010661363890135],[23.893269543409826,-11.010659256286438],[23.893272258362106,-11.010657591747199],[23.89352467618806,-11.010533595358163],[23.89352500558937,-11.010533437785485],[23.893901240385873,-11.010358245221918],[23.893919444526396,-11.010387411502885],[23.893543375497913,-11.01056252693498]]]]}},{"type":"Feature","properties":{"id":null,"group":null,"name":"Acesso aos Frigor\u00edficos YANMING ANGOLA","settlement_id":"settlement_seshai","country_id":"country_barrel","district_id":null,"status":null,"surface":null,"access":null,"bridge":null,"tunnel":null,"oneway":null,"route_id":null,"alt_name":null,"notes":null},"geometry":{"type":"MultiPolygon","coordinates":[[[[23.895185800675797,-11.022203129471084],[23.8951854837505,-11.022203964687797],[23.89507758865012,-11.022463668083365],[23.895076839333594,-11.022465207423142],[23.894908820634594,-11.022764197722138],[23.89481270383734,-11.022935421159158],[23.894811927319747,-11.022936656467417],[23.89453737185959,-11.02332903397032],[23.894535874272545,-11.023330853040259],[23.89423696592879,-11.023641613600155],[23.89401408686625,-11.023887482198267],[23.894011975379723,-11.023889420653795],[23.893883873601137,-11.023987359113818],[23.893882167337598,-11.023988502802583],[23.893718315034363,-11.024084327019386],[23.89371690636157,-11.024085065660957],[23.89307425981767,-11.024385428742356],[23.89307410379502,-11.024385500740113],[23.892886115654417,-11.02447114107818],[23.892885162422726,-11.02447154229193],[23.892726214638117,-11.024533104059035],[23.89272566732534,-11.024533305960551],[23.89259570240481,-11.02457889388883],[23.892593103057905,-11.024579598555613],[23.89259039080977,-11.024579933407718],[23.892456301085016,-11.024587088591007],[23.89245263819567,-11.024586950242528],[23.8924490365645,-11.024586154602785],[23.892350376551335,-11.024554898517428],[23.892347531707735,-11.024553757810057],[23.892344911239267,-11.024552216056252],[23.89225338612228,-11.024488496244675],[23.89225014397901,-11.024485650433492],[23.892147956914144,-11.024372714758973],[23.892095284217902,-11.024332489631751],[23.892044365115176,-11.024309329860516],[23.891990687161144,-11.024314517034826],[23.891295509459464,-11.024488832606202],[23.891283826053968,-11.02445736111243],[23.891980392138578,-11.02428269750862],[23.891983226569796,-11.024282209636933],[23.892043759879865,-11.0242763600038],[23.892047297079408,-11.02427633297542],[23.892050814075844,-11.024276925475833],[23.89205417678918,-11.024278114916855],[23.892112179096635,-11.02430449638554],[23.89211603751473,-11.024306801946405],[23.89217188609771,-11.024349452447025],[23.892174432194736,-11.024351790616478],[23.89227633301363,-11.024464409954915],[23.89236354854276,-11.024525129445644],[23.892455679539765,-11.024554317115214],[23.892583305743464,-11.024547506852402],[23.892710452630773,-11.024502907427918],[23.89286864480629,-11.024441638338109],[23.893056085613097,-11.024356247373726],[23.893697929109763,-11.024056259722439],[23.893860203269863,-11.023961358462815],[23.893986339412773,-11.023864922825846],[23.89420841424515,-11.0236199414711],[23.894208725600993,-11.023619608055018],[23.894506967731594,-11.023309540193315],[23.89478043024646,-11.022918724755183],[23.894876192285974,-11.022748133333526],[23.895043794775447,-11.02244988375576],[23.895151190175746,-11.022191383220665],[23.895404035690763,-11.021456884852034],[23.89543879141577,-11.02146820896556],[23.895185800675797,-11.022203129471084]]]]}},{"type":"Feature","properties":{"id":null,"group":null,"name":null,"settlement_id":"settlement_seshai","country_id":"country_barrel","district_id":null,"status":null,"surface":null,"access":null,"bridge":null,"tunnel":null,"oneway":null,"route_id":null,"alt_name":null,"notes":null},"geometry":{"type":"MultiPolygon","coordinates":[[[[23.890780134659096,-11.004914220880263],[23.89076080841867,-11.004885601655497],[23.891351342534914,-11.004584504980066],[23.89137066871038,-11.004613124145175],[23.890780134659096,-11.004914220880263]]]]}},{"type":"Feature","properties":{"id":null,"group":null,"name":null,"settlement_id":"settlement_seshai","country_id":"country_barrel","district_id":null,"status":null,"surface":null,"access":null,"bridge":null,"tunnel":null,"oneway":null,"route_id":null,"alt_name":null,"notes":null},"geometry":{"type":"MultiPolygon","coordinates":[[[[23.891077527263985,-11.005413223913559],[23.89090723038587,-11.005146147907043],[23.890754879173524,-11.004907416930978],[23.890550940637617,-11.004591965417063],[23.889966089660074,-11.003686891818711],[23.889997223146185,-11.003671801166451],[23.890582071090915,-11.004576870123257],[23.890786036258305,-11.004892362848373],[23.89078609127208,-11.00489244849584],[23.890938471604297,-11.005131225115012],[23.891108770098736,-11.00539830366947],[23.891383472009295,-11.005828860437848],[23.891352230461248,-11.005843782675582],[23.891077527263985,-11.005413223913559]]]]}},{"type":"Feature","properties":{"id":null,"group":null,"name":null,"settlement_id":"settlement_seshai","country_id":"country_barrel","district_id":null,"status":null,"surface":null,"access":null,"bridge":null,"tunnel":null,"oneway":null,"route_id":null,"alt_name":null,"notes":null},"geometry":{"type":"MultiPolygon","coordinates":[[[[23.901266655939214,-11.01176761903824],[23.90020366895051,-11.012310816693939],[23.90018431268071,-11.012282213360288],[23.90124734363384,-11.011738993405567],[23.901247431485494,-11.011738948826201],[23.902456468985378,-11.011129738348007],[23.90247564930375,-11.011158430609633],[23.901266655939214,-11.01176761903824]]]]}},{"type":"Feature","properties":{"id":null,"group":null,"name":null,"settlement_id":"settlement_seshai","country_id":"country_barrel","district_id":null,"status":null,"surface":null,"access":null,"bridge":null,"tunnel":null,"oneway":null,"route_id":null,"alt_name":null,"notes":null},"geometry":{"type":"MultiPolygon","coordinates":[[[[23.900181252323616,-11.012364231456848],[23.900192465674444,-11.012433031148042],[23.900236066319035,-11.01248142822559],[23.900287326136453,-11.01248756465258],[23.901346192783297,-11.011944656150117],[23.901346261306134,-11.011944621208222],[23.902547374512007,-11.011335485303917],[23.9025666355566,-11.011364136762282],[23.90136555679124,-11.011973255388773],[23.900301665479176,-11.012518740347877],[23.90029821431068,-11.012520077636214],[23.90029448276955,-11.01252071362597],[23.900290638304803,-11.012520619777698],[23.90022582260591,-11.012512860556251],[23.900222279524513,-11.012512116131134],[23.900218927521415,-11.012510766593223],[23.900215898085808,-11.012508864880873],[23.90021331005352,-11.0125064855926],[23.900161419570342,-11.012448886734179],[23.900159485670276,-11.012446306701667],[23.900158095239046,-11.0124434780831],[23.9001572961804,-11.01244049833134],[23.900144578449883,-11.012362468463131],[23.900144396296348,-11.01235948727925],[23.90014482003759,-11.012356558658373],[23.900145835524885,-11.01235378038654],[23.900177283943187,-11.012289233908284],[23.900210697686493,-11.012303796145993],[23.900181252323616,-11.012364231456848]]]]}},{"type":"Feature","properties":{"id":null,"group":null,"name":null,"settlement_id":"settlement_seshai","country_id":"country_barrel","district_id":null,"status":null,"surface":null,"access":null,"bridge":null,"tunnel":null,"oneway":null,"route_id":null,"alt_name":null,"notes":null},"geometry":{"type":"MultiPolygon","coordinates":[[[[23.90229501845693,-11.009520825036677],[23.90244314618576,-11.009389634112994],[23.902808849891237,-11.00900506076718],[23.903044913789667,-11.008696573335355],[23.903229886335392,-11.008419213789889],[23.903449709723894,-11.00794238231866],[23.903451161875203,-11.00793990680149],[23.90345309083502,-11.00793772493997],[23.90349940240661,-11.007894365410548],[23.903502054671325,-11.00789235339519],[23.90350512670898,-11.007890872430723],[23.903508499181587,-11.007889980047445],[23.90351204108025,-11.007889710911343],[23.903515614814484,-11.007890075477395],[23.90358084356307,-11.007902570675373],[23.90358380117819,-11.00790336844664],[23.903586598482427,-11.007904591442939],[23.903589156965253,-11.007906205339008],[23.90379071626208,-11.008056059543302],[23.903793631409588,-11.008058737730709],[23.903864456969025,-11.008139229212954],[23.903867176811715,-11.008143377036893],[23.904182632145222,-11.00882378269832],[23.90414922703839,-11.00883475823823],[23.90383480728405,-11.008156586224887],[23.90376696580873,-11.008079486089196],[23.90357072185982,-11.007933583747123],[23.903519761372966,-11.007923821781468],[23.903482178356835,-11.007959009149609],[23.903263088231377,-11.008434250218059],[23.903261974161396,-11.008436240053998],[23.903076095843378,-11.008714957838954],[23.903075531644063,-11.008715746880144],[23.902838678068193,-11.009025266333056],[23.902837618252196,-11.009026506935353],[23.902470887838092,-11.009412160053998],[23.90246992135775,-11.009413092545042],[23.902319617420225,-11.009546210883471],[23.90231587556156,-11.00954870171709],[23.901843841707983,-11.009779137628978],[23.901825055539728,-11.009750249894685],[23.90229501845693,-11.009520825036677]]]]}},{"type":"Feature","properties":{"id":null,"group":null,"name":"Rua Lisandro Figueiredo","settlement_id":"settlement_seshai","country_id":"country_barrel","district_id":null,"status":null,"surface":null,"access":null,"bridge":null,"tunnel":null,"oneway":null,"route_id":null,"alt_name":null,"notes":null},"geometry":{"type":"MultiPolygon","coordinates":[[[[23.903117728372465,-11.010439166792782],[23.903115803322432,-11.010441626184186],[23.90307640407506,-11.01048250782931],[23.903072716687902,-11.010485355992662],[23.90301232721641,-11.01051963078597],[23.903009538347273,-11.010520904222169],[23.903006513551148,-11.010521702383029],[23.903003347302988,-11.010522000339153],[23.903000138495823,-11.010521788784306],[23.902954011880798,-11.010515072716538],[23.902950935690168,-11.010514381388493],[23.902948005895883,-11.010513231751005],[23.902945309632543,-11.010511657995282],[23.90294292708947,-11.010509706926193],[23.902898209704432,-11.010466613470316],[23.90289598592849,-11.010464031380137],[23.90289433584778,-11.010461140632007],[23.902559616875614,-11.009709682864308],[23.902503774424915,-11.009643113609506],[23.90241102531545,-11.00958112353644],[23.902301909538977,-11.009549771774802],[23.90231105546422,-11.009518743976734],[23.902423242590565,-11.009550978234252],[23.902426199806637,-11.009552079200626],[23.90242893213315,-11.009553610610856],[23.902526584642555,-11.009618877952088],[23.902528726374847,-11.009620535178936],[23.902530584372833,-11.009622449150209],[23.90258971859484,-11.009692942502623],[23.90259226125605,-11.009696990093765],[23.902926587860378,-11.010447567014657],[23.902964202950557,-11.010483816105117],[23.902997156603426,-11.010488614185636],[23.903049951165155,-11.01045864998657],[23.90308664479813,-11.01042057576355],[23.903382634735408,-11.009947993558868],[23.90341454453045,-11.009965265306011],[23.903117728372465,-11.010439166792782]]]]}},{"type":"Feature","properties":{"id":null,"group":null,"name":null,"settlement_id":"settlement_seshai","country_id":"country_barrel","district_id":null,"status":null,"surface":null,"access":null,"bridge":null,"tunnel":null,"oneway":null,"route_id":null,"alt_name":null,"notes":null},"geometry":{"type":"MultiPolygon","coordinates":[[[[23.901182566010423,-11.01795525459632],[23.901177523879376,-11.017991522304778],[23.901176553871178,-11.017995070193166],[23.90117470188906,-11.0179982808045],[23.901152748858493,-11.018027214249845],[23.90115089139719,-11.018029250496323],[23.90114866471886,-11.018030961090766],[23.90114613044501,-11.018032298693848],[23.901113323042903,-11.018046304561542],[23.901110056694076,-11.01804734820546],[23.90110658857359,-11.018047789708799],[23.90110305035868,-11.01804761230859],[23.901068064302553,-11.01804278778975],[23.901064480909174,-11.018041962857513],[23.901061110892066,-11.018040519152558],[23.9010580905582,-11.01803851506834],[23.901030342024658,-11.01801615463378],[23.901028074274496,-11.018013995262896],[23.90102624183431,-11.018011533120665],[23.901024901952876,-11.018008845128934],[23.901011770342805,-11.017975070419366],[23.9010108265195,-11.01797133528256],[23.90101085521516,-11.017967556721414],[23.901015897350796,-11.017931289007048],[23.901016867360486,-11.017927741117349],[23.901018719343337,-11.017924530504844],[23.9010406723803,-11.017895597057803],[23.90104252984271,-11.017893560811187],[23.90104475652154,-11.017891850216781],[23.901047290795336,-11.017890512613882],[23.901080098200215,-11.017876506750026],[23.901083364548093,-11.017875463107117],[23.901086832666827,-11.017875021604615],[23.901090370879285,-11.01787519900542],[23.901125356931683,-11.017880023529418],[23.901128924979265,-11.017880843462104],[23.901132282125563,-11.017882276973577],[23.90113529376804,-11.017884266588075],[23.901163059035472,-11.017906528433869],[23.90116534835631,-11.017908700206844],[23.901167196287314,-11.017911179865363],[23.901168544224873,-11.017913888771833],[23.901181659094455,-11.017947762065223],[23.90118259604232,-11.017951487038657],[23.901182566010423,-11.01795525459632]],[[23.90114599715256,-11.017953098794658],[23.901135979323858,-11.017927224585994],[23.901116363148112,-11.017911496583867],[23.901092435957707,-11.017908197064179],[23.901068535268323,-11.017918400550952],[23.901051422062636,-11.01794095525025],[23.901047425663435,-11.017969701079966],[23.901057457188248,-11.017995502319488],[23.901077084338112,-11.018011318351482],[23.901100985258694,-11.018014614252472],[23.901124885947922,-11.018004410769453],[23.901141999159528,-11.017981856067829],[23.90114599715256,-11.017953098794658]]]]}},{"type":"Feature","properties":{"id":null,"group":null,"name":null,"settlement_id":"settlement_seshai","country_id":"country_barrel","district_id":null,"status":null,"surface":null,"access":null,"bridge":null,"tunnel":null,"oneway":null,"route_id":null,"alt_name":null,"notes":null},"geometry":{"type":"MultiPolygon","coordinates":[[[[23.90124287086908,-11.018780856992231],[23.901243529638002,-11.018780927617769],[23.902109630618565,-11.01888796237008],[23.902158755080805,-11.018866604256125],[23.902186792862114,-11.018831078442835],[23.902195271565272,-11.018781141900504],[23.901930042497586,-11.017095359627417],[23.901897559616785,-11.017069927592292],[23.901842840390014,-11.017047740797203],[23.90177681425663,-11.017047997316602],[23.90104406870196,-11.017138860582122],[23.901022067178445,-11.017161298211795],[23.901106738418132,-11.017890599673962],[23.901070619184104,-11.017892044955083],[23.900985147681215,-11.017155849864038],[23.900985131853187,-11.017152596345456],[23.90098583708911,-11.017149443791064],[23.900987235255744,-11.017146517962427],[23.90098927057749,-11.017143935576556],[23.901020306734825,-11.017112284238872],[23.90102327460523,-11.01710990557049],[23.901026802067115,-11.017108219215904],[23.901030709161596,-11.017107311207065],[23.901770918280565,-11.017015522541223],[23.901773283828675,-11.017015372502296],[23.901844535516833,-11.01701509569199],[23.901848499724974,-11.017015469971371],[23.90185233042919,-11.017016605519974],[23.901913444755877,-11.017041385322454],[23.901915967276235,-11.017042616434326],[23.901918271884544,-11.017044170858819],[23.90195847067784,-11.01707564396979],[23.901960887533267,-11.017077901044832],[23.901962822150306,-11.017080497535273],[23.901964207266037,-11.017083343166162],[23.90196499472266,-11.01708633900043],[23.902231601414616,-11.018780876886959],[23.90223157931033,-11.018785600138857],[23.902222088086564,-11.018841500103987],[23.902221042124417,-11.01884494979005],[23.902219156291494,-11.018848059318827],[23.902186330876305,-11.018889651406058],[23.90218350673339,-11.018892414503554],[23.902179996513027,-11.018894462181246],[23.902122281760285,-11.018919555152221],[23.90211907701258,-11.018920607188756],[23.90211567040841,-11.01892107692941],[23.90211218733018,-11.018920947085014],[23.901241047972427,-11.018813289823427],[23.900615466859925,-11.018756443738107],[23.900616960073283,-11.018723980849137],[23.90124287086908,-11.018780856992231]]]]}},{"type":"Feature","properties":{"id":null,"group":null,"name":null,"settlement_id":"settlement_seshai","country_id":"country_barrel","district_id":null,"status":null,"surface":null,"access":null,"bridge":null,"tunnel":null,"oneway":null,"route_id":null,"alt_name":null,"notes":null},"geometry":{"type":"MultiPolygon","coordinates":[[[[23.891389355052162,-10.990142556631117],[23.891092083626205,-10.989166649630446],[23.891092011123526,-10.989166404445388],[23.891021669424678,-10.98892116942494],[23.89102118131216,-10.988918747579296],[23.891003856354768,-10.988771672260373],[23.891003755683947,-10.988770125467008],[23.89099945319762,-10.988422094549907],[23.89099945594889,-10.988421577835929],[23.891007388552605,-10.98807739857771],[23.891013024180232,-10.987729836543833],[23.891004763648816,-10.987550266768988],[23.890975689007366,-10.986919804962707],[23.89097567756851,-10.986919477814562],[23.890953154960624,-10.98597340485314],[23.890933289240337,-10.98552307265393],[23.890915503233614,-10.985121835529524],[23.890915491257843,-10.985121452604208],[23.890907797977817,-10.984699004058475],[23.890899462426837,-10.984241264192429],[23.890869035885128,-10.983748836824029],[23.890844737912214,-10.983357259156445],[23.89073066404603,-10.982404326403335],[23.890692456959364,-10.982085126807222],[23.89069244917006,-10.982085060475544],[23.890656833507,-10.98177579737786],[23.89061407648918,-10.981430936459576],[23.890614070858387,-10.981430890460015],[23.890552846873074,-10.980924217160883],[23.890472728817347,-10.980481781356078],[23.890472594003718,-10.980480883735877],[23.89045043738731,-10.980295357079983],[23.89045039953312,-10.980295004607799],[23.890440330092392,-10.98018942938238],[23.890440274734345,-10.98018860820605],[23.890436870668214,-10.980102320874455],[23.890436859773168,-10.980101620954859],[23.890439697543293,-10.97976243946452],[23.89043774025234,-10.979557939756214],[23.890428908671574,-10.979142889283967],[23.890428905699792,-10.97914267788788],[23.89042512715948,-10.978589642061904],[23.890425126843706,-10.978589515113674],[23.890426059946243,-10.978087636482622],[23.8904163455682,-10.9779767841749],[23.890416336453118,-10.977976675577667],[23.890402715072717,-10.977806908718534],[23.890373613329707,-10.977541076676985],[23.890343151360973,-10.97741140627002],[23.889811728335605,-10.975154609871643],[23.889847238062643,-10.97514970680223],[23.890378662077794,-10.977406506876031],[23.89040933899174,-10.977537092217826],[23.8904096509528,-10.977538907384425],[23.890438876069567,-10.97780586622155],[23.89043891676409,-10.977806295260347],[23.89045255101612,-10.97797622237993],[23.890462318205042,-10.978087677218252],[23.890462374546434,-10.978088989779854],[23.89046144038527,-10.978591460581763],[23.890465217817123,-10.979144327158624],[23.8904740490069,-10.979559357575955],[23.890474051651847,-10.979559529028196],[23.890476011035478,-10.979764245524029],[23.8904760111944,-10.97976450763282],[23.8904731752831,-10.980103470442984],[23.89047654933792,-10.980188996859365],[23.890486562809517,-10.980293985179681],[23.89050864468593,-10.980478885895984],[23.890588760907455,-10.980921311404346],[23.890588893261352,-10.98092218851292],[23.89065016759354,-10.98142927817578],[23.890692929783068,-10.981774180605381],[23.89069294522746,-10.981774309768797],[23.890728564525865,-10.982083604238145],[23.890766767651048,-10.982402770544082],[23.89088089217248,-10.983356125857362],[23.89088096905079,-10.983356971927794],[23.89090529343622,-10.983748974757457],[23.89093574014294,-10.98424172781788],[23.890935765728134,-10.984242367287663],[23.890944107136814,-10.984700426710917],[23.890951796966718,-10.985122683844724],[23.89096957458547,-10.985523730988827],[23.890989447125865,-10.985974216934109],[23.890989457245315,-10.985974514902125],[23.891011979581005,-10.986920573118061],[23.891041046767,-10.987550872123203],[23.891049328400282,-10.987730900282452],[23.891049341997835,-10.987731810810645],[23.891043698222358,-10.988079877222372],[23.89104369626892,-10.98807997673228],[23.891035768499112,-10.988423947584705],[23.891040058256216,-10.988770946476553],[23.891057148170596,-10.988916026377499],[23.89112711047883,-10.989159938668738],[23.89142445031403,-10.990136070101535],[23.89142464506759,-10.990136766981747],[23.89156142125977,-10.990674144759502],[23.891526042184015,-10.990679584606587],[23.891389355052162,-10.990142556631117]]]]}},{"type":"Feature","properties":{"id":null,"group":null,"name":null,"settlement_id":"settlement_seshai","country_id":"country_barrel","district_id":null,"status":null,"surface":null,"access":null,"bridge":null,"tunnel":null,"oneway":null,"route_id":null,"alt_name":null,"notes":null},"geometry":{"type":"MultiPolygon","coordinates":[[[[23.90281977182598,-11.005667378533461],[23.900503003000516,-11.006838252424933],[23.900483785974426,-11.00680957877293],[23.90280090719007,-11.00563852715193],[23.902801621131747,-11.005638186376341],[23.90438712186205,-11.004924722525073],[23.904404910608044,-11.004954077314265],[23.90281977182598,-11.005667378533461]]]]}},{"type":"Feature","properties":{"id":null,"group":null,"name":null,"settlement_id":"settlement_seshai","country_id":"country_barrel","district_id":null,"status":null,"surface":null,"access":null,"bridge":null,"tunnel":null,"oneway":null,"route_id":null,"alt_name":null,"notes":null},"geometry":{"type":"MultiPolygon","coordinates":[[[[23.90060686982446,-11.018056313043601],[23.90053310643873,-11.018068338486522],[23.90053272074093,-11.018068397385342],[23.900408298511316,-11.018086119950416],[23.90040052963242,-11.018053883648012],[23.900524758527133,-11.018036188639975],[23.900598314511306,-11.018024197022857],[23.901024596067746,-11.01795447176924],[23.90103315639616,-11.017986586905982],[23.90060686982446,-11.018056313043601]]]]}},{"type":"Feature","properties":{"id":null,"group":null,"name":null,"settlement_id":"settlement_seshai","country_id":"country_barrel","district_id":null,"status":null,"surface":null,"access":null,"bridge":null,"tunnel":null,"oneway":null,"route_id":null,"alt_name":null,"notes":null},"geometry":{"type":"MultiPolygon","coordinates":[[[[23.897276575892477,-10.990957025774707],[23.8972762570272,-10.990956109238367],[23.897075755068236,-10.99031733335327],[23.897075610233443,-10.990316844200816],[23.896873043473086,-10.98958926973437],[23.896908244337546,-10.98958316148357],[23.897110742789724,-10.990310490481233],[23.897311023317283,-10.9909485608301],[23.897509429076457,-10.991467373705273],[23.897475155632446,-10.991476293635786],[23.897276575892477,-10.990957025774707]]]]}},{"type":"Feature","properties":{"id":null,"group":null,"name":null,"settlement_id":"settlement_seshai","country_id":"country_barrel","district_id":null,"status":null,"surface":null,"access":null,"bridge":null,"tunnel":null,"oneway":null,"route_id":null,"alt_name":null,"notes":null},"geometry":{"type":"MultiPolygon","coordinates":[[[[23.894553738364188,-10.991872142473607],[23.89455349441638,-10.991871382091635],[23.894359230933993,-10.991208409067028],[23.894359191459124,-10.99120827203233],[23.89416004375549,-10.99050486580093],[23.893789826592364,-10.98945847222217],[23.89382437801002,-10.989450307516233],[23.89419476430864,-10.990497179036133],[23.894195070693616,-10.990498141844641],[23.894394336208908,-10.991201964087784],[23.894588467616366,-10.99186448627536],[23.894769896797477,-10.992384442178619],[23.89473529948976,-10.992392476570377],[23.894553738364188,-10.991872142473607]]]]}},{"type":"Feature","properties":{"id":null,"group":null,"name":null,"settlement_id":"settlement_seshai","country_id":"country_barrel","district_id":null,"status":null,"surface":null,"access":null,"bridge":null,"tunnel":null,"oneway":null,"route_id":null,"alt_name":null,"notes":null},"geometry":{"type":"MultiPolygon","coordinates":[[[[23.89365419715972,-10.992714353612003],[23.89349701128271,-10.9922303034732],[23.893496924456905,-10.992230027486805],[23.89329356921988,-10.991562218266399],[23.893081400768708,-10.990884189405016],[23.89311632021507,-10.990877128767409],[23.893328506687975,-10.991555215130154],[23.89332854228598,-10.9915553304415],[23.893531872987015,-10.992223058994654],[23.89368915069157,-10.992707391850335],[23.893689399255248,-10.992708237468703],[23.89390843624575,-10.993539532304375],[23.893873122138064,-10.993545223487597],[23.89365419715972,-10.992714353612003]]]]}},{"type":"Feature","properties":{"id":null,"group":null,"name":null,"settlement_id":"settlement_seshai","country_id":"country_barrel","district_id":null,"status":null,"surface":null,"access":null,"bridge":null,"tunnel":null,"oneway":null,"route_id":null,"alt_name":null,"notes":null},"geometry":{"type":"MultiPolygon","coordinates":[[[[23.89639175967089,-10.988803735633393],[23.896391665185124,-10.988803763749639],[23.895894634520925,-10.98895023056811],[23.895894075014628,-10.988950386015924],[23.89537346841521,-10.989086358295767],[23.895373220563364,-10.989086421232402],[23.894922443967964,-10.989197633252276],[23.89492215757062,-10.989197701546425],[23.894369932968964,-10.989324852031109],[23.89381311330905,-10.989470081573186],[23.89381290962159,-10.989470133484327],[23.893350942364076,-10.989585125594264],[23.893350589961035,-10.98958520973194],[23.89277206312489,-10.989717494187914],[23.892133027519815,-10.989909197405582],[23.891414432468217,-10.990154731858446],[23.89093338816461,-10.990328514942195],[23.89028571330209,-10.990590315053893],[23.890269196709518,-10.990560416332858],[23.8909171846538,-10.990298489767],[23.8909178166704,-10.990298247997835],[23.891399329293932,-10.990124295799792],[23.891399629132362,-10.990124190426267],[23.89211870355788,-10.98987849228509],[23.89211936663862,-10.989878279658305],[23.89275933317092,-10.989686297268586],[23.89276054153152,-10.989685978410822],[23.89333950332978,-10.989553594583127],[23.893801192931907,-10.989438671655217],[23.894358173655903,-10.989293400187247],[23.894358701725405,-10.989293270568806],[23.894911048136716,-10.989166092119058],[23.89536155769854,-10.989054946046426],[23.895881759240773,-10.988919079636686],[23.896378464576642,-10.988772708761024],[23.896869121633998,-10.988625283457939],[23.896882463898596,-10.98865629608434],[23.89639175967089,-10.988803735633393]]]]}},{"type":"Feature","properties":{"id":null,"group":null,"name":null,"settlement_id":"settlement_seshai","country_id":"country_barrel","district_id":null,"status":null,"surface":null,"access":null,"bridge":null,"tunnel":null,"oneway":null,"route_id":null,"alt_name":null,"notes":null},"geometry":{"type":"MultiPolygon","coordinates":[[[[23.89418760153827,-10.992538730413541],[23.894434605461512,-10.992464531278777],[23.89443470738432,-10.9924645009797],[23.894745708755664,-10.992373016720725],[23.895264164560924,-10.992199901085579],[23.895819378138782,-10.991987744151254],[23.895820444939886,-10.991987374004788],[23.895853372513812,-10.991977073689917],[23.89641238410845,-10.991782443455767],[23.896413084544108,-10.991782215245493],[23.89748556598243,-10.991456344033427],[23.897488980113845,-10.99145564252602],[23.89749252114184,-10.991455561324289],[23.897496053404634,-10.991456103539157],[23.897499441576226,-10.9914572483976],[23.897502555851023,-10.991458952038426],[23.897505276916778,-10.991461149192723],[23.897507500525638,-10.991463755684416],[23.897727810048675,-10.991778576196891],[23.897697393746,-10.991794732202315],[23.897485207472148,-10.991491519813241],[23.896426890660965,-10.99181308730633],[23.89586795033254,-10.992007692811782],[23.89586739461196,-10.992007876403704],[23.895834728271993,-10.99201809500489],[23.89527967795954,-10.992230189636821],[23.895278945498415,-10.992230451686975],[23.894759803646874,-10.992403796474614],[23.89475916646701,-10.992403996472017],[23.89444789506208,-10.992495560210239],[23.894200940174592,-10.992569744651512],[23.89367840870577,-10.992726590994861],[23.893665075705666,-10.992695574987055],[23.89418760153827,-10.992538730413541]]]]}},{"type":"Feature","properties":{"id":null,"group":null,"name":null,"settlement_id":"settlement_seshai","country_id":"country_barrel","district_id":null,"status":null,"surface":null,"access":null,"bridge":null,"tunnel":null,"oneway":null,"route_id":null,"alt_name":null,"notes":null},"geometry":{"type":"MultiPolygon","coordinates":[[[[23.89774521569301,-10.990155256982996],[23.8977440666057,-10.990155607028544],[23.897100062413802,-10.990329255469076],[23.89634224606934,-10.990597744542491],[23.896341309300013,-10.990598048386774],[23.896053532679442,-10.99068297468826],[23.89605312306388,-10.990683090497779],[23.895976108910958,-10.990703919283408],[23.895463886219613,-10.990852820736778],[23.894900881426707,-10.991044176658477],[23.894384090985056,-10.991220451666779],[23.893855456928698,-10.991400705916245],[23.893855170566187,-10.991400800938436],[23.89331807627769,-10.991574140528076],[23.893304017660782,-10.991543350477706],[23.893840968266137,-10.991370057339592],[23.894369457002842,-10.99118985272045],[23.894886255973233,-10.991013574880137],[23.89488627477988,-10.991013568476673],[23.895449678862313,-10.990822076927454],[23.895450466161826,-10.990821828886725],[23.895963254234335,-10.99067276315491],[23.895963591309293,-10.990672668592715],[23.896040568890797,-10.990651849709362],[23.89632766772497,-10.990567123473227],[23.897085690091966,-10.990298561521977],[23.89708705015906,-10.990298138176371],[23.897731163234788,-10.990124460471332],[23.89851283049422,-10.989858235510567],[23.898527449622712,-10.989888838904989],[23.89774521569301,-10.990155256982996]]]]}},{"type":"Feature","properties":{"id":null,"group":null,"name":null,"settlement_id":"settlement_seshai","country_id":"country_barrel","district_id":null,"status":null,"surface":null,"access":null,"bridge":null,"tunnel":null,"oneway":null,"route_id":null,"alt_name":null,"notes":null},"geometry":{"type":"MultiPolygon","coordinates":[[[[23.895459712110956,-10.99289956040332],[23.895459588917902,-10.992899170487197],[23.895254304875472,-10.992218729361145],[23.89507376068511,-10.991682359478588],[23.895073618972585,-10.991681917030935],[23.894876076304072,-10.99103228330855],[23.894876071092792,-10.991032266135376],[23.894665451219783,-10.990336749890453],[23.89434671771636,-10.989312598907556],[23.894346616835374,-10.989312261437782],[23.894219143430465,-10.988867649726968],[23.894096957034854,-10.988441483402763],[23.894096904377484,-10.988441295300087],[23.89399045700953,-10.98805164076994],[23.89388275109002,-10.987670596859381],[23.893828002348833,-10.987476899109211],[23.893827972004065,-10.987476790243662],[23.893686653787967,-10.986962578949498],[23.893686544907613,-10.986962159972599],[23.893585327740343,-10.986549006785944],[23.893470603755024,-10.986112664753222],[23.893505921431778,-10.986106988620293],[23.893620678588825,-10.9865434567334],[23.893620742744957,-10.98654370937343],[23.893721939466158,-10.986956779015278],[23.893863185273187,-10.987470726743986],[23.89391791861402,-10.987664369976105],[23.894025643152812,-10.988045479694282],[23.894025679843807,-10.988045611715016],[23.894132119537783,-10.988435238086186],[23.89425427903202,-10.988861310513002],[23.89438170398562,-10.989305753161181],[23.894700403000684,-10.990329793184081],[23.894700438376805,-10.990329908408567],[23.894911073105227,-10.991025473610653],[23.895108545674187,-10.991674876715765],[23.895289095385337,-10.992211262936124],[23.895289247113134,-10.992211738439746],[23.895494544142746,-10.992892222520815],[23.895659548402104,-10.993391811379789],[23.895624780590733,-10.993399343764391],[23.895459712110956,-10.99289956040332]]]]}},{"type":"Feature","properties":{"id":null,"group":null,"name":null,"settlement_id":"settlement_seshai","country_id":"country_barrel","district_id":null,"status":null,"surface":null,"access":null,"bridge":null,"tunnel":null,"oneway":null,"route_id":null,"alt_name":null,"notes":null},"geometry":{"type":"MultiPolygon","coordinates":[[[[23.893884187639717,-10.993526847565978],[23.893887826522384,-10.993526149356892],[23.893891592896207,-10.993526151868137],[23.894077661624255,-10.993543663612844],[23.8942871006223,-10.993502057547348],[23.894639808651473,-10.993432017688665],[23.894736783288,-10.993393575512812],[23.8947397134752,-10.993392688724121],[23.894742800973322,-10.993392280849024],[23.895004287882283,-10.993378679417598],[23.895027680367935,-10.993375058645531],[23.895030767665038,-10.993374827467166],[23.895544857301623,-10.99337640517953],[23.895545394425994,-10.993376413977485],[23.895641674676988,-10.993379271013266],[23.89573624204858,-10.993382139647139],[23.895739913230674,-10.993382585903134],[23.895743453071326,-10.993383684193343],[23.89591465840636,-10.993454238425192],[23.895901189333138,-10.99348376161728],[23.89573345676185,-10.993414638552453],[23.895642647642198,-10.993411883932309],[23.8955466427893,-10.993409035083767],[23.895034384267877,-10.99340746307074],[23.895011533313443,-10.993411000026098],[23.895009547995677,-10.993411204316446],[23.894750226129844,-10.993424693171303],[23.894654548158233,-10.993462621345166],[23.894651321042602,-10.993463569551722],[23.894296941652655,-10.993533941357251],[23.894084689310063,-10.993576106339136],[23.89408184847742,-10.993576455558173],[23.89407895475029,-10.993576390501893],[23.89389379701658,-10.993558964525384],[23.893631675989262,-10.993636440674864],[23.893618492871237,-10.993605379979806],[23.893884187639717,-10.993526847565978]]]]}},{"type":"Feature","properties":{"id":null,"group":null,"name":null,"settlement_id":"settlement_seshai","country_id":"country_barrel","district_id":null,"status":null,"surface":null,"access":null,"bridge":null,"tunnel":null,"oneway":null,"route_id":null,"alt_name":null,"notes":null},"geometry":{"type":"MultiPolygon","coordinates":[[[[23.902700054821878,-10.993234434037106],[23.90289457620909,-10.993031590623136],[23.903072838838778,-10.992813878746103],[23.90307289125341,-10.99281381508616],[23.903360627004563,-10.992466276519169],[23.90336143379022,-10.992465376928898],[23.903678579531995,-10.992138509278966],[23.90398517272559,-10.991784909192837],[23.903985383142995,-10.99178467154008],[23.90430821439467,-10.991427572851922],[23.904308442191127,-10.991427326333277],[23.904368045515653,-10.991364216006467],[23.904677031506782,-10.991036751725042],[23.904994550287565,-10.990686182474903],[23.90534001774243,-10.990293418112799],[23.90564247417859,-10.989932713321986],[23.905642915118552,-10.989932210275288],[23.905961047803455,-10.989584862663586],[23.905961269853027,-10.989584625295185],[23.906284702329433,-10.989246089166308],[23.90628485856016,-10.989245927992373],[23.906584774842322,-10.988940964972526],[23.90688275896282,-10.988614581347191],[23.906882825197876,-10.988614509261504],[23.906905686083572,-10.98858978720556],[23.906906131307945,-10.988589325323616],[23.90721402089081,-10.98828284189013],[23.907502099088287,-10.987946341519507],[23.907502137514847,-10.987946296809229],[23.907822513050697,-10.98757498652346],[23.90785171104164,-10.987595925140972],[23.907531354850857,-10.987967213091462],[23.907242897775323,-10.988304156103505],[23.90724206247895,-10.988305056322785],[23.906933963636856,-10.988611748128521],[23.906911353379694,-10.988636199157192],[23.906613209158216,-10.988962758217376],[23.906612814376977,-10.988963174801468],[23.90631277530885,-10.989268262742577],[23.905989532775095,-10.98960660013613],[23.905671736244184,-10.989953580803073],[23.905369378722497,-10.990314167714459],[23.905369143847842,-10.990314441186838],[23.90502348365958,-10.990707424758972],[23.90502333505562,-10.99070759124805],[23.904705635942246,-10.991058359682029],[23.90470542246628,-10.991058590594891],[23.904396326113897,-10.991386171912131],[23.904336830910054,-10.991449167773231],[23.904014218718917,-10.991806024230131],[23.903707447840084,-10.992159829326834],[23.903706865227758,-10.992160464347046],[23.903389841185902,-10.9924872066393],[23.903102516006797,-10.992834249382732],[23.90292390040949,-10.993052392390004],[23.902923104066677,-10.993053290483656],[23.902728116783198,-10.993256619771783],[23.90272801881433,-10.993256721007516],[23.90233819848152,-10.9936558998646],[23.902310283631632,-10.993633562480678],[23.902700054821878,-10.993234434037106]]]]}},{"type":"Feature","properties":{"id":null,"group":null,"name":null,"settlement_id":"settlement_seshai","country_id":"country_barrel","district_id":null,"status":null,"surface":null,"access":null,"bridge":null,"tunnel":null,"oneway":null,"route_id":null,"alt_name":null,"notes":null},"geometry":{"type":"MultiPolygon","coordinates":[[[[23.900609059819395,-10.995261766420304],[23.900608864457883,-10.995261865889793],[23.900310648878833,-10.995411345258127],[23.899046304602365,-10.996048278623023],[23.899046252341897,-10.99604830484029],[23.89882137401195,-10.996160646746565],[23.8988213039877,-10.996160681532483],[23.898449515198806,-10.99634433778482],[23.89844949111575,-10.996344349658369],[23.897929967829935,-10.996599991793197],[23.897925396812436,-10.996601523318379],[23.897612736279378,-10.996662749810257],[23.89761146641595,-10.996662954756486],[23.89692409141538,-10.996750629589258],[23.896921970568393,-10.996750784490736],[23.896358189490893,-10.99676173798907],[23.896257854041167,-10.996992173504276],[23.89622392512658,-10.996978732806685],[23.896328340329795,-10.996738927621024],[23.896329843845496,-10.9967362748065],[23.896331889032744,-10.996733950380289],[23.896334404238612,-10.996732035778393],[23.896337301343113,-10.996730598078656],[23.89634047884651,-10.996729687650722],[23.8963438254253,-10.996729336391308],[23.896917942565903,-10.996718182167431],[23.897603625581763,-10.996630723250814],[23.89791323388819,-10.996570094504454],[23.898430596944532,-10.996315515438091],[23.89880233867588,-10.99613188248924],[23.899027155908307,-10.99601957114049],[23.900291489837812,-10.995382643186309],[23.900291521096246,-10.995382627478824],[23.900589654276544,-10.995233189459126],[23.901065468998176,-10.994987131949603],[23.901084971778708,-10.995015658551228],[23.900609059819395,-10.995261766420304]]]]}},{"type":"Feature","properties":{"id":null,"group":null,"name":null,"settlement_id":"settlement_seshai","country_id":"country_barrel","district_id":null,"status":null,"surface":null,"access":null,"bridge":null,"tunnel":null,"oneway":null,"route_id":null,"alt_name":null,"notes":null},"geometry":{"type":"MultiPolygon","coordinates":[[[[23.898445846696625,-10.995821860659992],[23.898125093517677,-10.995517451547377],[23.898026129028427,-10.995426268329602],[23.89772675657297,-10.995180253057097],[23.897726472471682,-10.99518001496019],[23.89711378302489,-10.99465636593791],[23.897112947778822,-10.994655608056718],[23.89659245330294,-10.994154183451352],[23.8965103278842,-10.994077365810258],[23.896089591233,-10.993718194353313],[23.89603120475833,-10.993668421980978],[23.89605535308226,-10.993645395997262],[23.896113744659406,-10.993695172729005],[23.896534825314443,-10.994054637915347],[23.896535468237925,-10.994055212426845],[23.896618009034956,-10.994132418613765],[23.896618209934445,-10.994132609319463],[23.897138398972597,-10.994633739763504],[23.897750517290355,-10.995156900757554],[23.8980501649283,-10.995403142215686],[23.89805097959459,-10.995403851134526],[23.898150442602024,-10.995495493689974],[23.89815064594478,-10.995495683836522],[23.898471500784936,-10.995800189481956],[23.898824667103483,-10.996135438929288],[23.8987990106186,-10.996157107775867],[23.898445846696625,-10.995821860659992]]]]}},{"type":"Feature","properties":{"id":null,"group":null,"name":null,"settlement_id":"settlement_seshai","country_id":"country_barrel","district_id":null,"status":null,"surface":null,"access":null,"bridge":null,"tunnel":null,"oneway":null,"route_id":null,"alt_name":null,"notes":null},"geometry":{"type":"MultiPolygon","coordinates":[[[[23.89403050985583,-10.992063895478793],[23.89383062511574,-10.99138875226562],[23.893620305248987,-10.990694528947559],[23.893396830328324,-10.989969524758566],[23.893396557824822,-10.98996852349453],[23.893349973297315,-10.989771546190914],[23.893349662028527,-10.989769762212365],[23.893327071693918,-10.989570062980025],[23.893326978036917,-10.98956848491433],[23.893324738882225,-10.989164393465236],[23.893319731129118,-10.989053276650962],[23.893310002558596,-10.98884117363378],[23.89329832001224,-10.988595770968933],[23.89329102058816,-10.988443794685141],[23.893270308209807,-10.98820839297042],[23.89324886857726,-10.987965478526656],[23.89323045016748,-10.987756139225693],[23.893211762941817,-10.987544250029154],[23.89316452032402,-10.987030748064027],[23.89311354002914,-10.986618115094544],[23.893113438864038,-10.986616865040412],[23.893094939294127,-10.986134477266026],[23.893025122279376,-10.985746096393237],[23.893024947744394,-10.98574480854776],[23.892982301634397,-10.985278737785293],[23.892939440771396,-10.984895194955545],[23.892939416052755,-10.984894956383062],[23.89289167247642,-10.98439489090406],[23.892849929038675,-10.984004965652655],[23.892787963420304,-10.983538086287748],[23.892787837193517,-10.9835364318451],[23.89278549182722,-10.983418691401766],[23.89276347633522,-10.983133831771141],[23.892723617049718,-10.982648987407519],[23.892694280703815,-10.982358409958543],[23.892730444920527,-10.98235740350704],[23.89275979517327,-10.982648118485328],[23.892759820377698,-10.982648393695339],[23.89279969398346,-10.983133411794233],[23.892799699755695,-10.98313348417504],[23.892821750613894,-10.983418801114652],[23.89282179154677,-10.983419643091938],[23.89282412881909,-10.983536976742366],[23.892886009640765,-10.984003216939742],[23.89288605468628,-10.984003592687964],[23.892927827362758,-10.984393790789191],[23.892927844567993,-10.984393960694687],[23.892975584894067,-10.984893991738478],[23.8930184490423,-10.985277563708408],[23.893018479225436,-10.98527786072035],[23.893061079889847,-10.985743434449633],[23.893130966914818,-10.986132204619711],[23.893131192136185,-10.9861342730272],[23.893149707514883,-10.986617072084998],[23.893200639200703,-10.987029311358606],[23.893200689035382,-10.98702977379136],[23.89324795554016,-10.987543534974717],[23.893247960580215,-10.987543590914507],[23.893266650423513,-10.987755509607084],[23.893285068723653,-10.987964847481432],[23.893306508370944,-10.988207761880892],[23.89332724711516,-10.988443463034509],[23.893327287022558,-10.988444049833705],[23.89333460070067,-10.988596322635622],[23.893346284321325,-10.988841747415751],[23.893346285515673,-10.988841772970387],[23.893356014957845,-10.989053894610878],[23.89336103658123,-10.989165318880858],[23.893361051246558,-10.989165898153225],[23.893363287666922,-10.989569490197892],[23.893385687284734,-10.989767503360508],[23.893431942907227,-10.989963089879874],[23.893655275587335,-10.990687632500322],[23.893655297778125,-10.990687705114809],[23.893865643034527,-10.991382012139217],[23.893865671502468,-10.991382107188324],[23.89406556935652,-10.992057294595257],[23.89421179950538,-10.99255093678926],[23.894176740328618,-10.99255753884068],[23.89403050985583,-10.992063895478793]]]]}},{"type":"Feature","properties":{"id":null,"group":null,"name":null,"settlement_id":"settlement_seshai","country_id":"country_barrel","district_id":null,"status":null,"surface":null,"access":null,"bridge":null,"tunnel":null,"oneway":null,"route_id":null,"alt_name":null,"notes":null},"geometry":{"type":"MultiPolygon","coordinates":[[[[23.891980841833035,-10.981294626180182],[23.892020247522108,-10.981644292319203],[23.892020321315854,-10.981645191722455],[23.89203339595067,-10.98189945042201],[23.892057065794138,-10.982189073684541],[23.89207903755088,-10.9824155381811],[23.89210962417451,-10.982731808855341],[23.89215710778797,-10.983211408065584],[23.892195132285902,-10.983596204138292],[23.89224309561508,-10.984080768873419],[23.892243113119896,-10.984080958034564],[23.892277187241085,-10.984476721142673],[23.892334950866445,-10.98496769454746],[23.892334988294017,-10.984968049123841],[23.892369524381156,-10.985337542532958],[23.892415240720585,-10.98582578302802],[23.892452405959293,-10.986222806603609],[23.89245247026396,-10.986224162250567],[23.892453108627045,-10.986758953951954],[23.892522493895914,-10.987099774944271],[23.89252271764692,-10.987101235670037],[23.892557978726437,-10.987443162675127],[23.892558045190672,-10.987444093091327],[23.89256483441005,-10.987614882151831],[23.892622489753276,-10.988106520798013],[23.892622505722134,-10.988106662837295],[23.89266940039914,-10.98854256317877],[23.892669418030685,-10.988542736598227],[23.892703215396015,-10.988895673940164],[23.892722890464764,-10.989101123285423],[23.89273782790742,-10.989247849774424],[23.892784053868443,-10.989701058114289],[23.892848148270083,-10.990181467905513],[23.89287220497594,-10.990348222762758],[23.89299093260999,-10.99091738646713],[23.892955251293774,-10.990921520733842],[23.89283642686322,-10.990351892830892],[23.89283626271925,-10.990350961991814],[23.892812127274606,-10.990183661259804],[23.892812105300507,-10.990183502989435],[23.892747969702548,-10.989702784159677],[23.892747915575438,-10.989702324271647],[23.892701666028216,-10.989248884359867],[23.892686723663846,-10.989102109420372],[23.892686714916067,-10.989102020866774],[23.892667035614874,-10.988896527163368],[23.892633246570995,-10.988543676442365],[23.89258636888688,-10.988107933753788],[23.892528655217138,-10.987615797425109],[23.89252856591692,-10.987614659793968],[23.892521772584914,-10.987443766942569],[23.89248663507483,-10.987103037948621],[23.89241709798946,-10.986761471110672],[23.89241679622069,-10.986758515348678],[23.892416156937934,-10.986222918724208],[23.89237905529078,-10.985826574138253],[23.89233333888586,-10.985338332546656],[23.892298819060926,-10.984969012827841],[23.892241049109764,-10.984477985342533],[23.892241001981958,-10.984477522701269],[23.892206916103955,-10.984081622693708],[23.892158962047816,-10.983597151270594],[23.89212093764754,-10.983212355891864],[23.892073452535993,-10.982732741184869],[23.892073449244947,-10.98273270755411],[23.89204286168093,-10.98241642690135],[23.89202087927398,-10.982189852454185],[23.892020859213844,-10.982189627998878],[23.891997162031117,-10.981899669937121],[23.89199713240482,-10.98189922492569],[23.891984069479424,-10.981645193550275],[23.891944707029634,-10.981295910858416],[23.891944692741724,-10.981295778792093],[23.891865167528845,-10.98052874392432],[23.891901323424094,-10.980527657488128],[23.891980841833035,-10.981294626180182]]]]}},{"type":"Feature","properties":{"id":null,"group":null,"name":null,"settlement_id":"settlement_seshai","country_id":"country_barrel","district_id":null,"status":null,"surface":null,"access":null,"bridge":null,"tunnel":null,"oneway":null,"route_id":null,"alt_name":null,"notes":null},"geometry":{"type":"MultiPolygon","coordinates":[[[[23.89897834724714,-11.001186342222558],[23.898996661945297,-11.001215455540345],[23.89853779215151,-11.001431086133058],[23.898519477408527,-11.001401972765455],[23.89897834724714,-11.001186342222558]]]]}},{"type":"Feature","properties":{"id":null,"group":null,"name":null,"settlement_id":"settlement_seshai","country_id":"country_barrel","district_id":null,"status":null,"surface":null,"access":null,"bridge":null,"tunnel":null,"oneway":null,"route_id":null,"alt_name":null,"notes":null},"geometry":{"type":"MultiPolygon","coordinates":[[[[23.89826145271928,-11.001661075958895],[23.89841940445977,-11.001588083098174],[23.898419870758588,-11.001587875722105],[23.898573866709576,-11.001522024542131],[23.898591044446313,-11.001551647919793],[23.898437283562192,-11.001617398604685],[23.898279570506656,-11.001690281187441],[23.8981761024227,-11.001738134942578],[23.898157982144433,-11.001708930850127],[23.89826145271928,-11.001661075958895]]]]}},{"type":"Feature","properties":{"id":null,"group":null,"name":null,"settlement_id":"settlement_seshai","country_id":"country_barrel","district_id":null,"status":null,"surface":null,"access":null,"bridge":null,"tunnel":null,"oneway":null,"route_id":null,"alt_name":null,"notes":null},"geometry":{"type":"MultiPolygon","coordinates":[[[[23.89872845543191,-10.992966097103938],[23.898727783376835,-10.992965210590881],[23.898675256279915,-10.992891198466678],[23.89824530031297,-10.992397584374872],[23.897727362961295,-10.991834389646257],[23.897726230753307,-10.991833031361383],[23.897697756428595,-10.991795231584693],[23.89772744736615,-10.991778076814567],[23.897755392207046,-10.991815173703177],[23.89827289407016,-10.992377894961738],[23.898273223267477,-10.992378262745163],[23.898703928493223,-10.992872737087696],[23.89870502745089,-10.992874132229364],[23.898757745156978,-10.992948412933979],[23.899254397947182,-10.993562748199606],[23.899225459520018,-10.99358086684506],[23.89872845543191,-10.992966097103938]]]]}},{"type":"Feature","properties":{"id":null,"group":null,"name":null,"settlement_id":"settlement_seshai","country_id":"country_barrel","district_id":null,"status":null,"surface":null,"access":null,"bridge":null,"tunnel":null,"oneway":null,"route_id":null,"alt_name":null,"notes":null},"geometry":{"type":"MultiPolygon","coordinates":[[[[23.896046538646065,-10.995587862894386],[23.896402380892287,-10.99562231565024],[23.896449080972616,-10.995626796820252],[23.89644910270105,-10.995626798916932],[23.897023188050174,-10.995682504048446],[23.897997898556277,-10.995749133734035],[23.897998516813633,-10.995749185449153],[23.898459585283838,-10.995794809228654],[23.898457763037538,-10.995827241707435],[23.897997003478643,-10.995781648569203],[23.897022312298436,-10.995715020358702],[23.89702173280297,-10.995714972441254],[23.89644736866587,-10.99565924035007],[23.896400670731715,-10.995654759393467],[23.896044799594424,-10.995620303904763],[23.89565273413318,-10.995582237900756],[23.895654481400353,-10.995549797624635],[23.896046538646065,-10.995587862894386]]]]}},{"type":"Feature","properties":{"id":null,"group":null,"name":null,"settlement_id":"settlement_seshai","country_id":"country_barrel","district_id":null,"status":null,"surface":null,"access":null,"bridge":null,"tunnel":null,"oneway":null,"route_id":null,"alt_name":null,"notes":null},"geometry":{"type":"MultiPolygon","coordinates":[[[[23.90027598616306,-10.994569963754865],[23.900174610250414,-10.99464243094417],[23.899988632036123,-10.994779447990172],[23.899988000723898,-10.99477989067906],[23.899738798954818,-10.994946117549556],[23.899344633047374,-10.995274872383089],[23.899282169532075,-10.99535402730441],[23.89928182247967,-10.995354451097516],[23.899216156642638,-10.995431749716186],[23.899215356994702,-10.995432620646955],[23.89897472772457,-10.995675365904818],[23.898974309476344,-10.995675772372481],[23.898823553690548,-10.995816928485386],[23.89879663849856,-10.995793611727963],[23.898947181008477,-10.995652655342452],[23.899187187385714,-10.995410538509937],[23.899252293978837,-10.995333898223683],[23.899315580465373,-10.995253700437727],[23.899317828401603,-10.995251395674362],[23.89971391717065,-10.994921037151112],[23.89971531619988,-10.994919992510418],[23.89996492811092,-10.994753492102058],[23.90015069146138,-10.994616633388246],[23.900150882052465,-10.994616495072458],[23.900252356152016,-10.994543957713642],[23.900647596710705,-10.99426163093046],[23.900671219770572,-10.994287641867682],[23.90027598616306,-10.994569963754865]]]]}},{"type":"Feature","properties":{"id":null,"group":null,"name":null,"settlement_id":"settlement_seshai","country_id":"country_barrel","district_id":null,"status":null,"surface":null,"access":null,"bridge":null,"tunnel":null,"oneway":null,"route_id":null,"alt_name":null,"notes":null},"geometry":{"type":"MultiPolygon","coordinates":[[[[23.896799533113402,-10.997072255115432],[23.896849001034976,-10.997039132988814],[23.89686050388084,-10.99702465497354],[23.896902434486712,-10.996731756733613],[23.896951934535373,-10.99622947129782],[23.89700451751246,-10.995696351056061],[23.897057051311716,-10.995162926502243],[23.8971077867192,-10.994642483007333],[23.89710832483967,-10.99463974946641],[23.897109383375856,-10.994637167727397],[23.897110930940475,-10.994634814342882],[23.897489281933797,-10.994163396272457],[23.89748998195545,-10.994162584392644],[23.89766800296682,-10.99397016903907],[23.897668598099152,-10.99396956022864],[23.898061188708308,-10.99358931219307],[23.89806269501378,-10.993588025352476],[23.898112820038765,-10.993550283436473],[23.898137106741537,-10.993575807813123],[23.898087779972844,-10.99361294868655],[23.89769620422845,-10.993992213851643],[23.897518837056552,-10.994183922541634],[23.89714354879601,-10.994651524603581],[23.89709322898733,-10.99516770552082],[23.89704069304288,-10.9957011524636],[23.896988109969534,-10.996234274216052],[23.896938578982276,-10.996736874102345],[23.896938503129828,-10.996737502126646],[23.89689597495665,-10.997034574808973],[23.8968949367158,-10.99703824473003],[23.896892954585777,-10.997041542122354],[23.896877474722118,-10.997061025800992],[23.89687388287601,-10.997064319970223],[23.89682204086447,-10.997099031719616],[23.896821448003603,-10.997099410861422],[23.896597053842275,-10.99723638131739],[23.896575440081147,-10.997209041724885],[23.896799533113402,-10.997072255115432]]]]}},{"type":"Feature","properties":{"id":null,"group":null,"name":null,"settlement_id":"settlement_seshai","country_id":"country_barrel","district_id":null,"status":null,"surface":null,"access":null,"bridge":null,"tunnel":null,"oneway":null,"route_id":null,"alt_name":null,"notes":null},"geometry":{"type":"MultiPolygon","coordinates":[[[[23.899950649234054,-10.993607464123674],[23.89968521169682,-10.993857814280691],[23.8994706187049,-10.994070960604782],[23.899193529095765,-10.994371232202186],[23.898965693009647,-10.994618078185729],[23.898965539867085,-10.994618241707991],[23.898789678393456,-10.994803314947402],[23.8984773746272,-10.99513191496285],[23.898315486836957,-10.995328917703688],[23.89831522698005,-10.995329225519978],[23.898152394148138,-10.995517018040005],[23.898123244427897,-10.99549602159405],[23.898285945185666,-10.995308381436008],[23.898448054865316,-10.995111108722565],[23.898448786293073,-10.995110281541711],[23.89876147042169,-10.994781281390658],[23.898937254213312,-10.994596289944464],[23.899165012772823,-10.99434952801285],[23.89944233018802,-10.994049009619927],[23.89944279833459,-10.994048523991339],[23.899657774765647,-10.99383499686178],[23.8996580658609,-10.993834715121574],[23.899924004399967,-10.993583892497595],[23.89992473340617,-10.993583246136373],[23.900197307646817,-10.993356067911092],[23.90022284779511,-10.993380598957229],[23.899950649234054,-10.993607464123674]]]]}},{"type":"Feature","properties":{"id":null,"group":null,"name":null,"settlement_id":"settlement_seshai","country_id":"country_barrel","district_id":null,"status":null,"surface":null,"access":null,"bridge":null,"tunnel":null,"oneway":null,"route_id":null,"alt_name":null,"notes":null},"geometry":{"type":"MultiPolygon","coordinates":[[[[23.899106944558245,-10.990499436814748],[23.899383735160125,-10.990770453821431],[23.899536799271953,-10.990897888416423],[23.8995369093552,-10.990897980766857],[23.899728502154442,-10.99105993740258],[23.89972964209394,-10.99106098351626],[23.900054818159777,-10.991384993379256],[23.900412381615727,-10.991716540302662],[23.900753454857742,-10.992032796208113],[23.90075388965318,-10.992033212496143],[23.901075918744272,-10.992351597173688],[23.90139565784548,-10.99266614441759],[23.901395946569195,-10.992666434756856],[23.902337339791906,-10.993634153700558],[23.902676169261955,-10.993955802407873],[23.90267640296852,-10.993956028140174],[23.90301376361012,-10.994287578348366],[23.90334512532759,-10.994613241490047],[23.903407100440383,-10.994674176017991],[23.90344004429876,-10.994706545600899],[23.90344088999297,-10.99470743332364],[23.903605320090463,-10.994891960541013],[23.903950109601567,-10.995278750450245],[23.904150689538127,-10.99548984477875],[23.904383889853957,-10.995711441527746],[23.904386086985713,-10.995713944755622],[23.90438774164816,-10.9957167483692],[23.90440982465057,-10.995764113236177],[23.904376450292173,-10.995775154161537],[23.90435574573118,-10.995730745854368],[23.904124672704267,-10.995511170574801],[23.904123999795285,-10.995510497747196],[23.903922891167237,-10.995298847044149],[23.903922495230702,-10.995298416878216],[23.903577510395845,-10.994911407903151],[23.903413483531494,-10.994727333228584],[23.90338097668224,-10.994695393041837],[23.9033189992288,-10.994634456223169],[23.90298763917979,-10.994308794773564],[23.902650394352804,-10.993977358439007],[23.902311412539422,-10.993655565166069],[23.902310883680173,-10.993655042777997],[23.90136937421687,-10.992687204493112],[23.901049764593623,-10.992372784674592],[23.90104973144925,-10.992372751986991],[23.900727899420765,-10.992054562193438],[23.900387047270236,-10.991738511346725],[23.900029235958165,-10.99140673465837],[23.900028749680978,-10.991406267268252],[23.899703881121155,-10.991082563862417],[23.899512937046985,-10.990921155635942],[23.899359338201908,-10.990793275869926],[23.899358204497478,-10.99079225229011],[23.89907797992388,-10.990517872978042],[23.899075490607558,-10.990514846728379],[23.89907378278392,-10.990511437609895],[23.899022182551704,-10.990369091554873],[23.899056651319125,-10.990360696276381],[23.899106944558245,-10.990499436814748]]]]}},{"type":"Feature","properties":{"id":null,"group":null,"name":null,"settlement_id":"settlement_seshai","country_id":"country_barrel","district_id":null,"status":null,"surface":null,"access":null,"bridge":null,"tunnel":null,"oneway":null,"route_id":null,"alt_name":null,"notes":null},"geometry":{"type":"MultiPolygon","coordinates":[[[[23.89888166431757,-10.99770068874279],[23.898933897875917,-10.997644864552225],[23.89894586687099,-10.997602576200741],[23.89895163064572,-10.997582199032777],[23.89894348392718,-10.997525586394286],[23.89842319951806,-10.996335088528578],[23.89845690058642,-10.996324770641985],[23.89897804317348,-10.9975172320816],[23.898979198565424,-10.997521260817976],[23.898988085877313,-10.997583019906845],[23.8989882072892,-10.997586067323045],[23.898987695898498,-10.997589047815021],[23.898981098395897,-10.99761237254128],[23.898968168729088,-10.99765805512024],[23.89896682719378,-10.997661255862575],[23.898964739511126,-10.997664085193321],[23.898907985361678,-10.997724740742518],[23.8989057403026,-10.997726723092553],[23.898903113514777,-10.997728292663796],[23.8979671800953,-10.998179489605574],[23.897948551555903,-10.998150525756044],[23.89888166431757,-10.99770068874279]]]]}},{"type":"Feature","properties":{"id":null,"group":null,"name":null,"settlement_id":"settlement_seshai","country_id":"country_barrel","district_id":null,"status":null,"surface":null,"access":null,"bridge":null,"tunnel":null,"oneway":null,"route_id":null,"alt_name":null,"notes":null},"geometry":{"type":"MultiPolygon","coordinates":[[[[23.899654157434107,-10.993194848951726],[23.89925358496069,-10.993583276457677],[23.899252591487826,-10.99358416176327],[23.89913345039846,-10.993681724024333],[23.898638442245133,-10.994206731296268],[23.89827238730042,-10.99459490194104],[23.898107244282613,-10.99477741550517],[23.89792112709848,-10.994988555215148],[23.897753055046017,-10.995179113500452],[23.897750741175948,-10.995181255725733],[23.897747993667945,-10.995182944304958],[23.897744910372833,-10.9951841191004],[23.8976444751739,-10.995212304572794],[23.897641841041025,-10.995212845608387],[23.89763912228131,-10.995213018531947],[23.89747128902247,-10.995212212934678],[23.89746982130823,-10.995212152593929],[23.89707466428612,-10.995181574342043],[23.897074361816347,-10.995181548672983],[23.89663425592621,-10.995140904204971],[23.89645619550934,-10.995124466045224],[23.89640905990729,-10.995120114361841],[23.896110956238466,-10.995092625738357],[23.89594747314401,-10.995077546973159],[23.89594902443723,-10.995045088181596],[23.896112506844883,-10.995060166909548],[23.896410611375863,-10.995087655660093],[23.89645775021763,-10.995092007649967],[23.896635810913793,-10.995108445863911],[23.897075766597435,-10.99514907653036],[23.89747003802722,-10.995179586315633],[23.897634376280227,-10.995180375162573],[23.897727263556124,-10.995154307903103],[23.897892143202316,-10.994967369182834],[23.89807832474498,-10.994756156510265],[23.898078457344994,-10.994756008038115],[23.89824377364563,-10.994573303006343],[23.898243989097928,-10.994573069772857],[23.898610151689756,-10.994184785065885],[23.899105851339357,-10.993659044513954],[23.89910733402244,-10.993657663144091],[23.89922674842996,-10.993559877090656],[23.899626844764114,-10.99317191137827],[23.899971685921955,-10.992837517407038],[23.89999899853927,-10.99286045495482],[23.899654157434107,-10.993194848951726]]]]}},{"type":"Feature","properties":{"id":null,"group":null,"name":null,"settlement_id":"settlement_seshai","country_id":"country_barrel","district_id":null,"status":null,"surface":null,"access":null,"bridge":null,"tunnel":null,"oneway":null,"route_id":null,"alt_name":null,"notes":null},"geometry":{"type":"MultiPolygon","coordinates":[[[[23.895520678883408,-10.995767184876328],[23.89560133426262,-10.995619496732047],[23.895601544570432,-10.995619124682515],[23.89563741958833,-10.995557768875454],[23.895932057972768,-10.995053073276914],[23.895956869153796,-10.995010569546887],[23.896218957436954,-10.994539334934117],[23.896345717206756,-10.994276551360368],[23.896347122358137,-10.994274221213537],[23.89650741547962,-10.994056582416587],[23.896538066482265,-10.994075701960748],[23.8963785882063,-10.99429223444658],[23.89625223546214,-10.994554174302134],[23.89625184636137,-10.994554924349329],[23.895989478520036,-10.995026661732082],[23.895989327816647,-10.995026926178543],[23.895964439740286,-10.995069561648076],[23.89566979846033,-10.995574262337733],[23.89563402386228,-10.995635446422648],[23.895553169483915,-10.995783498995335],[23.895552518761924,-10.995784577577615],[23.895417140427377,-10.99598869616398],[23.895385649847782,-10.995970776753179],[23.895520678883408,-10.995767184876328]]]]}},{"type":"Feature","properties":{"id":null,"group":null,"name":null,"settlement_id":"settlement_seshai","country_id":"country_barrel","district_id":null,"status":null,"surface":null,"access":null,"bridge":null,"tunnel":null,"oneway":null,"route_id":null,"alt_name":null,"notes":null},"geometry":{"type":"MultiPolygon","coordinates":[[[[23.898414158330915,-11.001211268898325],[23.898385392040606,-11.001194974228964],[23.8983575140009,-11.00119226497888],[23.898322532691576,-11.001209167661314],[23.8983005110197,-11.001235131126345],[23.898301931987405,-11.001268747703246],[23.89844531549194,-11.001597540496018],[23.898411603772217,-11.001607834345611],[23.89826705088005,-11.001276360002974],[23.89826614593632,-11.001273642334397],[23.898265762090823,-11.00127085339267],[23.898263982883247,-11.001228761650971],[23.898264277371272,-11.00122517424992],[23.898265450365805,-11.001221781108455],[23.89826744413718,-11.001218749222026],[23.898295344032856,-11.001185855361289],[23.898297774316557,-11.001183548258982],[23.898300698721762,-11.001181752462514],[23.898343571328827,-11.001161036776365],[23.89834678246176,-11.001159848357592],[23.898350227676584,-11.001159259283108],[23.898353775146077,-11.001159292093156],[23.89839149375395,-11.00116295767766],[23.89839570101351,-11.001163816510246],[23.898399627757694,-11.001165523168863],[23.898437473231944,-11.001186960749623],[23.898440643863918,-11.0011891929659],[23.898443248006902,-11.001191956428533],[23.89844516454023,-11.001195122606783],[23.898545335190025,-11.001411037064408],[23.898511934367324,-11.001422021836099],[23.898414158330915,-11.001211268898325]]]]}},{"type":"Feature","properties":{"id":null,"group":null,"name":null,"settlement_id":"settlement_seshai","country_id":"country_barrel","district_id":null,"status":null,"surface":null,"access":null,"bridge":null,"tunnel":null,"oneway":null,"route_id":null,"alt_name":null,"notes":null},"geometry":{"type":"MultiPolygon","coordinates":[[[[23.900643361392866,-10.99428139241857],[23.900642892911392,-10.99428051428534],[23.90019356364013,-10.993374213835759],[23.90015124439196,-10.99328892881831],[23.900150816048715,-10.993287993215576],[23.89996853660183,-10.992854256012812],[23.89972842851474,-10.99234523215136],[23.89967615979671,-10.992265578621325],[23.899469915103143,-10.992082757895695],[23.89935937788567,-10.992002128068501],[23.899356935833822,-10.992000010792557],[23.898890004132536,-10.991519367504036],[23.89888927513613,-10.991518571745281],[23.89844911428898,-10.99100869727571],[23.898477304627882,-10.990989683151385],[23.89891711384347,-10.99149915036212],[23.89938254786826,-10.991978252070556],[23.89949250821285,-10.99205846112324],[23.899493936918734,-10.992059610598552],[23.899702705094374,-10.992244668237142],[23.89970585247181,-10.992248291677765],[23.899760083562104,-10.992330935719131],[23.899761239141554,-10.992332995180426],[23.900001997874,-10.992843398392074],[23.90000228338483,-10.992844038843327],[23.900184499639447,-10.99327762566365],[23.90022659051982,-10.99336245045562],[23.900675703211665,-10.994268314061333],[23.90109126720156,-10.994994639187187],[23.901059173572783,-10.99500815131587],[23.900643361392866,-10.99428139241857]]]]}},{"type":"Feature","properties":{"id":null,"group":null,"name":null,"settlement_id":"settlement_seshai","country_id":"country_barrel","district_id":null,"status":null,"surface":null,"access":null,"bridge":null,"tunnel":null,"oneway":null,"route_id":null,"alt_name":null,"notes":null},"geometry":{"type":"MultiPolygon","coordinates":[[[[23.89938857702399,-11.024128988454486],[23.899388514020778,-11.024127916770805],[23.899380872041753,-11.023784718345754],[23.899319196858816,-11.023438802299745],[23.899319099765254,-11.023438183832898],[23.899276955487785,-11.023127733632933],[23.899197372174708,-11.02276506729633],[23.899018926508912,-11.021952067759601],[23.898946702092537,-11.021752255634995],[23.898869765582102,-11.021585630708186],[23.898806819195617,-11.021473110946378],[23.898806247826155,-11.021471993097922],[23.898745570241992,-11.021341291859681],[23.898744242369894,-11.02133677840474],[23.898734854498873,-11.021266616957401],[23.8987347349535,-11.021264072327874],[23.898737240562355,-11.021201569942574],[23.89874351064727,-11.021003991746142],[23.898743676694444,-11.021002218186272],[23.898761598806185,-11.020887702421888],[23.898761983570342,-11.02088596157493],[23.898830059692674,-11.020649102498616],[23.898850328367942,-11.020470977665948],[23.89888646017645,-11.020476214474163],[23.898866056139568,-11.020655529056805],[23.89886559068306,-11.020657867266182],[23.89879743111583,-11.020895016763843],[23.89877978487291,-11.02100776990266],[23.89877354125063,-11.02120451482748],[23.89877353690077,-11.021204635960833],[23.89877107980383,-11.021265928348333],[23.89877998642753,-11.021332493100214],[23.8988393835943,-11.02146043627712],[23.89890233836402,-11.021572971025194],[23.898902924027073,-11.021574119742015],[23.89898042198767,-11.021741960622983],[23.898980948926756,-11.021743242841897],[23.899053758130478,-11.021944672787935],[23.899054326119582,-11.021946634074041],[23.899232989763803,-11.02276062652719],[23.899312705654143,-11.023123896925135],[23.899312920377685,-11.02312510703926],[23.89935510506717,-11.023435854778386],[23.899416928279578,-11.023782600932698],[23.89941715681163,-11.023784883572485],[23.899424812354194,-11.024128689941236],[23.899449774893267,-11.02439064478592],[23.899413590620934,-11.024391479314236],[23.89938857702399,-11.024128988454486]]]]}},{"type":"Feature","properties":{"id":null,"group":null,"name":null,"settlement_id":"settlement_seshai","country_id":"country_barrel","district_id":null,"status":null,"surface":null,"access":null,"bridge":null,"tunnel":null,"oneway":null,"route_id":null,"alt_name":null,"notes":null},"geometry":{"type":"MultiPolygon","coordinates":[[[[23.90125523292747,-11.02070053746294],[23.901030869507995,-11.020732203297161],[23.90091368012541,-11.020755915541907],[23.900911749005047,-11.020756205545304],[23.900736462460937,-11.020773609245463],[23.900732511449956,-11.02077360903118],[23.900728602836164,-11.020772838258441],[23.90064202655743,-11.020746879661257],[23.900641514004118,-11.020746718687022],[23.90056350192492,-11.020721098457129],[23.900560551024988,-11.020719867589749],[23.900481794566705,-11.02067951488059],[23.90048059908674,-11.02067885029649],[23.900329789076412,-11.020588163003135],[23.900218967153446,-11.020551926962455],[23.900042173767005,-11.020540518771687],[23.899678999150595,-11.020546157725171],[23.899677281635288,-11.02054611126184],[23.898868477784838,-11.020489889950223],[23.89800071103735,-11.020463707026531],[23.897998181603157,-11.020463472353386],[23.897955448039884,-11.020456816150956],[23.897454194195934,-11.020411197273326],[23.896854309181688,-11.02037027986568],[23.89685488585216,-11.020337743517457],[23.897455001428064,-11.020378676746382],[23.897455462484192,-11.02037871344882],[23.89795759778048,-11.020424412626953],[23.897958896285182,-11.02042457272637],[23.898001016402787,-11.02043113338513],[23.89886791265434,-11.02045729017862],[23.898868708949912,-11.020457329869513],[23.899677050942152,-11.020513519205341],[23.90004017515425,-11.020507881090408],[23.900041791823785,-11.020507920794945],[23.90022198794498,-11.020519548586963],[23.900227062187117,-11.020520527154254],[23.900342569821667,-11.020558295327007],[23.90034674170781,-11.020560199143382],[23.900498933745634,-11.02065171752625],[23.90057565694556,-11.020691028461641],[23.900651885804695,-11.020716063070518],[23.900734317803217,-11.02074077908205],[23.90090465405337,-11.020723866908249],[23.901021450190683,-11.020700234250706],[23.90102257992589,-11.020700040510434],[23.90124767389458,-11.020668271602883],[23.90124799675965,-11.020668228783435],[23.901724212194573,-11.020609110166413],[23.901731286633968,-11.020641438851733],[23.90125523292747,-11.02070053746294]]]]}},{"type":"Feature","properties":{"id":null,"group":null,"name":null,"settlement_id":"settlement_seshai","country_id":"country_barrel","district_id":null,"status":null,"surface":null,"access":null,"bridge":null,"tunnel":null,"oneway":null,"route_id":null,"alt_name":null,"notes":null},"geometry":{"type":"MultiPolygon","coordinates":[[[[23.898493666138492,-11.020858286006787],[23.898490965087753,-11.02085763288514],[23.89814354190026,-11.020748435668883],[23.898143068588325,-11.020748280606771],[23.898029930767155,-11.02070969764586],[23.898028259128534,-11.020709044916615],[23.897989102320093,-11.020691746230316],[23.89798582334973,-11.02068991706508],[23.897982994222737,-11.020687541794263],[23.897980736306753,-11.020684722315353],[23.897979146464806,-11.020681579582023],[23.897978292900046,-11.020678248415404],[23.89797821222976,-11.020674871720233],[23.897981908021432,-11.02063488572876],[23.89798207085849,-11.020446408464325],[23.89801838803749,-11.02044839367092],[23.898018224643966,-11.020637535065596],[23.898018163192685,-11.02063885788833],[23.89801547777653,-11.020667912305276],[23.898041852857197,-11.020679564286294],[23.898153903733814,-11.020717776589603],[23.898499760259945,-11.020826481454193],[23.898781945052903,-11.020874898191568],[23.898777223044178,-11.020906938122785],[23.898493666138492,-11.020858286006787]]]]}},{"type":"Feature","properties":{"id":null,"group":null,"name":null,"settlement_id":"settlement_seshai","country_id":"country_barrel","district_id":null,"status":null,"surface":null,"access":null,"bridge":null,"tunnel":null,"oneway":null,"route_id":null,"alt_name":null,"notes":null},"geometry":{"type":"MultiPolygon","coordinates":[[[[23.89810288728319,-11.018033957583011],[23.898102871045307,-11.018034405838756],[23.898065878312767,-11.018749909087262],[23.898065875243837,-11.018749966259577],[23.8980261071272,-11.019464491121186],[23.89802610192615,-11.019464579686199],[23.897999293364318,-11.019898390160606],[23.897974992540217,-11.02044227367417],[23.897938704331082,-11.020439014354931],[23.897963010731964,-11.019895007167232],[23.89796302387829,-11.019894760205947],[23.897989837374322,-11.019460870549],[23.898029601509048,-11.018746418443435],[23.898066581263105,-11.01803116750648],[23.898079283455214,-11.017420093565132],[23.89811559408199,-11.017422659331002],[23.89810288728319,-11.018033957583011]]]]}},{"type":"Feature","properties":{"id":null,"group":null,"name":null,"settlement_id":"settlement_seshai","country_id":"country_barrel","district_id":null,"status":null,"surface":null,"access":null,"bridge":null,"tunnel":null,"oneway":null,"route_id":null,"alt_name":null,"notes":null},"geometry":{"type":"MultiPolygon","coordinates":[[[[23.899551361725432,-11.014159620646968],[23.90002761368285,-11.014006482708059],[23.900041638927544,-11.014037283576776],[23.899565384570916,-11.01419042235805],[23.89947118542844,-11.01422068333379],[23.899457169827855,-11.014189879280554],[23.899551361725432,-11.014159620646968]]]]}},{"type":"Feature","properties":{"id":null,"group":null,"name":null,"settlement_id":"settlement_seshai","country_id":"country_barrel","district_id":null,"status":null,"surface":null,"access":null,"bridge":null,"tunnel":null,"oneway":null,"route_id":null,"alt_name":null,"notes":null},"geometry":{"type":"MultiPolygon","coordinates":[[[[23.900227765557897,-11.014398646110358],[23.900223591889905,-11.014399431942598],[23.900219270037926,-11.014399296261923],[23.90018993703455,-11.014395228709217],[23.900186774724254,-11.014394533654027],[23.90018376516516,-11.014393354740417],[23.90014141252608,-11.014372774793742],[23.90013841606332,-11.01437098196819],[23.900135824875147,-11.014368725048447],[23.900133735517596,-11.01436608813465],[23.900102874394605,-11.014318450003818],[23.900100873881897,-11.014314098340499],[23.900053807718784,-11.014151631486099],[23.90001707180882,-11.014025100914159],[23.900017006181795,-11.014024868148429],[23.899980454858433,-11.013891264541892],[23.899883304476017,-11.013535680109216],[23.89991854749738,-11.013529720345167],[23.900015695799233,-11.013885297102348],[23.900052214540803,-11.014018781591265],[23.90008891798865,-11.014145200332672],[23.900135325797862,-11.014305394599278],[23.900162053630748,-11.014346652466312],[23.900196592248246,-11.014363435438193],[23.90021828724145,-11.014366443845873],[23.900377607832723,-11.01431744996545],[23.900391183556938,-11.01434839218004],[23.900227765557897,-11.014398646110358]]]]}},{"type":"Feature","properties":{"id":null,"group":null,"name":null,"settlement_id":"settlement_seshai","country_id":"country_barrel","district_id":null,"status":null,"surface":null,"access":null,"bridge":null,"tunnel":null,"oneway":null,"route_id":null,"alt_name":null,"notes":null},"geometry":{"type":"MultiPolygon","coordinates":[[[[23.89320038025814,-11.010712100965756],[23.89319613391636,-11.010712784620942],[23.89319176742646,-11.01071252618997],[23.893138216850744,-11.010703535300431],[23.893137596858264,-11.010703421436762],[23.893065879813374,-11.010689114587018],[23.893061525571778,-11.010687730511002],[23.893050115221122,-11.010682648787418],[23.893050040965157,-11.010682615539501],[23.892944032955803,-11.0106348971636],[23.892958707576106,-11.010605893886002],[23.893064678475987,-11.010653595575866],[23.893073955243935,-11.01065772708688],[23.89314310523258,-11.01067152184519],[23.89319191668038,-11.010679717065651],[23.893275365838125,-11.010656409766417],[23.893288013891972,-11.0106876249315],[23.89320038025814,-11.010712100965756]]]]}},{"type":"Feature","properties":{"id":null,"group":null,"name":null,"settlement_id":"settlement_seshai","country_id":"country_barrel","district_id":null,"status":null,"surface":null,"access":null,"bridge":null,"tunnel":null,"oneway":null,"route_id":null,"alt_name":null,"notes":null},"geometry":{"type":"MultiPolygon","coordinates":[[[[23.902269163007546,-11.001896397679781],[23.902272593644803,-11.001898144546148],[23.902334728091606,-11.001937677345087],[23.90241076593664,-11.001951861847157],[23.902480629580246,-11.001930948670845],[23.90248502634407,-11.001930179096146],[23.902554793541917,-11.001926100143347],[23.902558423256465,-11.001926216051476],[23.902561998102932,-11.001926978288289],[23.902641329000833,-11.001951402414806],[23.902644439168412,-11.001952645130958],[23.90264727783486,-11.001954364986887],[23.90264974934743,-11.001956504029652],[23.902651770425088,-11.001958990181265],[23.90265327296487,-11.001961739667415],[23.902832858294012,-11.002379727329199],[23.902899305168436,-11.002436429612965],[23.90293535707996,-11.002450954808886],[23.902971546339728,-11.002454801843525],[23.903047316083285,-11.00241724273755],[23.90306629100968,-11.002446036939345],[23.902985663082344,-11.002486004263295],[23.902982351912986,-11.002487254533806],[23.90297878782049,-11.002487864035114],[23.902975116756462,-11.002487807807709],[23.90293038158555,-11.00248305232253],[23.902927571596244,-11.002482554584818],[23.90292485600966,-11.00248167368445],[23.902883083821422,-11.002464843815112],[23.902880184414716,-11.00246339810269],[23.902877586269632,-11.002461527481728],[23.902805470144788,-11.002399987367973],[23.902802661438923,-11.002396998426743],[23.902800661076398,-11.002393547153297],[23.902622788402223,-11.001979545778667],[23.90255565072368,-11.001958875669636],[23.902491810286893,-11.001962608122946],[23.9024195616985,-11.001984235226471],[23.9024165362186,-11.001984876561059],[23.902413401141118,-11.001985030042855],[23.902410251153945,-11.00198469103629],[23.902325501772197,-11.001968881452054],[23.90232173873437,-11.001967802108247],[23.90231826999497,-11.0019660402308],[23.902254439946915,-11.001925428624991],[23.902141043425445,-11.001880616243325],[23.90215395841568,-11.00185087076009],[23.902269163007546,-11.001896397679781]]]]}},{"type":"Feature","properties":{"id":null,"group":null,"name":"Rua 14 de Abril","settlement_id":"settlement_seshai","country_id":"country_barrel","district_id":null,"status":null,"surface":null,"access":null,"bridge":null,"tunnel":null,"oneway":null,"route_id":null,"alt_name":null,"notes":null},"geometry":{"type":"MultiPolygon","coordinates":[[[[23.897327658784963,-11.014119383910819],[23.897327622299734,-11.014119302255008],[23.896096464195047,-11.011343418563598],[23.895610547058347,-11.01027832228392],[23.89561049792689,-11.01027821354209],[23.895142215971326,-11.009231602224558],[23.894808106198703,-11.008497562587182],[23.894406854462535,-11.007616637288699],[23.89399710363558,-11.006740961075431],[23.893996995296558,-11.006740724682032],[23.893687077004994,-11.006050064460828],[23.89325053597055,-11.005100964492849],[23.893167389932742,-11.004920401626757],[23.893167333308465,-11.004920277298309],[23.892830105620767,-11.004171564154877],[23.892716874523437,-11.003920265213297],[23.892133330057565,-11.002622702200922],[23.8917150201705,-11.001740365290777],[23.891714829966578,-11.001739949214334],[23.891314401193693,-11.000830588896912],[23.89134806608006,-11.000820187729097],[23.891748402764218,-11.00172933888664],[23.892166685195214,-11.002611617864389],[23.892166823534573,-11.002611917387942],[23.89275042840682,-11.003909614693146],[23.89286365763782,-11.004160909485135],[23.893200858740265,-11.004909563581812],[23.893283977701433,-11.005090067642781],[23.893720555148033,-11.006039246747546],[23.89372061825775,-11.006039385654097],[23.89403051454577,-11.006729996820539],[23.894440245883352,-11.007605631362761],[23.894440316491444,-11.007605784294785],[23.8948416040124,-11.008486788133808],[23.895175738403598,-11.009220881836137],[23.8951757817579,-11.00922097790335],[23.8956440608171,-11.010267582715938],[23.89612998907972,-11.011332703352144],[23.896130060115244,-11.011332861260694],[23.897361235035085,-11.014108782775613],[23.898099258199775,-11.015748421118172],[23.898065700395033,-11.015759063283575],[23.897327658784963,-11.014119383910819]]]]}},{"type":"Feature","properties":{"id":null,"group":null,"name":null,"settlement_id":"settlement_seshai","country_id":"country_barrel","district_id":null,"status":null,"surface":null,"access":null,"bridge":null,"tunnel":null,"oneway":null,"route_id":null,"alt_name":null,"notes":null},"geometry":{"type":"MultiPolygon","coordinates":[[[[23.89666397209667,-10.994590284289423],[23.896700174458317,-10.994594797408539],[23.896653134806733,-10.995126931565686],[23.896616932385317,-10.995122418535201],[23.89666397209667,-10.994590284289423]]]]}},{"type":"Feature","properties":{"id":null,"group":null,"name":null,"settlement_id":"settlement_seshai","country_id":"country_barrel","district_id":null,"status":null,"surface":null,"access":null,"bridge":null,"tunnel":null,"oneway":null,"route_id":null,"alt_name":null,"notes":null},"geometry":{"type":"MultiPolygon","coordinates":[[[[23.895171601727192,-10.99717324077261],[23.895171327208725,-10.997173396114311],[23.894856252368516,-10.997347875316214],[23.894580211791446,-10.997539978410959],[23.89457928314299,-10.99754057992977],[23.893314496207235,-10.998301904700854],[23.89329306149418,-10.998274456116551],[23.894557372480637,-10.997513418045006],[23.894833663551022,-10.997321140675941],[23.89483512508655,-10.997320231391141],[23.895150820396363,-10.99714540864133],[23.895710790955413,-10.996821677000739],[23.895731708600955,-10.99684943023399],[23.895171601727192,-10.99717324077261]]]]}},{"type":"Feature","properties":{"id":null,"group":null,"name":null,"settlement_id":"settlement_seshai","country_id":"country_barrel","district_id":null,"status":null,"surface":null,"access":null,"bridge":null,"tunnel":null,"oneway":null,"route_id":null,"alt_name":null,"notes":null},"geometry":{"type":"MultiPolygon","coordinates":[[[[23.891813086409712,-10.997474600584287],[23.891830921903544,-10.997503935367204],[23.890975889323116,-10.997890259254685],[23.89095805375061,-10.997860924376122],[23.891813086409712,-10.997474600584287]]]]}},{"type":"Feature","properties":{"id":null,"group":null,"name":null,"settlement_id":"settlement_seshai","country_id":"country_barrel","district_id":null,"status":null,"surface":null,"access":null,"bridge":null,"tunnel":null,"oneway":null,"route_id":null,"alt_name":null,"notes":null},"geometry":{"type":"MultiPolygon","coordinates":[[[[23.89643584888167,-10.994567054050343],[23.896472065585062,-10.99457139931208],[23.89642794458302,-10.995106057648615],[23.896391727820404,-10.995101712476139],[23.89643584888167,-10.994567054050343]]]]}},{"type":"Feature","properties":{"id":null,"group":null,"name":null,"settlement_id":"settlement_seshai","country_id":"country_barrel","district_id":null,"status":null,"surface":null,"access":null,"bridge":null,"tunnel":null,"oneway":null,"route_id":null,"alt_name":null,"notes":null},"geometry":{"type":"MultiPolygon","coordinates":[[[[23.899960222635332,-10.99477268509908],[23.899993027894013,-10.994760483100851],[23.900317479773204,-10.995390889247222],[23.900284674559707,-10.995403091331157],[23.899960222635332,-10.99477268509908]]]]}},{"type":"Feature","properties":{"id":null,"group":null,"name":null,"settlement_id":"settlement_seshai","country_id":"country_barrel","district_id":null,"status":null,"surface":null,"access":null,"bridge":null,"tunnel":null,"oneway":null,"route_id":null,"alt_name":null,"notes":null},"geometry":{"type":"MultiPolygon","coordinates":[[[[23.899105902390268,-10.99367952527699],[23.899134091182837,-10.993660509502693],[23.899470682954615,-10.99405035351814],[23.89944249422728,-10.994069369320236],[23.899105902390268,-10.99367952527699]]]]}},{"type":"Feature","properties":{"id":null,"group":null,"name":null,"settlement_id":"settlement_seshai","country_id":"country_barrel","district_id":null,"status":null,"surface":null,"access":null,"bridge":null,"tunnel":null,"oneway":null,"route_id":null,"alt_name":null,"notes":null},"geometry":{"type":"MultiPolygon","coordinates":[[[[23.89844916084482,-10.995131217914741],[23.898476618230685,-10.995111380361916],[23.898974580540283,-10.995654195203095],[23.898947123252267,-10.995674032788527],[23.89844916084482,-10.995131217914741]]]]}},{"type":"Feature","properties":{"id":null,"group":null,"name":null,"settlement_id":"settlement_seshai","country_id":"country_barrel","district_id":null,"status":null,"surface":null,"access":null,"bridge":null,"tunnel":null,"oneway":null,"route_id":null,"alt_name":null,"notes":null},"geometry":{"type":"MultiPolygon","coordinates":[[[[23.89766877195116,-10.993991224537027],[23.897695723657673,-10.993970846621497],[23.898271609478176,-10.994573854695377],[23.898244657885616,-10.994594232642314],[23.89766877195116,-10.993991224537027]]]]}},{"type":"Feature","properties":{"id":null,"group":null,"name":null,"settlement_id":"settlement_seshai","country_id":"country_barrel","district_id":null,"status":null,"surface":null,"access":null,"bridge":null,"tunnel":null,"oneway":null,"route_id":null,"alt_name":null,"notes":null},"geometry":{"type":"MultiPolygon","coordinates":[[[[23.89876352701463,-10.994803834220138],[23.89878762129217,-10.994780762654646],[23.899342650029922,-10.995252121846434],[23.899318555863488,-10.99527519341385],[23.89876352701463,-10.994803834220138]]]]}},{"type":"Feature","properties":{"id":null,"group":null,"name":null,"settlement_id":"settlement_seshai","country_id":"country_barrel","district_id":null,"status":null,"surface":null,"access":null,"bridge":null,"tunnel":null,"oneway":null,"route_id":null,"alt_name":null,"notes":null},"geometry":{"type":"MultiPolygon","coordinates":[[[[23.89965587283133,-10.99385368211653],[23.899687257162253,-10.993838986463441],[23.900178390338937,-10.99462214940339],[23.90014700609004,-10.994636845148333],[23.89965587283133,-10.99385368211653]]]]}},{"type":"Feature","properties":{"id":null,"group":null,"name":null,"settlement_id":"settlement_seshai","country_id":"country_barrel","district_id":null,"status":null,"surface":null,"access":null,"bridge":null,"tunnel":null,"oneway":null,"route_id":null,"alt_name":null,"notes":null},"geometry":{"type":"MultiPolygon","coordinates":[[[[23.897476236429696,-10.99210798819688],[23.89747506659096,-10.99210651636678],[23.89744787577087,-10.992068325928395],[23.8974781275952,-10.992051936885803],[23.89750477590667,-10.992089365355541],[23.898010059988067,-10.992661119303275],[23.89798214794446,-10.992680452048218],[23.897476236429696,-10.99210798819688]]]]}},{"type":"Feature","properties":{"id":null,"group":null,"name":null,"settlement_id":"settlement_seshai","country_id":"country_barrel","district_id":null,"status":null,"surface":null,"access":null,"bridge":null,"tunnel":null,"oneway":null,"route_id":null,"alt_name":null,"notes":null},"geometry":{"type":"MultiPolygon","coordinates":[[[[23.900247595434095,-10.994562712362102],[23.900280749176808,-10.994551207465875],[23.90061588525079,-10.995241750600261],[23.900582731551438,-10.995253255593417],[23.900247595434095,-10.994562712362102]]]]}},{"type":"Feature","properties":{"id":null,"group":null,"name":null,"settlement_id":"settlement_seshai","country_id":"country_barrel","district_id":null,"status":null,"surface":null,"access":null,"bridge":null,"tunnel":null,"oneway":null,"route_id":null,"alt_name":null,"notes":null},"geometry":{"type":"MultiPolygon","coordinates":[[[[23.898110362684218,-10.993571940393494],[23.898139564094194,-10.993554150858733],[23.898638897393184,-10.99418686363318],[23.898609696077283,-10.994204653222644],[23.898110362684218,-10.993571940393494]]]]}},{"type":"Feature","properties":{"id":null,"group":null,"name":null,"settlement_id":"settlement_seshai","country_id":"country_barrel","district_id":null,"status":null,"surface":null,"access":null,"bridge":null,"tunnel":null,"oneway":null,"route_id":null,"alt_name":null,"notes":null},"geometry":{"type":"MultiPolygon","coordinates":[[[[23.896438893815432,-10.995105750297675],[23.89647505185023,-10.995110723391315],[23.896419600502245,-10.995641023606359],[23.896383442405583,-10.99563605060042],[23.896438893815432,-10.995105750297675]]]]}},{"type":"Feature","properties":{"id":null,"group":null,"name":null,"settlement_id":"settlement_seshai","country_id":"country_barrel","district_id":null,"status":null,"surface":null,"access":null,"bridge":null,"tunnel":null,"oneway":null,"route_id":null,"alt_name":null,"notes":null},"geometry":{"type":"MultiPolygon","coordinates":[[[[23.89697091366164,-10.996215651917309],[23.897946733913958,-10.996296565963737],[23.897945559213387,-10.996329057395787],[23.896969434885786,-10.996248118290831],[23.896968827406596,-10.996248058777633],[23.896391505702997,-10.996182797938111],[23.89639389550351,-10.996150425297948],[23.89697091366164,-10.996215651917309]]]]}},{"type":"Feature","properties":{"id":null,"group":null,"name":null,"settlement_id":"settlement_seshai","country_id":"country_barrel","district_id":null,"status":null,"surface":null,"access":null,"bridge":null,"tunnel":null,"oneway":null,"route_id":null,"alt_name":null,"notes":null},"geometry":{"type":"MultiPolygon","coordinates":[[[[23.89595633729504,-10.996027041887228],[23.89595635306623,-10.996026947383607],[23.895988886404233,-10.995835934880784],[23.89602765699859,-10.995601027283872],[23.896093685858766,-10.995073618563206],[23.896129776988758,-10.99507917406235],[23.8960637133548,-10.995606860973702],[23.896063632889938,-10.995607415697439],[23.896024810706717,-10.99584263601549],[23.896024798534732,-10.995842708605153],[23.895992267086406,-10.996033710131561],[23.895879823981147,-10.996721646589661],[23.89584388637118,-10.996715025735725],[23.89595633729504,-10.996027041887228]]]]}},{"type":"Feature","properties":{"id":null,"group":null,"name":null,"settlement_id":"settlement_seshai","country_id":"country_barrel","district_id":null,"status":null,"surface":null,"access":null,"bridge":null,"tunnel":null,"oneway":null,"route_id":null,"alt_name":null,"notes":null},"geometry":{"type":"MultiPolygon","coordinates":[[[[23.89637459139417,-10.996164448459576],[23.89637462349965,-10.996164106371074],[23.89640571549749,-10.995870467744526],[23.896430153755986,-10.995640508371242],[23.896466306744426,-10.995645529840811],[23.89644186937947,-10.995875481011241],[23.8964107957876,-10.996168946082053],[23.896363414004284,-10.996747811094583],[23.89632719552441,-10.996743484875145],[23.89637459139417,-10.996164448459576]]]]}},{"type":"Feature","properties":{"id":null,"group":null,"name":null,"settlement_id":"settlement_seshai","country_id":"country_barrel","district_id":null,"status":null,"surface":null,"access":null,"bridge":null,"tunnel":null,"oneway":null,"route_id":null,"alt_name":null,"notes":null},"geometry":{"type":"MultiPolygon","coordinates":[[[[23.89925054436927,-11.001063495685376],[23.899247774285264,-11.001064909889338],[23.899244736257202,-11.001065838237048],[23.899202523763268,-11.001074899991286],[23.89919875806837,-11.001075329945817],[23.899194928127123,-11.001075033685426],[23.899191204449327,-11.001074024399637],[23.89918775281387,-11.00107234702205],[23.899184726888336,-11.001070076229812],[23.899157430318002,-11.00104505389153],[23.899155048166016,-11.001042405135953],[23.899153282208413,-11.00103941023227],[23.898990444866037,-11.000683571095603],[23.898807051806482,-11.000303649609943],[23.898840236416433,-11.00029220809843],[23.89902370307674,-11.000672282051617],[23.899023847004365,-11.000672588203281],[23.89918530324475,-11.00102540930516],[23.89920226249494,-11.001040955587651],[23.89923114449596,-11.00103475549417],[23.90060426164597,-11.000168766401533],[23.900626295219293,-11.000195845344017],[23.89925054436927,-11.001063495685376]]]]}},{"type":"Feature","properties":{"id":null,"group":null,"name":null,"settlement_id":"settlement_seshai","country_id":"country_barrel","district_id":null,"status":null,"surface":null,"access":null,"bridge":null,"tunnel":null,"oneway":null,"route_id":null,"alt_name":null,"notes":null},"geometry":{"type":"MultiPolygon","coordinates":[[[[23.896541363783786,-10.993044669918161],[23.89706536297885,-10.99365841222915],[23.89751778768871,-10.994163342904768],[23.898106046974668,-10.994756306765153],[23.89807958783022,-10.994777190631197],[23.897490997184665,-10.994183892850632],[23.897490353925885,-10.994183210731672],[23.897037471514132,-10.993677769303096],[23.89703718464999,-10.993677441347831],[23.89651305588521,-10.99306354734498],[23.896481410215806,-10.993026531650736],[23.896509714182518,-10.993007649620399],[23.896541363783786,-10.993044669918161]]]]}},{"type":"Feature","properties":{"id":null,"group":null,"name":null,"settlement_id":"settlement_seshai","country_id":"country_barrel","district_id":null,"status":null,"surface":null,"access":null,"bridge":null,"tunnel":null,"oneway":null,"route_id":null,"alt_name":null,"notes":null},"geometry":{"type":"MultiPolygon","coordinates":[[[[23.897148397131083,-10.992420524117081],[23.89765726792925,-10.993041873789377],[23.897657495059004,-10.993042156909116],[23.89808946264974,-10.993591922712968],[23.89806021408766,-10.993609652373786],[23.89762835840911,-10.993060029057228],[23.897119603657693,-10.9924388211497],[23.897095575664522,-10.992409485463446],[23.897124368781284,-10.992391187992176],[23.897148397131083,-10.992420524117081]]]]}},{"type":"Feature","properties":{"id":null,"group":null,"name":null,"settlement_id":"settlement_seshai","country_id":"country_barrel","district_id":null,"status":null,"surface":null,"access":null,"bridge":null,"tunnel":null,"oneway":null,"route_id":null,"alt_name":null,"notes":null},"geometry":{"type":"MultiPolygon","coordinates":[[[[23.897928052485224,-10.99631047622943],[23.897979511718997,-10.995763065193517],[23.89797954486401,-10.995762749869225],[23.89802029548693,-10.995412225378423],[23.898056417052878,-10.995417529143436],[23.898015684773096,-10.995767896152955],[23.897964240587292,-10.996315147687811],[23.89793862083217,-10.996587907119679],[23.897902432646593,-10.996583236265051],[23.897928052485224,-10.99631047622943]]]]}},{"type":"Feature","properties":{"id":null,"group":null,"name":null,"settlement_id":"settlement_seshai","country_id":"country_barrel","district_id":null,"status":null,"surface":null,"access":null,"bridge":null,"tunnel":null,"oneway":null,"route_id":null,"alt_name":null,"notes":null},"geometry":{"type":"MultiPolygon","coordinates":[[[[23.89645492988731,-10.994553016452842],[23.896683050037616,-10.99457633105812],[23.89668336611733,-10.994576365843246],[23.897127168693252,-10.99462869401605],[23.89712458305956,-10.994661043962056],[23.896680938393516,-10.994608734479632],[23.896452982522913,-10.994585436700303],[23.89623453209784,-10.994563154944597],[23.8962364774238,-10.994530734454257],[23.89645492988731,-10.994553016452842]]]]}},{"type":"Feature","properties":{"id":null,"group":null,"name":null,"settlement_id":"settlement_seshai","country_id":"country_barrel","district_id":null,"status":null,"surface":null,"access":null,"bridge":null,"tunnel":null,"oneway":null,"route_id":null,"alt_name":null,"notes":null},"geometry":{"type":"MultiPolygon","coordinates":[[[[23.89703717407643,-10.993657063061617],[23.897037287211877,-10.993656943778772],[23.89742211677196,-10.993255497483297],[23.89762873066029,-10.993040042431856],[23.89798188059132,-10.992659896101294],[23.898244961797968,-10.992376936470425],[23.898273399929025,-10.992398724827169],[23.898010325210148,-10.992681677542867],[23.89765709415788,-10.993061911283233],[23.897656925931784,-10.993062089512772],[23.8974502301647,-10.99327762999539],[23.89706545859901,-10.993679015883924],[23.896619452213837,-10.994154294827434],[23.896591111358905,-10.99413240192579],[23.89703717407643,-10.993657063061617]]]]}},{"type":"Feature","properties":{"id":null,"group":null,"name":null,"settlement_id":"settlement_seshai","country_id":"country_barrel","district_id":null,"status":null,"surface":null,"access":null,"bridge":null,"tunnel":null,"oneway":null,"route_id":null,"alt_name":null,"notes":null},"geometry":{"type":"MultiPolygon","coordinates":[[[[23.89891695050371,-11.01757414394463],[23.89898785422949,-11.017765356690754],[23.898988638457304,-11.017768351900193],[23.899013925231536,-11.017930066509102],[23.89901410349006,-11.017932497388655],[23.899005602712364,-11.018815331010027],[23.899005566194152,-11.018816230362908],[23.898886515693334,-11.020475615630216],[23.898850272850996,-11.020471576510008],[23.898969291352493,-11.018812639436314],[23.89897777615678,-11.017931472515766],[23.89895291738266,-11.017772494996628],[23.89888249801568,-11.017582588445485],[23.89888237820628,-11.017582253960283],[23.898741036176855,-11.017173324200732],[23.898775666448763,-11.017165381957414],[23.89891695050371,-11.01757414394463]]]]}},{"type":"Feature","properties":{"id":null,"group":null,"name":null,"settlement_id":"settlement_seshai","country_id":"country_barrel","district_id":null,"status":null,"surface":null,"access":null,"bridge":null,"tunnel":null,"oneway":null,"route_id":null,"alt_name":null,"notes":null},"geometry":{"type":"MultiPolygon","coordinates":[[[[23.889719395265498,-11.001607257297037],[23.8897191750644,-11.001607065741645],[23.889422668239266,-11.001345115745794],[23.889263811726224,-11.001209184587887],[23.889104922307034,-11.001073270563351],[23.888041138327914,-11.000162985662602],[23.887698501722898,-10.999873578194537],[23.887698098454162,-10.999873227797377],[23.887482135369968,-10.999680198746125],[23.88637167895847,-10.998705451307002],[23.8847379582281,-10.997297048410426],[23.884485968215483,-10.997079801376605],[23.88448594841141,-10.997079784279311],[23.883007716317266,-10.995801805301612],[23.882889556897563,-10.995699581465498],[23.88224554376874,-10.995142647667704],[23.879916547956903,-10.993150810721405],[23.87991648984999,-10.993150760823301],[23.87983694780299,-10.993082178288642],[23.879836846254584,-10.993082090106183],[23.878948028752905,-10.992304739262739],[23.8789478973619,-10.992304623276898],[23.878463292820705,-10.99187284655755],[23.877244751783838,-10.990802348090014],[23.8766298127647,-10.990313542575565],[23.87662964553281,-10.990313408122061],[23.87615240712759,-10.989925320078676],[23.875616516858955,-10.989503333814032],[23.875615788889,-10.989502731067011],[23.875222007322698,-10.989159978283952],[23.87522098681725,-10.98915902146706],[23.875044535365074,-10.988980769475123],[23.875043656229447,-10.988979816671556],[23.874853263792765,-10.988758219445442],[23.87485266188592,-10.988757480249502],[23.874660643084418,-10.988508423323612],[23.874659635746365,-10.988506971439376],[23.874487905166706,-10.988230422724046],[23.874487404424382,-10.988229561111066],[23.874308879413825,-10.98790043315793],[23.874308284036914,-10.987899220484815],[23.874144159502627,-10.98752709640533],[23.87414381302923,-10.987526246456659],[23.873287473078737,-10.985241303051117],[23.873179070750368,-10.984999930484294],[23.873025942412117,-10.984730405480368],[23.8728995562988,-10.984569517907236],[23.872786645220295,-10.984442058412071],[23.872653318990185,-10.984296925241091],[23.872436712766426,-10.984132672838275],[23.872211151403246,-10.983986244413355],[23.872004706369506,-10.98388072770587],[23.871789971044326,-10.98379780078509],[23.871492799906786,-10.98371154041129],[23.871502055018883,-10.983680538279348],[23.871800079180524,-10.983767046311698],[23.871801759498005,-10.983767613402492],[23.872018315889186,-10.983851243623334],[23.872020253999096,-10.983852110054233],[23.872228570350096,-10.983958583252296],[23.872230364477222,-10.983959619957332],[23.87245739679632,-10.984107003327349],[23.872458570854864,-10.984107827707163],[23.872677113777815,-10.984273548744127],[23.872679618711825,-10.984275824161363],[23.87281419532276,-10.984422318464835],[23.872814417111247,-10.984422564312823],[23.87292779305016,-10.984550548580922],[23.872928476850703,-10.98455136784915],[23.873056001919796,-10.984713705310629],[23.873057448622053,-10.984715856912823],[23.873211604241796,-10.984987190069411],[23.873212315884174,-10.984988592232819],[23.873321250328424,-10.985231149621773],[23.87332164166489,-10.985232100430474],[23.874178000793336,-10.987517094863122],[23.87434166795295,-10.987888181912492],[23.874519632222903,-10.98821627609116],[23.874690635044928,-10.988491652866125],[23.874881820095467,-10.988739628402959],[23.875071479829735,-10.988960372865908],[23.875246982656417,-10.989137666579841],[23.87563987838091,-10.989479648378621],[23.876175515460258,-10.989901435358385],[23.876175752234076,-10.98990162483222],[23.87665302489905,-10.99028974081656],[23.877268250424688,-10.990778774172464],[23.877268975030553,-10.990779379750721],[23.878487919874168,-10.99185023317033],[23.87848801974647,-10.991850321529677],[23.87897260855668,-10.992282084313],[23.879861309286056,-10.993059333175179],[23.87994077137134,-10.993127846778611],[23.882269777603643,-10.995119693022502],[23.88226985738366,-10.995119761632555],[23.882913911625455,-10.995676731091226],[23.883032068135254,-10.995778952430381],[23.884510287614685,-10.997056920747283],[23.884762267453254,-10.997274159051557],[23.886396052369157,-10.998682617551342],[23.88639618125775,-10.998682729671561],[23.88750676584133,-10.99965758980201],[23.88750689373439,-10.999657703084342],[23.887722721551782,-10.999850611269268],[23.888065200703416,-11.000139885800943],[23.888065294414574,-11.000139965470705],[23.88912912117606,-11.001050287158122],[23.88928801054214,-11.001186201163627],[23.889446985385888,-11.001322233601286],[23.889447213076934,-11.00132243157028],[23.889743723531495,-11.00158438482197],[23.89024694470028,-11.002015427786073],[23.890222727456774,-11.002038395276259],[23.889719395265498,-11.001607257297037]]]]}},{"type":"Feature","properties":{"id":null,"group":null,"name":"Avenida Eduardo Mondlane","settlement_id":"settlement_seshai","country_id":"country_barrel","district_id":null,"status":null,"surface":null,"access":null,"bridge":null,"tunnel":null,"oneway":null,"route_id":null,"alt_name":null,"notes":null},"geometry":{"type":"MultiPolygon","coordinates":[[[[23.89080143225844,-11.003288092934888],[23.891146713538454,-11.004070023343099],[23.89114672399221,-11.004070047067554],[23.891168744111965,-11.004120128796366],[23.891377831206665,-11.004593598303742],[23.89182553648595,-11.00560744690216],[23.892323612369076,-11.006735641742534],[23.89304666654608,-11.00837338482448],[23.89340744025863,-11.009190568059623],[23.8937376661221,-11.009927201043192],[23.893737765187524,-11.009927426568447],[23.89392720029558,-11.010367685080299],[23.89416978190488,-11.010917283065655],[23.894169890489092,-11.01091753478751],[23.89465683505342,-11.012073050390127],[23.89462296364061,-11.012082972786667],[23.894136072206,-11.010927583207916],[23.893893515294362,-11.010378041157045],[23.893893454615093,-11.010377901927612],[23.893704038125847,-11.009937686669812],[23.89337384368968,-11.00920112376619],[23.893373806018275,-11.009201039089445],[23.893013013702348,-11.008383813687773],[23.89228995961719,-11.00674607075624],[23.891791884743405,-11.005617878162356],[23.891344179962697,-11.004604030657491],[23.891135087620643,-11.004130549250949],[23.89113507704762,-11.004130525256446],[23.891113056865862,-11.004080443384824],[23.890767780579104,-11.003298524256921],[23.89038471689256,-11.002430858175298],[23.890418369256338,-11.002420428433886],[23.89080143225844,-11.003288092934888]]]]}},{"type":"Feature","properties":{"id":null,"group":null,"name":null,"settlement_id":"settlement_seshai","country_id":"country_barrel","district_id":null,"status":null,"surface":null,"access":null,"bridge":null,"tunnel":null,"oneway":null,"route_id":null,"alt_name":null,"notes":null},"geometry":{"type":"MultiPolygon","coordinates":[[[[23.890638658752884,-11.002245909257088],[23.890590493300436,-11.002222199342345],[23.89053872821716,-11.00220424199264],[23.890491553630447,-11.002192449413231],[23.890499309167996,-11.002161046064254],[23.89054737604017,-11.0021730617028],[23.890549136545854,-11.002173585939996],[23.89060297006467,-11.00219226084084],[23.89060530470775,-11.002193235628049],[23.890655946318624,-11.002218164464754],[23.890658504653327,-11.00221966742954],[23.890704882922343,-11.002251784026498],[23.890683820449574,-11.002277183378864],[23.890638658752884,-11.002245909257088]]]]}},{"type":"Feature","properties":{"id":null,"group":null,"name":null,"settlement_id":"settlement_seshai","country_id":"country_barrel","district_id":null,"status":null,"surface":null,"access":null,"bridge":null,"tunnel":null,"oneway":null,"route_id":null,"alt_name":null,"notes":null},"geometry":{"type":"MultiPolygon","coordinates":[[[[23.895144578071246,-10.993779287488012],[23.895238756819534,-10.993997809234337],[23.89523982891432,-10.994001437603687],[23.895243090197365,-10.994021060395784],[23.895243283653205,-10.994023992499805],[23.895242309532343,-10.99405243069506],[23.89520601174243,-10.994049476512902],[23.89520693565072,-10.994022504275232],[23.895204226648477,-10.994006204491482],[23.89511046871722,-10.993788659143904],[23.89510987377139,-10.993787046508078],[23.89498994079421,-10.993398386495025],[23.895024897384104,-10.993391445104175],[23.895144578071246,-10.993779287488012]]]]}},{"type":"Feature","properties":{"id":null,"group":null,"name":null,"settlement_id":"settlement_seshai","country_id":"country_barrel","district_id":null,"status":null,"surface":null,"access":null,"bridge":null,"tunnel":null,"oneway":null,"route_id":null,"alt_name":null,"notes":null},"geometry":{"type":"MultiPolygon","coordinates":[[[[23.89465871821642,-10.99316213418044],[23.894423964247547,-10.992484018454038],[23.894458587174505,-10.992476057745854],[23.894693508570956,-10.993154657032399],[23.894693810817763,-10.9931556308955],[23.894762543575297,-10.993405562821874],[23.894727316167067,-10.99341157595195],[23.89465871821642,-10.99316213418044]]]]}},{"type":"Feature","properties":{"id":null,"group":null,"name":null,"settlement_id":"settlement_seshai","country_id":"country_barrel","district_id":null,"status":null,"surface":null,"access":null,"bridge":null,"tunnel":null,"oneway":null,"route_id":null,"alt_name":null,"notes":null},"geometry":{"type":"MultiPolygon","coordinates":[[[[23.893452999809742,-10.994326756431533],[23.893453391150135,-10.994327997638814],[23.893609672024404,-10.994906419503566],[23.893574407817272,-10.994912297976454],[23.893418296084853,-10.994334502036592],[23.893238436451217,-10.993836537707852],[23.893272917986845,-10.993828176993478],[23.893452999809742,-10.994326756431533]]]]}},{"type":"Feature","properties":{"id":null,"group":null,"name":null,"settlement_id":"settlement_seshai","country_id":"country_barrel","district_id":null,"status":null,"surface":null,"access":null,"bridge":null,"tunnel":null,"oneway":null,"route_id":null,"alt_name":null,"notes":null},"geometry":{"type":"MultiPolygon","coordinates":[[[[23.89304175254365,-10.994439817378046],[23.89304158992885,-10.994439291207847],[23.892915061660098,-10.994002853035388],[23.892950172143465,-10.993996425748866],[23.89307662386502,-10.99443259981794],[23.893168132575333,-10.994711306269153],[23.893133347326053,-10.994718786011813],[23.89304175254365,-10.994439817378046]]]]}},{"type":"Feature","properties":{"id":null,"group":null,"name":null,"settlement_id":"settlement_seshai","country_id":"country_barrel","district_id":null,"status":null,"surface":null,"access":null,"bridge":null,"tunnel":null,"oneway":null,"route_id":null,"alt_name":null,"notes":null},"geometry":{"type":"MultiPolygon","coordinates":[[[[23.89478032361775,-10.993886013918663],[23.894958893501382,-10.994476383176476],[23.89492388563032,-10.994483156893516],[23.894745234172408,-10.993892517855052],[23.89474508106964,-10.993891976705916],[23.894628744530195,-10.993450473091604],[23.894664058606978,-10.993444781841529],[23.89478032361775,-10.993886013918663]]]]}},{"type":"Feature","properties":{"id":null,"group":null,"name":null,"settlement_id":"settlement_seshai","country_id":"country_barrel","district_id":null,"status":null,"surface":null,"access":null,"bridge":null,"tunnel":null,"oneway":null,"route_id":null,"alt_name":null,"notes":null},"geometry":{"type":"MultiPolygon","coordinates":[[[[23.89439229852906,-10.995043350683373],[23.8943897669577,-10.995044523148975],[23.894062637499573,-10.995165876004606],[23.894047092182138,-10.995135601185302],[23.894372896975984,-10.995014739779075],[23.894692523520135,-10.994834371787498],[23.894713131918447,-10.99486230160584],[23.89439229852906,-10.995043350683373]]]]}},{"type":"Feature","properties":{"id":null,"group":null,"name":null,"settlement_id":"settlement_seshai","country_id":"country_barrel","district_id":null,"status":null,"surface":null,"access":null,"bridge":null,"tunnel":null,"oneway":null,"route_id":null,"alt_name":null,"notes":null},"geometry":{"type":"MultiPolygon","coordinates":[[[[23.89410370467019,-10.994094008743769],[23.89410386136977,-10.99409447698238],[23.894399435034767,-10.995025794890656],[23.89436455358186,-10.995032976630629],[23.894069054473363,-10.994101893525634],[23.89387349515438,-10.993546436886145],[23.893908063229432,-10.993538318906024],[23.89410370467019,-10.994094008743769]]]]}},{"type":"Feature","properties":{"id":null,"group":null,"name":null,"settlement_id":"settlement_seshai","country_id":"country_barrel","district_id":null,"status":null,"surface":null,"access":null,"bridge":null,"tunnel":null,"oneway":null,"route_id":null,"alt_name":null,"notes":null},"geometry":{"type":"MultiPolygon","coordinates":[[[[23.894037305389347,-10.99515393920315],[23.89375850846357,-10.994214312360045],[23.893758351084387,-10.994213742538323],[23.893607399334538,-10.993623647938978],[23.89364276952305,-10.99361817271692],[23.89379364815031,-10.994207981352641],[23.894072392555575,-10.995147431037617],[23.894072454449805,-10.995147645225716],[23.89419585211259,-10.995586391855719],[23.894160672891253,-10.995592578667583],[23.894037305389347,-10.99515393920315]]]]}},{"type":"Feature","properties":{"id":null,"group":null,"name":null,"settlement_id":"settlement_seshai","country_id":"country_barrel","district_id":null,"status":null,"surface":null,"access":null,"bridge":null,"tunnel":null,"oneway":null,"route_id":null,"alt_name":null,"notes":null},"geometry":{"type":"MultiPolygon","coordinates":[[[[23.893157864742705,-10.994700449929487],[23.89315792442987,-10.99470047609754],[23.89359922436234,-10.994894788718767],[23.89360043448649,-10.994895369838472],[23.894063259363076,-10.99513674971255],[23.894046470317388,-10.995164727479558],[23.893584239800727,-10.994923657667254],[23.89314358529468,-10.994729629314905],[23.89267740364825,-10.994526129936157],[23.89269165330976,-10.994496937467545],[23.893157864742705,-10.994700449929487]]]]}},{"type":"Feature","properties":{"id":null,"group":null,"name":null,"settlement_id":"settlement_seshai","country_id":"country_barrel","district_id":null,"status":null,"surface":null,"access":null,"bridge":null,"tunnel":null,"oneway":null,"route_id":null,"alt_name":null,"notes":null},"geometry":{"type":"MultiPolygon","coordinates":[[[[23.894810392318405,-10.995252340157553],[23.89468536470131,-10.994851856734389],[23.89468534965399,-10.994851808260039],[23.894418508579083,-10.993987244666506],[23.894274545335954,-10.993521477053179],[23.894309497634904,-10.993514521713728],[23.89445346183478,-10.993980292358586],[23.89472029829876,-10.994844840889805],[23.8948453164625,-10.995245293980533],[23.894888495006988,-10.99538346952573],[23.894853571501645,-10.995390517765244],[23.894810392318405,-10.995252340157553]]]]}},{"type":"Feature","properties":{"id":null,"group":null,"name":null,"settlement_id":"settlement_seshai","country_id":"country_barrel","district_id":null,"status":null,"surface":null,"access":null,"bridge":null,"tunnel":null,"oneway":null,"route_id":null,"alt_name":null,"notes":null},"geometry":{"type":"MultiPolygon","coordinates":[[[[23.89342884401283,-10.9943154945437],[23.89376845665089,-10.994195796823966],[23.894078754675025,-10.994082891196017],[23.894079324051265,-10.99408269460427],[23.894428889108703,-10.993968396915836],[23.89442949164689,-10.993968211232682],[23.894756244075623,-10.99387357223361],[23.895120860277817,-10.993768016346888],[23.89513384385489,-10.993799135214271],[23.8947692310396,-10.993904690174455],[23.894442783175435,-10.993999241009266],[23.8940938040913,-10.994113347153313],[23.893783702157627,-10.994226181478028],[23.89378352885397,-10.994226243545723],[23.89344325173064,-10.994346175516808],[23.89344207959216,-10.994346545077011],[23.893065465720955,-10.994451685804485],[23.89305282462235,-10.994420469252145],[23.89342884401283,-10.9943154945437]]]]}},{"type":"Feature","properties":{"id":null,"group":null,"name":"Avenida 5 de Abril","settlement_id":"settlement_seshai","country_id":"country_barrel","district_id":null,"status":null,"surface":null,"access":null,"bridge":null,"tunnel":null,"oneway":null,"route_id":null,"alt_name":null,"notes":null},"geometry":{"type":"MultiPolygon","coordinates":[[[[23.895631567400507,-10.996702571121645],[23.89563222146243,-10.996703308121084],[23.89573550218867,-10.996826231098526],[23.895735695539596,-10.996826465190471],[23.895913453655318,-10.997045410074776],[23.895913866271744,-10.997045938203065],[23.896029448912806,-10.997199756369687],[23.89599973221015,-10.997216877001769],[23.895884350427988,-10.997063326154013],[23.895706899606687,-10.996844759787972],[23.895604032660867,-10.99672232929958],[23.895475570042613,-10.996585189606895],[23.895502766786993,-10.996565070584783],[23.895631567400507,-10.996702571121645]]]]}},{"type":"Feature","properties":{"id":null,"group":null,"name":"Avenida 5 de Abril","settlement_id":"settlement_seshai","country_id":"country_barrel","district_id":null,"status":null,"surface":null,"access":null,"bridge":null,"tunnel":null,"oneway":null,"route_id":null,"alt_name":null,"notes":null},"geometry":{"type":"MultiPolygon","coordinates":[[[[23.895757991093443,-10.996789122498894],[23.89579017836554,-10.996775774610716],[23.89603068417899,-10.997201642714295],[23.89599849694378,-10.997214990656968],[23.895757991093443,-10.996789122498894]]]]}},{"type":"Feature","properties":{"id":null,"group":null,"name":null,"settlement_id":"settlement_seshai","country_id":"country_barrel","district_id":null,"status":null,"surface":null,"access":null,"bridge":null,"tunnel":null,"oneway":null,"route_id":null,"alt_name":null,"notes":null},"geometry":{"type":"MultiPolygon","coordinates":[[[[23.901376403692517,-10.995389439861164],[23.9020812378812,-10.996129120130286],[23.902081330921327,-10.996129218488411],[23.90326135896617,-10.997385874637622],[23.90479641186141,-10.998752062331679],[23.90477164934311,-10.99877455199503],[23.903235966075535,-10.997407803516479],[23.90323476437854,-10.997406634010156],[23.902054210788744,-10.996149418376561],[23.901348568305806,-10.995408889951419],[23.9013469998074,-10.995407004316249],[23.90106016160696,-10.995009683215079],[23.901090279167555,-10.994993107288153],[23.901376403692517,-10.995389439861164]]]]}},{"type":"Feature","properties":{"id":null,"group":null,"name":null,"settlement_id":"settlement_seshai","country_id":"country_barrel","district_id":null,"status":null,"surface":null,"access":null,"bridge":null,"tunnel":null,"oneway":null,"route_id":null,"alt_name":null,"notes":null},"geometry":{"type":"MultiPolygon","coordinates":[[[[23.897077191191013,-11.01622997266932],[23.897048075227925,-11.016197744096191],[23.897046302158007,-11.016195428388064],[23.89704496761732,-11.016192901839014],[23.89702789417969,-11.016152473408411],[23.897027087931175,-11.016150030961358],[23.897026701519078,-11.016147528637457],[23.897023662935403,-11.016103295874277],[23.897024104963016,-11.016098607584524],[23.897035447332016,-11.016055700813334],[23.89703714482249,-11.016051772109781],[23.89705640801923,-11.0160207590567],[23.897059114058077,-11.016017523482953],[23.897085853393968,-11.015993257085212],[23.897089608011935,-11.015990702297975],[23.89712163224684,-11.015974737698501],[23.897124338804463,-11.0159736553244],[23.89712723559847,-11.015973004443552],[23.89717017919735,-11.015966805471516],[23.89717371791387,-11.01596661592753],[23.897177271328335,-11.015967054434867],[23.897219461880866,-11.01597604371204],[23.89722282318784,-11.01597706527702],[23.897225943239967,-11.015978634946983],[23.89726110822442,-11.016000327426685],[23.89726365829229,-11.016002199112204],[23.897265829328223,-11.016004424921057],[23.897292396863723,-11.016036727952468],[23.897293977803464,-11.016038989083533],[23.89729515300118,-11.016041426047826],[23.897310273243768,-11.016080812822356],[23.897310973521307,-11.016083172531088],[23.897311284829,-11.016085578437501],[23.897313292849237,-11.016128114746088],[23.89731280980728,-11.016132572438606],[23.897301670164637,-11.016173687861997],[23.897300117295078,-11.016177331870637],[23.897283841444935,-11.016204490599284],[23.897281681012636,-11.016207283315333],[23.897259714822606,-11.016229722931524],[23.897256658467224,-11.016232160322836],[23.897230140328443,-11.016248552645752],[23.89722621733509,-11.016250348156115],[23.897196728365877,-11.016259744468721],[23.89719202463342,-11.01626060993855],[23.89716139150121,-11.016262407508615],[23.897156406265218,-11.01626208136824],[23.897126239873113,-11.016256350847172],[23.897123238840273,-11.016255542838648],[23.89712040315088,-11.016254297270546],[23.89708245538611,-11.01623405950007],[23.897079624254673,-11.01623222697036],[23.897077191191013,-11.01622997266932]],[[23.89710260771478,-11.016207874928623],[23.89713476996253,-11.016225027253741],[23.897159363234824,-11.016229699088097],[23.897185063090784,-11.016228191009473],[23.897210182823805,-11.016220186906263],[23.89723318204584,-11.016205969823526],[23.89725253427248,-11.016186200512712],[23.89726687272032,-11.016162274640212],[23.89727690118128,-11.016125260504575],[23.897275115376978,-11.01608743137658],[23.897261861754483,-11.016052906965092],[23.89723905916852,-11.016025181677321],[23.89720963390742,-11.016007029907666],[23.897174488461786,-11.015999541693176],[23.89713806934386,-11.016004798852212],[23.8971107397783,-11.016018423087353],[23.897087266414815,-11.016039725565063],[23.8970702605065,-11.016067104471974],[23.897060074953394,-11.016105635169206],[23.897062775101983,-11.016144941276382],[23.89707771770772,-11.016180324078928],[23.89710260771478,-11.016207874928623]]]]}},{"type":"Feature","properties":{"id":null,"group":null,"name":null,"settlement_id":"settlement_seshai","country_id":"country_barrel","district_id":null,"status":null,"surface":null,"access":null,"bridge":null,"tunnel":null,"oneway":null,"route_id":null,"alt_name":null,"notes":null},"geometry":{"type":"MultiPolygon","coordinates":[[[[23.897018680717366,-11.016101818818841],[23.897016333781348,-11.016103022470938],[23.896921403057927,-11.016142995680205],[23.896921215069796,-11.016143073580936],[23.89680635470261,-11.016189907496686],[23.896805441440534,-11.016190251372446],[23.89623256372279,-11.016388553254417],[23.896232205047664,-11.01638867327832],[23.896098268629213,-11.016431963989662],[23.896084190251553,-11.016401179614324],[23.89621794650273,-11.016357947156239],[23.896790183004963,-11.01615986731654],[23.896904498585563,-11.016113255553],[23.896998105279504,-11.016073839877027],[23.897042283063143,-11.016046715063974],[23.897063975101226,-11.016074008414295],[23.897018680717366,-11.016101818818841]]]]}},{"type":"Feature","properties":{"id":null,"group":null,"name":null,"settlement_id":"settlement_seshai","country_id":"country_barrel","district_id":null,"status":null,"surface":null,"access":null,"bridge":null,"tunnel":null,"oneway":null,"route_id":null,"alt_name":null,"notes":null},"geometry":{"type":"MultiPolygon","coordinates":[[[[23.896249865963934,-11.016475277006958],[23.89625057095136,-11.016475027995357],[23.896790014550064,-11.016296812939025],[23.896790435841158,-11.016296679342984],[23.896913536938726,-11.016259257694049],[23.896914887219417,-11.016258901778404],[23.897019385118345,-11.016235463371132],[23.897021602109856,-11.016235100676413],[23.897125798925906,-11.016224188615846],[23.89713212599439,-11.016256603461382],[23.897029054595002,-11.016267397677701],[23.896926332845574,-11.01629043771794],[23.896804109198044,-11.016327592648016],[23.896265231084758,-11.016505620966093],[23.89613208289528,-11.016555752128388],[23.896116368684098,-11.016525539583942],[23.896249865963934,-11.016475277006958]]]]}},{"type":"Feature","properties":{"id":null,"group":null,"name":null,"settlement_id":"settlement_seshai","country_id":"country_barrel","district_id":null,"status":null,"surface":null,"access":null,"bridge":null,"tunnel":null,"oneway":null,"route_id":null,"alt_name":null,"notes":null},"geometry":{"type":"MultiPolygon","coordinates":[[[[23.894421183759817,-10.996122674599366],[23.894422627326747,-10.996121173058615],[23.894495806607402,-10.996054583239841],[23.894497912307127,-10.996052963313701],[23.894583156847126,-10.995997753720776],[23.894605530118486,-10.996024615800893],[23.894521414727425,-10.996079094101693],[23.894449989117927,-10.996144088174558],[23.894266007453798,-10.996363390330908],[23.894236535571004,-10.99634277118644],[23.894421183759817,-10.996122674599366]]]]}},{"type":"Feature","properties":{"id":null,"group":null,"name":"Avenida Joaquim Morais","settlement_id":"settlement_seshai","country_id":"country_barrel","district_id":null,"status":null,"surface":null,"access":null,"bridge":null,"tunnel":null,"oneway":null,"route_id":null,"alt_name":null,"notes":null},"geometry":{"type":"MultiPolygon","coordinates":[[[[23.894169043653037,-10.9956030194564],[23.894168917913845,-10.995602945603162],[23.89263403121479,-10.994693888493604],[23.892633932259844,-10.994693829500287],[23.892217396827437,-10.994443877884585],[23.890536743316193,-10.993435722662953],[23.890535624702846,-10.993434999676106],[23.88974533002055,-10.992885658141605],[23.889766449522526,-10.99286029777624],[23.890556198390538,-10.993409260048864],[23.89223628005351,-10.994417072530004],[23.892652770254543,-10.994666997075917],[23.8941875443725,-10.99557598777528],[23.894549769345293,-10.995786973342412],[23.89453133171415,-10.995814041707614],[23.894169043653037,-10.9956030194564]]]]}},{"type":"Feature","properties":{"id":null,"group":null,"name":"Avenida Joaquim Morais","settlement_id":"settlement_seshai","country_id":"country_barrel","district_id":null,"status":null,"surface":null,"access":null,"bridge":null,"tunnel":null,"oneway":null,"route_id":null,"alt_name":null,"notes":null},"geometry":{"type":"MultiPolygon","coordinates":[[[[23.89043571224238,-10.99347102116225],[23.892173966177484,-10.994510741841657],[23.893463262360477,-10.995276024730481],[23.8941521515874,-10.99567891603585],[23.894502457507162,-10.99587250572393],[23.894484809391777,-10.995900022096196],[23.894134289092918,-10.995706313996486],[23.894133863760807,-10.995706072148275],[23.89344470741493,-10.99530302474114],[23.89344459570956,-10.995302958925093],[23.892155214578988,-10.99453762583901],[23.892155156705094,-10.994537591354867],[23.890416138461095,-10.993497413808006],[23.890414713746193,-10.993496476371144],[23.88970043350237,-10.992980936108111],[23.88972212177748,-10.99295597862952],[23.89043571224238,-10.99347102116225]]]]}},{"type":"Feature","properties":{"id":null,"group":null,"name":null,"settlement_id":"settlement_seshai","country_id":"country_barrel","district_id":null,"status":null,"surface":null,"access":null,"bridge":null,"tunnel":null,"oneway":null,"route_id":null,"alt_name":null,"notes":null},"geometry":{"type":"MultiPolygon","coordinates":[[[[23.894474814535876,-10.996023092879314],[23.894474342652565,-10.996024150500508],[23.894430656737157,-10.996112382689486],[23.894429778020807,-10.99611391614558],[23.894267058082434,-10.996361977948451],[23.89423548494204,-10.996344183569002],[23.89439771771632,-10.996096864493133],[23.894440754640677,-10.996009943092428],[23.894478692055284,-10.995914817189785],[23.894512966307683,-10.995927429456492],[23.894474814535876,-10.996023092879314]]]]}},{"type":"Feature","properties":{"id":null,"group":null,"name":"Mo\u00e7\u00e2medes-Virei","settlement_id":"settlement_seshai","country_id":"country_barrel","district_id":null,"status":null,"surface":null,"access":null,"bridge":null,"tunnel":null,"oneway":null,"route_id":null,"alt_name":null,"notes":null},"geometry":{"type":"MultiPolygon","coordinates":[[[[23.895945184774483,-10.993833730114572],[23.895867248650237,-10.99396685083491],[23.895867029369345,-10.993967213286142],[23.895791680444376,-10.994087801827567],[23.895791215491613,-10.994088500957313],[23.895337761419587,-10.994730217720539],[23.895045612084246,-10.995161464809721],[23.894886698049145,-10.995396073395051],[23.894886440704155,-10.995396441239778],[23.89482437308317,-10.995482375163265],[23.89461699650234,-10.995787272654251],[23.894585698765788,-10.995769066130833],[23.89479319354591,-10.995463994931017],[23.894793434922537,-10.995463650611795],[23.89485549421916,-10.995377728233871],[23.89501428284271,-10.995143304854283],[23.895306515212553,-10.99471193530205],[23.8953066821232,-10.99471169408418],[23.895759978202882,-10.994070201059627],[23.895834992688723,-10.99395014778558],[23.89591374639738,-10.993815630607157],[23.895915974947755,-10.993812717208824],[23.895980422635304,-10.993746774911273],[23.89600832838542,-10.993769122122432],[23.895945184774483,-10.993833730114572]]]]}},{"type":"Feature","properties":{"id":null,"group":null,"name":"Mo\u00e7\u00e2medes-Virei","settlement_id":"settlement_seshai","country_id":"country_barrel","district_id":null,"status":null,"surface":null,"access":null,"bridge":null,"tunnel":null,"oneway":null,"route_id":null,"alt_name":null,"notes":null},"geometry":{"type":"MultiPolygon","coordinates":[[[[23.894890111292113,-10.99550484497647],[23.894992674492446,-10.995347605875683],[23.895360490249466,-10.994784120714685],[23.895360684053976,-10.994783831303685],[23.895839136746407,-10.99408718327977],[23.895894806169164,-10.99397721770913],[23.89595360197167,-10.99384029204648],[23.895976698479146,-10.993753274661904],[23.89601205254031,-10.993762622372406],[23.895988687043076,-10.993850653231013],[23.895988003294416,-10.993852632589833],[23.8959286130867,-10.993990942565391],[23.89592822720432,-10.993991768330694],[23.89587191127044,-10.994103011006825],[23.895870914668585,-10.994104690760317],[23.89539200454257,-10.994802004991298],[23.895024288045384,-10.995365338227305],[23.894921719606415,-10.99552258539837],[23.894921706376685,-10.99552260564466],[23.894715727899996,-10.995837265930133],[23.894684139370977,-10.99581949516963],[23.894890111292113,-10.99550484497647]]]]}},{"type":"Feature","properties":{"id":null,"group":null,"name":null,"settlement_id":"settlement_seshai","country_id":"country_barrel","district_id":null,"status":null,"surface":null,"access":null,"bridge":null,"tunnel":null,"oneway":null,"route_id":null,"alt_name":null,"notes":null},"geometry":{"type":"MultiPolygon","coordinates":[[[[23.903311500592498,-11.014198736809071],[23.903310613054973,-11.014199006723596],[23.90258396313495,-11.014400310464687],[23.9022798783809,-11.014484497301927],[23.901187625863965,-11.014787029321642],[23.901187381347807,-11.014787095269206],[23.899888237031362,-11.015128082112685],[23.899802215305925,-11.015156905547622],[23.898900867991657,-11.015480697790967],[23.898900812504547,-11.015480717622431],[23.898260030154365,-11.015708569643492],[23.898090016556313,-11.015768965332189],[23.898089210205203,-11.015769230907493],[23.897462794956702,-11.01595965985928],[23.897460994750165,-11.015960111010976],[23.897221220710538,-11.016007847906762],[23.89721135928225,-11.01597596806851],[23.897450217197026,-11.015928413600491],[23.898075341055055,-11.01573837732197],[23.898244947764894,-11.015678126202745],[23.89888569975965,-11.015450285071408],[23.899787204513242,-11.01512643640611],[23.89978757659204,-11.015126307261221],[23.89987436933817,-11.015097225492163],[23.89987555373179,-11.01509687222127],[23.901175175862427,-11.014755760157632],[23.902267307524948,-11.014453261774335],[23.90257139097251,-11.014369075344048],[23.90329759100129,-11.014167896343695],[23.903595640911913,-11.01406900992122],[23.90360998959228,-11.014099704661781],[23.903311500592498,-11.014198736809071]]]]}},{"type":"Feature","properties":{"id":null,"group":null,"name":null,"settlement_id":"settlement_seshai","country_id":"country_barrel","district_id":null,"status":null,"surface":null,"access":null,"bridge":null,"tunnel":null,"oneway":null,"route_id":null,"alt_name":null,"notes":null},"geometry":{"type":"MultiPolygon","coordinates":[[[[23.890451240512316,-11.002430256639208],[23.890478632999784,-11.00243956564616],[23.890503255015144,-11.00244392481441],[23.89053274816462,-11.002443870445665],[23.89056119873484,-11.002436831737556],[23.89058740114346,-11.002423268174311],[23.890607833560246,-11.002403535155832],[23.890629183984053,-11.002378380100515],[23.890643039008804,-11.002351511974567],[23.890657964292316,-11.002321650880354],[23.890676807980324,-11.002259338348257],[23.890711895391078,-11.00226962905486],[23.890692697997352,-11.00233311125157],[23.890691795473384,-11.002335378928361],[23.890676280512658,-11.00236641980129],[23.89067619771131,-11.002366582885138],[23.890661529069625,-11.002395028812467],[23.89065965063995,-11.002397829264764],[23.89063670052157,-11.0024248690853],[23.89063565433912,-11.002425984177865],[23.89061296639443,-11.002447895523096],[23.890609090451107,-11.002450664739001],[23.890578842669107,-11.002466322376987],[23.890574866990633,-11.002467811795494],[23.89054204458139,-11.002475932107147],[23.89053738882339,-11.002476497593895],[23.890503703125937,-11.002476559696571],[23.890500107048126,-11.002476245872055],[23.89047214124597,-11.0024712947126],[23.890469095899014,-11.00247051251164],[23.890439271683007,-11.002460377116154],[23.890437432014817,-11.002459651550229],[23.89039418838017,-11.002440137496267],[23.89040889777047,-11.00241114911324],[23.890451240512316,-11.002430256639208]]]]}},{"type":"Feature","properties":{"id":null,"group":null,"name":null,"settlement_id":"settlement_seshai","country_id":"country_barrel","district_id":null,"status":null,"surface":null,"access":null,"bridge":null,"tunnel":null,"oneway":null,"route_id":null,"alt_name":null,"notes":null},"geometry":{"type":"MultiPolygon","coordinates":[[[[23.90461554965491,-11.00057972445305],[23.904614914198145,-11.0005800397528],[23.90294946345298,-11.001364725552909],[23.902949414223436,-11.001364748654881],[23.90286854628863,-11.001402545173528],[23.902867462805407,-11.00140300838182],[23.90281337714485,-11.001424051700218],[23.902811722928046,-11.001424605768655],[23.902730423119312,-11.001447621439837],[23.90271764952538,-11.001416443216982],[23.902798104402848,-11.001393666754547],[23.90285082919054,-11.001373152924224],[23.90293114060693,-11.001335616526815],[23.90459624519355,-11.000551094077498],[23.905794546128405,-10.999925772965181],[23.905814164180818,-10.999954239506083],[23.90461554965491,-11.00057972445305]]]]}},{"type":"Feature","properties":{"id":null,"group":null,"name":null,"settlement_id":"settlement_seshai","country_id":"country_barrel","district_id":null,"status":null,"surface":null,"access":null,"bridge":null,"tunnel":null,"oneway":null,"route_id":null,"alt_name":null,"notes":null},"geometry":{"type":"MultiPolygon","coordinates":[[[[23.90282661049317,-11.001506110368938],[23.902870600217025,-11.001469353557136],[23.90287205513292,-11.001468269887104],[23.90293433997136,-11.001427013865507],[23.902936345248648,-11.001425873914329],[23.904480465966895,-11.000680127799383],[23.904480730745995,-11.000680002636589],[23.904622800144477,-11.000614287206933],[23.905835935159985,-10.99998319811755],[23.905855513930863,-11.000011685124587],[23.904642020081912,-11.000642961076633],[23.904641291753823,-11.000643318668502],[23.90449898605844,-11.000709143421137],[23.902956046737618,-11.001454319206895],[23.902895479941602,-11.001494437247768],[23.902852083788215,-11.00153069809435],[23.902851884109417,-11.001530862231858],[23.902803678808336,-11.001569842978082],[23.90277850577155,-11.001545009773297],[23.90282661049317,-11.001506110368938]]]]}},{"type":"Feature","properties":{"id":null,"group":null,"name":"Avenida Hospital Ngola Kimbanda","settlement_id":"settlement_seshai","country_id":"country_barrel","district_id":null,"status":null,"surface":null,"access":null,"bridge":null,"tunnel":null,"oneway":null,"route_id":null,"alt_name":null,"notes":null},"geometry":{"type":"MultiPolygon","coordinates":[[[[23.899591485789482,-11.013404698621041],[23.899588998865163,-11.013405093701984],[23.89947171579718,-11.013416015358064],[23.899468945648355,-11.013416079855954],[23.89946617155624,-11.013415762328018],[23.899337715608347,-11.013392126106917],[23.89934292743867,-11.013360173121585],[23.899468607284746,-11.013383298553956],[23.899581857916132,-11.013372752424358],[23.899835087650768,-11.013315309104978],[23.899845938164837,-11.013346977916514],[23.899591485789482,-11.013404698621041]]]]}},{"type":"Feature","properties":{"id":null,"group":null,"name":"Rua Comandante Gika","settlement_id":"settlement_seshai","country_id":"country_barrel","district_id":null,"status":null,"surface":null,"access":null,"bridge":null,"tunnel":null,"oneway":null,"route_id":null,"alt_name":null,"notes":null},"geometry":{"type":"MultiPolygon","coordinates":[[[[23.898691113555373,-11.003561759733369],[23.89869241046506,-11.003561366473384],[23.898778954080775,-11.003538531138467],[23.89877975762543,-11.003538337857185],[23.898865384269165,-11.003519708371147],[23.898906250582616,-11.003510822837773],[23.898916766624474,-11.00354256581867],[23.898875903954963,-11.003551450565654],[23.898790683381208,-11.0035699917171],[23.89870519685541,-11.0035925481417],[23.898573124856583,-11.003637957513714],[23.89855840302707,-11.003607388626499],[23.898691113555373,-11.003561759733369]]]]}},{"type":"Feature","properties":{"id":null,"group":null,"name":"Avenida 5 de Abril","settlement_id":"settlement_seshai","country_id":"country_barrel","district_id":null,"status":null,"surface":null,"access":null,"bridge":null,"tunnel":null,"oneway":null,"route_id":null,"alt_name":null,"notes":null},"geometry":{"type":"MultiPolygon","coordinates":[[[[23.898907036294105,-11.00323810307522],[23.898906573991766,-11.003237446755188],[23.89886497197921,-11.003175407467053],[23.898864763526987,-11.00317508911377],[23.898748477127153,-11.002993156435783],[23.898779703555096,-11.002978211231305],[23.898895887599267,-11.003159983781744],[23.898937160502427,-11.003221532287354],[23.898997958611787,-11.003303791008712],[23.898968073730973,-11.003320685595417],[23.898907036294105,-11.00323810307522]]]]}},{"type":"Feature","properties":{"id":null,"group":null,"name":"Avenida 5 de Abril","settlement_id":"settlement_seshai","country_id":"country_barrel","district_id":null,"status":null,"surface":null,"access":null,"bridge":null,"tunnel":null,"oneway":null,"route_id":null,"alt_name":null,"notes":null},"geometry":{"type":"MultiPolygon","coordinates":[[[[23.89884519447381,-11.003195092787868],[23.898845553193873,-11.003196544828919],[23.898861693719557,-11.003278908791419],[23.8988618720818,-11.003280047061896],[23.8988749495311,-11.00339120455499],[23.89883883688521,-11.003392697117386],[23.898825826588784,-11.003282110353645],[23.898809940597403,-11.003201045236482],[23.898746571104017,-11.00298902039236],[23.898781609578016,-11.002982347274127],[23.89884519447381,-11.003195092787868]]]]}},{"type":"Feature","properties":{"id":null,"group":null,"name":"Rua Comandante Gika","settlement_id":"settlement_seshai","country_id":"country_barrel","district_id":null,"status":null,"surface":null,"access":null,"bridge":null,"tunnel":null,"oneway":null,"route_id":null,"alt_name":null,"notes":null},"geometry":{"type":"MultiPolygon","coordinates":[[[[23.898767021363913,-11.00350862735061],[23.898766562466466,-11.003508994652506],[23.89869303513985,-11.003565686551816],[23.898691500134532,-11.003566737419114],[23.89857652120413,-11.003636373217287],[23.898555006679185,-11.003608972922553],[23.898669183468236,-11.003539822951591],[23.898741744696572,-11.003483875958398],[23.89883965025894,-11.003402539668647],[23.898865152541088,-11.00342710360912],[23.898767021363913,-11.00350862735061]]]]}},{"type":"Feature","properties":{"id":null,"group":null,"name":"Avenida 5 de Abril","settlement_id":"settlement_seshai","country_id":"country_barrel","district_id":null,"status":null,"surface":null,"access":null,"bridge":null,"tunnel":null,"oneway":null,"route_id":null,"alt_name":null,"notes":null},"geometry":{"type":"MultiPolygon","coordinates":[[[[23.89902277828146,-11.00362477168464],[23.899023309519812,-11.003625589003535],[23.89907290877439,-11.003706838020419],[23.89907337821122,-11.00370765734335],[23.899120605902443,-11.003795705306594],[23.899120697427115,-11.003795878359249],[23.899214581823657,-11.003975934585089],[23.89918185749214,-11.003988293203644],[23.8990880183063,-11.003808323686542],[23.899041059408916,-11.003720776845052],[23.89899196025929,-11.003640347058424],[23.898926127940328,-11.0035450326197],[23.898956667911975,-11.00352905466783],[23.89902277828146,-11.00362477168464]]]]}},{"type":"Feature","properties":{"id":null,"group":null,"name":"Avenida 5 de Abril","settlement_id":"settlement_seshai","country_id":"country_barrel","district_id":null,"status":null,"surface":null,"access":null,"bridge":null,"tunnel":null,"oneway":null,"route_id":null,"alt_name":null,"notes":null},"geometry":{"type":"MultiPolygon","coordinates":[[[[23.899121176506192,-11.003793419274013],[23.89912116125507,-11.00379336978282],[23.899092250454277,-11.00369899872234],[23.89909212531765,-11.003698568333554],[23.899070043476925,-11.003618339951014],[23.899069800657134,-11.003617324942121],[23.899041761354997,-11.00347958787144],[23.89907747361508,-11.003475600199511],[23.89910540910202,-11.003612827261474],[23.89912729255166,-11.00369233482923],[23.89915613002244,-11.003786466511269],[23.89921569258119,-11.003978625128042],[23.899180746734487,-11.003985602660292],[23.899121176506192,-11.003793419274013]]]]}},{"type":"Feature","properties":{"id":null,"group":null,"name":null,"settlement_id":"settlement_seshai","country_id":"country_barrel","district_id":null,"status":null,"surface":null,"access":null,"bridge":null,"tunnel":null,"oneway":null,"route_id":null,"alt_name":null,"notes":null},"geometry":{"type":"MultiPolygon","coordinates":[[[[23.902401190349828,-11.001673386970651],[23.90240070227681,-11.001673643463366],[23.900825406454487,-11.002469782226557],[23.900825280361857,-11.00246984531349],[23.899228019622562,-11.003260936062054],[23.899226346598308,-11.003261659776282],[23.899021667014527,-11.003338075920848],[23.899006048801365,-11.003307828453941],[23.899209868073665,-11.003231733532887],[23.900806253077292,-11.002441076770237],[23.902381239623722,-11.00164509455837],[23.902511353133672,-11.001574042673742],[23.90253154535754,-11.001602203188922],[23.902401190349828,-11.001673386970651]]]]}},{"type":"Feature","properties":{"id":null,"group":null,"name":"Rua Gerrilheiro Faria","settlement_id":"settlement_seshai","country_id":"country_barrel","district_id":null,"status":null,"surface":null,"access":null,"bridge":null,"tunnel":null,"oneway":null,"route_id":null,"alt_name":null,"notes":null},"geometry":{"type":"MultiPolygon","coordinates":[[[[23.899256267565434,-11.013822930884327],[23.89925941289932,-11.013825677172193],[23.899323939732064,-11.01389607182212],[23.8993263901873,-11.013899473494833],[23.89942909933702,-11.01408609963031],[23.89939673009391,-11.014099121254965],[23.899295024069495,-11.013914317841593],[23.89923334754256,-11.013847032702246],[23.89916861594642,-11.013801866640813],[23.899189793651317,-11.013776549120818],[23.899256267565434,-11.013822930884327]]]]}},{"type":"Feature","properties":{"id":null,"group":null,"name":"Rua Gerrilheiro Faria","settlement_id":"settlement_seshai","country_id":"country_barrel","district_id":null,"status":null,"surface":null,"access":null,"bridge":null,"tunnel":null,"oneway":null,"route_id":null,"alt_name":null,"notes":null},"geometry":{"type":"MultiPolygon","coordinates":[[[[23.89934285375837,-11.0139260885883],[23.899342218130126,-11.01392279790146],[23.899332241281332,-11.013797560745996],[23.899332208518832,-11.013797028311242],[23.899328305851906,-11.013707106230754],[23.89936459484556,-11.0137077940761],[23.899368485966043,-11.013797449944285],[23.89937830901766,-11.013920756408288],[23.899430390828176,-11.01408913121155],[23.8993954386026,-11.014096089673286],[23.89934285375837,-11.0139260885883]]]]}},{"type":"Feature","properties":{"id":null,"group":null,"name":null,"settlement_id":"settlement_seshai","country_id":"country_barrel","district_id":null,"status":null,"surface":null,"access":null,"bridge":null,"tunnel":null,"oneway":null,"route_id":null,"alt_name":null,"notes":null},"geometry":{"type":"MultiPolygon","coordinates":[[[[23.89887243273675,-11.013640371191189],[23.898875498065124,-11.013640811732252],[23.898878467413223,-11.013641707871246],[23.898944626518606,-11.013667242793412],[23.898945998790698,-11.013667830672752],[23.89900534417088,-11.013695860217586],[23.89898999167606,-11.013724549812647],[23.898931320681633,-11.013696838798744],[23.89886878009939,-11.013672700501306],[23.898719559539654,-11.01366266552049],[23.898720098170127,-11.013630126771725],[23.89887243273675,-11.013640371191189]]]]}},{"type":"Feature","properties":{"id":null,"group":null,"name":null,"settlement_id":"settlement_seshai","country_id":"country_barrel","district_id":null,"status":null,"surface":null,"access":null,"bridge":null,"tunnel":null,"oneway":null,"route_id":null,"alt_name":null,"notes":null},"geometry":{"type":"MultiPolygon","coordinates":[[[[23.898881010352557,-11.013561651795234],[23.898880059533553,-11.013562508574285],[23.89881700111428,-11.013614892112548],[23.89881402109926,-11.013616863550439],[23.898729600380427,-11.013660649870173],[23.89871005732931,-11.013632142420626],[23.898792862581235,-11.013589194004526],[23.898854061688507,-11.01353835503586],[23.89893910071853,-11.013455232998494],[23.898966505396732,-11.013478084003939],[23.898881010352557,-11.013561651795234]]]]}},{"type":"Feature","properties":{"id":null,"group":null,"name":"Rua Gerrilheiro Faria","settlement_id":"settlement_seshai","country_id":"country_barrel","district_id":null,"status":null,"surface":null,"access":null,"bridge":null,"tunnel":null,"oneway":null,"route_id":null,"alt_name":null,"notes":null},"geometry":{"type":"MultiPolygon","coordinates":[[[[23.89897921122849,-11.013171296618106],[23.898979928912773,-11.013174028733678],[23.898996445550694,-11.01327329413072],[23.898996639980755,-11.013275246179498],[23.89900103651374,-11.013408258913863],[23.898964735943657,-11.013407267550987],[23.898960371738408,-11.01327523254501],[23.898944247931926,-11.013178328037359],[23.898871827103463,-11.012978226828004],[23.898906303435776,-11.012969849932688],[23.89897921122849,-11.013171296618106]]]]}},{"type":"Feature","properties":{"id":null,"group":null,"name":"Rua Gerrilheiro Faria","settlement_id":"settlement_seshai","country_id":"country_barrel","district_id":null,"status":null,"surface":null,"access":null,"bridge":null,"tunnel":null,"oneway":null,"route_id":null,"alt_name":null,"notes":null},"geometry":{"type":"MultiPolygon","coordinates":[[[[23.89906601876169,-11.0132453253704],[23.899064497503513,-11.013243864702153],[23.89899605122564,-11.01317026879003],[23.898994138492647,-11.013167819014848],[23.898873508520012,-11.012981598752441],[23.89890462201945,-11.0129664780087],[23.899024412821856,-11.013151402831365],[23.899091070723113,-11.013223075825971],[23.89917366059788,-11.01329395358934],[23.89914941513089,-11.01331689524558],[23.89906601876169,-11.0132453253704]]]]}},{"type":"Feature","properties":{"id":null,"group":null,"name":"Avenida Hospital Ngola Kimbanda","settlement_id":"settlement_seshai","country_id":"country_barrel","district_id":null,"status":null,"surface":null,"access":null,"bridge":null,"tunnel":null,"oneway":null,"route_id":null,"alt_name":null,"notes":null},"geometry":{"type":"MultiPolygon","coordinates":[[[[23.8994771619387,-11.01347420892806],[23.89948008513008,-11.013471560780724],[23.899546891904897,-11.013424580940491],[23.89955072893104,-11.013422558258352],[23.899832636293635,-11.01331604492315],[23.899848389521825,-11.013346242098013],[23.89956855843539,-11.013451970992929],[23.899505159751207,-11.01349655420794],[23.89941762434488,-11.013598761169861],[23.899388350628687,-11.013577905619055],[23.8994771619387,-11.01347420892806]]]]}},{"type":"Feature","properties":{"id":null,"group":null,"name":null,"settlement_id":"settlement_seshai","country_id":"country_barrel","district_id":null,"status":null,"surface":null,"access":null,"bridge":null,"tunnel":null,"oneway":null,"route_id":null,"alt_name":null,"notes":null},"geometry":{"type":"MultiPolygon","coordinates":[[[[23.90189855176155,-11.026122395646597],[23.901800276100943,-11.025575894613361],[23.9018001377453,-11.025574957030333],[23.901745244207344,-11.025099444631474],[23.90158612789286,-11.02407889285693],[23.901586084265382,-11.02407859326204],[23.901506090297396,-11.023487563353449],[23.901506056954595,-11.023487299383497],[23.901438167189,-11.022908464345141],[23.901295433766677,-11.022202035313974],[23.901276450587844,-11.022168572416893],[23.90125961311394,-11.022159306954906],[23.9012014883518,-11.022153850398466],[23.90098123481282,-11.022142269650345],[23.900979374698988,-11.02214208619119],[23.900783660722457,-11.022113724727241],[23.900782638245843,-11.02211355016777],[23.90071108490024,-11.022099473974826],[23.900709388970554,-11.022099065299226],[23.9004617550666,-11.02202821322733],[23.900458659628434,-11.022027051797965],[23.900455814869154,-11.02202541958791],[23.90027873215589,-11.021903456159075],[23.900277564795893,-11.021902586447084],[23.900047605594732,-11.021717480893392],[23.90004701489119,-11.021716985566286],[23.899562592310385,-11.02129387978733],[23.899076913234733,-11.020878775701663],[23.899076629523172,-11.020878528334528],[23.898835612889098,-11.020664158923303],[23.898860367560673,-11.020641662413489],[23.899101243658517,-11.020855906866261],[23.899586857365314,-11.021270955161704],[23.899587012463314,-11.021271089167449],[23.90007122232631,-11.021694009235352],[23.90030031513026,-11.021878417422142],[23.900474078533573,-11.021998094751428],[23.900717650015114,-11.02206778453842],[23.900787837595637,-11.02208159206541],[23.900982110743914,-11.022109744766496],[23.901201849722554,-11.022121298493914],[23.901202685093327,-11.022121359657936],[23.90126548432956,-11.02212725504808],[23.901269607401787,-11.022128073227552],[23.901273469701774,-11.022129706361223],[23.901298794258658,-11.022143642168539],[23.90130169241555,-11.022145586178697],[23.90130415192528,-11.022147974081797],[23.901306080504014,-11.022150716280777],[23.901328875796217,-11.02219089904283],[23.90132996263688,-11.02219321398322],[23.90133065849297,-11.022195628811133],[23.901474014021314,-11.022905136647594],[23.90147421041573,-11.022906367693363],[23.90154215714389,-11.023485688057912],[23.90162211299611,-11.024076436042279],[23.901781252029515,-11.025097133072983],[23.901781332191682,-11.025097723998448],[23.901836205669053,-11.025573062337417],[23.90193446511133,-11.026119472972585],[23.90193458143186,-11.026120229358922],[23.902095824858446,-11.027381517016057],[23.90205974669144,-11.027383304639322],[23.90189855176155,-11.026122395646597]]]]}},{"type":"Feature","properties":{"id":null,"group":null,"name":null,"settlement_id":"settlement_seshai","country_id":"country_barrel","district_id":null,"status":null,"surface":null,"access":null,"bridge":null,"tunnel":null,"oneway":null,"route_id":null,"alt_name":null,"notes":null},"geometry":{"type":"MultiPolygon","coordinates":[[[[23.890321744391915,-11.002125367221735],[23.890322476878893,-11.002126557130097],[23.89034754352679,-11.002171284222683],[23.89034831152066,-11.002172839027779],[23.890365109623417,-11.002211902098415],[23.890365936540242,-11.00221435645277],[23.89039305818925,-11.002324044119295],[23.890357626678913,-11.002329277579012],[23.890330814194517,-11.002220840241934],[23.890314874717138,-11.002183773855936],[23.890290575324528,-11.002140415798438],[23.890219447712475,-11.002034727308404],[23.890250224443964,-11.002019095753699],[23.890321744391915,-11.002125367221735]]]]}},{"type":"Feature","properties":{"id":null,"group":null,"name":null,"settlement_id":"settlement_seshai","country_id":"country_barrel","district_id":null,"status":null,"surface":null,"access":null,"bridge":null,"tunnel":null,"oneway":null,"route_id":null,"alt_name":null,"notes":null},"geometry":{"type":"MultiPolygon","coordinates":[[[[23.89041919603348,-11.002422781238888],[23.89038389011536,-11.002428505369917],[23.890357689475366,-11.002329522906512],[23.89039299539282,-11.002323798791842],[23.89041919603348,-11.002422781238888]]]]}},{"type":"Feature","properties":{"id":null,"group":null,"name":null,"settlement_id":"settlement_seshai","country_id":"country_barrel","district_id":null,"status":null,"surface":null,"access":null,"bridge":null,"tunnel":null,"oneway":null,"route_id":null,"alt_name":null,"notes":null},"geometry":{"type":"MultiPolygon","coordinates":[[[[23.890467133575076,-11.002212217109113],[23.890433649616917,-11.002243782797752],[23.89040941810326,-11.002283851546139],[23.890392718219864,-11.002332325552782],[23.890357966649116,-11.002320996144173],[23.890375166524443,-11.002271070852204],[23.890376467427064,-11.002268295189719],[23.890402557167167,-11.002225153726299],[23.890405135383347,-11.002221971613736],[23.890441605020243,-11.002187591301453],[23.890444879433353,-11.002185202375179],[23.89048520916036,-11.002162736328856],[23.890505653638378,-11.002190759146636],[23.890467133575076,-11.002212217109113]]]]}},{"type":"Feature","properties":{"id":null,"group":null,"name":null,"settlement_id":"settlement_seshai","country_id":"country_barrel","district_id":null,"status":null,"surface":null,"access":null,"bridge":null,"tunnel":null,"oneway":null,"route_id":null,"alt_name":null,"notes":null},"geometry":{"type":"MultiPolygon","coordinates":[[[[23.89043688417586,-11.002180981557578],[23.890434031950758,-11.002180164815481],[23.89039163105525,-11.00216464823498],[23.890390301604697,-11.002164108378459],[23.890358155814248,-11.00214972441898],[23.8903564980768,-11.002148889912224],[23.890321868859907,-11.002129418458392],[23.8903202103522,-11.002128375744267],[23.890285579173852,-11.002104136691266],[23.890282682049936,-11.002101647533106],[23.890221326906588,-11.002037065822464],[23.8902483452502,-11.002016757239836],[23.890308392059193,-11.002079961823114],[23.890340634044325,-11.002102528637474],[23.89037359750116,-11.002121063466877],[23.89040423872792,-11.00213477419939],[23.890444568592144,-11.002149532894315],[23.890498545505018,-11.00216087047728],[23.890492317293536,-11.002192625000095],[23.89043688417586,-11.002180981557578]]]]}},{"type":"Feature","properties":{"id":null,"group":null,"name":"Avenida Eduardo Mondlane","settlement_id":"settlement_seshai","country_id":"country_barrel","district_id":null,"status":null,"surface":null,"access":null,"bridge":null,"tunnel":null,"oneway":null,"route_id":null,"alt_name":null,"notes":null},"geometry":{"type":"MultiPolygon","coordinates":[[[[23.894951146946983,-11.012680988481062],[23.894952040894978,-11.0126832545233],[23.89530710037814,-11.013833509674242],[23.895564574469528,-11.014663612358554],[23.895564629393437,-11.014663793276702],[23.895598569131273,-11.014778065031946],[23.895765089892,-11.015332380367758],[23.895851949693355,-11.015612997257978],[23.89600685292233,-11.016083847669607],[23.896006938309466,-11.016084115217698],[23.89610870552282,-11.016413092217718],[23.896108878456232,-11.016413693595076],[23.896141874805945,-11.01653776763905],[23.896106576770602,-11.016543524074716],[23.89607366068541,-11.016419751821742],[23.89597202760025,-11.016091208363926],[23.895817124806708,-11.015620359217902],[23.89581704025392,-11.01562009436128],[23.895730120023675,-11.01533928220608],[23.895730081845787,-11.015339157018992],[23.895563535239845,-11.014784755568444],[23.895563521269494,-11.014784708798997],[23.895529601483528,-11.0146705042027],[23.895272152266926,-11.013840481600312],[23.89527214599316,-11.013840461324824],[23.894917440591335,-11.012691353127918],[23.894623314514142,-11.012083748249543],[23.894656484179926,-11.012072274927352],[23.894951146946983,-11.012680988481062]]]]}},{"type":"Feature","properties":{"id":null,"group":null,"name":"Avenida Eduardo Mondlane","settlement_id":"settlement_seshai","country_id":"country_barrel","district_id":null,"status":null,"surface":null,"access":null,"bridge":null,"tunnel":null,"oneway":null,"route_id":null,"alt_name":null,"notes":null},"geometry":{"type":"MultiPolygon","coordinates":[[[[23.89024918811169,-11.001336732635453],[23.890249107417542,-11.001336554062378],[23.889925292600452,-11.000608364797111],[23.88942145407748,-10.999514480077234],[23.889421440115992,-10.999514449683447],[23.88831302341713,-10.99709486743399],[23.888312974944295,-10.9970947606097],[23.887378380994647,-10.995015273937794],[23.8874119445332,-10.995004645052942],[23.8883465143401,-10.997084077945383],[23.889454899504642,-10.99950359129483],[23.889958776269218,-11.000597559012816],[23.8899588654948,-11.000597756142454],[23.890282684418043,-11.001325954619483],[23.890711079358308,-11.002259050073697],[23.89067762401245,-11.002269917331153],[23.89024918811169,-11.001336732635453]]]]}},{"type":"Feature","properties":{"id":null,"group":null,"name":null,"settlement_id":"settlement_seshai","country_id":"country_barrel","district_id":null,"status":null,"surface":null,"access":null,"bridge":null,"tunnel":null,"oneway":null,"route_id":null,"alt_name":null,"notes":null},"geometry":{"type":"MultiPolygon","coordinates":[[[[23.895226694252315,-10.99408822051807],[23.895225600759684,-10.994090141641434],[23.894957151773426,-10.994488705150719],[23.894718663496125,-10.994857158196469],[23.894686991941295,-10.994839515196809],[23.89492555382856,-10.994470948519128],[23.89492570305027,-10.994470722540026],[23.89519360601571,-10.994072969796171],[23.895207380674737,-10.994043827215979],[23.89524094060087,-10.994058079991134],[23.895226694252315,-10.99408822051807]]]]}},{"type":"Feature","properties":{"id":null,"group":null,"name":null,"settlement_id":"settlement_seshai","country_id":"country_barrel","district_id":null,"status":null,"surface":null,"access":null,"bridge":null,"tunnel":null,"oneway":null,"route_id":null,"alt_name":null,"notes":null},"geometry":{"type":"MultiPolygon","coordinates":[[[[23.896990331541932,-10.999230766850967],[23.89697189746588,-10.99920170979742],[23.89753783718857,-10.998933155341748],[23.897556271208508,-10.998962212334334],[23.896990331541932,-10.999230766850967]]]]}},{"type":"Feature","properties":{"id":null,"group":null,"name":null,"settlement_id":"settlement_seshai","country_id":"country_barrel","district_id":null,"status":null,"surface":null,"access":null,"bridge":null,"tunnel":null,"oneway":null,"route_id":null,"alt_name":null,"notes":null},"geometry":{"type":"MultiPolygon","coordinates":[[[[23.897530303176953,-10.998953066036867],[23.897530107003846,-10.998952617106571],[23.897415875427278,-10.998680093302156],[23.897271271164843,-10.998442287619422],[23.897230049731366,-10.998374633833516],[23.897071181080026,-10.998153586742601],[23.897101342313096,-10.998137071066457],[23.897260597442656,-10.998358655912904],[23.897261325338427,-10.998359753988067],[23.897302892131997,-10.998427974592191],[23.897448161571134,-10.998666874169981],[23.897449292338894,-10.998669087656612],[23.89756390684822,-10.99894252502147],[23.89790528572323,-10.999692853504168],[23.897871783722806,-10.999703618008446],[23.897530303176953,-10.998953066036867]]]]}},{"type":"Feature","properties":{"id":null,"group":null,"name":null,"settlement_id":"settlement_seshai","country_id":"country_barrel","district_id":null,"status":null,"surface":null,"access":null,"bridge":null,"tunnel":null,"oneway":null,"route_id":null,"alt_name":null,"notes":null},"geometry":{"type":"MultiPolygon","coordinates":[[[[23.898836169210405,-10.999417184712378],[23.898834177661563,-10.999418115838965],[23.89869906025195,-10.999471349147704],[23.898698354136933,-10.999471610501075],[23.898508667242524,-10.999537386192777],[23.898507719667514,-10.999537686337325],[23.89789640825486,-10.999713397984705],[23.897342217850948,-10.999974792017403],[23.89732385784462,-10.999945699913214],[23.897879354748483,-10.999683689733269],[23.897882076393525,-10.999682666749015],[23.898494323711066,-10.999506686180501],[23.89868318571075,-10.999441196556944],[23.89881692109138,-10.999388507757455],[23.899199584751738,-10.999179288676757],[23.899219791801254,-10.999207441279815],[23.898836169210405,-10.999417184712378]]]]}},{"type":"Feature","properties":{"id":null,"group":null,"name":null,"settlement_id":"settlement_seshai","country_id":"country_barrel","district_id":null,"status":null,"surface":null,"access":null,"bridge":null,"tunnel":null,"oneway":null,"route_id":null,"alt_name":null,"notes":null},"geometry":{"type":"MultiPolygon","coordinates":[[[[23.895919231865697,-10.998553645137983],[23.895521939596044,-10.997779657862052],[23.895554761437968,-10.997767487658832],[23.89595224637868,-10.998541850285966],[23.895952611416526,-10.998542608219294],[23.8963826102552,-10.999497054412117],[23.89634905844241,-10.999507708992745],[23.895919231865697,-10.998553645137983]]]]}},{"type":"Feature","properties":{"id":null,"group":null,"name":null,"settlement_id":"settlement_seshai","country_id":"country_barrel","district_id":null,"status":null,"surface":null,"access":null,"bridge":null,"tunnel":null,"oneway":null,"route_id":null,"alt_name":null,"notes":null},"geometry":{"type":"MultiPolygon","coordinates":[[[[23.89449065227911,-10.998355932387154],[23.894900819340503,-10.998098807753848],[23.89490176386426,-10.998098257256443],[23.895528317388255,-10.997759458026382],[23.895528859872886,-10.997759176954583],[23.89614479070559,-10.997453669295199],[23.896163771931263,-10.997482460840944],[23.89554811547136,-10.997787832504539],[23.894922313159803,-10.998126225627459],[23.894512424459098,-10.998383175832215],[23.894512054470727,-10.998383401206206],[23.89360072731359,-10.998922659606961],[23.893579511726518,-10.998895080219615],[23.89449065227911,-10.998355932387154]]]]}},{"type":"Feature","properties":{"id":null,"group":null,"name":null,"settlement_id":"settlement_seshai","country_id":"country_barrel","district_id":null,"status":null,"surface":null,"access":null,"bridge":null,"tunnel":null,"oneway":null,"route_id":null,"alt_name":null,"notes":null},"geometry":{"type":"MultiPolygon","coordinates":[[[[23.896349260078292,-11.001493771023904],[23.896382284530326,-11.001482002094521],[23.8968323535139,-11.00238873467858],[23.89679932912179,-11.00240050373377],[23.896349260078292,-11.001493771023904]]]]}},{"type":"Feature","properties":{"id":null,"group":null,"name":null,"settlement_id":"settlement_seshai","country_id":"country_barrel","district_id":null,"status":null,"surface":null,"access":null,"bridge":null,"tunnel":null,"oneway":null,"route_id":null,"alt_name":null,"notes":null},"geometry":{"type":"MultiPolygon","coordinates":[[[[23.897567542870508,-11.004993803407885],[23.896676463063336,-11.005428064830175],[23.896657699222914,-11.00539916589212],[23.897549095201285,-11.004964750525318],[23.89754973485167,-11.004964454516749],[23.897605738270173,-11.004939882434352],[23.897623222713015,-11.004969373289342],[23.897567542870508,-11.004993803407885]]]]}},{"type":"Feature","properties":{"id":null,"group":null,"name":"Rua da Radio","settlement_id":"settlement_seshai","country_id":"country_barrel","district_id":null,"status":null,"surface":null,"access":null,"bridge":null,"tunnel":null,"oneway":null,"route_id":null,"alt_name":null,"notes":null},"geometry":{"type":"MultiPolygon","coordinates":[[[[23.897631188381713,-11.004949151488436],[23.898461823326485,-11.006744832300468],[23.898462034401618,-11.006745308333988],[23.89876462723039,-11.00745825478608],[23.899027663595042,-11.007996626694506],[23.89930979428522,-11.008573945559826],[23.899337197947077,-11.00862692915176],[23.899304422229083,-11.008639188979535],[23.89927693160579,-11.008586037252185],[23.89927676176446,-11.0085856995219],[23.89899454783555,-11.008008210322553],[23.898731318935205,-11.007469444332028],[23.898730957905507,-11.00746865296994],[23.898428297139933,-11.006755546424955],[23.8975977723615,-11.00496010372431],[23.897275151518283,-11.00426275998161],[23.897308567340065,-11.004251807333013],[23.897631188381713,-11.004949151488436]]]]}},{"type":"Feature","properties":{"id":null,"group":null,"name":"Rua da Radio","settlement_id":"settlement_seshai","country_id":"country_barrel","district_id":null,"status":null,"surface":null,"access":null,"bridge":null,"tunnel":null,"oneway":null,"route_id":null,"alt_name":null,"notes":null},"geometry":{"type":"MultiPolygon","coordinates":[[[[23.89719048766838,-11.00400563615359],[23.897190385577645,-11.004005438640407],[23.8971627833205,-11.003951152215693],[23.897162538717126,-11.00395065039725],[23.896898815076398,-11.003385530891709],[23.8968987434937,-11.00338537538939],[23.896853787620284,-11.003286358254487],[23.896813681424867,-11.003198206222399],[23.896813463687618,-11.003197705594227],[23.896539555505374,-11.002537844456995],[23.896573493421872,-11.002528081931942],[23.896847297114032,-11.003187691315208],[23.89688729268938,-11.003275600205475],[23.896932221167194,-11.003374556985626],[23.89719579073543,-11.00393934632698],[23.8972232158607,-11.003993284379535],[23.89734819073395,-11.004231172512322],[23.89731551430381,-11.00424362281344],[23.89719048766838,-11.00400563615359]]]]}},{"type":"Feature","properties":{"id":null,"group":null,"name":null,"settlement_id":"settlement_seshai","country_id":"country_barrel","district_id":null,"status":null,"surface":null,"access":null,"bridge":null,"tunnel":null,"oneway":null,"route_id":null,"alt_name":null,"notes":null},"geometry":{"type":"MultiPolygon","coordinates":[[[[23.89700645215805,-10.998130930210877],[23.89694734624427,-10.998133654994493],[23.896535125021323,-10.998273154856614],[23.896520572246157,-10.998242528281063],[23.896935318736478,-10.998102173905936],[23.896937897790103,-10.99810150244783],[23.89694058324269,-10.998101193059558],[23.89700682917305,-10.998098139131192],[23.897011161915604,-10.998098405950483],[23.897015362500678,-10.998099585411289],[23.897092783147603,-10.998130481085772],[23.89707974024713,-10.998160176723143],[23.89700645215805,-10.998130930210877]]]]}},{"type":"Feature","properties":{"id":null,"group":null,"name":null,"settlement_id":"settlement_seshai","country_id":"country_barrel","district_id":null,"status":null,"surface":null,"access":null,"bridge":null,"tunnel":null,"oneway":null,"route_id":null,"alt_name":null,"notes":null},"geometry":{"type":"MultiPolygon","coordinates":[[[[23.89824153285035,-10.99885060439455],[23.898287682316045,-10.998729775399733],[23.898300797487636,-10.998561058075548],[23.89833702553687,-10.998565266727415],[23.89832374946363,-10.998736054170607],[23.89832284923578,-10.998740059978335],[23.898275553501016,-10.998863890186344],[23.8982745735872,-10.998865950471853],[23.89821071282351,-10.9989768249965],[23.89817824499497,-10.998960484212839],[23.89824153285035,-10.99885060439455]]]]}},{"type":"Feature","properties":{"id":null,"group":null,"name":null,"settlement_id":"settlement_seshai","country_id":"country_barrel","district_id":null,"status":null,"surface":null,"access":null,"bridge":null,"tunnel":null,"oneway":null,"route_id":null,"alt_name":null,"notes":null},"geometry":{"type":"MultiPolygon","coordinates":[[[[23.89784718753647,-10.99870977824962],[23.89820496022465,-10.998955920918576],[23.898836546366987,-10.999390374341614],[23.898815584956427,-10.999415842446718],[23.89818399814223,-10.998981388670643],[23.8978257949674,-10.99873494989382],[23.89782495582474,-10.99873433925496],[23.897074940537628,-10.998157451559392],[23.89709758285623,-10.998133206249845],[23.89784718753647,-10.99870977824962]]]]}},{"type":"Feature","properties":{"id":null,"group":null,"name":null,"settlement_id":"settlement_seshai","country_id":"country_barrel","district_id":null,"status":null,"surface":null,"access":null,"bridge":null,"tunnel":null,"oneway":null,"route_id":null,"alt_name":null,"notes":null},"geometry":{"type":"MultiPolygon","coordinates":[[[[23.897976568483458,-11.002616225565607],[23.89789793282048,-11.002659269951444],[23.897897469267722,-11.00265951461869],[23.897793619185155,-11.002712333838426],[23.89684020626351,-11.003207076625362],[23.89682065900379,-11.00317857193711],[23.897774134800358,-11.002683796673896],[23.897774260662224,-11.002683732012425],[23.897877939786866,-11.002630999759855],[23.897956770046413,-11.002587848866531],[23.897957633504106,-11.002587407197508],[23.898460026938796,-11.002347824270203],[23.898478522486307,-11.002376852118617],[23.897976568483458,-11.002616225565607]]]]}},{"type":"Feature","properties":{"id":null,"group":null,"name":"rua da cidade do namibe","settlement_id":"settlement_seshai","country_id":"country_barrel","district_id":null,"status":null,"surface":null,"access":null,"bridge":null,"tunnel":null,"oneway":null,"route_id":null,"alt_name":null,"notes":null},"geometry":{"type":"MultiPolygon","coordinates":[[[[23.89801080339945,-11.002737552904348],[23.8980103954601,-11.002736736428059],[23.89795019038717,-11.002607434022734],[23.897983572216116,-11.002596408276585],[23.89804358521018,-11.00272529815225],[23.898092786539724,-11.0028173711526],[23.89806022060388,-11.002830029882006],[23.89801080339945,-11.002737552904348]]]]}},{"type":"Feature","properties":{"id":null,"group":null,"name":null,"settlement_id":"settlement_seshai","country_id":"country_barrel","district_id":null,"status":null,"surface":null,"access":null,"bridge":null,"tunnel":null,"oneway":null,"route_id":null,"alt_name":null,"notes":null},"geometry":{"type":"MultiPolygon","coordinates":[[[[23.898067226486045,-11.002809200564345],[23.898565394936742,-11.002570622567774],[23.898583942768898,-11.00259962543233],[23.898085779098267,-11.002838201216527],[23.896924777159256,-11.003394505145799],[23.896906222868374,-11.003365505117923],[23.898067226486045,-11.002809200564345]]]]}},{"type":"Feature","properties":{"id":null,"group":null,"name":null,"settlement_id":"settlement_seshai","country_id":"country_barrel","district_id":null,"status":null,"surface":null,"access":null,"bridge":null,"tunnel":null,"oneway":null,"route_id":null,"alt_name":null,"notes":null},"geometry":{"type":"MultiPolygon","coordinates":[[[[23.897004729958553,-11.001164263347231],[23.897038256761988,-11.00115355333858],[23.89744885308774,-11.002060379765437],[23.89741532633214,-11.002071089905572],[23.897004729958553,-11.001164263347231]]]]}},{"type":"Feature","properties":{"id":null,"group":null,"name":null,"settlement_id":"settlement_seshai","country_id":"country_barrel","district_id":null,"status":null,"surface":null,"access":null,"bridge":null,"tunnel":null,"oneway":null,"route_id":null,"alt_name":null,"notes":null},"geometry":{"type":"MultiPolygon","coordinates":[[[[23.892015813630547,-10.997909438669002],[23.89203418633469,-10.997938525288962],[23.89117957823939,-10.998342063117304],[23.891161205451155,-10.998312976404918],[23.892015813630547,-10.997909438669002]]]]}},{"type":"Feature","properties":{"id":null,"group":null,"name":null,"settlement_id":"settlement_seshai","country_id":"country_barrel","district_id":null,"status":null,"surface":null,"access":null,"bridge":null,"tunnel":null,"oneway":null,"route_id":null,"alt_name":null,"notes":null},"geometry":{"type":"MultiPolygon","coordinates":[[[[23.900382420826535,-10.997498612632732],[23.900016768230085,-10.996672363788278],[23.900016469637613,-10.996671642707048],[23.900002255445262,-10.9966348230384],[23.89998177334767,-10.996596776410495],[23.900014289962563,-10.996584026078404],[23.900035264129194,-10.996622986751774],[23.900036124631203,-10.996624855163741],[23.900050567058113,-10.996662266036944],[23.900417525752168,-10.997491466136818],[23.900418584988735,-10.99749481797071],[23.900418851592523,-10.997498252974587],[23.900417232253673,-10.997538854790516],[23.900380940180447,-10.997535736923401],[23.900382420826535,-10.997498612632732]]]]}},{"type":"Feature","properties":{"id":null,"group":null,"name":null,"settlement_id":"settlement_seshai","country_id":"country_barrel","district_id":null,"status":null,"surface":null,"access":null,"bridge":null,"tunnel":null,"oneway":null,"route_id":null,"alt_name":null,"notes":null},"geometry":{"type":"MultiPolygon","coordinates":[[[[23.89987194587137,-10.996641500938225],[23.899934474535872,-10.996607552874568],[23.899987504082628,-10.99657656483853],[23.900008559230056,-10.996604237648123],[23.89995529783728,-10.996635361173087],[23.89995482907507,-10.996635625280192],[23.899891924660096,-10.99666977735631],[23.899891645288868,-10.996669925732247],[23.899131527726432,-10.997064757843127],[23.899111968745498,-10.997036259981632],[23.89987194587137,-10.996641500938225]]]]}},{"type":"Feature","properties":{"id":null,"group":null,"name":null,"settlement_id":"settlement_seshai","country_id":"country_barrel","district_id":null,"status":null,"surface":null,"access":null,"bridge":null,"tunnel":null,"oneway":null,"route_id":null,"alt_name":null,"notes":null},"geometry":{"type":"MultiPolygon","coordinates":[[[[23.899104850832323,-10.997055573627255],[23.899063822754236,-10.996966500753414],[23.899063675320413,-10.996966171151595],[23.898895020779864,-10.99657765592209],[23.89875991881251,-10.996328188883961],[23.89875864453689,-10.996325134722204],[23.898758045036654,-10.996321951177325],[23.89875576572246,-10.996292960577705],[23.89875592732687,-10.996289366931284],[23.898756968630607,-10.996285940852252],[23.898761222623,-10.996276418585339],[23.898795041152436,-10.996290109284148],[23.8987922793631,-10.996296291359581],[23.8987940139,-10.996318352913523],[23.898927841257734,-10.996565466364627],[23.89892846941675,-10.996566756295428],[23.89909733659491,-10.996955761349877],[23.89913846733675,-10.99704505710616],[23.899138802535855,-10.997045837707715],[23.899485103371934,-10.997914361015082],[23.899450994800727,-10.997923703558383],[23.899104850832323,-10.997055573627255]]]]}},{"type":"Feature","properties":{"id":null,"group":null,"name":null,"settlement_id":"settlement_seshai","country_id":"country_barrel","district_id":null,"status":null,"surface":null,"access":null,"bridge":null,"tunnel":null,"oneway":null,"route_id":null,"alt_name":null,"notes":null},"geometry":{"type":"MultiPolygon","coordinates":[[[[23.899146972792316,-10.99779948488954],[23.899168407189727,-10.997813735769581],[23.899231170250438,-10.997844843983424],[23.899400414590584,-10.997873579907358],[23.89940495947686,-10.997874901892857],[23.89947491195191,-10.997904324458402],[23.899502226094643,-10.997915782775546],[23.899563510640373,-10.997936290318119],[23.899592821287293,-10.997934385710579],[23.89970042295574,-10.997913154217033],[23.900373474391113,-10.99757245800767],[23.900381203787987,-10.997533507611907],[23.900416968646425,-10.997541084101638],[23.900407836224073,-10.997587104732565],[23.90040678985054,-10.997590323208158],[23.900405006770868,-10.997593235086445],[23.900402565008378,-10.997595712950533],[23.900399571408805,-10.997597648374953],[23.89971744757774,-10.997942937098133],[23.899712727152565,-10.997944551353658],[23.89960137824215,-10.997966522253192],[23.899598866756286,-10.99796684921568],[23.899564303108416,-10.997969095168793],[23.89956036164926,-10.997968964040831],[23.89955649353274,-10.997968071913649],[23.89949065257922,-10.997946039679832],[23.899489222443528,-10.99794550134038],[23.89946119511083,-10.997933743844046],[23.899461177336402,-10.99793373637781],[23.89939341002652,-10.997905232922227],[23.89922352583724,-10.997876388385286],[23.899220607031438,-10.997875670927277],[23.899217829980035,-10.997874539783224],[23.899151216824777,-10.997841523300254],[23.899149017195793,-10.9978402545854],[23.899124226446986,-10.997823772204635],[23.899122069598974,-10.997822110451947],[23.899120198905365,-10.997820188716334],[23.89894923254267,-10.997616800217182],[23.898977732405573,-10.997598149652799],[23.899146972792316,-10.99779948488954]]]]}},{"type":"Feature","properties":{"id":null,"group":null,"name":null,"settlement_id":"settlement_seshai","country_id":"country_barrel","district_id":null,"status":null,"surface":null,"access":null,"bridge":null,"tunnel":null,"oneway":null,"route_id":null,"alt_name":null,"notes":null},"geometry":{"type":"MultiPolygon","coordinates":[[[[23.891895757515687,-10.996610445099176],[23.89182635800779,-10.996477350848751],[23.89182612782671,-10.996476892296485],[23.891603713189443,-10.99601616056832],[23.891603681500147,-10.996016094549857],[23.89155774458198,-10.995919846946622],[23.891556522413666,-10.995916234693752],[23.891533174972118,-10.995803434875238],[23.891532871206785,-10.995800897529179],[23.89153300738354,-10.995798372151679],[23.89156258888828,-10.995590693572268],[23.891563525332337,-10.995587257848328],[23.891612714828234,-10.995467806408923],[23.89161309768832,-10.995466955887347],[23.89164757246823,-10.99539653308861],[23.89164799327125,-10.995395736951243],[23.89214830282938,-10.994516073656516],[23.89218084895647,-10.994532276825558],[23.891680762619572,-10.99541154787238],[23.89164669101169,-10.995481147117793],[23.89159836247511,-10.995598507844928],[23.891569392812748,-10.995801891093471],[23.89159182950224,-10.995910290710633],[23.891636912799115,-10.996004749792053],[23.891859200148826,-10.996465217839791],[23.891928481236555,-10.996598084984665],[23.892022284616015,-10.996778027478982],[23.89198955967746,-10.996790385256633],[23.891895757515687,-10.996610445099176]]]]}},{"type":"Feature","properties":{"id":null,"group":null,"name":null,"settlement_id":"settlement_seshai","country_id":"country_barrel","district_id":null,"status":null,"surface":null,"access":null,"bridge":null,"tunnel":null,"oneway":null,"route_id":null,"alt_name":null,"notes":null},"geometry":{"type":"MultiPolygon","coordinates":[[[[23.892509068990748,-10.996915110886865],[23.892527549174687,-10.996944146404177],[23.8917487625027,-10.997315116740063],[23.891730282241124,-10.997286081139148],[23.892509068990748,-10.996915110886865]]]]}},{"type":"Feature","properties":{"id":null,"group":null,"name":null,"settlement_id":"settlement_seshai","country_id":"country_barrel","district_id":null,"status":null,"surface":null,"access":null,"bridge":null,"tunnel":null,"oneway":null,"route_id":null,"alt_name":null,"notes":null},"geometry":{"type":"MultiPolygon","coordinates":[[[[23.895724469109737,-11.0008574335779],[23.89572433982785,-11.00085715245889],[23.89567982587128,-11.00075790066128],[23.895713400470438,-11.000747296645905],[23.895757851177727,-11.0008464074151],[23.896119746410257,-11.001614192663661],[23.89608643042483,-11.001625359040826],[23.895724469109737,-11.0008574335779]]]]}},{"type":"Feature","properties":{"id":null,"group":null,"name":null,"settlement_id":"settlement_seshai","country_id":"country_barrel","district_id":null,"status":null,"surface":null,"access":null,"bridge":null,"tunnel":null,"oneway":null,"route_id":null,"alt_name":null,"notes":null},"geometry":{"type":"MultiPolygon","coordinates":[[[[23.895703590607894,-11.000768169179313],[23.894690797109384,-11.00123905479636],[23.894672612989503,-11.00120987991387],[23.89568752116103,-11.000738011266929],[23.895691998407024,-11.000736598622362],[23.895868562569216,-11.00070450149157],[23.895877792099615,-11.000736501526383],[23.895703590607894,-11.000768169179313]]]]}},{"type":"Feature","properties":{"id":null,"group":null,"name":null,"settlement_id":"settlement_seshai","country_id":"country_barrel","district_id":null,"status":null,"surface":null,"access":null,"bridge":null,"tunnel":null,"oneway":null,"route_id":null,"alt_name":null,"notes":null},"geometry":{"type":"MultiPolygon","coordinates":[[[[23.896130197624164,-11.000567363649255],[23.89732324153252,-10.999946005568265],[23.897342834162963,-10.999974486362282],[23.89614978887802,-11.00059584534867],[23.89588297072827,-11.00073474354202],[23.895863383940288,-11.00070625947527],[23.896130197624164,-11.000567363649255]]]]}},{"type":"Feature","properties":{"id":null,"group":null,"name":null,"settlement_id":"settlement_seshai","country_id":"country_barrel","district_id":null,"status":null,"surface":null,"access":null,"bridge":null,"tunnel":null,"oneway":null,"route_id":null,"alt_name":null,"notes":null},"geometry":{"type":"MultiPolygon","coordinates":[[[[23.89945025700435,-11.001892253868917],[23.899470533801047,-11.00192036842599],[23.898512785994782,-11.002446876398052],[23.898492509081166,-11.002418761751715],[23.89945025700435,-11.001892253868917]]]]}},{"type":"Feature","properties":{"id":null,"group":null,"name":null,"settlement_id":"settlement_seshai","country_id":"country_barrel","district_id":null,"status":null,"surface":null,"access":null,"bridge":null,"tunnel":null,"oneway":null,"route_id":null,"alt_name":null,"notes":null},"geometry":{"type":"MultiPolygon","coordinates":[[[[23.90044167964756,-11.020299151826562],[23.900441646859324,-11.020298651631911],[23.900427490417105,-11.02000686482704],[23.900427591303394,-11.020004305821363],[23.900474617803663,-11.019638922211694],[23.900474793942056,-11.019637866372692],[23.900519764343205,-11.01941900602478],[23.90052069858515,-11.019416088154733],[23.900596215753485,-11.019245522585999],[23.900630075767474,-11.019259126661147],[23.900555183162524,-11.019428281619014],[23.90051063022153,-11.019645110407458],[23.9004638356159,-11.020008692534708],[23.900477917401354,-11.02029894002089],[23.900508167532518,-11.020665228849102],[23.90047195040965,-11.02066569081961],[23.90044167964756,-11.020299151826562]]]]}},{"type":"Feature","properties":{"id":null,"group":null,"name":null,"settlement_id":"settlement_seshai","country_id":"country_barrel","district_id":null,"status":null,"surface":null,"access":null,"bridge":null,"tunnel":null,"oneway":null,"route_id":null,"alt_name":null,"notes":null},"geometry":{"type":"MultiPolygon","coordinates":[[[[23.900607746845264,-11.018902012235111],[23.90064380211362,-11.018907861752663],[23.90061444032281,-11.019124402111053],[23.900578385027426,-11.019118552628766],[23.900607746845264,-11.018902012235111]]]]}},{"type":"Feature","properties":{"id":null,"group":null,"name":null,"settlement_id":"settlement_seshai","country_id":"country_barrel","district_id":null,"status":null,"surface":null,"access":null,"bridge":null,"tunnel":null,"oneway":null,"route_id":null,"alt_name":null,"notes":null},"geometry":{"type":"MultiPolygon","coordinates":[[[[23.900613995868294,-11.019118359246317],[23.90057882948153,-11.019124595494517],[23.900513897475825,-11.018895290799328],[23.900549063862368,-11.0188890545887],[23.900613995868294,-11.019118359246317]]]]}},{"type":"Feature","properties":{"id":null,"group":null,"name":null,"settlement_id":"settlement_seshai","country_id":"country_barrel","district_id":null,"status":null,"surface":null,"access":null,"bridge":null,"tunnel":null,"oneway":null,"route_id":null,"alt_name":null,"notes":null},"geometry":{"type":"MultiPolygon","coordinates":[[[[23.898496007873344,-11.023568256095594],[23.898495579901528,-11.023566697117658],[23.89841237976339,-11.02318691116397],[23.89841232096005,-11.023186630148375],[23.89833351945915,-11.022791549280921],[23.89828787624874,-11.022659663680727],[23.89820721859522,-11.022525097992936],[23.89815723659716,-11.022488201267823],[23.898179265029547,-11.022463494631932],[23.8982322637678,-11.022502618323493],[23.898234983870367,-11.022505059383505],[23.89823712322154,-11.022507919580338],[23.898320511708004,-11.022647041278248],[23.898321951366228,-11.022650116616752],[23.898368495504815,-11.022784605427411],[23.898369051093674,-11.022786648745415],[23.898448030722815,-11.023182622571884],[23.89853102780406,-11.02356148153189],[23.898673770208596,-11.02399274201896],[23.898639005937476,-11.02400028905072],[23.898496007873344,-11.023568256095594]]]]}},{"type":"Feature","properties":{"id":null,"group":null,"name":null,"settlement_id":"settlement_seshai","country_id":"country_barrel","district_id":null,"status":null,"surface":null,"access":null,"bridge":null,"tunnel":null,"oneway":null,"route_id":null,"alt_name":null,"notes":null},"geometry":{"type":"MultiPolygon","coordinates":[[[[23.897864148551378,-11.02508783804591],[23.89786202387351,-11.025038976445417],[23.897842362252316,-11.02497337439979],[23.897815888831126,-11.024938130278429],[23.897815699557977,-11.024937873511288],[23.89777455388784,-11.024880986573526],[23.89765039273225,-11.024735616475176],[23.89764915547789,-11.024733987894844],[23.897615146895244,-11.024683381010046],[23.897613662596022,-11.024680668410634],[23.897575804549962,-11.024592994129106],[23.897574938165487,-11.024590394597679],[23.897515442993093,-11.024341016762582],[23.897515316202906,-11.02434043563805],[23.897479176798004,-11.024157809273907],[23.89747914885391,-11.02415766437668],[23.897390961722408,-11.023688148447048],[23.89729793017966,-11.023250773911036],[23.897297920307736,-11.023250727139938],[23.897269112319734,-11.023113176553023],[23.897116958037568,-11.022790501379376],[23.897116685469378,-11.022789891401176],[23.897076890855057,-11.02269570100808],[23.897075977039744,-11.022692781420389],[23.89705442670952,-11.022589111246145],[23.89705423435101,-11.02258796846916],[23.89703675896678,-11.022452532196395],[23.897072832219113,-11.022450709049776],[23.897090233646228,-11.022585572074464],[23.897111355943096,-11.022687183121592],[23.897150416652988,-11.022779636420715],[23.897303232613535,-11.023103714806979],[23.897304414361834,-11.023107222074312],[23.897333594663642,-11.023246550329173],[23.897426659229737,-11.023684079995586],[23.8974267308477,-11.023684437640854],[23.89751493801053,-11.02415406006481],[23.897551005451707,-11.024336322712877],[23.89761011527205,-11.024584085269264],[23.897646814453193,-11.024669075767893],[23.89767938008953,-11.024717535461768],[23.897803342325215,-11.024862672676207],[23.89780423426281,-11.024863806100965],[23.897845707454497,-11.024921145866706],[23.89787390543562,-11.024958685900543],[23.89787547767585,-11.024961200738327],[23.897876560854613,-11.024963895361442],[23.89789760451172,-11.02503410863434],[23.897898232672897,-11.02503779860674],[23.89790044548866,-11.025088687043617],[23.897900456007,-11.025089011416979],[23.897907393878672,-11.025413754835725],[23.8978710829328,-11.025412419383718],[23.897864148551378,-11.02508783804591]]]]}},{"type":"Feature","properties":{"id":null,"group":null,"name":null,"settlement_id":"settlement_seshai","country_id":"country_barrel","district_id":null,"status":null,"surface":null,"access":null,"bridge":null,"tunnel":null,"oneway":null,"route_id":null,"alt_name":null,"notes":null},"geometry":{"type":"MultiPolygon","coordinates":[[[[23.897628440652237,-11.022537462466454],[23.897673792922543,-11.022542579026092],[23.897765027243047,-11.022534192295765],[23.89798453000477,-11.022493269027525],[23.898163546184453,-11.022459864431845],[23.89817295544409,-11.022491831465983],[23.897993937754492,-11.022525236370068],[23.897773547185693,-11.02256632519088],[23.897771761269908,-11.022566572843344],[23.89767758324289,-11.022575230188673],[23.897673478675316,-11.02257518501847],[23.897625408217163,-11.022569761805665],[23.897624103620284,-11.02256957206504],[23.897052302097798,-11.022467617524272],[23.89705728909052,-11.022435623722329],[23.897628440652237,-11.022537462466454]]]]}},{"type":"Feature","properties":{"id":null,"group":null,"name":null,"settlement_id":"settlement_seshai","country_id":"country_barrel","district_id":null,"status":null,"surface":null,"access":null,"bridge":null,"tunnel":null,"oneway":null,"route_id":null,"alt_name":null,"notes":null},"geometry":{"type":"MultiPolygon","coordinates":[[[[23.89705513905803,-11.022435356318889],[23.897054452130522,-11.022467884927394],[23.896748668708447,-11.022446192633014],[23.896749355661726,-11.022413663977861],[23.89705513905803,-11.022435356318889]]]]}},{"type":"Feature","properties":{"id":null,"group":null,"name":null,"settlement_id":"settlement_seshai","country_id":"country_barrel","district_id":null,"status":null,"surface":null,"access":null,"bridge":null,"tunnel":null,"oneway":null,"route_id":null,"alt_name":null,"notes":null},"geometry":{"type":"MultiPolygon","coordinates":[[[[23.900312997004335,-11.017422777525805],[23.900324416336737,-11.017454312739854],[23.89928505358844,-11.017706995269982],[23.899273634233005,-11.017675459907343],[23.900312997004335,-11.017422777525805]]]]}},{"type":"Feature","properties":{"id":null,"group":null,"name":null,"settlement_id":"settlement_seshai","country_id":"country_barrel","district_id":null,"status":null,"surface":null,"access":null,"bridge":null,"tunnel":null,"oneway":null,"route_id":null,"alt_name":null,"notes":null},"geometry":{"type":"MultiPolygon","coordinates":[[[[23.898538448822443,-11.017255308913942],[23.898504689845392,-11.017265494959586],[23.897926451959474,-11.01592660992792],[23.897960210998274,-11.015916424080247],[23.898538448822443,-11.017255308913942]]]]}},{"type":"Feature","properties":{"id":null,"group":null,"name":null,"settlement_id":"settlement_seshai","country_id":"country_barrel","district_id":null,"status":null,"surface":null,"access":null,"bridge":null,"tunnel":null,"oneway":null,"route_id":null,"alt_name":null,"notes":null},"geometry":{"type":"MultiPolygon","coordinates":[[[[23.896887554501532,-11.01984147767861],[23.89688801476379,-11.019808933553769],[23.897981384896358,-11.019880364894265],[23.897980924724397,-11.019912908851989],[23.896887554501532,-11.01984147767861]]]]}},{"type":"Feature","properties":{"id":null,"group":null,"name":null,"settlement_id":"settlement_seshai","country_id":"country_barrel","district_id":null,"status":null,"surface":null,"access":null,"bridge":null,"tunnel":null,"oneway":null,"route_id":null,"alt_name":null,"notes":null},"geometry":{"type":"MultiPolygon","coordinates":[[[[23.898432877307584,-11.016527365468146],[23.8981482561029,-11.015930601691348],[23.898117739372854,-11.015866587770672],[23.89815099484214,-11.015855293134464],[23.898181509683127,-11.01591930309218],[23.89846613041968,-11.016516065878012],[23.898774978142516,-11.017163703852754],[23.89874172448318,-11.017175002305637],[23.898432877307584,-11.016527365468146]]]]}},{"type":"Feature","properties":{"id":null,"group":null,"name":null,"settlement_id":"settlement_seshai","country_id":"country_barrel","district_id":null,"status":null,"surface":null,"access":null,"bridge":null,"tunnel":null,"oneway":null,"route_id":null,"alt_name":null,"notes":null},"geometry":{"type":"MultiPolygon","coordinates":[[[[23.900135599148967,-11.022468900978335],[23.900148943256767,-11.022499913947659],[23.899221853080757,-11.02277835362634],[23.899208508934173,-11.022747340530959],[23.900135599148967,-11.022468900978335]]]]}},{"type":"Feature","properties":{"id":null,"group":null,"name":null,"settlement_id":"settlement_seshai","country_id":"country_barrel","district_id":null,"status":null,"surface":null,"access":null,"bridge":null,"tunnel":null,"oneway":null,"route_id":null,"alt_name":null,"notes":null},"geometry":{"type":"MultiPolygon","coordinates":[[[[23.90019331387528,-11.022495823731361],[23.900290637738976,-11.022456279401524],[23.900591565899507,-11.022296975909244],[23.900681910097934,-11.022228603235297],[23.900709048694974,-11.022203385608401],[23.90076900005313,-11.022089916599331],[23.900801985135093,-11.022105325832587],[23.900740855193675,-11.022221025562217],[23.900739495613887,-11.022223138883037],[23.900737778363727,-11.022225020155478],[23.90070815212968,-11.022252549341307],[23.90070691391883,-11.022253588046132],[23.900614852201702,-11.022323260558943],[23.900612575729756,-11.02232470872585],[23.900309658991855,-11.022485064966672],[23.90030804934846,-11.022485815085757],[23.90020487628275,-11.022527736061503],[23.900201486285617,-11.022528745426808],[23.900197899189244,-11.022529113579267],[23.900194259239974,-11.022528825714538],[23.900165471246922,-11.022523937818132],[23.900170122478244,-11.022491886073771],[23.90019331387528,-11.022495823731361]]]]}},{"type":"Feature","properties":{"id":null,"group":null,"name":null,"settlement_id":"settlement_seshai","country_id":"country_barrel","district_id":null,"status":null,"surface":null,"access":null,"bridge":null,"tunnel":null,"oneway":null,"route_id":null,"alt_name":null,"notes":null},"geometry":{"type":"MultiPolygon","coordinates":[[[[23.90000449470518,-11.021854218793134],[23.89998959102555,-11.02197879419799],[23.90002624863523,-11.022157833087403],[23.900115038754294,-11.022400565629361],[23.900157021349344,-11.022475340417481],[23.90018041674845,-11.022496883319079],[23.900155176974998,-11.022518940573692],[23.900129651312554,-11.02249543609113],[23.900127713540364,-11.022493356187486],[23.900126155717327,-11.022491042725722],[23.900082153747835,-11.022412671252837],[23.900081049307296,-11.022410275048985],[23.89999140655438,-11.022165211574],[23.89999077296706,-11.022162981973349],[23.89995340027563,-11.021980450503754],[23.89995319743858,-11.021975740165663],[23.89996868242017,-11.021846305941683],[23.899969195176926,-11.021843857281747],[23.899970127555367,-11.021841531793882],[23.900042652295763,-11.02169814885786],[23.90007587468882,-11.021713099028968],[23.90000449470518,-11.021854218793134]]]]}},{"type":"Feature","properties":{"id":null,"group":null,"name":null,"settlement_id":"settlement_seshai","country_id":"country_barrel","district_id":null,"status":null,"surface":null,"access":null,"bridge":null,"tunnel":null,"oneway":null,"route_id":null,"alt_name":null,"notes":null},"geometry":{"type":"MultiPolygon","coordinates":[[[[23.897485718779514,-11.02155498669568],[23.897486366748428,-11.02158758793963],[23.89679309073197,-11.021561266509247],[23.89679244281431,-11.021528665158462],[23.897485718779514,-11.02155498669568]]]]}},{"type":"Feature","properties":{"id":null,"group":null,"name":null,"settlement_id":"settlement_seshai","country_id":"country_barrel","district_id":null,"status":null,"surface":null,"access":null,"bridge":null,"tunnel":null,"oneway":null,"route_id":null,"alt_name":null,"notes":null},"geometry":{"type":"MultiPolygon","coordinates":[[[[23.89792821917503,-11.022240183322436],[23.89792805385752,-11.022237088907879],[23.89792955440504,-11.022208537226694],[23.897929837346016,-11.022206354617602],[23.897939858711002,-11.022158311748106],[23.897937710975526,-11.0220683238645],[23.897937706956412,-11.022068040887502],[23.897937423135467,-11.022005402326776],[23.897921381113655,-11.02195997176624],[23.89778178980918,-11.021830159535924],[23.8977153773091,-11.02178082998694],[23.897666305237212,-11.021774602044303],[23.89766294226793,-11.021773886229482],[23.897659750336977,-11.021772624333275],[23.897656842359446,-11.02177086099545],[23.897654321205604,-11.021768658594368],[23.897516043062982,-11.021624334113826],[23.89747296143434,-11.021581876568124],[23.897469945941822,-11.021577955836676],[23.897445695939265,-11.021534990295832],[23.89744425208344,-11.021531587553074],[23.8974436502108,-11.02152802804749],[23.89743963602387,-11.021442347142132],[23.897439619997144,-11.021441703677795],[23.89743655458761,-11.020394007581181],[23.89747287164559,-11.020395882167753],[23.89747593620417,-11.021443256592688],[23.89747976478444,-11.021524975697567],[23.897500932704336,-11.02156248048271],[23.89754239611138,-11.021603343254041],[23.89754277084558,-11.021603723290575],[23.89767640949832,-11.021743205444405],[23.897723661046957,-11.021749202343855],[23.897727074743763,-11.021749933535064],[23.89773031026245,-11.021751227135644],[23.89773324960611,-11.02175303596892],[23.897804766565432,-11.021806156996838],[23.897806393990972,-11.021807510266292],[23.897949969795608,-11.021941027882068],[23.897952717474826,-11.021944248877304],[23.89795456225503,-11.02194792289827],[23.897972850619013,-11.021999715033798],[23.89797350217123,-11.022002188415238],[23.89797372869765,-11.022004699657842],[23.897974023348006,-11.022069727178016],[23.89797620761008,-11.022161245124934],[23.8979759088132,-11.022164540465404],[23.897965773656743,-11.022213128879033],[23.897964412377068,-11.022239030685395],[23.898007206460495,-11.022507902003678],[23.897971259785525,-11.022510603676498],[23.89792821917503,-11.022240183322436]]]]}},{"type":"Feature","properties":{"id":null,"group":null,"name":null,"settlement_id":"settlement_seshai","country_id":"country_barrel","district_id":null,"status":null,"surface":null,"access":null,"bridge":null,"tunnel":null,"oneway":null,"route_id":null,"alt_name":null,"notes":null},"geometry":{"type":"MultiPolygon","coordinates":[[[[23.902526246429176,-10.995596515521724],[23.902526452486054,-10.995596288290576],[23.903379792252498,-10.994673917489417],[23.9034082826934,-10.994695649427706],[23.902555047400217,-10.995617907514502],[23.902082199141454,-10.996149932486388],[23.9020532962497,-10.99612865504707],[23.902526246429176,-10.995596515521724]]]]}},{"type":"Feature","properties":{"id":null,"group":null,"name":null,"settlement_id":"settlement_seshai","country_id":"country_barrel","district_id":null,"status":null,"surface":null,"access":null,"bridge":null,"tunnel":null,"oneway":null,"route_id":null,"alt_name":null,"notes":null},"geometry":{"type":"MultiPolygon","coordinates":[[[[23.902553636670117,-10.995596425910218],[23.902553868129036,-10.995596653141687],[23.903091894517853,-10.996134098706404],[23.903264551856296,-10.99630663712267],[23.903264821815828,-10.996306912546853],[23.903554498403285,-10.996608660228558],[23.903554983819248,-10.996609185924214],[23.903647880726503,-10.996713812556646],[23.903647959457665,-10.996713901813257],[23.904068040971435,-10.997193284876882],[23.90406987716546,-10.997195790604792],[23.90487729447404,-10.99853260953308],[23.90487860249864,-10.998535289580152],[23.904901240090435,-10.998594920351147],[23.904901579146017,-10.998595910433389],[23.904920950370293,-10.998659246718498],[23.904921584718224,-10.998662671844436],[23.904921411147672,-10.998666097293526],[23.904920437395717,-10.998669370372484],[23.90491870686842,-10.998672345180157],[23.904916296705945,-10.99867488911112],[23.90479686706623,-10.998775517182079],[23.90477119413963,-10.998751097141838],[23.904883119735278,-10.998656791786035],[23.904866751493916,-10.998603274057226],[23.904844826097627,-10.998545519311262],[23.904038988438472,-10.997211315820826],[23.903619984762596,-10.996733162803665],[23.903527364405193,-10.99662884765363],[23.903238069525322,-10.996327497629496],[23.903065552677447,-10.99615509963324],[23.902527642128828,-10.995617769868671],[23.90179880919754,-10.994914536806748],[23.90182468705719,-10.994893080149883],[23.902553636670117,-10.995596425910218]]]]}},{"type":"Feature","properties":{"id":null,"group":null,"name":null,"settlement_id":"settlement_seshai","country_id":"country_barrel","district_id":null,"status":null,"surface":null,"access":null,"bridge":null,"tunnel":null,"oneway":null,"route_id":null,"alt_name":null,"notes":null},"geometry":{"type":"MultiPolygon","coordinates":[[[[23.901642850111582,-10.995063172709093],[23.90179740869496,-10.99489304519449],[23.902612713169326,-10.99399576048263],[23.902649008634672,-10.993955865212126],[23.902677672924995,-10.993977407594866],[23.902641387037747,-10.994017292342077],[23.901826087155865,-10.994914572205179],[23.901671528358786,-10.99508469999396],[23.90137639677053,-10.995409481018878],[23.901347720354323,-10.995387951644455],[23.901642850111582,-10.995063172709093]]]]}},{"type":"Feature","properties":{"id":null,"group":null,"name":null,"settlement_id":"settlement_seshai","country_id":"country_barrel","district_id":null,"status":null,"surface":null,"access":null,"bridge":null,"tunnel":null,"oneway":null,"route_id":null,"alt_name":null,"notes":null},"geometry":{"type":"MultiPolygon","coordinates":[[[[23.902273671828222,-10.993667731901978],[23.90231079831789,-10.993633059200482],[23.902337683795402,-10.993656403144804],[23.902300555675083,-10.993691077377171],[23.901391491948033,-10.994539581599774],[23.90136461279857,-10.994516231543663],[23.902273671828222,-10.993667731901978]]]]}},{"type":"Feature","properties":{"id":null,"group":null,"name":null,"settlement_id":"settlement_seshai","country_id":"country_barrel","district_id":null,"status":null,"surface":null,"access":null,"bridge":null,"tunnel":null,"oneway":null,"route_id":null,"alt_name":null,"notes":null},"geometry":{"type":"MultiPolygon","coordinates":[[[[23.901739161730372,-10.992291433365972],[23.90176555597161,-10.992270484596682],[23.902727258460406,-10.99323507790932],[23.902700864410576,-10.993256026720204],[23.901739161730372,-10.992291433365972]]]]}},{"type":"Feature","properties":{"id":null,"group":null,"name":null,"settlement_id":"settlement_seshai","country_id":"country_barrel","district_id":null,"status":null,"surface":null,"access":null,"bridge":null,"tunnel":null,"oneway":null,"route_id":null,"alt_name":null,"notes":null},"geometry":{"type":"MultiPolygon","coordinates":[[[[23.904961521143495,-10.994242882391891],[23.904989129420787,-10.994265529220687],[23.903950203766207,-10.99530001599038],[23.903922595245945,-10.995277369166546],[23.904961521143495,-10.994242882391891]]]]}},{"type":"Feature","properties":{"id":null,"group":null,"name":null,"settlement_id":"settlement_seshai","country_id":"country_barrel","district_id":null,"status":null,"surface":null,"access":null,"bridge":null,"tunnel":null,"oneway":null,"route_id":null,"alt_name":null,"notes":null},"geometry":{"type":"MultiPolygon","coordinates":[[[[23.904660184757187,-10.993882028223771],[23.904687039568802,-10.993905400604804],[23.903604842229814,-10.994913369811908],[23.90357798718005,-10.994889997420238],[23.904660184757187,-10.993882028223771]]]]}},{"type":"Feature","properties":{"id":null,"group":null,"name":null,"settlement_id":"settlement_seshai","country_id":"country_barrel","district_id":null,"status":null,"surface":null,"access":null,"bridge":null,"tunnel":null,"oneway":null,"route_id":null,"alt_name":null,"notes":null},"geometry":{"type":"MultiPolygon","coordinates":[[[[23.90434601548255,-10.993471967465075],[23.90437477768062,-10.993493401512556],[23.903346444209713,-10.994634566551078],[23.903317681747577,-10.994613132535058],[23.90434601548255,-10.993471967465075]]]]}},{"type":"Feature","properties":{"id":null,"group":null,"name":null,"settlement_id":"settlement_seshai","country_id":"country_barrel","district_id":null,"status":null,"surface":null,"access":null,"bridge":null,"tunnel":null,"oneway":null,"route_id":null,"alt_name":null,"notes":null},"geometry":{"type":"MultiPolygon","coordinates":[[[[23.904042358130276,-10.993109052111757],[23.9040711767539,-10.993130423331962],[23.90301511090311,-10.994308872211302],[23.90298629200704,-10.994287501024907],[23.904042358130276,-10.993109052111757]]]]}},{"type":"Feature","properties":{"id":null,"group":null,"name":null,"settlement_id":"settlement_seshai","country_id":"country_barrel","district_id":null,"status":null,"surface":null,"access":null,"bridge":null,"tunnel":null,"oneway":null,"route_id":null,"alt_name":null,"notes":null},"geometry":{"type":"MultiPolygon","coordinates":[[[[23.906048825011208,-10.992934335856097],[23.906985511230147,-10.991847469263503],[23.907014721113505,-10.991868394875063],[23.906077826537295,-10.992955503483476],[23.906077398561735,-10.992955979591565],[23.904928120946543,-10.99418219944769],[23.904899766479318,-10.994160321683344],[23.906048825011208,-10.992934335856097]]]]}},{"type":"Feature","properties":{"id":null,"group":null,"name":null,"settlement_id":"settlement_seshai","country_id":"country_barrel","district_id":null,"status":null,"surface":null,"access":null,"bridge":null,"tunnel":null,"oneway":null,"route_id":null,"alt_name":null,"notes":null},"geometry":{"type":"MultiPolygon","coordinates":[[[[23.90574926344977,-10.992648726246225],[23.90666933467394,-10.991554266825135],[23.90669878684166,-10.99157490776948],[23.905778440441594,-10.992669694778334],[23.905777870171228,-10.992670335734623],[23.904657454091527,-10.99386098493606],[23.90462914193716,-10.9938390621462],[23.90574926344977,-10.992648726246225]]]]}},{"type":"Feature","properties":{"id":null,"group":null,"name":null,"settlement_id":"settlement_seshai","country_id":"country_barrel","district_id":null,"status":null,"surface":null,"access":null,"bridge":null,"tunnel":null,"oneway":null,"route_id":null,"alt_name":null,"notes":null},"geometry":{"type":"MultiPolygon","coordinates":[[[[23.90540016269151,-10.992315806285747],[23.906345889656507,-10.991222054753456],[23.90637506694692,-10.991243018059391],[23.905429208388682,-10.992336922034818],[23.905428940399172,-10.992337223835833],[23.904374717496943,-10.993493467908731],[23.90434607566624,-10.993471901068895],[23.90540016269151,-10.992315806285747]]]]}},{"type":"Feature","properties":{"id":null,"group":null,"name":null,"settlement_id":"settlement_seshai","country_id":"country_barrel","district_id":null,"status":null,"surface":null,"access":null,"bridge":null,"tunnel":null,"oneway":null,"route_id":null,"alt_name":null,"notes":null},"geometry":{"type":"MultiPolygon","coordinates":[[[[23.905052509534094,-10.991984172675389],[23.906011246001132,-10.990912348571817],[23.90604008331421,-10.990933698413677],[23.90508133707439,-10.992005533688683],[23.90508131700974,-10.992005556076064],[23.904071166287896,-10.993130434998715],[23.904042368596247,-10.993109040445018],[23.905052509534094,-10.991984172675389]]]]}},{"type":"Feature","properties":{"id":null,"group":null,"name":null,"settlement_id":"settlement_seshai","country_id":"country_barrel","district_id":null,"status":null,"surface":null,"access":null,"bridge":null,"tunnel":null,"oneway":null,"route_id":null,"alt_name":null,"notes":null},"geometry":{"type":"MultiPolygon","coordinates":[[[[23.900139281616163,-10.990012371078304],[23.90045209371458,-10.990309136090593],[23.900783297551197,-10.990621878085335],[23.900783314449992,-10.990621894061885],[23.901134168342193,-10.990954009209933],[23.901468449693066,-10.99127022588524],[23.901793178583233,-10.991577623110306],[23.902111194506524,-10.991878497859494],[23.90238949231226,-10.992141490212617],[23.9031004080865,-10.992813109304796],[23.903437209528533,-10.99312411748321],[23.903411932068728,-10.993146140729296],[23.90307505171618,-10.99283505973795],[23.90307489496063,-10.992834913327474],[23.90236390017182,-10.992163219703219],[23.90208559544447,-10.991900220854113],[23.90176756577625,-10.991599333156252],[23.901442838482186,-10.991291937493624],[23.901108557247195,-10.990975720981599],[23.900757704983615,-10.990643607433007],[23.900426493527785,-10.990330858296929],[23.900426461552765,-10.990330828033294],[23.900113278119548,-10.990033710784553],[23.90011258763357,-10.990033020591726],[23.899707766081086,-10.98960653836147],[23.899734795324765,-10.989586241984524],[23.900139281616163,-10.990012371078304]]]]}},{"type":"Feature","properties":{"id":null,"group":null,"name":null,"settlement_id":"settlement_seshai","country_id":"country_barrel","district_id":null,"status":null,"surface":null,"access":null,"bridge":null,"tunnel":null,"oneway":null,"route_id":null,"alt_name":null,"notes":null},"geometry":{"type":"MultiPolygon","coordinates":[[[[23.903922583074138,-10.995277381299815],[23.903950215938007,-10.995300003857109],[23.903092540788542,-10.996155911101896],[23.90306490772367,-10.996133288549146],[23.903922583074138,-10.995277381299815]]]]}},{"type":"Feature","properties":{"id":null,"group":null,"name":null,"settlement_id":"settlement_seshai","country_id":"country_barrel","district_id":null,"status":null,"surface":null,"access":null,"bridge":null,"tunnel":null,"oneway":null,"route_id":null,"alt_name":null,"notes":null},"geometry":{"type":"MultiPolygon","coordinates":[[[[23.904123879727756,-10.995488841915439],[23.905141144746572,-10.994462432241969],[23.905168898685933,-10.994484933088295],[23.90415138520429,-10.995511593695088],[23.904150875507675,-10.99551208520609],[23.903264746466103,-10.996328877547676],[23.903238011486177,-10.996305393676613],[23.904123879727756,-10.995488841915439]]]]}},{"type":"Feature","properties":{"id":null,"group":null,"name":null,"settlement_id":"settlement_seshai","country_id":"country_barrel","district_id":null,"status":null,"surface":null,"access":null,"bridge":null,"tunnel":null,"oneway":null,"route_id":null,"alt_name":null,"notes":null},"geometry":{"type":"MultiPolygon","coordinates":[[[[23.90398200210701,-10.996229113833554],[23.904371847173355,-10.995821757864878],[23.904375004753202,-10.995767805495968],[23.904411270189744,-10.995771461900535],[23.904407802245387,-10.995830717471975],[23.904407202499762,-10.995834068670542],[23.904405826798257,-10.99583719064493],[23.904403736025156,-10.995839945226109],[23.90400952039814,-10.996251868154461],[23.90400821386845,-10.996253086108526],[23.90355381565575,-10.996631157211763],[23.903528295528936,-10.996606609391351],[23.90398200210701,-10.996229113833554]]]]}},{"type":"Feature","properties":{"id":null,"group":null,"name":null,"settlement_id":"settlement_seshai","country_id":"country_barrel","district_id":null,"status":null,"surface":null,"access":null,"bridge":null,"tunnel":null,"oneway":null,"route_id":null,"alt_name":null,"notes":null},"geometry":{"type":"MultiPolygon","coordinates":[[[[23.89624261217962,-10.991301750081176],[23.896029599294113,-10.990671311127956],[23.896064298391547,-10.990663573439026],[23.896277352550154,-10.991294134475028],[23.896277433050866,-10.991294379286337],[23.89643724098069,-10.991794080831863],[23.896402380897943,-10.991801329078474],[23.89624261217962,-10.991301750081176]]]]}},{"type":"Feature","properties":{"id":null,"group":null,"name":null,"settlement_id":"settlement_seshai","country_id":"country_barrel","district_id":null,"status":null,"surface":null,"access":null,"bridge":null,"tunnel":null,"oneway":null,"route_id":null,"alt_name":null,"notes":null},"geometry":{"type":"MultiPolygon","coordinates":[[[[23.89456330882424,-10.991852971599817],[23.89456336018427,-10.991852952786582],[23.89508343924333,-10.991663335337215],[23.895084186082304,-10.991663081183193],[23.89565473282792,-10.991482506477851],[23.89625279366717,-10.991282667675984],[23.897286503001396,-10.990937230326935],[23.89728663312542,-10.990937187382361],[23.89808795434493,-10.990676038846068],[23.89813822931602,-10.990659663157556],[23.89870184007086,-10.990470074752603],[23.898716328426527,-10.990500722414195],[23.898152634149707,-10.990690338998535],[23.898152466683815,-10.990690394436633],[23.89810211192659,-10.990706796120536],[23.897300857292752,-10.99096792307598],[23.896267212658316,-10.991313338958289],[23.89566901209984,-10.991513224535865],[23.895668732875556,-10.99151331536428],[23.8950984231591,-10.991693815135774],[23.89457873956454,-10.991883288479457],[23.89405576766394,-10.992075748243574],[23.894040311229066,-10.992045440741427],[23.89456330882424,-10.991852971599817]]]]}},{"type":"Feature","properties":{"id":null,"group":null,"name":null,"settlement_id":"settlement_seshai","country_id":"country_barrel","district_id":null,"status":null,"surface":null,"access":null,"bridge":null,"tunnel":null,"oneway":null,"route_id":null,"alt_name":null,"notes":null},"geometry":{"type":"MultiPolygon","coordinates":[[[[23.895644407979333,-10.991501621329736],[23.8956253132445,-10.991443187694303],[23.89562523407922,-10.991442938446372],[23.895439498875863,-10.99084085211231],[23.895439469621476,-10.9908407561921],[23.895233990410162,-10.99015921372086],[23.89489935222751,-10.989185828689273],[23.89493399706273,-10.989177931916762],[23.895268733640577,-10.990151603050887],[23.89526891907841,-10.990152177958018],[23.895474470841492,-10.99083396097791],[23.89566015274206,-10.991435874441745],[23.89567920007953,-10.991494163046077],[23.895844710987134,-10.99199908651495],[23.895809921147205,-10.992006551753787],[23.895644407979333,-10.991501621329736]]]]}},{"type":"Feature","properties":{"id":null,"group":null,"name":null,"settlement_id":"settlement_seshai","country_id":"country_barrel","district_id":null,"status":null,"surface":null,"access":null,"bridge":null,"tunnel":null,"oneway":null,"route_id":null,"alt_name":null,"notes":null},"geometry":{"type":"MultiPolygon","coordinates":[[[[23.894735151624896,-10.992392031752958],[23.894770044662362,-10.992384886995971],[23.894984481942817,-10.993063456953458],[23.894949588912038,-10.993070601819644],[23.894735151624896,-10.992392031752958]]]]}},{"type":"Feature","properties":{"id":null,"group":null,"name":null,"settlement_id":"settlement_seshai","country_id":"country_barrel","district_id":null,"status":null,"surface":null,"access":null,"bridge":null,"tunnel":null,"oneway":null,"route_id":null,"alt_name":null,"notes":null},"geometry":{"type":"MultiPolygon","coordinates":[[[[23.894959964898536,-10.993051646946112],[23.895469862178814,-10.992880466675063],[23.89548432986453,-10.992911121825212],[23.89497426928548,-10.993082356994288],[23.894973941272973,-10.993082463698242],[23.894683102966425,-10.993174071771207],[23.89466929126454,-10.993143203107442],[23.894959964898536,-10.993051646946112]]]]}},{"type":"Feature","properties":{"id":null,"group":null,"name":null,"settlement_id":"settlement_seshai","country_id":"country_barrel","district_id":null,"status":null,"surface":null,"access":null,"bridge":null,"tunnel":null,"oneway":null,"route_id":null,"alt_name":null,"notes":null},"geometry":{"type":"MultiPolygon","coordinates":[[[[23.893303640410902,-10.991543476758055],[23.893318453527524,-10.99157401424766],[23.89257693651714,-10.99183121806987],[23.89256212335766,-10.991800680484364],[23.893303640410902,-10.991543476758055]]]]}},{"type":"Feature","properties":{"id":null,"group":null,"name":null,"settlement_id":"settlement_seshai","country_id":"country_barrel","district_id":null,"status":null,"surface":null,"access":null,"bridge":null,"tunnel":null,"oneway":null,"route_id":null,"alt_name":null,"notes":null},"geometry":{"type":"MultiPolygon","coordinates":[[[[23.893507161258018,-10.992211292981871],[23.893507576045494,-10.992211158531678],[23.89404119572972,-10.99204514069019],[23.89405488316335,-10.992076048294924],[23.8935214719807,-10.992242001347332],[23.892931207166487,-10.99244110085076],[23.892916690101355,-10.992410461997528],[23.893507161258018,-10.992211292981871]]]]}},{"type":"Feature","properties":{"id":null,"group":null,"name":null,"settlement_id":"settlement_seshai","country_id":"country_barrel","district_id":null,"status":null,"surface":null,"access":null,"bridge":null,"tunnel":null,"oneway":null,"route_id":null,"alt_name":null,"notes":null},"geometry":{"type":"MultiPolygon","coordinates":[[[[23.896924843641404,-10.992647876962959],[23.896901790361657,-10.992618814286436],[23.8969309364956,-10.992600954742],[23.89695399569481,-10.992630024884035],[23.896954007535925,-10.992630039828173],[23.897450758820085,-10.993257648369593],[23.897421589101988,-10.99327547808222],[23.896924843641404,-10.992647876962959]]]]}},{"type":"Feature","properties":{"id":null,"group":null,"name":null,"settlement_id":"settlement_seshai","country_id":"country_barrel","district_id":null,"status":null,"surface":null,"access":null,"bridge":null,"tunnel":null,"oneway":null,"route_id":null,"alt_name":null,"notes":null},"geometry":{"type":"MultiPolygon","coordinates":[[[[23.896008490542464,-10.99582317317277],[23.896005200577488,-10.995855434036605],[23.89553512848789,-10.995791748331687],[23.895538418501488,-10.995759487398425],[23.896008490542464,-10.99582317317277]]]]}},{"type":"Feature","properties":{"id":null,"group":null,"name":null,"settlement_id":"settlement_seshai","country_id":"country_barrel","district_id":null,"status":null,"surface":null,"access":null,"bridge":null,"tunnel":null,"oneway":null,"route_id":null,"alt_name":null,"notes":null},"geometry":{"type":"MultiPolygon","coordinates":[[[[23.895383255718894,-10.99597803209173],[23.89541953455506,-10.995981440826418],[23.89539945706102,-10.996383452276628],[23.89536317818389,-10.996380043609847],[23.895383255718894,-10.99597803209173]]]]}},{"type":"Feature","properties":{"id":null,"group":null,"name":null,"settlement_id":"settlement_seshai","country_id":"country_barrel","district_id":null,"status":null,"surface":null,"access":null,"bridge":null,"tunnel":null,"oneway":null,"route_id":null,"alt_name":null,"notes":null},"geometry":{"type":"MultiPolygon","coordinates":[[[[23.89515558734931,-10.99622443784154],[23.895129146157394,-10.996200685871706],[23.895388174569486,-10.995967860475849],[23.895414615706308,-10.995991612441223],[23.89515558734931,-10.99622443784154]]]]}},{"type":"Feature","properties":{"id":null,"group":null,"name":null,"settlement_id":"settlement_seshai","country_id":"country_barrel","district_id":null,"status":null,"surface":null,"access":null,"bridge":null,"tunnel":null,"oneway":null,"route_id":null,"alt_name":null,"notes":null},"geometry":{"type":"MultiPolygon","coordinates":[[[[23.895975003161812,-10.996014115894345],[23.895973608949987,-10.996046588845228],[23.89540069800666,-10.995995972978212],[23.89540209226975,-10.995963499940558],[23.895975003161812,-10.996014115894345]]]]}},{"type":"Feature","properties":{"id":null,"group":null,"name":null,"settlement_id":"settlement_seshai","country_id":"country_barrel","district_id":null,"status":null,"surface":null,"access":null,"bridge":null,"tunnel":null,"oneway":null,"route_id":null,"alt_name":null,"notes":null},"geometry":{"type":"MultiPolygon","coordinates":[[[[23.8964243361863,-10.995856723595464],[23.896423248981588,-10.995889222435942],[23.89600630193952,-10.99585555305652],[23.896007389180568,-10.995823054152694],[23.8964243361863,-10.995856723595464]]]]}},{"type":"Feature","properties":{"id":null,"group":null,"name":null,"settlement_id":"settlement_seshai","country_id":"country_barrel","district_id":null,"status":null,"surface":null,"access":null,"bridge":null,"tunnel":null,"oneway":null,"route_id":null,"alt_name":null,"notes":null},"geometry":{"type":"MultiPolygon","coordinates":[[[[23.898772173720886,-10.996261057553772],[23.898774090112,-10.996258924111723],[23.89877640808114,-10.996257142467178],[23.89888533592451,-10.996187899300663],[23.898887277947303,-10.996186835193825],[23.899581718428784,-10.995862199675326],[23.89972736718819,-10.995794121341866],[23.899806256398893,-10.995757208115304],[23.899824517947152,-10.99578634588371],[23.899745625486997,-10.995823260642915],[23.89959996817938,-10.995891342996012],[23.898906541224235,-10.99621550481905],[23.89880106417702,-10.99628255440342],[23.898793433389315,-10.996292856349273],[23.89876283038671,-10.996273671519951],[23.898772173720886,-10.996261057553772]]]]}},{"type":"Feature","properties":{"id":null,"group":null,"name":null,"settlement_id":"settlement_seshai","country_id":"country_barrel","district_id":null,"status":null,"surface":null,"access":null,"bridge":null,"tunnel":null,"oneway":null,"route_id":null,"alt_name":null,"notes":null},"geometry":{"type":"MultiPolygon","coordinates":[[[[23.89958072342652,-10.99588974759318],[23.89960096358113,-10.995863794893223],[23.899737406586905,-10.99595329748055],[23.899717166458707,-10.995979250174155],[23.89958072342652,-10.99588974759318]]]]}},{"type":"Feature","properties":{"id":null,"group":null,"name":null,"settlement_id":"settlement_seshai","country_id":"country_barrel","district_id":null,"status":null,"surface":null,"access":null,"bridge":null,"tunnel":null,"oneway":null,"route_id":null,"alt_name":null,"notes":null},"geometry":{"type":"MultiPolygon","coordinates":[[[[23.89971836192415,-10.995806864871346],[23.899754627491497,-10.995810518638244],[23.89974541931419,-10.995968100696668],[23.899709153730416,-10.99596444695633],[23.89971836192415,-10.995806864871346]]]]}},{"type":"Feature","properties":{"id":null,"group":null,"name":null,"settlement_id":"settlement_seshai","country_id":"country_barrel","district_id":null,"status":null,"surface":null,"access":null,"bridge":null,"tunnel":null,"oneway":null,"route_id":null,"alt_name":null,"notes":null},"geometry":{"type":"MultiPolygon","coordinates":[[[[23.89971041833283,-10.995971392164407],[23.899744154711556,-10.995961155489763],[23.900014899829813,-10.996585282860988],[23.89998116348034,-10.996595519627743],[23.89971041833283,-10.995971392164407]]]]}},{"type":"Feature","properties":{"id":null,"group":null,"name":null,"settlement_id":"settlement_seshai","country_id":"country_barrel","district_id":null,"status":null,"surface":null,"access":null,"bridge":null,"tunnel":null,"oneway":null,"route_id":null,"alt_name":null,"notes":null},"geometry":{"type":"MultiPolygon","coordinates":[[[[23.89916579791492,-10.994370572529064],[23.899192743398395,-10.994350188289141],[23.899740164364015,-10.994923106965716],[23.899713218988893,-10.99494349123543],[23.89916579791492,-10.994370572529064]]]]}},{"type":"Feature","properties":{"id":null,"group":null,"name":null,"settlement_id":"settlement_seshai","country_id":"country_barrel","district_id":null,"status":null,"surface":null,"access":null,"bridge":null,"tunnel":null,"oneway":null,"route_id":null,"alt_name":null,"notes":null},"geometry":{"type":"MultiPolygon","coordinates":[[[[23.898553950909637,-10.995586983969796],[23.898553768543067,-10.995586809922136],[23.89828807441418,-10.995329805243815],[23.89789445679321,-10.994989387041619],[23.89791881203809,-10.994966539025148],[23.898312829724055,-10.99530730328539],[23.89831360782762,-10.99530801494624],[23.898579589331447,-10.99556529764468],[23.898822869363077,-10.995794383703666],[23.89879732282473,-10.995816156512479],[23.898553950909637,-10.995586983969796]]]]}},{"type":"Feature","properties":{"id":null,"group":null,"name":null,"settlement_id":"settlement_seshai","country_id":"country_barrel","district_id":null,"status":null,"surface":null,"access":null,"bridge":null,"tunnel":null,"oneway":null,"route_id":null,"alt_name":null,"notes":null},"geometry":{"type":"MultiPolygon","coordinates":[[[[23.898796859871748,-10.995815705273342],[23.898823332315978,-10.995794834942787],[23.89904995340257,-10.99602349628752],[23.89902348100342,-10.996044366628231],[23.898796859871748,-10.995815705273342]]]]}},{"type":"Feature","properties":{"id":null,"group":null,"name":null,"settlement_id":"settlement_seshai","country_id":"country_barrel","district_id":null,"status":null,"surface":null,"access":null,"bridge":null,"tunnel":null,"oneway":null,"route_id":null,"alt_name":null,"notes":null},"geometry":{"type":"MultiPolygon","coordinates":[[[[23.89946704639067,-10.992060332745448],[23.89951513664983,-10.992002311461267],[23.899971641288378,-10.991452359418437],[23.90002711454649,-10.991385503293367],[23.900056691748436,-10.991405994948465],[23.900001217523528,-10.991472852254203],[23.899544720715383,-10.992022794985015],[23.89949637800753,-10.992081120864226],[23.89949584879317,-10.992081726163967],[23.899130549072478,-10.992478069609524],[23.899102019777473,-10.992456379784727],[23.89946704639067,-10.992060332745448]]]]}},{"type":"Feature","properties":{"id":null,"group":null,"name":null,"settlement_id":"settlement_seshai","country_id":"country_barrel","district_id":null,"status":null,"surface":null,"access":null,"bridge":null,"tunnel":null,"oneway":null,"route_id":null,"alt_name":null,"notes":null},"geometry":{"type":"MultiPolygon","coordinates":[[[[23.899102606500126,-10.992455776917229],[23.899129962349953,-10.992478672477018],[23.898703564104917,-10.992893752788527],[23.898676208157365,-10.992870857228622],[23.899102606500126,-10.992455776917229]]]]}},{"type":"Feature","properties":{"id":null,"group":null,"name":null,"settlement_id":"settlement_seshai","country_id":"country_barrel","district_id":null,"status":null,"surface":null,"access":null,"bridge":null,"tunnel":null,"oneway":null,"route_id":null,"alt_name":null,"notes":null},"geometry":{"type":"MultiPolygon","coordinates":[[[[23.899101293974855,-10.992475606771094],[23.89913127487355,-10.992458842625794],[23.899655491486705,-10.993174998071302],[23.899625510683805,-10.993191762286603],[23.899101293974855,-10.992475606771094]]]]}},{"type":"Feature","properties":{"id":null,"group":null,"name":null,"settlement_id":"settlement_seshai","country_id":"country_barrel","district_id":null,"status":null,"surface":null,"access":null,"bridge":null,"tunnel":null,"oneway":null,"route_id":null,"alt_name":null,"notes":null},"geometry":{"type":"MultiPolygon","coordinates":[[[[23.891996496779136,-10.996769774411218],[23.892458500806466,-10.996531657107647],[23.892674756116925,-10.996420222097536],[23.892782465898957,-10.996355469551096],[23.89284669911419,-10.996284797094948],[23.892910202471104,-10.996187800566823],[23.893437756181047,-10.995281280979222],[23.893470157622556,-10.995297735755102],[23.89294240955616,-10.996204589553196],[23.892942002456394,-10.996205248512446],[23.89287763732106,-10.996303561366224],[23.892876180578327,-10.996305441486177],[23.892809573413103,-10.996378725892919],[23.892805945430993,-10.996381688729562],[23.89269569496417,-10.996447968692651],[23.892694714768858,-10.996448514934723],[23.89247796040315,-10.996560207138703],[23.89201565229318,-10.996798481239924],[23.892015035293163,-10.996798784001038],[23.891591697953192,-10.996996307008246],[23.891573471622024,-10.996967151693491],[23.891996496779136,-10.996769774411218]]]]}},{"type":"Feature","properties":{"id":null,"group":null,"name":null,"settlement_id":"settlement_seshai","country_id":"country_barrel","district_id":null,"status":null,"surface":null,"access":null,"bridge":null,"tunnel":null,"oneway":null,"route_id":null,"alt_name":null,"notes":null},"geometry":{"type":"MultiPolygon","coordinates":[[[[23.898729205539823,-10.992945630256783],[23.898756643847214,-10.992968445353716],[23.898138682614945,-10.993574453172819],[23.89811124416505,-10.993551638076744],[23.898729205539823,-10.992945630256783]]]]}},{"type":"Feature","properties":{"id":null,"group":null,"name":null,"settlement_id":"settlement_seshai","country_id":"country_barrel","district_id":null,"status":null,"surface":null,"access":null,"bridge":null,"tunnel":null,"oneway":null,"route_id":null,"alt_name":null,"notes":null},"geometry":{"type":"MultiPolygon","coordinates":[[[[23.892237678364967,-10.994444125755122],[23.892215999940554,-10.99441682551075],[23.89273525409135,-10.994098250383782],[23.892756932442794,-10.994125550586542],[23.892237678364967,-10.994444125755122]]]]}},{"type":"Feature","properties":{"id":null,"group":null,"name":null,"settlement_id":"settlement_seshai","country_id":"country_barrel","district_id":null,"status":null,"surface":null,"access":null,"bridge":null,"tunnel":null,"oneway":null,"route_id":null,"alt_name":null,"notes":null},"geometry":{"type":"MultiPolygon","coordinates":[[[[23.901107235203007,-10.990953871343395],[23.901135488131988,-10.990975856711694],[23.900413841016608,-10.991738518518979],[23.90038558790987,-10.99171653316414],[23.901107235203007,-10.990953871343395]]]]}},{"type":"Feature","properties":{"id":null,"group":null,"name":null,"settlement_id":"settlement_seshai","country_id":"country_barrel","district_id":null,"status":null,"surface":null,"access":null,"bridge":null,"tunnel":null,"oneway":null,"route_id":null,"alt_name":null,"notes":null},"geometry":{"type":"MultiPolygon","coordinates":[[[[23.90144146857635,-10.991270143520824],[23.90146982203825,-10.991292022161714],[23.900754964519727,-10.99205472102748],[23.900726610880234,-10.992032842401553],[23.90144146857635,-10.991270143520824]]]]}},{"type":"Feature","properties":{"id":null,"group":null,"name":null,"settlement_id":"settlement_seshai","country_id":"country_barrel","district_id":null,"status":null,"surface":null,"access":null,"bridge":null,"tunnel":null,"oneway":null,"route_id":null,"alt_name":null,"notes":null},"geometry":{"type":"MultiPolygon","coordinates":[[[[23.901766138928608,-10.991577597525351],[23.90179460355283,-10.991599356960538],[23.901077065773546,-10.992373062468621],[23.9010486009695,-10.992351303050295],[23.901766138928608,-10.991577597525351]]]]}},{"type":"Feature","properties":{"id":null,"group":null,"name":null,"settlement_id":"settlement_seshai","country_id":"country_barrel","district_id":null,"status":null,"surface":null,"access":null,"bridge":null,"tunnel":null,"oneway":null,"route_id":null,"alt_name":null,"notes":null},"geometry":{"type":"MultiPolygon","coordinates":[[[[23.90173801940974,-10.992270193721156],[23.902083912663556,-10.991878751737962],[23.9021128733509,-10.991899963251793],[23.90176683924037,-10.9922915647307],[23.901766552599646,-10.992291880183249],[23.901396782894732,-10.992687667535339],[23.901368395306502,-10.992665825136763],[23.90173801940974,-10.992270193721156]]]]}},{"type":"Feature","properties":{"id":null,"group":null,"name":null,"settlement_id":"settlement_seshai","country_id":"country_barrel","district_id":null,"status":null,"surface":null,"access":null,"bridge":null,"tunnel":null,"oneway":null,"route_id":null,"alt_name":null,"notes":null},"geometry":{"type":"MultiPolygon","coordinates":[[[[23.901123101966004,-10.994109888941924],[23.90112744565829,-10.994109053119459],[23.901238523270624,-10.994100627951859],[23.901242024017662,-10.99410066893114],[23.901245491183765,-10.994101314056332],[23.901248795603514,-10.994102539293982],[23.90125181417455,-10.994104298999247],[23.901281063818825,-10.994124987115711],[23.901283440356078,-10.994126971508154],[23.901285423234555,-10.994129275287612],[23.901286952722728,-10.994131829055844],[23.901287982746844,-10.994134555884052],[23.901395662862807,-10.994524888380415],[23.901395930273058,-10.994526023170348],[23.90145254304007,-10.994815078305072],[23.901452787730612,-10.99481894727641],[23.901452013262478,-10.994822704586891],[23.90144435171466,-10.994844530044297],[23.901442735182535,-10.994847767228897],[23.901440338475478,-10.99485055906774],[23.901403459598463,-10.994884362738448],[23.901401122370736,-10.994886142080258],[23.901398452398315,-10.994887511417327],[23.901083548093276,-10.995016315826108],[23.90106689268375,-10.99498647467488],[23.901378958112957,-10.994858831489147],[23.90141087198373,-10.994829578816036],[23.901416018217553,-10.994814918740746],[23.90136028619219,-10.994530360406397],[23.901254364094175,-10.994146400571267],[23.9012364058782,-10.994133698824625],[23.90113489073806,-10.994141398700114],[23.900666351283043,-10.994290058592602],[23.900652465198764,-10.994259214206055],[23.901123101966004,-10.994109888941924]]]]}},{"type":"Feature","properties":{"id":null,"group":null,"name":null,"settlement_id":"settlement_seshai","country_id":"country_barrel","district_id":null,"status":null,"surface":null,"access":null,"bridge":null,"tunnel":null,"oneway":null,"route_id":null,"alt_name":null,"notes":null},"geometry":{"type":"MultiPolygon","coordinates":[[[[23.89951126937125,-10.990898047445961],[23.899538522184365,-10.990921042590285],[23.898916996740848,-10.991520562236442],[23.898889743786487,-10.991497567090702],[23.89951126937125,-10.990898047445961]]]]}},{"type":"Feature","properties":{"id":null,"group":null,"name":null,"settlement_id":"settlement_seshai","country_id":"country_barrel","district_id":null,"status":null,"surface":null,"access":null,"bridge":null,"tunnel":null,"oneway":null,"route_id":null,"alt_name":null,"notes":null},"geometry":{"type":"MultiPolygon","coordinates":[[[[23.901694025543424,-11.003446105357368],[23.901732269786372,-11.00346427694823],[23.901734639922267,-11.003465605271266],[23.90176988306178,-11.00348862962607],[23.90177271355704,-11.003490879140331],[23.90177501591864,-11.003493567961751],[23.90181572496705,-11.003551905537376],[23.90181701531411,-11.003554079454732],[23.90181794657263,-11.003556381328934],[23.902031053711017,-11.004229045296556],[23.902031303126712,-11.004229920115307],[23.90204582663652,-11.004287158888244],[23.902046140145718,-11.004288738938703],[23.902054882344952,-11.004349560508413],[23.902055001140152,-11.004352639625717],[23.90205447390994,-11.004355649176487],[23.902053319445812,-11.004358481894098],[23.901996080770548,-11.004465003495875],[23.901993916178892,-11.004468039511348],[23.90193245780864,-11.004534895084527],[23.90190389963004,-11.004513234909147],[23.90196407462005,-11.004447775435453],[23.90201818735757,-11.004347071252004],[23.902010241234454,-11.004291788139287],[23.90199602860572,-11.004235774571368],[23.901783809034658,-11.003565912111782],[23.901746604629547,-11.003512596824395],[23.901715596317423,-11.003492339088783],[23.901674313506568,-11.003472723741556],[23.901671650058635,-11.003471200051091],[23.901669284560423,-11.003469309009995],[23.901667284895435,-11.003467104886026],[23.901636303016108,-11.003426749298068],[23.901665798344467,-11.003409337885735],[23.901694025543424,-11.003446105357368]]]]}},{"type":"Feature","properties":{"id":null,"group":null,"name":"Via de Emerg\u00eancia","settlement_id":"settlement_seshai","country_id":"country_barrel","district_id":null,"status":null,"surface":null,"access":null,"bridge":null,"tunnel":null,"oneway":null,"route_id":null,"alt_name":null,"notes":null},"geometry":{"type":"MultiPolygon","coordinates":[[[[23.903369741498295,-10.998944375969261],[23.90337151081314,-10.998948118272185],[23.903391088451563,-10.999008446669118],[23.903391722385805,-10.99901128509518],[23.903401383860434,-10.99908879602932],[23.903401497192924,-10.999090491817062],[23.903402075206284,-10.99915459302765],[23.903402069188285,-10.99915516394049],[23.903400076498745,-10.999221263020896],[23.903400007893403,-10.9992223006574],[23.90339307836501,-10.999289995862714],[23.90339295030946,-10.999290938168773],[23.903382002760292,-10.999355415377233],[23.903381913474494,-10.999355892191051],[23.903368279894096,-10.999422449119058],[23.903367966581442,-10.999423692396828],[23.903346957526807,-10.999493662881163],[23.90334686438125,-10.999493961234704],[23.903322801029084,-10.999568180396725],[23.903322619504447,-10.999568705366306],[23.903297200976635,-10.999637849046357],[23.90328557025366,-10.999670586904536],[23.903285564176848,-10.999670603975163],[23.903277307243872,-10.999693752620402],[23.903197913822325,-10.999937503961021],[23.90276090676668,-11.001280094029132],[23.902725999408684,-11.001269230168251],[23.903163007110017,-10.999926638618252],[23.903242463399835,-10.999682694352304],[23.90324259175326,-10.99968231809731],[23.90325091244891,-10.999658990699022],[23.903262566364557,-10.99962618757025],[23.90326261961819,-10.999626040229664],[23.903287969310636,-10.999557083819395],[23.903311898823056,-10.999483277490263],[23.90333267842392,-10.999414071226724],[23.90334613455908,-10.999348380593307],[23.90335696193068,-10.999284611227662],[23.90336379007492,-10.999217906518204],[23.903365758474894,-10.99915261334146],[23.903365190689545,-10.99908964582136],[23.903355814004072,-10.999014419618204],[23.90333732572548,-10.998957448071907],[23.903286119347268,-10.998876810497112],[23.903317400338384,-10.998861951387207],[23.903369741498295,-10.998944375969261]]]]}},{"type":"Feature","properties":{"id":null,"group":null,"name":null,"settlement_id":"settlement_seshai","country_id":"country_barrel","district_id":null,"status":null,"surface":null,"access":null,"bridge":null,"tunnel":null,"oneway":null,"route_id":null,"alt_name":null,"notes":null},"geometry":{"type":"MultiPolygon","coordinates":[[[[23.903058965901565,-11.007592558899473],[23.903056127144733,-11.00758999665176],[23.903053928938437,-11.007586979950862],[23.902945128775855,-11.007397962140452],[23.902900944966383,-11.007368666891274],[23.902835015104312,-11.007380461740818],[23.902467046908065,-11.007520665208848],[23.90245120014728,-11.007490504172994],[23.902820787443904,-11.0073496838508],[23.902824148211053,-11.00734875536257],[23.90289978030482,-11.00733522479568],[23.902903592321223,-11.007334921799709],[23.902907438149956,-11.007335353628383],[23.902911144543506,-11.007336500828616],[23.902914544535562,-11.007338311721067],[23.9029692452626,-11.007374580026346],[23.902972551895896,-11.007377347666509],[23.902975069088914,-11.007380708743652],[23.903084109490024,-11.00757014394203],[23.903523849041747,-11.007893651588502],[23.903501872166665,-11.007918396167629],[23.903058965901565,-11.007592558899473]]]]}},{"type":"Feature","properties":{"id":null,"group":null,"name":null,"settlement_id":"settlement_seshai","country_id":"country_barrel","district_id":null,"status":null,"surface":null,"access":null,"bridge":null,"tunnel":null,"oneway":null,"route_id":null,"alt_name":null,"notes":null},"geometry":{"type":"MultiPolygon","coordinates":[[[[23.901571108521225,-11.015626503898183],[23.90160432247471,-11.01564983872854],[23.901661056358023,-11.015655970040312],[23.90302300780595,-11.015288897407322],[23.903035329452162,-11.01532020095041],[23.901669858346914,-11.01568822240714],[23.901666284301378,-11.01568882946048],[23.90166260380133,-11.015688767411083],[23.901596865475366,-11.015681662986793],[23.90159348629193,-11.01568100842866],[23.90159026577132,-11.015679802551205],[23.90158731815234,-11.015678088129475],[23.901543910589773,-11.015647591673378],[23.901541309058445,-11.015645397913026],[23.901539189875194,-11.01564282431293],[23.90153763022938,-11.015639964614122],[23.901536686929628,-11.015636922978484],[23.901470513933166,-11.015307396420619],[23.901506243304695,-11.015303489828506],[23.901571108521225,-11.015626503898183]]]]}},{"type":"Feature","properties":{"id":null,"group":null,"name":null,"settlement_id":"settlement_seshai","country_id":"country_barrel","district_id":null,"status":null,"surface":null,"access":null,"bridge":null,"tunnel":null,"oneway":null,"route_id":null,"alt_name":null,"notes":null},"geometry":{"type":"MultiPolygon","coordinates":[[[[23.901065773467312,-11.016570299594779],[23.90032361304614,-11.01673326741149],[23.900313018189408,-11.016701541512617],[23.90105569610507,-11.01653846017208],[23.90105673955205,-11.016538261248211],[23.90313821050678,-11.016200724090801],[23.90314671847183,-11.016232847416443],[23.901065773467312,-11.016570299594779]]]]}},{"type":"Feature","properties":{"id":null,"group":null,"name":null,"settlement_id":"settlement_seshai","country_id":"country_barrel","district_id":null,"status":null,"surface":null,"access":null,"bridge":null,"tunnel":null,"oneway":null,"route_id":null,"alt_name":null,"notes":null},"geometry":{"type":"MultiPolygon","coordinates":[[[[23.89596383595415,-11.013617374946678],[23.89597715977762,-11.013648394221638],[23.89529628667833,-11.013852500253499],[23.895282962826467,-11.013821480885923],[23.89596383595415,-11.013617374946678]]]]}},{"type":"Feature","properties":{"id":null,"group":null,"name":null,"settlement_id":"settlement_seshai","country_id":"country_barrel","district_id":null,"status":null,"surface":null,"access":null,"bridge":null,"tunnel":null,"oneway":null,"route_id":null,"alt_name":null,"notes":null},"geometry":{"type":"MultiPolygon","coordinates":[[[[23.894943180946534,-11.01270152460939],[23.894925943322207,-11.012671925758541],[23.895265674889366,-11.012525934812466],[23.895282912484827,-11.012555533623983],[23.894943180946534,-11.01270152460939]]]]}},{"type":"Feature","properties":{"id":null,"group":null,"name":null,"settlement_id":"settlement_seshai","country_id":"country_barrel","district_id":null,"status":null,"surface":null,"access":null,"bridge":null,"tunnel":null,"oneway":null,"route_id":null,"alt_name":null,"notes":null},"geometry":{"type":"MultiPolygon","coordinates":[[[[23.898150952354303,-11.015855204687155],[23.898117781860698,-11.015866676218007],[23.89806589404727,-11.015759477958799],[23.898099064547562,-11.015748006443006],[23.898150952354303,-11.015855204687155]]]]}},{"type":"Feature","properties":{"id":null,"group":null,"name":null,"settlement_id":"settlement_seshai","country_id":"country_barrel","district_id":null,"status":null,"surface":null,"access":null,"bridge":null,"tunnel":null,"oneway":null,"route_id":null,"alt_name":null,"notes":null},"geometry":{"type":"MultiPolygon","coordinates":[[[[23.900817555134555,-11.010833665897389],[23.89977744664254,-11.011365830933753],[23.899758075045085,-11.011337235458232],[23.90079823738303,-11.010805043035692],[23.90079834508019,-11.010804988404605],[23.902023909980674,-11.01018864385036],[23.902043065936507,-11.010217348357799],[23.900817555134555,-11.010833665897389]]]]}},{"type":"Feature","properties":{"id":null,"group":null,"name":null,"settlement_id":"settlement_seshai","country_id":"country_barrel","district_id":null,"status":null,"surface":null,"access":null,"bridge":null,"tunnel":null,"oneway":null,"route_id":null,"alt_name":null,"notes":null},"geometry":{"type":"MultiPolygon","coordinates":[[[[23.901356204686174,-11.00872361776373],[23.901375405701128,-11.008752299540653],[23.90012113524931,-11.009385375139667],[23.900101934098288,-11.009356693234755],[23.901356204686174,-11.00872361776373]]]]}},{"type":"Feature","properties":{"id":null,"group":null,"name":null,"settlement_id":"settlement_seshai","country_id":"country_barrel","district_id":null,"status":null,"surface":null,"access":null,"bridge":null,"tunnel":null,"oneway":null,"route_id":null,"alt_name":null,"notes":null},"geometry":{"type":"MultiPolygon","coordinates":[[[[23.896326150111154,-11.007541739265424],[23.896344731644348,-11.00757072658899],[23.89550564473917,-11.00797365395299],[23.895487063121326,-11.007944666539917],[23.896326150111154,-11.007541739265424]]]]}},{"type":"Feature","properties":{"id":null,"group":null,"name":null,"settlement_id":"settlement_seshai","country_id":"country_barrel","district_id":null,"status":null,"surface":null,"access":null,"bridge":null,"tunnel":null,"oneway":null,"route_id":null,"alt_name":null,"notes":null},"geometry":{"type":"MultiPolygon","coordinates":[[[[23.89690747942751,-11.015310455688523],[23.89692050434617,-11.015341563135358],[23.896430341319473,-11.015484023015972],[23.89641731638194,-11.015452915501873],[23.89690747942751,-11.015310455688523]]]]}},{"type":"Feature","properties":{"id":null,"group":null,"name":null,"settlement_id":"settlement_seshai","country_id":"country_barrel","district_id":null,"status":null,"surface":null,"access":null,"bridge":null,"tunnel":null,"oneway":null,"route_id":null,"alt_name":null,"notes":null},"geometry":{"type":"MultiPolygon","coordinates":[[[[23.896367418676228,-11.01514503776654],[23.896809501632756,-11.015021793741317],[23.8968221333756,-11.015053013126424],[23.896380074268166,-11.015176250560996],[23.895753927058152,-11.015351405345577],[23.895741263502156,-11.015320194686042],[23.896367418676228,-11.01514503776654]]]]}},{"type":"Feature","properties":{"id":null,"group":null,"name":null,"settlement_id":"settlement_seshai","country_id":"country_barrel","district_id":null,"status":null,"surface":null,"access":null,"bridge":null,"tunnel":null,"oneway":null,"route_id":null,"alt_name":null,"notes":null},"geometry":{"type":"MultiPolygon","coordinates":[[[[23.89618159490983,-11.01458125922957],[23.896195058489678,-11.014612236318827],[23.895587780478508,-11.014796887195992],[23.89557431687247,-11.014765910024487],[23.89618159490983,-11.01458125922957]]]]}},{"type":"Feature","properties":{"id":null,"group":null,"name":null,"settlement_id":"settlement_seshai","country_id":"country_barrel","district_id":null,"status":null,"surface":null,"access":null,"bridge":null,"tunnel":null,"oneway":null,"route_id":null,"alt_name":null,"notes":null},"geometry":{"type":"MultiPolygon","coordinates":[[[[23.89620579530276,-11.014593237699573],[23.896391141809577,-11.015156898056564],[23.896356359074147,-11.015164388050627],[23.896170935326722,-11.014600492726908],[23.896170788502644,-11.014600021438083],[23.896137788686744,-11.014487915665674],[23.896172865078356,-11.014481368357528],[23.89620579530276,-11.014593237699573]]]]}},{"type":"Feature","properties":{"id":null,"group":null,"name":null,"settlement_id":"settlement_seshai","country_id":"country_barrel","district_id":null,"status":null,"surface":null,"access":null,"bridge":null,"tunnel":null,"oneway":null,"route_id":null,"alt_name":null,"notes":null},"geometry":{"type":"MultiPolygon","coordinates":[[[[23.89719176081541,-11.008605872269353],[23.897296751544552,-11.008547618694628],[23.897300337275656,-11.008546119276199],[23.897304252280907,-11.008545392965322],[23.897308301594208,-11.008545475932012],[23.89742350068526,-11.008559404887517],[23.89751219330227,-11.008522675585086],[23.897515898047704,-11.008521581686102],[23.897519827908443,-11.008521254067674],[23.897523794497193,-11.008521708434966],[23.897527607666067,-11.00852292300672],[23.8976377433506,-11.008570226489242],[23.897641177404374,-11.008572113573278],[23.89764412369076,-11.00857459622371],[23.89774016043975,-11.008673872960802],[23.897713372617506,-11.008694420895196],[23.897620032423628,-11.008597931704346],[23.89752144041669,-11.008555586271267],[23.897435712204995,-11.008591087971734],[23.897432604670982,-11.008592060809592],[23.897429316151577,-11.008592491230687],[23.897425959087013,-11.008592364518117],[23.897311909413467,-11.008578574560554],[23.897210765471705,-11.00863469378276],[23.897207834287794,-11.008635985671347],[23.896902246993687,-11.008739188455744],[23.89688771392281,-11.008708554785374],[23.89719176081541,-11.008605872269353]]]]}},{"type":"Feature","properties":{"id":null,"group":null,"name":null,"settlement_id":"settlement_seshai","country_id":"country_barrel","district_id":null,"status":null,"surface":null,"access":null,"bridge":null,"tunnel":null,"oneway":null,"route_id":null,"alt_name":null,"notes":null},"geometry":{"type":"MultiPolygon","coordinates":[[[[23.89605437075249,-11.015533653311383],[23.89605443857701,-11.015533633256132],[23.896258871117652,-11.01547360704272],[23.896271994205392,-11.015504685906729],[23.896067595611544,-11.015564702182918],[23.89584114488639,-11.015632131554492],[23.895827886132263,-11.015601092742116],[23.89605437075249,-11.015533653311383]]]]}},{"type":"Feature","properties":{"id":null,"group":null,"name":null,"settlement_id":"settlement_seshai","country_id":"country_barrel","district_id":null,"status":null,"surface":null,"access":null,"bridge":null,"tunnel":null,"oneway":null,"route_id":null,"alt_name":null,"notes":null},"geometry":{"type":"MultiPolygon","coordinates":[[[[23.89620919990688,-11.016025339323416],[23.896249619130327,-11.01612787539334],[23.896273049821872,-11.01614606820796],[23.89633471218038,-11.016141026034855],[23.89645570384472,-11.016118428047479],[23.896593223590205,-11.016091802106693],[23.896792940622305,-11.016033654352274],[23.89681180192532,-11.016013747098416],[23.89681467437254,-11.015970536405824],[23.896783554317043,-11.015865895028034],[23.896818606071395,-11.015859264253937],[23.89685050270713,-11.01596651686579],[23.896851039567615,-11.015969137339491],[23.896851103267252,-11.015971776016974],[23.896847709555036,-11.016022828267266],[23.89684710203567,-11.016026113618256],[23.89684574767247,-11.016029176048985],[23.896843704202844,-11.0160318850059],[23.896818123812686,-11.016058883958943],[23.896815926850653,-11.016060809176178],[23.896813367554277,-11.01606234162458],[23.896810523692025,-11.016063434738147],[23.89660543451506,-11.01612314662597],[23.89660374517645,-11.016123554762123],[23.896465304949807,-11.016150358942788],[23.89646518050244,-11.01615038261156],[23.89634314311076,-11.016173175930907],[23.89634115287758,-11.016173441937969],[23.89627059142319,-11.01617921180694],[23.896266841987433,-11.016179166501233],[23.896263136668463,-11.016178428823904],[23.896259633790613,-11.016177030295095],[23.896256483028136,-11.016175030672414],[23.89622287676047,-11.016148937014458],[23.896220505365665,-11.016146750303962],[23.896218588634888,-11.01614423715933],[23.89621718988852,-11.016141480603869],[23.896174723792594,-11.016033751997536],[23.89617417790245,-11.016032110746767],[23.896043375916353,-11.015552142978958],[23.89607862433057,-11.015546202426583],[23.89620919990688,-11.016025339323416]]]]}},{"type":"Feature","properties":{"id":null,"group":null,"name":null,"settlement_id":"settlement_seshai","country_id":"country_barrel","district_id":null,"status":null,"surface":null,"access":null,"bridge":null,"tunnel":null,"oneway":null,"route_id":null,"alt_name":null,"notes":null},"geometry":{"type":"MultiPolygon","coordinates":[[[[23.89618531839531,-11.016013578315478],[23.896185576637325,-11.016013505720784],[23.89679485473094,-11.01584694497316],[23.89679529965044,-11.015846829186724],[23.89706771728425,-11.015779479933478],[23.897079278368334,-11.015810980801941],[23.896807084212384,-11.015878274845543],[23.896198157073908,-11.016044739741567],[23.895995945946385,-11.016103156904261],[23.895982978505256,-11.016072032646566],[23.89618531839531,-11.016013578315478]]]]}},{"type":"Feature","properties":{"id":null,"group":null,"name":null,"settlement_id":"settlement_seshai","country_id":"country_barrel","district_id":null,"status":null,"surface":null,"access":null,"bridge":null,"tunnel":null,"oneway":null,"route_id":null,"alt_name":null,"notes":null},"geometry":{"type":"MultiPolygon","coordinates":[[[[23.895329628026385,-11.021330970603794],[23.895375504018922,-11.02132229847436],[23.895429455329005,-11.021206335976279],[23.895479787340083,-11.021030336265069],[23.89555618855079,-11.020742114551101],[23.895633705619815,-11.020428888611184],[23.895669181773613,-11.020437772187936],[23.895591636375837,-11.02075111274194],[23.89559157773422,-11.020751341578366],[23.895515110702142,-11.021039811727954],[23.895515036896352,-11.021040079625802],[23.895464356800062,-11.02121729658838],[23.895463569793968,-11.02121940574045],[23.895405751125537,-11.021343680751613],[23.895404215369016,-11.021346253082694],[23.895402164056073,-11.021348500893668],[23.895399666385895,-11.02135034835663],[23.895396806615153,-11.021351733149038],[23.895393681215698,-11.021352608556116],[23.895338559216935,-11.02136302850448],[23.89533741773356,-11.021363209080542],[23.89523653576837,-11.021376104020607],[23.89522932116769,-11.021343792017506],[23.895329628026385,-11.021330970603794]]]]}},{"type":"Feature","properties":{"id":null,"group":null,"name":null,"settlement_id":"settlement_seshai","country_id":"country_barrel","district_id":null,"status":null,"surface":null,"access":null,"bridge":null,"tunnel":null,"oneway":null,"route_id":null,"alt_name":null,"notes":null},"geometry":{"type":"MultiPolygon","coordinates":[[[[23.89570107709374,-11.020250951989059],[23.89573170871961,-11.020048656370344],[23.89575184474981,-11.019797141439291],[23.895770638471927,-11.019536055227286],[23.895786708832322,-11.019178696599626],[23.89578671179553,-11.019178633746344],[23.895806104976906,-11.018785431976996],[23.895842386715856,-11.018788825404389],[23.89582299512414,-11.019181995688246],[23.8958069174492,-11.019539517719547],[23.89580689469345,-11.019539906988639],[23.8957880828399,-11.019801245432395],[23.895788074040166,-11.019801361189463],[23.895767892909756,-11.02005343977005],[23.89576777660135,-11.020054446280398],[23.89573684085236,-11.020258750518925],[23.89573607166163,-11.020261684635544],[23.895668670569624,-11.02043940977867],[23.895634216824078,-11.020427251020223],[23.89570107709374,-11.020250951989059]]]]}},{"type":"Feature","properties":{"id":null,"group":null,"name":null,"settlement_id":"settlement_seshai","country_id":"country_barrel","district_id":null,"status":null,"surface":null,"access":null,"bridge":null,"tunnel":null,"oneway":null,"route_id":null,"alt_name":null,"notes":null},"geometry":{"type":"MultiPolygon","coordinates":[[[[23.89572314636494,-11.019464869754154],[23.89570835815364,-11.019749684825225],[23.895708316077688,-11.01975026767217],[23.895682428554466,-11.020029980958064],[23.895682398335502,-11.020030274668484],[23.89566058136946,-11.020222914105108],[23.895669588899043,-11.020433684405397],[23.895633298493923,-11.020432976394387],[23.895624242451344,-11.020221070482073],[23.89562432090127,-11.020218813700227],[23.895646248260306,-11.020025199676693],[23.895672095294188,-11.01974592417063],[23.89568686983962,-11.019461372822661],[23.895686872889936,-11.01946131621473],[23.8957241122692,-11.018794541682992],[23.895760384094608,-11.018798123633694],[23.89572314636494,-11.019464869754154]]]]}},{"type":"Feature","properties":{"id":null,"group":null,"name":null,"settlement_id":"settlement_seshai","country_id":"country_barrel","district_id":null,"status":null,"surface":null,"access":null,"bridge":null,"tunnel":null,"oneway":null,"route_id":null,"alt_name":null,"notes":null},"geometry":{"type":"MultiPolygon","coordinates":[[[[23.89678617098693,-11.020440379004853],[23.89678481588758,-11.020441485810657],[23.89671360436447,-11.02049349935031],[23.896710301440557,-11.020495380884237],[23.89670657389652,-11.020496536719639],[23.896590684349782,-11.020519562428445],[23.896585552396317,-11.020519894532999],[23.89612039186018,-11.020490007892418],[23.896119950564394,-11.020489974726734],[23.89578315062205,-11.020460987532022],[23.895650790321742,-11.02044957047566],[23.895652097073764,-11.020417090324507],[23.895784451584596,-11.020428506902931],[23.896121028988606,-11.020457474998208],[23.896583353899736,-11.020487179523235],[23.896692781173986,-11.020465437798052],[23.89676019563035,-11.020416197683083],[23.8968412882003,-11.020342214478747],[23.896867906832906,-11.020365808902755],[23.89678617098693,-11.020440379004853]]]]}},{"type":"Feature","properties":{"id":null,"group":null,"name":null,"settlement_id":"settlement_seshai","country_id":"country_barrel","district_id":null,"status":null,"surface":null,"access":null,"bridge":null,"tunnel":null,"oneway":null,"route_id":null,"alt_name":null,"notes":null},"geometry":{"type":"MultiPolygon","coordinates":[[[[23.895960125107298,-11.021541447674972],[23.895963307390666,-11.021541525370896],[23.896249700610706,-11.02157108289209],[23.896252448448145,-11.021571556483376],[23.896787930809666,-11.021701628240432],[23.89678044446409,-11.021733096226054],[23.896246322069995,-11.02160335490324],[23.89596291237907,-11.02157410534581],[23.895644342840612,-11.021591573947529],[23.89563996905561,-11.021559003223462],[23.895960125107298,-11.021541447674972]]]]}},{"type":"Feature","properties":{"id":null,"group":null,"name":null,"settlement_id":"settlement_seshai","country_id":"country_barrel","district_id":null,"status":null,"surface":null,"access":null,"bridge":null,"tunnel":null,"oneway":null,"route_id":null,"alt_name":null,"notes":null},"geometry":{"type":"MultiPolygon","coordinates":[[[[23.888360214520144,-10.99426524050221],[23.888326188736297,-10.994274789044281],[23.88810594319763,-10.993733179220182],[23.88813996900224,-10.993723630759892],[23.888360214520144,-10.99426524050221]]]]}},{"type":"Feature","properties":{"id":null,"group":null,"name":null,"settlement_id":"settlement_seshai","country_id":"country_barrel","district_id":null,"status":null,"surface":null,"access":null,"bridge":null,"tunnel":null,"oneway":null,"route_id":null,"alt_name":null,"notes":null},"geometry":{"type":"MultiPolygon","coordinates":[[[[23.888043572507392,-10.994512541132043],[23.88767093760389,-10.994808453557297],[23.88740777973479,-10.995022351729757],[23.887382545795226,-10.994997567258752],[23.88764577485425,-10.99478361127316],[23.887645917877524,-10.994783496366537],[23.888018853915312,-10.994487344879284],[23.888019319661666,-10.994486988546765],[23.88833119351672,-10.994257151318298],[23.888355209742027,-10.994282878226075],[23.888043572507392,-10.994512541132043]]]]}},{"type":"Feature","properties":{"id":null,"group":null,"name":null,"settlement_id":"settlement_seshai","country_id":"country_barrel","district_id":null,"status":null,"surface":null,"access":null,"bridge":null,"tunnel":null,"oneway":null,"route_id":null,"alt_name":null,"notes":null},"geometry":{"type":"MultiPolygon","coordinates":[[[[23.890437248693537,-10.988577566083114],[23.8905175471103,-10.988877583781223],[23.890517568778005,-10.988877665630854],[23.89069458874737,-10.989553802444942],[23.890942834963234,-10.990309697674627],[23.890908050884427,-10.99031718050417],[23.890659654663583,-10.98956082842251],[23.89065938366862,-10.989559909531005],[23.89048225342339,-10.988883351389072],[23.89040152316328,-10.988581720134373],[23.890401017583358,-10.98857838504672],[23.890384445293947,-10.988134751287282],[23.890420739156852,-10.988135613074881],[23.890437248693537,-10.988577566083114]]]]}},{"type":"Feature","properties":{"id":null,"group":null,"name":null,"settlement_id":"settlement_seshai","country_id":"country_barrel","district_id":null,"status":null,"surface":null,"access":null,"bridge":null,"tunnel":null,"oneway":null,"route_id":null,"alt_name":null,"notes":null},"geometry":{"type":"MultiPolygon","coordinates":[[[[23.886708762162172,-10.988300140782659],[23.886709982095546,-10.988302240257505],[23.886740006156522,-10.9883637352758],[23.88677503522526,-10.988401113170395],[23.88693728797169,-10.988527242684018],[23.886939259828562,-10.98852900741601],[23.887068927195052,-10.98866259787173],[23.88707070385798,-10.988664732111035],[23.887307918966165,-10.988999463452377],[23.887308989578052,-10.989001178463216],[23.887353066001566,-10.989082098347984],[23.887353935112756,-10.989083960452714],[23.887460390034178,-10.989355446332945],[23.88806963026752,-10.99023156493577],[23.888070961764377,-10.990233832360278],[23.888342711835012,-10.990792301532045],[23.888343075151028,-10.990793101901332],[23.88837868610326,-10.990877516883831],[23.888675759791923,-10.991364370198616],[23.888676929126824,-10.99136666579075],[23.888723556505028,-10.991479158170431],[23.88868961339957,-10.991488907837132],[23.888643476168443,-10.9913775979739],[23.888346429555057,-10.990890789038174],[23.888345299465964,-10.990888587259468],[23.888309380829558,-10.990803442916478],[23.888038395242866,-10.990246544823853],[23.88742877413847,-10.989369878543364],[23.887426924129816,-10.98936642924773],[23.88732013296893,-10.989094085869596],[23.887277033465203,-10.989014959512689],[23.8870412058195,-10.988682186029743],[23.88691343423154,-10.988550548728965],[23.886751050646733,-10.988424317531127],[23.886748855101292,-10.988422318262877],[23.886710985035165,-10.988381908877022],[23.88670932935048,-10.988379862634465],[23.886708020679986,-10.988377633960175],[23.88667739283586,-10.988314902281004],[23.886656086262608,-10.988283578993958],[23.88668676504662,-10.988267802311587],[23.886708762162172,-10.988300140782659]]]]}},{"type":"Feature","properties":{"id":null,"group":null,"name":null,"settlement_id":"settlement_seshai","country_id":"country_barrel","district_id":null,"status":null,"surface":null,"access":null,"bridge":null,"tunnel":null,"oneway":null,"route_id":null,"alt_name":null,"notes":null},"geometry":{"type":"MultiPolygon","coordinates":[[[[23.889741568952463,-10.98970140527199],[23.8897372383017,-10.989703170720654],[23.889248851126375,-10.989832166675072],[23.88863415523619,-10.9900418185461],[23.88863379184837,-10.990041938270886],[23.888148443072865,-10.99019626843593],[23.888065938055316,-10.990252793429397],[23.88804284740203,-10.990226409155218],[23.88812744268712,-10.990168452114467],[23.88812963639313,-10.990167180071058],[23.888132034738753,-10.990166224544621],[23.888619702795946,-10.990011156970343],[23.889234833499025,-10.989801356891817],[23.88923608312191,-10.989800979467676],[23.889722788197144,-10.9896724278712],[23.889940992010775,-10.989547465279358],[23.889961787278885,-10.989575288956948],[23.889741568952463,-10.98970140527199]]]]}},{"type":"Feature","properties":{"id":null,"group":null,"name":null,"settlement_id":"settlement_seshai","country_id":"country_barrel","district_id":null,"status":null,"surface":null,"access":null,"bridge":null,"tunnel":null,"oneway":null,"route_id":null,"alt_name":null,"notes":null},"geometry":{"type":"MultiPolygon","coordinates":[[[[23.886952812125262,-10.995467283757046],[23.886953019826983,-10.995469974237125],[23.886952522026043,-10.995503970589796],[23.886952273170422,-10.99550643904325],[23.886951605126903,-10.995508821809548],[23.886934782762385,-10.995553536769629],[23.886933280783655,-10.995556465897812],[23.886757461441213,-10.995820997424019],[23.886730869614652,-10.995873068774868],[23.88670973706202,-10.995938846627048],[23.88673993107198,-10.996287861889806],[23.886758679505096,-10.996352645583249],[23.886958523354842,-10.996646701046902],[23.887154413729874,-10.996897228733676],[23.887156373586635,-10.99690037685454],[23.887188360508084,-10.9969670723274],[23.88718935060218,-10.996969700553404],[23.88747728117359,-10.99800338340191],[23.8874777209904,-10.998005561045474],[23.887510711873787,-10.998266087869876],[23.887651988494376,-10.99882819633331],[23.88767775445974,-10.998890991415555],[23.887723659521455,-10.99895345079407],[23.887869688268374,-10.999099861392875],[23.887843299726516,-10.99912081732496],[23.88769629717776,-10.998973430399174],[23.887694521256627,-10.99897136265979],[23.88764656671745,-10.998906114724898],[23.887644543040043,-10.998902525510678],[23.887617567415496,-10.99883678232548],[23.887616860054735,-10.998834635901407],[23.8874750850426,-10.998270544332641],[23.887474746289755,-10.99826874820826],[23.887441780011862,-10.99800841556618],[23.887154524857802,-10.99697715732274],[23.887123949318642,-10.9969134047024],[23.886928858841827,-10.996663900038696],[23.886928165337313,-10.996662949675969],[23.8867264931367,-10.99636620394283],[23.88672519148193,-10.996363932055171],[23.88672427956956,-10.996361528812573],[23.88670439854652,-10.996292831536815],[23.886703853309864,-10.996289915301405],[23.88667327961918,-10.99593651092922],[23.886673313807865,-10.99593363523536],[23.886673912075125,-10.995930840249141],[23.88669628464802,-10.995861202695165],[23.886697170579282,-10.995859057791803],[23.886724673816996,-10.99580520175664],[23.886725520918077,-10.995803754549511],[23.88690088497851,-10.995539908084547],[23.886916246991504,-10.995499074848945],[23.88691668830221,-10.995468936584668],[23.88688871768885,-10.995303608865367],[23.886924614090464,-10.995300611875003],[23.886952812125262,-10.995467283757046]]]]}},{"type":"Feature","properties":{"id":null,"group":null,"name":null,"settlement_id":"settlement_seshai","country_id":"country_barrel","district_id":null,"status":null,"surface":null,"access":null,"bridge":null,"tunnel":null,"oneway":null,"route_id":null,"alt_name":null,"notes":null},"geometry":{"type":"MultiPolygon","coordinates":[[[[23.887875022828943,-10.997336450453616],[23.887854172043145,-10.997365788869937],[23.88783647674215,-10.997410057675369],[23.88780221088067,-10.997397423803664],[23.887820549261747,-10.997351546203431],[23.887822208315637,-10.997348507861618],[23.887846330197327,-10.997314566808553],[23.88784894267944,-10.997311732435888],[23.88785225058684,-10.997309557167585],[23.888320203205875,-10.99707508111641],[23.888339310116375,-10.99710381091373],[23.887875022828943,-10.997336450453616]]]]}},{"type":"Feature","properties":{"id":null,"group":null,"name":null,"settlement_id":"settlement_seshai","country_id":"country_barrel","district_id":null,"status":null,"surface":null,"access":null,"bridge":null,"tunnel":null,"oneway":null,"route_id":null,"alt_name":null,"notes":null},"geometry":{"type":"MultiPolygon","coordinates":[[[[23.887842433563865,-10.99744962985577],[23.887866770401867,-10.997575590925361],[23.887867036919744,-10.99757882186597],[23.88786659150694,-10.997581998474823],[23.887855211971406,-10.99762631896443],[23.887854413564906,-10.997628605421824],[23.887853236569562,-10.997630738537886],[23.887824541503626,-10.997673842546629],[23.88781356987224,-10.997717790634976],[23.887814864555672,-10.997767069189504],[23.887894443148166,-10.998027607232038],[23.887894797176415,-10.99802899087165],[23.887931576376978,-10.998206654275979],[23.88793182720474,-10.998208338808135],[23.887971284877743,-10.998640846369737],[23.887971322096586,-10.998641348395513],[23.88797892369562,-10.99877460102289],[23.88797893683296,-10.998775996482676],[23.88797665195659,-10.998835452926631],[23.887976208259396,-10.998838490015434],[23.887960753438975,-10.998898448983441],[23.887960182610097,-10.998900192621381],[23.887873626381865,-10.999116657930225],[23.887872325197044,-10.9991191685565],[23.887510313980652,-10.999677751639338],[23.887478651462644,-10.999660093287195],[23.887839886637078,-10.999102707769223],[23.887925576295984,-10.998888409702507],[23.88794041760434,-10.998830830958669],[23.887942616311445,-10.998773616931722],[23.887935068934134,-10.998641314593373],[23.887895711318084,-10.998209903439449],[23.887859250083967,-10.99803377593318],[23.88777927379446,-10.997771935791256],[23.88777861292876,-10.997767914131135],[23.887777212957566,-10.997714627917526],[23.887777635540584,-10.997710752594813],[23.887789684658294,-10.997662488537774],[23.887790487037382,-10.997660153242789],[23.887791683505192,-10.99765797636466],[23.887820405979856,-10.997614831193243],[23.887830370054118,-10.997576023593544],[23.887806543266592,-10.997452702357847],[23.887806356543447,-10.997451461197665],[23.88780127171873,-10.997404345224506],[23.887837415903235,-10.997403136255627],[23.887842433563865,-10.99744962985577]]]]}},{"type":"Feature","properties":{"id":null,"group":null,"name":null,"settlement_id":"settlement_seshai","country_id":"country_barrel","district_id":null,"status":null,"surface":null,"access":null,"bridge":null,"tunnel":null,"oneway":null,"route_id":null,"alt_name":null,"notes":null},"geometry":{"type":"MultiPolygon","coordinates":[[[[23.887323391103347,-10.994393895226054],[23.88732226609482,-10.994392271881027],[23.88727399131848,-10.994313377793196],[23.887273594658254,-10.994312694411036],[23.88716227099545,-10.994110156598618],[23.886976945995066,-10.993779523698961],[23.886896543120354,-10.993635933027795],[23.88689652197135,-10.99363589514377],[23.886816404080886,-10.993491945811455],[23.88657754151718,-10.993171949439335],[23.88660732517988,-10.993154917185311],[23.88684688380027,-10.993475846066893],[23.886848136655107,-10.993477778939363],[23.886928800738996,-10.993622709632863],[23.887009187657657,-10.99376627181487],[23.88719454513129,-10.994096962656657],[23.887194613156886,-10.994097085209743],[23.887305780730834,-10.994299339045304],[23.887353335977625,-10.994377057230468],[23.887673058038114,-10.99478719174131],[23.88764372555741,-10.994804815269028],[23.887323391103347,-10.994393895226054]]]]}},{"type":"Feature","properties":{"id":null,"group":null,"name":null,"settlement_id":"settlement_seshai","country_id":"country_barrel","district_id":null,"status":null,"surface":null,"access":null,"bridge":null,"tunnel":null,"oneway":null,"route_id":null,"alt_name":null,"notes":null},"geometry":{"type":"MultiPolygon","coordinates":[[[[23.888875197658308,-10.99536821891485],[23.88887528370249,-10.995368406267355],[23.889452194369007,-10.996645662796885],[23.890242794985816,-10.998371113748881],[23.89024295217031,-10.998371467801242],[23.89052476706085,-10.999027125390045],[23.891347960952345,-11.000819953971074],[23.89131450632141,-11.00083082265497],[23.89049122876792,-10.99903781181734],[23.890491066344893,-10.99903744635102],[23.890209248950057,-10.998381782912059],[23.889418710658365,-10.996656467932318],[23.889418674123913,-10.996656387625348],[23.888841787638732,-10.995379184597734],[23.888326518408103,-10.994275544273183],[23.8883598848484,-10.994264485273435],[23.888875197658308,-10.99536821891485]]]]}},{"type":"Feature","properties":{"id":null,"group":null,"name":null,"settlement_id":"settlement_seshai","country_id":"country_barrel","district_id":null,"status":null,"surface":null,"access":null,"bridge":null,"tunnel":null,"oneway":null,"route_id":null,"alt_name":null,"notes":null},"geometry":{"type":"MultiPolygon","coordinates":[[[[23.889241786037854,-10.99501239080733],[23.88926799620695,-10.995036348766272],[23.888871619596628,-10.995385727476165],[23.888845409344796,-10.995361769508854],[23.889241786037854,-10.99501239080733]]]]}},{"type":"Feature","properties":{"id":null,"group":null,"name":null,"settlement_id":"settlement_seshai","country_id":"country_barrel","district_id":null,"status":null,"surface":null,"access":null,"bridge":null,"tunnel":null,"oneway":null,"route_id":null,"alt_name":null,"notes":null},"geometry":{"type":"MultiPolygon","coordinates":[[[[23.89032944104293,-10.993516324277756],[23.890415539813812,-10.993469874611177],[23.890435575814493,-10.993498120671115],[23.8903494913484,-10.993544562630232],[23.890023960125337,-10.99372044913846],[23.890003905011476,-10.99369221333206],[23.89032944104293,-10.993516324277756]]]]}},{"type":"Feature","properties":{"id":null,"group":null,"name":null,"settlement_id":"settlement_seshai","country_id":"country_barrel","district_id":null,"status":null,"surface":null,"access":null,"bridge":null,"tunnel":null,"oneway":null,"route_id":null,"alt_name":null,"notes":null},"geometry":{"type":"MultiPolygon","coordinates":[[[[23.888255100187337,-10.990852481708126],[23.88821914839167,-10.990939900671478],[23.888170228509566,-10.991140663017681],[23.888169372758778,-10.991143152921003],[23.887900573287634,-10.991740587244694],[23.887866786782393,-10.99172682616033],[23.888135043119142,-10.991130599179177],[23.88818390720695,-10.990930065909819],[23.888184577067115,-10.990928007852936],[23.888223100931008,-10.990834334784871],[23.888224902668693,-10.990831158789309],[23.888227471835982,-10.990828466276163],[23.888230679375226,-10.990826392499118],[23.888316642201538,-10.990783679469542],[23.888335643432633,-10.990812461537047],[23.888255100187337,-10.990852481708126]]]]}},{"type":"Feature","properties":{"id":null,"group":null,"name":null,"settlement_id":"settlement_seshai","country_id":"country_barrel","district_id":null,"status":null,"surface":null,"access":null,"bridge":null,"tunnel":null,"oneway":null,"route_id":null,"alt_name":null,"notes":null},"geometry":{"type":"MultiPolygon","coordinates":[[[[23.889391911563255,-10.992576260550418],[23.88936029147931,-10.99259057567189],[23.888690774855696,-10.991491190498484],[23.888722395049065,-10.991476875509399],[23.889391911563255,-10.992576260550418]]]]}},{"type":"Feature","properties":{"id":null,"group":null,"name":null,"settlement_id":"settlement_seshai","country_id":"country_barrel","district_id":null,"status":null,"surface":null,"access":null,"bridge":null,"tunnel":null,"oneway":null,"route_id":null,"alt_name":null,"notes":null},"geometry":{"type":"MultiPolygon","coordinates":[[[[23.887787647745014,-10.99404078111098],[23.887835199000563,-10.994136511605959],[23.888047228181296,-10.99449284444047],[23.888015427419404,-10.994506859579946],[23.887803071025626,-10.994149976847245],[23.887802461800987,-10.99414885917762],[23.887754536362905,-10.994052375375961],[23.88775435703483,-10.994052002724912],[23.88768328997432,-10.993899454087243],[23.88771666789062,-10.993888419667945],[23.887787647745014,-10.99404078111098]]]]}},{"type":"Feature","properties":{"id":null,"group":null,"name":null,"settlement_id":"settlement_seshai","country_id":"country_barrel","district_id":null,"status":null,"surface":null,"access":null,"bridge":null,"tunnel":null,"oneway":null,"route_id":null,"alt_name":null,"notes":null},"geometry":{"type":"MultiPolygon","coordinates":[[[[23.888114883220915,-10.993713381649746],[23.88813102898174,-10.993743428328568],[23.88770805182959,-10.993908960241937],[23.88769190603808,-10.993878913511383],[23.888114883220915,-10.993713381649746]]]]}},{"type":"Feature","properties":{"id":null,"group":null,"name":null,"settlement_id":"settlement_seshai","country_id":"country_barrel","district_id":null,"status":null,"surface":null,"access":null,"bridge":null,"tunnel":null,"oneway":null,"route_id":null,"alt_name":null,"notes":null},"geometry":{"type":"MultiPolygon","coordinates":[[[[23.889047273474684,-10.99252989674584],[23.889007668496127,-10.992521958824913],[23.889004510455656,-10.992521059732496],[23.889001548708922,-10.992519676297384],[23.888998878783102,-10.992517853140464],[23.888971065139266,-10.99249527878848],[23.8889677377821,-10.992491776420199],[23.888945692280814,-10.992461323037857],[23.88892799635463,-10.992437424665537],[23.888902042288198,-10.992426769231654],[23.888552205750848,-10.99237138119505],[23.888511761026578,-10.99237180490504],[23.88846693952676,-10.992385705898613],[23.88808707544353,-10.992559923856865],[23.88806905971882,-10.992530670982529],[23.8884499784168,-10.992355969403185],[23.888452158432088,-10.992355136696055],[23.88850076790148,-10.992340060904379],[23.888503481629996,-10.992339435308189],[23.888506296494434,-10.992339205119151],[23.88855131057555,-10.992338733546296],[23.888554710085153,-10.992338984256874],[23.88890862406952,-10.992395017914568],[23.888913233043304,-10.992396309512571],[23.88894651537272,-10.992409973567998],[23.88894966837629,-10.992411602635745],[23.88895244482671,-10.992413733539856],[23.88895473871537,-10.992416284919564],[23.888975614064496,-10.992444477110764],[23.888975726463677,-10.992444630627931],[23.8889964204659,-10.992473217069277],[23.889018478945157,-10.9924911203685],[23.889053251954877,-10.992498089836213],[23.8890534970709,-10.99249814051157],[23.88937927450776,-10.992567553057768],[23.889372928537043,-10.992599283164095],[23.889047273474684,-10.99252989674584]]]]}},{"type":"Feature","properties":{"id":null,"group":null,"name":null,"settlement_id":"settlement_seshai","country_id":"country_barrel","district_id":null,"status":null,"surface":null,"access":null,"bridge":null,"tunnel":null,"oneway":null,"route_id":null,"alt_name":null,"notes":null},"geometry":{"type":"MultiPolygon","coordinates":[[[[23.89141109757914,-10.990714052271663],[23.89153526128018,-10.990662002736673],[23.891552202166405,-10.990691726627935],[23.89142803737349,-10.990743776639496],[23.89046597657888,-10.99114692333103],[23.890449040031246,-10.991117197456475],[23.89141109757914,-10.990714052271663]]]]}},{"type":"Feature","properties":{"id":null,"group":null,"name":null,"settlement_id":"settlement_seshai","country_id":"country_barrel","district_id":null,"status":null,"surface":null,"access":null,"bridge":null,"tunnel":null,"oneway":null,"route_id":null,"alt_name":null,"notes":null},"geometry":{"type":"MultiPolygon","coordinates":[[[[23.88750700543592,-10.993577137678333],[23.88700150113926,-10.993787773220213],[23.88698463073314,-10.993758019110583],[23.88749033958659,-10.993547298410045],[23.887490751281323,-10.993547132813832],[23.887959942013318,-10.993365104046259],[23.887975988955652,-10.993395189231073],[23.88750700543592,-10.993577137678333]]]]}},{"type":"Feature","properties":{"id":null,"group":null,"name":null,"settlement_id":"settlement_seshai","country_id":"country_barrel","district_id":null,"status":null,"surface":null,"access":null,"bridge":null,"tunnel":null,"oneway":null,"route_id":null,"alt_name":null,"notes":null},"geometry":{"type":"MultiPolygon","coordinates":[[[[23.887691752525836,-10.993878974402191],[23.88770820534183,-10.993908899351112],[23.887186651634728,-10.994118552715326],[23.887170198779135,-10.994088627703544],[23.887691752525836,-10.993878974402191]]]]}},{"type":"Feature","properties":{"id":null,"group":null,"name":null,"settlement_id":"settlement_seshai","country_id":"country_barrel","district_id":null,"status":null,"surface":null,"access":null,"bridge":null,"tunnel":null,"oneway":null,"route_id":null,"alt_name":null,"notes":null},"geometry":{"type":"MultiPolygon","coordinates":[[[[23.887262361474953,-10.99346403051243],[23.88692255030323,-10.993643506810292],[23.886902782958188,-10.993615116916985],[23.887242846786553,-10.993435507228888],[23.887243357318052,-10.993435248262404],[23.887856685929005,-10.993136703249968],[23.88787543210858,-10.993165610978508],[23.887262361474953,-10.99346403051243]]]]}},{"type":"Feature","properties":{"id":null,"group":null,"name":null,"settlement_id":"settlement_seshai","country_id":"country_barrel","district_id":null,"status":null,"surface":null,"access":null,"bridge":null,"tunnel":null,"oneway":null,"route_id":null,"alt_name":null,"notes":null},"geometry":{"type":"MultiPolygon","coordinates":[[[[23.887239331004793,-10.996093918988366],[23.887292694565627,-10.996458481880886],[23.887292736736086,-10.996462449286156],[23.88728884592721,-10.996493130900152],[23.887288351048294,-10.996495460792636],[23.88728747575658,-10.996497679464083],[23.887279436477716,-10.996513963503507],[23.887277935279723,-10.99651638022039],[23.887275973595493,-10.996518500521331],[23.88727361096668,-10.996520260050296],[23.88723544835584,-10.996543702639766],[23.88723342341376,-10.996544767477513],[23.886952331217348,-10.996669778293029],[23.886934686958593,-10.996640357233183],[23.887214723165204,-10.996515816092883],[23.887248017286243,-10.996495364132313],[23.88725306304087,-10.996485143658036],[23.887256401264494,-10.996458819567351],[23.887203205994716,-10.996095406176693],[23.88720305599376,-10.996093711595945],[23.887193374622992,-10.995779152574741],[23.88722967571477,-10.995780208175752],[23.887239331004793,-10.996093918988366]]]]}},{"type":"Feature","properties":{"id":null,"group":null,"name":null,"settlement_id":"settlement_seshai","country_id":"country_barrel","district_id":null,"status":null,"surface":null,"access":null,"bridge":null,"tunnel":null,"oneway":null,"route_id":null,"alt_name":null,"notes":null},"geometry":{"type":"MultiPolygon","coordinates":[[[[23.89023516304255,-10.998391120108776],[23.8902169616958,-10.998361952887663],[23.891015907013,-10.997989942378288],[23.891034108282767,-10.998019109512038],[23.89023516304255,-10.998391120108776]]]]}},{"type":"Feature","properties":{"id":null,"group":null,"name":null,"settlement_id":"settlement_seshai","country_id":"country_barrel","district_id":null,"status":null,"surface":null,"access":null,"bridge":null,"tunnel":null,"oneway":null,"route_id":null,"alt_name":null,"notes":null},"geometry":{"type":"MultiPolygon","coordinates":[[[[23.89077530873493,-11.00327881778757],[23.890793903899368,-11.003307798935914],[23.889990954027162,-11.003693837108392],[23.889972358781563,-11.0036648558745],[23.89077530873493,-11.00327881778757]]]]}},{"type":"Feature","properties":{"id":null,"group":null,"name":null,"settlement_id":"settlement_seshai","country_id":"country_barrel","district_id":null,"status":null,"surface":null,"access":null,"bridge":null,"tunnel":null,"oneway":null,"route_id":null,"alt_name":null,"notes":null},"geometry":{"type":"MultiPolygon","coordinates":[[[[23.888134248510518,-11.001601826331278],[23.888134638775053,-11.001601983357162],[23.888430399878963,-11.00172452093744],[23.88843197771537,-11.001725254851472],[23.888703270614062,-11.00186585141206],[23.888705614983245,-11.00186727763935],[23.888902028837407,-11.002006216515241],[23.888905298653572,-11.00200914367248],[23.889078588176112,-11.002205420703612],[23.889079826025743,-11.00220699042371],[23.88950900655814,-11.002819170339134],[23.88950986118958,-11.00282051731919],[23.889631800503707,-11.003034081818829],[23.88974601677147,-11.003223211563274],[23.889746517027543,-11.003224099125129],[23.889855277276865,-11.003431492731165],[23.88999758473976,-11.00367238608756],[23.889965728066443,-11.00368630689753],[23.889823202802614,-11.003445044862403],[23.889822787386755,-11.00344429934175],[23.88971406531179,-11.003236978533957],[23.889600005657066,-11.003048108129857],[23.889599794773233,-11.003047749083558],[23.889478146016064,-11.00283469347375],[23.88904999715738,-11.002223985177054],[23.888878818813627,-11.002030099407277],[23.888685347626527,-11.001893242142321],[23.8884160536256,-11.001753681549696],[23.88812129295716,-11.001631558512928],[23.88802084770491,-11.001592333804684],[23.888033607268245,-11.001562525070032],[23.888134248510518,-11.001601826331278]]]]}},{"type":"Feature","properties":{"id":null,"group":null,"name":null,"settlement_id":"settlement_seshai","country_id":"country_barrel","district_id":null,"status":null,"surface":null,"access":null,"bridge":null,"tunnel":null,"oneway":null,"route_id":null,"alt_name":null,"notes":null},"geometry":{"type":"MultiPolygon","coordinates":[[[[23.891034339947385,-11.00416642678628],[23.891034422566772,-11.004166384087629],[23.891142206702686,-11.00411104566753],[23.891161619735165,-11.004139620381965],[23.89105387699144,-11.004194937567485],[23.890993059942097,-11.004226575528115],[23.890973481651944,-11.004198086194155],[23.891034339947385,-11.00416642678628]]]]}},{"type":"Feature","properties":{"id":null,"group":null,"name":null,"settlement_id":"settlement_seshai","country_id":"country_barrel","district_id":null,"status":null,"surface":null,"access":null,"bridge":null,"tunnel":null,"oneway":null,"route_id":null,"alt_name":null,"notes":null},"geometry":{"type":"MultiPolygon","coordinates":[[[[23.891028811880737,-11.00414354739653],[23.890966871218925,-11.004173897295908],[23.89094804115885,-11.004145030117744],[23.891009996978028,-11.004114672801157],[23.89101002729699,-11.004114657981635],[23.891120503120174,-11.004060790894044],[23.891139272524477,-11.004089687693126],[23.891028811880737,-11.00414354739653]]]]}},{"type":"Feature","properties":{"id":null,"group":null,"name":null,"settlement_id":"settlement_seshai","country_id":"country_barrel","district_id":null,"status":null,"surface":null,"access":null,"bridge":null,"tunnel":null,"oneway":null,"route_id":null,"alt_name":null,"notes":null},"geometry":{"type":"MultiPolygon","coordinates":[[[[23.894849102071795,-11.012729244854565],[23.894846488322663,-11.012729813688447],[23.89484378544366,-11.012730018117173],[23.894781936880893,-11.012730471453859],[23.894778123284116,-11.012730138899121],[23.894714174337867,-11.012718469595683],[23.894711441277522,-11.012717775234064],[23.894708834478582,-11.01271671729139],[23.89464261383216,-11.012684376039415],[23.89463871393007,-11.012681875020922],[23.89457205194699,-11.012627042540705],[23.894570127435927,-11.012625219584084],[23.894568510375155,-11.012623174971313],[23.894493240223348,-11.012512108069973],[23.894492882291356,-11.012511557759318],[23.894335741495574,-11.012259598235016],[23.894335010432837,-11.01225830306054],[23.894169627546876,-11.011932420812874],[23.894202520339327,-11.01192038895582],[23.894367568146553,-11.012245610943362],[23.894524139584085,-11.012496657569706],[23.89459776352037,-11.012605295363219],[23.894660560853257,-11.012656949005159],[23.894722123340298,-11.012687015287037],[23.894781376002726,-11.012697827629612],[23.894838562337785,-11.012697408474917],[23.894928007931984,-11.012671183560716],[23.894941116336927,-11.012702266807477],[23.894849102071795,-11.012729244854565]]]]}},{"type":"Feature","properties":{"id":null,"group":null,"name":null,"settlement_id":"settlement_seshai","country_id":"country_barrel","district_id":null,"status":null,"surface":null,"access":null,"bridge":null,"tunnel":null,"oneway":null,"route_id":null,"alt_name":null,"notes":null},"geometry":{"type":"MultiPolygon","coordinates":[[[[23.894012764369617,-11.008223796649688],[23.894031283950273,-11.008252813976908],[23.893501871978376,-11.008505762806289],[23.893483352344692,-11.008476745422355],[23.894012764369617,-11.008223796649688]]]]}},{"type":"Feature","properties":{"id":null,"group":null,"name":null,"settlement_id":"settlement_seshai","country_id":"country_barrel","district_id":null,"status":null,"surface":null,"access":null,"bridge":null,"tunnel":null,"oneway":null,"route_id":null,"alt_name":null,"notes":null},"geometry":{"type":"MultiPolygon","coordinates":[[[[23.893617326448137,-11.003753398135593],[23.89363667706172,-11.00378200449664],[23.892856557241696,-11.0041805406187],[23.89283720654206,-11.004151934179006],[23.893617326448137,-11.003753398135593]]]]}},{"type":"Feature","properties":{"id":null,"group":null,"name":null,"settlement_id":"settlement_seshai","country_id":"country_barrel","district_id":null,"status":null,"surface":null,"access":null,"bridge":null,"tunnel":null,"oneway":null,"route_id":null,"alt_name":null,"notes":null},"geometry":{"type":"MultiPolygon","coordinates":[[[[23.903217268987955,-11.002000312266606],[23.90315094970214,-11.001950267561158],[23.902973022000197,-11.00206095790642],[23.90295116323634,-11.002033769546756],[23.903140218454567,-11.001916156716609],[23.903143104967242,-11.001914716577197],[23.903146271952558,-11.001913800718619],[23.903149608970516,-11.001913441078916],[23.90315299965166,-11.001913650199548],[23.90315632575524,-11.001914420787939],[23.903159471292472,-11.001915725971912],[23.903162326571305,-11.001917520236717],[23.903242977095832,-11.001978379350302],[23.903245945040556,-11.001981163281865],[23.903248167782646,-11.001984444836744],[23.903715949078443,-11.00288363594501],[23.903683210287745,-11.002895966398865],[23.903217268987955,-11.002000312266606]]]]}},{"type":"Feature","properties":{"id":null,"group":null,"name":null,"settlement_id":"settlement_seshai","country_id":"country_barrel","district_id":null,"status":null,"surface":null,"access":null,"bridge":null,"tunnel":null,"oneway":null,"route_id":null,"alt_name":null,"notes":null},"geometry":{"type":"MultiPolygon","coordinates":[[[[23.90313288025932,-11.0018012110129],[23.903080063641287,-11.001682350932168],[23.903079077538425,-11.001679373914058],[23.903078717574143,-11.001676316925334],[23.90307899641316,-11.001673287520644],[23.903079904245004,-11.001670392284229],[23.903081409129218,-11.00166773307976],[23.903119762700562,-11.00161389355695],[23.90312200828796,-11.001611384280098],[23.903124800910412,-11.00160936649634],[23.903691902021418,-11.001283193451352],[23.903694869529723,-11.001281838393481],[23.90369810082182,-11.001281022630655],[23.903701481627202,-11.001280775011242],[23.90370489238807,-11.00128110429196],[23.903708212487224,-11.001281998828214],[23.90371132451368,-11.00128342698582],[23.903714118414612,-11.001285338259825],[23.903716495387357,-11.001287665060474],[23.903718371373373,-11.001290325103454],[23.903783702724038,-11.00140437032392],[23.903785098357343,-11.001407534863379],[23.903785763449772,-11.001410850163182],[23.903785670138763,-11.001414177335885],[23.90378482233325,-11.001417376996654],[23.903783255550284,-11.001420315102488],[23.90378103542687,-11.001422868567657],[23.903778254970412,-11.00142493042016],[23.903213019527406,-11.001758693622117],[23.903169197983168,-11.001805655537403],[23.903169305609328,-11.00193071722006],[23.903132990034333,-11.00192878455913],[23.90313288025932,-11.0018012110129]],[[23.903156136838785,-11.001767387037644],[23.90318618349403,-11.001735187169185],[23.90318978935504,-11.001732304628643],[23.903744193421804,-11.001404937261961],[23.903695918760146,-11.00132066693945],[23.903148726254503,-11.001635389489826],[23.903117167885306,-11.00167969013329],[23.903156136838785,-11.001767387037644]]]]}},{"type":"Feature","properties":{"id":null,"group":null,"name":null,"settlement_id":"settlement_seshai","country_id":"country_barrel","district_id":null,"status":null,"surface":null,"access":null,"bridge":null,"tunnel":null,"oneway":null,"route_id":null,"alt_name":null,"notes":null},"geometry":{"type":"MultiPolygon","coordinates":[[[[23.90264313918743,-11.001713347172164],[23.902676791598036,-11.00172740431824],[23.902573877212596,-11.00194940954141],[23.902540224759544,-11.001935352421443],[23.90264313918743,-11.001713347172164]]]]}},{"type":"Feature","properties":{"id":null,"group":null,"name":"Nova Marginal","settlement_id":"settlement_seshai","country_id":"country_barrel","district_id":null,"status":null,"surface":null,"access":null,"bridge":null,"tunnel":null,"oneway":null,"route_id":null,"alt_name":null,"notes":null},"geometry":{"type":"MultiPolygon","coordinates":[[[[23.88648405167967,-11.002006873631734],[23.88648402228212,-11.0020068507451],[23.88558582287807,-11.00130619004319],[23.88466677584811,-11.000730616445912],[23.883238813748363,-10.999986334223959],[23.88252763852902,-10.99967357849683],[23.881512343903537,-10.999338452791074],[23.880682692425026,-10.999070036198832],[23.879475485626244,-10.998801656710237],[23.87865269602026,-10.998678978088398],[23.87654408563671,-10.998397023016679],[23.87527558800496,-10.998238645885204],[23.875278452383327,-10.998206326405214],[23.876547038706818,-10.99836471481454],[23.876547216271536,-10.99836473777078],[23.878656068851065,-10.9986467255686],[23.87865637593117,-10.998646768990236],[23.879480040213338,-10.998769578160228],[23.879481474509586,-10.998769844213134],[23.8806903444779,-10.999038593648388],[23.880692220905818,-10.99903910453569],[23.881522856437716,-10.999307839640883],[23.881522972575674,-10.999307877594795],[23.882539259389258,-10.999643330970335],[23.8825410917633,-10.99964403430706],[23.883253782728698,-10.999957456742607],[23.88325499702356,-10.999958039339539],[23.88468426175288,-11.000703000766316],[23.88468563964919,-11.000703789492912],[23.885606220582613,-11.001280323890409],[23.885607878482745,-11.001281484505743],[23.886506858319038,-11.001982754159457],[23.88718223161533,-11.002507502802906],[23.88715943982103,-11.002531633694808],[23.88648405167967,-11.002006873631734]]]]}},{"type":"Feature","properties":{"id":null,"group":null,"name":null,"settlement_id":"settlement_seshai","country_id":"country_barrel","district_id":null,"status":null,"surface":null,"access":null,"bridge":null,"tunnel":null,"oneway":null,"route_id":null,"alt_name":null,"notes":null},"geometry":{"type":"MultiPolygon","coordinates":[[[[23.88986449877905,-11.00503717944205],[23.888833980752306,-11.003629197827307],[23.888863963142047,-11.003612434777603],[23.889898708894304,-11.005026192690867],[23.88990041493491,-11.00502907443436],[23.889901483658793,-11.005032166102776],[23.889901874273523,-11.005035349689582],[23.88990157186968,-11.005038503679781],[23.889849539103285,-11.005287608536669],[23.889813830916456,-11.00527974978362],[23.88986449877905,-11.00503717944205]]]]}},{"type":"Feature","properties":{"id":null,"group":null,"name":null,"settlement_id":"settlement_seshai","country_id":"country_barrel","district_id":null,"status":null,"surface":null,"access":null,"bridge":null,"tunnel":null,"oneway":null,"route_id":null,"alt_name":null,"notes":null},"geometry":{"type":"MultiPolygon","coordinates":[[[[23.889419886257567,-11.001323734648983],[23.889449882091274,-11.001343712861868],[23.888906334656337,-11.002028792768126],[23.88887633866802,-11.002008814590214],[23.889419886257567,-11.001323734648983]]]]}},{"type":"Feature","properties":{"id":null,"group":null,"name":"Acesso Pedonal Est\u00e1dio Joaquim Morais","settlement_id":"settlement_seshai","country_id":"country_barrel","district_id":null,"status":null,"surface":null,"access":null,"bridge":null,"tunnel":null,"oneway":null,"route_id":null,"alt_name":null,"notes":null},"geometry":{"type":"MultiPolygon","coordinates":[[[[23.90165515598655,-11.000417286609064],[23.90167437287979,-11.000368620141787],[23.901674439664514,-11.000368454045374],[23.901728516883026,-11.000236343498104],[23.90180879687409,-11.000040114406449],[23.901915578469097,-10.99977920573994],[23.90194975642854,-10.999792057411813],[23.90184297594717,-11.000052963440165],[23.90176269583368,-11.000249192893676],[23.90170865100299,-11.000381224360224],[23.90168946570222,-11.00042981083605],[23.901588320334778,-11.000685595662219],[23.901554014438688,-11.000673061687953],[23.90165515598655,-11.000417286609064]]]]}},{"type":"Feature","properties":{"id":null,"group":null,"name":"Acesso Pedonal Est\u00e1dio Joaquim Morais","settlement_id":"settlement_seshai","country_id":"country_barrel","district_id":null,"status":null,"surface":null,"access":null,"bridge":null,"tunnel":null,"oneway":null,"route_id":null,"alt_name":null,"notes":null},"geometry":{"type":"MultiPolygon","coordinates":[[[[23.90177707332495,-11.00002829383724],[23.901697639921235,-11.000221927395529],[23.90164394372744,-11.000353045398404],[23.901624679393795,-11.00040085049154],[23.901527245607685,-11.000643154337874],[23.901493001121974,-11.000630466375721],[23.901590436938818,-11.000388157557444],[23.901609722360114,-11.000340300139522],[23.901609752787998,-11.000340225239611],[23.90166346595378,-11.000209065835472],[23.901742902959608,-11.000015423551758],[23.901847810318582,-10.999759575538171],[23.9018819810853,-10.999772444763344],[23.90177707332495,-11.00002829383724]]]]}},{"type":"Feature","properties":{"id":null,"group":null,"name":null,"settlement_id":"settlement_seshai","country_id":"country_barrel","district_id":null,"status":null,"surface":null,"access":null,"bridge":null,"tunnel":null,"oneway":null,"route_id":null,"alt_name":null,"notes":null},"geometry":{"type":"MultiPolygon","coordinates":[[[[23.90167962431384,-11.000409038710465],[23.901664996089764,-11.00043806199379],[23.901600245042545,-11.000409013199938],[23.90161487327774,-11.000379989910373],[23.90167962431384,-11.000409038710465]]]]}},{"type":"Feature","properties":{"id":null,"group":null,"name":null,"settlement_id":"settlement_seshai","country_id":"country_barrel","district_id":null,"status":null,"surface":null,"access":null,"bridge":null,"tunnel":null,"oneway":null,"route_id":null,"alt_name":null,"notes":null},"geometry":{"type":"MultiPolygon","coordinates":[[[[23.90175245628541,-11.000228055904406],[23.901738755919325,-11.000257481743246],[23.90167370356343,-11.000230207551832],[23.9016874039404,-11.000200781706315],[23.90175245628541,-11.000228055904406]]]]}},{"type":"Feature","properties":{"id":null,"group":null,"name":null,"settlement_id":"settlement_seshai","country_id":"country_barrel","district_id":null,"status":null,"surface":null,"access":null,"bridge":null,"tunnel":null,"oneway":null,"route_id":null,"alt_name":null,"notes":null},"geometry":{"type":"MultiPolygon","coordinates":[[[[23.901831998399544,-11.000031532662673],[23.901819774777472,-11.000061544319085],[23.901753876102468,-11.000036865073817],[23.901766099735102,-11.000006853410028],[23.901831998399544,-11.000031532662673]]]]}},{"type":"Feature","properties":{"id":null,"group":null,"name":"Via de Cintura ao Est\u00e1dio Joaquim Morais","settlement_id":"settlement_seshai","country_id":"country_barrel","district_id":null,"status":null,"surface":null,"access":null,"bridge":null,"tunnel":null,"oneway":null,"route_id":null,"alt_name":null,"notes":null},"geometry":{"type":"MultiPolygon","coordinates":[[[[23.903196237977898,-10.999711521258094],[23.903195974136544,-10.99971162333785],[23.903144490810607,-10.999731079881606],[23.903144105839043,-10.999731220421008],[23.903081748051743,-10.999753192137083],[23.903081380890253,-10.999753317144467],[23.903016065432464,-10.999774786679533],[23.903015252849983,-10.999775033236398],[23.902946261661242,-10.999794255772574],[23.902946139216965,-10.999794289440375],[23.902861288356476,-10.999817310767721],[23.902860027613603,-10.999817606744243],[23.90277257984489,-10.999835014154273],[23.90277190938885,-10.999835135291809],[23.902684602923692,-10.999849320896063],[23.902684445356332,-10.999849345831644],[23.902598933927138,-10.999862517608705],[23.902597655234977,-10.999862671554483],[23.90251714379341,-10.999869693525222],[23.90251534206438,-10.999869768585897],[23.90242816178056,-10.99986947095599],[23.902427332968504,-10.99986945111529],[23.902340755301772,-10.99986560428087],[23.902340488897142,-10.999865590690998],[23.902243756561578,-10.999860019701352],[23.902242362607424,-10.999859891343975],[23.90211764761547,-10.999844091911717],[23.902115945555327,-10.999843803309895],[23.901991427511827,-10.99981728561173],[23.901990626455397,-10.999817098273072],[23.90192869569848,-10.99980130866463],[23.901928053883907,-10.9998011339868],[23.9018602821322,-10.999781512565997],[23.90185686747781,-10.99978018467641],[23.901853776344215,-10.999778285582803],[23.901851133297658,-10.999775891814709],[23.901820689153688,-10.999742524849784],[23.901819377958024,-10.999740910530958],[23.90178835509692,-10.999697809342477],[23.901787850046894,-10.999697068299982],[23.9017604749797,-10.999654586468203],[23.901759834357115,-10.999653507380899],[23.901729213013535,-10.999597288310573],[23.90172897189541,-10.99959682882264],[23.901693445001364,-10.999526489355375],[23.90169327355088,-10.999526139756622],[23.90166102371483,-10.9994583725517],[23.901628572475794,-10.999392396234018],[23.901628065571245,-10.999391258573134],[23.90160370544063,-10.999330422443625],[23.90160303744097,-10.999328354261733],[23.901587868371042,-10.999267151484595],[23.90158755948584,-10.999265538580381],[23.901578634889535,-10.999199817333466],[23.90157850342985,-10.999198154988372],[23.90157701203111,-10.99913166719642],[23.901577095300183,-10.999129751853754],[23.90158384081706,-10.999068516988915],[23.90158401459846,-10.999067368295139],[23.901599197448135,-10.998988699799451],[23.901634991296905,-10.99899612900656],[23.901619918524503,-10.999074227189901],[23.90161334160602,-10.999133931595201],[23.901614792747704,-10.999198624446745],[23.901623494417723,-10.999262704018236],[23.901638204575413,-10.999322055205777],[23.9016619262212,-10.999381296801822],[23.901694148405078,-10.999446807428392],[23.901694241524662,-10.999446999880773],[23.901726453708683,-10.999514687965952],[23.90176177592934,-10.999584622201647],[23.90179197393445,-10.999640064047432],[23.901818765165043,-10.999681639858197],[23.90184892092775,-10.99972353635898],[23.90187497302098,-10.999752089614857],[23.90193696152835,-10.999770036668371],[23.90199817122947,-10.999785642449684],[23.90212144108268,-10.999811894350358],[23.902244604003812,-10.999827497179458],[23.902340505008574,-10.999833020306369],[23.90242653474729,-10.999836842808703],[23.90251239527627,-10.999837135946372],[23.90259136684033,-10.999830248291167],[23.902676164515512,-10.999817186470128],[23.9027630553781,-10.999803068406175],[23.902849531817154,-10.999785854362518],[23.902933698410227,-10.999763018699861],[23.90300221826885,-10.999743927497263],[23.903066946866225,-10.999722650875976],[23.903128928430377,-10.999700811731088],[23.903180087880425,-10.999681477593986],[23.903260099091344,-10.999649797258437],[23.903276380578586,-10.99967978888682],[23.903196237977898,-10.999711521258094]]]]}},{"type":"Feature","properties":{"id":null,"group":null,"name":"Via de Cintura ao Est\u00e1dio Joaquim Morais","settlement_id":"settlement_seshai","country_id":"country_barrel","district_id":null,"status":null,"surface":null,"access":null,"bridge":null,"tunnel":null,"oneway":null,"route_id":null,"alt_name":null,"notes":null},"geometry":{"type":"MultiPolygon","coordinates":[[[[23.901638900150562,-10.998896532923986],[23.90163909842337,-10.998896096884316],[23.901682200211106,-10.998805331155102],[23.901682285920117,-10.998805153789649],[23.901724345262263,-10.998719606360394],[23.90176001963615,-10.998630812072571],[23.901801018643823,-10.998511453082115],[23.901802566174936,-10.998508278028366],[23.90180486253111,-10.998505520459387],[23.90180779910174,-10.998503310799641],[23.9018112369961,-10.998501753559248],[23.901916344789544,-10.998466956981094],[23.901918011112322,-10.998466490307155],[23.90201344632531,-10.998444454654644],[23.90201409312174,-10.998444317109682],[23.902112906450256,-10.998425086512187],[23.902113571658266,-10.998424969140938],[23.90220967667329,-10.99840974167235],[23.902210309517116,-10.998409652048348],[23.902332488439946,-10.998394388685572],[23.902333777446188,-10.99839427059971],[23.902452314344195,-10.998387314803482],[23.902453880038973,-10.998387284354454],[23.902618565941644,-10.998390497095617],[23.902619662878735,-10.998390548236467],[23.902766422548105,-10.998401367564242],[23.90276757237567,-10.998401485086356],[23.902889820782566,-10.998417474325922],[23.902890596618974,-10.998417590892487],[23.903014227232557,-10.998438582081775],[23.90301541437877,-10.99843881967552],[23.903133419990347,-10.998466057411749],[23.903136785589712,-10.99846714509717],[23.903139893527268,-10.998468783362567],[23.90314262740102,-10.998470910849734],[23.903144884818847,-10.99847344787761],[23.90320308630632,-10.998552769116806],[23.903276550507144,-10.99865151962698],[23.903276962916287,-10.998652097982347],[23.903345525080045,-10.998752491397433],[23.90334732533302,-10.998755906529802],[23.903348246493138,-10.99875955259996],[23.903372144356716,-10.998950953582312],[23.90333605765742,-10.998952657474682],[23.90331262983607,-10.99876502104145],[23.90324651888667,-10.99866821686531],[23.903173232433954,-10.998569705292294],[23.90317316316782,-10.998569611541228],[23.90311911797241,-10.99849595481206],[23.903008976774963,-10.998470532335805],[23.90288632995062,-10.998449708203673],[23.902765044276475,-10.99843384490246],[23.902619409093987,-10.998423108496521],[23.90245605713361,-10.998419921803821],[23.902338948571654,-10.998426793802558],[23.90221772803963,-10.998441937455347],[23.902122272435165,-10.998457062041604],[23.90202411527978,-10.998476164952283],[23.90192985004978,-10.998497930473837],[23.901833330437544,-10.998529883895587],[23.90179466034486,-10.998642462849103],[23.901794404129074,-10.998643150921703],[23.901758391416692,-10.998732787370392],[23.901757951089547,-10.99873377461769],[23.90171569627903,-10.998819719647667],[23.90167273956089,-10.998910179908771],[23.901634061816083,-10.998999128124298],[23.901600126929427,-10.998985700681287],[23.901638900150562,-10.998896532923986]]]]}},{"type":"Feature","properties":{"id":null,"group":null,"name":"Via de Cintura ao Est\u00e1dio Joaquim Morais","settlement_id":"settlement_seshai","country_id":"country_barrel","district_id":null,"status":null,"surface":null,"access":null,"bridge":null,"tunnel":null,"oneway":null,"route_id":null,"alt_name":null,"notes":null},"geometry":{"type":"MultiPolygon","coordinates":[[[[23.90301035199234,-10.999780136688841],[23.90301361864582,-10.999781280721846],[23.903069044594393,-10.99980610900871],[23.90307189220698,-10.999807669763264],[23.903121064446836,-10.999840057885061],[23.90312456289773,-10.999843009457368],[23.90316238273825,-10.999883714607936],[23.903163073886997,-10.999884502614753],[23.90319480164342,-10.999922854787659],[23.90316611970963,-10.999941286500386],[23.903134725005525,-10.999903336922053],[23.903098813107633,-10.999864685278732],[23.90305294273652,-10.999834471996065],[23.90300059308153,-10.999811021756946],[23.902935912343718,-10.999794305982974],[23.902943986585854,-10.999762985526393],[23.90301035199234,-10.999780136688841]]]]}},{"type":"Feature","properties":{"id":null,"group":null,"name":"Acesso ao Court de T\u00e9nis","settlement_id":"settlement_seshai","country_id":"country_barrel","district_id":null,"status":null,"surface":null,"access":null,"bridge":null,"tunnel":null,"oneway":null,"route_id":null,"alt_name":null,"notes":null},"geometry":{"type":"MultiPolygon","coordinates":[[[[23.903067449961796,-10.99840422042517],[23.903066209630005,-10.998401347939517],[23.903057920193575,-10.998375495563337],[23.903057912446403,-10.998375471334876],[23.903031172679096,-10.998291612012203],[23.903030664553725,-10.998289533203296],[23.90301098903467,-10.998174821058722],[23.903010774084006,-10.99817234943147],[23.903010682201227,-10.998137644363213],[23.903010515287118,-10.998073510860854],[23.903010980842563,-10.998069833624305],[23.903038825233228,-10.997963189861903],[23.903040160712862,-10.997959854733644],[23.903082446192734,-10.997883455064514],[23.903084759271735,-10.997880327895757],[23.903172596116146,-10.997788941787656],[23.90320068298384,-10.997811102190369],[23.903114218908012,-10.997901060079386],[23.90307375342853,-10.997974171466149],[23.903046835315198,-10.99807726764004],[23.903046997351822,-10.998139524752013],[23.903047085959912,-10.99817299190679],[23.903066369685458,-10.99828541977464],[23.903092777587588,-10.998368238313546],[23.903100588532386,-10.998392598409133],[23.903146092431324,-10.998475338425088],[23.90311371959273,-10.99848835277623],[23.903067449961796,-10.99840422042517]]]]}},{"type":"Feature","properties":{"id":null,"group":null,"name":null,"settlement_id":"settlement_seshai","country_id":"country_barrel","district_id":null,"status":null,"surface":null,"access":null,"bridge":null,"tunnel":null,"oneway":null,"route_id":null,"alt_name":null,"notes":null},"geometry":{"type":"MultiPolygon","coordinates":[[[[23.89099983054364,-11.004206542653991],[23.890999901152977,-11.004206689081093],[23.89111003702326,-11.004437988737317],[23.891111112753492,-11.004440974674681],[23.89113370635468,-11.004531331621568],[23.8911341549306,-11.004534659503186],[23.89113384539238,-11.004537959322386],[23.891132790665928,-11.004541093283148],[23.891131034795183,-11.004543930515517],[23.89108913203133,-11.00459716741748],[23.8910867954293,-11.004599550812337],[23.891083947111785,-11.004601437463133],[23.8908837176533,-11.00470660419471],[23.89088095537139,-11.004707767758186],[23.8908779830445,-11.004708475609506],[23.890845794883823,-11.004713457812255],[23.890842576288875,-11.00471368816557],[23.89083932897751,-11.00471339587811],[23.890836156976302,-11.00471259031314],[23.89083316189921,-11.004711297276694],[23.890796871561154,-11.00469205093806],[23.890794188204616,-11.004690341334078],[23.890791852892857,-11.004688252208823],[23.890789938188053,-11.00468584847503],[23.890788503583426,-11.004683204820834],[23.8905141810664,-11.004046095352443],[23.890513057099056,-11.004042121225961],[23.890507326941332,-11.004001793003068],[23.890507215063163,-11.003998686797129],[23.890507760506544,-11.003995653227983],[23.89050894348698,-11.003992802330448],[23.890510721094863,-11.003990237513424],[23.89055798854541,-11.003935274263675],[23.890560468757453,-11.003932957075833],[23.89056345021286,-11.003931167295042],[23.890780916031083,-11.003829028565292],[23.890784146722076,-11.00382787257397],[23.89078760443888,-11.003827318881084],[23.890791156657873,-11.003827388707935],[23.890794667233575,-11.003828079378257],[23.890798001616506,-11.003829364420763],[23.890830685022667,-11.003845361133386],[23.89083352256488,-11.003847051706343],[23.890836001133714,-11.003849160031004],[23.89083803810885,-11.003851615828752],[23.89083956559003,-11.003854337238312],[23.89095670154444,-11.004118125673076],[23.890974019586256,-11.004153682976536],[23.89099983054364,-11.004206542653991]],[[23.89096667536222,-11.004218045987928],[23.890940889143742,-11.004165236954993],[23.89092344005051,-11.004129410576974],[23.890923195050384,-11.00412888416807],[23.89080856811432,-11.003870746021136],[23.890790855537567,-11.003862076701509],[23.890584995794946,-11.003958764356476],[23.890544274625686,-11.004006115509172],[23.89054878776898,-11.00403787849683],[23.890819815713108,-11.004667336385367],[23.89084419032648,-11.004680263303197],[23.89086667409699,-11.004676783185307],[23.891061138461286,-11.004574644490852],[23.891096547469907,-11.00452965782763],[23.891076083282424,-11.004447816862573],[23.89096667536222,-11.004218045987928]]]]}},{"type":"Feature","properties":{"id":null,"group":null,"name":"Avenida Eduardo Mondlane","settlement_id":"settlement_seshai","country_id":"country_barrel","district_id":null,"status":null,"surface":null,"access":null,"bridge":null,"tunnel":null,"oneway":null,"route_id":null,"alt_name":null,"notes":null},"geometry":{"type":"MultiPolygon","coordinates":[[[[23.894963288422858,-11.0119127298576],[23.894962981199317,-11.01191202567857],[23.8944869259547,-11.010746429103275],[23.89404769317708,-11.009769048090886],[23.893715597514426,-11.009030131490169],[23.893475829410015,-11.008496566579081],[23.893346351879735,-11.008208325125493],[23.8929261422619,-11.007273292761903],[23.892616058981652,-11.006583352003412],[23.892109562809765,-11.00545636601192],[23.89165719963038,-11.00444963773927],[23.891069154177927,-11.003141039206872],[23.890677569713315,-11.002269797802557],[23.89071113365742,-11.002259169602283],[23.89110271836039,-11.003130411510352],[23.891690764739444,-11.004439012064642],[23.89214312762666,-11.00544573965636],[23.8926496235634,-11.00657272509019],[23.89295970696652,-11.00726266610097],[23.893379917433453,-11.008197700325322],[23.89350939537669,-11.008485942689147],[23.893749162498832,-11.009019505398028],[23.894081258085354,-11.009758421806701],[23.89452060687507,-11.010736060935557],[23.894520828711595,-11.010736578280623],[23.894996845238893,-11.011902080005031],[23.895290990910077,-11.012535234534637],[23.89525759646143,-11.012546233903736],[23.894963288422858,-11.0119127298576]]]]}},{"type":"Feature","properties":{"id":null,"group":null,"name":"Avenida Marginal","settlement_id":"settlement_seshai","country_id":"country_barrel","district_id":null,"status":null,"surface":null,"access":null,"bridge":null,"tunnel":null,"oneway":null,"route_id":null,"alt_name":null,"notes":null},"geometry":{"type":"MultiPolygon","coordinates":[[[[23.894692693931887,-11.02111785568085],[23.894803861330534,-11.020825361754865],[23.89480391112185,-11.020825232625855],[23.89492270229782,-11.020521526897754],[23.895125143456376,-11.019838676335757],[23.895335777930192,-11.018949564791791],[23.895374067325804,-11.018673474356863],[23.89540189617071,-11.01832643712505],[23.895420327147132,-11.018056116702216],[23.895446064317316,-11.017552435314737],[23.895445028106426,-11.017267041485981],[23.895434920080337,-11.016963330803588],[23.895406979902464,-11.016555737935944],[23.8953451063102,-11.016178884669038],[23.89526865818529,-11.015797681524951],[23.89520814345844,-11.015553639358455],[23.895137614127815,-11.015287422285287],[23.895037618428383,-11.01497084427153],[23.894942878987738,-11.014710202606059],[23.894789586718417,-11.014288155246614],[23.894632675602356,-11.013945977666616],[23.89447414448465,-11.013644402394759],[23.89427252457138,-11.013317498989343],[23.89401686393372,-11.012905885589369],[23.893864522870164,-11.012689281699656],[23.893864262352132,-11.01268890068835],[23.893357318131567,-11.011925976572774],[23.893355730202938,-11.01192297027342],[23.89310727183104,-11.011306176960568],[23.893106465288753,-11.011303525707843],[23.8930614493399,-11.011088195903312],[23.89293375473435,-11.010623397107608],[23.89293372168025,-11.010623274844031],[23.892806125635456,-11.01014355025631],[23.892746032864693,-11.00991801183318],[23.892549949613358,-11.009180857743228],[23.8924538582516,-11.00895963526455],[23.89231434293751,-11.00870028503107],[23.8919349844789,-11.008179051329789],[23.891503607604562,-11.007586379172869],[23.891033662115415,-11.006940217396505],[23.890737037179314,-11.006535944997673],[23.89032344311019,-11.005983475303157],[23.890323336360204,-11.005983331191937],[23.889816700584653,-11.005292069870547],[23.889846669434885,-11.005275288451664],[23.890353252141328,-11.00596647742423],[23.89076684341113,-11.006518943428189],[23.89076694479378,-11.006519080218276],[23.891063641956325,-11.006923451089797],[23.89106368571585,-11.00692351099322],[23.8915336473166,-11.007569694978704],[23.891965022412197,-11.008162364741237],[23.89234507447809,-11.008684551487585],[23.892346316455896,-11.008686524103084],[23.89248671036938,-11.008947507602878],[23.89248731476263,-11.008948752857126],[23.892584159590612,-11.009171709962725],[23.892584942497177,-11.00917395542788],[23.892781327353564,-11.009912243254279],[23.8928414201838,-11.01013778185809],[23.89296900257849,-11.010617455029823],[23.89309680748999,-11.01108265524326],[23.893097032164672,-11.011083584630315],[23.89314186363733,-11.011298031958452],[23.89338916679096,-11.011911957429483],[23.893895026190975,-11.012673248983504],[23.894047520470835,-11.012890070736352],[23.894048067388898,-11.01289089741604],[23.89430400296134,-11.01330295348238],[23.89430403147053,-11.01330299954397],[23.894505972151162,-11.013630423049568],[23.894506548226328,-11.013631432795382],[23.894665557673655,-11.013933918001237],[23.894665952442775,-11.013934720731116],[23.894823325811878,-11.014277906340908],[23.89482382643814,-11.01427912645467],[23.89497734100667,-11.01470178582132],[23.895072195620582,-11.01496274432036],[23.895072413103343,-11.014963384810832],[23.895172621250737,-11.01528063537534],[23.8951728258024,-11.015281340032498],[23.89524348046466,-11.015548030128063],[23.8952435416653,-11.01554826878337],[23.895304169576992,-11.015792767344799],[23.895304321107904,-11.015793443261588],[23.89538088981581,-11.016175247568905],[23.89538098561774,-11.016175772988666],[23.895443017066675,-11.016553587554109],[23.895443179747556,-11.016554986650775],[23.895471185747567,-11.016963539274018],[23.89547121211196,-11.016964057036411],[23.895481336005886,-11.017268243724338],[23.895481344023757,-11.01726867794356],[23.895482382494862,-11.017554687309845],[23.895482363654953,-11.017555482928802],[23.895456599954912,-11.018059684423754],[23.895456585277167,-11.018059930562512],[23.89543814007115,-11.018330460064698],[23.895438127296437,-11.018330632272573],[23.895410258281373,-11.018678170870068],[23.895410167833433,-11.018678998256645],[23.89537172787572,-11.018956174546785],[23.895371477807114,-11.01895750950089],[23.89516059516116,-11.019847669026463],[23.895160390399774,-11.019848437464963],[23.894957663901398,-11.020532250777842],[23.89495727029323,-11.02053339783584],[23.894838283155202,-11.020837604665198],[23.894726841837535,-11.021130819404549],[23.89472615381352,-11.021132353532542],[23.89420156646377,-11.022140668001393],[23.894168495852533,-11.02212542165868],[23.894692693931887,-11.02111785568085]]]]}},{"type":"Feature","properties":{"id":null,"group":null,"name":null,"settlement_id":"settlement_seshai","country_id":"country_barrel","district_id":null,"status":null,"surface":null,"access":null,"bridge":null,"tunnel":null,"oneway":null,"route_id":null,"alt_name":null,"notes":null},"geometry":{"type":"MultiPolygon","coordinates":[[[[23.89541524698811,-11.018874563468506],[23.895418050661277,-11.018872550999312],[23.895498021839646,-11.01882689345742],[23.89550225010652,-11.018825161336627],[23.895564976016903,-11.018808287275542],[23.895505799331453,-11.018784504865902],[23.89550454494542,-11.018783951288427],[23.895440227274644,-11.018752947453473],[23.895436937750738,-11.018750953392397],[23.895434151116195,-11.018748403486178],[23.89537824815336,-11.018685761809875],[23.895406044145716,-11.018666298796727],[23.895459417730123,-11.018726106205417],[23.895519571605558,-11.018755102924912],[23.89562338140674,-11.01879682286001],[23.895626646768736,-11.018798490898854],[23.895629511657884,-11.018800694962831],[23.895631859392132,-11.018803345284198],[23.895633594352343,-11.018806333919928],[23.89563464587654,-11.018809539148],[23.895634971138012,-11.018812830425015],[23.895634556889352,-11.018816073702917],[23.895633420002156,-11.018819136888606],[23.895631606779908,-11.018821895223773],[23.895629191071983,-11.01882423636618],[23.895626271266014,-11.018826064965117],[23.89562296628066,-11.018827306544845],[23.895516813331177,-11.018855863038226],[23.895440337154792,-11.018899525208738],[23.89536689043564,-11.018965116676727],[23.89534052191476,-11.018941296552484],[23.89541524698811,-11.018874563468506]]]]}},{"type":"Feature","properties":{"id":null,"group":null,"name":null,"settlement_id":"settlement_seshai","country_id":"country_barrel","district_id":null,"status":null,"surface":null,"access":null,"bridge":null,"tunnel":null,"oneway":null,"route_id":null,"alt_name":null,"notes":null},"geometry":{"type":"MultiPolygon","coordinates":[[[[23.896736287453905,-11.022437713746553],[23.89673478738915,-11.022440752786936],[23.89673259814625,-11.022443407580594],[23.896696917229537,-11.022477921808047],[23.896693595706566,-11.022480394586072],[23.896652639124575,-11.022503565651284],[23.89664951783431,-11.022504949183936],[23.896646118366736,-11.022505740206203],[23.896605922214807,-11.022511289929275],[23.896602820477852,-11.022511471381481],[23.896599697987146,-11.022511169428276],[23.896537538535377,-11.022500311118016],[23.896542382950365,-11.02246829207128],[23.89660140937178,-11.022478603098707],[23.896634973023723,-11.02247396910359],[23.896671106967588,-11.022453526437616],[23.896702768050663,-11.022422900610632],[23.896736442284265,-11.022327980065189],[23.89677110948061,-11.022339557776014],[23.896736287453905,-11.022437713746553]]]]}},{"type":"Feature","properties":{"id":null,"group":null,"name":null,"settlement_id":"settlement_seshai","country_id":"country_barrel","district_id":null,"status":null,"surface":null,"access":null,"bridge":null,"tunnel":null,"oneway":null,"route_id":null,"alt_name":null,"notes":null},"geometry":{"type":"MultiPolygon","coordinates":[[[[23.894901755736722,-11.021209768416275],[23.895133127249757,-11.021315400653947],[23.895237332037752,-11.021344385901331],[23.895241639716154,-11.021346128640111],[23.895429334472652,-11.021448297343554],[23.89553581535961,-11.021494557961766],[23.89553854819274,-11.021496001613691],[23.895597729431344,-11.021533342137586],[23.895650659325273,-11.021561357659232],[23.895653518002,-11.02156319791063],[23.89565597331827,-11.021565467388914],[23.895742993791846,-11.021661691788713],[23.895745488660136,-11.021665238221598],[23.895878727371688,-11.021916760469994],[23.895958277575588,-11.022030529563631],[23.8960514211324,-11.02212725503198],[23.896175660307527,-11.022217697568443],[23.896306065700752,-11.022300449898495],[23.896306814424708,-11.022300949215033],[23.896550577545742,-11.022471662397372],[23.896529343938692,-11.02249694079276],[23.896285948741436,-11.022326485318825],[23.896155390821722,-11.022243636220917],[23.896154349741018,-11.022242928146978],[23.896028238007847,-11.022151122463198],[23.896025723650357,-11.022148935135213],[23.895930442115773,-11.02204998948619],[23.895928652539986,-11.022047817236093],[23.895847692047802,-11.02193203122109],[23.895846592984526,-11.021930235141996],[23.895713871480382,-11.021679689267609],[23.89563058856763,-11.021587597753737],[23.89558004577597,-11.02156084572113],[23.8955787246164,-11.021560080943795],[23.895520203779174,-11.021523157112298],[23.895414321830128,-11.021477156720238],[23.895412702322194,-11.021476366282688],[23.89522626295132,-11.021374880963508],[23.89512275723927,-11.021346090185373],[23.895119724710213,-11.021344984491481],[23.894886271930794,-11.021238402096651],[23.894885070729167,-11.021237805101181],[23.894700981263686,-11.021138589761915],[23.894718255953592,-11.021110870854905],[23.894901755736722,-11.021209768416275]]]]}},{"type":"Feature","properties":{"id":null,"group":null,"name":null,"settlement_id":"settlement_seshai","country_id":"country_barrel","district_id":null,"status":null,"surface":null,"access":null,"bridge":null,"tunnel":null,"oneway":null,"route_id":null,"alt_name":null,"notes":null},"geometry":{"type":"MultiPolygon","coordinates":[[[[23.894289021595117,-11.022223647097947],[23.8943247061467,-11.022179382806833],[23.89436573401177,-11.022124447936735],[23.894426108371928,-11.022025367440731],[23.894877372342034,-11.021215952145118],[23.894910043772075,-11.021231939161618],[23.89445864217618,-11.022041601528958],[23.894458356815154,-11.022042090858907],[23.894397472079365,-11.02214200895926],[23.89439668926072,-11.022143166749927],[23.894355074875087,-11.022198886963503],[23.894354733128107,-11.022199327287392],[23.894318626453007,-11.022244115204852],[23.89431811587191,-11.02224471596186],[23.89402272339214,-11.022574624050927],[23.893993892693135,-11.022553260736167],[23.894289021595117,-11.022223647097947]]]]}},{"type":"Feature","properties":{"id":null,"group":null,"name":null,"settlement_id":"settlement_seshai","country_id":"country_barrel","district_id":null,"status":null,"surface":null,"access":null,"bridge":null,"tunnel":null,"oneway":null,"route_id":null,"alt_name":null,"notes":null},"geometry":{"type":"MultiPolygon","coordinates":[[[[23.898235156676197,-11.015697273402395],[23.898269818611002,-11.015689423380302],[23.898308731919176,-11.01580314177071],[23.898274069986403,-11.015810991810826],[23.898235156676197,-11.015697273402395]]]]}},{"type":"Feature","properties":{"id":null,"group":null,"name":null,"settlement_id":"settlement_seshai","country_id":"country_barrel","district_id":null,"status":null,"surface":null,"access":null,"bridge":null,"tunnel":null,"oneway":null,"route_id":null,"alt_name":null,"notes":null},"geometry":{"type":"MultiPolygon","coordinates":[[[[23.897438406494214,-11.015947017050499],[23.897473721576542,-11.015941325169573],[23.897508518732334,-11.016073312309475],[23.897473203649096,-11.016079004212239],[23.897438406494214,-11.015947017050499]]]]}},{"type":"Feature","properties":{"id":null,"group":null,"name":null,"settlement_id":"settlement_seshai","country_id":"country_barrel","district_id":null,"status":null,"surface":null,"access":null,"bridge":null,"tunnel":null,"oneway":null,"route_id":null,"alt_name":null,"notes":null},"geometry":{"type":"MultiPolygon","coordinates":[[[[23.896207562738834,-11.016376328048839],[23.89624276898265,-11.01637023415161],[23.896275326185652,-11.016487336313348],[23.89624011994158,-11.016493430229824],[23.896207562738834,-11.016376328048839]]]]}},{"type":"Feature","properties":{"id":null,"group":null,"name":"Avenida Ngola Kimbanda","settlement_id":"settlement_seshai","country_id":"country_barrel","district_id":null,"status":null,"surface":null,"access":null,"bridge":null,"tunnel":null,"oneway":null,"route_id":null,"alt_name":null,"notes":null},"geometry":{"type":"MultiPolygon","coordinates":[[[[23.90258493692069,-11.012485492794589],[23.90251633729554,-11.012507821558057],[23.90174061284384,-11.012759730387222],[23.901740241434943,-11.012759846681663],[23.901689675079634,-11.0127750973769],[23.900450751081692,-11.013147562887383],[23.89984765694583,-11.01334650114095],[23.899833368869693,-11.013315785880307],[23.900436695617984,-11.013116770986654],[23.90043716346277,-11.01311662353795],[23.901676299271944,-11.012744094540578],[23.901726671252092,-11.012728902475905],[23.902502192959687,-11.012477059606029],[23.90257079306122,-11.012454730697726],[23.902996659516248,-11.012316460862502],[23.903010784025902,-11.012347229183694],[23.90258493692069,-11.012485492794589]]]]}},{"type":"Feature","properties":{"id":null,"group":null,"name":null,"settlement_id":"settlement_seshai","country_id":"country_barrel","district_id":null,"status":null,"surface":null,"access":null,"bridge":null,"tunnel":null,"oneway":null,"route_id":null,"alt_name":null,"notes":null},"geometry":{"type":"MultiPolygon","coordinates":[[[[23.89571876245533,-10.996723924274331],[23.89568013185291,-10.996662527073278],[23.89563665106221,-10.99660936079998],[23.895584806288973,-10.996554715932158],[23.89561184173267,-10.996534425821787],[23.895664150690095,-10.996589559951623],[23.895665038139747,-10.996590566753602],[23.895709638568526,-10.996645102073654],[23.895710911949138,-10.996646870621447],[23.8957502110815,-10.996709330348324],[23.89575039102438,-10.996709622790256],[23.895789943208825,-10.99677537128017],[23.895758226250184,-10.996789525829481],[23.89571876245533,-10.996723924274331]]]]}},{"type":"Feature","properties":{"id":null,"group":null,"name":null,"settlement_id":"settlement_seshai","country_id":"country_barrel","district_id":null,"status":null,"surface":null,"access":null,"bridge":null,"tunnel":null,"oneway":null,"route_id":null,"alt_name":null,"notes":null},"geometry":{"type":"MultiPolygon","coordinates":[[[[23.896040692624915,-10.993474195836118],[23.89603574021748,-10.993475258690612],[23.89594079074169,-10.993482841383363],[23.895967057969607,-10.993515538230886],[23.89596818911767,-10.993517116232617],[23.896012600281857,-10.993586967868215],[23.89603170472337,-10.993612688596082],[23.896058206368433,-10.993648441236092],[23.89602835147161,-10.993665376742],[23.896001865275114,-10.9936296449322],[23.8959823865192,-10.993603420258804],[23.895981668640786,-10.993602377106916],[23.895937437169607,-10.993532808104476],[23.895893419981434,-10.993478016500589],[23.895891633729644,-10.99347531589028],[23.895890421709456,-10.993472392643922],[23.895889826644883,-10.99346934980672],[23.89588986951206,-10.99346629463947],[23.89589054879995,-10.993463334837626],[23.89589184056343,-10.99346057473493],[23.895893699267493,-10.993458111625756],[23.89589605939233,-10.993456032335299],[23.895898837742934,-10.993454410159073],[23.89590193638168,-10.993453302279198],[23.89590524608082,-10.993452747748687],[23.89602780182744,-10.993442960429473],[23.896153920167293,-10.99339736974407],[23.896169180557315,-10.993427748543901],[23.896040692624915,-10.993474195836118]]]]}},{"type":"Feature","properties":{"id":null,"group":null,"name":null,"settlement_id":"settlement_seshai","country_id":"country_barrel","district_id":null,"status":null,"surface":null,"access":null,"bridge":null,"tunnel":null,"oneway":null,"route_id":null,"alt_name":null,"notes":null},"geometry":{"type":"MultiPolygon","coordinates":[[[[23.900954795245,-11.013185420745335],[23.90125409043953,-11.01309240734403],[23.901267771059466,-11.01312331696106],[23.900968479574544,-11.013216329253808],[23.900669072754642,-11.01330942339803],[23.900655387183836,-11.013278515230976],[23.900954795245,-11.013185420745335]]]]}},{"type":"Feature","properties":{"id":null,"group":null,"name":"Banco de Urg\u00eancias","settlement_id":"settlement_seshai","country_id":"country_barrel","district_id":null,"status":null,"surface":null,"access":null,"bridge":null,"tunnel":null,"oneway":null,"route_id":null,"alt_name":null,"notes":null},"geometry":{"type":"MultiPolygon","coordinates":[[[[23.89985074920626,-11.013429357352145],[23.89985069320155,-11.013429170245395],[23.899822967316368,-11.013334391783909],[23.899858058496296,-11.013327895238753],[23.8998857569802,-11.013422580016881],[23.89991841557153,-11.013529264831543],[23.8998834364019,-11.013536135622928],[23.89985074920626,-11.013429357352145]]]]}},{"type":"Feature","properties":{"id":null,"group":null,"name":null,"settlement_id":"settlement_seshai","country_id":"country_barrel","district_id":null,"status":null,"surface":null,"access":null,"bridge":null,"tunnel":null,"oneway":null,"route_id":null,"alt_name":null,"notes":null},"geometry":{"type":"MultiPolygon","coordinates":[[[[23.900176922127606,-11.013429942518767],[23.90017977676766,-11.013429299490593],[23.9001827385377,-11.013429093157704],[23.90018572714499,-11.013429329113695],[23.90037164149855,-11.0134578235765],[23.90039462045215,-11.013451146550857],[23.90046244600608,-11.013431482209773],[23.900542886669825,-11.01340676508405],[23.900556454304507,-11.013437709725613],[23.900475872556175,-11.013462470214606],[23.900475589447602,-11.013462554742313],[23.90040763784324,-11.013482255635237],[23.900380542612154,-11.01349012873734],[23.900376353353728,-11.013490852089603],[23.9003720326082,-11.013490653762537],[23.9001862855026,-11.013462184965269],[23.899907732354396,-11.01354816564932],[23.899894119621905,-11.013517234803771],[23.900176922127606,-11.013429942518767]]]]}},{"type":"Feature","properties":{"id":null,"group":null,"name":null,"settlement_id":"settlement_seshai","country_id":"country_barrel","district_id":null,"status":null,"surface":null,"access":null,"bridge":null,"tunnel":null,"oneway":null,"route_id":null,"alt_name":null,"notes":null},"geometry":{"type":"MultiPolygon","coordinates":[[[[23.900655298079602,-11.013278543183295],[23.900669161858875,-11.013309395445694],[23.900190660388493,-11.013460834085672],[23.900176796586546,-11.013429981759261],[23.900655298079602,-11.013278543183295]]]]}},{"type":"Feature","properties":{"id":null,"group":null,"name":null,"settlement_id":"settlement_seshai","country_id":"country_barrel","district_id":null,"status":null,"surface":null,"access":null,"bridge":null,"tunnel":null,"oneway":null,"route_id":null,"alt_name":null,"notes":null},"geometry":{"type":"MultiPolygon","coordinates":[[[[23.900006060476912,-11.01415085141073],[23.900006184468157,-11.01415081299655],[23.900064600659423,-11.014132939311875],[23.900078126331078,-11.014163896914896],[23.90001977223069,-11.014181751610185],[23.899718136257846,-11.014276365122956],[23.899704362587148,-11.014245484299941],[23.900006060476912,-11.01415085141073]]]]}},{"type":"Feature","properties":{"id":null,"group":null,"name":null,"settlement_id":"settlement_seshai","country_id":"country_barrel","district_id":null,"status":null,"surface":null,"access":null,"bridge":null,"tunnel":null,"oneway":null,"route_id":null,"alt_name":null,"notes":null},"geometry":{"type":"MultiPolygon","coordinates":[[[[23.899894382967215,-11.013923656605057],[23.899901226205788,-11.013945833845527],[23.899901865574762,-11.013949204527483],[23.899901722119132,-11.01395257945409],[23.899900802036857,-11.013955812810147],[23.89989914508053,-11.013958764897112],[23.899896822839647,-11.013961308168742],[23.899893935647604,-11.01396333274188],[23.89989060824682,-11.013964751143893],[23.899642013950764,-11.014042332686307],[23.899638740327347,-11.01404304242437],[23.89963533947003,-11.014043179134116],[23.89963193198605,-11.014042737967284],[23.899628638717726,-11.01404173456929],[23.89962557645681,-11.014040204524408],[23.899622853802686,-11.014038202093786],[23.899620567311004,-11.0140357982912],[23.899618798069437,-11.014033078364571],[23.899617608821995,-11.014030138772812],[23.89957310677206,-11.01387824620771],[23.899572521250786,-11.013874933685935],[23.899572690393025,-11.013871623580926],[23.89957360715799,-11.013868453681441],[23.899575233383736,-11.013865555939951],[23.89957750137579,-11.013863050979868],[23.899580316725107,-11.01386104307443],[23.899583562238007,-11.013859615806078],[23.899830538139998,-11.013779020866453],[23.89983381980049,-11.013778267702882],[23.899837238211358,-11.013778093960507],[23.89984067056964,-11.013778505880811],[23.89984399357133,-11.01377948866595],[23.899847087840968,-11.013781007010317],[23.899849842220053,-11.01378300636892],[23.899852157760304,-11.013785414916786],[23.899853951278306,-11.013788146129286],[23.899855158343712,-11.013791101890353],[23.899894382967215,-11.013923656605057]],[[23.899859397571046,-11.013930507545671],[23.899859344977646,-11.013930333530435],[23.899825522756625,-11.01381603558518],[23.899612264022515,-11.01388562773082],[23.89964737853613,-11.014005479135133],[23.899861875739376,-11.013938538678492],[23.899859397571046,-11.013930507545671]]]]}},{"type":"Feature","properties":{"id":null,"group":null,"name":null,"settlement_id":"settlement_seshai","country_id":"country_barrel","district_id":null,"status":null,"surface":null,"access":null,"bridge":null,"tunnel":null,"oneway":null,"route_id":null,"alt_name":null,"notes":null},"geometry":{"type":"MultiPolygon","coordinates":[[[[23.89994432223027,-11.013922690260218],[23.89988397256508,-11.013942412132085],[23.899869781159197,-11.013911665110339],[23.899930241630255,-11.013891907036877],[23.89993046385009,-11.013891835971902],[23.899991201501393,-11.013872834979091],[23.900004948461767,-11.013903724114682],[23.89994432223027,-11.013922690260218]]]]}},{"type":"Feature","properties":{"id":null,"group":null,"name":null,"settlement_id":"settlement_seshai","country_id":"country_barrel","district_id":null,"status":null,"surface":null,"access":null,"bridge":null,"tunnel":null,"oneway":null,"route_id":null,"alt_name":null,"notes":null},"geometry":{"type":"MultiPolygon","coordinates":[[[[23.90196339174788,-11.013408352451089],[23.90141813972492,-11.013601097138235],[23.901262712391233,-11.013656058002036],[23.90129633576406,-11.01378689637905],[23.901296804780106,-11.013790160094285],[23.901296543960793,-11.01379340325225],[23.901295563793596,-11.013796495447176],[23.90129390369047,-11.013799312343407],[23.901291630403335,-11.013801740674918],[23.901288835339965,-11.013803682799667],[23.90128563088849,-11.01380506062576],[23.90118857380626,-11.013836051152294],[23.901174619963108,-11.013805227568303],[23.90125747000699,-11.013778773389326],[23.901223959306904,-11.01364837334968],[23.90122349288469,-11.013645184558131],[23.9012237232986,-11.013642012520762],[23.901224641701454,-11.01363897903414],[23.901226212829343,-11.013636200574874],[23.901228376355764,-11.01363378382735],[23.901231049207865,-11.013631821587259],[23.901234128756265,-11.013630389198617],[23.901403115891405,-11.01357063345773],[23.901948375794255,-11.01337788606652],[23.902086383278487,-11.013329195267321],[23.902101383571086,-11.01335966716025],[23.90196339174788,-11.013408352451089]]]]}},{"type":"Feature","properties":{"id":null,"group":null,"name":null,"settlement_id":"settlement_seshai","country_id":"country_barrel","district_id":null,"status":null,"surface":null,"access":null,"bridge":null,"tunnel":null,"oneway":null,"route_id":null,"alt_name":null,"notes":null},"geometry":{"type":"MultiPolygon","coordinates":[[[[23.901311553768394,-11.013289692922235],[23.901043811912583,-11.01337127293321],[23.901017905923304,-11.013379853520147],[23.90100357508917,-11.013349152548335],[23.901029691599433,-11.013340502236492],[23.901030114852894,-11.013340367688896],[23.901317422668797,-11.013252826046804],[23.90132072475946,-11.013252134907544],[23.901324150412677,-11.013252024794363],[23.90132757658348,-11.013252499662352],[23.901330880208356,-11.013253542454853],[23.90133394262548,-11.013255115716118],[23.90133665383691,-11.013257162936679],[23.901338916459505,-11.01325961058302],[23.901340649222902,-11.013262370738955],[23.901341789888484,-11.013265344263326],[23.901428253297663,-11.013582898325474],[23.901393003167478,-11.013588831970754],[23.901311553768394,-11.013289692922235]]]]}},{"type":"Feature","properties":{"id":null,"group":null,"name":null,"settlement_id":"settlement_seshai","country_id":"country_barrel","district_id":null,"status":null,"surface":null,"access":null,"bridge":null,"tunnel":null,"oneway":null,"route_id":null,"alt_name":null,"notes":null},"geometry":{"type":"MultiPolygon","coordinates":[[[[23.90102825523423,-11.01336115063711],[23.901028849718493,-11.013364283434086],[23.9010287683096,-11.013367424427244],[23.90102801404595,-11.013370456384788],[23.901022560362247,-11.013385252238633],[23.901020988043836,-11.013388326335559],[23.901018707246745,-11.013390993091521],[23.901006902884475,-11.013401972025996],[23.901003913389868,-11.013404170941746],[23.901000422081744,-11.01340570148463],[23.900922487344687,-11.013430404252171],[23.900908608092806,-11.013399556919484],[23.900982794434423,-11.013376042281651],[23.900989223181373,-11.013370063070436],[23.900991794696697,-11.013363086546962],[23.900944123292312,-11.013204227193954],[23.900979152751965,-11.013197522424871],[23.90102825523423,-11.01336115063711]]]]}},{"type":"Feature","properties":{"id":null,"group":null,"name":null,"settlement_id":"settlement_seshai","country_id":"country_barrel","district_id":null,"status":null,"surface":null,"access":null,"bridge":null,"tunnel":null,"oneway":null,"route_id":null,"alt_name":null,"notes":null},"geometry":{"type":"MultiPolygon","coordinates":[[[[23.900219513384204,-11.01441378911464],[23.900219675955917,-11.01441444238127],[23.900245648648166,-11.014529473496145],[23.900252741431448,-11.014537702181117],[23.90026083943516,-11.014539329629997],[23.900406960709514,-11.014500784808396],[23.90048548077344,-11.014476559876897],[23.900486766052104,-11.014476213080147],[23.900580638733043,-11.01445441928189],[23.900582862930513,-11.014454039200668],[23.90061169446164,-11.014450823924532],[23.900714991875887,-11.014439154511715],[23.900716167428318,-11.014439057230664],[23.900851498756396,-11.01443190656737],[23.90099712527626,-11.014410860860764],[23.901123044319213,-11.014392605245426],[23.90118853762649,-11.014373248821276],[23.90122890045605,-11.014349745550078],[23.90127758114901,-11.014298286830556],[23.90136924919506,-11.014125003649232],[23.901369631342607,-11.014124325648668],[23.90140416591832,-11.014066693333056],[23.901406221642997,-11.014064008411399],[23.901438876092584,-11.01402999463186],[23.90144100512749,-11.014028141422374],[23.901443472160455,-11.014026654715556],[23.90150269542417,-11.013997456338524],[23.901505362412678,-11.013996399082634],[23.902072133752725,-11.013822113974319],[23.902085709113095,-11.013853056049985],[23.90152032650727,-11.014026914198531],[23.901465019990766,-11.014054181541134],[23.901435512136395,-11.014084917747137],[23.901402044696333,-11.014140769210313],[23.90130961452207,-11.014315493119716],[23.901307255085293,-11.014318773749183],[23.90125558277335,-11.014373394820856],[23.901251960090143,-11.014376252600314],[23.901207724095393,-11.014402011222368],[23.901203810758037,-11.014403691586306],[23.90113493120338,-11.01442404881969],[23.9011322700635,-11.01442463029755],[23.90100498505808,-11.014443083967759],[23.900858464781,-11.01446425886269],[23.900856688325998,-11.01446443347385],[23.900721051985787,-11.01447160027417],[23.900618325462162,-11.014483205209505],[23.900618297560996,-11.014483208341241],[23.900590581812935,-11.014486299190052],[23.900498454969078,-11.014507687682586],[23.900420201724515,-11.01453183030697],[23.900419461430406,-11.014532042007426],[23.900268569548082,-11.014571845273991],[23.90026562841063,-11.014572378863397],[23.90026259970933,-11.014572457856245],[23.90025956837424,-11.014572080037405],[23.900240049596007,-11.014568157368416],[23.90023685886923,-11.0145672442748],[23.90023387004289,-11.014565837000799],[23.90023118158822,-11.014563981911058],[23.90022888208031,-11.014561740124188],[23.90021464589858,-11.014545224035443],[23.900212335472517,-11.014541805273394],[23.90021096241939,-11.014538039517234],[23.900184173132832,-11.014419391749922],[23.90017401885164,-11.014382071526056],[23.900209270526133,-11.01437614334958],[23.900219513384204,-11.01441378911464]]]]}},{"type":"Feature","properties":{"id":null,"group":null,"name":null,"settlement_id":"settlement_seshai","country_id":"country_barrel","district_id":null,"status":null,"surface":null,"access":null,"bridge":null,"tunnel":null,"oneway":null,"route_id":null,"alt_name":null,"notes":null},"geometry":{"type":"MultiPolygon","coordinates":[[[[23.901758210902987,-11.012927892199937],[23.90176122430218,-11.012927178028209],[23.901790484576487,-11.01292271301764],[23.90179372691948,-11.012922489661381],[23.90179699631121,-11.012922796188294],[23.901800186556027,-11.012923622641816],[23.90182432793119,-11.012931981705057],[23.901827903053338,-11.012933618967208],[23.901831049078506,-11.01293588774955],[23.901833619305233,-11.012938682257062],[23.901849222799527,-11.01295969060965],[23.901850803759977,-11.012962259699599],[23.901851875855282,-11.012965011083526],[23.90197345770564,-11.013389959061673],[23.901973494088978,-11.013390088328693],[23.90209644836296,-11.013834263156454],[23.90213607496138,-11.013958479004996],[23.902136122646876,-11.01395863114034],[23.902181232855508,-11.014105149656439],[23.9022730652319,-11.014403636273494],[23.90227313185742,-11.01440385867481],[23.9022911432696,-11.014465645472812],[23.902256043684215,-11.014472113313662],[23.902238064735123,-11.014410437868328],[23.902146267935002,-11.014112066843097],[23.902101181638205,-11.013965625972798],[23.90206148688972,-11.013841196480204],[23.90206131372138,-11.013840615057582],[23.901938296575153,-11.013396213028356],[23.901817546880732,-11.012974173523485],[23.901807265669053,-11.012960331028259],[23.90179372399068,-11.012955642161522],[23.90177092396487,-11.012959121365313],[23.901268019242707,-11.013123237906678],[23.901253842256292,-11.013092486398389],[23.901758210902987,-11.012927892199937]]]]}},{"type":"Feature","properties":{"id":null,"group":null,"name":null,"settlement_id":"settlement_seshai","country_id":"country_barrel","district_id":null,"status":null,"surface":null,"access":null,"bridge":null,"tunnel":null,"oneway":null,"route_id":null,"alt_name":null,"notes":null},"geometry":{"type":"MultiPolygon","coordinates":[[[[23.902115045013787,-11.014084783259673],[23.902085653739373,-11.014063224113105],[23.902040460047104,-11.014057810318311],[23.901818814527658,-11.014126421142292],[23.90181682608048,-11.014126919173169],[23.901718029491867,-11.014146051196235],[23.90171423357702,-11.014146407115598],[23.901710391144107,-11.01414603073761],[23.901648136797654,-11.014133939140992],[23.901647154910627,-11.014133723509328],[23.90157869313047,-11.014116933313916],[23.90153734914272,-11.014107190953272],[23.9014852346349,-11.014111899113393],[23.901393822542108,-11.014147733043806],[23.90137765311688,-11.014117696218213],[23.901471538503078,-11.014080892760765],[23.901474075606462,-11.01408010504776],[23.901476738891677,-11.014079676849489],[23.901534837260694,-11.0140744281006],[23.901538088024306,-11.014074400031088],[23.90154132698643,-11.01407489569844],[23.901585995308867,-11.01408542141806],[23.901586177864438,-11.014085465311794],[23.90165424236654,-11.014102158086521],[23.901712137042427,-11.014113402918667],[23.90180614774109,-11.014095197700412],[23.9020307442923,-11.01402567341315],[23.90203474568685,-11.014024894223013],[23.902038894511392,-11.014024964266126],[23.9020936690173,-11.014031525764333],[23.902097095315057,-11.014032235374913],[23.902100347349737,-11.014033511489561],[23.902103305959262,-11.014035307348479],[23.90213803202533,-11.014060779688835],[23.902140013464404,-11.014062448771773],[23.902176698493665,-11.014097889684749],[23.9021508027659,-11.014119328336609],[23.902115045013787,-11.014084783259673]]]]}},{"type":"Feature","properties":{"id":null,"group":null,"name":null,"settlement_id":"settlement_seshai","country_id":"country_barrel","district_id":null,"status":null,"surface":null,"access":null,"bridge":null,"tunnel":null,"oneway":null,"route_id":null,"alt_name":null,"notes":null},"geometry":{"type":"MultiPolygon","coordinates":[[[[23.900447880422238,-11.014366208376256],[23.900424034631747,-11.014354091428508],[23.90038302085967,-11.01434908571408],[23.900385770529738,-11.014316756432638],[23.900430388520686,-11.014322202047566],[23.900433896934405,-11.014322944524409],[23.900437217416872,-11.014324280521302],[23.900465696821918,-11.014338751988964],[23.90046837037324,-11.014340384627916],[23.900625880249905,-11.01445456183396],[23.900604125723966,-11.014479468877486],[23.900447880422238,-11.014366208376256]]]]}},{"type":"Feature","properties":{"id":null,"group":null,"name":null,"settlement_id":"settlement_seshai","country_id":"country_barrel","district_id":null,"status":null,"surface":null,"access":null,"bridge":null,"tunnel":null,"oneway":null,"route_id":null,"alt_name":null,"notes":null},"geometry":{"type":"MultiPolygon","coordinates":[[[[23.891792781049144,-10.99156203499053],[23.89179281214938,-10.991562084452724],[23.89195384921211,-10.991819167245533],[23.89212136542353,-10.99208647891237],[23.89212153419191,-10.992086753938109],[23.89221761491585,-10.992246691054582],[23.89223483796676,-10.99227533187926],[23.89224880742833,-10.992297441152186],[23.892248821688067,-10.992297463759733],[23.892705867397424,-10.993023311087317],[23.893186751930656,-10.993786779765603],[23.893155404150555,-10.993801534177285],[23.89267451895019,-10.993038064478585],[23.892217478456587,-10.992312225471476],[23.892203414845923,-10.992289967191184],[23.8922032161059,-10.992289644827435],[23.892185893652425,-10.992260838703883],[23.892089890044023,-10.99210102996479],[23.891922458707384,-10.99183385374847],[23.891761434533347,-10.99157679154486],[23.89175169882416,-10.991561365944456],[23.891783029745977,-10.991546584681704],[23.891792781049144,-10.99156203499053]]]]}},{"type":"Feature","properties":{"id":null,"group":null,"name":null,"settlement_id":"settlement_seshai","country_id":"country_barrel","district_id":null,"status":null,"surface":null,"access":null,"bridge":null,"tunnel":null,"oneway":null,"route_id":null,"alt_name":null,"notes":null},"geometry":{"type":"MultiPolygon","coordinates":[[[[23.891614432303854,-10.990629156832904],[23.89161506976136,-10.99062890650207],[23.892182296080925,-10.990418487708782],[23.8921978403474,-10.990448762918005],[23.89163093590614,-10.990659062391783],[23.891552141335836,-10.99069175199635],[23.891535322110723,-10.99066197736826],[23.891614432303854,-10.990629156832904]]]]}},{"type":"Feature","properties":{"id":null,"group":null,"name":null,"settlement_id":"settlement_seshai","country_id":"country_barrel","district_id":null,"status":null,"surface":null,"access":null,"bridge":null,"tunnel":null,"oneway":null,"route_id":null,"alt_name":null,"notes":null},"geometry":{"type":"MultiPolygon","coordinates":[[[[23.88740820127093,-10.991727645324222],[23.887614528335796,-10.991740933684156],[23.887880255244035,-10.99171751898489],[23.888107092584278,-10.991683744196342],[23.888129510866307,-10.991678473349005],[23.888698855226504,-10.991468879472311],[23.8887143146809,-10.991499186533519],[23.888143916810744,-10.99170916832728],[23.88814175503814,-10.991709816731923],[23.888117455845983,-10.991715529810765],[23.888115891344043,-10.99171582937687],[23.887887683506086,-10.991749808258856],[23.887886518844734,-10.991749946055236],[23.88761868930463,-10.991773546069899],[23.887615637246853,-10.991773580822787],[23.887402929130875,-10.991759881528631],[23.887399791396632,-10.991759433861047],[23.88739675471304,-10.99175850893932],[23.887393910652612,-10.991757134654875],[23.887229637579953,-10.991661283929023],[23.887248101089813,-10.991634229383218],[23.88740820127093,-10.991727645324222]]]]}},{"type":"Feature","properties":{"id":null,"group":null,"name":null,"settlement_id":"settlement_seshai","country_id":"country_barrel","district_id":null,"status":null,"surface":null,"access":null,"bridge":null,"tunnel":null,"oneway":null,"route_id":null,"alt_name":null,"notes":null},"geometry":{"type":"MultiPolygon","coordinates":[[[[23.88748676700306,-10.992255833634257],[23.887654379424628,-10.992632505691363],[23.88779051030884,-10.992938306954782],[23.887882865529452,-10.993145898078042],[23.887984771589974,-10.993374886688313],[23.888139762147034,-10.993723144898782],[23.88810615005283,-10.993733665081358],[23.887951159427235,-10.993385406705428],[23.887849252876745,-10.993156416986672],[23.88775689881162,-10.992948828453043],[23.88762076819238,-10.992643027774756],[23.88745315503422,-10.992266354050326],[23.887390159692284,-10.992124812357764],[23.887423771432683,-10.992114291433008],[23.88748676700306,-10.992255833634257]]]]}},{"type":"Feature","properties":{"id":null,"group":null,"name":null,"settlement_id":"settlement_seshai","country_id":"country_barrel","district_id":null,"status":null,"surface":null,"access":null,"bridge":null,"tunnel":null,"oneway":null,"route_id":null,"alt_name":null,"notes":null},"geometry":{"type":"MultiPolygon","coordinates":[[[[23.889495798026985,-10.992697422217166],[23.889492259100564,-10.992695214499463],[23.88942606214604,-10.992643456850377],[23.8894738662835,-10.992737675628401],[23.889474816857536,-10.992739964544391],[23.889523373986545,-10.99288828548561],[23.88948858047623,-10.992895739977513],[23.88944040668197,-10.99274858994324],[23.889359655333568,-10.992589434250347],[23.889358488472453,-10.992586427097912],[23.889357969969975,-10.992583309180835],[23.889358118912863,-10.992580195273609],[23.889358929818343,-10.992577200003097],[23.88936037283589,-10.992574433629027],[23.8893623948462,-10.992571997985117],[23.889364921416544,-10.99256998273052],[23.889367859540595,-10.992568462049277],[23.88937110106229,-10.992567491919555],[23.88937452665715,-10.99256710805306],[23.88937801022468,-10.992567324580357],[23.889381423530388,-10.992568133530773],[23.88938464092623,-10.992569505125791],[23.88938754397583,-10.992571388875268],[23.8895135052174,-10.992669874721878],[23.889629075576625,-10.9927262202531],[23.889613268566787,-10.9927546941487],[23.889495798026985,-10.992697422217166]]]]}},{"type":"Feature","properties":{"id":null,"group":null,"name":null,"settlement_id":"settlement_seshai","country_id":"country_barrel","district_id":null,"status":null,"surface":null,"access":null,"bridge":null,"tunnel":null,"oneway":null,"route_id":null,"alt_name":null,"notes":null},"geometry":{"type":"MultiPolygon","coordinates":[[[[23.89090507585461,-10.992498166923484],[23.891247427720646,-10.992268636495766],[23.891584278572946,-10.992042836820332],[23.891926745867494,-10.991813224475887],[23.89228774775765,-10.991571238418606],[23.892310560257513,-10.991597810886796],[23.89194956050265,-10.991839795575007],[23.89160709326783,-10.992069407938564],[23.89127024221954,-10.992295207803595],[23.890927890211657,-10.992524738385551],[23.89054296867029,-10.992782746702598],[23.890520156656393,-10.992756173603338],[23.89090507585461,-10.992498166923484]]]]}},{"type":"Feature","properties":{"id":null,"group":null,"name":null,"settlement_id":"settlement_seshai","country_id":"country_barrel","district_id":null,"status":null,"surface":null,"access":null,"bridge":null,"tunnel":null,"oneway":null,"route_id":null,"alt_name":null,"notes":null},"geometry":{"type":"MultiPolygon","coordinates":[[[[23.89077812173023,-10.992248346291774],[23.890932335782693,-10.992504366574863],[23.89110006597674,-10.992782975886804],[23.891214011113544,-10.992972116408666],[23.891658216157385,-10.993709682011506],[23.891781257083018,-10.993913960363951],[23.89174955025404,-10.993928132062322],[23.891626509126937,-10.993723853383631],[23.89118230529274,-10.992986289818896],[23.891068359422967,-10.992797148087993],[23.89090062844146,-10.992518537479809],[23.89074641094503,-10.992262511489526],[23.890746401982362,-10.992262496592852],[23.8907382560389,-10.992248941754674],[23.890769980263247,-10.992234798901926],[23.89077812173023,-10.992248346291774]]]]}},{"type":"Feature","properties":{"id":null,"group":null,"name":null,"settlement_id":"settlement_seshai","country_id":"country_barrel","district_id":null,"status":null,"surface":null,"access":null,"bridge":null,"tunnel":null,"oneway":null,"route_id":null,"alt_name":null,"notes":null},"geometry":{"type":"MultiPolygon","coordinates":[[[[23.892117184484896,-10.992107036401164],[23.891778361269484,-10.992337877700933],[23.89143916237431,-10.992569159147362],[23.89109572573896,-10.992803274626564],[23.890715831199735,-10.99306213737619],[23.890692809001724,-10.99303570631565],[23.891072699664594,-10.992776846273907],[23.89141613274446,-10.99254273327836],[23.89175533345685,-10.992311450651954],[23.892094158656406,-10.992080608058751],[23.89245021108392,-10.991837885836516],[23.89247323875036,-10.99186431286397],[23.892117184484896,-10.992107036401164]]]]}},{"type":"Feature","properties":{"id":null,"group":null,"name":null,"settlement_id":"settlement_seshai","country_id":"country_barrel","district_id":null,"status":null,"surface":null,"access":null,"bridge":null,"tunnel":null,"oneway":null,"route_id":null,"alt_name":null,"notes":null},"geometry":{"type":"MultiPolygon","coordinates":[[[[23.89158006144877,-10.992063578401233],[23.891417869402346,-10.991809144941143],[23.891408498323457,-10.99179447542668],[23.891439728256152,-10.991779535085055],[23.89144910378992,-10.99179421157397],[23.891611309445153,-10.992048666381338],[23.89178247304073,-10.99231720795904],[23.891751224217984,-10.992332118668113],[23.89158006144877,-10.992063578401233]]]]}},{"type":"Feature","properties":{"id":null,"group":null,"name":null,"settlement_id":"settlement_seshai","country_id":"country_barrel","district_id":null,"status":null,"surface":null,"access":null,"bridge":null,"tunnel":null,"oneway":null,"route_id":null,"alt_name":null,"notes":null},"geometry":{"type":"MultiPolygon","coordinates":[[[[23.891243071160734,-10.99228915444087],[23.891085553173355,-10.99203348818778],[23.891076806620823,-10.992019332643496],[23.891108311044686,-10.992004829140688],[23.89111706341294,-10.992018994097913],[23.89111707503966,-10.992019012941963],[23.891274599081914,-10.99227468903436],[23.89144341140937,-10.992548714228395],[23.891411882935774,-10.992563178725725],[23.891243071160734,-10.99228915444087]]]]}},{"type":"Feature","properties":{"id":null,"group":null,"name":null,"settlement_id":"settlement_seshai","country_id":"country_barrel","district_id":null,"status":null,"surface":null,"access":null,"bridge":null,"tunnel":null,"oneway":null,"route_id":null,"alt_name":null,"notes":null},"geometry":{"type":"MultiPolygon","coordinates":[[[[23.8913964456449,-10.992864978471767],[23.891209678978733,-10.992992412714747],[23.890817661716138,-10.99325996588178],[23.890817594473127,-10.993260011534522],[23.890557638532805,-10.993435573693079],[23.89053473022135,-10.993409065319911],[23.89079465251583,-10.993233525929218],[23.89118663715571,-10.992965995095673],[23.891373405581188,-10.992838559684676],[23.892207555684678,-10.992269360094769],[23.892230595845046,-10.99229577867056],[23.8913964456449,-10.992864978471767]]]]}},{"type":"Feature","properties":{"id":null,"group":null,"name":null,"settlement_id":"settlement_seshai","country_id":"country_barrel","district_id":null,"status":null,"surface":null,"access":null,"bridge":null,"tunnel":null,"oneway":null,"route_id":null,"alt_name":null,"notes":null},"geometry":{"type":"MultiPolygon","coordinates":[[[[23.891369088350537,-10.992858881969681],[23.8912659690787,-10.992688416129221],[23.89129764209411,-10.992674188386214],[23.891400761996405,-10.992844655275968],[23.89150815241262,-10.993022239329754],[23.8914764768545,-10.993036462854345],[23.891369088350537,-10.992858881969681]]]]}},{"type":"Feature","properties":{"id":null,"group":null,"name":null,"settlement_id":"settlement_seshai","country_id":"country_barrel","district_id":null,"status":null,"surface":null,"access":null,"bridge":null,"tunnel":null,"oneway":null,"route_id":null,"alt_name":null,"notes":null},"geometry":{"type":"MultiPolygon","coordinates":[[[[23.892701449003475,-10.993044073062137],[23.891653618771937,-10.99373015331734],[23.891631106333108,-10.993703381773981],[23.89267893674185,-10.993017301581817],[23.893033957047763,-10.992784849901028],[23.893056469237436,-10.992811621367784],[23.892701449003475,-10.993044073062137]]]]}},{"type":"Feature","properties":{"id":null,"group":null,"name":null,"settlement_id":"settlement_seshai","country_id":"country_barrel","district_id":null,"status":null,"surface":null,"access":null,"bridge":null,"tunnel":null,"oneway":null,"route_id":null,"alt_name":null,"notes":null},"geometry":{"type":"MultiPolygon","coordinates":[[[[23.890515812311524,-10.992776714946656],[23.89035969195853,-10.992524116113186],[23.89035820444157,-10.992521048804958],[23.890357412540748,-10.992517812573954],[23.89035734821092,-10.992514538008948],[23.890358014047923,-10.992511357245576],[23.89035938318383,-10.992508398634348],[23.89036140037104,-10.99250578156152],[23.89036398421182,-10.992503611631488],[23.890750804845307,-10.99224217449019],[23.89108985104503,-10.992012995817923],[23.891422028325927,-10.99178843197321],[23.891765581212212,-10.991556225814177],[23.892126860440737,-10.99130623774674],[23.892129781261488,-10.991304616966179],[23.892133030461572,-10.991303554403203],[23.89213648523233,-10.991303090219024],[23.892140014995263,-10.991303241958203],[23.89214348633738,-10.991304003885476],[23.89214676805391,-10.991305347202566],[23.89214973610715,-10.991307221136683],[23.892152278314942,-10.991309554859482],[23.89215429859051,-10.991312260164268],[23.892314970932635,-10.99157737851389],[23.89247752945094,-10.991843932898668],[23.89244592038109,-10.991858265804222],[23.892283349458225,-10.991591691090658],[23.892283324761983,-10.991591650468104],[23.89213331819161,-10.991344131305832],[23.89178872451276,-10.991582573847527],[23.891788574765453,-10.991582676258142],[23.891444948705157,-10.991814931934625],[23.891112771728583,-10.992039495631225],[23.890773723821976,-10.992268675516092],[23.890398868474225,-10.992522025831374],[23.890547313388034,-10.992762205968454],[23.89072007043606,-10.993041667038069],[23.890688569763185,-10.993056176656225],[23.890515812311524,-10.992776714946656]]]]}},{"type":"Feature","properties":{"id":null,"group":null,"name":null,"settlement_id":"settlement_seshai","country_id":"country_barrel","district_id":null,"status":null,"surface":null,"access":null,"bridge":null,"tunnel":null,"oneway":null,"route_id":null,"alt_name":null,"notes":null},"geometry":{"type":"MultiPolygon","coordinates":[[[[23.907573405575405,-10.988627624361287],[23.90757303743064,-10.988628027914805],[23.906657978840258,-10.989596067349952],[23.90571932433032,-10.990634954804877],[23.90571925012825,-10.990635036341434],[23.904751382733362,-10.991690953684778],[23.90375924803999,-10.992796001682942],[23.903759147601573,-10.992796112463578],[23.90343887031563,-10.993145935952633],[23.902677640638114,-10.993977442973126],[23.90264904092157,-10.993955829833867],[23.903410271037334,-10.993124322525077],[23.903730498206155,-10.992774553856457],[23.904722636081075,-10.99166950256898],[23.904722742442353,-10.991669385324817],[23.90569062633072,-10.990613450228516],[23.90662936027469,-10.989574475096717],[23.906629595664793,-10.989574220400673],[23.907544585771266,-10.988606253633563],[23.908143869775895,-10.987925395173587],[23.908172869604055,-10.987946561214947],[23.907573405575405,-10.988627624361287]]]]}},{"type":"Feature","properties":{"id":null,"group":null,"name":null,"settlement_id":"settlement_seshai","country_id":"country_barrel","district_id":null,"status":null,"surface":null,"access":null,"bridge":null,"tunnel":null,"oneway":null,"route_id":null,"alt_name":null,"notes":null},"geometry":{"type":"MultiPolygon","coordinates":[[[[23.90255245731321,-11.012229782747937],[23.90244323764275,-11.012264036579111],[23.902104265504278,-11.012370295220759],[23.902101002639704,-11.012371007723992],[23.902097612086976,-11.012371150561046],[23.902094213415086,-11.012370718694703],[23.90209092647935,-11.012369727354834],[23.90208786719475,-11.012368211501368],[23.90208514344798,-11.012366224591382],[23.90208285129297,-11.012363836693916],[23.902081071563344,-11.012361132019022],[23.902079867021914,-11.012358205947972],[23.901917602800744,-11.011817413362577],[23.90191700534091,-11.011814242009244],[23.90191710045208,-11.011811063752486],[23.901917884497415,-11.011808000121302],[23.901919327496888,-11.011805168261649],[23.90192137427358,-11.011802676457071],[23.901979713364067,-11.011745231515464],[23.90198224185548,-11.011743203436104],[23.902045068009816,-11.011702343617927],[23.902047539884787,-11.01170101167957],[23.902111543791676,-11.011672929299706],[23.902116323908295,-11.011671567678398],[23.902183001255075,-11.011661791110496],[23.90218680166905,-11.01166160420217],[23.90225312771483,-11.011664649747633],[23.902256504948667,-11.011665088528522],[23.902341246931048,-11.011683331218446],[23.902344760921903,-11.01168442291631],[23.902348002270298,-11.011686112797875],[23.902350839640164,-11.011688332390886],[23.90235315806431,-11.011690991759718],[23.902354863602607,-11.011693983149565],[23.902572713961725,-11.012188385698005],[23.902574966940673,-11.012187699956735],[23.902588440632844,-11.01221867300157],[23.902586123841402,-11.01221937816584],[23.90261538008088,-11.012288259964135],[23.902616335492176,-11.012291353819231],[23.902616617658516,-11.012294519575754],[23.902616215951422,-11.012297637988105],[23.90261514550215,-11.012300591594043],[23.90261344663162,-11.012303269139093],[23.902611183331715,-11.012305569767296],[23.90260844085492,-11.01230740682013],[23.902605322502975,-11.012308711100653],[23.902538176472426,-11.012329662557795],[23.902469088437098,-11.012351298588715],[23.90245533098125,-11.012320413137344],[23.902524428150816,-11.012298774256163],[23.90252444642174,-11.012298768544735],[23.902575051170277,-11.012282978441132],[23.90255245731321,-11.012229782747937]],[[23.902539049443405,-11.012198787671394],[23.902324959166865,-11.011712918524003],[23.902251750601653,-11.011697158682615],[23.902189049928506,-11.011694279616124],[23.90212676801233,-11.011703411713192],[23.902066328668564,-11.011729930113262],[23.902006052517677,-11.011769131513303],[23.90195518562706,-11.01181921878915],[23.902109483552014,-11.012333461403832],[23.902429466730712,-11.012233155344713],[23.902539049443405,-11.012198787671394]]]]}},{"type":"Feature","properties":{"id":null,"group":null,"name":null,"settlement_id":"settlement_seshai","country_id":"country_barrel","district_id":null,"status":null,"surface":null,"access":null,"bridge":null,"tunnel":null,"oneway":null,"route_id":null,"alt_name":null,"notes":null},"geometry":{"type":"MultiPolygon","coordinates":[[[[23.902148495585834,-11.007629472072656],[23.902145640820592,-11.007630643472694],[23.902142570207463,-11.007631330974963],[23.90213937998109,-11.007631513032742],[23.902113817603276,-11.00763092576544],[23.902110223076154,-11.007630522556523],[23.902106745354907,-11.007629493391462],[23.902103521296866,-11.007627878770531],[23.90210067777715,-11.00762574223321],[23.90208388947841,-11.007610517152386],[23.90208125012199,-11.007607547427357],[23.902079387649444,-11.007604159529953],[23.901944323432303,-11.007271760484135],[23.901978354082047,-11.007262223720886],[23.90211195447575,-11.007591020232478],[23.902120181968662,-11.00759848163596],[23.90213318498437,-11.007598780367845],[23.90232712809747,-11.007498655178168],[23.90234661196041,-11.007527192359305],[23.902148495585834,-11.007629472072656]]]]}},{"type":"Feature","properties":{"id":null,"group":null,"name":null,"settlement_id":"settlement_seshai","country_id":"country_barrel","district_id":null,"status":null,"surface":null,"access":null,"bridge":null,"tunnel":null,"oneway":null,"route_id":null,"alt_name":null,"notes":null},"geometry":{"type":"MultiPolygon","coordinates":[[[[23.90408833758952,-11.006200881594355],[23.90408825557839,-11.006200923168128],[23.903201376429983,-11.006647567245098],[23.90297754911447,-11.006760290455373],[23.902977199512346,-11.006760461661084],[23.90272043605542,-11.006882681920276],[23.90197126869798,-11.007281162179282],[23.901971006861153,-11.007281298596746],[23.900943889790206,-11.007805360072842],[23.900924553471693,-11.007776746978713],[23.901951539018665,-11.007252752770661],[23.902700917875364,-11.006854160135639],[23.902701610776504,-11.006853811218829],[23.902958549554818,-11.006731507545583],[23.90318220330028,-11.006618871783244],[23.904069041484476,-11.006172248475318],[23.904807609505873,-11.005795390220417],[23.9048269464665,-11.005824002376503],[23.90408833758952,-11.006200881594355]]]]}},{"type":"Feature","properties":{"id":null,"group":null,"name":null,"settlement_id":"settlement_seshai","country_id":"country_barrel","district_id":null,"status":null,"surface":null,"access":null,"bridge":null,"tunnel":null,"oneway":null,"route_id":null,"alt_name":null,"notes":null},"geometry":{"type":"MultiPolygon","coordinates":[[[[23.901443542121662,-11.002933244094717],[23.901523374007507,-11.003101686573945],[23.901523428467858,-11.003101802649162],[23.901667748383165,-11.003412545429736],[23.901634352977094,-11.003423541753687],[23.90149006003616,-11.003112857046446],[23.901410257505027,-11.002944476501055],[23.901138323564364,-11.00237096546214],[23.90117160757505,-11.002359731787628],[23.901443542121662,-11.002933244094717]]]]}},{"type":"Feature","properties":{"id":null,"group":null,"name":null,"settlement_id":"settlement_seshai","country_id":"country_barrel","district_id":null,"status":null,"surface":null,"access":null,"bridge":null,"tunnel":null,"oneway":null,"route_id":null,"alt_name":null,"notes":null},"geometry":{"type":"MultiPolygon","coordinates":[[[[23.900216739131796,-11.004175310143497],[23.90023471700345,-11.00420457962437],[23.89946275860412,-11.004557437406051],[23.899444780660154,-11.004528167839535],[23.900216739131796,-11.004175310143497]]]]}},{"type":"Feature","properties":{"id":null,"group":null,"name":null,"settlement_id":"settlement_seshai","country_id":"country_barrel","district_id":null,"status":null,"surface":null,"access":null,"bridge":null,"tunnel":null,"oneway":null,"route_id":null,"alt_name":null,"notes":null},"geometry":{"type":"MultiPolygon","coordinates":[[[[23.900368825683636,-11.004110404222287],[23.900371678371965,-11.004109457135641],[23.900374698501146,-11.004108971166005],[23.900646320938463,-11.004086928069245],[23.90065025003153,-11.004086995423748],[23.90119755688818,-11.004149697013263],[23.901490249548072,-11.004182658151857],[23.901494421304314,-11.004183573338727],[23.90149830064025,-11.004185322069091],[23.901652874672486,-11.004275570199061],[23.901656856868662,-11.00427864099088],[23.901874042148297,-11.004497198030684],[23.901921724591,-11.004508284207649],[23.90191463284824,-11.00453984578813],[23.901861257054893,-11.004527435914476],[23.901857684591192,-11.004526253252099],[23.901854413973876,-11.004524451569697],[23.901851583890405,-11.00452210726586],[23.901632184055263,-11.004301321732642],[23.901483555907788,-11.004214545137577],[23.901195165681976,-11.004182068556274],[23.90119512647101,-11.004182064102373],[23.90064977327719,-11.004119586420613],[23.900383211695733,-11.004141218851908],[23.900234304942575,-11.004204761673776],[23.900217151192688,-11.004175128094138],[23.900368825683636,-11.004110404222287]]]]}},{"type":"Feature","properties":{"id":null,"group":null,"name":null,"settlement_id":"settlement_seshai","country_id":"country_barrel","district_id":null,"status":null,"surface":null,"access":null,"bridge":null,"tunnel":null,"oneway":null,"route_id":null,"alt_name":null,"notes":null},"geometry":{"type":"MultiPolygon","coordinates":[[[[23.900242333850514,-11.00418425207617],[23.90020912228205,-11.004195637693703],[23.899683537791418,-11.003101621607309],[23.89971674942684,-11.003090236144168],[23.900242333850514,-11.00418425207617]]]]}},{"type":"Feature","properties":{"id":null,"group":null,"name":null,"settlement_id":"settlement_seshai","country_id":"country_barrel","district_id":null,"status":null,"surface":null,"access":null,"bridge":null,"tunnel":null,"oneway":null,"route_id":null,"alt_name":null,"notes":null},"geometry":{"type":"MultiPolygon","coordinates":[[[[23.900451931319562,-11.004474579359323],[23.9005937665812,-11.004655822959926],[23.9006823264817,-11.004716177969543],[23.900786938010395,-11.00473551705919],[23.901152336553544,-11.004597138721538],[23.90116811428415,-11.004627325994283],[23.900797706669344,-11.004767601351977],[23.900794332994394,-11.004768525218644],[23.900790782637,-11.004768822310867],[23.900787194524554,-11.004768481003211],[23.900672820066752,-11.004747337101222],[23.900668745860482,-11.004746139982737],[23.90066503296318,-11.00474414573231],[23.9005704850653,-11.004679709822208],[23.90056819685278,-11.004677883926117],[23.900566249080377,-11.00467576430618],[23.900421890898258,-11.004491296823518],[23.900420544271157,-11.004489309927578],[23.900295678095784,-11.004274273962011],[23.90032766413655,-11.004260574927601],[23.900451931319562,-11.004474579359323]]]]}},{"type":"Feature","properties":{"id":null,"group":null,"name":null,"settlement_id":"settlement_seshai","country_id":"country_barrel","district_id":null,"status":null,"surface":null,"access":null,"bridge":null,"tunnel":null,"oneway":null,"route_id":null,"alt_name":null,"notes":null},"geometry":{"type":"MultiPolygon","coordinates":[[[[23.90150604744842,-11.003031036394761],[23.90150721637259,-11.00302785151785],[23.901509114353676,-11.003024995767438],[23.90151165803563,-11.003022594563127],[23.9015147357044,-11.003020753361593],[23.901518212194063,-11.003019553025169],[23.90178747178385,-11.002955704901579],[23.901832751534755,-11.00291937077204],[23.901852669899714,-11.002885587979335],[23.901849654504495,-11.002849285883093],[23.90173961521904,-11.002621656644482],[23.90177279193438,-11.002610198899387],[23.9018841145671,-11.002840482881435],[23.901885134011398,-11.002843183053303],[23.901885633416082,-11.00284597267713],[23.90188926538401,-11.002889697595544],[23.901889210079023,-11.002892666532496],[23.901888553442774,-11.002895544535068],[23.901887317348667,-11.0028982357334],[23.90186366994734,-11.002938343214772],[23.901862063575706,-11.002940568281588],[23.901860050086533,-11.002942498934392],[23.901809554957225,-11.00298301808433],[23.901806320535275,-11.002985049702664],[23.901802620139332,-11.002986355866684],[23.901539422297745,-11.003048766635693],[23.901524500003333,-11.00311160997544],[23.901488961509294,-11.003102991600672],[23.90150604744842,-11.003031036394761]]]]}},{"type":"Feature","properties":{"id":null,"group":null,"name":null,"settlement_id":"settlement_seshai","country_id":"country_barrel","district_id":null,"status":null,"surface":null,"access":null,"bridge":null,"tunnel":null,"oneway":null,"route_id":null,"alt_name":null,"notes":null},"geometry":{"type":"MultiPolygon","coordinates":[[[[23.9014621879682,-11.002880296319056],[23.901444532082238,-11.002943702590462],[23.901409268184988,-11.002934019353233],[23.901430061372455,-11.002859346370034],[23.901431342812014,-11.002856223455066],[23.901433333817298,-11.002853446178703],[23.901435947984318,-11.002851135066972],[23.90143907186552,-11.002849390415554],[23.90144256989325,-11.002848287937386],[23.901446290262975,-11.002847875476908],[23.90158745056675,-11.002845673779952],[23.90159025668132,-11.002878298793297],[23.9014621879682,-11.002880296319056]]]]}},{"type":"Feature","properties":{"id":null,"group":null,"name":null,"settlement_id":"settlement_seshai","country_id":"country_barrel","district_id":null,"status":null,"surface":null,"access":null,"bridge":null,"tunnel":null,"oneway":null,"route_id":null,"alt_name":null,"notes":null},"geometry":{"type":"MultiPolygon","coordinates":[[[[23.899151675464854,-11.001534299393299],[23.899152755169226,-11.001537891265732],[23.89915292678868,-11.001541561241],[23.89915159340924,-11.00155837528423],[23.89915102295899,-11.001561399378915],[23.899149817974095,-11.00156423714906],[23.899148022041775,-11.001566785945684],[23.89912951200872,-11.001587986619517],[23.89912734383813,-11.001590035626599],[23.89903870295215,-11.00165927464845],[23.899034324138334,-11.001661741542781],[23.898691329581872,-11.001794093881355],[23.89867534144575,-11.001763986873478],[23.89901592365879,-11.001632565443087],[23.899101405692544,-11.001565793875045],[23.899115745433853,-11.001549369695054],[23.899116407781076,-11.0015410174434],[23.89897064351306,-11.001206033786332],[23.8990043656767,-11.00119576397852],[23.899151675464854,-11.001534299393299]]]]}},{"type":"Feature","properties":{"id":null,"group":null,"name":null,"settlement_id":"settlement_seshai","country_id":"country_barrel","district_id":null,"status":null,"surface":null,"access":null,"bridge":null,"tunnel":null,"oneway":null,"route_id":null,"alt_name":null,"notes":null},"geometry":{"type":"MultiPolygon","coordinates":[[[[23.89856557536183,-11.001541930484459],[23.898511841107176,-11.00142181715251],[23.89854542845018,-11.001411241747984],[23.898599249245017,-11.00153154852088],[23.898599417034585,-11.001531937038285],[23.898700296965455,-11.001774141166559],[23.8986663740594,-11.001783939590043],[23.89856557536183,-11.001541930484459]]]]}},{"type":"Feature","properties":{"id":null,"group":null,"name":null,"settlement_id":"settlement_seshai","country_id":"country_barrel","district_id":null,"status":null,"surface":null,"access":null,"bridge":null,"tunnel":null,"oneway":null,"route_id":null,"alt_name":null,"notes":null},"geometry":{"type":"MultiPolygon","coordinates":[[[[23.898857998776258,-11.000948891607075],[23.898847162820665,-11.0009381147238],[23.898838745154816,-11.000937625478324],[23.89874624740211,-11.000978708672918],[23.898728617064183,-11.000949282618079],[23.89882526652403,-11.000906355444029],[23.898828088458075,-11.000905372298035],[23.898831084269297,-11.000904844533624],[23.898834167042367,-11.000904787462405],[23.898855058561676,-11.000906001707419],[23.898858684182983,-11.000906540714757],[23.898862160197737,-11.000907714354392],[23.898865346471847,-11.00090947531147],[23.898868114551906,-11.000911752593693],[23.898886684952412,-11.00093022176104],[23.89888881013213,-11.000932757881438],[23.898890388654664,-11.000935580247452],[23.899004349633465,-11.001195727232709],[23.898970659556312,-11.001206070532143],[23.898857998776258,-11.000948891607075]]]]}},{"type":"Feature","properties":{"id":null,"group":null,"name":null,"settlement_id":"settlement_seshai","country_id":"country_barrel","district_id":null,"status":null,"surface":null,"access":null,"bridge":null,"tunnel":null,"oneway":null,"route_id":null,"alt_name":null,"notes":null},"geometry":{"type":"MultiPolygon","coordinates":[[[[23.896443701126156,-11.002573494357325],[23.89600044259214,-11.001669087342904],[23.896033540769405,-11.001657467853802],[23.89648328073579,-11.002575099140605],[23.896484451945827,-11.002578310609358],[23.89648488720826,-11.002581629990777],[23.89648456844601,-11.002584919426312],[23.89648350889772,-11.002588042301115],[23.896481752567887,-11.00259086891783],[23.896479372399302,-11.002593281883085],[23.896476467243705,-11.002595180983072],[23.895554894801414,-11.003070522536472],[23.895535423566713,-11.003041978374693],[23.896443701126156,-11.002573494357325]]]]}},{"type":"Feature","properties":{"id":null,"group":null,"name":null,"settlement_id":"settlement_seshai","country_id":"country_barrel","district_id":null,"status":null,"surface":null,"access":null,"bridge":null,"tunnel":null,"oneway":null,"route_id":null,"alt_name":null,"notes":null},"geometry":{"type":"MultiPolygon","coordinates":[[[[23.89573884452429,-11.002527598157204],[23.895715266856985,-11.002523087763016],[23.89571175521836,-11.002522087443287],[23.895708493279628,-11.002520490903597],[23.895664351031716,-11.002493724091087],[23.895661610698937,-11.00249172038236],[23.895659308943173,-11.002489310778165],[23.895650377967325,-11.002478069051916],[23.89562680528741,-11.002448518030494],[23.895625224190866,-11.002446170393688],[23.895624076506888,-11.002443644809441],[23.895607955366877,-11.00239820507807],[23.89560707943164,-11.002393678107646],[23.895605270326058,-11.002345191124483],[23.89560580525131,-11.002340713548163],[23.89562019626324,-11.00229000704694],[23.895622170241168,-11.002285798260868],[23.895647155181727,-11.002249163672802],[23.895648795716852,-11.002247154780855],[23.895675726575327,-11.002219370809813],[23.895677601883264,-11.002217720343179],[23.895679746723182,-11.002216353980035],[23.895717686185282,-11.002196017871416],[23.895719358574038,-11.002195232306173],[23.89576697834545,-11.002175829795181],[23.89577010013902,-11.002174872261316],[23.895773399930043,-11.002174460266016],[23.895820374593963,-11.002172597249547],[23.895823708180917,-11.002172741030853],[23.89582699290274,-11.002173429429375],[23.895852678984127,-11.002181036085185],[23.895871992101007,-11.00218674922896],[23.89587509737708,-11.002187948333189],[23.895877942107138,-11.002189622057069],[23.89591652618912,-11.00221686519125],[23.895918851616194,-11.002218795968458],[23.89592080395466,-11.002221032749148],[23.895927791823073,-11.002230513346548],[23.895949155332982,-11.002259272431193],[23.895950633214042,-11.002261637845214],[23.895951679539372,-11.002264164261044],[23.89596767057214,-11.00231455202202],[23.895968238443356,-11.002317032348696],[23.895968381234,-11.002319538869083],[23.89596685517103,-11.002372733987682],[23.89596658450008,-11.002375133247874],[23.89596591704149,-11.0023774482726],[23.895955702817588,-11.002404186829244],[23.895947045356046,-11.00242713243793],[23.895945963104626,-11.002429387146524],[23.89594449765262,-11.002431444692508],[23.89591037753536,-11.002471701210233],[23.89590850209121,-11.002473564698992],[23.89590630354531,-11.002475119708357],[23.895870893923412,-11.002496088222157],[23.895870874274365,-11.002496099839906],[23.89585779749079,-11.002503819795729],[23.895856769054188,-11.002504380428972],[23.895817960882,-11.002523859024556],[23.89581556072756,-11.002524850916478],[23.89581300142669,-11.00252550182655],[23.895773128979094,-11.002532729409978],[23.895769497746162,-11.002533042738973],[23.895765826602084,-11.002532687640853],[23.895738896908178,-11.002527608108064],[23.89573884452429,-11.002527598157204]],[[23.895744317086834,-11.002495693095398],[23.895767529062844,-11.002500071388727],[23.895801150882697,-11.002493976846692],[23.895837113450305,-11.002475926522575],[23.895849677890435,-11.002468509033783],[23.895882715537223,-11.002448945137553],[23.895913464480323,-11.002412666097904],[23.895921244004565,-11.002392047369005],[23.895921264938377,-11.002391992229489],[23.895930621611974,-11.002367498555373],[23.895932005340352,-11.002319265052733],[23.8959176249266,-11.00227395234825],[23.89589793827351,-11.002247450612762],[23.895897899029244,-11.00224739757667],[23.895892654671176,-11.002240282439562],[23.895859297523042,-11.00221672990203],[23.895843219216967,-11.002211973672145],[23.89582078419622,-11.002205329787744],[23.89578055831325,-11.002206925153542],[23.895736832049323,-11.002224741275166],[23.895701983837036,-11.002243420433931],[23.895677704529096,-11.002268468864818],[23.895654782665375,-11.00230207843984],[23.895641651010536,-11.002348347635525],[23.8956432888085,-11.002392243196235],[23.895657691799165,-11.002432840075185],[23.895679474820163,-11.002460147558763],[23.895679496989324,-11.00246017540702],[23.895686360558248,-11.00246881481828],[23.89572440463648,-11.002491883851933],[23.895744317086834,-11.002495693095398]]]]}},{"type":"Feature","properties":{"id":null,"group":null,"name":null,"settlement_id":"settlement_seshai","country_id":"country_barrel","district_id":null,"status":null,"surface":null,"access":null,"bridge":null,"tunnel":null,"oneway":null,"route_id":null,"alt_name":null,"notes":null},"geometry":{"type":"MultiPolygon","coordinates":[[[[23.896281132324393,-11.002496923395782],[23.896284285972534,-11.00249829426029],[23.89628713198526,-11.00250015848618],[23.896289569039645,-11.00250244970382],[23.89629151037247,-11.002505086341984],[23.896292886868967,-11.002507974531866],[23.89629364952354,-11.00251101144903],[23.896293771184382,-11.002514088974058],[23.896293247520163,-11.002517097541864],[23.896292097174193,-11.00251993004234],[23.896290361100696,-11.002522485633644],[23.896288101106844,-11.002524673332417],[23.89628539765222,-11.00252641525285],[23.89596559817933,-11.002691816616007],[23.895642915356962,-11.002858656974288],[23.895623413836898,-11.002830128479005],[23.895946093702623,-11.002663289700449],[23.89623310386067,-11.002514847104486],[23.89593299120737,-11.002413331994818],[23.89594396602613,-11.002382874614547],[23.896281132324393,-11.002496923395782]]]]}},{"type":"Feature","properties":{"id":null,"group":null,"name":null,"settlement_id":"settlement_seshai","country_id":"country_barrel","district_id":null,"status":null,"surface":null,"access":null,"bridge":null,"tunnel":null,"oneway":null,"route_id":null,"alt_name":null,"notes":null},"geometry":{"type":"MultiPolygon","coordinates":[[[[23.895646284336927,-11.00203609251219],[23.895324097557133,-11.002203622275262],[23.895304524972097,-11.002175130640282],[23.89562671474585,-11.002007599371305],[23.89594899228075,-11.001840180358304],[23.895968552969794,-11.001868678074262],[23.895646284336927,-11.00203609251219]]]]}},{"type":"Feature","properties":{"id":null,"group":null,"name":null,"settlement_id":"settlement_seshai","country_id":"country_barrel","district_id":null,"status":null,"surface":null,"access":null,"bridge":null,"tunnel":null,"oneway":null,"route_id":null,"alt_name":null,"notes":null},"geometry":{"type":"MultiPolygon","coordinates":[[[[23.89572414173223,-11.002506211301274],[23.895759046062913,-11.002517084959154],[23.895650616789183,-11.002849829532384],[23.89561571240278,-11.002838955921193],[23.89572414173223,-11.002506211301274]]]]}},{"type":"Feature","properties":{"id":null,"group":null,"name":null,"settlement_id":"settlement_seshai","country_id":"country_barrel","district_id":null,"status":null,"surface":null,"access":null,"bridge":null,"tunnel":null,"oneway":null,"route_id":null,"alt_name":null,"notes":null},"geometry":{"type":"MultiPolygon","coordinates":[[[[23.89558075088612,-11.0028947431407],[23.895577653066898,-11.00289615613484],[23.895574270847323,-11.002896980693759],[23.89557073450421,-11.002897185056904],[23.895567180251007,-11.002896761352567],[23.89556374499097,-11.002895725901015],[23.89556056104404,-11.002894118585923],[23.895557751050017,-11.002892001318092],[23.89555542324471,-11.002889455650749],[23.895553667290887,-11.002886579638336],[23.895393909407424,-11.002554450841808],[23.895236224056998,-11.002226217359485],[23.89523507992992,-11.002223000138676],[23.895234672639823,-11.00221968014183],[23.895235019094265,-11.002216395189425],[23.895236104911085,-11.002213281647201],[23.89523788501562,-11.002210468765275],[23.89524028551171,-11.002208073312637],[23.895243206749363,-11.002206194729865],[23.89530468821027,-11.002175046853814],[23.895308166537205,-11.002173720044178],[23.89531192347466,-11.002173103118563],[23.89531578867778,-11.002173224049246],[23.895319586892786,-11.002174077352985],[23.895643084531823,-11.002279618036694],[23.895632533323692,-11.002310216209258],[23.89531693421547,-11.002207252470178],[23.89527580485009,-11.002228089527682],[23.89542711564472,-11.002543053849415],[23.895577892953195,-11.002856512552665],[23.895622683243346,-11.0028305288932],[23.89564364595043,-11.002858256560033],[23.89558075088612,-11.0028947431407]]]]}},{"type":"Feature","properties":{"id":null,"group":null,"name":null,"settlement_id":"settlement_seshai","country_id":"country_barrel","district_id":null,"status":null,"surface":null,"access":null,"bridge":null,"tunnel":null,"oneway":null,"route_id":null,"alt_name":null,"notes":null},"geometry":{"type":"MultiPolygon","coordinates":[[[[23.89594131294301,-11.001849015642081],[23.89594249302357,-11.001846338333037],[23.895944202979077,-11.00184392436934],[23.895946387153188,-11.001841852321702],[23.89594897445453,-11.001840189631913],[23.89599904764063,-11.00181410350165],[23.89600213250306,-11.001812849173108],[23.896005462215413,-11.001812159943968],[23.896008915335248,-11.001812060951996],[23.896012365919212,-11.001812555807637],[23.896015688116393,-11.001813626462308],[23.89601876075845,-11.00181523386671],[23.89602147177901,-11.001817319395014],[23.89602372230074,-11.001819806983077],[23.896025430241906,-11.001822605902744],[23.89618838020297,-11.002159232382164],[23.89634464818284,-11.00248204546893],[23.896345822809955,-11.002485345602171],[23.896346221622977,-11.002488752206746],[23.896345827199497,-11.002492116462696],[23.896344656770147,-11.002495291400061],[23.896342761465945,-11.002498138319439],[23.896340224084607,-11.002500532851082],[23.896337155473475,-11.002502370388132],[23.8962847365904,-11.002526739642745],[23.896266553291838,-11.00249756448696],[23.896304824421122,-11.002479772451235],[23.896155211448697,-11.002170706987425],[23.896000861461296,-11.001851846647133],[23.895974347922504,-11.001865659146944],[23.895865407340228,-11.002201917993387],[23.89583048792045,-11.002191090892792],[23.89594131294301,-11.001849015642081]]]]}},{"type":"Feature","properties":{"id":null,"group":null,"name":null,"settlement_id":"settlement_seshai","country_id":"country_barrel","district_id":null,"status":null,"surface":null,"access":null,"bridge":null,"tunnel":null,"oneway":null,"route_id":null,"alt_name":null,"notes":null},"geometry":{"type":"MultiPolygon","coordinates":[[[[23.895972398454997,-11.002671751641017],[23.895939292442883,-11.00268335518518],[23.89584372798359,-11.002488103294937],[23.89587683400817,-11.002476499778073],[23.895972398454997,-11.002671751641017]]]]}},{"type":"Feature","properties":{"id":null,"group":null,"name":null,"settlement_id":"settlement_seshai","country_id":"country_barrel","district_id":null,"status":null,"surface":null,"access":null,"bridge":null,"tunnel":null,"oneway":null,"route_id":null,"alt_name":null,"notes":null},"geometry":{"type":"MultiPolygon","coordinates":[[[[23.895744248453028,-11.002204424922656],[23.8957110799037,-11.00221589998724],[23.89561991673828,-11.002027582692929],[23.89565308529938,-11.002016107654821],[23.895744248453028,-11.002204424922656]]]]}},{"type":"Feature","properties":{"id":null,"group":null,"name":null,"settlement_id":"settlement_seshai","country_id":"country_barrel","district_id":null,"status":null,"surface":null,"access":null,"bridge":null,"tunnel":null,"oneway":null,"route_id":null,"alt_name":null,"notes":null},"geometry":{"type":"MultiPolygon","coordinates":[[[[23.896115692400098,-11.002150311237648],[23.8960894207334,-11.002129500339263],[23.89605839031928,-11.002118612056327],[23.896025502848357,-11.002118498542577],[23.89599344261925,-11.002129485794379],[23.89596557700132,-11.002150844610657],[23.895945193770284,-11.002180776267465],[23.89593524151587,-11.002212215937762],[23.89593085988406,-11.002242049841547],[23.895894850536255,-11.002235887628167],[23.895899399840538,-11.002204912089356],[23.895899915388167,-11.002202671492059],[23.895910854278444,-11.002168115003363],[23.895912698937853,-11.002164326347156],[23.895935669382823,-11.002130595516888],[23.895937208199147,-11.002128690166664],[23.89593905856952,-11.00212702812275],[23.8959711254066,-11.002102449105088],[23.895973450905394,-11.002100956550665],[23.89597603727497,-11.002099836272983],[23.896013839240357,-11.002086881295975],[23.89601693229065,-11.002086109227658],[23.896020162795754,-11.00208585662035],[23.896059799157662,-11.002085993434589],[23.896063204906543,-11.00208629252653],[23.89606652659856,-11.002087155877781],[23.89610405194988,-11.002100323180011],[23.896107116609524,-11.002101689552248],[23.89610988365993,-11.002103523646216],[23.896141175850218,-11.002128311519032],[23.896143379972635,-11.002130361136391],[23.89614518841735,-11.002132695856728],[23.896167213469937,-11.002166661969927],[23.896136109739814,-11.002181798000604],[23.896115692400098,-11.002150311237648]]]]}},{"type":"Feature","properties":{"id":null,"group":null,"name":null,"settlement_id":"settlement_seshai","country_id":"country_barrel","district_id":null,"status":null,"surface":null,"access":null,"bridge":null,"tunnel":null,"oneway":null,"route_id":null,"alt_name":null,"notes":null},"geometry":{"type":"MultiPolygon","coordinates":[[[[23.896000663696242,-11.002332354672161],[23.896033905765115,-11.002339239612281],[23.89606848518762,-11.00233407475951],[23.89610039001408,-11.002316939816453],[23.89612556626767,-11.002289254719521],[23.896141751102903,-11.002251994619435],[23.896175690611283,-11.002265412523618],[23.89615853888666,-11.002304898572088],[23.896157395700172,-11.002307026096721],[23.89615590381748,-11.002308958933309],[23.896127218911662,-11.002340502331064],[23.89612521148139,-11.002342355284785],[23.896122874623433,-11.002343870927431],[23.896085708985783,-11.00236383127026],[23.896082835279852,-11.002365059995384],[23.89607973195218,-11.002365792913269],[23.89603841599519,-11.00237196395471],[23.896034889966483,-11.002372170798838],[23.89603134527095,-11.002371753058231],[23.89599058333027,-11.002363310644531],[23.895986783956396,-11.002362132550536],[23.89598330927382,-11.002360257857038],[23.89593989801673,-11.00233097794798],[23.895960560846824,-11.002305306201368],[23.896000663696242,-11.002332354672161]]]]}},{"type":"Feature","properties":{"id":null,"group":null,"name":null,"settlement_id":"settlement_seshai","country_id":"country_barrel","district_id":null,"status":null,"surface":null,"access":null,"bridge":null,"tunnel":null,"oneway":null,"route_id":null,"alt_name":null,"notes":null},"geometry":{"type":"MultiPolygon","coordinates":[[[[23.896143850378962,-11.002216056411344],[23.89613396466493,-11.002176921867623],[23.896133520953665,-11.002173959426191],[23.896133678660266,-11.002171005954596],[23.896134432556227,-11.00216815936943],[23.896135757647574,-11.002165514043673],[23.896137610003517,-11.002163157677922],[23.89613992821276,-11.002161168392886],[23.89614263541962,-11.002159612139405],[23.896162769631992,-11.002150351820292],[23.896180822003092,-11.002179587507547],[23.89617237346006,-11.002183473243193],[23.896179852607503,-11.00221308090376],[23.896180259339737,-11.002215492291896],[23.896180267280705,-11.002217909858924],[23.89617683247224,-11.002260840637694],[23.8961406092413,-11.002256566506038],[23.896143850378962,-11.002216056411344]]]]}},{"type":"Feature","properties":{"id":null,"group":null,"name":null,"settlement_id":"settlement_seshai","country_id":"country_barrel","district_id":null,"status":null,"surface":null,"access":null,"bridge":null,"tunnel":null,"oneway":null,"route_id":null,"alt_name":null,"notes":null},"geometry":{"type":"MultiPolygon","coordinates":[[[[23.895459066018766,-11.002565708746074],[23.89548532920694,-11.002586606856608],[23.895516258926783,-11.002597560941197],[23.89554923935463,-11.002597770310427],[23.895581241967562,-11.002586960163176],[23.89560918810675,-11.002565619831968],[23.89562964506718,-11.002535788919193],[23.895639749236334,-11.002504212155076],[23.8956470212298,-11.002465472173931],[23.89568284265803,-11.00247275835027],[23.895675406568206,-11.002512372543196],[23.89567497143706,-11.002514093761176],[23.895663950702893,-11.002548534916603],[23.895662092332774,-11.002552320893948],[23.89563904004547,-11.002585936393334],[23.895637501607464,-11.002587830079587],[23.895635654717754,-11.002589481804018],[23.895603489297468,-11.002614044083803],[23.895601138958956,-11.002615544300397],[23.895598524447283,-11.002616665004387],[23.89556075596276,-11.002629422808289],[23.89555767028485,-11.002630179943461],[23.895554450410756,-11.002630421210858],[23.895514732196734,-11.002630169074392],[23.895511326324065,-11.002629860073574],[23.895508006596305,-11.002628986987746],[23.89547059656754,-11.002615737840209],[23.89546754353297,-11.002614366676994],[23.89546478816123,-11.002612530922553],[23.89543351270405,-11.002587644461055],[23.89543130701654,-11.00258558310088],[23.895429500640326,-11.002583235849453],[23.89540759091238,-11.002549187882751],[23.895438760079145,-11.002534153081877],[23.895459066018766,-11.002565708746074]]]]}},{"type":"Feature","properties":{"id":null,"group":null,"name":null,"settlement_id":"settlement_seshai","country_id":"country_barrel","district_id":null,"status":null,"surface":null,"access":null,"bridge":null,"tunnel":null,"oneway":null,"route_id":null,"alt_name":null,"notes":null},"geometry":{"type":"MultiPolygon","coordinates":[[[[23.895575389709197,-11.002384175747894],[23.895541401723907,-11.002377051191763],[23.895506857435024,-11.002382049992057],[23.89547488315553,-11.002399085504662],[23.895449555846977,-11.002426646736385],[23.89543328693597,-11.002463870563572],[23.895399373387384,-11.00245039300358],[23.895416623708414,-11.002410923689654],[23.89541778446682,-11.002408779073765],[23.895419299908582,-11.002406833925603],[23.895448165260365,-11.002375422594849],[23.895450173160352,-11.002373586695018],[23.89545250602079,-11.002372086129464],[23.89548975351245,-11.002352241118592],[23.89549264580964,-11.00235101689945],[23.895495767529663,-11.002350293657658],[23.895537050007462,-11.00234431980048],[23.895540557932176,-11.002344128024227],[23.895544081681177,-11.002344553685923],[23.89558482687744,-11.002353094694312],[23.89558795182487,-11.002354012009318],[23.895590879052136,-11.002355404083273],[23.895634385081316,-11.002380541408911],[23.895616068972608,-11.002407679790425],[23.895575389709197,-11.002384175747894]]]]}},{"type":"Feature","properties":{"id":null,"group":null,"name":null,"settlement_id":"settlement_seshai","country_id":"country_barrel","district_id":null,"status":null,"surface":null,"access":null,"bridge":null,"tunnel":null,"oneway":null,"route_id":null,"alt_name":null,"notes":null},"geometry":{"type":"MultiPolygon","coordinates":[[[[23.895431088611634,-11.002499895654514],[23.895440880501233,-11.002539010618982],[23.8954413277969,-11.002542248238464],[23.895441057338267,-11.002545463013066],[23.89544007981943,-11.002548527828418],[23.895438433892092,-11.002551321499634],[23.895436184637354,-11.002553733563092],[23.895433420992234,-11.002555668644144],[23.895420757151303,-11.002562748695038],[23.895400266159125,-11.002534752367852],[23.895402728195897,-11.002533375902253],[23.895395075016637,-11.002502804275851],[23.895394673419062,-11.002500390433294],[23.895394671338146,-11.002497971162443],[23.89539822147974,-11.002454958526851],[23.895434438842912,-11.002459305040984],[23.895431088611634,-11.002499895654514]]]]}},{"type":"Feature","properties":{"id":null,"group":null,"name":null,"settlement_id":"settlement_seshai","country_id":"country_barrel","district_id":null,"status":null,"surface":null,"access":null,"bridge":null,"tunnel":null,"oneway":null,"route_id":null,"alt_name":null,"notes":null},"geometry":{"type":"MultiPolygon","coordinates":[[[[23.898759222993053,-11.007476980585453],[23.898736531597677,-11.007450326415068],[23.89881403793751,-11.007398874515838],[23.898836729320934,-11.00742552868084],[23.898759222993053,-11.007476980585453]]]]}},{"type":"Feature","properties":{"id":null,"group":null,"name":null,"settlement_id":"settlement_seshai","country_id":"country_barrel","district_id":null,"status":null,"surface":null,"access":null,"bridge":null,"tunnel":null,"oneway":null,"route_id":null,"alt_name":null,"notes":null},"geometry":{"type":"MultiPolygon","coordinates":[[[[23.887894825066763,-11.002310911037156],[23.88766565568779,-11.002053427637957],[23.887583394433733,-11.001960972098868],[23.886891679583336,-11.00128933794326],[23.886124219507636,-11.000610117133443],[23.886148902287736,-11.000587554390691],[23.88691668974105,-11.001267065061565],[23.88691732949044,-11.001267658089192],[23.887609843431513,-11.001940068246265],[23.88761077787864,-11.00194104400111],[23.887693483572153,-11.002033999070049],[23.88792330191044,-11.00229221163909],[23.887924511785304,-11.002293727851908],[23.888864095159143,-11.003612617596325],[23.88883384873519,-11.003629015008576],[23.887894825066763,-11.002310911037156]]]]}},{"type":"Feature","properties":{"id":null,"group":null,"name":null,"settlement_id":"settlement_seshai","country_id":"country_barrel","district_id":null,"status":null,"surface":null,"access":null,"bridge":null,"tunnel":null,"oneway":null,"route_id":null,"alt_name":null,"notes":null},"geometry":{"type":"MultiPolygon","coordinates":[[[[23.889507766964076,-11.004895100072714],[23.88896105590746,-11.004214675800581],[23.888960953644087,-11.004214547324091],[23.88856093146048,-11.003707227863579],[23.888590142585755,-11.00368944979643],[23.888990113884923,-11.004196704775822],[23.889536860666972,-11.00487717358174],[23.889537033371198,-11.004877391978706],[23.889846360894847,-11.005274879979991],[23.889817009124762,-11.005292478342238],[23.889507766964076,-11.004895100072714]]]]}},{"type":"Feature","properties":{"id":null,"group":null,"name":null,"settlement_id":"settlement_seshai","country_id":"country_barrel","district_id":null,"status":null,"surface":null,"access":null,"bridge":null,"tunnel":null,"oneway":null,"route_id":null,"alt_name":null,"notes":null},"geometry":{"type":"MultiPolygon","coordinates":[[[[23.900323735483283,-11.004255893230209],[23.90049142010741,-11.00439043706749],[23.900753522513025,-11.004547058819584],[23.900881890635777,-11.004602928524069],[23.901158627579466,-11.004595923807182],[23.901161823258267,-11.004628540909554],[23.900880562986025,-11.004635660163226],[23.900876127073087,-11.004635284005339],[23.900871860739713,-11.00463395586128],[23.900738117470244,-11.004575746754174],[23.900735809720363,-11.004574561914662],[23.900471425049766,-11.0044165764197],[23.90046920335254,-11.004415033567945],[23.900300037202744,-11.00427930103954],[23.900299199277477,-11.004278588314847],[23.900213256219033,-11.004201108754316],[23.90023819991428,-11.00417878101605],[23.900323735483283,-11.004255893230209]]]]}},{"type":"Feature","properties":{"id":null,"group":null,"name":null,"settlement_id":"settlement_seshai","country_id":"country_barrel","district_id":null,"status":null,"surface":null,"access":null,"bridge":null,"tunnel":null,"oneway":null,"route_id":null,"alt_name":null,"notes":null},"geometry":{"type":"MultiPolygon","coordinates":[[[[23.901942557962865,-11.004573898807903],[23.90197266906644,-11.00464917104301],[23.90218122134921,-11.004967840802609],[23.902182129727997,-11.00496940332565],[23.902371544978376,-11.00533953272098],[23.90233870368624,-11.005351664724186],[23.902149698007744,-11.004982335662994],[23.901940720707508,-11.004663016483027],[23.90193918509723,-11.00466007545466],[23.90190771132319,-11.00458139678806],[23.90190671589756,-11.004577563023885],[23.901900135384295,-11.00452491867656],[23.901936222052605,-11.004523211318629],[23.901942557962865,-11.004573898807903]]]]}},{"type":"Feature","properties":{"id":null,"group":null,"name":"Cal\u00e7ada do Hospital Velho","settlement_id":"settlement_seshai","country_id":"country_barrel","district_id":null,"status":null,"surface":null,"access":null,"bridge":null,"tunnel":null,"oneway":null,"route_id":null,"alt_name":null,"notes":null},"geometry":{"type":"MultiPolygon","coordinates":[[[[23.89562047975136,-11.018827800298519],[23.895613148197814,-11.018795503510308],[23.896726659326937,-11.01864974175439],[23.896733990899417,-11.018682038372898],[23.89562047975136,-11.018827800298519]]]]}},{"type":"Feature","properties":{"id":null,"group":null,"name":null,"settlement_id":"settlement_seshai","country_id":"country_barrel","district_id":null,"status":null,"surface":null,"access":null,"bridge":null,"tunnel":null,"oneway":null,"route_id":null,"alt_name":null,"notes":null},"geometry":{"type":"MultiPolygon","coordinates":[[[[23.900545613519927,-11.013405951248432],[23.900647459178483,-11.013283700161322],[23.900677000758844,-11.013304238467134],[23.900572026989195,-11.013430244435229],[23.90056974062618,-11.013432474567354],[23.900566995609,-11.013434245500232],[23.900563892784234,-11.01343549217323],[23.90055630708632,-11.013437754293307],[23.900543033888013,-11.013406720516384],[23.900545613519927,-11.013405951248432]]]]}},{"type":"Feature","properties":{"id":null,"group":null,"name":null,"settlement_id":"settlement_seshai","country_id":"country_barrel","district_id":null,"status":null,"surface":null,"access":null,"bridge":null,"tunnel":null,"oneway":null,"route_id":null,"alt_name":null,"notes":null},"geometry":{"type":"MultiPolygon","coordinates":[[[[23.89907026710235,-11.007948234139546],[23.899091205289793,-11.007975976070565],[23.8990215746557,-11.008016289150397],[23.899000636459167,-11.007988547213316],[23.89907026710235,-11.007948234139546]]]]}},{"type":"Feature","properties":{"id":null,"group":null,"name":null,"settlement_id":"settlement_seshai","country_id":"country_barrel","district_id":null,"status":null,"surface":null,"access":null,"bridge":null,"tunnel":null,"oneway":null,"route_id":null,"alt_name":null,"notes":null},"geometry":{"type":"MultiPolygon","coordinates":[[[[23.898225932314173,-11.007593052330819],[23.89822331757248,-11.007594780778367],[23.8980920120005,-11.007664991715039],[23.89808940324883,-11.007666125921745],[23.898012712995932,-11.0076924600259],[23.898009359480408,-11.007693274524565],[23.898005854554892,-11.007693479688083],[23.8979379306461,-11.007691481458826],[23.89793487882334,-11.00769116082728],[23.897931899431445,-11.007690387166784],[23.89789220511593,-11.007676851602726],[23.897888739404337,-11.007675298150039],[23.897885664964463,-11.007673150951314],[23.897855805079594,-11.007647693389425],[23.89785397866295,-11.007645909106284],[23.897777120458723,-11.007559727506862],[23.89780492408215,-11.007540273017433],[23.897880937062524,-11.007625506873927],[23.897906941277256,-11.007647677222218],[23.897940027237667,-11.007658959375656],[23.89800128049285,-11.00766076137294],[23.89807333168629,-11.007636020252372],[23.898201987493515,-11.00756722620259],[23.898249558445137,-11.007528814057792],[23.898274714257163,-11.00755366233644],[23.898225932314173,-11.007593052330819]]]]}},{"type":"Feature","properties":{"id":null,"group":null,"name":null,"settlement_id":"settlement_seshai","country_id":"country_barrel","district_id":null,"status":null,"surface":null,"access":null,"bridge":null,"tunnel":null,"oneway":null,"route_id":null,"alt_name":null,"notes":null},"geometry":{"type":"MultiPolygon","coordinates":[[[[23.897781217485356,-11.007535764013182],[23.89785855703982,-11.007495532109631],[23.897859113898008,-11.0074952549656],[23.898036214549823,-11.007411011861166],[23.898038458286745,-11.007410125159259],[23.89812169259189,-11.007383482139684],[23.89812456603211,-11.007382806257421],[23.898166441891295,-11.007376324563088],[23.89817173761918,-11.007376220772928],[23.89821941371663,-11.007381577035385],[23.89822265973558,-11.00738220890958],[23.898225760821237,-11.007383350140254],[23.89822861543229,-11.007384963359145],[23.898231130098036,-11.007386995743396],[23.89826043942476,-11.007415098468687],[23.89826293947441,-11.0074180644548],[23.898264682345804,-11.007421414176779],[23.898284695093608,-11.007473803388175],[23.898285560512544,-11.007477117632417],[23.8982856602182,-11.007480480317602],[23.89828024104201,-11.007543461837365],[23.898244031658336,-11.007539014557846],[23.89824915937232,-11.007479420460049],[23.89823175795514,-11.007433867165894],[23.898210183208178,-11.007413180608406],[23.89817205705567,-11.007408897258795],[23.89813427231445,-11.007414745721004],[23.898053596872554,-11.007440569669146],[23.897877860709418,-11.007524163742135],[23.89780081942384,-11.007564240489314],[23.897731274464007,-11.007600505592107],[23.89771166488384,-11.007572033089827],[23.897781217485356,-11.007535764013182]]]]}},{"type":"Feature","properties":{"id":null,"group":null,"name":null,"settlement_id":"settlement_seshai","country_id":"country_barrel","district_id":null,"status":null,"surface":null,"access":null,"bridge":null,"tunnel":null,"oneway":null,"route_id":null,"alt_name":null,"notes":null},"geometry":{"type":"MultiPolygon","coordinates":[[[[23.899976900778373,-10.999729909253539],[23.89999573181403,-10.999758774547988],[23.899311336511488,-11.000094143069504],[23.89929250540467,-11.000065277703323],[23.899976900778373,-10.999729909253539]]]]}},{"type":"Feature","properties":{"id":null,"group":null,"name":null,"settlement_id":"settlement_seshai","country_id":"country_barrel","district_id":null,"status":null,"surface":null,"access":null,"bridge":null,"tunnel":null,"oneway":null,"route_id":null,"alt_name":null,"notes":null},"geometry":{"type":"MultiPolygon","coordinates":[[[[23.90245793450114,-11.006323113865704],[23.902457675790714,-11.006322473264792],[23.902442263474427,-11.006281819719064],[23.902441353470024,-11.006278085560869],[23.902436646375868,-11.006236511006733],[23.90243665719635,-11.006233108724658],[23.902437456233216,-11.00622982524972],[23.902451793559937,-11.00619138280762],[23.902453240921698,-11.00618852017961],[23.902455304103217,-11.00618600301347],[23.902562484487365,-11.006080455072064],[23.902565033996908,-11.006078413154906],[23.902568004661813,-11.00607687637959],[23.90257128471598,-11.006075902564557],[23.902574750753153,-11.00607552834789],[23.902618204149594,-11.006074690355856],[23.9026221828045,-11.00607500618192],[23.902626041269215,-11.006076090571527],[23.902629594147083,-11.006077891420444],[23.902667480603053,-11.006102074601047],[23.902670165200185,-11.006104135125154],[23.902672400111307,-11.006106590083801],[23.902674105556937,-11.006109351842465],[23.902984500191486,-11.006740109856846],[23.902951424866934,-11.006751775578323],[23.90264321732644,-11.006125462028795],[23.902614970572525,-11.006107431940107],[23.90258511370289,-11.006108007729837],[23.902485168397188,-11.00620643081318],[23.902473166351516,-11.006238611714872],[23.90247726604508,-11.006274821487207],[23.902491861488635,-11.006313320338496],[23.902727742989075,-11.00686327422057],[23.902693952550543,-11.006873386135691],[23.90245793450114,-11.006323113865704]]]]}},{"type":"Feature","properties":{"id":null,"group":null,"name":null,"settlement_id":"settlement_seshai","country_id":"country_barrel","district_id":null,"status":null,"surface":null,"access":null,"bridge":null,"tunnel":null,"oneway":null,"route_id":null,"alt_name":null,"notes":null},"geometry":{"type":"MultiPolygon","coordinates":[[[[23.89522531030159,-11.00155216505496],[23.89523125671237,-11.001556897603026],[23.895243429185665,-11.001553338058944],[23.895827447254476,-11.001276506759792],[23.895845868128028,-11.001305570357976],[23.8952605680709,-11.001583009426497],[23.895257898252897,-11.001584022953246],[23.895234417557315,-11.001590889315883],[23.8952307082875,-11.00159158343072],[23.895226872330017,-11.00159155092473],[23.895223081321465,-11.001590793252317],[23.895219504887162,-11.001589344314837],[23.895216303051498,-11.001587268943682],[23.89519896789499,-11.001573472480134],[23.89519614377798,-11.001570694509347],[23.895194042210477,-11.001567457503727],[23.895013137335496,-11.00120455461202],[23.89504613644479,-11.001192734643347],[23.89522531030159,-11.00155216505496]]]]}},{"type":"Feature","properties":{"id":null,"group":null,"name":null,"settlement_id":"settlement_seshai","country_id":"country_barrel","district_id":null,"status":null,"surface":null,"access":null,"bridge":null,"tunnel":null,"oneway":null,"route_id":null,"alt_name":null,"notes":null},"geometry":{"type":"MultiPolygon","coordinates":[[[[23.894606561477442,-11.00183930254929],[23.89458830981132,-11.001810159107503],[23.89489118605585,-11.001668560785816],[23.894909437692615,-11.001697704194585],[23.894606561477442,-11.00183930254929]]]]}},{"type":"Feature","properties":{"id":null,"group":null,"name":null,"settlement_id":"settlement_seshai","country_id":"country_barrel","district_id":null,"status":null,"surface":null,"access":null,"bridge":null,"tunnel":null,"oneway":null,"route_id":null,"alt_name":null,"notes":null},"geometry":{"type":"MultiPolygon","coordinates":[[[[23.897872656826713,-10.999705280599525],[23.89790441261941,-10.999691190913298],[23.898088445085538,-10.999998634785205],[23.89805668932253,-11.00001272450903],[23.897872656826713,-10.999705280599525]]]]}},{"type":"Feature","properties":{"id":null,"group":null,"name":null,"settlement_id":"settlement_seshai","country_id":"country_barrel","district_id":null,"status":null,"surface":null,"access":null,"bridge":null,"tunnel":null,"oneway":null,"route_id":null,"alt_name":null,"notes":null},"geometry":{"type":"MultiPolygon","coordinates":[[[[23.896388204286747,-11.003549364640952],[23.896385021995503,-11.003550635875666],[23.89638158669413,-11.003551307856867],[23.89637803085991,-11.003551354670572],[23.89637449161832,-11.003550774511432],[23.896371105454946,-11.003549589752419],[23.896368002952208,-11.00354784608196],[23.89636530375349,-11.003545610742101],[23.896363111949448,-11.003542969935422],[23.896330656662695,-11.003495162563652],[23.896329867835664,-11.003493884050908],[23.896250320499327,-11.003351255845915],[23.896250098881513,-11.003350845190882],[23.896187726924907,-11.003231317991013],[23.896220446199187,-11.00321894946231],[23.89628271037835,-11.003338270122773],[23.89636177959541,-11.00348004106495],[23.896384082592522,-11.003512893892225],[23.896860798356123,-11.003266714016936],[23.896880284615,-11.003295250285028],[23.896388204286747,-11.003549364640952]]]]}},{"type":"Feature","properties":{"id":null,"group":null,"name":null,"settlement_id":"settlement_seshai","country_id":"country_barrel","district_id":null,"status":null,"surface":null,"access":null,"bridge":null,"tunnel":null,"oneway":null,"route_id":null,"alt_name":null,"notes":null},"geometry":{"type":"MultiPolygon","coordinates":[[[[23.896360246812804,-11.003569412385081],[23.896358245716712,-11.003570631672996],[23.896267041057143,-11.00361793198553],[23.896266805070983,-11.00361805209768],[23.896119316960696,-11.003691712728035],[23.89590099689754,-11.003805581919483],[23.895881385505618,-11.003777110438884],[23.896099840682147,-11.003663170810938],[23.896100112370526,-11.003663032130222],[23.89624761853527,-11.00358936250585],[23.896337654408956,-11.00354266835985],[23.896366690067516,-11.00352206148502],[23.896390232191685,-11.003548131479528],[23.896360246812804,-11.003569412385081]]]]}},{"type":"Feature","properties":{"id":null,"group":null,"name":null,"settlement_id":"settlement_seshai","country_id":"country_barrel","district_id":null,"status":null,"surface":null,"access":null,"bridge":null,"tunnel":null,"oneway":null,"route_id":null,"alt_name":null,"notes":null},"geometry":{"type":"MultiPolygon","coordinates":[[[[23.8958098051786,-10.992006182721687],[23.895844826955724,-10.991999455546987],[23.895962174335065,-10.992389603682497],[23.895927152559864,-10.992396330920505],[23.8958098051786,-10.992006182721687]]]]}},{"type":"Feature","properties":{"id":null,"group":null,"name":null,"settlement_id":"settlement_seshai","country_id":"country_barrel","district_id":null,"status":null,"surface":null,"access":null,"bridge":null,"tunnel":null,"oneway":null,"route_id":null,"alt_name":null,"notes":null},"geometry":{"type":"MultiPolygon","coordinates":[[[[23.902676362954395,-10.99181716947256],[23.902704373504825,-10.9918394081164],[23.902390701075774,-10.992163473822945],[23.902362690449586,-10.992141235183267],[23.902676362954395,-10.99181716947256]]]]}},{"type":"Feature","properties":{"id":null,"group":null,"name":null,"settlement_id":"settlement_seshai","country_id":"country_barrel","district_id":null,"status":null,"surface":null,"access":null,"bridge":null,"tunnel":null,"oneway":null,"route_id":null,"alt_name":null,"notes":null},"geometry":{"type":"MultiPolygon","coordinates":[[[[23.901512674460545,-10.995097786138519],[23.901508966305077,-10.995097635321187],[23.901505324391678,-10.995096811311841],[23.90150190064503,-10.99509534848449],[23.90149883788885,-10.995093307861872],[23.90149626388786,-10.995090774569755],[23.901494286018185,-10.995087854286],[23.901492986787833,-10.995084668832028],[23.901417097672482,-10.994820132873002],[23.901452232597926,-10.994813790590806],[23.9015241265194,-10.995064400046214],[23.90165506869479,-10.9950576482562],[23.901659309118475,-10.99509022517252],[23.901512674460545,-10.995097786138519]]]]}},{"type":"Feature","properties":{"id":null,"group":null,"name":null,"settlement_id":"settlement_seshai","country_id":"country_barrel","district_id":null,"status":null,"surface":null,"access":null,"bridge":null,"tunnel":null,"oneway":null,"route_id":null,"alt_name":null,"notes":null},"geometry":{"type":"MultiPolygon","coordinates":[[[[23.904833216863057,-10.995434246868417],[23.90485882486108,-10.99545872104414],[23.904494112878528,-10.995764383385252],[23.904468504807998,-10.995739909198251],[23.904833216863057,-10.995434246868417]]]]}},{"type":"Feature","properties":{"id":null,"group":null,"name":null,"settlement_id":"settlement_seshai","country_id":"country_barrel","district_id":null,"status":null,"surface":null,"access":null,"bridge":null,"tunnel":null,"oneway":null,"route_id":null,"alt_name":null,"notes":null},"geometry":{"type":"MultiPolygon","coordinates":[[[[23.90055019126058,-11.019435327238705],[23.900525065956987,-11.019410453124902],[23.900669235466324,-11.0192943479747],[23.90069436074241,-11.01931922208299],[23.90055019126058,-11.019435327238705]]]]}},{"type":"Feature","properties":{"id":null,"group":null,"name":null,"settlement_id":"settlement_seshai","country_id":"country_barrel","district_id":null,"status":null,"surface":null,"access":null,"bridge":null,"tunnel":null,"oneway":null,"route_id":null,"alt_name":null,"notes":null},"geometry":{"type":"MultiPolygon","coordinates":[[[[23.898329033697376,-11.022409092322492],[23.89833319697331,-11.022408312771422],[23.898466161231767,-11.022398227875472],[23.89847136400556,-11.022430744016738],[23.898340548316977,-11.02244066597069],[23.898175015478316,-11.02249132648963],[23.89816148615019,-11.022460369407908],[23.898329033697376,-11.022409092322492]]]]}},{"type":"Feature","properties":{"id":null,"group":null,"name":null,"settlement_id":"settlement_seshai","country_id":"country_barrel","district_id":null,"status":null,"surface":null,"access":null,"bridge":null,"tunnel":null,"oneway":null,"route_id":null,"alt_name":null,"notes":null},"geometry":{"type":"MultiPolygon","coordinates":[[[[23.898009855207,-11.020741962767639],[23.897994944546017,-11.02098361239447],[23.89799302181442,-11.021211422882327],[23.897992850541776,-11.021213525307937],[23.897934250381667,-11.021589724092593],[23.89793290855793,-11.021593926275528],[23.897874503782774,-11.021710900158842],[23.897874192322732,-11.021711489719896],[23.897810039600888,-11.021826473351146],[23.89777737240154,-11.0218104787175],[23.897841362486183,-11.021695786617993],[23.897898619598557,-11.021581111319803],[23.897956714544932,-11.021208156148951],[23.897958631615012,-11.020981019046836],[23.897958658651948,-11.020980246869232],[23.897973598080156,-11.020738131393234],[23.897973608917884,-11.020737970367666],[23.897978189170782,-11.020675150689412],[23.89801442958636,-11.020679223564263],[23.898009855207,-11.020741962767639]]]]}},{"type":"Feature","properties":{"id":null,"group":null,"name":null,"settlement_id":"settlement_seshai","country_id":"country_barrel","district_id":null,"status":null,"surface":null,"access":null,"bridge":null,"tunnel":null,"oneway":null,"route_id":null,"alt_name":null,"notes":null},"geometry":{"type":"MultiPolygon","coordinates":[[[[23.899444878997777,-11.018986485458734],[23.89944447879498,-11.018985071016429],[23.899409604990893,-11.018835016088243],[23.899445139049732,-11.018830206645843],[23.899479847079505,-11.018979548247373],[23.899569283794516,-11.019247041671726],[23.899534550142867,-11.019254680066345],[23.899444878997777,-11.018986485458734]]]]}},{"type":"Feature","properties":{"id":"route_sunsetlakes","group":null,"name":"Sunset Lakes Boulevard Southwest","settlement_id":"settlement_sunrisebeach","country_id":"country_barrel","district_id":null,"status":null,"surface":null,"access":null,"bridge":null,"tunnel":null,"oneway":null,"route_id":null,"alt_name":null,"notes":null},"geometry":{"type":"MultiPolygon","coordinates":[]}},{"type":"Feature","properties":{"id":null,"group":null,"name":"Cobia Street","settlement_id":"settlement_sunrisebeach","country_id":"country_barrel","district_id":null,"status":null,"surface":null,"access":null,"bridge":null,"tunnel":null,"oneway":null,"route_id":null,"alt_name":null,"notes":null},"geometry":{"type":"MultiPolygon","coordinates":[[[[20.8858647035572,-6.64309346541693],[20.886034830826215,-6.642863930766915],[20.88606485894874,-6.642883336817478],[20.885894713709163,-6.643112895756437],[20.88589467758304,-6.643112944300993],[20.88461861081836,-6.644820776348632],[20.884588654579762,-6.644801273338525],[20.8858647035572,-6.64309346541693]]]]}},{"type":"Feature","properties":{"id":null,"group":null,"name":"3rd Street","settlement_id":"settlement_sunrisebeach","country_id":"country_barrel","district_id":null,"status":null,"surface":null,"access":null,"bridge":null,"tunnel":null,"oneway":null,"route_id":null,"alt_name":null,"notes":null},"geometry":{"type":"MultiPolygon","coordinates":[[[[20.881127548243555,-6.638449797175686],[20.881157466657527,-6.638469350006251],[20.879350848795465,-6.640877357196502],[20.879320929922837,-6.640857804525246],[20.881127548243555,-6.638449797175686]]]]}},{"type":"Feature","properties":{"id":null,"group":null,"name":"Blue Heron Court","settlement_id":"settlement_sunrisebeach","country_id":"country_barrel","district_id":null,"status":null,"surface":null,"access":null,"bridge":null,"tunnel":null,"oneway":null,"route_id":null,"alt_name":null,"notes":null},"geometry":{"type":"MultiPolygon","coordinates":[]}},{"type":"Feature","properties":{"id":null,"group":null,"name":"Dolphin Street","settlement_id":"settlement_sunrisebeach","country_id":"country_barrel","district_id":null,"status":null,"surface":null,"access":null,"bridge":null,"tunnel":null,"oneway":null,"route_id":null,"alt_name":null,"notes":null},"geometry":{"type":"MultiPolygon","coordinates":[[[[20.88523158052946,-6.642140710532878],[20.885261259031427,-6.642160579213045],[20.88377248085481,-6.644093399557516],[20.883742801980684,-6.644073530997805],[20.88523158052946,-6.642140710532878]]]]}},{"type":"Feature","properties":{"id":null,"group":null,"name":"1st Street","settlement_id":"settlement_sunrisebeach","country_id":"country_barrel","district_id":null,"status":null,"surface":null,"access":null,"bridge":null,"tunnel":null,"oneway":null,"route_id":null,"alt_name":null,"notes":null},"geometry":{"type":"MultiPolygon","coordinates":[[[[20.880076772280862,-6.637553484449418],[20.880106774197056,-6.637572925399162],[20.87832816290746,-6.639965798462368],[20.878298160537263,-6.639946357674108],[20.880076772280862,-6.637553484449418]]]]}},{"type":"Feature","properties":{"id":null,"group":null,"name":"Ocean Isle Boulevard West","settlement_id":"settlement_sunrisebeach","country_id":"country_barrel","district_id":null,"status":null,"surface":null,"access":null,"bridge":null,"tunnel":null,"oneway":null,"route_id":null,"alt_name":null,"notes":null},"geometry":{"type":"MultiPolygon","coordinates":[]}},{"type":"Feature","properties":{"id":null,"group":null,"name":"Bay Street","settlement_id":"settlement_sunrisebeach","country_id":"country_barrel","district_id":null,"status":null,"surface":null,"access":null,"bridge":null,"tunnel":null,"oneway":null,"route_id":null,"alt_name":null,"notes":null},"geometry":{"type":"MultiPolygon","coordinates":[]}},{"type":"Feature","properties":{"id":null,"group":null,"name":"Marlin Street","settlement_id":"settlement_sunrisebeach","country_id":"country_barrel","district_id":null,"status":null,"surface":null,"access":null,"bridge":null,"tunnel":null,"oneway":null,"route_id":null,"alt_name":null,"notes":null},"geometry":{"type":"MultiPolygon","coordinates":[[[[20.883489266852344,-6.640691871479113],[20.883519209635036,-6.640711391963968],[20.88209895835307,-6.642609482434266],[20.882069015209197,-6.642589962075715],[20.883489266852344,-6.640691871479113]]]]}},{"type":"Feature","properties":{"id":null,"group":null,"name":"2nd Street","settlement_id":"settlement_sunrisebeach","country_id":"country_barrel","district_id":null,"status":null,"surface":null,"access":null,"bridge":null,"tunnel":null,"oneway":null,"route_id":null,"alt_name":null,"notes":null},"geometry":{"type":"MultiPolygon","coordinates":[[[[20.880599315307393,-6.637993801189316],[20.88062933371108,-6.638013219969524],[20.87883755435873,-6.64042825272645],[20.87880753549718,-6.640408834109851],[20.880599315307393,-6.637993801189316]]]]}},{"type":"Feature","properties":{"id":null,"group":null,"name":"Twin Lakes Court","settlement_id":"settlement_sunrisebeach","country_id":"country_barrel","district_id":null,"status":null,"surface":null,"access":null,"bridge":null,"tunnel":null,"oneway":null,"route_id":null,"alt_name":null,"notes":null},"geometry":{"type":"MultiPolygon","coordinates":[]}},{"type":"Feature","properties":{"id":null,"group":null,"name":"Inlet Avenue","settlement_id":"settlement_sunrisebeach","country_id":"country_barrel","district_id":null,"status":null,"surface":null,"access":null,"bridge":null,"tunnel":null,"oneway":null,"route_id":null,"alt_name":null,"notes":null},"geometry":{"type":"MultiPolygon","coordinates":[]}},{"type":"Feature","properties":{"id":null,"group":null,"name":"Oprey Court","settlement_id":"settlement_sunrisebeach","country_id":"country_barrel","district_id":null,"status":null,"surface":null,"access":null,"bridge":null,"tunnel":null,"oneway":null,"route_id":null,"alt_name":null,"notes":null},"geometry":{"type":"MultiPolygon","coordinates":[]}},{"type":"Feature","properties":{"id":null,"group":null,"name":"Osprey Court","settlement_id":"settlement_sunrisebeach","country_id":"country_barrel","district_id":null,"status":null,"surface":null,"access":null,"bridge":null,"tunnel":null,"oneway":null,"route_id":null,"alt_name":null,"notes":null},"geometry":{"type":"MultiPolygon","coordinates":[]}},{"type":"Feature","properties":{"id":null,"group":null,"name":"29th Street","settlement_id":"settlement_sunrisebeach","country_id":"country_barrel","district_id":null,"status":null,"surface":null,"access":null,"bridge":null,"tunnel":null,"oneway":null,"route_id":null,"alt_name":null,"notes":null},"geometry":{"type":"MultiPolygon","coordinates":[[[[20.87720612269804,-6.635764345214049],[20.877238227530125,-6.635780555582627],[20.87592919452657,-6.638096489269531],[20.875897089306577,-6.638080279132232],[20.87720612269804,-6.635764345214049]]]]}},{"type":"Feature","properties":{"id":null,"group":null,"name":"Sailfish Street","settlement_id":"settlement_sunrisebeach","country_id":"country_barrel","district_id":null,"status":null,"surface":null,"access":null,"bridge":null,"tunnel":null,"oneway":null,"route_id":null,"alt_name":null,"notes":null},"geometry":{"type":"MultiPolygon","coordinates":[[[[20.88368841881445,-6.642358004361521],[20.884400278628707,-6.641407266651301],[20.884430215668957,-6.641426794855417],[20.883718294574223,-6.642377614589098],[20.883718170527416,-6.642377778020389],[20.88295351711526,-6.643371636134656],[20.88292382779644,-6.643351781193239],[20.88368841881445,-6.642358004361521]]]]}},{"type":"Feature","properties":{"id":null,"group":null,"name":"27th Street","settlement_id":"settlement_sunrisebeach","country_id":"country_barrel","district_id":null,"status":null,"surface":null,"access":null,"bridge":null,"tunnel":null,"oneway":null,"route_id":null,"alt_name":null,"notes":null},"geometry":{"type":"MultiPolygon","coordinates":[[[[20.877292146084265,-6.638345412342385],[20.877292293699515,-6.638345147587845],[20.878272650764462,-6.636627087888464],[20.87830469408247,-6.636643406671612],[20.877324412459398,-6.638361334494781],[20.877032277123664,-6.638897727230756],[20.876999938197898,-6.6388819381821],[20.877292146084265,-6.638345412342385]]]]}},{"type":"Feature","properties":{"id":null,"group":null,"name":"28th Street","settlement_id":"settlement_sunrisebeach","country_id":"country_barrel","district_id":null,"status":null,"surface":null,"access":null,"bridge":null,"tunnel":null,"oneway":null,"route_id":null,"alt_name":null,"notes":null},"geometry":{"type":"MultiPolygon","coordinates":[[[[20.877729056018246,-6.636195932200788],[20.877761250756762,-6.636211982444074],[20.87648572179881,-6.638500578817791],[20.876453526679665,-6.638484528806158],[20.877729056018246,-6.636195932200788]]]]}},{"type":"Feature","properties":{"id":null,"group":null,"name":"Main Street West","settlement_id":"settlement_sunrisebeach","country_id":"country_barrel","district_id":null,"status":null,"surface":null,"access":null,"bridge":null,"tunnel":null,"oneway":null,"route_id":null,"alt_name":null,"notes":null},"geometry":{"type":"MultiPolygon","coordinates":[[[[20.870397343013742,-6.634064199017042],[20.870427487407266,-6.634086245748694],[20.87042750962607,-6.634086262023666],[20.87044427841921,-6.634098563676724],[20.87048614599479,-6.63412916419052],[20.870949822344134,-6.634465730505281],[20.8709874726924,-6.634492852825201],[20.87102439283844,-6.634519312845039],[20.87102456427533,-6.634519437164609],[20.871040240373578,-6.634530938998983],[20.87105555719009,-6.63454215052927],[20.871502068239682,-6.634865405453672],[20.871541622625735,-6.634893739323569],[20.871541652823396,-6.634893760999695],[20.871581165787678,-6.634922182390028],[20.871581220924234,-6.634922222199436],[20.872049800941245,-6.635261821766118],[20.872049836332003,-6.635261847477497],[20.87208908897716,-6.635290433734239],[20.872128362010134,-6.635318880100669],[20.872128396649668,-6.63531890525053],[20.872604735025288,-6.635665568659031],[20.87260479619994,-6.635665613367063],[20.872647460310986,-6.63569692444108],[20.872647496278418,-6.63569695090276],[20.87269007868834,-6.635728356725048],[20.873121207268458,-6.636041007943734],[20.873136062215558,-6.636051744839372],[20.87313608720382,-6.636051762931388],[20.873151007050772,-6.636062583712649],[20.873188092781135,-6.636089428973682],[20.873225125760253,-6.636116199125254],[20.873225158614996,-6.636116222928577],[20.873682022685934,-6.63644796650458],[20.873682076972475,-6.636448006070693],[20.873725386307946,-6.636479689214597],[20.873768762190384,-6.63651130270254],[20.874239182492275,-6.636852878070886],[20.874239236808396,-6.636852917657264],[20.874280364670735,-6.636883004011153],[20.874321506985083,-6.636913137364719],[20.874798159234313,-6.637257088346398],[20.87483700901122,-6.637284969986668],[20.874875818920348,-6.637312785719951],[20.874875921166332,-6.637312859516659],[20.875339010415924,-6.637649442219092],[20.87533909181725,-6.637649501714503],[20.87538155623619,-6.637680712175253],[20.875424049668442,-6.637711980196039],[20.87588027670106,-6.638044086908353],[20.87592388384402,-6.638075514659177],[20.87596752752549,-6.638106968743413],[20.87596758989637,-6.638107013886753],[20.87643997113901,-6.638450379912122],[20.876480414049073,-6.63847971894039],[20.8764804342573,-6.63847973362062],[20.87652073799001,-6.638509052758101],[20.876986316152824,-6.638847138425935],[20.87698641220081,-6.638847208633554],[20.877027000740892,-6.63887707333132],[20.877067585458065,-6.638906935216232],[20.87724434373683,-6.63903685545199],[20.8772444990367,-6.639036970826801],[20.8775548453475,-6.639270004306842],[20.877532763999593,-6.639295303553491],[20.877222494959064,-6.639062328147917],[20.877045810787,-6.638932462412135],[20.877005214576684,-6.638902592080619],[20.87696467393689,-6.638872762634447],[20.87649913736481,-6.638534707248132],[20.876458824318302,-6.638505381350567],[20.87641838428615,-6.638476044417006],[20.876418369842252,-6.638476033928401],[20.8759460124335,-6.638132685308763],[20.875902399984817,-6.638101253741546],[20.875858756305004,-6.638069799666022],[20.87585868337405,-6.638069746841122],[20.875402380508394,-6.637737585005212],[20.875402301962012,-6.637737527518715],[20.87535978200385,-6.637706239983042],[20.875317362419352,-6.637675062481963],[20.874854364862802,-6.637338546503487],[20.874815601305254,-6.637310763997826],[20.874776716947263,-6.637282857550861],[20.874776677191615,-6.637282828941326],[20.87429995057056,-6.636938824374929],[20.87429984201719,-6.636938745457366],[20.87425865880373,-6.636908582151747],[20.874217562464658,-6.636878518865231],[20.873747155645773,-6.63653695336773],[20.873747128402396,-6.636536933549068],[20.873703725269145,-6.636505300207465],[20.873703698033104,-6.636505280319993],[20.873660402188488,-6.63647360705285],[20.87320358163084,-6.63614189515172],[20.873166560057488,-6.636115133251438],[20.873129452229303,-6.636088272005829],[20.873114523860895,-6.636077445056597],[20.873099669268214,-6.636066708419673],[20.873099644993598,-6.636066690845204],[20.87266844253927,-6.635753986127487],[20.872668319598656,-6.6357538962158],[20.872625693876156,-6.635722458456524],[20.872583078295882,-6.635691183006427],[20.872106787776836,-6.635344554508194],[20.872067512262863,-6.635316106351469],[20.872067472685423,-6.635316077606721],[20.872028217945203,-6.635287489830981],[20.87155968308512,-6.634947923071932],[20.871520212807432,-6.634919532392533],[20.87148063476417,-6.634891181583124],[20.871480557394115,-6.634891125866371],[20.87103396741709,-6.634567813878598],[20.871033887105053,-6.634567755414762],[20.871018521546286,-6.634556508208993],[20.871018504220057,-6.634556495511532],[20.871002904797876,-6.634545049938446],[20.870966051960984,-6.634518638164206],[20.87096601442974,-6.634518611197018],[20.870928317583434,-6.634491455387598],[20.87092826217287,-6.634491415319448],[20.870464532905515,-6.634154810673066],[20.87046448263309,-6.634154774055928],[20.870422576424183,-6.634124145312706],[20.87042254939804,-6.634124125522959],[20.870405778202667,-6.634111822110508],[20.87037563684698,-6.634089777605812],[20.87037562070774,-6.634089765788961],[20.869875403487764,-6.633723109028889],[20.8698971339503,-6.633697548149622],[20.870397343013742,-6.634064199017042]]]]}},{"type":"Feature","properties":{"id":null,"group":null,"name":"40th Street","settlement_id":"settlement_sunrisebeach","country_id":"country_barrel","district_id":null,"status":null,"surface":null,"access":null,"bridge":null,"tunnel":null,"oneway":null,"route_id":null,"alt_name":null,"notes":null},"geometry":{"type":"MultiPolygon","coordinates":[[[[20.871070068600474,-6.631571676149458],[20.871102196519324,-6.6315878451392],[20.8699023328563,-6.633718412976189],[20.86987020458139,-6.633702244199985],[20.871070068600474,-6.631571676149458]]]]}},{"type":"Feature","properties":{"id":null,"group":null,"name":"33rd Street","settlement_id":"settlement_sunrisebeach","country_id":"country_barrel","district_id":null,"status":null,"surface":null,"access":null,"bridge":null,"tunnel":null,"oneway":null,"route_id":null,"alt_name":null,"notes":null},"geometry":{"type":"MultiPolygon","coordinates":[[[[20.87514151677564,-6.633932039325129],[20.875173619796627,-6.633948252670593],[20.873730600697733,-6.636500596288318],[20.873698497249265,-6.636484383197688],[20.87514151677564,-6.633932039325129]]]]}},{"type":"Feature","properties":{"id":null,"group":null,"name":"31st Street","settlement_id":"settlement_sunrisebeach","country_id":"country_barrel","district_id":null,"status":null,"surface":null,"access":null,"bridge":null,"tunnel":null,"oneway":null,"route_id":null,"alt_name":null,"notes":null},"geometry":{"type":"MultiPolygon","coordinates":[[[[20.876157178795314,-6.634908374528566],[20.87484245091387,-6.637305798560999],[20.874810154502395,-6.637289931909414],[20.876126225518664,-6.6348900591851],[20.876127774028014,-6.634887755031604],[20.876129728357654,-6.634885735451434],[20.87620378601295,-6.634821442413912],[20.87622907633734,-6.634845956778293],[20.876157178795314,-6.634908374528566]]]]}},{"type":"Feature","properties":{"id":null,"group":null,"name":"Egret Drive","settlement_id":"settlement_sunrisebeach","country_id":"country_barrel","district_id":null,"status":null,"surface":null,"access":null,"bridge":null,"tunnel":null,"oneway":null,"route_id":null,"alt_name":null,"notes":null},"geometry":{"type":"MultiPolygon","coordinates":[]}},{"type":"Feature","properties":{"id":null,"group":null,"name":"4th Street","settlement_id":"settlement_sunrisebeach","country_id":"country_barrel","district_id":null,"status":null,"surface":null,"access":null,"bridge":null,"tunnel":null,"oneway":null,"route_id":null,"alt_name":null,"notes":null},"geometry":{"type":"MultiPolygon","coordinates":[[[[20.880774942400222,-6.640076935489692],[20.881644692910946,-6.638886346756418],[20.881674848516873,-6.638905579243735],[20.880804990455257,-6.640096315427131],[20.880804771317383,-6.640096608154337],[20.87985924387081,-6.641329392327684],[20.879829526079448,-6.641309574546797],[20.880774942400222,-6.640076935489692]]]]}},{"type":"Feature","properties":{"id":null,"group":null,"name":"Sunset Boulevard South","settlement_id":"settlement_sunrisebeach","country_id":"country_barrel","district_id":null,"status":null,"surface":null,"access":null,"bridge":null,"tunnel":null,"oneway":null,"route_id":null,"alt_name":null,"notes":null},"geometry":{"type":"MultiPolygon","coordinates":[[[[20.877686288799076,-6.639286422479971],[20.877686351946558,-6.639286333459118],[20.877698609882216,-6.639269180795436],[20.87799867620804,-6.638821552902153],[20.877998771073102,-6.638821413040609],[20.878225939872895,-6.63849038985415],[20.878345816113384,-6.638313278307386],[20.878654939533977,-6.637856683653272],[20.87902156306929,-6.637315086559424],[20.879052743582086,-6.637269072409243],[20.87910148841076,-6.637194759035344],[20.87910182912106,-6.6371942610203],[20.879251353369163,-6.636984558878448],[20.87925187484719,-6.636983868754168],[20.87977225378922,-6.636333302587831],[20.87980157599253,-6.636353624702828],[20.879281467921924,-6.637003852351905],[20.879132369838906,-6.637212956852792],[20.87908372658573,-6.637287115385266],[20.87908359756564,-6.63728730889623],[20.879052358012398,-6.637333410179966],[20.878685736375832,-6.637875004571424],[20.878376613755506,-6.638331598129776],[20.878256710080247,-6.638508750243756],[20.878256653845426,-6.638508832754889],[20.87802950467938,-6.638839827393934],[20.877729356090114,-6.639287578090714],[20.8777290913664,-6.639287960483871],[20.877716729827483,-6.639305258123966],[20.877664292316872,-6.63937973284591],[20.87763381986353,-6.639360941819342],[20.877686288799076,-6.639286422479971]]]]}},{"type":"Feature","properties":{"id":null,"group":null,"name":"Blane Court","settlement_id":"settlement_sunrisebeach","country_id":"country_barrel","district_id":null,"status":null,"surface":null,"access":null,"bridge":null,"tunnel":null,"oneway":null,"route_id":null,"alt_name":null,"notes":null},"geometry":{"type":"MultiPolygon","coordinates":[]}},{"type":"Feature","properties":{"id":null,"group":null,"name":"7th Street","settlement_id":"settlement_sunrisebeach","country_id":"country_barrel","district_id":null,"status":null,"surface":null,"access":null,"bridge":null,"tunnel":null,"oneway":null,"route_id":null,"alt_name":null,"notes":null},"geometry":{"type":"MultiPolygon","coordinates":[[[[20.88139330696318,-6.64269697682189],[20.881363362952687,-6.642677457566736],[20.881685385344557,-6.642247043733493],[20.881715329273142,-6.642266563017288],[20.88139330696318,-6.64269697682189]]]]}},{"type":"Feature","properties":{"id":null,"group":null,"name":"5th Street","settlement_id":"settlement_sunrisebeach","country_id":"country_barrel","district_id":null,"status":null,"surface":null,"access":null,"bridge":null,"tunnel":null,"oneway":null,"route_id":null,"alt_name":null,"notes":null},"geometry":{"type":"MultiPolygon","coordinates":[[[[20.88058655110822,-6.64145265644715],[20.881148521736947,-6.64066977790524],[20.881148775812115,-6.640669433998529],[20.88216671017252,-6.63933031144096],[20.882196509866176,-6.63935002153651],[20.881178705264002,-6.640688973642631],[20.880616744309556,-6.641471838856966],[20.88061651001219,-6.641472156692787],[20.88037577279103,-6.641790239416516],[20.88034593307821,-6.641770581626052],[20.88058655110822,-6.64145265644715]]]]}},{"type":"Feature","properties":{"id":null,"group":null,"name":"8th Street","settlement_id":"settlement_sunrisebeach","country_id":"country_barrel","district_id":null,"status":null,"surface":null,"access":null,"bridge":null,"tunnel":null,"oneway":null,"route_id":null,"alt_name":null,"notes":null},"geometry":{"type":"MultiPolygon","coordinates":[[[[20.881905610080448,-6.643154010155186],[20.881876061201233,-6.643133974013193],[20.882202123863653,-6.642716512641292],[20.882231672662066,-6.642736548808448],[20.881905610080448,-6.643154010155186]]]]}},{"type":"Feature","properties":{"id":null,"group":null,"name":"6th Street","settlement_id":"settlement_sunrisebeach","country_id":"country_barrel","district_id":null,"status":null,"surface":null,"access":null,"bridge":null,"tunnel":null,"oneway":null,"route_id":null,"alt_name":null,"notes":null},"geometry":{"type":"MultiPolygon","coordinates":[[[[20.881179323639,-6.641796636169566],[20.882634763289346,-6.639851363011196],[20.882643905534437,-6.639797915340583],[20.882679489782923,-6.639804368521605],[20.882669734727404,-6.639861398849956],[20.88266871847552,-6.639864821608163],[20.88266691429875,-6.63986793206175],[20.88120916859353,-6.641816287705818],[20.881208968069696,-6.641816549915116],[20.88087820783464,-6.642239756872825],[20.88084866503433,-6.642219713012559],[20.881179323639,-6.641796636169566]]]]}},{"type":"Feature","properties":{"id":null,"group":null,"name":"9th Street","settlement_id":"settlement_sunrisebeach","country_id":"country_barrel","district_id":null,"status":null,"surface":null,"access":null,"bridge":null,"tunnel":null,"oneway":null,"route_id":null,"alt_name":null,"notes":null},"geometry":{"type":"MultiPolygon","coordinates":[[[[20.882420188084417,-6.64361188737097],[20.88239075828268,-6.64359169970189],[20.88272210540094,-6.643172794540239],[20.88275153512118,-6.643192982233749],[20.882420188084417,-6.64361188737097]]]]}},{"type":"Feature","properties":{"id":null,"group":null,"name":"Lakeshore Drive","settlement_id":"settlement_sunrisebeach","country_id":"country_barrel","district_id":null,"status":null,"surface":null,"access":null,"bridge":null,"tunnel":null,"oneway":null,"route_id":null,"alt_name":null,"notes":null},"geometry":{"type":"MultiPolygon","coordinates":[]}},{"type":"Feature","properties":{"id":null,"group":null,"name":"32nd Street","settlement_id":"settlement_sunrisebeach","country_id":"country_barrel","district_id":null,"status":null,"surface":null,"access":null,"bridge":null,"tunnel":null,"oneway":null,"route_id":null,"alt_name":null,"notes":null},"geometry":{"type":"MultiPolygon","coordinates":[[[[20.875702028373812,-6.634305545563537],[20.875734181350865,-6.63432167024818],[20.874285590646416,-6.636903856906066],[20.874253437238533,-6.636887732481185],[20.875702028373812,-6.634305545563537]]]]}},{"type":"Feature","properties":{"id":null,"group":null,"name":"Canal Drive","settlement_id":"settlement_sunrisebeach","country_id":"country_barrel","district_id":null,"status":null,"surface":null,"access":null,"bridge":null,"tunnel":null,"oneway":null,"route_id":null,"alt_name":null,"notes":null},"geometry":{"type":"MultiPolygon","coordinates":[[[[20.881712600176623,-6.642245137079376],[20.881712633283513,-6.642245166601866],[20.882096262719585,-6.642588085482465],[20.88209670295922,-6.64258849203835],[20.882229337444368,-6.642715036242659],[20.88274897067525,-6.643171140485452],[20.882749034563417,-6.643171196822664],[20.882950886739227,-6.643350017100335],[20.88295091078426,-6.643350038438979],[20.883257188660863,-6.643622317223247],[20.88376972832976,-6.644071661788521],[20.884286258261167,-6.644517316241422],[20.884615462073384,-6.644799000461282],[20.8848042603135,-6.644954020693469],[20.88480476620225,-6.644954451375545],[20.88619737490257,-6.646183565590418],[20.88757740404307,-6.647399481143874],[20.88757752188191,-6.647399585861009],[20.888521639401546,-6.648245780325694],[20.889550585124706,-6.64915995250013],[20.89061213525267,-6.650102131531257],[20.89061221397757,-6.650102201804617],[20.891401263759015,-6.650810586542649],[20.891402385529844,-6.650811683623149],[20.89151455913202,-6.650931248417597],[20.891516459724976,-6.650933660973419],[20.89155338677577,-6.650990074556643],[20.89155445948734,-6.650991966659361],[20.89156813294381,-6.651020188751081],[20.891569187634342,-6.651022994127895],[20.891575753891207,-6.651047034389607],[20.891576306099893,-6.651051094504886],[20.89157634823294,-6.651075868415837],[20.891577745080262,-6.651102486256518],[20.891577656119544,-6.651105105834698],[20.891577116687674,-6.651107662372007],[20.891570792826926,-6.651128463062125],[20.89153607574014,-6.651118340549652],[20.89154163206516,-6.651100064472197],[20.891540354074323,-6.651075711494826],[20.89154033312762,-6.651074938524652],[20.89154029382674,-6.6510518294237],[20.89153466979006,-6.651031238800791],[20.89152212986295,-6.651005356321566],[20.891486640597233,-6.650951139253542],[20.891376065424918,-6.650833278229155],[20.89058764123802,-6.650125455264534],[20.889526126937458,-6.649183308216308],[20.88849714056864,-6.648269100111944],[20.88849708045944,-6.648269046472926],[20.887552991446583,-6.647422877723303],[20.886173015344585,-6.646207009140307],[20.884780637539986,-6.64497809896742],[20.88459194986841,-6.644823169554097],[20.884591659486166,-6.644822926152942],[20.884262282778206,-6.644541094051815],[20.88426222489728,-6.644541044319862],[20.883745610244812,-6.644095316860553],[20.88374549918503,-6.644095220269931],[20.883232855929897,-6.643645784979568],[20.88323275991105,-6.643645700211501],[20.882926446140047,-6.643373389570794],[20.88272463783171,-6.643194608190336],[20.88220474779959,-6.642738278631263],[20.882204182097187,-6.642737760944604],[20.88207148711924,-6.642611159048884],[20.881688097868377,-6.642268454931252],[20.88118195379481,-6.641818194272371],[20.881206439625984,-6.641794861674668],[20.881712600176623,-6.642245137079376]]]]}},{"type":"Feature","properties":{"id":null,"group":null,"name":"North Shore Drive","settlement_id":"settlement_sunrisebeach","country_id":"country_barrel","district_id":null,"status":null,"surface":null,"access":null,"bridge":null,"tunnel":null,"oneway":null,"route_id":null,"alt_name":null,"notes":null},"geometry":{"type":"MultiPolygon","coordinates":[[[[20.887026949013162,-6.643915494701012],[20.887027359362868,-6.64391580119891],[20.887341525906358,-6.644157160306266],[20.887587817498524,-6.644344591014725],[20.88758807204306,-6.644344788181198],[20.887990779642475,-6.644662265493092],[20.887992191989614,-6.644663498948518],[20.888517515624827,-6.645171453427055],[20.888517581951152,-6.645171517884574],[20.888999709788038,-6.645642430631265],[20.889512789333008,-6.646142158514249],[20.88951297825956,-6.646142345214152],[20.890250033771085,-6.646881370529861],[20.89025294649232,-6.646885216383319],[20.890321986983572,-6.64700898882797],[20.890290078722575,-6.647023120166415],[20.89022220944016,-6.646901447421164],[20.889486989012067,-6.646164262209375],[20.888973995317613,-6.645664618031766],[20.888973976822847,-6.645664599992759],[20.888491872725172,-6.645193710517312],[20.887967254324863,-6.644686438050472],[20.88756541326223,-6.644369643946753],[20.887319215536333,-6.644182284713825],[20.88731914709478,-6.644182232381747],[20.88700514923504,-6.64394100292068],[20.885868903363477,-6.643116022185819],[20.885890495888912,-6.643090363294567],[20.887026949013162,-6.643915494701012]]]]}},{"type":"Feature","properties":{"id":null,"group":null,"name":"Woods Court","settlement_id":"settlement_sunrisebeach","country_id":"country_barrel","district_id":null,"status":null,"surface":null,"access":null,"bridge":null,"tunnel":null,"oneway":null,"route_id":null,"alt_name":null,"notes":null},"geometry":{"type":"MultiPolygon","coordinates":[]}},{"type":"Feature","properties":{"id":null,"group":null,"name":"36th Street","settlement_id":"settlement_sunrisebeach","country_id":"country_barrel","district_id":null,"status":null,"surface":null,"access":null,"bridge":null,"tunnel":null,"oneway":null,"route_id":null,"alt_name":null,"notes":null},"geometry":{"type":"MultiPolygon","coordinates":[[[[20.87342739101358,-6.632837813922617],[20.873459605849032,-6.632853827646201],[20.872094398336742,-6.635311269604465],[20.872062183093266,-6.635295256130359],[20.87342739101358,-6.632837813922617]]]]}},{"type":"Feature","properties":{"id":null,"group":null,"name":"12th Street","settlement_id":"settlement_sunrisebeach","country_id":"country_barrel","district_id":null,"status":null,"surface":null,"access":null,"bridge":null,"tunnel":null,"oneway":null,"route_id":null,"alt_name":null,"notes":null},"geometry":{"type":"MultiPolygon","coordinates":[[[[20.883981857331488,-6.644892094447779],[20.883981918168487,-6.644892012188119],[20.884228128601162,-6.644561373487676],[20.88425925192416,-6.644519476115374],[20.88428926011955,-6.644538909364952],[20.88425813138177,-6.644580814034363],[20.88425812052942,-6.644580828625783],[20.88401193528903,-6.644911433557196],[20.883959345483806,-6.64498303119246],[20.88392923723483,-6.64496373330939],[20.883981857331488,-6.644892094447779]]]]}},{"type":"Feature","properties":{"id":null,"group":null,"name":"37th Street","settlement_id":"settlement_sunrisebeach","country_id":"country_barrel","district_id":null,"status":null,"surface":null,"access":null,"bridge":null,"tunnel":null,"oneway":null,"route_id":null,"alt_name":null,"notes":null},"geometry":{"type":"MultiPolygon","coordinates":[[[[20.87288347313006,-6.632430273699931],[20.872915699959158,-6.632446265766052],[20.871547038891507,-6.634914637176899],[20.871514811652975,-6.634898645361813],[20.87288347313006,-6.632430273699931]]]]}},{"type":"Feature","properties":{"id":null,"group":null,"name":"13th Street","settlement_id":"settlement_sunrisebeach","country_id":"country_barrel","district_id":null,"status":null,"surface":null,"access":null,"bridge":null,"tunnel":null,"oneway":null,"route_id":null,"alt_name":null,"notes":null},"geometry":{"type":"MultiPolygon","coordinates":[[[[20.884507819472734,-6.645379108563536],[20.884507426224197,-6.64537961553501],[20.884463740292016,-6.645433621726397],[20.884434525231654,-6.645413165482625],[20.884478009099066,-6.645359409101285],[20.884777576765146,-6.64495644423394],[20.884807578235552,-6.644975886564879],[20.884507819472734,-6.645379108563536]]]]}},{"type":"Feature","properties":{"id":null,"group":null,"name":"38th Street","settlement_id":"settlement_sunrisebeach","country_id":"country_barrel","district_id":null,"status":null,"surface":null,"access":null,"bridge":null,"tunnel":null,"oneway":null,"route_id":null,"alt_name":null,"notes":null},"geometry":{"type":"MultiPolygon","coordinates":[[[[20.87098428856852,-6.634461278487301],[20.872351078123813,-6.631965667688166],[20.872383381904957,-6.631981520058167],[20.871016315703145,-6.634477636491057],[20.87101572318043,-6.634478627872235],[20.87099231251132,-6.634514656198735],[20.870961193357783,-6.634496821326064],[20.87098428856852,-6.634461278487301]]]]}},{"type":"Feature","properties":{"id":null,"group":null,"name":"39th Street","settlement_id":"settlement_sunrisebeach","country_id":"country_barrel","district_id":null,"status":null,"surface":null,"access":null,"bridge":null,"tunnel":null,"oneway":null,"route_id":null,"alt_name":null,"notes":null},"geometry":{"type":"MultiPolygon","coordinates":[[[[20.870449517438004,-6.634119375706093],[20.870417323882066,-6.634103323397256],[20.871731404421663,-6.631745964768846],[20.87176359758558,-6.631762017316236],[20.870449517438004,-6.634119375706093]]]]}},{"type":"Feature","properties":{"id":null,"group":null,"name":"15th Street","settlement_id":"settlement_sunrisebeach","country_id":"country_barrel","district_id":null,"status":null,"surface":null,"access":null,"bridge":null,"tunnel":null,"oneway":null,"route_id":null,"alt_name":null,"notes":null},"geometry":{"type":"MultiPolygon","coordinates":[[[[20.88755022230538,-6.647401490005067],[20.887580232347354,-6.647420920986209],[20.8872281962003,-6.647894902889134],[20.88719818606837,-6.647875471940016],[20.88755022230538,-6.647401490005067]]]]}},{"type":"Feature","properties":{"id":null,"group":null,"name":"18th Street","settlement_id":"settlement_sunrisebeach","country_id":"country_barrel","district_id":null,"status":null,"surface":null,"access":null,"bridge":null,"tunnel":null,"oneway":null,"route_id":null,"alt_name":null,"notes":null},"geometry":{"type":"MultiPolygon","coordinates":[[[[20.888303260181644,-6.646447286605234],[20.888275023661556,-6.64642567824001],[20.888972729746847,-6.645642715627064],[20.88900096610783,-6.64566432402259],[20.888303260181644,-6.646447286605234]]]]}},{"type":"Feature","properties":{"id":null,"group":null,"name":"16th Street","settlement_id":"settlement_sunrisebeach","country_id":"country_barrel","district_id":null,"status":null,"surface":null,"access":null,"bridge":null,"tunnel":null,"oneway":null,"route_id":null,"alt_name":null,"notes":null},"geometry":{"type":"MultiPolygon","coordinates":[[[[20.887965426384905,-6.644771263217472],[20.887964065665848,-6.644774181139583],[20.887962104084416,-6.644776777624864],[20.88735146609804,-6.645431803547709],[20.88734658880378,-6.645490707142063],[20.88736236708741,-6.645551215253183],[20.887327361403205,-6.645557665773524],[20.88731091487365,-6.645494595001562],[20.887310468762394,-6.645492024249523],[20.88731046148611,-6.645489437495473],[20.887315986272043,-6.645422714130331],[20.887316639991926,-6.64541940557721],[20.88731801912875,-6.645416316747823],[20.887320065861456,-6.645413577143002],[20.887932083119143,-6.64475707177991],[20.88796218824803,-6.644669088714754],[20.887996585981345,-6.644680198415969],[20.887965426384905,-6.644771263217472]]]]}},{"type":"Feature","properties":{"id":null,"group":null,"name":"30th Street","settlement_id":"settlement_sunrisebeach","country_id":"country_barrel","district_id":null,"status":null,"surface":null,"access":null,"bridge":null,"tunnel":null,"oneway":null,"route_id":null,"alt_name":null,"notes":null},"geometry":{"type":"MultiPolygon","coordinates":[[[[20.875386736368856,-6.63770156047502],[20.875354606098803,-6.63768539478841],[20.876682691176722,-6.635326579130652],[20.876714821052477,-6.635342745053731],[20.875386736368856,-6.63770156047502]]]]}},{"type":"Feature","properties":{"id":null,"group":null,"name":"19th Street","settlement_id":"settlement_sunrisebeach","country_id":"country_barrel","district_id":null,"status":null,"surface":null,"access":null,"bridge":null,"tunnel":null,"oneway":null,"route_id":null,"alt_name":null,"notes":null},"geometry":{"type":"MultiPolygon","coordinates":[[[[20.88934099890688,-6.646351829518145],[20.889340709476578,-6.6463521353822],[20.889212122686036,-6.646484501402558],[20.889211764609232,-6.646484858618855],[20.889088538422794,-6.646604001028215],[20.889061956273547,-6.646580670014855],[20.889185000422373,-6.646461703633377],[20.88931326435503,-6.646329669985295],[20.889485998237117,-6.646142254290459],[20.889513875309177,-6.646164259153422],[20.88934099890688,-6.646351829518145]]]]}},{"type":"Feature","properties":{"id":null,"group":null,"name":"17th Street","settlement_id":"settlement_sunrisebeach","country_id":"country_barrel","district_id":null,"status":null,"surface":null,"access":null,"bridge":null,"tunnel":null,"oneway":null,"route_id":null,"alt_name":null,"notes":null},"geometry":{"type":"MultiPolygon","coordinates":[[[[20.887738109395556,-6.646041283707681],[20.887710222157324,-6.646019289765412],[20.888490767268763,-6.645171601061603],[20.888518654332835,-6.645193595031674],[20.887738109395556,-6.646041283707681]]]]}},{"type":"Feature","properties":{"id":null,"group":null,"name":"North Shore Drive East","settlement_id":"settlement_sunrisebeach","country_id":"country_barrel","district_id":null,"status":null,"surface":null,"access":null,"bridge":null,"tunnel":null,"oneway":null,"route_id":null,"alt_name":null,"notes":null},"geometry":{"type":"MultiPolygon","coordinates":[[[[20.88260356782867,-6.639731709289246],[20.88216957704051,-6.639352017315789],[20.881647833812,-6.638907895655306],[20.8816476478917,-6.63890773526762],[20.88152613582559,-6.638801503080574],[20.881130722088788,-6.63847163391062],[20.880999466389163,-6.638362438739133],[20.88099932839748,-6.638362322808488],[20.880978981274207,-6.638345060287018],[20.88097876405419,-6.63834487310159],[20.880602325231703,-6.638015391075346],[20.88008008503451,-6.637575347578268],[20.87991053805404,-6.637439528488606],[20.879802071987736,-6.63736989893174],[20.879486301767283,-6.637177971136135],[20.879484833382634,-6.637176982991984],[20.879396575109936,-6.637111432574554],[20.879255576724102,-6.637006740143889],[20.879277495300638,-6.636981319445134],[20.879418494674226,-6.63708601263348],[20.879506046918543,-6.637151038690852],[20.879821259645997,-6.637342627689596],[20.87982166014457,-6.637342877894689],[20.87993116492857,-6.637413174272438],[20.879932778552163,-6.637414333208591],[20.8801032801969,-6.637550917081819],[20.88010363868812,-6.637551211621298],[20.88062618990982,-6.637991517280851],[20.880626455319664,-6.63799174521204],[20.88100291778332,-6.638321247996593],[20.88102308681493,-6.638338359428396],[20.881154282999905,-6.638447505110737],[20.881154302611463,-6.63844752144878],[20.881549891700672,-6.638777536972592],[20.881550219409917,-6.638777816845452],[20.88167180115496,-6.638884109970825],[20.882193546872486,-6.639328233839937],[20.882193737900277,-6.63932839869307],[20.882630208075906,-6.639710259913428],[20.88263236524472,-6.639712497829913],[20.882634074744104,-6.639715034397547],[20.88267769216323,-6.639794148617052],[20.88264570315414,-6.63980813524662],[20.88260356782867,-6.639731709289246]]]]}},{"type":"Feature","properties":{"id":null,"group":null,"name":"North Shore Drive West","settlement_id":"settlement_sunrisebeach","country_id":"country_barrel","district_id":null,"status":null,"surface":null,"access":null,"bridge":null,"tunnel":null,"oneway":null,"route_id":null,"alt_name":null,"notes":null},"geometry":{"type":"MultiPolygon","coordinates":[[[[20.871751794318552,-6.631738087977117],[20.871752731564342,-6.631738359692195],[20.87222681291731,-6.631888535267866],[20.872229343310156,-6.631889533206216],[20.872374990930005,-6.63195896049699],[20.872378351581606,-6.631961004786334],[20.872557315395536,-6.632096894625554],[20.872558741523125,-6.63209809386484],[20.87291177232416,-6.632426543220332],[20.873120237373023,-6.63260069572973],[20.873453641130858,-6.63283253095361],[20.874031972151382,-6.633198836227824],[20.874597422421836,-6.633555141303844],[20.874597670849067,-6.633555300523712],[20.875167573531662,-6.633926771181725],[20.8751677345559,-6.633926877298267],[20.87572827108406,-6.634300339222056],[20.875730052203046,-6.634301683643855],[20.875870944256143,-6.634421796573696],[20.875871994731728,-6.634422764540017],[20.875976495814065,-6.634526845717424],[20.875977480319683,-6.634527907852434],[20.876230413448567,-6.634823805428398],[20.87623045779435,-6.634823857508236],[20.876418821166272,-6.635045931409848],[20.87671101336562,-6.63532299605652],[20.877233927950073,-6.635760362513269],[20.877577760984746,-6.636043049102154],[20.87757783437127,-6.636043109751323],[20.877756757208946,-6.636191745899111],[20.878298586124835,-6.636621694774337],[20.87848723161345,-6.63671684098293],[20.878705493034197,-6.636796763673445],[20.87927183470676,-6.636978420813832],[20.87926123731884,-6.637009638774692],[20.87869451245571,-6.636827858813398],[20.87869375183484,-6.636827597692936],[20.878474037681993,-6.636747143077802],[20.87847194440195,-6.636746235880001],[20.87828051976805,-6.636649687998708],[20.87827723335577,-6.636647589393485],[20.87773371427019,-6.636216299443481],[20.87773338811682,-6.636216034627767],[20.877554340405183,-6.636067294775014],[20.877210483181575,-6.635784588358299],[20.87721036184021,-6.6357844877355],[20.87668694279218,-6.635346699434161],[20.876686081061678,-6.635345931960092],[20.876392753200474,-6.635067790498099],[20.876391401680213,-6.635066362727142],[20.876202426674006,-6.634843567764233],[20.87594998491227,-6.634548245066598],[20.875846503903222,-6.634445179881635],[20.87570700439801,-6.634326254147659],[20.875147482235327,-6.633953468146162],[20.87457778380239,-6.633582130718078],[20.87401243942853,-6.633225892465858],[20.874012401668548,-6.633225868610868],[20.87343370370926,-6.63285933102116],[20.873433018507328,-6.632858876125793],[20.87309859053441,-6.632626328761671],[20.873097265708232,-6.632625318198223],[20.87288778174586,-6.632450314521218],[20.872887038899663,-6.632449659580237],[20.87253432640381,-6.632121506431007],[20.872357673483414,-6.631987371318314],[20.87221504955068,-6.631919385381654],[20.87174273559687,-6.631769769742271],[20.871081839212234,-6.63159566375411],[20.871090425908907,-6.631563857536279],[20.871751794318552,-6.631738087977117]]]]}},{"type":"Feature","properties":{"id":null,"group":null,"name":"34th Street","settlement_id":"settlement_sunrisebeach","country_id":"country_barrel","district_id":null,"status":null,"surface":null,"access":null,"bridge":null,"tunnel":null,"oneway":null,"route_id":null,"alt_name":null,"notes":null},"geometry":{"type":"MultiPolygon","coordinates":[[[[20.87457156442511,-6.63356065714952],[20.874603766685137,-6.633576693564105],[20.873193425244757,-6.636110297372356],[20.87316122256364,-6.636094261214506],[20.87457156442511,-6.63356065714952]]]]}},{"type":"Feature","properties":{"id":null,"group":null,"name":"10th Street","settlement_id":"settlement_sunrisebeach","country_id":"country_barrel","district_id":null,"status":null,"surface":null,"access":null,"bridge":null,"tunnel":null,"oneway":null,"route_id":null,"alt_name":null,"notes":null},"geometry":{"type":"MultiPolygon","coordinates":[[[[20.882928475926942,-6.644069021842533],[20.88289890902294,-6.644049008737237],[20.8832302147999,-6.643624023419433],[20.88325978162167,-6.643644036550463],[20.882928475926942,-6.644069021842533]]]]}},{"type":"Feature","properties":{"id":null,"group":null,"name":"35th Street","settlement_id":"settlement_sunrisebeach","country_id":"country_barrel","district_id":null,"status":null,"surface":null,"access":null,"bridge":null,"tunnel":null,"oneway":null,"route_id":null,"alt_name":null,"notes":null},"geometry":{"type":"MultiPolygon","coordinates":[[[[20.873126671323195,-6.634770065898715],[20.873159024262044,-6.634785828619092],[20.872652762639675,-6.635717579364923],[20.872620409547835,-6.635701816741063],[20.873126671323195,-6.634770065898715]]]]}},{"type":"Feature","properties":{"id":null,"group":null,"name":"11th Street","settlement_id":"settlement_sunrisebeach","country_id":"country_barrel","district_id":null,"status":null,"surface":null,"access":null,"bridge":null,"tunnel":null,"oneway":null,"route_id":null,"alt_name":null,"notes":null},"geometry":{"type":"MultiPolygon","coordinates":[[[[20.883438960609126,-6.644519948499434],[20.88340942169138,-6.644499899517549],[20.883742872000187,-6.644073440773917],[20.883772410835324,-6.644093489781408],[20.883438960609126,-6.644519948499434]]]]}},{"type":"Feature","properties":{"id":null,"group":null,"name":"Riverside Drive","settlement_id":"settlement_sunrisebeach","country_id":"country_barrel","district_id":null,"status":null,"surface":null,"access":null,"bridge":null,"tunnel":null,"oneway":null,"route_id":null,"alt_name":null,"notes":null},"geometry":{"type":"MultiPolygon","coordinates":[[[[20.88275802451488,-6.639748087376958],[20.882758065716914,-6.639748072461363],[20.882957507393943,-6.639676144171577],[20.88295821039735,-6.639675906675169],[20.883052221836635,-6.639646255039243],[20.883054123756434,-6.639645764280757],[20.88316377247328,-6.6396235406685],[20.883167166898936,-6.639623164454269],[20.88317060393347,-6.639623391771682],[20.88317395824906,-6.639624214331807],[20.883268730549524,-6.639656424437974],[20.883413585563847,-6.639682169573469],[20.883417084211125,-6.639683128037773],[20.883563556202766,-6.639738097791591],[20.883567012694026,-6.639739798988255],[20.88371926193279,-6.639834529106874],[20.88397025068478,-6.639988122948372],[20.883971431231203,-6.63998890677212],[20.884123995389725,-6.640098575474008],[20.88412716486659,-6.640101460298552],[20.88421256340978,-6.64019982282667],[20.884215036827698,-6.640203541021948],[20.884346197898317,-6.640471019363654],[20.884406810062956,-6.640570594370875],[20.88452106944742,-6.640704824110357],[20.884521656540205,-6.640705551729202],[20.88464089597618,-6.640861592904396],[20.88475844495536,-6.640949113088672],[20.884759401244143,-6.640949874567413],[20.8849106536559,-6.641078599056114],[20.88524571009943,-6.64132751844801],[20.885247146310007,-6.641328700162298],[20.88542639846066,-6.641491853601579],[20.88558005615695,-6.641572630577603],[20.8856067422902,-6.641586677297537],[20.88560972631887,-6.641588619763819],[20.885612256396715,-6.641591052069737],[20.885770795099933,-6.641776054424181],[20.885898354522155,-6.641875480923431],[20.886176073414426,-6.64205271322717],[20.88617711089954,-6.64205342441039],[20.886624264100426,-6.642382178171363],[20.88662434415881,-6.642382237356161],[20.88710502213992,-6.642739545920461],[20.88741614402225,-6.642956700028274],[20.88741732797307,-6.642957597463708],[20.887542891777997,-6.643060823275735],[20.88754387162328,-6.64306168823194],[20.887767163285623,-6.643273294455022],[20.887767658168972,-6.643273781560553],[20.888014036600858,-6.643525683489352],[20.888361251141774,-6.643843993164557],[20.8883616416255,-6.643844361757711],[20.88855862651391,-6.644035822767181],[20.888815813489963,-6.644237393125509],[20.88904725104083,-6.644409339583739],[20.889047939088044,-6.64440987590641],[20.889334840661984,-6.644644417444792],[20.889336733829854,-6.644646201172122],[20.889530291836163,-6.644856495804516],[20.88982631396575,-6.645086502423363],[20.890074146211663,-6.645254398063017],[20.890076516832863,-6.645256299564034],[20.89031848890229,-6.645485195266688],[20.890444215797388,-6.645583169677062],[20.890598118388944,-6.645633349023137],[20.890599140524852,-6.645633713574026],[20.890765225646152,-6.645698139787931],[20.89096512515027,-6.645770294934105],[20.890967650970275,-6.645771412577054],[20.891157223677023,-6.645871834810223],[20.891160319801692,-6.645873879584116],[20.89136452974417,-6.646039500650508],[20.891553460179857,-6.646164874329421],[20.891715447619337,-6.646232862430099],[20.89171693883116,-6.646233563314361],[20.89184561309886,-6.646300798506343],[20.89182880908224,-6.646329421509275],[20.89170086433777,-6.646262567531148],[20.891537936056583,-6.646194184573328],[20.891534709773616,-6.646192458833992],[20.891343498243213,-6.646065571460657],[20.891342039966517,-6.646064500399],[20.891138567510513,-6.645899477496804],[20.89095187253227,-6.645800579711862],[20.890753058902593,-6.645728816551063],[20.89075262146317,-6.645728652786881],[20.89058682437583,-6.645664338331507],[20.890430177274265,-6.645613264172423],[20.890427068064348,-6.645611946429282],[20.89042425689268,-6.645610128528186],[20.890295164979506,-6.64550953190511],[20.890293814723595,-6.64550837222324],[20.8900522984287,-6.645279907710476],[20.889805223581625,-6.645112525215938],[20.88980422432799,-6.645111799826952],[20.889506492808785,-6.644880465077363],[20.889504236020112,-6.644878391542395],[20.889310521541642,-6.644667926945926],[20.889024972619886,-6.644434491246566],[20.88879369045985,-6.64426266027501],[20.888793303811173,-6.644262365212058],[20.888535143483097,-6.644060032032497],[20.888533655044746,-6.64405873252471],[20.88833615605795,-6.643866771869352],[20.887988770416055,-6.643548305395838],[20.88798805261944,-6.643547610520183],[20.887741567964504,-6.643295600031363],[20.8875190019886,-6.643084681556869],[20.88739451732501,-6.642982342926928],[20.887083774097455,-6.642765453161161],[20.887083314202464,-6.642765121858239],[20.8866024488496,-6.642407674095978],[20.886155841530336,-6.642079321753359],[20.885877897199414,-6.641901945626745],[20.885876436503167,-6.641900914037331],[20.885746706188698,-6.641799795452699],[20.88574404894035,-6.641797263149325],[20.885586618668704,-6.641613554283108],[20.885563161778872,-6.641601207333767],[20.88540733697544,-6.641519291146706],[20.885403382311,-6.641516526639004],[20.885223032979287,-6.641352374591997],[20.88488822671321,-6.641103641116689],[20.884887254587507,-6.641102867861589],[20.88473599466124,-6.640974137004881],[20.884616859157077,-6.640885435604465],[20.884613244809596,-6.640881878065993],[20.884492752489113,-6.640724197343707],[20.88437789097357,-6.640589260250099],[20.884376268940592,-6.640587019566332],[20.884314539846223,-6.640485609652467],[20.884313802394047,-6.640484264691013],[20.88418328417403,-6.640218097348023],[20.884100780319876,-6.6401230689534],[20.883950559149948,-6.640015084502315],[20.88370011564559,-6.639861824369581],[20.883699994046157,-6.639861749334621],[20.883549320356266,-6.639767999555758],[20.883406372633896,-6.639714352454663],[20.883261826385585,-6.639688662217877],[20.883258912719704,-6.639687912868783],[20.88316775936317,-6.639656932742731],[20.88306421764337,-6.639677918603105],[20.882971494679026,-6.63970716386118],[20.882772422097855,-6.639778959065239],[20.882668906750226,-6.639816574039874],[20.882654488569262,-6.639785709821849],[20.88275802451488,-6.639748087376958]]]]}},{"type":"Feature","properties":{"id":null,"group":null,"name":"Main Street East","settlement_id":"settlement_sunrisebeach","country_id":"country_barrel","district_id":null,"status":null,"surface":null,"access":null,"bridge":null,"tunnel":null,"oneway":null,"route_id":null,"alt_name":null,"notes":null},"geometry":{"type":"MultiPolygon","coordinates":[[[[20.878084563946764,-6.639733181592879],[20.8781768067096,-6.639814169821658],[20.878325301973906,-6.639944320887779],[20.878325543969954,-6.639944536759594],[20.878834800462272,-6.640406887112288],[20.879348015880247,-6.640855811747493],[20.879348125379916,-6.64085590829233],[20.879856620947955,-6.641307810870342],[20.879856649993805,-6.641307836738025],[20.880373117904558,-6.641768763823504],[20.880875692187715,-6.642218080039207],[20.881390569307015,-6.64267554331814],[20.881390590825767,-6.642675562467188],[20.881903084909066,-6.643132331519678],[20.8824177158455,-6.643590127140008],[20.882417793305336,-6.643590196435121],[20.882925949721248,-6.644047361666825],[20.88343638496067,-6.644498214398496],[20.88343644574022,-6.644498268320548],[20.88395654590025,-6.644961726564496],[20.884461389610006,-6.645411740018377],[20.885250801071457,-6.646115595014741],[20.88634872025163,-6.647090516418948],[20.886348760062297,-6.647090551871871],[20.887225435911862,-6.64787352327687],[20.888161437781218,-6.648703307791013],[20.88821915099969,-6.648754315901837],[20.88821923702141,-6.6487543924065],[20.88920210227857,-6.649633992723772],[20.89010200719339,-6.650440358003741],[20.89027500853566,-6.650585180954717],[20.890320435963456,-6.650621582280122],[20.89055523172599,-6.650782860452431],[20.89074801243341,-6.650899630121853],[20.890926108704033,-6.650995242214354],[20.89109048683114,-6.651072787476313],[20.891260575743487,-6.651140188661945],[20.89135333931767,-6.651169639758477],[20.891390889676718,-6.651176643476208],[20.89144788080015,-6.651176609266506],[20.891489148501876,-6.651171713168367],[20.891495202195227,-6.651204555075991],[20.8914528065601,-6.651209585000838],[20.891450535421637,-6.651209719508131],[20.891390575027938,-6.651209755508881],[20.891386944726666,-6.651209420087637],[20.891346387747614,-6.651201855595379],[20.89134402012122,-6.651201261384576],[20.891249431826378,-6.651171230980641],[20.891248130170112,-6.651170767128863],[20.891076817677757,-6.651102881102546],[20.891075672041,-6.651102384530249],[20.890910270698825,-6.651024356594619],[20.89090936579563,-6.651023900670702],[20.890730379814762,-6.6509278109616],[20.8907295066182,-6.650927312607168],[20.890535825701015,-6.650809997702222],[20.890534903090632,-6.650809402180652],[20.890299079050376,-6.650647417737855],[20.890297960061005,-6.650646587024327],[20.890251833266063,-6.650609625299074],[20.890251522900552,-6.650609371097015],[20.89007812750639,-6.650464218307158],[20.890077654391902,-6.650463808535497],[20.889177529571196,-6.649657246360952],[20.88819471136075,-6.648777688318741],[20.888137030783714,-6.648726709067069],[20.888137009819502,-6.648726690510271],[20.88720097182713,-6.647896874135077],[20.88720092097796,-6.647896828888926],[20.886324239462155,-6.647113852576171],[20.885226325955,-6.646138936400172],[20.88522629787532,-6.646138911414999],[20.884436874987056,-6.645435046367486],[20.883932035633922,-6.644985036884566],[20.883411966885813,-6.644521606722211],[20.882901498616246,-6.644070724904373],[20.882901372400937,-6.644070612392743],[20.882393191685438,-6.643613425388661],[20.881878592930125,-6.643155658484751],[20.88136608984016,-6.642698881505325],[20.880851202036656,-6.642241408823065],[20.880851159390804,-6.642241370814716],[20.880348581900392,-6.641792051809665],[20.879832134465428,-6.6413311430879],[20.879323707880253,-6.640879301903921],[20.87881041835851,-6.640430312536523],[20.878810162728445,-6.640430084728779],[20.878300899440568,-6.639967728296141],[20.87815252017538,-6.639837678924972],[20.878060156551843,-6.639756584606845],[20.87805995235179,-6.639756402636668],[20.877751965724652,-6.639477836189979],[20.87777667874413,-6.639454706828351],[20.878084563946764,-6.639733181592879]]]]}},{"type":"Feature","properties":{"id":null,"group":null,"name":"Sunset Boulevard South","settlement_id":"settlement_sunrisebeach","country_id":"country_barrel","district_id":null,"status":null,"surface":null,"access":null,"bridge":null,"tunnel":null,"oneway":null,"route_id":null,"alt_name":null,"notes":null},"geometry":{"type":"MultiPolygon","coordinates":[[[[20.881793315570096,-6.633719196309116],[20.88179354244186,-6.633718907993055],[20.887455920983015,-6.626693529635661],[20.887485169136742,-6.626713942166565],[20.881822907180048,-6.633739177186233],[20.880129906949787,-6.635943226381492],[20.880100203252265,-6.635923391010542],[20.881793315570096,-6.633719196309116]]]]}},{"type":"Feature","properties":{"id":null,"group":null,"name":"Main Street West","settlement_id":"settlement_sunrisebeach","country_id":"country_barrel","district_id":null,"status":null,"surface":null,"access":null,"bridge":null,"tunnel":null,"oneway":null,"route_id":null,"alt_name":null,"notes":null},"geometry":{"type":"MultiPolygon","coordinates":[[[[20.86985115878621,-6.633666156435273],[20.86989661181334,-6.633697178776385],[20.869875925624815,-6.633723478402107],[20.869830241090593,-6.633692298061872],[20.86982978330705,-6.633691975651812],[20.869449569220787,-6.633415727575413],[20.869471171051593,-6.633390072751029],[20.86985115878621,-6.633666156435273]]]]}},{"type":"Feature","properties":{"id":null,"group":null,"name":"Main Street East","settlement_id":"settlement_sunrisebeach","country_id":"country_barrel","district_id":null,"status":null,"surface":null,"access":null,"bridge":null,"tunnel":null,"oneway":null,"route_id":null,"alt_name":null,"notes":null},"geometry":{"type":"MultiPolygon","coordinates":[[[[20.89151275749631,-6.651155180847286],[20.891526728040578,-6.651137521060869],[20.891536895986135,-6.651116228688695],[20.891569972581205,-6.651130574922806],[20.89155906242091,-6.651153421548457],[20.89155723886417,-6.651156342695382],[20.891540413519284,-6.651177611162026],[20.89153845523374,-6.651179676775659],[20.89153613258676,-6.651181395068063],[20.891502609162075,-6.651202012291064],[20.891481741534506,-6.651174255952478],[20.89151275749631,-6.651155180847286]]]]}},{"type":"Feature","properties":{"id":null,"group":null,"name":"Sunset Boulevard South","settlement_id":"settlement_sunrisebeach","country_id":"country_barrel","district_id":null,"status":null,"surface":null,"access":null,"bridge":null,"tunnel":null,"oneway":null,"route_id":null,"alt_name":null,"notes":null},"geometry":{"type":"MultiPolygon","coordinates":[[[[20.880100394917694,-6.635923146529073],[20.880129715284415,-6.635943470862946],[20.879801575114303,-6.636353625800667],[20.87977225466744,-6.636333301490001],[20.880100394917694,-6.635923146529073]]]]}},{"type":"Feature","properties":{"id":null,"group":null,"name":"35th Street","settlement_id":"settlement_sunrisebeach","country_id":"country_barrel","district_id":null,"status":null,"surface":null,"access":null,"bridge":null,"tunnel":null,"oneway":null,"route_id":null,"alt_name":null,"notes":null},"geometry":{"type":"MultiPolygon","coordinates":[[[[20.873368476429143,-6.634339458980715],[20.87340062314129,-6.63435559493213],[20.873158921184643,-6.634786015212979],[20.873126774400628,-6.634769879304812],[20.873368476429143,-6.634339458980715]]]]}},{"type":"Feature","properties":{"id":null,"group":null,"name":"35th Street","settlement_id":"settlement_sunrisebeach","country_id":"country_barrel","district_id":null,"status":null,"surface":null,"access":null,"bridge":null,"tunnel":null,"oneway":null,"route_id":null,"alt_name":null,"notes":null},"geometry":{"type":"MultiPolygon","coordinates":[[[[20.874006124006556,-6.633204288711225],[20.874038268677502,-6.633220428073716],[20.873400622215453,-6.634355596580634],[20.873368477354983,-6.634339457332204],[20.874006124006556,-6.633204288711225]]]]}},{"type":"Feature","properties":{"id":null,"group":null,"name":"Main Street West","settlement_id":"settlement_sunrisebeach","country_id":"country_barrel","district_id":null,"status":null,"surface":null,"access":null,"bridge":null,"tunnel":null,"oneway":null,"route_id":null,"alt_name":null,"notes":null},"geometry":{"type":"MultiPolygon","coordinates":[[[[20.877584831297174,-6.639294939824978],[20.877660842941978,-6.639358278073045],[20.87763726923842,-6.639382396594711],[20.877561266054116,-6.639319065407826],[20.87753202346101,-6.639294717897337],[20.877555585885965,-6.639270589963024],[20.877584831297174,-6.639294939824978]]]]}},{"type":"Feature","properties":{"id":null,"group":null,"name":"Main Street East","settlement_id":"settlement_sunrisebeach","country_id":"country_barrel","district_id":null,"status":null,"surface":null,"access":null,"bridge":null,"tunnel":null,"oneway":null,"route_id":null,"alt_name":null,"notes":null},"geometry":{"type":"MultiPolygon","coordinates":[[[[20.87769409496183,-6.639385997703342],[20.877745632332356,-6.639428886756317],[20.877776089629034,-6.639454196067567],[20.877752554839862,-6.639478346950742],[20.87772209237483,-6.639453033350023],[20.877670533445613,-6.639410126371261],[20.877637266250265,-6.639382394104224],[20.87766084593014,-6.63935828056351],[20.87769409496183,-6.639385997703342]]]]}},{"type":"Feature","properties":{"id":"route_gunseyisland","group":null,"name":"Gunsey Island Route","settlement_id":"settlement_gunsey","country_id":"country_duvessa","district_id":null,"status":null,"surface":null,"access":null,"bridge":null,"tunnel":null,"oneway":null,"route_id":null,"alt_name":null,"notes":null},"geometry":{"type":"MultiPolygon","coordinates":[[[[-3.663163352724101,29.71034250026792],[-3.663166481116258,29.71034361651083],[-3.663169325963539,29.710345198269597],[-3.664116753956137,29.710982890139963],[-3.664120716610605,29.71098651959495],[-3.664703749297645,29.711715310337162],[-3.664706156940895,29.711719426006542],[-3.665240440739951,29.713054524819682],[-3.666454564308511,29.716073336572073],[-3.669678216682078,29.72338027956823],[-3.678020045488212,29.738881838210304],[-3.678021167969567,29.738884463303613],[-3.679955352678424,29.744848196761986],[-3.683179078825083,29.752370221882227],[-3.683179699389112,29.75237193754268],[-3.685543974031052,29.760324493707873],[-3.685544596258962,29.760328059447264],[-3.686189399844532,29.771719559041234],[-3.686189415552487,29.771719903996196],[-3.686619285343144,29.784186073383708],[-3.686619145059465,29.784188786680513],[-3.684899675202121,29.79665495621218],[-3.684899038409324,29.79665774089556],[-3.682910900092667,29.802837092229094],[-3.682909571090884,29.80284015927001],[-3.680061696648081,29.80799857433047],[-3.680061516954772,29.80799889211615],[-3.677106175506307,29.813103573688664],[-3.677104928985803,29.813105450325875],[-3.673290093162894,29.818156078556324],[-3.671732048657937,29.82041255707315],[-3.671729626539018,29.820415416866563],[-3.669687753971101,29.82240355600371],[-3.669685308358757,29.822405591136196],[-3.664311959230731,29.82622066890879],[-3.664309190835009,29.82622233610971],[-3.659097042009662,29.828855277062676],[-3.65909428061597,29.828856445771233],[-3.652968662296661,29.83097891851611],[-3.652966974930248,29.830979430630247],[-3.648345894416043,29.832188434054416],[-3.648343903004195,29.832188861172426],[-3.642755619575903,29.833129197103162],[-3.642750081390097,29.833129444262042],[-3.637751839148692,29.832735628807935],[-3.634059594965535,29.833982918979384],[-3.633668595107683,29.83416265607453],[-3.633461878345746,29.834367748347034],[-3.631171332164166,29.83790292301873],[-3.631136773024793,29.837886247529703],[-3.633428426138848,29.834349365365924],[-3.633431017390619,29.834346184436317],[-3.633641834544231,29.834137024005955],[-3.633644665950182,29.834134681024075],[-3.633647921052832,29.834132833376856],[-3.634043462041459,29.83395100875926],[-3.634045655292135,29.833950137406944],[-3.637743445763933,29.832700973258717],[-3.63774792187797,29.83269994956859],[-3.6377524987178,29.832699843307886],[-3.64275259674509,29.83309380476951],[-3.64833710629424,29.832154103398054],[-3.652956345107881,29.830945581415087],[-3.659079703477389,29.82882389119663],[-3.664289059106736,29.826192360830234],[-3.669659782723048,29.822379146954432],[-3.671699156710447,29.82039344076715],[-3.673256371403768,29.818138164549477],[-3.673256839536176,29.818137516615444],[-3.677071231886951,29.81308747659616],[-3.680025921327852,29.80798392294438],[-3.682872888223323,29.80282715377936],[-3.68486007687151,29.796650759121448],[-3.686579168617272,29.784187357012698],[-3.686149355327413,29.771722717838],[-3.685504667985032,29.760333210503912],[-3.683141174789217,29.752383274851102],[-3.679917527386031,29.744861428352028],[-3.679917021496628,29.744860081640354],[-3.677983057047156,29.73889702186392],[-3.669641617526103,29.72339617845796],[-3.669641068453351,29.723395055221857],[-3.666417060265099,29.716087300938543],[-3.666416856487692,29.716086817547602],[-3.665202630909634,29.713067749970765],[-3.66520262076896,29.713067724693843],[-3.664669218002023,29.711734826488364],[-3.664089375361764,29.711010023072642],[-3.663146943027296,29.710375693570587],[-3.661647447417214,29.70997242056993],[-3.661660585125411,29.709938347377474],[-3.663163352724101,29.71034250026792]]]]}},{"type":"Feature","properties":{"id":"strtmjr_meridianzero","group":null,"name":"Meridian Zero","settlement_id":"settlement_zaynalqamar","country_id":"country_bibishirif","district_id":null,"status":"active","surface":"paved","access":"public","bridge":null,"tunnel":null,"oneway":null,"route_id":null,"alt_name":null,"notes":null},"geometry":{"type":"MultiPolygon","coordinates":[[[[-31.393854251455995,-6.320406279564176],[-31.393820772808688,-6.320392763409828],[-31.338805208033065,-6.459862770561056],[-31.33883869451061,-6.459876281938691],[-31.393854251455995,-6.320406279564176]]]]}},{"type":"Feature","properties":{"id":"street_silvermark","group":null,"name":"Silver Mark","settlement_id":"settlement_zaynalqamar","country_id":"country_bibishirif","district_id":null,"status":"active","surface":"paved","access":"public","bridge":null,"tunnel":null,"oneway":null,"route_id":null,"alt_name":null,"notes":null},"geometry":{"type":"MultiPolygon","coordinates":[[[[-31.31768070075002,-6.450939932619349],[-31.31768100692006,-6.450939878082901],[-31.318089804297294,-6.450863388478052],[-31.31809010929824,-6.450863328661105],[-31.3184975150582,-6.450779743364484],[-31.318497818801212,-6.450779678290718],[-31.31890370979024,-6.450689022569127],[-31.318904012187176,-6.450688952263642],[-31.319308265709516,-6.450591253521172],[-31.319308566672873,-6.450591178010439],[-31.319711060527737,-6.450486465780211],[-31.319711359970725,-6.450486385092076],[-31.320111972489254,-6.450374691027276],[-31.320112270325808,-6.450374605190942],[-31.32051088040787,-6.450255963055307],[-31.3205111765526,-6.450255872101266],[-31.320907663703334,-6.450130317758831],[-31.320907958071626,-6.450130221718887],[-31.321302202437963,-6.449997793123161],[-31.32130249494593,-6.449997692030403],[-31.321694377352703,-6.449858429212882],[-31.32169466791725,-6.449858323101654],[-31.322084069903333,-6.449712268159792],[-31.322084358442094,-6.449712157065679],[-31.32247116229614,-6.449559354150026],[-31.322471448727537,-6.449559238109829],[-31.322855537523584,-6.449399733410806],[-31.32285582176686,-6.449399612462511],[-31.323237079399664,-6.449233454196397],[-31.323237361374826,-6.449233328379197],[-31.323615672594983,-6.449060566773561],[-31.32361595222285,-6.449060436127798],[-31.32399120267164,-6.448881123406323],[-31.323991479873857,-6.448880987973481],[-31.324363556117753,-6.448695178340143],[-31.324363830816782,-6.448695038162834],[-31.324732620381795,-6.448502787785586],[-31.324732892500922,-6.448502642907534],[-31.325098283906588,-6.448304009901234],[-31.325098553369916,-6.448303860367266],[-31.32546043616301,-6.448098904776201],[-31.325460702895533,-6.448098750632196],[-31.3258189676834,-6.447887534411882],[-31.325819231610904,-6.447887375704805],[-31.326173770094606,-6.447669962703257],[-31.326174031143758,-6.447669799481106],[-31.326524736150734,-6.447446255419575],[-31.32652499424906,-6.447446087731389],[-31.326871759765602,-6.447216480184413],[-31.32687201484147,-6.447216308080248],[-31.327214736044702,-6.446980706455344],[-31.327214988027357,-6.446980529986265],[-31.327553561316954,-6.446739005502841],[-31.327553810136518,-6.44673882472089],[-31.32788813316602,-6.446491450388788],[-31.327888378753485,-6.446491265347005],[-31.32821835046121,-6.446238115944383],[-31.32821859274845,-6.446237926696779],[-31.32854411338812,-6.445979078747533],[-31.32854435230789,-6.445978885349068],[-31.32886532347871,-6.445714417099683],[-31.32886555896465,-6.445714219606271],[-31.32918188364103,-6.445444211002196],[-31.32918211562769,-6.445444009470685],[-31.329493698188664,-6.445168542132139],[-31.32949392661148,-6.445168336620298],[-31.32980067286954,-6.444887493817613],[-31.329800897664857,-6.444887284384147],[-31.330102714894466,-6.44460115101259],[-31.330102935999548,-6.444600937717089],[-31.330399732965127,-6.444309600271185],[-31.330399950318135,-6.444309383174176],[-31.330691637301705,-6.44401292972159],[-31.330691850841717,-6.444012708884465],[-31.330978339669947,-6.443711229039369],[-31.330978549336997,-6.443711004524411],[-31.331259753407924,-6.443404589420376],[-31.331259959142944,-6.443404361290761],[-31.331535793452083,-6.443093103553236],[-31.33153599519697,-6.443092871873008],[-31.33180637636309,-6.442776865591316],[-31.33180657406067,-6.442776630425373],[-31.332071420350935,-6.442455971124246],[-31.332072029012,-6.442455190675062],[-31.33233305782112,-6.442100436881193],[-31.332513750117517,-6.441883621409393],[-31.332549611397162,-6.441843963051944],[-31.332585380189744,-6.441809561535147],[-31.332613903250298,-6.441785075122618],[-31.332646901311563,-6.441762101788223],[-31.332748113074835,-6.441695761479068],[-31.332957954898394,-6.441593607326447],[-31.332958575833455,-6.441593289798931],[-31.333341681224365,-6.441387780283012],[-31.333728114919648,-6.441188931519744],[-31.334117897340107,-6.440996730072818],[-31.334510914146993,-6.440811232318087],[-31.33490705005286,-6.440632492664816],[-31.33530618885516,-6.440460563539713],[-31.335708213471182,-6.440295495371337],[-31.336113005971068,-6.440137336575716],[-31.336520447614056,-6.439986133541636],[-31.33693041888207,-6.439841930617416],[-31.337342799514907,-6.439704770097944],[-31.337757468546346,-6.439574692211931],[-31.33817430433896,-6.439451735110412],[-31.33859318461968,-6.439335934855514],[-31.339013986516157,-6.439227325409859],[-31.339436586592868,-6.439125938626487],[-31.33986086088661,-6.439031804239806],[-31.340286684943717,-6.43894494985661],[-31.340713933855888,-6.438865400948198],[-31.341142482297474,-6.438793180842727],[-31.341572204561576,-6.438728310718581],[-31.342002974597467,-6.438670809598031],[-31.34243466604758,-6.438620694341668],[-31.34286715228383,-6.43857797964361],[-31.34330030644585,-6.438542678027036],[-31.343734001477333,-6.438514799840664],[-31.344168110163743,-6.438494353255638],[-31.34460250516964,-6.438481344263202],[-31.34503705907564,-6.43847577667293],[-31.34547164441641,-6.438477652111662],[-31.345906133717506,-6.438486970022983],[-31.34634039953291,-6.438503727667473],[-31.346774314482676,-6.438527920123454],[-31.347207751289986,-6.43855954028852],[-31.347640582818766,-6.438598578881619],[-31.34807268211058,-6.438645024445723],[-31.348503922422026,-6.438698863351296],[-31.348934177262286,-6.438760079800283],[-31.349363320429582,-6.438828655830702],[-31.34979122604881,-6.438904571322056],[-31.35021776860781,-6.438987804001076],[-31.350642822994963,-6.439078329448449],[-31.351066264534893,-6.43917612110581],[-31.35148796902613,-6.439281150283763],[-31.351907812776453,-6.43939338617005],[-31.352325672639985,-6.439512795838847],[-31.352740602256926,-6.439639093510629],[-31.352913557702454,-6.439713684566391],[-31.352914539288978,-6.439714074541363],[-31.353125138202557,-6.439790746638731],[-31.353257480631964,-6.439852191334235],[-31.353418557397266,-6.439944660448416],[-31.35368845055508,-6.44011315163556],[-31.353688720264163,-6.4401133167845],[-31.35396177943165,-6.440277283814548],[-31.35396205189145,-6.440277444229163],[-31.354237908896685,-6.440436659205207],[-31.35423818401893,-6.440436814836842],[-31.35451675617018,-6.440591230032105],[-31.354517033865797,-6.440591380833864],[-31.3547982376574,-6.440740949960381],[-31.354798517836514,-6.440741095887155],[-31.355082268973977,-6.440885774109637],[-31.355082551546026,-6.440885915118148],[-31.3553687649712,-6.441025659067406],[-31.355369049844946,-6.44102579511617],[-31.35565763976163,-6.441160562902145],[-31.35565792684518,-6.441160693951527],[-31.35594880674476,-6.441290445175798],[-31.35594909594565,-6.441290571187997],[-31.35624217863308,-6.441415266955951],[-31.3562424698583,-6.44141538789499],[-31.356537667478207,-6.441534990827457],[-31.356537960634245,-6.441535106659234],[-31.35683518469727,-6.441649580903661],[-31.35683547969016,-6.441649691595916],[-31.357134641099503,-6.441759002837178],[-31.357134937834903,-6.441759108359504],[-31.357435946913014,-6.441863223830126],[-31.3574362452962,-6.441863324153991],[-31.357739011811656,-6.441962212643989],[-31.357739311747576,-6.441962307742691],[-31.358043744942176,-6.442055939608964],[-31.358044046335518,-6.442056029457677],[-31.358350054951426,-6.442144376632856],[-31.358350357706627,-6.442144461208595],[-31.35865785001375,-6.442227497209472],[-31.358658154035112,-6.442227576491105],[-31.35896703785859,-6.442305276426554],[-31.35896734305021,-6.442305350394783],[-31.359277525798102,-6.442377690973229],[-31.359277832064,-6.442377759610597],[-31.35958922075496,-6.442444719147032],[-31.35958952799909,-6.442444782437916],[-31.35990202929028,-6.442506340860339],[-31.35990233741659,-6.44250639879091],[-31.360215857631648,-6.442562537646388],[-31.360216166544063,-6.442562590204651],[-31.360530611701215,-6.442613292664833],[-31.36053092130375,-6.442613339840565],[-31.360846197143943,-6.44265859070673],[-31.36084650734067,-6.442658632491521],[-31.361162519355858,-6.442698418199149],[-31.36116283005102,-6.442698454586328],[-31.36147948351245,-6.442732763209115],[-31.36147979461042,-6.442732794193789],[-31.361796994597086,-6.442761615447298],[-31.361797306002455,-6.442761641026306],[-31.362114957429508,-6.442784966270998],[-31.36211526904709,-6.442784986442888],[-31.362433276694357,-6.442802808686711],[-31.362433588429234,-6.44280282345177],[-31.362751856969762,-6.442815137352294],[-31.36275216872732,-6.442815146712483],[-31.36307060275596,-6.442821948578453],[-31.3630709144419,-6.442821952537396],[-31.36338941850387,-6.442823240329873],[-31.363389730024274,-6.442823238892863],[-31.36370820864383,-6.442819012225806],[-31.363708519905135,-6.442819005399772],[-31.36402687761416,-6.442809265540201],[-31.364027188523252,-6.442809253333672],[-31.36434532988983,-6.442794003201237],[-31.364345640354014,-6.442793985624353],[-31.364663470011138,-6.442773229790498],[-31.36466377993821,-6.442773206854957],[-31.364981202612245,-6.442746951541498],[-31.364981511910464,-6.442746923260567],[-31.365298432449876,-6.442715176337892],[-31.36529874102804,-6.442715142726357],[-31.365615064431694,-6.442677913711041],[-31.365615372199148,-6.442677874785218],[-31.365931003644985,-6.442635174837136],[-31.365931310511606,-6.442635130614812],[-31.366246155384985,-6.442586972533837],[-31.366246461261245,-6.44258692303428],[-31.366560425183298,-6.442533321256425],[-31.366560729980275,-6.442533266500344],[-31.366873718836207,-6.442474237093464],[-31.366874022465595,-6.442474177102993],[-31.367185942432897,-6.442409737761921],[-31.367186244807026,-6.442409672560602],[-31.367497002383637,-6.442339842601881],[-31.367497303415497,-6.442339772214624],[-31.36780680544776,-6.442264572570696],[-31.367797925199636,-6.442229642043114],[-31.36748857336808,-6.442304805182455],[-31.367178117520357,-6.442374567329539],[-31.36686650058178,-6.442438944057437],[-31.366553815966245,-6.442497916074006],[-31.366240157409035,-6.442551465707142],[-31.365925618935822,-6.442599576910506],[-31.36561029483638,-6.442642235268068],[-31.36529427963564,-6.442679427998484],[-31.364977668064984,-6.442711143958973],[-31.364660555034845,-6.442737373648511],[-31.364343035605188,-6.442758109210769],[-31.364025204957578,-6.442773344436434],[-31.363707158366655,-6.442783074764988],[-31.363388991171497,-6.442787297286132],[-31.363070798746563,-6.442786010740608],[-31.362752676474063,-6.442779215520573],[-31.36243471971473,-6.44276691366946],[-31.36211702377909,-6.44274910888131],[-31.361799683899207,-6.442725806499707],[-31.36148279520041,-6.442697013516128],[-31.36116645267209,-6.44266273856785],[-31.360850751139843,-6.442622991935284],[-31.360535785236554,-6.442577785538974],[-31.360221649374374,-6.44252713293589],[-31.359908437716484,-6.442471049315467],[-31.359596244148634,-6.44240955149498],[-31.359285162250966,-6.442342657914443],[-31.358975285270457,-6.442270388631189],[-31.358666706092173,-6.442192765313646],[-31.358359517212193,-6.442109811235059],[-31.358053810709478,-6.442021551266317],[-31.357749678218656,-6.441928011868677],[-31.357447210901732,-6.441829221085475],[-31.357146499422274,-6.441725208534259],[-31.356847633916107,-6.441616005397157],[-31.35655070396676,-6.441501644412377],[-31.356255798576605,-6.441382159863672],[-31.355963006141277,-6.441257587570395],[-31.355672414422752,-6.441127964876664],[-31.355384110523595,-6.44099333064035],[-31.355098180859954,-6.440853725221024],[-31.354814711136402,-6.440709190468166],[-31.354533786320374,-6.440559769708738],[-31.354255490616044,-6.440405507733786],[-31.353979907439467,-6.440246450785223],[-31.353707119393697,-6.440082646542039],[-31.353437074078496,-6.439914060347959],[-31.3534364950852,-6.439913713587111],[-31.35327444097741,-6.43982068340134],[-31.353273040617147,-6.439819958068066],[-31.353139275508873,-6.439757852835323],[-31.353137836532134,-6.439757258096368],[-31.352927001994914,-6.439680500204693],[-31.352753597329713,-6.439605715402371],[-31.352751690188448,-6.439605016324399],[-31.352335639111082,-6.439478377276735],[-31.35233534074276,-6.439478289242744],[-31.35191718185153,-6.439358794100395],[-31.351916882166467,-6.439358711229901],[-31.351496738117753,-6.439246395043761],[-31.35149643720861,-6.439246317356888],[-31.35107443124105,-6.439141213072086],[-31.351074129200633,-6.439141140587211],[-31.350650385099037,-6.439043279033466],[-31.35065008202023,-6.439043211767215],[-31.35022472407923,-6.438952621649725],[-31.35022442005498,-6.438952559616964],[-31.349797573042594,-6.438869267508079],[-31.349797268165844,-6.438869210721959],[-31.3493690572869,-6.438793241053322],[-31.349368751650562,-6.438793189525231],[-31.34893930250989,-6.438724564580649],[-31.348938996206883,-6.438724518320289],[-31.348508434772558,-6.438663258229151],[-31.348508127895613,-6.438663217244512],[-31.34807658046197,-6.438609339975928],[-31.348076273103757,-6.438609304273301],[-31.347643866254348,-6.438562825630833],[-31.347643558507365,-6.438562795214838],[-31.347210419077832,-6.438523728831812],[-31.347210111034343,-6.438523703705413],[-31.34677636607522,-6.438492061040994],[-31.346776057827316,-6.438492041205492],[-31.346341834566722,-6.438467831541254],[-31.346341526206203,-6.438467816996317],[-31.345906952012587,-6.438451047433563],[-31.345906643630975,-6.438451038177258],[-31.345471845975723,-6.438441713634929],[-31.345471537664203,-6.438441709663724],[-31.345036644084228,-6.438439832876954],[-31.345036335933685,-6.438439834185719],[-31.34460147399406,-6.438445405705015],[-31.344601166094982,-6.438445412287074],[-31.344166463351478,-6.438458430478178],[-31.344166155793943,-6.438458442325306],[-31.34373173975565,-6.43847890336967],[-31.34373143262932,-6.438478920472122],[-31.343297430721222,-6.438506818368025],[-31.343297124115345,-6.438506840714546],[-31.342863663640966,-6.438542167278842],[-31.342863357644273,-6.43854219485669],[-31.3424305657483,-6.438584939727249],[-31.342430260449046,-6.438584972522214],[-31.341998264080054,-6.43863512316089],[-31.341997959566,-6.438635161157334],[-31.34156688543926,-6.43869270285371],[-31.341566581797615,-6.438692746034546],[-31.34113655635782,-6.438757661910254],[-31.341136253675238,-6.438757710256996],[-31.34070740305952,-6.438829981270575],[-31.340707101422076,-6.438830034763368],[-31.34027955142295,-6.438909639715956],[-31.340279250916154,-6.438909698333561],[-31.33985312694463,-6.438996613875066],[-31.33985282765337,-6.438996677594917],[-31.339428254702153,-6.439090878230838],[-31.339427956710697,-6.439090947029031],[-31.339005059317593,-6.439192405128033],[-31.33900476270958,-6.439192478979348],[-31.338583664920833,-6.439301164781233],[-31.33858336977922,-6.43930124365921],[-31.338164195113286,-6.439417125283751],[-31.338163901520417,-6.439417209160629],[-31.33774677293158,-6.43954025261688],[-31.33774648096908,-6.439540341463663],[-31.337331520811514,-6.439670510659937],[-31.337331230560327,-6.439670604446403],[-31.33691856055213,-6.439807861200851],[-31.3369182720925,-6.439807959895589],[-31.33650801328003,-6.439952263947413],[-31.336507726691508,-6.439952367517796],[-31.33609999941382,-6.440103676539033],[-31.336099714775205,-6.440103784951294],[-31.335694638628834,-6.440262054559275],[-31.335694356018227,-6.440262167778475],[-31.335292049822034,-6.440427351548803],[-31.335291769316775,-6.44042746953889],[-31.334892351077162,-6.440599519019081],[-31.334892072753842,-6.440599641742863],[-31.33449565963006,-6.440778506466535],[-31.334495383564537,-6.440778633885761],[-31.334102091834396,-6.440964261387474],[-31.334101818101754,-6.440964393462774],[-31.333711763127457,-6.441156729293361],[-31.333711491801985,-6.441156865984333],[-31.333324787996354,-6.441355853726946],[-31.333324519151617,-6.441355994992099],[-31.33294158724568,-6.441561411432805],[-31.332731044191558,-6.441663906948434],[-31.332729086090616,-6.441665019254376],[-31.332626724072114,-6.441732113506684],[-31.33262631394968,-6.441732390600825],[-31.332592377512928,-6.441756017233385],[-31.332590962716797,-6.44175711248906],[-31.332561381072615,-6.441782507670738],[-31.33256064199439,-6.441783179342587],[-31.332524069065038,-6.441818354255856],[-31.332523211694088,-6.441819238407884],[-31.332486697805848,-6.441859618471387],[-31.332486229993943,-6.441860157299853],[-31.332304967321214,-6.442077657162202],[-31.332304308888954,-6.442078497600344],[-31.332043256937983,-6.442433282822124],[-31.33177882369945,-6.442753442007189],[-31.331508642250494,-6.443069214852353],[-31.33123301167784,-6.443380242671247],[-31.33095201530513,-6.443686431439007],[-31.33066573807847,-6.44398768859356],[-31.330374266540037,-6.444283923064352],[-31.330077688802852,-6.44457504529894],[-31.329776094523684,-6.444860967290509],[-31.32946957487544,-6.445141602604926],[-31.32915822252099,-6.445416866405625],[-31.328842131583414,-6.445686675480817],[-31.32852139761875,-6.445950948267538],[-31.328196117586693,-6.446209604876725],[-31.32786638982124,-6.446462567117339],[-31.327532314001097,-6.44670975851992],[-31.327193991119277,-6.446951104359925],[-31.326851523452866,-6.44718653167999],[-31.32650501453196,-6.447415969312245],[-31.326154569107977,-6.447639347899909],[-31.325800293122864,-6.447856599917836],[-31.325442293676073,-6.448067659693422],[-31.325080678993086,-6.448272463425983],[-31.324715558391542,-6.448470949206633],[-31.324347042249602,-6.448663057036287],[-31.323975241971024,-6.448848728844556],[-31.323600269953086,-6.449027908506476],[-31.323222239551214,-6.44920054186022],[-31.3228412650452,-6.449366576723082],[-31.322457461604976,-6.449525962907245],[-31.322070945255632,-6.449678652234935],[-31.321681832841605,-6.449824598553291],[-31.321290241992443,-6.449963757747907],[-31.320896291086505,-6.45009608775633],[-31.320500099215383,-6.450221548580807],[-31.32010178614816,-6.450340102300215],[-31.31970147229437,-6.450451713081788],[-31.319299278668648,-6.450556347191601],[-31.318895326853106,-6.450653973005074],[-31.318489738961848,-6.450744561016152],[-31.318082637602302,-6.450828083846673],[-31.317674145839895,-6.450904516254174],[-31.317264233763918,-6.450973861089818],[-31.317270635329862,-6.451009303410578],[-31.31768070075002,-6.450939932619349]]]]}},{"type":"Feature","properties":{"id":"street_dea","group":null,"name":"Dima Eta A","settlement_id":"settlement_dimaeta","country_id":"country_stsutodo","district_id":null,"status":"active","surface":"paved","access":"public","bridge":null,"tunnel":null,"oneway":null,"route_id":null,"alt_name":null,"notes":null},"geometry":{"type":"MultiPolygon","coordinates":[[[[-72.25791468731703,-17.685368048260553],[-72.25170992042163,-17.676358090321685],[-72.24181265762628,-17.657486191662716],[-72.24181209071867,-17.6574851932944],[-72.14914974526818,-17.50587919631774],[-72.14911737205772,-17.505892663446495],[-72.24177942457854,-17.657498189749205],[-72.25167690370253,-17.676370502501236],[-72.25167798336315,-17.676372288897596],[-72.2578833472912,-17.685383113983836],[-72.26632332955548,-17.697638834163875],[-72.26635466928181,-17.697623767894434],[-72.25791468731703,-17.685368048260553]]]]}},{"type":"Feature","properties":{"id":"street_decircla1","group":null,"name":"","settlement_id":"settlement_dimaeta","country_id":"country_stsutodo","district_id":null,"status":"active","surface":"paved","access":"public","bridge":null,"tunnel":null,"oneway":null,"route_id":null,"alt_name":null,"notes":null},"geometry":{"type":"MultiPolygon","coordinates":[[[[-72.1489990634057,-17.505420233126866],[-72.14899869778655,-17.50542023312418],[-72.14899443221049,-17.505420270348946],[-72.14899406852123,-17.505420276694363],[-72.14898980424454,-17.50542038835806],[-72.14898944267317,-17.505420400981485],[-72.1489851809947,-17.505420587050054],[-72.14898482172237,-17.505420605875678],[-72.1489805639403,-17.50542086629249],[-72.14898020714173,-17.505420891239133],[-72.14897595455308,-17.50542122592479],[-72.14897560039542,-17.50542125690635],[-72.1489713542955,-17.505421665758956],[-72.14897100293904,-17.50542170268469],[-72.14896676462129,-17.505422185579675],[-72.14896641621903,-17.505422228354718],[-72.14896218697443,-17.505422785144983],[-72.14896184167154,-17.505422833670664],[-72.14895762278844,-17.505423464186673],[-72.14895728072344,-17.5054235183609],[-72.14895307348691,-17.50542422241052],[-72.14895273478975,-17.50542428212836],[-72.14894854048134,-17.505425059497156],[-72.14894820527546,-17.505425124650923],[-72.1489440251728,-17.505425975102103],[-72.14894369357349,-17.505426045581988],[-72.1489395289499,-17.505426968856526],[-72.14893920106556,-17.505427044550814],[-72.14893505318966,-17.50542804036743],[-72.14893472912121,-17.50542812116295],[-72.14893059925635,-17.5054291892183],[-72.14893027909733,-17.50542927500082],[-72.14892616850162,-17.505430414969588],[-72.14892585233872,-17.505430505623945],[-72.14892176226427,-17.505431717158896],[-72.14892145017735,-17.50543181256951],[-72.14891738187004,-17.5054330953016],[-72.14891707393207,-17.50543319535276],[-72.14891302863113,-17.505434548891213],[-72.14891272490877,-17.505434653467244],[-72.1489087038464,-17.505436077399818],[-72.14890840439978,-17.505436186385495],[-72.14890440880092,-17.505437680278416],[-72.14890411368425,-17.505437793559103],[-72.14890014476596,-17.505439356957275],[-72.1488998540273,-17.50543947441932],[-72.14889591299853,-17.505441106846582],[-72.14889562668047,-17.50544122837737],[-72.14889171474175,-17.50544292933647],[-72.14889143288177,-17.505443054824614],[-72.1488875512246,-17.505444823797383],[-72.14888727385443,-17.505444953133228],[-72.14888342366129,-17.505446789580827],[-72.14888315080808,-17.505446922656244],[-72.14887933325177,-17.50544882601929],[-72.14887906493792,-17.50544896272804],[-72.14887528118135,-17.505450932426754],[-72.14887501742531,-17.50545107266436],[-72.14887126862091,-17.505453108098756],[-72.14887100943598,-17.505453251763328],[-72.14886729672583,-17.505455352313383],[-72.14886704212252,-17.505455499304727],[-72.14886336663746,-17.505457664330585],[-72.1488631166219,-17.505457814551168],[-72.14885947948152,-17.50546004339335],[-72.14885923405681,-17.505460196747823],[-72.14885563636908,-17.50546248872737],[-72.14885539553488,-17.505462645123046],[-72.14885183839557,-17.505464999541843],[-72.14885160214884,-17.50546515888844],[-72.1488480866416,-17.50546757502931],[-72.14884785497668,-17.505467737239034],[-72.14884438217233,-17.505470214365964],[-72.14884415508085,-17.505470379353792],[-72.14884072603728,-17.50547291671224],[-72.14884050350885,-17.50547308439569],[-72.1488371192705,-17.505475681212765],[-72.14883690129251,-17.50547585151213],[-72.14883356289032,-17.50547850699678],[-72.14883334944861,-17.505478679834823],[-72.14883005789943,-17.505481393178197],[-72.14882984897811,-17.50548156848039],[-72.14882660528458,-17.505484338855993],[-72.14882640086614,-17.505484516550666],[-72.14882320601642,-17.50548734311458],[-72.14882300608261,-17.50548752313227],[-72.14881986104977,-17.505490405023497],[-72.14881966558083,-17.505490587297757],[-72.14881657132291,-17.505493523638474],[-72.14881638029836,-17.505493708105295],[-72.14881333775793,-17.505496698001036],[-72.14881315115669,-17.50549688459891],[-72.14881016126051,-17.505499927138928],[-72.14880997906083,-17.50550011580891],[-72.14880704271967,-17.50550321006642],[-72.14880686489954,-17.50550340075192],[-72.14880398300787,-17.505506545784385],[-72.14880380954484,-17.505506738431354],[-72.14880098298046,-17.505509933280766],[-72.14880081385216,-17.505510127837457],[-72.14879804347605,-17.50551337153063],[-72.14879787865993,-17.505513567947723],[-72.14879516531605,-17.505516859496595],[-72.14879500478979,-17.50551705772696],[-72.14879234930463,-17.505520396128894],[-72.14879219304643,-17.505520596127276],[-72.14878959622881,-17.50552398036537],[-72.14878944421667,-17.505524182089403],[-72.14878690685768,-17.505527611132802],[-72.14878675907076,-17.505527814541182],[-72.14878428194325,-17.505531287345313],[-72.1487841383606,-17.505531492399825],[-72.1487817222192,-17.505535007906904],[-72.14878158282124,-17.505535214570187],[-72.14877922840182,-17.505538771709308],[-72.14877909316913,-17.505538979946795],[-72.14877680118893,-17.50554257763442],[-72.14877667010326,-17.505542787412864],[-72.14877444126046,-17.50554642455313],[-72.14877431430449,-17.505546635840933],[-72.14877214927797,-17.505550311325926],[-72.14877202643527,-17.505550524093458],[-72.14876992588458,-17.505554236803558],[-72.14876980713981,-17.505554451022537],[-72.14876777170478,-17.505558199826865],[-72.14876765704383,-17.505558415470606],[-72.14876568734446,-17.505562199227192],[-72.14876557675444,-17.505562416270337],[-72.14876367339068,-17.505566233826688],[-72.14876356685976,-17.505566452245553],[-72.14876173041145,-17.505570302438716],[-72.14876162792942,-17.505570522210398],[-72.14875985895596,-17.50557440386758],[-72.14875976051371,-17.50557462497085],[-72.14875805955393,-17.50557853690973],[-72.14875796514404,-17.505578759324024],[-72.14875633271602,-17.505582700352903],[-72.14875624233224,-17.505582924059354],[-72.14875467893329,-17.50558689297782],[-72.14875459257108,-17.50558711795797],[-72.14875309867743,-17.50559111355702],[-72.14875301633376,-17.505591339793455],[-72.1487515924005,-17.505595360855963],[-72.14875151407391,-17.50559558833216],[-72.1487501605347,-17.505599633633334],[-72.14875008622535,-17.505599862333572],[-72.14874880349252,-17.505603930641126],[-72.14874873320221,-17.50560416055019],[-72.14874752166652,-17.505608250624935],[-72.14874745539878,-17.505608481728114],[-72.14874631542922,-17.505612592324102],[-72.14874625318917,-17.505612824607656],[-72.14874518513304,-17.505616954472835],[-72.14874512692762,-17.505617187922887],[-72.14874413111023,-17.50562133579917],[-72.14874407694805,-17.505621570402603],[-72.14874315367283,-17.505625735026555],[-72.14874310356433,-17.505625970770144],[-72.1487422531124,-17.5056301508732],[-72.14874220706984,-17.50563038774406],[-72.14874142970028,-17.505634582052874],[-72.14874138773754,-17.505634820038413],[-72.14874068368718,-17.505639027275382],[-72.14874064582011,-17.50563926636263],[-72.14874001530336,-17.50564348524617],[-72.14873998154957,-17.50564372542229],[-72.1487394247585,-17.505647954667346],[-72.14873939513731,-17.505648195919292],[-72.1487389122416,-17.50565243423756],[-72.14873888677421,-17.505652676551808],[-72.14873847792089,-17.50565692265222],[-72.14873845663033,-17.505657166015496],[-72.14873812194396,-17.5056614186047],[-72.14873810485506,-17.505661663002407],[-72.14873784443756,-17.50566592078499],[-72.14873783157688,-17.505666166202825],[-72.14873764550762,-17.505670427881878],[-72.14873763690358,-17.50567067430412],[-72.14873752523921,-17.505674938581397],[-72.14873752092194,-17.50567518599223],[-72.1487374836965,-17.50567945156887],[-72.14873748369789,-17.50567969995129],[-72.14873752092267,-17.505683965527925],[-72.14873752527632,-17.50568421486397],[-72.14873763694001,-17.505688479141263],[-72.14873764568122,-17.50568872941204],[-72.1487378317498,-17.50569299109107],[-72.1487378449155,-17.505693242276703],[-72.14873810533236,-17.50569750005929],[-72.14873812296115,-17.505697752138197],[-72.14873845764689,-17.505702004727425],[-72.14873847977891,-17.5057022576769],[-72.14873888863158,-17.505706503777343],[-72.1487389153085,-17.50570675757327],[-72.14873939820359,-17.505710995891537],[-72.14873942946852,-17.50571125050806],[-72.14873998625893,-17.50571547975314],[-72.14874002215647,-17.50571573516286],[-72.14874065267256,-17.505719954046466],[-72.14874069324864,-17.505720210219952],[-72.14874139729837,-17.505724417457007],[-72.14874144260007,-17.50572467436317],[-72.14874221996901,-17.50572886867203],[-72.14874227004476,-17.50572912627741],[-72.14874312049608,-17.50573330638051],[-72.14874317539532,-17.50573356464978],[-72.14874409867,-17.505737729273793],[-72.1487441584432,-17.505737988169024],[-72.14874515425996,-17.50574213604539],[-72.14874521895845,-17.50574239552647],[-72.148746287014,-17.505746525391697],[-72.14874635668995,-17.505746785415873],[-72.1487474966589,-17.505750896011943],[-72.14874757136519,-17.50575115653407],[-72.14874878290033,-17.505755246608857],[-72.14874886269023,-17.50575550758046],[-72.14875014542247,-17.505759575888128],[-72.14875023034983,-17.505759837258566],[-72.14875158388853,-17.505763882559833],[-72.1487516740073,-17.505764144274877],[-72.14875309794004,-17.50576816533748],[-72.14875319330433,-17.50576842734007],[-72.14875468719748,-17.505772422939216],[-72.14875478786134,-17.50577268516907],[-72.14875635125976,-17.505776654087622],[-72.14875645727689,-17.505776916481],[-72.1487580897044,-17.505780857509976],[-72.14875820112813,-17.50578111999975],[-72.14875990208745,-17.50578503193869],[-72.14876001897044,-17.50578529445426],[-72.14876178794344,-17.505789176111577],[-72.14876191033746,-17.505789438578628],[-72.14876374678526,-17.505793288771912],[-72.1487638747412,-17.505793551112863],[-72.14876577810459,-17.50579736866929],[-72.14876591167148,-17.505797630801585],[-72.14876788137043,-17.505801414558306],[-72.14876802059632,-17.50580167639684],[-72.14877005603095,-17.5058054252013],[-72.14877020096199,-17.505805686656593],[-72.1487723015123,-17.50580939936682],[-72.14877245219213,-17.505809660344887],[-72.14877461721825,-17.505813335830016],[-72.14877477368867,-17.50581359623359],[-72.14877700253113,-17.505817233373975],[-72.14877716483105,-17.505817493101326],[-72.14877945681091,-17.50582109078911],[-72.14877962497617,-17.505821349734205],[-72.14878197939524,-17.505824906873446],[-72.1487821534589,-17.505825164926886],[-72.14878456960002,-17.50582868043408],[-72.14878474959124,-17.50582893748177],[-72.14878722671848,-17.50583241028606],[-72.1487874126628,-17.505832666210136],[-72.14878995002154,-17.505836095253642],[-72.1487901419401,-17.505836349932018],[-72.14879273875749,-17.50583973417024],[-72.1487929366671,-17.505839987476996],[-72.14879559215211,-17.505843325879063],[-72.1487957960649,-17.505843577684452],[-72.14879850940858,-17.505846869233498],[-72.14879871933148,-17.505847119404045],[-72.14880148970738,-17.505850363097366],[-72.14880170564186,-17.505850611495894],[-72.14880453220609,-17.505853806345435],[-72.14880475414779,-17.505854052831104],[-72.14880763603934,-17.505857197863712],[-72.14880786397791,-17.50585744229252],[-72.14881080031891,-17.50586053655017],[-72.14881103423782,-17.505860778775066],[-72.1488140241339,-17.505863821315202],[-72.14881426400964,-17.505864061185846],[-72.14881730654999,-17.50586705108173],[-72.14881755235236,-17.505867288445348],[-72.14882064661018,-17.505870224786165],[-72.14882089830151,-17.505870459487294],[-72.14882404333427,-17.505873341378667],[-72.14882430086975,-17.505873573259993],[-72.14882749571947,-17.505876399824018],[-72.14882775904631,-17.505876628726032],[-72.1488310027398,-17.505879399101726],[-72.14883127179722,-17.50587962486331],[-72.1488345633464,-17.50588233820685],[-72.14883483806592,-17.50588256066615],[-72.14883817646817,-17.505885216150915],[-72.1488384567724,-17.50588543514455],[-72.14884184101076,-17.50588803196173],[-72.14884212681469,-17.505888247326542],[-72.14884555585836,-17.505890784685107],[-72.1488458470675,-17.505890996257232],[-72.14884931987194,-17.505893473384283],[-72.14884961638397,-17.505893681000693],[-72.14885313189131,-17.505896097141665],[-72.14885343359481,-17.505896300639872],[-72.14885699073425,-17.505898655058786],[-72.1488572975092,-17.505898854277596],[-72.14886089519712,-17.505901146257276],[-72.14886120691519,-17.50590134103735],[-72.14886484405574,-17.50590356987961],[-72.14886516057956,-17.505903760063486],[-72.1488688360648,-17.50590592508943],[-72.14886915724864,-17.505906110522353],[-72.148872869959,-17.5059082110725],[-72.14887319564929,-17.505908391603143],[-72.14887694445387,-17.505910427037627],[-72.1488772744881,-17.505910602517663],[-72.1488810582449,-17.505912572216484],[-72.14888139245359,-17.50591274250224],[-72.14888521001012,-17.505914645865374],[-72.1488855482152,-17.505914810817146],[-72.1488893984086,-17.505916647264844],[-72.14888974042528,-17.505916806748154],[-72.14889362208268,-17.50591857572101],[-72.14889396771936,-17.505918729606908],[-72.14889787965842,-17.50592043056605],[-72.14889822871608,-17.505920578730944],[-72.14890216974514,-17.50592221115832],[-72.14890252201998,-17.505922353485502],[-72.14890649093863,-17.505923916883766],[-72.14890684621943,-17.50592405326238],[-72.1489108418186,-17.50592554715537],[-72.1489111998903,-17.505925677482086],[-72.14891522095297,-17.505927101414713],[-72.1489155815951,-17.505927225593254],[-72.1489196268964,-17.505928579131787],[-72.14891998988477,-17.505928697073557],[-72.14892405819248,-17.505929979805686],[-72.14892442329875,-17.505930091429736],[-72.1489285133735,-17.505931302964736],[-72.1489288803669,-17.505931408198496],[-72.14893299096302,-17.50593254816734],[-72.14893335960984,-17.505932646946203],[-72.14893748947507,-17.505933715001603],[-72.14893785954004,-17.505933807269628],[-72.14894200741638,-17.50593480308628],[-72.14894237866304,-17.50593488879596],[-72.14894654328707,-17.505935812070508],[-72.14894691547823,-17.505935891182997],[-72.14895109558128,-17.50593674163424],[-72.14895146848005,-17.505936814119394],[-72.14895566278892,-17.505937591488248],[-72.14895603615844,-17.50593765732453],[-72.14896024339542,-17.5059383613742],[-72.14896061700098,-17.505938420548837],[-72.14896483588456,-17.50593905106486],[-72.14896520949233,-17.505939103573503],[-72.14896943873737,-17.505939660363815],[-72.14896981211629,-17.50593970621063],[-72.14897405043448,-17.505940189105672],[-72.14897442335702,-17.505940228303214],[-72.14897866945739,-17.505940637155835],[-72.14897904169838,-17.505940669724666],[-72.14898329428753,-17.50594100441033],[-72.14898366562656,-17.505941030379],[-72.14898792340907,-17.505941290795793],[-72.14898829362981,-17.505941310200495],[-72.14899255530872,-17.50594149626908],[-72.14899292420023,-17.505941509153434],[-72.14899718847742,-17.505941620817147],[-72.14899755583349,-17.50594162723188],[-72.14900182141002,-17.505941664456675],[-72.14900218703038,-17.505941664459296],[-72.14900645260686,-17.505941627233856],[-72.14900681629729,-17.505941620888365],[-72.14901108057447,-17.505941509224],[-72.14901144214703,-17.505941496600474],[-72.14901570382587,-17.505941310531217],[-72.14901606309918,-17.505941291705494],[-72.14902032088163,-17.50594103128805],[-72.14902067768162,-17.505941006341235],[-72.1490249302706,-17.505940671654905],[-72.14902528442929,-17.50594064067319],[-72.1490295305295,-17.50594023181994],[-72.14902988188712,-17.505940194894016],[-72.1490341202052,-17.505939711998348],[-72.14903446860858,-17.505939669223128],[-72.1490386978534,-17.50593911243218],[-72.14903904315717,-17.505939063906307],[-72.14904326204046,-17.505938433389673],[-72.14904360410668,-17.505938379215195],[-72.14904781134345,-17.505937675164905],[-72.14904815004142,-17.50593761544687],[-72.14905234435003,-17.505936838077417],[-72.14905267955696,-17.505936772923388],[-72.14905685965972,-17.505935922471547],[-72.14905719125967,-17.505935851991474],[-72.14906135588339,-17.505934928716332],[-72.14906168376866,-17.505934853021774],[-72.14906583164466,-17.50593385720455],[-72.14906615571398,-17.505933776408767],[-72.14907028557887,-17.50593270835279],[-72.14907060573867,-17.505932622570036],[-72.14907471633438,-17.50593148260065],[-72.14907503249793,-17.50593139194605],[-72.14907912257236,-17.505930180410523],[-72.14907943466,-17.505930084999605],[-72.14908350296727,-17.50592880226695],[-72.14908381090576,-17.50592870221557],[-72.14908785620665,-17.50592734867653],[-72.1490881599296,-17.505927244100253],[-72.14909218099183,-17.50592582016712],[-72.14909248043894,-17.50592571118122],[-72.14909647603763,-17.505924217287788],[-72.14909677115479,-17.505924104006862],[-72.14910074007292,-17.50592254060817],[-72.14910103081216,-17.505922423145844],[-72.1491049718407,-17.505920790718033],[-72.14910525815887,-17.505920669187137],[-72.14910917009736,-17.505918968227586],[-72.14910945195786,-17.505918842739167],[-72.14911333361472,-17.50591707376592],[-72.14911361098522,-17.505916944429885],[-72.14911746117807,-17.505915107981796],[-72.14911773403146,-17.50591497490626],[-72.14912155158743,-17.50591307154276],[-72.14912181990137,-17.50591293483391],[-72.14912560365764,-17.505910965134778],[-72.14912586741401,-17.505910824896944],[-72.14912961621796,-17.50590878946216],[-72.1491298754028,-17.505908645797568],[-72.14913358811259,-17.50590654524714],[-72.14913384271607,-17.505906398255654],[-72.1491375182007,-17.50590423322943],[-72.14913776821624,-17.50590408300881],[-72.14914140535613,-17.505901854166297],[-72.14914165078092,-17.505901700811716],[-72.14914524846822,-17.505899408831826],[-72.14914548930237,-17.50589925243613],[-72.1491490464411,-17.505896898017017],[-72.14914928268767,-17.505896738670515],[-72.14915279819438,-17.50589432252935],[-72.14915302985922,-17.505894160319645],[-72.149156502663,-17.50589168319245],[-72.14915672975438,-17.50589151820465],[-72.14916015879739,-17.50588898084594],[-72.14916038132563,-17.50588881316258],[-72.14916376556336,-17.50588621634529],[-72.1491639835412,-17.50588604604601],[-72.14916732194276,-17.505883390561145],[-72.14916753538424,-17.50588321772327],[-72.14917082693273,-17.505880504379697],[-72.14917103585385,-17.50588032907766],[-72.14917427954668,-17.505877558701908],[-72.14917448396487,-17.505877381007426],[-72.14917767881388,-17.505874554443377],[-72.1491778787474,-17.505874374425915],[-72.14918102377955,-17.50587149253457],[-72.14918121924832,-17.505871310260428],[-72.1491843135054,-17.50586837391965],[-72.14918450452961,-17.5058681894531],[-72.1491875470693,-17.50586519955728],[-72.14918773367026,-17.505865012959674],[-72.14919072356564,-17.505861970419616],[-72.14919090576491,-17.50586178175004],[-72.14919384210525,-17.505858687492527],[-72.1491940199252,-17.5058584968072],[-72.14919690181608,-17.505855351774716],[-72.14919707527861,-17.50585515912822],[-72.1491999018422,-17.50585196427885],[-72.14920007097028,-17.50585176972236],[-72.14920284134554,-17.505848526029222],[-72.14920300616126,-17.50584832961253],[-72.1492057195043,-17.50584503806374],[-72.14920588003014,-17.505844839833824],[-72.14920853551448,-17.505841501431977],[-72.14920869177234,-17.50584130143394],[-72.1492112885891,-17.505837917195976],[-72.14921144060082,-17.50583771547242],[-72.14921397795894,-17.50583428642917],[-72.1492141257455,-17.505834083021238],[-72.14921660287214,-17.505830610217277],[-72.14921674645446,-17.50583040516317],[-72.14921916259497,-17.50582688965628],[-72.14921930199264,-17.50582668299336],[-72.14922165641113,-17.505823125854437],[-72.14922179164334,-17.50582291761761],[-72.14922408362266,-17.50581931993023],[-72.14922421470814,-17.50581911015202],[-72.14922644354998,-17.50581547301202],[-72.14922657050558,-17.5058152617248],[-72.14922873553117,-17.505811586240085],[-72.14922885837355,-17.50581137347307],[-72.14923095892331,-17.50580766076325],[-72.14923107766774,-17.505807446544733],[-72.14923311310187,-17.505803697740742],[-72.14923322776252,-17.505803482097463],[-72.14923519746095,-17.505799698341217],[-72.14923530805066,-17.50579948129858],[-72.14923721141349,-17.50579566374265],[-72.14923731794417,-17.50579544532417],[-72.14923915439151,-17.505791595131402],[-72.14923925687324,-17.505791375360268],[-72.14924102584581,-17.50578749370347],[-72.14924112428777,-17.505787272600706],[-72.14924282524662,-17.505783360662285],[-72.1492429196563,-17.50578313824839],[-72.14924455208337,-17.505779197219923],[-72.14924464246693,-17.505778973513927],[-72.14924620586494,-17.50577500459595],[-72.1492462922269,-17.50577477961626],[-72.14924778611963,-17.505770784017706],[-72.14924786846308,-17.505770557781727],[-72.14924929239544,-17.505766536719715],[-72.1492493707218,-17.505766309243988],[-72.14925072426013,-17.50576226394335],[-72.14925079856934,-17.50576203524347],[-72.14925208130121,-17.50575796693647],[-72.1492521515913,-17.505757737027935],[-72.14925336312612,-17.505753646953757],[-72.14925342939378,-17.505753415850737],[-72.1492545693624,-17.50574930525532],[-72.14925463160228,-17.505749072972332],[-72.14925569965752,-17.505744943107764],[-72.14925575786286,-17.505744709657936],[-72.14925675367934,-17.505740561782243],[-72.14925680784137,-17.5057403271793],[-72.1492577311158,-17.50573616255595],[-72.14925778122416,-17.50573592681255],[-72.14925863167524,-17.505731746710136],[-72.1492586777177,-17.505731509839606],[-72.14925945508642,-17.505727315531413],[-72.14925949704904,-17.505727077546283],[-72.14926020109861,-17.505722870309963],[-72.14926023896561,-17.505722631222945],[-72.14926086948154,-17.505718412340034],[-72.14926090323532,-17.50571817216408],[-72.14926146002551,-17.505713942919687],[-72.14926148964668,-17.505713701668054],[-72.1492619725416,-17.505709463350488],[-72.14926199800894,-17.505709221036298],[-72.14926240686151,-17.505704974936535],[-72.149262428152,-17.50570473157353],[-72.14926276283762,-17.50570047898505],[-72.1492627799265,-17.505700234587326],[-72.14926304034323,-17.505695976805473],[-72.14926305320388,-17.505695731387895],[-72.14926323927243,-17.505691469709625],[-72.14926324787645,-17.505691223287222],[-72.14926335954007,-17.50568695901064],[-72.14926336385732,-17.50568671160003],[-72.14926340108212,-17.505682446024128],[-72.14926340108072,-17.50568219764167],[-72.14926336385525,-17.505677932065776],[-72.14926335950156,-17.505677682729655],[-72.14926324783724,-17.5056734184531],[-72.14926323909599,-17.50567316818231],[-72.14926305302683,-17.50566890650403],[-72.14926303986103,-17.50566865531823],[-72.14926277944362,-17.505664397536385],[-72.1492627618148,-17.505664145457594],[-72.14926242712853,-17.505659892869126],[-72.14926240499645,-17.505659639919358],[-72.14926199614325,-17.505655393819648],[-72.14926196946628,-17.505655140023528],[-72.14926148657068,-17.505650901706005],[-72.14926145530568,-17.505650647089286],[-72.1492608985148,-17.50564641784497],[-72.14926086261717,-17.50564616243502],[-72.14926023210063,-17.505641943552146],[-72.14926019152449,-17.50564168737842],[-72.14925948747435,-17.505637480142152],[-72.1492594421725,-17.505637223235517],[-72.14925866480313,-17.50563302892743],[-72.14925861472734,-17.505632771321952],[-72.14925776427567,-17.50562859121958],[-72.14925770937627,-17.505628332949776],[-72.14925678610125,-17.50562416832647],[-72.14925672632796,-17.505623909430973],[-72.14925573051092,-17.505619761555373],[-72.14925566581223,-17.50561950207378],[-72.14925459775641,-17.505615372209313],[-72.1492545280803,-17.50561511218469],[-72.14925338811112,-17.505611001589365],[-72.14925331340466,-17.505610741066743],[-72.14925210186927,-17.505606650992654],[-72.14925202207918,-17.505606390020574],[-72.14925073934674,-17.505602321713646],[-72.14925065441916,-17.505602060342675],[-72.14924930088033,-17.50559801504209],[-72.14924921076133,-17.5055977533265],[-72.14924778682843,-17.505593732264558],[-72.14924769146391,-17.505593470261456],[-72.14924619757069,-17.505589474663005],[-72.1492460969066,-17.50558921243263],[-72.1492445335081,-17.505585243514716],[-72.14924442749066,-17.505584981120663],[-72.14924279506309,-17.505581040092313],[-72.1492426836391,-17.505580777602056],[-72.14924098267977,-17.505576865663734],[-72.14924086579644,-17.505576603147464],[-72.14923909682346,-17.505572721490783],[-72.14923897442908,-17.505572459022932],[-72.14923713798122,-17.505568608830266],[-72.14923701002502,-17.505568346488875],[-72.14923510666175,-17.50556452893304],[-72.14923497309452,-17.505564266800082],[-72.14923300339566,-17.50556048304394],[-72.14923286416936,-17.505560221204703],[-72.14923082873489,-17.50555647240082],[-72.14923068380344,-17.505556210944846],[-72.14922858325328,-17.50555249823515],[-72.14922843257303,-17.50555223725637],[-72.1492262675471,-17.505548561771814],[-72.14922611107635,-17.505548301367657],[-72.14922388223408,-17.505544664227767],[-72.1492237199337,-17.50554440449965],[-72.14922142795407,-17.505540806812377],[-72.14922125978836,-17.505540547866595],[-72.14921890536954,-17.50553699072783],[-72.14921873130548,-17.505536732673765],[-72.14921631516465,-17.505533217167024],[-72.14921613517286,-17.50553296011858],[-72.14921365804597,-17.50552948731474],[-72.14921347210121,-17.505529231390057],[-72.14921093474283,-17.505525802346952],[-72.14921074282383,-17.505525547668018],[-72.14920814600684,-17.50552216343017],[-72.14920794809663,-17.505521910122717],[-72.14920529261205,-17.505518571721005],[-72.14920508869879,-17.50551831991506],[-72.14920237535556,-17.505515028366382],[-72.14920216543216,-17.505514778195188],[-72.14919939505674,-17.505511534502194],[-72.14919917912174,-17.50551128610308],[-72.14919635255801,-17.505508091253848],[-72.14919613061588,-17.50550784476765],[-72.14919324872484,-17.505504699735337],[-72.14919302078573,-17.505504455305957],[-72.14919008444528,-17.505501361048545],[-72.14918985052591,-17.50550111882321],[-72.14918686063042,-17.505498076283292],[-72.14918662075411,-17.50549783641208],[-72.14918357821436,-17.505494846516417],[-72.14918333241171,-17.505494609152517],[-72.14918023815451,-17.505491672811857],[-72.14917998646257,-17.50549143811013],[-72.14917684143043,-17.505488556218907],[-72.14917658389457,-17.505488324337257],[-72.14917338904549,-17.505485497773332],[-72.14917312571833,-17.505485268871023],[-72.1491698820255,-17.505482498495414],[-72.14916961296767,-17.505482272733392],[-72.14916632141914,-17.505479559389965],[-72.14916604669946,-17.50547933693054],[-72.14916270829795,-17.505476681445785],[-72.14916242799308,-17.505476462451636],[-72.14915904375539,-17.50547386563449],[-72.14915875795148,-17.50547365026964],[-72.14915532890853,-17.50547111291105],[-72.1491550376991,-17.505470901338697],[-72.14915156489542,-17.50546842421162],[-72.14915126838326,-17.50546821659506],[-72.14914775287667,-17.50546580045403],[-72.14914745117296,-17.50546559695564],[-72.14914389403432,-17.505463242536656],[-72.14914358725925,-17.505463043317718],[-72.14913998957209,-17.505460751337935],[-72.14913967785401,-17.5054605565578],[-72.14913604071425,-17.50545832771539],[-72.14913572419044,-17.505458137531477],[-72.14913204870598,-17.505455972505395],[-72.14913172752209,-17.505455787072357],[-72.14912801481252,-17.50545368652204],[-72.1491276891226,-17.505453505991554],[-72.14912394031886,-17.505451470556853],[-72.14912361028452,-17.50545129507667],[-72.14911982652849,-17.50544932537765],[-72.14911949232021,-17.505449155092045],[-72.14911567476445,-17.505447251728636],[-72.1491153365596,-17.505447086776922],[-72.14911148636706,-17.505445250328957],[-72.14911114435064,-17.5054450908457],[-72.14910726269403,-17.505443321872537],[-72.1491069170579,-17.50544316798684],[-72.14910300511968,-17.50544146702733],[-72.14910265606227,-17.50544131886249],[-72.14909871503403,-17.505439686434794],[-72.1490983627599,-17.505439544107823],[-72.14909439384208,-17.505437980709182],[-72.14909403856177,-17.50543784433067],[-72.14909004296337,-17.505436350437307],[-72.14908968489229,-17.50543622011074],[-72.1490856638304,-17.5054347961777],[-72.14908530318884,-17.5054346719993],[-72.14908125788833,-17.505433318460334],[-72.14908089490098,-17.505433200518834],[-72.14907682659407,-17.505431917786247],[-72.14907646148839,-17.505431806162278],[-72.14907237141433,-17.50543059462679],[-72.14907200442191,-17.50543048939327],[-72.14906789382658,-17.50542934942393],[-72.14906752518061,-17.50542925064522],[-72.14906339531615,-17.5054281825893],[-72.14906302525205,-17.505428090321438],[-72.1490588773764,-17.50542709450428],[-72.14905850613083,-17.505427008794786],[-72.1490543415075,-17.50542608551965],[-72.14905396931728,-17.505426006407326],[-72.14904978921494,-17.50542515595554],[-72.1490494163173,-17.50542508347051],[-72.14904522200918,-17.50542430610111],[-72.14904484864063,-17.50542424026494],[-72.1490406414043,-17.505423536214685],[-72.14904026779999,-17.505423477040175],[-72.1490360489171,-17.50542284652356],[-72.14903567531049,-17.505422794015015],[-72.14903144606608,-17.505422237224078],[-72.14903107268819,-17.505422191377328],[-72.14902683437057,-17.505421708481666],[-72.14902646144941,-17.505421669284203],[-72.14902221534966,-17.505421260430946],[-72.14902184310974,-17.50542122786214],[-72.14901759052115,-17.505420893175838],[-72.14901721918343,-17.50542086720721],[-72.14901296140148,-17.50542060678977],[-72.14901259118183,-17.50542058738507],[-72.14900832950343,-17.505420401315828],[-72.1490079606132,-17.505420388431453],[-72.14900369633652,-17.505420276767108],[-72.14900332898169,-17.50542027035231],[-72.1489990634057,-17.505420233126866]],[[-72.14900200433509,-17.505452842205056],[-72.14900590338962,-17.505452876231292],[-72.14900979950838,-17.505452978254443],[-72.14901369159607,-17.50545314818636],[-72.14901757856269,-17.50545338592311],[-72.14902145932571,-17.50545369134546],[-72.14902533280753,-17.50545406431903],[-72.14902919793799,-17.50545450469472],[-72.14903305365213,-17.5054550123088],[-72.14903689889162,-17.505455586983363],[-72.14904073260298,-17.505456228526295],[-72.14904455373976,-17.505456936731825],[-72.14904836125984,-17.505457711380224],[-72.14905215412702,-17.50545855223829],[-72.14905593130936,-17.50545945905922],[-72.14905969178099,-17.50546043158299],[-72.14906343451956,-17.505461469535952],[-72.1490671585075,-17.5054625726311],[-72.14907086273078,-17.505463740567897],[-72.14907454618069,-17.50546497303268],[-72.14907820785034,-17.50546626969757],[-72.14908184673827,-17.505467630221705],[-72.14908546184444,-17.505469054249584],[-72.14908905217325,-17.50547054141217],[-72.1490926167323,-17.50547209132624],[-72.14909615453055,-17.505473703593495],[-72.14909966458181,-17.505475377801748],[-72.14910314590105,-17.505477113523185],[-72.14910659750687,-17.505478910315144],[-72.14911001842079,-17.50548076771958],[-72.14911340766642,-17.505482685262194],[-72.14911676427161,-17.505484662453448],[-72.14912008726604,-17.50548669878678],[-72.14912337568327,-17.50548879373934],[-72.14912662856035,-17.505490946771435],[-72.14912984493819,-17.505493157326427],[-72.14913302386117,-17.505495424829924],[-72.1491361643791,-17.505497748690715],[-72.1491392655449,-17.505500128298614],[-72.14914232641776,-17.505502563026642],[-72.14914534606264,-17.505505052229577],[-72.14914832354897,-17.505507595242893],[-72.14915125795403,-17.505510191385003],[-72.1491541483604,-17.505512839954275],[-72.14915699385965,-17.50551554023209],[-72.14915979355037,-17.505518291480282],[-72.14916254653929,-17.505521092942036],[-72.14916525194315,-17.505523943842714],[-72.14916790888708,-17.50552684338809],[-72.14917051650636,-17.5055297907654],[-72.14917307394772,-17.505532785144446],[-72.14917558036872,-17.50553582567616],[-72.14917803493816,-17.505538911492785],[-72.14918043683855,-17.505542041710264],[-72.149182785263,-17.505545215423723],[-72.14918507942069,-17.50554843171417],[-72.14918731853355,-17.505551689643656],[-72.14918950183738,-17.505554988255966],[-72.14919162858486,-17.50555832658078],[-72.14919369804296,-17.50556170362959],[-72.14919570949523,-17.50556511839801],[-72.14919766224173,-17.505568569865876],[-72.14919955560036,-17.5055720569989],[-72.14920138890542,-17.505575578745425],[-72.14920316151054,-17.505579134041408],[-72.14920487278691,-17.50558272180716],[-72.1492065221252,-17.505586340949975],[-72.14920810893517,-17.505589990363465],[-72.14920963264679,-17.505593668929013],[-72.14921109270938,-17.5055973755143],[-72.14921248859349,-17.505601108976393],[-72.14921381978962,-17.505604868158812],[-72.14921508581068,-17.505608651897496],[-72.1492162861897,-17.505612459014035],[-72.14921742048244,-17.50561628832282],[-72.14921848826586,-17.505620138626227],[-72.14921948914004,-17.5056240087203],[-72.14922042272696,-17.505627897390735],[-72.14922128867126,-17.505631803414005],[-72.14922208664122,-17.505635725563014],[-72.14922281632732,-17.50563966259831],[-72.14922347744428,-17.50564361327914],[-72.14922406972963,-17.505647576354775],[-72.14922459294476,-17.50565155057013],[-72.14922504687497,-17.505655534666925],[-72.14922543132914,-17.50565952737889],[-72.14922574614037,-17.505663527438884],[-72.14922599116584,-17.505667533574083],[-72.14922616628677,-17.50567154451025],[-72.14922627140879,-17.50567555896968],[-72.14922630646171,-17.505679575672538],[-72.14922627139975,-17.505683593338876],[-72.14922616620153,-17.505687610685925],[-72.14922599086998,-17.505691626430988],[-72.14922574543257,-17.505695639292167],[-72.14922542994105,-17.505699647987925],[-72.14922504447176,-17.505703651235983],[-72.14922458912525,-17.505707647758236],[-72.14922406402654,-17.505711636276317],[-72.14922346932488,-17.50571561551581],[-72.14922280519401,-17.505719584203206],[-72.14922207183153,-17.505723541071234],[-72.1492212694595,-17.5057274848543],[-72.14922039832373,-17.50573141429217],[-72.14921945869425,-17.505735328129234],[-72.1492184508648,-17.505739225115157],[-72.14921737515307,-17.50574310400511],[-72.1492162319001,-17.50574696356124],[-72.14921502147082,-17.505750802551407],[-72.14921374425302,-17.505754619751908],[-72.14921240065819,-17.50575841394575],[-72.14921099112087,-17.50576218392361],[-72.14920951609808,-17.505765928486202],[-72.14920797607013,-17.505769646441664],[-72.14920637153944,-17.505773336608883],[-72.14920470303112,-17.50577699781543],[-72.149202971092,-17.505780628900656],[-72.14920117629178,-17.50578422871215],[-72.14919931922066,-17.505787796111946],[-72.1491974004911,-17.505791329971498],[-72.14919542073693,-17.505794829174512],[-72.14919338061239,-17.505798292618103],[-72.14919128079326,-17.505801719210982],[-72.14918912197484,-17.505805107876476],[-72.14918690487345,-17.50580845755076],[-72.1491846302254,-17.5058117671837],[-72.14918229878515,-17.505815035741822],[-72.14917991132852,-17.50581826220385],[-72.14917746864899,-17.505821445565296],[-72.14917497155912,-17.505824584837026],[-72.14917242088943,-17.50582767904635],[-72.14916981748875,-17.505830727236468],[-72.14916716222353,-17.50583372846741],[-72.1491644559769,-17.505836681817026],[-72.14916169964955,-17.505839586379565],[-72.14915889415758,-17.50584244126854],[-72.14915604043418,-17.505845245614342],[-72.1491531394276,-17.505847998566438],[-72.14915019210088,-17.50585069929343],[-72.14914719943225,-17.505853346982644],[-72.14914416241385,-17.505855940841045],[-72.14914108205171,-17.50585848009529],[-72.14913795936529,-17.505860963991907],[-72.14913479538654,-17.505863391797853],[-72.14913159115976,-17.50586576280065],[-72.14912834774086,-17.505868076308538],[-72.14912506619697,-17.505870331650858],[-72.14912174760636,-17.50587252817777],[-72.14911839305692,-17.50587466526116],[-72.1491150036458,-17.505876742294664],[-72.14911158048014,-17.50587875869304],[-72.14910812467446,-17.505880713893532],[-72.14910463735178,-17.505882607354955],[-72.14910111964181,-17.505884438558574],[-72.14909757268177,-17.50588620700733],[-72.1490939976134,-17.505887912227195],[-72.14909039558528,-17.50588955376572],[-72.14908676775026,-17.50589113119298],[-72.14908311526574,-17.50589264410136],[-72.14907943929124,-17.50589409210592],[-72.14907574099126,-17.505895474843342],[-72.1490720215315,-17.505896791972845],[-72.14906828207987,-17.505898043175577],[-72.14906452380485,-17.50589922815487],[-72.14906074787649,-17.50590034663552],[-72.14905695546332,-17.50590139836451],[-72.14905314773495,-17.505902383109756],[-72.14904932585941,-17.505903300660595],[-72.14904549100221,-17.50590415082767],[-72.1490416443279,-17.505904933442128],[-72.14903778699754,-17.505905648355796],[-72.14903392016971,-17.505906295440553],[-72.14903004499932,-17.50590687458835],[-72.14902616263669,-17.505907385710792],[-72.14902227422914,-17.505907828738575],[-72.14901838091744,-17.505908203621555],[-72.14901448383937,-17.50590851032798],[-72.14901058412582,-17.505908748844366],[-72.14900668290332,-17.505908919175134],[-72.14900278129164,-17.505909021342124],[-72.14899888040561,-17.505909055384322],[-72.14899498135252,-17.505909021357514],[-72.14899108523547,-17.505908919333788],[-72.14898719314974,-17.505908749401314],[-72.14898330618429,-17.50590851166404],[-72.14897942542319,-17.505908206241198],[-72.14897555194285,-17.505907833267162],[-72.14897168681433,-17.505907392891057],[-72.14896783110154,-17.505906885276545],[-72.14896398586406,-17.505906310601638],[-72.14896015215442,-17.505905669058343],[-72.14895633101912,-17.50590496085245],[-72.14895252350065,-17.505904186203725],[-72.14894873063518,-17.50590334534538],[-72.14894495345429,-17.50590243852415],[-72.1489411929842,-17.50590146600014],[-72.148937450247,-17.505900428046946],[-72.14893372626089,-17.50589932495167],[-72.1489300220386,-17.505898157014542],[-72.14892633859046,-17.505896924549724],[-72.14892267692169,-17.505895627884478],[-72.14891903803516,-17.505894267360247],[-72.14891542293022,-17.50589284333224],[-72.14891183260238,-17.50589135616943],[-72.14890826804469,-17.505889806255336],[-72.1489047302474,-17.505888193987893],[-72.14890122019737,-17.505886519779594],[-72.1488977388788,-17.505884784057926],[-72.14889428727383,-17.505882987265778],[-72.14889086636066,-17.50588112986118],[-72.14888747711574,-17.505879212318362],[-72.14888412051141,-17.50587723512703],[-72.14888079751758,-17.505875198793508],[-72.14887750910094,-17.505873103840802],[-72.14887425622447,-17.505870950808564],[-72.14887103984687,-17.50586874025323],[-72.14886786092426,-17.505866472749524],[-72.1488647204071,-17.505864148888833],[-72.14886161924125,-17.505861769280312],[-72.14885855836846,-17.505859334551932],[-72.14885553872422,-17.505856845349086],[-72.14885256123783,-17.505854302335294],[-72.14884962683318,-17.505851706193173],[-72.14884673642685,-17.505849057623532],[-72.14884389092752,-17.505846357345327],[-72.14884109123696,-17.50584360609691],[-72.14883833824776,-17.505840804634584],[-72.14883563284404,-17.505837953733742],[-72.1488329759004,-17.505835054188474],[-72.14883036828068,-17.50583210681042],[-72.14882781083938,-17.505829112431265],[-72.14882530441825,-17.505826071899254],[-72.14882284984822,-17.505822986081704],[-72.1488204479483,-17.505819855864754],[-72.14881809952335,-17.505816682150588],[-72.14881580536552,-17.505813465859877],[-72.14881356625268,-17.50581020793049],[-72.14881138294847,-17.505806909317652],[-72.14880925620048,-17.505803570992114],[-72.1488071867426,-17.505800193943895],[-72.1488051752899,-17.505796779174904],[-72.14880322254302,-17.505793327706623],[-72.14880132918421,-17.505789840573584],[-72.14879949587889,-17.505786318827024],[-72.1487977232734,-17.505782763530757],[-72.14879601199671,-17.505779175764733],[-72.14879436265826,-17.5057755566221],[-72.14879277584778,-17.505771907208192],[-72.14879125213584,-17.505768228642523],[-72.148789792073,-17.505764522057564],[-72.14878839618879,-17.50576078859608],[-72.14878706499195,-17.505757029412667],[-72.14878579897079,-17.505753245674875],[-72.14878459859113,-17.505749438557554],[-72.14878346429829,-17.505745609249786],[-72.14878239651433,-17.505741758946],[-72.14878139563974,-17.505737888852085],[-72.1487804620526,-17.505734000182763],[-72.14877959610769,-17.5057300941588],[-72.14877879813749,-17.505726172011006],[-72.14877806845071,-17.50572223497489],[-72.14877740733344,-17.50571828429525],[-72.1487768150476,-17.505714321219866],[-72.14877629183192,-17.50571034700437],[-72.14877583790127,-17.505706362908867],[-72.14877545344659,-17.50570237019726],[-72.14877513863479,-17.505698370137853],[-72.14877489360875,-17.50569436400244],[-72.14877471848727,-17.505690353067568],[-72.1487746133647,-17.505686338608818],[-72.14877457831113,-17.505682321906033],[-72.14877461337245,-17.505678304240583],[-72.14877471857005,-17.50567428689469],[-72.1487748939009,-17.50567027115018],[-72.1487751393377,-17.50566625828904],[-72.14877545482848,-17.505662249594636],[-72.14877584029702,-17.505658246347505],[-72.14877629564283,-17.505654249825383],[-72.14877682074066,-17.505650261308883],[-72.14877741544154,-17.50564628207009],[-72.14877807957161,-17.505642313383323],[-72.14877881293317,-17.50563835651665],[-72.14877961530453,-17.50563441273365],[-72.14878048643934,-17.505630483296923],[-72.14878142606791,-17.50562656946084],[-72.14878243389633,-17.505622672476107],[-72.14878350960726,-17.50561879358664],[-72.14878465285923,-17.505614934031502],[-72.1487858632877,-17.505611095041708],[-72.14878714050433,-17.505607277842525],[-72.148788484098,-17.50560348365005],[-72.14878989363433,-17.50559971367292],[-72.14879136865613,-17.50559596911105],[-72.14879290868319,-17.505592251156102],[-72.14879451321269,-17.505588560989963],[-72.14879618171989,-17.505584899784285],[-72.14879791365782,-17.505581268700155],[-72.14879970845709,-17.505577668889035],[-72.14880156552694,-17.505574101490403],[-72.14880348425548,-17.505570567631324],[-72.14880546400833,-17.505567068429382],[-72.14880750413181,-17.505563604986378],[-72.14880960394989,-17.505560178394152],[-72.14881176276704,-17.50555678972942],[-72.14881397986724,-17.505553440055902],[-72.14881625451461,-17.50555013042286],[-72.14881858595345,-17.50554686186568],[-72.14882097340883,-17.50554363540439],[-72.14882341608723,-17.50554045204347],[-72.14882591317607,-17.50553731277207],[-72.14882846384441,-17.505534218563533],[-72.14883106724422,-17.50553117037357],[-72.14883372250846,-17.5055281691429],[-72.14883642875405,-17.50552521579363],[-72.14883918508045,-17.505522311231235],[-72.14884199057114,-17.505519456342803],[-72.14884484429345,-17.505516651997322],[-72.14884774529928,-17.505513899045223],[-72.14885069262526,-17.505511198318196],[-72.14885368529312,-17.505508550628956],[-72.14885672231031,-17.50550595677089],[-72.14885980267161,-17.50550341751666],[-72.14886292535756,-17.50550093361976],[-72.14886608933543,-17.505498505813865],[-72.14886929356155,-17.505496134810937],[-72.14887253698014,-17.505493821302593],[-72.14887581852321,-17.50549156596021],[-72.14887913711331,-17.505489369433032],[-72.14888249166235,-17.505487232349314],[-72.14888588107283,-17.505485155315608],[-72.14888930423866,-17.50548313891653],[-72.14889276004372,-17.5054811837158],[-72.14889624736624,-17.50547929025392],[-72.1488997650761,-17.50547745904976],[-72.14890331203614,-17.505475690600445],[-72.14890688710464,-17.50547398537996],[-72.14891048913243,-17.505472343841063],[-72.14891411696783,-17.50547076641305],[-72.1489177694529,-17.505469253503925],[-72.14892144542728,-17.50546780549882],[-72.1489251437278,-17.505466422760634],[-72.14892886318772,-17.505465105630503],[-72.14893260264016,-17.505463854426957],[-72.14893636091557,-17.505462669447006],[-72.14894013684487,-17.505461550965496],[-72.14894392925879,-17.50546049923576],[-72.14894773698757,-17.505459514489868],[-72.14895155886438,-17.505458596938144],[-72.14895539372242,-17.505457746770286],[-72.14895924039779,-17.50545696415506],[-72.14896309772905,-17.505456249240677],[-72.14896696455806,-17.50545560215515],[-72.14897083972987,-17.50545502300654],[-72.14897472209341,-17.50545451188341],[-72.14897861050275,-17.50545406885483],[-72.14898250381555,-17.505453693971166],[-72.14898640089517,-17.505453387264055],[-72.14899030061005,-17.50545314874695],[-72.1489942018342,-17.505452978415533],[-72.14899810344724,-17.505452876247908],[-72.14900200433509,-17.505452842205056]]]]}},{"type":"Feature","properties":{"id":"street_beach2","group":null,"name":"Beach 2","settlement_id":"settlement_dimaeta","country_id":"country_stsutodo","district_id":null,"status":"active","surface":"paved","access":"public","bridge":null,"tunnel":null,"oneway":null,"route_id":null,"alt_name":null,"notes":null},"geometry":{"type":"MultiPolygon","coordinates":[[[[-72.31633160853404,-17.664562619934244],[-72.31632861169838,-17.664560172896326],[-72.31557816171268,-17.664057601939724],[-72.315574385385,-17.664055590728207],[-72.31463362809893,-17.663668821133157],[-72.31463194101694,-17.663668207230316],[-72.31245537853515,-17.662975799162023],[-72.31245255707647,-17.662975103777367],[-72.31039559445013,-17.662611107375383],[-72.31039328613643,-17.66261082565246],[-72.30848297889162,-17.66248187078032],[-72.30848056965057,-17.662481845632602],[-72.30585973030568,-17.662605492589304],[-72.30364525798365,-17.662709967807846],[-72.30364386885316,-17.662710080704485],[-72.30138589779166,-17.66297162301048],[-72.30138429966966,-17.662971874027093],[-72.29931987551394,-17.66338330406903],[-72.29931725694179,-17.663384022166444],[-72.29659418674585,-17.664347627790264],[-72.29659202962651,-17.66434855373322],[-72.29352669250149,-17.66591404590722],[-72.29352639909139,-17.665914199335354],[-72.28755441279336,-17.66911091441618],[-72.2875542685603,-17.669110992517446],[-72.25788825425315,-17.685361549023543],[-72.25788721193193,-17.685362169913223],[-72.25001743744096,-17.6904477183774],[-72.21703155093738,-17.704062389280704],[-72.18114041206097,-17.71822526660882],[-72.18100589735207,-17.7182749331313],[-72.18100560128043,-17.718275045388754],[-72.18087178559293,-17.718327123561686],[-72.18087149390753,-17.718327240014542],[-72.180738606903,-17.718381644228312],[-72.18073831964689,-17.718381764763254],[-72.18060640175412,-17.718438478466354],[-72.18060611896479,-17.718438602971357],[-72.18047521031748,-17.718497608909562],[-72.18047493202724,-17.71849773727419],[-72.18034507245228,-17.71855901749595],[-72.18034479868851,-17.718559149611366],[-72.18021602769336,-17.718622685473214],[-72.18021575847864,-17.718622821232433],[-72.18008811523987,-17.718688593404625],[-72.18008785059232,-17.7186887327027],[-72.17996137394323,-17.718756721175136],[-72.17996111387681,-17.718756863909185],[-72.17983584229574,-17.718827047997536],[-72.17983558682049,-17.718827194066897],[-72.1797115584193,-17.71889955241885],[-72.17971130754142,-17.718899701725178],[-72.17958856005365,-17.718974212326902],[-72.17958831377602,-17.718974364774304],[-72.17946688454559,-17.71905100495722],[-72.17946664286784,-17.719051160452246],[-72.17934656883756,-17.71912990689984],[-72.17934633175632,-17.719130065351635],[-72.17922764945673,-17.71921089410659],[-72.17922741696596,-17.71921105542683],[-72.17911016250417,-17.719293941898396],[-72.17910993459535,-17.719294106001428],[-72.17899414364402,-17.719379024972778],[-72.17899392030628,-17.719379191775595],[-72.17887962809303,-17.719466117411535],[-72.17887940931354,-17.719466286833796],[-72.17876665060969,-17.719555192688667],[-72.17876643637376,-17.719555364652685],[-72.17865524548442,-17.71964622367837],[-72.17865503577568,-17.719646398109198],[-72.17854544652873,-17.719739182663343],[-72.1785452413294,-17.71973935948869],[-72.17843728706563,-17.719834041343148],[-72.17843708635667,-17.719834220493308],[-72.17833079991932,-17.719930770842705],[-72.17833060368064,-17.719930952250724],[-72.17822601740562,-17.720029341721233],[-72.17822582561622,-17.72002952532266],[-72.17812297132217,-17.720129723980925],[-72.17812278396036,-17.720129909713936],[-72.178021692939,-17.720231887076203],[-72.17802150998249,-17.72023207488147],[-72.17792221298907,-17.720335799922804],[-72.1779220344152,-17.720335989743504],[-72.17782456165915,-17.720441430907318],[-72.17782438744499,-17.72044162268908],[-72.17772876858083,-17.720548747896654],[-72.17772859870328,-17.720548941587495],[-72.17763486282146,-17.72065771824774],[-72.17763469725747,-17.720657913798025],[-72.17754287287552,-17.720768308817508],[-72.1775427116022,-17.720768506179844],[-72.17745282665624,-17.72088048597269],[-72.17745266965088,-17.72088068510193],[-72.1773647514869,-17.720994215600154],[-72.17736459872722,-17.72099441645331],[-72.17727867409279,-17.72110946311714],[-72.17727852555691,-17.721109665653323],[-72.17719462059333,-17.72122619348178],[-72.17719447626007,-17.721226397662075],[-72.17711261649386,-17.72134437120347],[-72.17711247634261,-17.721344576990976],[-72.17703268667837,-17.721463960353823],[-72.17703255068935,-17.721464167713517],[-72.17695485540172,-17.721584924577442],[-72.17695472355594,-17.721585133476115],[-72.17687914628242,-17.721707227102858],[-72.17687901856182,-17.72170743750904],[-72.17680558229559,-17.721830830753603],[-72.17680545868316,-17.72183104263753],[-72.17673418576592,-17.7219556979596],[-72.17673406624576,-17.721955911293094],[-72.17666497836116,-17.72208179076835],[-72.17666486291837,-17.72208200552474],[-72.17659798108525,-17.722209070856515],[-72.1765978697063,-17.722209287010582],[-72.17653321427237,-17.722337499541318],[-72.17653310694492,-17.72233771706928],[-72.17647069758047,-17.722467037792438],[-72.17647059429355,-17.722467256671802],[-72.17641044998567,-17.722597646243706],[-72.17641035072961,-17.722597866453164],[-72.17635248977616,-17.722729285204974],[-72.17635239454277,-17.722729506724423],[-72.17629683454703,-17.722861914674173],[-72.1762967433296,-17.722862137484572],[-72.17624350119476,-17.722995494349338],[-72.17624341398805,-17.722995718432614],[-72.17619250591216,-17.723129983640785],[-72.17619242271257,-17.72313020897985],[-72.17614386418354,-17.723265341683497],[-72.17614378498895,-17.72326556826204],[-72.17609759077997,-17.723401527349274],[-72.17609751558996,-17.7234017551518],[-72.1760536997548,-17.723538499259305],[-72.17605362857057,-17.72353872827099],[-72.17601220443953,-17.72367621579673],[-72.176012137264,-17.723676446003363],[-72.17597311743965,-17.72381463511894],[-72.1759730542774,-17.72381486650685],[-72.17593645063093,-17.723953715170584],[-72.17593639148836,-17.72395394772649],[-72.17590221515576,-17.72409341369598],[-72.17590216004093,-17.724093647407035],[-72.17587042141984,-17.724233688252063],[-72.1758703703426,-17.72423392310569],[-72.17584107908891,-17.72437449622118],[-72.175841032061,-17.724374732204957],[-72.17581419708617,-17.724515794823887],[-72.17581415412097,-17.724516031925535],[-72.17578978358908,-17.724657541131904],[-72.17578974470189,-17.724657779339182],[-72.1757678460273,-17.724799692081202],[-72.1757678112352,-17.724799931381767],[-72.1757483910802,-17.72494220448486],[-72.17574836040215,-17.724942444866244],[-72.17573142467496,-17.72508503504617],[-72.1757313981317,-17.72508527649571],[-72.17571695198481,-17.725228140371772],[-72.17571692959886,-17.72522838287641],[-72.17570497742726,-17.72537147698464],[-72.1757049592231,-17.72537172053092],[-72.17569550466304,-17.725515001337325],[-72.17569549066675,-17.725515245911247],[-72.17568853659463,-17.72565866982506],[-72.17568852683428,-17.72565891541207],[-72.1756840753658,-17.725802438798908],[-72.1756840698712,-17.725802685383695],[-72.17568212236063,-17.725946264578944],[-72.17568212116329,-17.72594651214539],[-72.17568267820313,-17.726090103467516],[-72.17568268133637,-17.726090351998636],[-72.17568574275717,-17.72623391176232],[-72.17568575025606,-17.72623416124003],[-72.1756913151264,-17.726377645769624],[-72.17569132702765,-17.726377896174768],[-72.17569939365454,-17.726521261817492],[-72.17569940999644,-17.726521513129725],[-72.17570997592578,-17.72666471626895],[-72.17570999674837,-17.726664968466515],[-72.17572305876567,-17.726807965535095],[-72.17572308411049,-17.72680821859483],[-72.17573863824174,-17.72695096608824],[-72.17573866815181,-17.726951219985423],[-72.17575670966504,-17.727093674475157],[-72.17575674418485,-17.727093929183408],[-72.17577726759127,-17.727236047330024],[-72.1757773067667,-17.727236302821126],[-72.17580030582235,-17.727378041387585],[-72.17580034970068,-17.72737829763149],[-72.17582581740844,-17.727519613496113],[-72.17582586603805,-17.72751987046071],[-72.1758537946499,-17.72766072063056],[-72.1758538480804,-17.727660978281563],[-72.17588422909947,-17.727801319905307],[-72.1758842873815,-17.727801578206286],[-72.17591711156491,-17.727941368587253],[-72.17591717475015,-17.72794162749929],[-72.17595243211164,-17.728080824108687],[-72.17595250025252,-17.728081083590393],[-72.1759901800657,-17.72821964407987],[-72.1759902532154,-17.72821990408726],[-72.17603034401677,-17.728357786302148],[-72.17603042222912,-17.728358046788497],[-72.17607291182173,-17.728495208780416],[-72.176072995151,-17.728495469696114],[-72.17611787060814,-17.728631869735757],[-72.17611795910892,-17.728632131028252],[-72.17616520677792,-17.72876772761825],[-72.17616530050496,-17.728767989231848],[-72.17621490601155,-17.728902741119146],[-72.17621500501963,-17.72890300299502],[-72.17626695327216,-17.729036869183613],[-72.17626705761579,-17.729037131259563],[-72.17632133280989,-17.72917007102284],[-72.17632144254333,-17.729170333233288],[-72.17637802816661,-17.729302306126623],[-72.17641264894537,-17.729293155372797],[-72.17635611940096,-17.729161313296014],[-72.1763019512379,-17.729028635719068],[-72.17625010465287,-17.728895031550486],[-72.17620059550387,-17.72876054145091],[-72.17615343893783,-17.72862520635735],[-72.17610864938358,-17.728489067464903],[-72.17606624054862,-17.728352166217416],[-72.17602622541399,-17.7282145442922],[-72.1759886162306,-17.728076243589747],[-72.17595342451584,-17.7279373062202],[-72.17592066104865,-17.727797774488074],[-72.17589033586745,-17.72765769088246],[-72.17586245826625,-17.727517098062222],[-72.17583703679215,-17.72737603884366],[-72.17581407924229,-17.72723455618653],[-72.17579359266149,-17.727092693180868],[-72.17577558334025,-17.72695049303444],[-72.17576005681278,-17.726807999060796],[-72.17574701785473,-17.726665254661036],[-72.17573647048245,-17.72652230331664],[-72.17572841795123,-17.72637918857275],[-72.17572286275433,-17.726235954024034],[-72.17571980662235,-17.72609264330362],[-72.17571925052259,-17.725949300069445],[-72.17572119465873,-17.72580596798811],[-72.17572563847062,-17.725662690724995],[-72.1757325806348,-17.725519511929413],[-72.17574201906443,-17.72537647522055],[-72.17575395091022,-17.725233624174976],[-72.17576837256138,-17.725091002312283],[-72.17578527964635,-17.72494865308345],[-72.17580466703423,-17.724806619857482],[-72.17582652883682,-17.72466494590427],[-72.17585085840976,-17.72452367438716],[-72.17587764835488,-17.7243828483453],[-72.17590689052268,-17.72424251068187],[-72.17593857601399,-17.72410270415287],[-72.17597269518402,-17.723963471349393],[-72.17600923764381,-17.72382485469036],[-72.17604819226504,-17.723686896403464],[-72.17608954718158,-17.723549638518527],[-72.176133289795,-17.72341312284872],[-72.17617940677687,-17.72327739098245],[-72.1762278840738,-17.723142484267658],[-72.17627870691179,-17.723008443799337],[-72.17633185979939,-17.72287531041052],[-72.17638732653475,-17.722743124653757],[-72.17644509020853,-17.722611926793874],[-72.17650513320982,-17.72248175679372],[-72.17656743723222,-17.722352654300558],[-72.17663198327803,-17.72222465863701],[-72.1766987516655,-17.722097808786028],[-72.17676772203401,-17.721972143380473],[-72.17683887335043,-17.72184770069143],[-72.17691218391592,-17.721724518615606],[-72.17698763137206,-17.72160263466456],[-72.17706519270823,-17.72148208595264],[-72.17714484426871,-17.721362909185398],[-72.17722656175914,-17.721245140649533],[-72.17731032025517,-17.721128816200054],[-72.17739609420865,-17.721013971251676],[-72.17748385745769,-17.72090064076428],[-72.17757358323178,-17.72078885923687],[-72.17766524416324,-17.7206786606923],[-72.17775881229262,-17.72057007867092],[-72.1778542590795,-17.720463146217554],[-72.17795155541079,-17.720357895872027],[-72.17805067160835,-17.720254359660483],[-72.17815157744032,-17.7201525690836],[-72.17825424212916,-17.72005255510803],[-72.17835863436072,-17.71995434815739],[-72.17846472229525,-17.719857978101714],[-72.1785724735762,-17.719763474249213],[-72.1786818553409,-17.71967086533678],[-72.17879283423017,-17.71958017952166],[-72.1789053763991,-17.71949144437243],[-72.17901944752668,-17.719404686861292],[-72.17913501282806,-17.719319933354644],[-72.17925203706415,-17.719237209605723],[-72.17937048455198,-17.719156540747502],[-72.17949031917749,-17.71907795128346],[-72.17961150440497,-17.719001465081675],[-72.17973400329078,-17.718927105365815],[-72.17985777849098,-17.71885489471057],[-72.17998279227722,-17.718784855032244],[-72.18010900654632,-17.7187170075834],[-72.18023638283064,-17.718651372947274],[-72.18036488231354,-17.71858797102964],[-72.18049446583913,-17.718526821054127],[-72.18062509392435,-17.718467941556597],[-72.1807567267724,-17.71841135037872],[-72.18088932428476,-17.718357064663458],[-72.18102284607201,-17.718305100850017],[-72.1811574010013,-17.71825541945692],[-72.18115777666489,-17.718255276007],[-72.2170492317036,-17.70409226848584],[-72.21704949255539,-17.704092163196975],[-72.25003697834136,-17.690476827211675],[-72.2500397489972,-17.690475380259578],[-72.25791031492476,-17.685389318902196],[-72.28757571898915,-17.669139091776184],[-72.29354748659392,-17.66594249277585],[-72.29661163898709,-17.66437760515483],[-72.29933231927447,-17.663414844834193],[-72.30139460481611,-17.66300384070272],[-72.30365107767874,-17.66274247159415],[-72.30586485088217,-17.66263802901719],[-72.3084844915673,-17.662514438209584],[-72.31039243061977,-17.662643232910145],[-72.31244681106861,-17.663006772031064],[-72.3146211278671,-17.66369846532139],[-72.31555905271541,-17.66408407026788],[-72.31630609523627,-17.66458435914687],[-72.31966025249781,-17.667913391092515],[-72.31968712824114,-17.667893004571212],[-72.31633160853404,-17.664562619934244]]]]}},{"type":"Feature","properties":{"id":"street_decircla1","group":null,"name":"","settlement_id":"settlement_dimaeta","country_id":"country_stsutodo","district_id":null,"status":"active","surface":"paved","access":"public","bridge":null,"tunnel":null,"oneway":null,"route_id":null,"alt_name":null,"notes":null},"geometry":{"type":"MultiPolygon","coordinates":[[[[-72.43112029338013,-22.130281774445425],[-72.43111991110322,-22.1302817744419],[-72.43111564552726,-22.130281811666688],[-72.43111526575241,-22.13028181829202],[-72.43111100147581,-22.130281929955697],[-72.43111062441234,-22.13028194311926],[-72.43110636273398,-22.130282129187833],[-72.4311059885817,-22.1302821487924],[-72.43110173079974,-22.130282409209155],[-72.43110135974901,-22.13028243515152],[-72.43109710716043,-22.13028276983717],[-72.43109673939212,-22.13028280200858],[-72.4310924932923,-22.13028321086117],[-72.43109212897768,-22.130283249147944],[-72.43108789066001,-22.130283732042923],[-72.4310875299604,-22.130283776326927],[-72.43108330071587,-22.13028433311718],[-72.43108294378267,-22.13028438327648],[-72.4310787248996,-22.130285013792456],[-72.43107837187465,-22.130285069701618],[-72.43107416463819,-22.13028577375121],[-72.43107381565315,-22.13028583528213],[-72.43106962134478,-22.130286612650934],[-72.431069276522,-22.130286679673052],[-72.43106509641942,-22.130287530124246],[-72.43106475587169,-22.130287602505213],[-72.43106059124817,-22.130288525779715],[-72.43106025507855,-22.130288603385836],[-72.43105610720268,-22.130289599202435],[-72.43105577550544,-22.130289681899065],[-72.43105164564071,-22.1302907499544],[-72.43105131850108,-22.13029083760638],[-72.43104720790544,-22.13029197757515],[-72.4310468854,-22.130292070047258],[-72.43104279532557,-22.13029328158218],[-72.43104247752225,-22.130293378739562],[-72.43103840921499,-22.130294661471623],[-72.43103809617409,-22.130294763179904],[-72.43103405087318,-22.13029611671835],[-72.43103374264678,-22.130296222844326],[-72.43102972158447,-22.130297646776878],[-72.43102941821745,-22.130297757188544],[-72.43102542261865,-22.13029925108143],[-72.43102512414853,-22.130299365648476],[-72.43102115523028,-22.130300929046648],[-72.43102086168807,-22.13030104764053],[-72.43101692065932,-22.130302680067764],[-72.43101663206934,-22.130302802562067],[-72.43101272013067,-22.130304503521124],[-72.43101243651151,-22.130304629791645],[-72.43100855485439,-22.130306398764397],[-72.43100827621845,-22.13030652868964],[-72.43100442602537,-22.130308365137214],[-72.43100415238005,-22.13030849859811],[-72.43100033482378,-22.130310401961133],[-72.43100006617117,-22.130310538841695],[-72.43099628241458,-22.130312508540396],[-72.43099601875248,-22.130312648727255],[-72.43099226994815,-22.13031468416163],[-72.43099201126954,-22.13031482754478],[-72.43098829855938,-22.130316928094828],[-72.43098804485378,-22.130317074567127],[-72.43098436936872,-22.13031923959293],[-72.43098412062125,-22.130319389050854],[-72.43098048348087,-22.130321617893003],[-72.43098023967396,-22.13032177023585],[-72.43097664198619,-22.130324062215394],[-72.43097640309885,-22.130324217346065],[-72.43097284595954,-22.13032657176485],[-72.43097261196797,-22.130326729589633],[-72.43096909646077,-22.13032914573047],[-72.43096886733913,-22.130329306158675],[-72.43096539453477,-22.13033178328558],[-72.43096517025444,-22.130331946230353],[-72.43096174121081,-22.130334483588804],[-72.4309615217417,-22.130334648966272],[-72.4309581375033,-22.130337245783323],[-72.43095792281328,-22.130337413513253],[-72.43095458441108,-22.130340068997878],[-72.43095437446685,-22.13034023900309],[-72.43095108291764,-22.130342952346464],[-72.43095087768458,-22.130343124553256],[-72.43094763399105,-22.13034589492883],[-72.43094743343339,-22.13034606926678],[-72.43094423858362,-22.13034889583067],[-72.43094404266523,-22.130349072232306],[-72.4309408976324,-22.130351954123512],[-72.43094070631628,-22.130352132524663],[-72.43093761205833,-22.130355068865327],[-72.4309374253068,-22.13035524920522],[-72.4309343827664,-22.13035823910095],[-72.43093420054248,-22.13035842132099],[-72.43093121064626,-22.130361463860982],[-72.43093103291191,-22.130361647906486],[-72.43092809657071,-22.130364742163962],[-72.43092792328852,-22.130364927982587],[-72.43092504139682,-22.13036807301502],[-72.43092487252972,-22.130368260557276],[-72.43092204596525,-22.130371455406678],[-72.43092188147622,-22.130371644626067],[-72.43091911110011,-22.130374888319217],[-72.4309189509531,-22.130375079171458],[-72.43091623760911,-22.13037837072031],[-72.43091608176826,-22.1303785631643],[-72.43091342628303,-22.130381901566246],[-72.43091327471375,-22.13038209556271],[-72.43091067789607,-22.130385479800772],[-72.43091053056425,-22.130385675313413],[-72.43090799320518,-22.130389104356777],[-72.43090785007793,-22.130389301351357],[-72.43090537295035,-22.130392774155506],[-72.43090523399586,-22.1303929726],[-72.43090281785433,-22.130396488107046],[-72.43090268304182,-22.130396687971817],[-72.43090032862233,-22.13040024511093],[-72.43090019792255,-22.130400446368064],[-72.43089790594229,-22.130404044055666],[-72.43089777932688,-22.13040424667982],[-72.43089555048404,-22.130407883820066],[-72.43089542792664,-22.13040808778713],[-72.43089326290007,-22.130411763272107],[-72.4308931443753,-22.130411968560388],[-72.43089104382456,-22.130415681270506],[-72.43089092930892,-22.130415887859662],[-72.43088889387381,-22.13041963666395],[-72.43088878334528,-22.13041984453552],[-72.43088681364581,-22.1304236282921],[-72.43088670708403,-22.13042383742916],[-72.43088480372016,-22.130427654985493],[-72.43088470110648,-22.130427865372685],[-72.43088286465807,-22.130431715565827],[-72.4308827659757,-22.130431927188994],[-72.43088099700209,-22.130435808846173],[-72.43088090223587,-22.13043602169285],[-72.43087920127599,-22.130439933631703],[-72.4308791104128,-22.130440147690333],[-72.43087747798474,-22.13044408871922],[-72.43087739101331,-22.130444303979626],[-72.43087582761427,-22.130448272898075],[-72.4308757445252,-22.13044848935133],[-72.43087425063148,-22.13045248495034],[-72.43087417141747,-22.130452702588002],[-72.43087274748409,-22.130456723650514],[-72.4308726721397,-22.13045694246577],[-72.4308713186004,-22.130460987766938],[-72.43087124712235,-22.13046120775327],[-72.43086996438943,-22.130465276060832],[-72.43086989677646,-22.130465497212775],[-72.43086868524061,-22.13046958728749],[-72.43086862149347,-22.130469809600417],[-72.43086748152385,-22.1304739201964],[-72.43086742164554,-22.130474143665776],[-72.43086635358932,-22.13047827353089],[-72.43086629758488,-22.130478498153447],[-72.43086530176741,-22.130482646029737],[-72.43086524964416,-22.130482871801895],[-72.43086432636878,-22.130487036425844],[-72.43086427813604,-22.130487263345003],[-72.43086342768403,-22.130491443448054],[-72.43086338335353,-22.130491671511393],[-72.43086260598385,-22.13049586582023],[-72.43086256556936,-22.130496095025748],[-72.4308618615189,-22.1305003022627],[-72.43086182503653,-22.130500532607794],[-72.4308611945197,-22.130504751491358],[-72.43086116198772,-22.13050498297403],[-72.4308606051966,-22.1305092122191],[-72.43086057663567,-22.13050944483688],[-72.43086009373981,-22.130513683155122],[-72.43086006917264,-22.130513916905592],[-72.43085966031921,-22.13051816300601],[-72.43085963977092,-22.130518397886615],[-72.43085930508448,-22.13052265047581],[-72.43085928858243,-22.13052288648308],[-72.43085902816482,-22.13052714426566],[-72.4308590157386,-22.130527381396416],[-72.43085882966923,-22.130531643075418],[-72.43085882135075,-22.130531881325528],[-72.43085870968629,-22.13053614560283],[-72.43085870550965,-22.130536384967257],[-72.43085866828405,-22.130540650543896],[-72.43085866828564,-22.13054089101766],[-72.43085870551035,-22.130545156594305],[-72.43085870972874,-22.13054539817056],[-72.43085882139233,-22.13054966244788],[-72.43085882986841,-22.130549905119555],[-72.4308590159369,-22.130554166798564],[-72.43085902871361,-22.130554410557085],[-72.43085928913032,-22.13055866833968],[-72.43085930625288,-22.130558913175506],[-72.43085964093846,-22.130563165764723],[-72.43085966245422,-22.130563411666845],[-72.43086007130677,-22.130567657767322],[-72.43086009726505,-22.130567904723236],[-72.43086058016003,-22.130572143041515],[-72.43086061061236,-22.13057239103712],[-72.43086116740261,-22.13057662028224],[-72.43086120240245,-22.130576869302054],[-72.43086183291845,-22.130581088185657],[-72.43086187252119,-22.130581338211805],[-72.43086257657082,-22.130585545448824],[-72.43086262083382,-22.130585796462046],[-72.43086339820265,-22.130589990770943],[-72.43086344718493,-22.130590242749182],[-72.43086429763616,-22.1305944228523],[-72.43086435139872,-22.13059467577196],[-72.43086527467327,-22.130598840395983],[-72.43086533327849,-22.130599094230398],[-72.43086632909515,-22.13060324210677],[-72.43086639260714,-22.130603496827252],[-72.43086746066257,-22.130607626692477],[-72.4308675291467,-22.130607882267043],[-72.43086866911551,-22.130611992863148],[-72.4308687426388,-22.1306122492579],[-72.43086995417383,-22.130616339332725],[-72.43087003280405,-22.13061659650959],[-72.4308713155362,-22.130620664817283],[-72.43087139934254,-22.130620922735915],[-72.43087275288109,-22.130624968037168],[-72.43087284193345,-22.13062522665356],[-72.43087426586614,-22.130629247716204],[-72.43087436023512,-22.13062950698256],[-72.43087585412815,-22.130633502581734],[-72.43087595388498,-22.130633762447143],[-72.43087751728326,-22.130637731365724],[-72.43087762249964,-22.13063799177555],[-72.43087925492706,-22.130641932804576],[-72.43087936567449,-22.130642193699533],[-72.4308810666337,-22.13064610563851],[-72.43088118298384,-22.130646366955744],[-72.43088295195672,-22.130650248613087],[-72.43088307398104,-22.1306505102858],[-72.43088491042884,-22.130654360479113],[-72.43088503819786,-22.130654622435298],[-72.43088694156108,-22.13065843999176],[-72.4308870751447,-22.130658702155365],[-72.43088904484357,-22.13066248591209],[-72.43088918431056,-22.130662748202564],[-72.43089121974512,-22.13066649700705],[-72.4308913651628,-22.130666759338734],[-72.43089346571301,-22.130670472049008],[-72.43089361714689,-22.130670734331687],[-72.43089578217294,-22.130674409816827],[-72.43089593968645,-22.130674671954893],[-72.43089816852884,-22.13067830909534],[-72.43089833218296,-22.13067857098847],[-72.43090062416277,-22.130682168676255],[-72.43090079401574,-22.130682430218744],[-72.43090314843475,-22.130685987358003],[-72.43090332454149,-22.130686248439],[-72.43090574068259,-22.130689763946243],[-72.4309059230946,-22.13069002444971],[-72.43090840022177,-22.130693497254057],[-72.43090858898653,-22.1306937570587],[-72.43091112634525,-22.130697186102275],[-72.43091132150563,-22.130697445081196],[-72.43091391832291,-22.13070082931945],[-72.43091411991712,-22.130701087340796],[-72.43091677540204,-22.130704425742934],[-72.43091698346323,-22.13070468266976],[-72.43091969680688,-22.130707974218797],[-72.43091991136184,-22.130708229908276],[-72.4309226817377,-22.13071147360161],[-72.43092290280796,-22.130711727906814],[-72.43092572937215,-22.130714922756397],[-72.43092595697183,-22.13071517552454],[-72.43092883886335,-22.130718320557182],[-72.43092907299992,-22.130718571631164],[-72.43093200934088,-22.130721665888835],[-72.43093225001456,-22.13072191510714],[-72.43093523991062,-22.130724957647324],[-72.43093548711286,-22.130725204843113],[-72.43093852965315,-22.13072819473901],[-72.43093878336818,-22.13072843974252],[-72.43094187762601,-22.13073137608337],[-72.43094213782823,-22.130731618719782],[-72.430945282861,-22.1307345006112],[-72.43094554951648,-22.130734740702955],[-72.43094874436615,-22.130737567267026],[-72.43094901743112,-22.13073780463306],[-72.43095226112459,-22.1307405750088],[-72.43095254054516,-22.130740809464925],[-72.43095583209433,-22.130743522808487],[-72.4309561178068,-22.13074375416851],[-72.43095945620907,-22.130746409653334],[-72.43095974813913,-22.13074663772893],[-72.43096313237751,-22.130749234546155],[-72.43096343043999,-22.130749459147367],[-72.43096685948368,-22.130751996505968],[-72.43096716358261,-22.130752217442023],[-72.43097063638706,-22.130754694569116],[-72.4309709464154,-22.130754911648747],[-72.43097446192274,-22.13075732778977],[-72.43097477776216,-22.130757540821794],[-72.43097833490157,-22.130759895240757],[-72.43097865642243,-22.13076010403475],[-72.43098225411036,-22.13076239601443],[-72.43098258117163,-22.130762600381125],[-72.4309862183122,-22.130764829223445],[-72.43098655076179,-22.13076502897568],[-72.43099022624706,-22.130767194001674],[-72.43099056392171,-22.130767388954823],[-72.4309942766321,-22.130769489504974],[-72.43099461935732,-22.130769679477506],[-72.43099836816194,-22.13077171491203],[-72.43099871575272,-22.130771899726426],[-72.43100249950957,-22.130773869425248],[-72.43100285177029,-22.13077404890838],[-72.43100666932689,-22.13077595227153],[-72.43100702605159,-22.130776126255395],[-72.43101087624503,-22.13077796270312],[-72.4310112372184,-22.130778131025618],[-72.43101511887588,-22.130779899998505],[-72.4310154838731,-22.130780062503835],[-72.43101939581216,-22.13078176346302],[-72.43101976459988,-22.130781920002477],[-72.43102370562902,-22.130783552429843],[-72.4310240779652,-22.130783702862043],[-72.43102804688388,-22.130785266260336],[-72.43102842251949,-22.130785410452212],[-72.43103241811878,-22.130786904345197],[-72.4310327967978,-22.130787042172223],[-72.43103681786054,-22.130788466104832],[-72.43103719932022,-22.130788597451318],[-72.43104124462158,-22.13078995098988],[-72.43104162859497,-22.13079007575005],[-72.43104569690276,-22.130791358482195],[-72.43104608311725,-22.130791476559725],[-72.43105017319213,-22.130792688094722],[-72.43105056137179,-22.130792799403594],[-72.43105467196798,-22.130793939372445],[-72.43105506183389,-22.130794043837106],[-72.43105919169916,-22.130795111892528],[-72.43105958297038,-22.130795209448056],[-72.43106373084684,-22.13079620526472],[-72.43106412324128,-22.130796295857003],[-72.43106828786543,-22.13079721913157],[-72.43106868110036,-22.130797302717358],[-72.4310728612035,-22.130798153168573],[-72.43107325499689,-22.130798229715626],[-72.43107744930583,-22.130799007084498],[-72.4310778433775,-22.13079907657155],[-72.43108205061455,-22.130799780621203],[-72.43108244468576,-22.130799843037742],[-72.43108666356943,-22.13080047355376],[-72.43108705736455,-22.130800528900053],[-72.43109128660964,-22.130801085690408],[-72.43109167985772,-22.130801133977414],[-72.431095918176,-22.130801616872446],[-72.43109631060969,-22.130801658121314],[-72.43110055671013,-22.130802066973914],[-72.43110094806758,-22.130802101215874],[-72.43110520065684,-22.130802435901533],[-72.43110559068226,-22.130802463177577],[-72.43110984846486,-22.130802723594364],[-72.43111023690915,-22.130802743954824],[-72.43111449858813,-22.13080293002343],[-72.43111488520904,-22.13080294352765],[-72.43111914948626,-22.130803055191357],[-72.43111953404927,-22.130803061907205],[-72.43112379962588,-22.130803099131985],[-72.43112418190438,-22.13080309913543],[-72.43112844748094,-22.130803061909997],[-72.4311288272573,-22.130803055284574],[-72.43113309153452,-22.13080294362021],[-72.43113346859964,-22.130802930456564],[-72.43113773027855,-22.130802744387307],[-72.43113810443266,-22.130802724782573],[-72.43114236221516,-22.1308024643651],[-72.43114273326728,-22.13080243842256],[-72.43114698585637,-22.13080210373623],[-72.43114735362619,-22.13080207156463],[-72.43115159972648,-22.130801662711335],[-72.43115196404241,-22.13080162442438],[-72.43115620236057,-22.130801141528725],[-72.43115656306179,-22.130801097244447],[-72.4311607923067,-22.130800540453468],[-72.43116114924115,-22.130800490293968],[-72.43116536812457,-22.130799859777298],[-72.43116572115088,-22.130799803867873],[-72.43116992838772,-22.130799099817576],[-72.431170277374,-22.130799038286398],[-72.4311744716826,-22.130798260916926],[-72.43117481650658,-22.13079819389453],[-72.43117899660948,-22.130797343442662],[-72.4311793371584,-22.130797271061383],[-72.43118350178217,-22.13079634778621],[-72.43118383795287,-22.13079627017977],[-72.43118798582896,-22.130795274362523],[-72.4311883175271,-22.130795191665598],[-72.43119244739205,-22.130794123609615],[-72.43119277453269,-22.130794035957294],[-72.43119688512849,-22.13079289598788],[-72.4311972076348,-22.130792803515472],[-72.43120129770926,-22.130791591979925],[-72.43120161551332,-22.130791494822287],[-72.4312056838206,-22.130790212089643],[-72.43120599686237,-22.13079011038102],[-72.43121004216327,-22.130788756841955],[-72.43121035039043,-22.130788650715687],[-72.43121437145271,-22.13078722678252],[-72.43121467482038,-22.13078711637057],[-72.43121867041911,-22.130785622477106],[-72.4312189688897,-22.130785507909813],[-72.43122293780786,-22.13078394451109],[-72.43122323135066,-22.13078382591692],[-72.43122717237927,-22.130782193489107],[-72.43122746096957,-22.13078207099463],[-72.43123137290813,-22.130780370035026],[-72.43123165652783,-22.130780243764242],[-72.4312355381847,-22.130778474790954],[-72.43123581682089,-22.130778344865572],[-72.43123966701374,-22.130776508417465],[-72.43123994065938,-22.13077637495634],[-72.43124375821537,-22.130774471592822],[-72.43124402686803,-22.130774334712193],[-72.43124781062431,-22.130772365013033],[-72.43124807428663,-22.130772224826032],[-72.4312518230906,-22.13077018939122],[-72.43125208176929,-22.13077004600796],[-72.43125579447904,-22.1307679454575],[-72.43125604818482,-22.130767798985055],[-72.43125972366947,-22.1307656339588],[-72.43125997241688,-22.13076548450089],[-72.43126360955678,-22.130763255658337],[-72.43126385336366,-22.13076310331548],[-72.43126745105094,-22.130760811335577],[-72.43126768993822,-22.1307606562049],[-72.43127124707699,-22.13075830178578],[-72.4312714810684,-22.13075814396103],[-72.4312749965751,-22.13075572781985],[-72.43127522569658,-22.130755567391713],[-72.43127869850035,-22.130753090264506],[-72.43127892278045,-22.13075292731984],[-72.43128235182346,-22.130750389961122],[-72.4312825712924,-22.130750224583764],[-72.4312859555301,-22.130747627766457],[-72.43128617021985,-22.130747460036705],[-72.43128950862142,-22.1307448045518],[-72.43128971856537,-22.130744634546755],[-72.43129301011389,-22.130741921203178],[-72.43129321534668,-22.130741748996563],[-72.43129645903946,-22.130738978620816],[-72.4312966595967,-22.13073880428317],[-72.43129985444573,-22.130735977719098],[-72.43130005036379,-22.130735801317698],[-72.43130319539588,-22.130732919426322],[-72.43130338671169,-22.13073274102543],[-72.43130648096879,-22.130729804684638],[-72.43130666771978,-22.13072962434519],[-72.4313097102594,-22.130726634449374],[-72.43130989248296,-22.130726452229627],[-72.43131288237831,-22.130723409689544],[-72.43131306011232,-22.130723225644378],[-72.43131599645261,-22.13072013138682],[-72.43131616973427,-22.130719945568696],[-72.43131905162512,-22.13071680053621],[-72.43131922049182,-22.13071661299439],[-72.43132204705533,-22.130713418145003],[-72.4313222115439,-22.13071322892608],[-72.43132498191909,-22.130709985232972],[-72.43132514206575,-22.130709794381087],[-72.43132785540874,-22.13070650283226],[-72.43132801124906,-22.130706310388874],[-72.43133066673334,-22.130702971987013],[-72.43133081830223,-22.130702777990994],[-72.4313334151189,-22.130699393753016],[-72.43133356245029,-22.130699198240862],[-72.43133609980835,-22.130695769197597],[-72.43133624293507,-22.1306955722037],[-72.43133872006166,-22.130692099399727],[-72.43133885901587,-22.13069190095557],[-72.43134127515633,-22.130688385448654],[-72.43134140996828,-22.13068818558462],[-72.43134376438672,-22.130684628445685],[-72.43134389508613,-22.130684427189067],[-72.43134618706534,-22.130680829501664],[-72.4313463136803,-22.13068062687813],[-72.4313485425221,-22.13067698973811],[-72.43134866507914,-22.13067678577158],[-72.43135083010463,-22.130673110286864],[-72.43135094862892,-22.130672904999248],[-72.4313530491786,-22.130669192289428],[-72.43135316369386,-22.130668985700833],[-72.43135519912789,-22.13066523689683],[-72.43135530965608,-22.1306650290258],[-72.43135727935446,-22.130661245269525],[-72.43135738591587,-22.130661036133084],[-72.43135928927857,-22.130657218577127],[-72.43135939189193,-22.130657008190553],[-72.43136122833923,-22.13065315799777],[-72.43136132702135,-22.13065294637509],[-72.43136309599377,-22.130649064718313],[-72.43136319075965,-22.130648851872323],[-72.43136489171843,-22.130644939933855],[-72.43136498258129,-22.130644725875847],[-72.43136661500826,-22.130640784847408],[-72.43136670197946,-22.130640569587428],[-72.43136826537737,-22.13063660066942],[-72.43136834846612,-22.130636384216853],[-72.43136984235872,-22.130632388618313],[-72.43136992157247,-22.130632170981173],[-72.43137134550476,-22.130628149919126],[-72.43137142084889,-22.130627931104424],[-72.4313727743871,-22.13062388580377],[-72.43137284586494,-22.130623665817865],[-72.43137412859676,-22.13061959751078],[-72.4313741962095,-22.130619376359437],[-72.43137540774421,-22.1306152862853],[-72.43137547149121,-22.130615063972762],[-72.43137661145971,-22.130610953377328],[-72.4313766713378,-22.13061072990847],[-72.43137773939297,-22.130606600043933],[-72.43137779539725,-22.130606375421785],[-72.4313787912136,-22.130602227546074],[-72.43137884333672,-22.13060200177441],[-72.43137976661102,-22.1305978371511],[-72.43137981484365,-22.130597610232183],[-72.43138066529458,-22.130593430129775],[-72.43138070962497,-22.130593202066805],[-72.43138148699356,-22.130589007758623],[-72.43138152740795,-22.1305887785535],[-72.43138223145736,-22.13058457131717],[-72.43138226793964,-22.13058434097229],[-72.43138289845544,-22.13058012208938],[-72.4313829309873,-22.1305798906071],[-72.43138348777742,-22.13057566136274],[-72.43138351633829,-22.130575428745185],[-72.43138399923313,-22.13057119042762],[-72.43138402380025,-22.130570956677207],[-72.43138443265265,-22.13056671057748],[-72.43138445320086,-22.130566475697197],[-72.43138478788636,-22.13056222310871],[-72.43138480438834,-22.130561987101554],[-72.43138506480499,-22.130557729319666],[-72.43138507723114,-22.130557492189006],[-72.43138526329959,-22.130553230510728],[-72.43138527161801,-22.130552992260817],[-72.4313853832816,-22.130548727984248],[-72.43138538745816,-22.130548488619688],[-72.43138542468286,-22.130544223043785],[-72.43138542468121,-22.130543982570092],[-72.43138538745565,-22.13053971699422],[-72.43138538323717,-22.130539475417873],[-72.4313852715727,-22.130535211141325],[-72.4313852630966,-22.130534968469664],[-72.4313850770273,-22.130530706791415],[-72.43138506425053,-22.13053046303268],[-72.431384803833,-22.130526205250845],[-72.43138478671035,-22.130525960414783],[-72.43138445202395,-22.130521707826365],[-72.43138443050816,-22.1305214619242],[-72.43138402165485,-22.130517215824522],[-72.43138399569649,-22.130516968868374],[-72.43138351280079,-22.130512730550873],[-72.4313834823484,-22.13051248255485],[-72.4313829255574,-22.1305082533105],[-72.43138289055749,-22.130508004290558],[-72.43138226004083,-22.130503785407733],[-72.43138222043798,-22.13050353538118],[-72.43138151638773,-22.130499328144932],[-72.4313814721246,-22.13049907713117],[-72.43138069475508,-22.130494882823058],[-72.43138064577268,-22.130494630844645],[-72.43137979532092,-22.130490450742297],[-72.4313797415582,-22.13049019782211],[-72.43137881828308,-22.13048603319883],[-72.4313787596777,-22.130485779363976],[-72.43137776386054,-22.130481631488344],[-72.43137770034836,-22.13048137676726],[-72.43137663229243,-22.13047724690281],[-72.43137656380803,-22.13047699132755],[-72.43137542383873,-22.130472880732242],[-72.43137535031528,-22.130472624337052],[-72.43137413877979,-22.13046853426299],[-72.43137406014937,-22.130468277085516],[-72.4313727774168,-22.130464208778594],[-72.43137269361021,-22.130463950859255],[-72.43137134007128,-22.13045990555874],[-72.43137125101866,-22.130459646941773],[-72.43136982708567,-22.130455625879847],[-72.43136973271638,-22.130455366612672],[-72.43136823882301,-22.13045137101424],[-72.43136813906584,-22.130451111148012],[-72.43136657566727,-22.130447142230164],[-72.43136647045058,-22.130446881819623],[-72.43136483802292,-22.130442940791326],[-72.43136472727517,-22.13044267989565],[-72.4313630263157,-22.13043876795735],[-72.43136290996515,-22.130438506639223],[-72.43136114099208,-22.130434624982573],[-72.43136101896741,-22.13043436330916],[-72.4313591825195,-22.130430513116533],[-72.43135905475002,-22.130430251159453],[-72.43135715138668,-22.130426433603645],[-72.43135701780267,-22.130426171439247],[-72.4313550481037,-22.130422387683133],[-72.43135490863617,-22.130422125391696],[-72.43135287320156,-22.13041837658787],[-72.43135272778345,-22.130418114255342],[-72.43135062723323,-22.130414401545703],[-72.4313504757988,-22.130414139262147],[-72.43134831077279,-22.130410463777604],[-72.43134815325874,-22.130410201638654],[-72.43134592441645,-22.130406564498816],[-72.43134576076174,-22.13040630260487],[-72.43134346878207,-22.13040270491762],[-72.43134329892851,-22.13040244337422],[-72.43134094450963,-22.1303988862355],[-72.43134076840228,-22.130398625153642],[-72.43133835226138,-22.130395109646965],[-72.43133816984873,-22.130394849142572],[-72.43133569272179,-22.13039137633876],[-72.43133550395645,-22.130391116533325],[-72.43133296659798,-22.130387687490263],[-72.43133277143698,-22.130387428510492],[-72.43133017461996,-22.130384044272688],[-72.43132997302507,-22.13038378625046],[-72.4313273175405,-22.1303804478488],[-72.43132710947876,-22.13038019092132],[-72.43132439613548,-22.130376899372692],[-72.43132418157971,-22.13037664368228],[-72.43132141120424,-22.130373399989324],[-72.43132119013333,-22.13037314568339],[-72.43131836356953,-22.130369950834204],[-72.4313181359694,-22.13036969806555],[-72.43131525407838,-22.13036655303324],[-72.43131501994101,-22.130366301958393],[-72.4313120836005,-22.130363207701038],[-72.43131184292633,-22.130362958482195],[-72.43130885303084,-22.130359915942336],[-72.43130860582791,-22.130359668745818],[-72.43130556328812,-22.13035667885019],[-72.4313053095727,-22.130356433846302],[-72.43130221531548,-22.130353497505656],[-72.43130195511237,-22.13035325486837],[-72.43129881008016,-22.130350372977233],[-72.43129854342442,-22.130350132885198],[-72.43129534857535,-22.130347306321323],[-72.43129507550982,-22.130347068954777],[-72.43129183181698,-22.1303442985792],[-72.43129155239599,-22.130344064122664],[-72.43128826084751,-22.130341350779272],[-72.4312879751346,-22.13034111941885],[-72.43128463673308,-22.130338463934144],[-72.4312843448026,-22.130338235858193],[-72.4312809605649,-22.130335639041075],[-72.43128066250225,-22.130335414439642],[-72.43127723345933,-22.1303328770811],[-72.43127692936004,-22.130332656144738],[-72.43127345655635,-22.130330179017687],[-72.43127314652773,-22.130329961937797],[-72.43126963102115,-22.130327545796803],[-72.43126931518162,-22.130327332764626],[-72.43126575804303,-22.13032497834567],[-72.43126543652218,-22.13032476955163],[-72.43126183883507,-22.130322477571895],[-72.43126151177366,-22.13032227320504],[-72.43125787463393,-22.130320044362648],[-72.43125754218437,-22.130319844610412],[-72.43125386669999,-22.130317679584333],[-72.43125352902543,-22.130317484631195],[-72.43124981631591,-22.130315384080895],[-72.43124947359092,-22.130315194108427],[-72.43124572478719,-22.13031315867374],[-72.43124537719673,-22.13031297385947],[-72.43124159344079,-22.130311004160443],[-72.4312412411804,-22.130310824677434],[-72.43123742362474,-22.13030892131408],[-72.43123706690047,-22.13030874733036],[-72.43123321670794,-22.130306910882386],[-72.43123285573502,-22.130306742560048],[-72.4312289740785,-22.1303049735869],[-72.4312286090817,-22.13030481108168],[-72.43122469714352,-22.130303110122217],[-72.43122432835659,-22.130302953583044],[-72.43122038732838,-22.130301321155372],[-72.43122001499302,-22.130301170723435],[-72.43121604607526,-22.13029960732479],[-72.4312156704405,-22.13029946313318],[-72.43121167484217,-22.13029796923982],[-72.431211296164,-22.130297831413046],[-72.43120727510218,-22.130296407480042],[-72.43120689364339,-22.13029627613379],[-72.43120284834292,-22.13029492259482],[-72.43120246437081,-22.130294797835],[-72.431198396064,-22.130293515102398],[-72.43119800985045,-22.13029339702511],[-72.43119391977646,-22.130292185489647],[-72.43119353159805,-22.13029207418107],[-72.4311894210028,-22.130290934211754],[-72.43118903113809,-22.130290829747363],[-72.4311849012737,-22.13028976169145],[-72.43118451000382,-22.130289664136196],[-72.43118036212829,-22.130288668319018],[-72.43117996973537,-22.130288577727033],[-72.43117580511215,-22.130287654451912],[-72.4311754118786,-22.130287570866354],[-72.43117123177633,-22.13028672041458],[-72.43117083798424,-22.130286643867727],[-72.43116664367614,-22.130285866498312],[-72.43116624960616,-22.130285797011503],[-72.43116204236992,-22.130285092961255],[-72.4311616483004,-22.13028503054491],[-72.43115742941764,-22.130284400028295],[-72.43115703562377,-22.13028434468209],[-72.43115280637947,-22.130283787891177],[-72.4311524131331,-22.1302837396043],[-72.43114817481556,-22.130283256708683],[-72.43114778238383,-22.13028321545996],[-72.43114353628411,-22.130282806606672],[-72.43114314492819,-22.130282772364808],[-72.43113889233972,-22.13028243767849],[-72.43113850231587,-22.130282410402508],[-72.43113424453404,-22.13028214998505],[-72.43113385609139,-22.1302821296246],[-72.4311295944131,-22.130281943555357],[-72.43112920779386,-22.130281930051133],[-72.43112494351728,-22.130281818386788],[-72.43112455895607,-22.13028181167087],[-72.43112029338013,-22.130281774445425]],[[-72.43112399092315,-22.130314276954188],[-72.43112787304236,-22.130314310832617],[-72.4311317516904,-22.130314412398274],[-72.43113562579883,-22.13031458154516],[-72.43113949430737,-22.13031481815297],[-72.43114335616515,-22.130315122087453],[-72.43114721032993,-22.13031549320101],[-72.43115105576665,-22.13031593133284],[-72.43115489144849,-22.13031643630961],[-72.4311587163569,-22.130317007945703],[-72.4311625294806,-22.130317646043423],[-72.43116632981449,-22.13031835039336],[-72.43117011636078,-22.130319120774587],[-72.43117388812786,-22.13031995695489],[-72.43117764412888,-22.130320858690627],[-72.43118138338322,-22.13032182572721],[-72.4311851049144,-22.130322857798816],[-72.43118880775054,-22.130323954628512],[-72.43119249092314,-22.13032511592806],[-72.43119615346717,-22.130326341397847],[-72.43119979442037,-22.130327630726637],[-72.43120341282298,-22.130328983591635],[-72.43120700771748,-22.13033039965791],[-72.43121057814689,-22.130331878577888],[-72.4312141231571,-22.130333419991867],[-72.43121764179341,-22.130335023526516],[-72.43122113310348,-22.13033668879569],[-72.43122459613416,-22.130338415398807],[-72.43122802993302,-22.13034020292107],[-72.43123143354914,-22.130342050933546],[-72.43123480603029,-22.130343958991272],[-72.43123814642527,-22.13034592663403],[-72.43124145378385,-22.130347953385687],[-72.43124472715536,-22.130350038753082],[-72.43124796559086,-22.130352182226545],[-72.43125116814208,-22.13035438327874],[-72.43125433386174,-22.130356641364404],[-72.43125746180549,-22.13035895592083],[-72.43126055102935,-22.13036132636544],[-72.43126360059388,-22.130363752098383],[-72.43126660956113,-22.130366232499394],[-72.4312695769981,-22.130368766929816],[-72.43127250197502,-22.130371354730666],[-72.4312753835679,-22.130373995223813],[-72.43127822085663,-22.13037668771019],[-72.43128101292979,-22.130379431472708],[-72.4312837588806,-22.130382225772458],[-72.43128645780968,-22.130385069850167],[-72.431289108828,-22.130387962929014],[-72.43129171105272,-22.13039090420894],[-72.43129426361324,-22.13039389287326],[-72.43129676564608,-22.130396928081833],[-72.4312992163023,-22.130400008978974],[-72.43130161474183,-22.130403134686233],[-72.43130396013802,-22.13040630430737],[-72.43130625167828,-22.13040951692842],[-72.43130848856171,-22.130412771614107],[-72.43131067000323,-22.130416067412874],[-72.43131279523271,-22.130419403355127],[-72.43131486349486,-22.13042277845244],[-72.43131687405172,-22.130426191700884],[-72.4313188261808,-22.13042964207762],[-72.43132071917812,-22.130433128545317],[-72.43132255235732,-22.13043665005018],[-72.4313243250501,-22.130440205522163],[-72.43132603660764,-22.130443793877646],[-72.43132768639977,-22.130447414016654],[-72.43132927381706,-22.13045106482702],[-72.43133079826967,-22.130454745181726],[-72.4313322591888,-22.130458453941635],[-72.43133365602618,-22.13046218995364],[-72.43133498825563,-22.13046595205433],[-72.4313362553727,-22.13046973906896],[-72.43133745689411,-22.13047354980901],[-72.43133859236025,-22.1304773830796],[-72.43133966133328,-22.130481237672857],[-72.43134066339836,-22.13048511237228],[-72.43134159816437,-22.13048900595432],[-72.43134246526276,-22.130492917184018],[-72.43134326434934,-22.13049684482194],[-72.43134399510328,-22.13050078761911],[-72.43134465722771,-22.130504744320955],[-72.43134525044991,-22.13050871366589],[-72.43134577452162,-22.13051269438859],[-72.43134622921859,-22.130516685216058],[-72.43134661434141,-22.130520684873602],[-72.431346929715,-22.130524692079884],[-72.43134717518905,-22.130528705551757],[-72.43134735063795,-22.130532724002133],[-72.431347455961,-22.130536746142326],[-72.43134749108219,-22.130540770680852],[-72.43134745595053,-22.130544796325985],[-72.43134735053977,-22.1305488217836],[-72.43134717484874,-22.13055284575981],[-72.43134692890106,-22.130556866961392],[-72.43134661274539,-22.13056088409477],[-72.43134622645516,-22.130564895867867],[-72.43134577012866,-22.130568900990077],[-72.43134524388901,-22.130572898173646],[-72.43134464788425,-22.130576886131823],[-72.43134398228686,-22.130580863582242],[-72.43134324729421,-22.13058482924527],[-72.43134244312813,-22.130588781845738],[-72.43134157003483,-22.130592720113064],[-72.43134062828521,-22.130596642780716],[-72.43133961817412,-22.13060054858862],[-72.43133854002087,-22.1306044362822],[-72.43133739416841,-22.130608304613663],[-72.43133618098433,-22.13061215234072],[-72.4313349008592,-22.130615978230015],[-72.43133355420795,-22.13061978105455],[-72.4313321414684,-22.13062355959688],[-72.43133066310214,-22.130627312647185],[-72.43132911959384,-22.130631039004722],[-72.43132751145095,-22.13063473747916],[-72.43132583920372,-22.130638406889872],[-72.43132410340532,-22.13064204606597],[-72.4313223046313,-22.13064565384758],[-72.4313204434785,-22.130649229088032],[-72.43131852056733,-22.130652770649025],[-72.43131653653822,-22.130656277407823],[-72.43131449205404,-22.130659748252477],[-72.43131238779908,-22.13066318208377],[-72.43131022447763,-22.13066657781753],[-72.43130800281583,-22.13066993438171],[-72.43130572355899,-22.130673250720417],[-72.43130338747343,-22.13067652579091],[-72.43130099534507,-22.130679758566302],[-72.43129854797932,-22.13068294803486],[-72.43129604620026,-22.13068609320165],[-72.43129349085143,-22.13068919308717],[-72.43129088279514,-22.13069224672822],[-72.43128822290983,-22.130695253181123],[-72.43128551209428,-22.130698211516684],[-72.43128275126301,-22.130701120825382],[-72.43127994134811,-22.1307039802151],[-72.43127708329692,-22.130706788813786],[-72.43127417807517,-22.130709545765875],[-72.43127122666209,-22.130712250237295],[-72.43126823005284,-22.130714901412812],[-72.43126518925762,-22.130717498496896],[-72.43126210530046,-22.130720040714607],[-72.4312589792189,-22.130722527311793],[-72.43125581206374,-22.130724957555074],[-72.43125260489957,-22.130727330731364],[-72.43124935880063,-22.13072964615089],[-72.4312460748553,-22.130731903143683],[-72.43124275416098,-22.13073410106297],[-72.43123939782669,-22.130736239283404],[-72.43123600697037,-22.130738317202514],[-72.43123258271916,-22.13074033424031],[-72.43122912620933,-22.1307422898392],[-72.43122563858405,-22.130744183464923],[-72.43122212099411,-22.130746014606036],[-72.43121857459694,-22.13074778277415],[-72.43121500055554,-22.13074948750417],[-72.4312114000378,-22.130751128354355],[-72.43120777421619,-22.130752704906154],[-72.43120412426741,-22.130754216764185],[-72.43120045136956,-22.130755663556812],[-72.431196756705,-22.13075704493501],[-72.43119304145594,-22.13075836057344],[-72.43118930680649,-22.1307596101694],[-72.4311855539398,-22.13076079344341],[-72.43118178403991,-22.130761910138357],[-72.43117799828738,-22.13076296002016],[-72.43117419786338,-22.130763942876346],[-72.43117038394415,-22.130764858517075],[-72.4311665577038,-22.130765706773854],[-72.43116272031213,-22.13076648749974],[-72.43115887293493,-22.13076720056864],[-72.43115501673142,-22.130767845875514],[-72.43115115285697,-22.130768423335123],[-72.43114728245943,-22.130768932882365],[-72.43114340668083,-22.13076937447122],[-72.43113952665549,-22.130769748074908],[-72.43113564351066,-22.13077005368473],[-72.43113175836564,-22.130770291310107],[-72.43112787233191,-22.13077046097769],[-72.43112398651185,-22.13077056273115],[-72.43112010200046,-22.130770596630466],[-72.43111621988321,-22.130770562751426],[-72.43111234123734,-22.130770461185207],[-72.43110846713168,-22.13077029203777],[-72.43110459862504,-22.13077005542945],[-72.43110073676914,-22.1307697514945],[-72.43109688260698,-22.130769380380574],[-72.43109303717299,-22.13076894224838],[-72.43108920149287,-22.130768437271165],[-72.43108537658676,-22.130767865634816],[-72.43108156346553,-22.130767227536836],[-72.4310777631336,-22.130766523186598],[-72.43107397658937,-22.13076575280516],[-72.43107020482486,-22.130764916624766],[-72.43106644882558,-22.130764014888804],[-72.43106270957352,-22.130763047852128],[-72.43105898804424,-22.13076201578038],[-72.43105528521002,-22.130760918950607],[-72.43105160203913,-22.130759757650964],[-72.43104793949693,-22.130758532181133],[-72.43104429854537,-22.13075724285226],[-72.43104068014426,-22.130755889987203],[-72.43103708525169,-22.13075447392106],[-72.43103351482361,-22.130752995001025],[-72.43102996981487,-22.130751453586996],[-72.43102645117972,-22.130749850052254],[-72.43102295987079,-22.130748184783013],[-72.43101949684142,-22.13074645817999],[-72.4310160630434,-22.130744670657595],[-72.43101265942816,-22.130742822645],[-72.4310092869483,-22.13074091458742],[-72.43100594655388,-22.13073894694444],[-72.43100263919582,-22.130736920192533],[-72.43099936582526,-22.130734834825248],[-72.43099612739007,-22.13073269135151],[-72.43099292483926,-22.130730490299072],[-72.43098975911975,-22.13072823221304],[-72.4309866311767,-22.13072591765671],[-72.43098354195301,-22.130723547211833],[-72.43098049238878,-22.130721121478697],[-72.43097748342129,-22.130718641077102],[-72.43097451598462,-22.130716106646613],[-72.43097159100778,-22.13071351884549],[-72.43096870941515,-22.130710878352193],[-72.4309658721258,-22.130708185865004],[-72.43096308005282,-22.130705442102403],[-72.43096033410187,-22.130702647802373],[-72.43095763517222,-22.13069980372385],[-72.43095498415386,-22.130696910644904],[-72.4309523819286,-22.130693969364245],[-72.4309498293683,-22.130690980700116],[-72.43094732733462,-22.130687945490575],[-72.43094487667821,-22.130684864593196],[-72.43094247823848,-22.130681738885713],[-72.43094013284153,-22.130678569263754],[-72.43093784130122,-22.130675356642794],[-72.43093560441706,-22.130672101956232],[-72.43093342297517,-22.130668806157228],[-72.43093129774512,-22.130665470214467],[-72.43092922948237,-22.130662095116627],[-72.4309272189254,-22.130658681868457],[-72.43092526679582,-22.13065523149138],[-72.43092337379761,-22.13065174502267],[-72.43092154061806,-22.130648223517856],[-72.43091976792465,-22.130644668045402],[-72.43091805636672,-22.13064107969003],[-72.43091640657389,-22.130637459550496],[-72.43091481915617,-22.130633808740264],[-72.43091329470285,-22.130630128385015],[-72.43091183378343,-22.13062641962556],[-72.43091043694534,-22.130622683613137],[-72.43090910471516,-22.130618921512045],[-72.43090783759766,-22.13061513449795],[-72.43090663607545,-22.130611323757247],[-72.4309055006088,-22.13060749048711],[-72.43090443163524,-22.130603635894058],[-72.43090342956944,-22.13059976119443],[-72.43090249480291,-22.13059586761297],[-72.43090162770382,-22.13059195638332],[-72.43090082861652,-22.130588028745485],[-72.43090009786202,-22.130584085949152],[-72.43089943573686,-22.130580129247228],[-72.4308988425139,-22.13057615990244],[-72.43089831844156,-22.130572179180643],[-72.43089786374378,-22.130568188352875],[-72.43089747862027,-22.13056418869639],[-72.43089716324594,-22.130560181490605],[-72.43089691777111,-22.13055616801884],[-72.43089674232141,-22.13055214956949],[-72.43089663699756,-22.13054812742981],[-72.4308966018755,-22.130544102891534],[-72.43089663700637,-22.13054007724771],[-72.43089674241624,-22.13053605179044],[-72.4308969181064,-22.13053202781465],[-72.43089716405314,-22.13052800661437],[-72.43089748020785,-22.130523989481823],[-72.43089786649719,-22.13051997770925],[-72.43089832282266,-22.130515972588082],[-72.43089884906134,-22.130511975405067],[-72.4308994450651,-22.130507987447967],[-72.4309001106614,-22.130504009998607],[-72.43090084565304,-22.130500044336383],[-72.43090164981804,-22.13049609173673],[-72.4309025229102,-22.130492153470463],[-72.4309034646587,-22.13048823080372],[-72.43090447476861,-22.130484324996843],[-72.4309055529209,-22.13048043730363],[-72.43090669877189,-22.130476568974053],[-72.43090791195506,-22.130472721247198],[-72.43090919207874,-22.13046889535942],[-72.43091053872891,-22.13046509253547],[-72.43091195146712,-22.13046131399424],[-72.4309134298319,-22.130457560945466],[-72.43091497333924,-22.130453834587996],[-72.43091658148063,-22.130450136114973],[-72.43091825372652,-22.13044646670533],[-72.43091998952357,-22.1304428275302],[-72.43092178829662,-22.130439219748766],[-72.43092364944759,-22.130435644510065],[-72.4309255723579,-22.130432102949083],[-72.43092755638543,-22.130428596191535],[-72.430929600868,-22.130425125348175],[-72.43093170512196,-22.13042169151704],[-72.43093386844181,-22.130418295784445],[-72.43093609010272,-22.130414939220238],[-72.43093836935782,-22.130411622882825],[-72.4309407054419,-22.130408347813123],[-72.43094309756908,-22.13040511503818],[-72.4309455449335,-22.130401925570265],[-72.43094804671132,-22.130398780403915],[-72.43095060205863,-22.130395680519225],[-72.430953210114,-22.130392626878233],[-72.43095586999793,-22.130389620425856],[-72.43095858081224,-22.130386662090686],[-72.4309613416421,-22.130383752782606],[-72.43096415155615,-22.13038089339285],[-72.43096700960605,-22.130378084794582],[-72.43096991482669,-22.130375327842753],[-72.43097286623883,-22.130372623371372],[-72.43097586284682,-22.130369972196185],[-72.43097890364116,-22.130367375112094],[-72.43098198759769,-22.13036483289415],[-72.43098511367823,-22.130362346297055],[-72.43098828083237,-22.13035991605388],[-72.43099148799625,-22.13035754287706],[-72.43099473409424,-22.130355227457553],[-72.43099801803896,-22.130352970464518],[-72.43100133873267,-22.130350772544993],[-72.43100469506652,-22.130348634324196],[-72.43100808592237,-22.13034655640475],[-72.43101151017316,-22.130344539366607],[-72.43101496668287,-22.13034258376715],[-72.43101845430829,-22.130340690140752],[-72.43102197189765,-22.13033885899932],[-72.43102551829507,-22.13033709083054],[-72.43102909233642,-22.130335386099958],[-72.43103269285444,-22.130333745249082],[-72.43103631867619,-22.13033216869662],[-72.43103996862548,-22.130330656837838],[-72.4310436415235,-22.130329210044565],[-72.43104733618878,-22.130327828665543],[-72.43105105143864,-22.130326513026272],[-72.43105478608881,-22.13032526342953],[-72.43105853895621,-22.130324080154697],[-72.43106230885712,-22.130322963458884],[-72.43106609461067,-22.130321913576225],[-72.4310698950358,-22.130320930719208],[-72.43107370895628,-22.130320015077626],[-72.43107753519766,-22.130319166820044],[-72.43108137259091,-22.130318386093272],[-72.43108521996982,-22.13031767302346],[-72.43108907617471,-22.130317027715765],[-72.43109294005087,-22.130316450255318],[-72.43109681044996,-22.13031594070733],[-72.43110068623051,-22.130315499117614],[-72.43110456625782,-22.130315125513174],[-72.43110844940445,-22.13031481990262],[-72.43111233455136,-22.130314582276544],[-72.43111622058751,-22.13031441260825],[-72.43112010640937,-22.130314310854125],[-72.43112399092315,-22.130314276954188]]]]}},{"type":"Feature","properties":{"id":"street_flordclif_hav_marketpassage","group":null,"name":"Market Passage","settlement_id":"settlement_flordclif","country_id":"country_hav","district_id":null,"status":"active","surface":"paved","access":"public","bridge":null,"tunnel":null,"oneway":null,"route_id":null,"alt_name":null,"notes":null},"geometry":{"type":"MultiPolygon","coordinates":[[[[-72.4563062079243,-22.064206637520822],[-72.4562700194515,-22.064193806286294],[-72.4312033542454,-22.130312743595496],[-72.43123956129037,-22.130325567175124],[-72.4563062079243,-22.064206637520822]]]]}},{"type":"Feature","properties":{"id":"street_dotap_ronobetu_beachpassage","group":null,"name":"Beach Passage","settlement_id":"settlement_dotap","country_id":"country_ronobetu","district_id":null,"status":"active","surface":"paved","access":"public","bridge":null,"tunnel":null,"oneway":null,"route_id":null,"alt_name":null,"notes":null},"geometry":{"type":"MultiPolygon","coordinates":[[[[-63.036814912347474,7.668033362342824],[-63.039900453016806,7.680351578863094],[-63.03998965085917,7.680599077743953],[-63.04167570503208,7.685217834959393],[-63.046097950981576,7.69712238199213],[-63.04789231663946,7.701718222555442],[-63.04887223469391,7.701347143737442],[-63.04888607870429,7.701378671191895],[-63.04788873047702,7.701756350667583],[-63.0478852413125,7.701757300594748],[-63.04788161346571,7.701757575313712],[-63.04787799349609,7.701757163726231],[-63.04787452764484,7.701756082459777],[-63.04787135592701,7.701754375195819],[-63.047868606475156,7.701752110905196],[-63.047866390362856,7.701749381061743],[-63.0478647971177,7.701746295946934],[-63.046063878879394,7.697133673193597],[-63.04606378236491,7.697133419838955],[-63.041641473010706,7.685228701184349],[-63.041641441287915,7.685228615037051],[-63.03995535979661,7.68060978259908],[-63.03995533692884,7.680609719551848],[-63.03986584938174,7.680361416797781],[-63.03986537237107,7.680359851503974],[-63.036779605334736,7.668040729106371],[-63.03677955122709,7.66804050637171],[-63.02916167114705,7.635664861750129],[-63.0291970579797,7.635657833663346],[-63.036814912347474,7.668033362342824]]]]}}]}